backend,repeat,iter,latency_ms,source
pytorch_checkpoint,0,0,6.8868190010107355,in_process
pytorch_checkpoint,0,1,0.730167999790865,in_process
pytorch_checkpoint,0,2,0.6518720001622569,in_process
pytorch_checkpoint,0,3,0.6573219998244895,in_process
pytorch_checkpoint,0,4,0.6289950015343493,in_process
pytorch_checkpoint,0,5,0.7939070001157233,in_process
pytorch_checkpoint,0,6,0.5923179996898398,in_process
pytorch_checkpoint,0,7,0.5780280007456895,in_process
pytorch_checkpoint,0,8,0.5839779987582006,in_process
pytorch_checkpoint,0,9,0.62981100018078,in_process
pytorch_checkpoint,0,10,0.5996680010866839,in_process
pytorch_checkpoint,0,11,0.5837120006617624,in_process
pytorch_checkpoint,0,12,0.5661790000885958,in_process
pytorch_checkpoint,0,13,0.554461001229356,in_process
pytorch_checkpoint,0,14,0.5795090000901837,in_process
pytorch_checkpoint,0,15,0.6123259990999941,in_process
pytorch_checkpoint,0,16,0.6646660003752913,in_process
pytorch_checkpoint,0,17,0.5691530004696688,in_process
pytorch_checkpoint,0,18,0.5643069998768624,in_process
pytorch_checkpoint,0,19,0.603921000219998,in_process
pytorch_checkpoint,0,20,0.5836519994772971,in_process
pytorch_checkpoint,0,21,0.5631250005535549,in_process
pytorch_checkpoint,0,22,0.5574299993895693,in_process
pytorch_checkpoint,0,23,0.5562290007219417,in_process
pytorch_checkpoint,0,24,0.6140370005596196,in_process
pytorch_checkpoint,0,25,0.5987020012980793,in_process
pytorch_checkpoint,0,26,0.5951110015303129,in_process
pytorch_checkpoint,0,27,0.6147809999674791,in_process
pytorch_checkpoint,0,28,0.6662599989795126,in_process
pytorch_checkpoint,0,29,0.5659250000462634,in_process
pytorch_checkpoint,0,30,0.5995390001771739,in_process
pytorch_checkpoint,0,31,0.5807599991385359,in_process
pytorch_checkpoint,0,32,0.6118340006651124,in_process
pytorch_checkpoint,0,33,0.6068309994589072,in_process
pytorch_checkpoint,0,34,0.9480539993091952,in_process
pytorch_checkpoint,0,35,0.6545559990627225,in_process
pytorch_checkpoint,0,36,0.6013580004946562,in_process
pytorch_checkpoint,0,37,0.9301460013375618,in_process
pytorch_checkpoint,0,38,0.5859190005139681,in_process
pytorch_checkpoint,0,39,0.5525020005734405,in_process
pytorch_checkpoint,0,40,0.5736610000894871,in_process
pytorch_checkpoint,0,41,0.5954570005997084,in_process
pytorch_checkpoint,0,42,0.6305850001808722,in_process
pytorch_checkpoint,0,43,0.5629639999824576,in_process
pytorch_checkpoint,0,44,0.614997999946354,in_process
pytorch_checkpoint,0,45,0.5653509997500805,in_process
pytorch_checkpoint,0,46,0.5861839999852236,in_process
pytorch_checkpoint,0,47,0.5997019998176256,in_process
pytorch_checkpoint,0,48,0.6008760010445258,in_process
pytorch_checkpoint,0,49,0.5747989998781122,in_process
pytorch_checkpoint,0,50,0.556469000002835,in_process
pytorch_checkpoint,0,51,0.536237001142581,in_process
pytorch_checkpoint,0,52,0.5658710015268298,in_process
pytorch_checkpoint,0,53,0.559879999855184,in_process
pytorch_checkpoint,0,54,0.5470359992614249,in_process
pytorch_checkpoint,0,55,0.5469840016303351,in_process
pytorch_checkpoint,0,56,0.5626399997709086,in_process
pytorch_checkpoint,0,57,0.5674440017173765,in_process
pytorch_checkpoint,0,58,0.5546470001718262,in_process
pytorch_checkpoint,0,59,0.5767959992226679,in_process
pytorch_checkpoint,0,60,0.5718819993489888,in_process
pytorch_checkpoint,0,61,0.5824339987157146,in_process
pytorch_checkpoint,0,62,0.56889600091381,in_process
pytorch_checkpoint,0,63,0.5547469991142862,in_process
pytorch_checkpoint,0,64,0.5577289994107559,in_process
pytorch_checkpoint,0,65,0.5699050016119145,in_process
pytorch_checkpoint,0,66,0.5546140000660671,in_process
pytorch_checkpoint,0,67,0.5626019992632791,in_process
pytorch_checkpoint,0,68,0.5534230003831908,in_process
pytorch_checkpoint,0,69,0.7959110007504933,in_process
pytorch_checkpoint,0,70,0.5735779996030033,in_process
pytorch_checkpoint,0,71,0.6057640002836706,in_process
pytorch_checkpoint,0,72,0.546326999028679,in_process
pytorch_checkpoint,0,73,0.5458710002130829,in_process
pytorch_checkpoint,0,74,0.5526790009753313,in_process
pytorch_checkpoint,0,75,0.5676050004694844,in_process
pytorch_checkpoint,0,76,0.5668750000040745,in_process
pytorch_checkpoint,0,77,0.5575480008701561,in_process
pytorch_checkpoint,0,78,0.5484289995365543,in_process
pytorch_checkpoint,0,79,0.5802139985462418,in_process
pytorch_checkpoint,0,80,0.5859829998371424,in_process
pytorch_checkpoint,0,81,0.594767001530272,in_process
pytorch_checkpoint,0,82,0.5685360010829754,in_process
pytorch_checkpoint,0,83,0.5563020004046848,in_process
pytorch_checkpoint,0,84,0.5469070001709042,in_process
pytorch_checkpoint,0,85,0.5659590005961945,in_process
pytorch_checkpoint,0,86,0.5886990002181847,in_process
pytorch_checkpoint,0,87,0.5724109996663174,in_process
pytorch_checkpoint,0,88,0.5448060001072008,in_process
pytorch_checkpoint,0,89,0.5544289997487795,in_process
pytorch_checkpoint,0,90,0.5758400002378039,in_process
pytorch_checkpoint,0,91,0.6411080012185266,in_process
pytorch_checkpoint,0,92,0.5867790005140705,in_process
pytorch_checkpoint,0,93,0.5624280001939042,in_process
pytorch_checkpoint,0,94,0.551089000509819,in_process
pytorch_checkpoint,0,95,0.556469000002835,in_process
pytorch_checkpoint,0,96,0.5876859995623818,in_process
pytorch_checkpoint,0,97,0.5607849998341408,in_process
pytorch_checkpoint,0,98,0.5258220007817727,in_process
pytorch_checkpoint,0,99,0.5381430000852561,in_process
pytorch_checkpoint,0,100,0.5646339996019378,in_process
pytorch_checkpoint,0,101,0.5977069995424245,in_process
pytorch_checkpoint,0,102,0.5712580004910706,in_process
pytorch_checkpoint,0,103,0.5631759995594621,in_process
pytorch_checkpoint,0,104,0.5370889994082972,in_process
pytorch_checkpoint,0,105,0.5500650004250929,in_process
pytorch_checkpoint,0,106,0.585312000112026,in_process
pytorch_checkpoint,0,107,0.5643059994326904,in_process
pytorch_checkpoint,0,108,0.5297909992805216,in_process
pytorch_checkpoint,0,109,0.541100998816546,in_process
pytorch_checkpoint,0,110,0.591109999731998,in_process
pytorch_checkpoint,0,111,0.6184609992487822,in_process
pytorch_checkpoint,0,112,0.6192180007928982,in_process
pytorch_checkpoint,0,113,0.5792779993498698,in_process
pytorch_checkpoint,0,114,0.5387069995776983,in_process
pytorch_checkpoint,0,115,0.6631070009461837,in_process
pytorch_checkpoint,0,116,0.5692169997928431,in_process
pytorch_checkpoint,0,117,0.5708400003641145,in_process
pytorch_checkpoint,0,118,0.579572999413358,in_process
pytorch_checkpoint,0,119,0.5797039993922226,in_process
pytorch_checkpoint,0,120,0.5574810002144659,in_process
pytorch_checkpoint,0,121,0.5553299997700378,in_process
pytorch_checkpoint,0,122,0.589601000683615,in_process
pytorch_checkpoint,0,123,0.5950819995632628,in_process
pytorch_checkpoint,0,124,0.582835999011877,in_process
pytorch_checkpoint,0,125,0.5947380013822112,in_process
pytorch_checkpoint,0,126,0.5566939998971066,in_process
pytorch_checkpoint,0,127,0.5453609992400743,in_process
pytorch_checkpoint,0,128,0.5658339996443829,in_process
pytorch_checkpoint,0,129,0.5701409991161199,in_process
pytorch_checkpoint,0,130,0.5625989997497527,in_process
pytorch_checkpoint,0,131,0.5435620005300734,in_process
pytorch_checkpoint,0,132,0.5511549989023479,in_process
pytorch_checkpoint,0,133,0.5634099998133024,in_process
pytorch_checkpoint,0,134,0.5657689998770365,in_process
pytorch_checkpoint,0,135,0.5874729995412054,in_process
pytorch_checkpoint,0,136,0.568363000638783,in_process
pytorch_checkpoint,0,137,0.5599510004685726,in_process
pytorch_checkpoint,0,138,0.5681999991793418,in_process
pytorch_checkpoint,0,139,0.5834219991811551,in_process
pytorch_checkpoint,0,140,0.5996820000291336,in_process
pytorch_checkpoint,0,141,0.5720999997720355,in_process
pytorch_checkpoint,0,142,0.5629619990941137,in_process
pytorch_checkpoint,0,143,0.5802929990750272,in_process
pytorch_checkpoint,0,144,0.5828550001751864,in_process
pytorch_checkpoint,0,145,0.5725109986087773,in_process
pytorch_checkpoint,0,146,0.5719159998989198,in_process
pytorch_checkpoint,0,147,0.5606369995803107,in_process
pytorch_checkpoint,0,148,0.5628460003208602,in_process
pytorch_checkpoint,0,149,0.5639810005959589,in_process
pytorch_checkpoint,0,150,0.581098000111524,in_process
pytorch_checkpoint,0,151,0.5699030007235706,in_process
pytorch_checkpoint,0,152,0.5733800007874379,in_process
pytorch_checkpoint,0,153,0.5637519989249995,in_process
pytorch_checkpoint,0,154,0.5500999996002065,in_process
pytorch_checkpoint,0,155,0.5685870000888826,in_process
pytorch_checkpoint,0,156,8.111098000881611,in_process
pytorch_checkpoint,0,157,0.7406739987345645,in_process
pytorch_checkpoint,0,158,0.8729250002943445,in_process
pytorch_checkpoint,0,159,0.692150000759284,in_process
pytorch_checkpoint,0,160,0.6436789990402758,in_process
pytorch_checkpoint,0,161,0.6271479996939888,in_process
pytorch_checkpoint,0,162,0.6261979997361777,in_process
pytorch_checkpoint,0,163,0.6161639994388679,in_process
pytorch_checkpoint,0,164,0.5775549998361384,in_process
pytorch_checkpoint,0,165,0.6162270001368597,in_process
pytorch_checkpoint,0,166,0.5660950009769294,in_process
pytorch_checkpoint,0,167,0.5449500004033325,in_process
pytorch_checkpoint,0,168,0.5797559988423018,in_process
pytorch_checkpoint,0,169,0.570535001315875,in_process
pytorch_checkpoint,0,170,0.5666399993060622,in_process
pytorch_checkpoint,0,171,0.5617850001726765,in_process
pytorch_checkpoint,0,172,0.5491080009960569,in_process
pytorch_checkpoint,0,173,0.5895150006836047,in_process
pytorch_checkpoint,0,174,0.5935190001764568,in_process
pytorch_checkpoint,0,175,0.5698579989257269,in_process
pytorch_checkpoint,0,176,0.5825979988003382,in_process
pytorch_checkpoint,0,177,0.5475969992403407,in_process
pytorch_checkpoint,0,178,0.5664790005539544,in_process
pytorch_checkpoint,0,179,0.5657429992425023,in_process
pytorch_checkpoint,0,180,0.6089640010031871,in_process
pytorch_checkpoint,0,181,0.5731540004489943,in_process
pytorch_checkpoint,0,182,0.5473979999806033,in_process
pytorch_checkpoint,0,183,0.5625000012514647,in_process
pytorch_checkpoint,0,184,0.5676450000464683,in_process
pytorch_checkpoint,0,185,0.8264909993158653,in_process
pytorch_checkpoint,0,186,0.5784120003227144,in_process
pytorch_checkpoint,0,187,0.6002840000292053,in_process
pytorch_checkpoint,0,188,0.5683529998350423,in_process
pytorch_checkpoint,0,189,0.5342719996406231,in_process
pytorch_checkpoint,0,190,0.5508890008059097,in_process
pytorch_checkpoint,0,191,0.5593800015049055,in_process
pytorch_checkpoint,0,192,0.5917779999435879,in_process
pytorch_checkpoint,0,193,0.5644840002787532,in_process
pytorch_checkpoint,0,194,0.5522279989236267,in_process
pytorch_checkpoint,0,195,0.5579849985224428,in_process
pytorch_checkpoint,0,196,0.5768290011474164,in_process
pytorch_checkpoint,0,197,0.6230060007510474,in_process
pytorch_checkpoint,0,198,0.5922519994783215,in_process
pytorch_checkpoint,0,199,0.558028001250932,in_process
pytorch_checkpoint,0,200,0.5396060005296022,in_process
pytorch_checkpoint,0,201,0.5561210000450956,in_process
pytorch_checkpoint,0,202,0.5949890000920277,in_process
pytorch_checkpoint,0,203,0.578274000872625,in_process
pytorch_checkpoint,0,204,0.5487629987328546,in_process
pytorch_checkpoint,0,205,0.548268999409629,in_process
pytorch_checkpoint,0,206,0.565026000913349,in_process
pytorch_checkpoint,0,207,0.6141600006230874,in_process
pytorch_checkpoint,0,208,0.5872010005987249,in_process
pytorch_checkpoint,0,209,0.5804639986308757,in_process
pytorch_checkpoint,0,210,0.5546570009755669,in_process
pytorch_checkpoint,0,211,0.5530390008061659,in_process
pytorch_checkpoint,0,212,0.5659760008711601,in_process
pytorch_checkpoint,0,213,0.5697790002159309,in_process
pytorch_checkpoint,0,214,0.5659749986079987,in_process
pytorch_checkpoint,0,215,0.5551350004679989,in_process
pytorch_checkpoint,0,216,0.5573420003202045,in_process
pytorch_checkpoint,0,217,0.5710610003006877,in_process
pytorch_checkpoint,0,218,0.5604460002359701,in_process
pytorch_checkpoint,0,219,0.5904499994358048,in_process
pytorch_checkpoint,0,220,0.557380000827834,in_process
pytorch_checkpoint,0,221,0.5810810016555479,in_process
pytorch_checkpoint,0,222,0.5652279996866127,in_process
pytorch_checkpoint,0,223,0.5561920006584842,in_process
pytorch_checkpoint,0,224,0.5610699990938883,in_process
pytorch_checkpoint,0,225,0.5686690001311945,in_process
pytorch_checkpoint,0,226,0.5835459996887948,in_process
pytorch_checkpoint,0,227,0.5713680002372712,in_process
pytorch_checkpoint,0,228,0.5610860007436713,in_process
pytorch_checkpoint,0,229,0.5767550010205014,in_process
pytorch_checkpoint,0,230,0.5544050000025891,in_process
pytorch_checkpoint,0,231,0.6123809998825891,in_process
pytorch_checkpoint,0,232,0.640105999991647,in_process
pytorch_checkpoint,0,233,0.5567290008912096,in_process
pytorch_checkpoint,0,234,0.5571519996010466,in_process
pytorch_checkpoint,0,235,0.5622959997708676,in_process
pytorch_checkpoint,0,236,0.64504100009799,in_process
pytorch_checkpoint,0,237,0.5701600002794294,in_process
pytorch_checkpoint,0,238,0.5523720010387478,in_process
pytorch_checkpoint,0,239,0.5618730010610307,in_process
pytorch_checkpoint,0,240,0.5737660012528067,in_process
pytorch_checkpoint,0,241,0.564301999474992,in_process
pytorch_checkpoint,0,242,0.5650510011037113,in_process
pytorch_checkpoint,0,243,0.5641709994961275,in_process
pytorch_checkpoint,0,244,0.5554210001719184,in_process
pytorch_checkpoint,0,245,0.5510099999810336,in_process
pytorch_checkpoint,0,246,0.5524170010176022,in_process
pytorch_checkpoint,0,247,0.5672250008501578,in_process
pytorch_checkpoint,0,248,0.5696320004062727,in_process
pytorch_checkpoint,0,249,0.5581759996857727,in_process
pytorch_checkpoint,0,250,0.5463529996632133,in_process
pytorch_checkpoint,0,251,0.578772000153549,in_process
pytorch_checkpoint,0,252,0.556961000256706,in_process
pytorch_checkpoint,0,253,0.5801759998576017,in_process
pytorch_checkpoint,0,254,0.5632939992210595,in_process
pytorch_checkpoint,0,255,0.5482200012920657,in_process
pytorch_checkpoint,0,256,0.5545130006794352,in_process
pytorch_checkpoint,0,257,0.5593130008492153,in_process
pytorch_checkpoint,0,258,0.5767050006397767,in_process
pytorch_checkpoint,0,259,0.5547960008698283,in_process
pytorch_checkpoint,0,260,0.5416540006990544,in_process
pytorch_checkpoint,0,261,0.563442001293879,in_process
pytorch_checkpoint,0,262,0.5483919994730968,in_process
pytorch_checkpoint,0,263,0.57002200082934,in_process
pytorch_checkpoint,0,264,0.5688040000677574,in_process
pytorch_checkpoint,0,265,0.5435909988591447,in_process
pytorch_checkpoint,0,266,0.5545370004256256,in_process
pytorch_checkpoint,0,267,0.5446020004455931,in_process
pytorch_checkpoint,0,268,0.5847739994351286,in_process
pytorch_checkpoint,0,269,0.5614019992208341,in_process
pytorch_checkpoint,0,270,0.5390260012063663,in_process
pytorch_checkpoint,0,271,0.5654760007018922,in_process
pytorch_checkpoint,0,272,0.5595220009126933,in_process
pytorch_checkpoint,0,273,0.5791799994767644,in_process
pytorch_checkpoint,0,274,0.567143000807846,in_process
pytorch_checkpoint,0,275,0.5869769993296359,in_process
pytorch_checkpoint,0,276,0.558870000531897,in_process
pytorch_checkpoint,0,277,0.6036680006218376,in_process
pytorch_checkpoint,0,278,0.5608659994322807,in_process
pytorch_checkpoint,0,279,0.600503000896424,in_process
pytorch_checkpoint,0,280,0.6109289988671662,in_process
pytorch_checkpoint,0,281,0.5578670006798347,in_process
pytorch_checkpoint,0,282,0.53974799993739,in_process
pytorch_checkpoint,0,283,0.5710350014851429,in_process
pytorch_checkpoint,0,284,0.5461769997054944,in_process
pytorch_checkpoint,0,285,0.5923080007050885,in_process
pytorch_checkpoint,0,286,0.5637389986077324,in_process
pytorch_checkpoint,0,287,0.5427679989224998,in_process
pytorch_checkpoint,0,288,0.5419569988589501,in_process
pytorch_checkpoint,0,289,0.5544929990719538,in_process
pytorch_checkpoint,0,290,0.5927299989707535,in_process
pytorch_checkpoint,0,291,0.5653820007864852,in_process
pytorch_checkpoint,0,292,0.5414600000221981,in_process
pytorch_checkpoint,0,293,0.5610190000879811,in_process
pytorch_checkpoint,0,294,0.5538670011446811,in_process
pytorch_checkpoint,0,295,0.5712679994758219,in_process
pytorch_checkpoint,0,296,0.5734650003432762,in_process
pytorch_checkpoint,0,297,0.5548950011871057,in_process
pytorch_checkpoint,0,298,0.548877000255743,in_process
pytorch_checkpoint,0,299,0.5685760006599594,in_process
pytorch_checkpoint,0,300,0.5980770001769997,in_process
pytorch_checkpoint,0,301,0.5652449999615783,in_process
pytorch_checkpoint,0,302,0.5593569985649083,in_process
pytorch_checkpoint,0,303,0.5461459986690897,in_process
pytorch_checkpoint,0,304,0.5612540007859934,in_process
pytorch_checkpoint,0,305,0.5596880000666715,in_process
pytorch_checkpoint,0,306,0.5572049994952977,in_process
pytorch_checkpoint,0,307,0.5594239992205985,in_process
pytorch_checkpoint,0,308,6.6866890010715,in_process
pytorch_checkpoint,0,309,0.691064000420738,in_process
pytorch_checkpoint,0,310,0.7924649999040412,in_process
pytorch_checkpoint,0,311,0.6531029994221171,in_process
pytorch_checkpoint,0,312,0.6101489998400211,in_process
pytorch_checkpoint,0,313,0.6154909988254076,in_process
pytorch_checkpoint,0,314,1.002816999971401,in_process
pytorch_checkpoint,0,315,0.6160070006444585,in_process
pytorch_checkpoint,0,316,0.5743159999838099,in_process
pytorch_checkpoint,0,317,0.5645820001518587,in_process
pytorch_checkpoint,0,318,0.6574229992111214,in_process
pytorch_checkpoint,0,319,0.5761800002801465,in_process
pytorch_checkpoint,0,320,0.6278040000324836,in_process
pytorch_checkpoint,0,321,0.6475549998867791,in_process
pytorch_checkpoint,0,322,0.5665709995810175,in_process
pytorch_checkpoint,0,323,0.5527809989871457,in_process
pytorch_checkpoint,0,324,0.5576330004259944,in_process
pytorch_checkpoint,0,325,0.5797710000479128,in_process
pytorch_checkpoint,0,326,0.5639669998345198,in_process
pytorch_checkpoint,0,327,0.5618409995804541,in_process
pytorch_checkpoint,0,328,0.5851999994774815,in_process
pytorch_checkpoint,0,329,0.5600389995379373,in_process
pytorch_checkpoint,0,330,0.5545530002564192,in_process
pytorch_checkpoint,0,331,0.6394100000761682,in_process
pytorch_checkpoint,0,332,0.567828999919584,in_process
pytorch_checkpoint,0,333,0.5777370006398996,in_process
pytorch_checkpoint,0,334,0.5467650007631164,in_process
pytorch_checkpoint,0,335,0.5576160001510289,in_process
pytorch_checkpoint,0,336,0.7848589993955102,in_process
pytorch_checkpoint,0,337,0.5533759995159926,in_process
pytorch_checkpoint,0,338,0.542378000318422,in_process
pytorch_checkpoint,0,339,0.6420399986382108,in_process
pytorch_checkpoint,0,340,0.9540540013404097,in_process
pytorch_checkpoint,0,341,0.5701129994122311,in_process
pytorch_checkpoint,0,342,0.5543059996853117,in_process
pytorch_checkpoint,0,343,0.5965870004729368,in_process
pytorch_checkpoint,0,344,0.5372469986468786,in_process
pytorch_checkpoint,0,345,0.5751970002165763,in_process
pytorch_checkpoint,0,346,0.837714000226697,in_process
pytorch_checkpoint,0,347,0.5495789991982747,in_process
pytorch_checkpoint,0,348,0.5829479996464215,in_process
pytorch_checkpoint,0,349,0.564018999284599,in_process
pytorch_checkpoint,0,350,0.5720789995393716,in_process
pytorch_checkpoint,0,351,0.545524999324698,in_process
pytorch_checkpoint,0,352,0.5573660000663949,in_process
pytorch_checkpoint,0,353,0.5948529997112928,in_process
pytorch_checkpoint,0,354,0.5528120000235504,in_process
pytorch_checkpoint,0,355,0.5495309997058939,in_process
pytorch_checkpoint,0,356,0.5446389986900613,in_process
pytorch_checkpoint,0,357,0.5748870007664664,in_process
pytorch_checkpoint,0,358,0.5793309992441209,in_process
pytorch_checkpoint,0,359,0.5564059993048431,in_process
pytorch_checkpoint,0,360,0.5377300003601704,in_process
pytorch_checkpoint,0,361,0.55097500080592,in_process
pytorch_checkpoint,0,362,0.5648789992847014,in_process
pytorch_checkpoint,0,363,0.5914309986110311,in_process
pytorch_checkpoint,0,364,0.5657469992002007,in_process
pytorch_checkpoint,0,365,0.5461900000227615,in_process
pytorch_checkpoint,0,366,0.548234998859698,in_process
pytorch_checkpoint,0,367,0.5592950001300778,in_process
pytorch_checkpoint,0,368,0.6091199993534246,in_process
pytorch_checkpoint,0,369,0.5667179993906757,in_process
pytorch_checkpoint,0,370,0.5585749986494193,in_process
pytorch_checkpoint,0,371,0.5423239999799989,in_process
pytorch_checkpoint,0,372,0.543120000656927,in_process
pytorch_checkpoint,0,373,0.5787619993498083,in_process
pytorch_checkpoint,0,374,0.5465590002131648,in_process
pytorch_checkpoint,0,375,0.5341209998732666,in_process
pytorch_checkpoint,0,376,0.5391840004449477,in_process
pytorch_checkpoint,0,377,0.5461050004669232,in_process
pytorch_checkpoint,0,378,0.5816190005134558,in_process
pytorch_checkpoint,0,379,0.5516159999388037,in_process
pytorch_checkpoint,0,380,0.5441329994937405,in_process
pytorch_checkpoint,0,381,0.5368389993236633,in_process
pytorch_checkpoint,0,382,0.5396829983510543,in_process
pytorch_checkpoint,0,383,0.5744310001318809,in_process
pytorch_checkpoint,0,384,0.5565939991356572,in_process
pytorch_checkpoint,0,385,0.5344050005078316,in_process
pytorch_checkpoint,0,386,0.5366570003388915,in_process
pytorch_checkpoint,0,387,0.553799000044819,in_process
pytorch_checkpoint,0,388,0.5771550004283199,in_process
pytorch_checkpoint,0,389,0.5676290002156748,in_process
pytorch_checkpoint,0,390,0.5443860009108903,in_process
pytorch_checkpoint,0,391,0.5354500008252217,in_process
pytorch_checkpoint,0,392,0.5546359989239136,in_process
pytorch_checkpoint,0,393,0.5681610000465298,in_process
pytorch_checkpoint,0,394,0.5539960002352018,in_process
pytorch_checkpoint,0,395,0.5921739993937081,in_process
pytorch_checkpoint,0,396,0.5510079990926897,in_process
pytorch_checkpoint,0,397,0.5585510007222183,in_process
pytorch_checkpoint,0,398,0.5803479998576222,in_process
pytorch_checkpoint,0,399,0.5591389999608509,in_process
pytorch_checkpoint,0,400,0.5866490009793779,in_process
pytorch_checkpoint,0,401,0.5451070010167314,in_process
pytorch_checkpoint,0,402,0.5529829995793989,in_process
pytorch_checkpoint,0,403,0.5786110014014412,in_process
pytorch_checkpoint,0,404,0.5587680007010931,in_process
pytorch_checkpoint,0,405,0.5699150005966658,in_process
pytorch_checkpoint,0,406,0.5388370009313803,in_process
pytorch_checkpoint,0,407,0.5433209989860188,in_process
pytorch_checkpoint,0,408,0.5809680005768314,in_process
pytorch_checkpoint,0,409,0.5744019999838201,in_process
pytorch_checkpoint,0,410,0.5959919999440899,in_process
pytorch_checkpoint,0,411,0.5574730002990691,in_process
pytorch_checkpoint,0,412,0.539403999937349,in_process
pytorch_checkpoint,0,413,0.5545969997911016,in_process
pytorch_checkpoint,0,414,0.6176690003485419,in_process
pytorch_checkpoint,0,415,0.5586220013356069,in_process
pytorch_checkpoint,0,416,0.5357789996196516,in_process
pytorch_checkpoint,0,417,0.5379329995776061,in_process
pytorch_checkpoint,0,418,0.568266999835032,in_process
pytorch_checkpoint,0,419,0.5476989990711445,in_process
pytorch_checkpoint,0,420,0.5691579990525497,in_process
pytorch_checkpoint,0,421,0.5671119997714413,in_process
pytorch_checkpoint,0,422,0.5352130010578549,in_process
pytorch_checkpoint,0,423,0.5425609997473657,in_process
pytorch_checkpoint,0,424,0.5556650012294995,in_process
pytorch_checkpoint,0,425,0.548766998690553,in_process
pytorch_checkpoint,0,426,0.5335310015652794,in_process
pytorch_checkpoint,0,427,0.5381009996199282,in_process
pytorch_checkpoint,0,428,0.565158999961568,in_process
pytorch_checkpoint,0,429,0.5604300004051765,in_process
pytorch_checkpoint,0,430,0.5506759989657439,in_process
pytorch_checkpoint,0,431,0.5508319991349708,in_process
pytorch_checkpoint,0,432,0.5594340000243392,in_process
pytorch_checkpoint,0,433,0.5470129999594064,in_process
pytorch_checkpoint,0,434,0.5483349996211473,in_process
pytorch_checkpoint,0,435,0.5616479993477697,in_process
pytorch_checkpoint,0,436,0.5412249993241858,in_process
pytorch_checkpoint,0,437,0.5387820001487853,in_process
pytorch_checkpoint,0,438,0.5613590001303237,in_process
pytorch_checkpoint,0,439,0.5481390016939258,in_process
pytorch_checkpoint,0,440,0.5321879998518853,in_process
pytorch_checkpoint,0,441,0.5364440003177151,in_process
pytorch_checkpoint,0,442,0.553261001186911,in_process
pytorch_checkpoint,0,443,0.5738940017181449,in_process
pytorch_checkpoint,0,444,0.5481499993038597,in_process
pytorch_checkpoint,0,445,0.5455459995573619,in_process
pytorch_checkpoint,0,446,0.5356520014174748,in_process
pytorch_checkpoint,0,447,0.5350259998522233,in_process
pytorch_checkpoint,0,448,0.5736409984820057,in_process
pytorch_checkpoint,0,449,0.5559850014833501,in_process
pytorch_checkpoint,0,450,0.5424489991128212,in_process
pytorch_checkpoint,0,451,0.5388379995565629,in_process
pytorch_checkpoint,0,452,0.5555500010814285,in_process
pytorch_checkpoint,0,453,0.6080839993956033,in_process
pytorch_checkpoint,0,454,0.5705639996449463,in_process
pytorch_checkpoint,0,455,0.5521109997062013,in_process
pytorch_checkpoint,0,456,0.5419490007625427,in_process
pytorch_checkpoint,0,457,0.5490960011229618,in_process
pytorch_checkpoint,0,458,0.5777369988209102,in_process
pytorch_checkpoint,0,459,0.5570699995587347,in_process
pytorch_checkpoint,0,460,6.5612700000201585,in_process
pytorch_checkpoint,0,461,1.0607980002532713,in_process
pytorch_checkpoint,0,462,0.6093889987823786,in_process
pytorch_checkpoint,0,463,0.6106609998823842,in_process
pytorch_checkpoint,0,464,0.7975299995450769,in_process
pytorch_checkpoint,0,465,0.5931110008532414,in_process
pytorch_checkpoint,0,466,0.5837949993292568,in_process
pytorch_checkpoint,0,467,0.570707999941078,in_process
pytorch_checkpoint,0,468,0.5925280001974897,in_process
pytorch_checkpoint,0,469,0.5484510002133902,in_process
pytorch_checkpoint,0,470,0.5501010000443785,in_process
pytorch_checkpoint,0,471,0.5552780003199587,in_process
pytorch_checkpoint,0,472,0.5548490007640794,in_process
pytorch_checkpoint,0,473,0.587178999921889,in_process
pytorch_checkpoint,0,474,0.5917749986110721,in_process
pytorch_checkpoint,0,475,0.5716979994758731,in_process
pytorch_checkpoint,0,476,0.5459270014398498,in_process
pytorch_checkpoint,0,477,0.5462930002977373,in_process
pytorch_checkpoint,0,478,0.5848970013175858,in_process
pytorch_checkpoint,0,479,0.5674680014635669,in_process
pytorch_checkpoint,0,480,0.5493169992405456,in_process
pytorch_checkpoint,0,481,0.5525360011233715,in_process
pytorch_checkpoint,0,482,0.5503490010596579,in_process
pytorch_checkpoint,0,483,0.5780130013590679,in_process
pytorch_checkpoint,0,484,0.5559589990298264,in_process
pytorch_checkpoint,0,485,0.5674439998983871,in_process
pytorch_checkpoint,0,486,0.5333540011633886,in_process
pytorch_checkpoint,0,487,0.5496060002769809,in_process
pytorch_checkpoint,0,488,0.5699190005543642,in_process
pytorch_checkpoint,0,489,0.5641049992846092,in_process
pytorch_checkpoint,0,490,0.6408609988284297,in_process
pytorch_checkpoint,0,491,0.5449899999803165,in_process
pytorch_checkpoint,0,492,0.5494719989656005,in_process
pytorch_checkpoint,0,493,0.5877409985259874,in_process
pytorch_checkpoint,0,494,0.5640199997287709,in_process
pytorch_checkpoint,0,495,0.8364860004803631,in_process
pytorch_checkpoint,0,496,0.5938649992458522,in_process
pytorch_checkpoint,0,497,0.5943500000284985,in_process
pytorch_checkpoint,0,498,0.5631870008073747,in_process
pytorch_checkpoint,0,499,0.55631400027778,in_process
pytorch_checkpoint,0,500,0.5605259993899381,in_process
pytorch_checkpoint,0,501,0.5439070009742863,in_process
pytorch_checkpoint,0,502,0.5859630000486504,in_process
pytorch_checkpoint,0,503,0.5548380013351562,in_process
pytorch_checkpoint,0,504,0.5369360005715862,in_process
pytorch_checkpoint,0,505,0.539422999281669,in_process
pytorch_checkpoint,0,506,0.5596850005531451,in_process
pytorch_checkpoint,0,507,0.5579989992838819,in_process
pytorch_checkpoint,0,508,0.5524799998966046,in_process
pytorch_checkpoint,0,509,0.5676219989254605,in_process
pytorch_checkpoint,0,510,0.5378139994718367,in_process
pytorch_checkpoint,0,511,0.5437840009108186,in_process
pytorch_checkpoint,0,512,0.5721630004700273,in_process
pytorch_checkpoint,0,513,0.5493089993251488,in_process
pytorch_checkpoint,0,514,0.5470230007631471,in_process
pytorch_checkpoint,0,515,0.5406399995990796,in_process
pytorch_checkpoint,0,516,0.5441339999379124,in_process
pytorch_checkpoint,0,517,0.5593440000666305,in_process
pytorch_checkpoint,0,518,0.5509060010808753,in_process
pytorch_checkpoint,0,519,0.5501499999809312,in_process
pytorch_checkpoint,0,520,0.5322450015228242,in_process
pytorch_checkpoint,0,521,0.5396619999373797,in_process
pytorch_checkpoint,0,522,0.644260000626673,in_process
pytorch_checkpoint,0,523,0.5498499995155726,in_process
pytorch_checkpoint,0,524,0.5513269989023684,in_process
pytorch_checkpoint,0,525,0.542054000106873,in_process
pytorch_checkpoint,0,526,0.5436129995359806,in_process
pytorch_checkpoint,0,527,0.5680280009983107,in_process
pytorch_checkpoint,0,528,0.5587390005530324,in_process
pytorch_checkpoint,0,529,0.5741660006606253,in_process
pytorch_checkpoint,0,530,0.5502499989233911,in_process
pytorch_checkpoint,0,531,0.5333509998308728,in_process
pytorch_checkpoint,0,532,0.5448140000225976,in_process
pytorch_checkpoint,0,533,0.5548210010601906,in_process
pytorch_checkpoint,0,534,0.5448079991765553,in_process
pytorch_checkpoint,0,535,0.5379169997468125,in_process
pytorch_checkpoint,0,536,0.5339859999367036,in_process
pytorch_checkpoint,0,537,0.5463319994305493,in_process
pytorch_checkpoint,0,538,0.5532119994313689,in_process
pytorch_checkpoint,0,539,0.5517869994946523,in_process
pytorch_checkpoint,0,540,0.5490160001500044,in_process
pytorch_checkpoint,0,541,0.534865999725298,in_process
pytorch_checkpoint,0,542,0.545695000255364,in_process
pytorch_checkpoint,0,543,0.5485100009536836,in_process
pytorch_checkpoint,0,544,0.5494679990079021,in_process
pytorch_checkpoint,0,545,0.5385920012486167,in_process
pytorch_checkpoint,0,546,0.5411719994299347,in_process
pytorch_checkpoint,0,547,0.5759260002378142,in_process
pytorch_checkpoint,0,548,0.5531579990929458,in_process
pytorch_checkpoint,0,549,0.5701860009139637,in_process
pytorch_checkpoint,0,550,0.5452969999169,in_process
pytorch_checkpoint,0,551,0.5336800004442921,in_process
pytorch_checkpoint,0,552,0.5538120003620861,in_process
pytorch_checkpoint,0,553,0.5495709992828779,in_process
pytorch_checkpoint,0,554,0.5489539998961845,in_process
pytorch_checkpoint,0,555,0.5334510005923221,in_process
pytorch_checkpoint,0,556,0.5358449998311698,in_process
pytorch_checkpoint,0,557,0.5860619985469384,in_process
pytorch_checkpoint,0,558,0.5555059997277567,in_process
pytorch_checkpoint,0,559,0.556487999347155,in_process
pytorch_checkpoint,0,560,0.5770299994765082,in_process
pytorch_checkpoint,0,561,0.5440980003186269,in_process
pytorch_checkpoint,0,562,0.5554539984586881,in_process
pytorch_checkpoint,0,563,0.5570450011873618,in_process
pytorch_checkpoint,0,564,0.555990000066231,in_process
pytorch_checkpoint,0,565,0.5509069997060578,in_process
pytorch_checkpoint,0,566,0.5397189997893292,in_process
pytorch_checkpoint,0,567,0.5461360015033279,in_process
pytorch_checkpoint,0,568,0.5601210013992386,in_process
pytorch_checkpoint,0,569,0.5489900013344595,in_process
pytorch_checkpoint,0,570,0.5867260006198194,in_process
pytorch_checkpoint,0,571,0.5472649991133949,in_process
pytorch_checkpoint,0,572,0.5502990006789332,in_process
pytorch_checkpoint,0,573,0.5598910011030966,in_process
pytorch_checkpoint,0,574,0.5665850003424566,in_process
pytorch_checkpoint,0,575,0.5473759993037675,in_process
pytorch_checkpoint,0,576,0.5247110002528643,in_process
pytorch_checkpoint,0,577,0.5405960000643972,in_process
pytorch_checkpoint,0,578,0.5454040001495741,in_process
pytorch_checkpoint,0,579,0.5431599984149216,in_process
pytorch_checkpoint,0,580,0.5407730004662881,in_process
pytorch_checkpoint,0,581,0.5853010006831028,in_process
pytorch_checkpoint,0,582,0.5714870003430406,in_process
pytorch_checkpoint,0,583,0.5956940003670752,in_process
pytorch_checkpoint,0,584,0.5766310005128616,in_process
pytorch_checkpoint,0,585,0.5591889985225862,in_process
pytorch_checkpoint,0,586,0.5476539990922902,in_process
pytorch_checkpoint,0,587,0.5534680003620451,in_process
pytorch_checkpoint,0,588,0.5559450000873767,in_process
pytorch_checkpoint,0,589,0.5637949998344993,in_process
pytorch_checkpoint,0,590,0.5538219993468374,in_process
pytorch_checkpoint,0,591,0.536620000275434,in_process
pytorch_checkpoint,0,592,0.574787000005017,in_process
pytorch_checkpoint,0,593,0.5447909989015898,in_process
pytorch_checkpoint,0,594,0.537077999979374,in_process
pytorch_checkpoint,0,595,0.5599420001090039,in_process
pytorch_checkpoint,0,596,0.593605000176467,in_process
pytorch_checkpoint,0,597,0.5514280001079896,in_process
pytorch_checkpoint,0,598,0.5506790002982598,in_process
pytorch_checkpoint,0,599,0.5603329991572537,in_process
pytorch_checkpoint,0,600,0.567088000025251,in_process
pytorch_checkpoint,0,601,0.6465250007750001,in_process
pytorch_checkpoint,0,602,0.5972839990135981,in_process
pytorch_checkpoint,0,603,0.5581610002991511,in_process
pytorch_checkpoint,0,604,0.5428109998319997,in_process
pytorch_checkpoint,0,605,0.5370839990064269,in_process
pytorch_checkpoint,0,606,0.5753310015279567,in_process
pytorch_checkpoint,0,607,0.5545690000872128,in_process
pytorch_checkpoint,0,608,0.5441989997052588,in_process
pytorch_checkpoint,0,609,0.5468879990075948,in_process
pytorch_checkpoint,0,610,0.558561001525959,in_process
pytorch_checkpoint,0,611,0.5920779985899571,in_process
pytorch_checkpoint,0,612,0.5555220013775397,in_process
pytorch_checkpoint,0,613,0.5836969994561514,in_process
pytorch_checkpoint,0,614,0.5432510006357916,in_process
pytorch_checkpoint,0,615,0.5388930003391579,in_process
pytorch_checkpoint,0,616,0.5656519988406217,in_process
pytorch_checkpoint,0,617,0.5481009993673069,in_process
pytorch_checkpoint,0,618,0.5304850001266459,in_process
pytorch_checkpoint,0,619,6.500505000076373,in_process
pytorch_checkpoint,0,620,0.9454779992665863,in_process
pytorch_checkpoint,0,621,0.6679360012640245,in_process
pytorch_checkpoint,0,622,0.8396229986828985,in_process
pytorch_checkpoint,0,623,1.1619350007094909,in_process
pytorch_checkpoint,0,624,0.6198900009621866,in_process
pytorch_checkpoint,0,625,0.6127899996499764,in_process
pytorch_checkpoint,0,626,0.6069840001146076,in_process
pytorch_checkpoint,0,627,0.651925000056508,in_process
pytorch_checkpoint,0,628,0.5852239992236719,in_process
pytorch_checkpoint,0,629,0.5736640014220029,in_process
pytorch_checkpoint,0,630,0.5578000000241445,in_process
pytorch_checkpoint,0,631,0.5986659998598043,in_process
pytorch_checkpoint,0,632,0.5778390004707035,in_process
pytorch_checkpoint,0,633,0.6102770003053593,in_process
pytorch_checkpoint,0,634,0.5979189991194289,in_process
pytorch_checkpoint,0,635,0.6168549989524763,in_process
pytorch_checkpoint,0,636,0.5813279985886766,in_process
pytorch_checkpoint,0,637,0.563919000342139,in_process
pytorch_checkpoint,0,638,0.5642739997711033,in_process
pytorch_checkpoint,0,639,0.5614180008706171,in_process
pytorch_checkpoint,0,640,0.5937299993092893,in_process
pytorch_checkpoint,0,641,0.5892969984415686,in_process
pytorch_checkpoint,0,642,0.659302000713069,in_process
pytorch_checkpoint,0,643,0.561766999453539,in_process
pytorch_checkpoint,0,644,0.5639530008920701,in_process
pytorch_checkpoint,0,645,0.6027800009178463,in_process
pytorch_checkpoint,0,646,0.5741829991166014,in_process
pytorch_checkpoint,0,647,0.793460001659696,in_process
pytorch_checkpoint,0,648,0.5861310000909725,in_process
pytorch_checkpoint,0,649,0.6179060001159087,in_process
pytorch_checkpoint,0,650,0.6319570002233377,in_process
pytorch_checkpoint,0,651,0.5631189997075126,in_process
pytorch_checkpoint,0,652,0.5518750003830064,in_process
pytorch_checkpoint,0,653,0.5548330009332858,in_process
pytorch_checkpoint,0,654,0.6091939994803397,in_process
pytorch_checkpoint,0,655,1.0093840010085842,in_process
pytorch_checkpoint,0,656,0.5945749999227701,in_process
pytorch_checkpoint,0,657,0.5612709992419695,in_process
pytorch_checkpoint,0,658,0.5632370011880994,in_process
pytorch_checkpoint,0,659,0.5656749999616295,in_process
pytorch_checkpoint,0,660,0.5869249998795567,in_process
pytorch_checkpoint,0,661,0.5808770001749508,in_process
pytorch_checkpoint,0,662,0.5781390009360621,in_process
pytorch_checkpoint,0,663,0.6277470001805341,in_process
pytorch_checkpoint,0,664,0.5839669993292773,in_process
pytorch_checkpoint,0,665,0.5640899998979876,in_process
pytorch_checkpoint,0,666,0.5910529998800484,in_process
pytorch_checkpoint,0,667,0.5562839996855473,in_process
pytorch_checkpoint,0,668,0.6115310006862273,in_process
pytorch_checkpoint,0,669,0.5841940001118928,in_process
pytorch_checkpoint,0,670,0.5742760004068259,in_process
pytorch_checkpoint,0,671,0.5612909990304615,in_process
pytorch_checkpoint,0,672,0.5821110007673269,in_process
pytorch_checkpoint,0,673,0.6104770000092685,in_process
pytorch_checkpoint,0,674,0.5672389997926075,in_process
pytorch_checkpoint,0,675,0.5866689989488805,in_process
pytorch_checkpoint,0,676,0.5597870003839489,in_process
pytorch_checkpoint,0,677,0.5804390002595028,in_process
pytorch_checkpoint,0,678,0.5555219995585503,in_process
pytorch_checkpoint,0,679,0.5628509989037411,in_process
pytorch_checkpoint,0,680,0.5749810006818734,in_process
pytorch_checkpoint,0,681,0.5644709999614861,in_process
pytorch_checkpoint,0,682,0.543447999007185,in_process
pytorch_checkpoint,0,683,0.5639160008286126,in_process
pytorch_checkpoint,0,684,0.6114999996498227,in_process
pytorch_checkpoint,0,685,0.5583889997069491,in_process
pytorch_checkpoint,0,686,0.5548789995373227,in_process
pytorch_checkpoint,0,687,0.6151710003905464,in_process
pytorch_checkpoint,0,688,0.549580001461436,in_process
pytorch_checkpoint,0,689,0.5462810004246421,in_process
pytorch_checkpoint,0,690,0.5646600002364721,in_process
pytorch_checkpoint,0,691,0.5609069994534366,in_process
pytorch_checkpoint,0,692,0.5783030010206858,in_process
pytorch_checkpoint,0,693,0.6048429986549309,in_process
pytorch_checkpoint,0,694,0.5456309991132002,in_process
pytorch_checkpoint,0,695,0.5737840001529548,in_process
pytorch_checkpoint,0,696,0.5864319991815137,in_process
pytorch_checkpoint,0,697,0.6000440007483121,in_process
pytorch_checkpoint,0,698,0.6160789998830296,in_process
pytorch_checkpoint,0,699,0.5511180006578797,in_process
pytorch_checkpoint,0,700,0.5596409991994733,in_process
pytorch_checkpoint,0,701,0.5644980010401923,in_process
pytorch_checkpoint,0,702,0.618086000031326,in_process
pytorch_checkpoint,0,703,0.5657940000673989,in_process
pytorch_checkpoint,0,704,0.5499210001289612,in_process
pytorch_checkpoint,0,705,0.5578650016104802,in_process
pytorch_checkpoint,0,706,0.5601880002359394,in_process
pytorch_checkpoint,0,707,0.5942940006207209,in_process
pytorch_checkpoint,0,708,0.5764319994341349,in_process
pytorch_checkpoint,0,709,0.5835720003233291,in_process
pytorch_checkpoint,0,710,0.5799390000902349,in_process
pytorch_checkpoint,0,711,0.5434490012703463,in_process
pytorch_checkpoint,0,712,0.5632470001728507,in_process
pytorch_checkpoint,0,713,0.5752310007665073,in_process
pytorch_checkpoint,0,714,0.5801509996672394,in_process
pytorch_checkpoint,0,715,0.566206001167302,in_process
pytorch_checkpoint,0,716,0.5475950001709862,in_process
pytorch_checkpoint,0,717,0.5740760007029166,in_process
pytorch_checkpoint,0,718,0.5786609999631764,in_process
pytorch_checkpoint,0,719,0.5918599999858998,in_process
pytorch_checkpoint,0,720,0.5839650002599228,in_process
pytorch_checkpoint,0,721,0.583917000767542,in_process
pytorch_checkpoint,0,722,0.5510810005944222,in_process
pytorch_checkpoint,0,723,0.5552380007429747,in_process
pytorch_checkpoint,0,724,0.6110030008130707,in_process
pytorch_checkpoint,0,725,0.5861220015503932,in_process
pytorch_checkpoint,0,726,0.5805319997307379,in_process
pytorch_checkpoint,0,727,0.5575079994741827,in_process
pytorch_checkpoint,0,728,0.5520630002138205,in_process
pytorch_checkpoint,0,729,0.5828699995618081,in_process
pytorch_checkpoint,0,730,0.5803349995403551,in_process
pytorch_checkpoint,0,731,0.5814859996462474,in_process
pytorch_checkpoint,0,732,0.5712890015274752,in_process
pytorch_checkpoint,0,733,0.5712329984817188,in_process
pytorch_checkpoint,0,734,0.5556539999815868,in_process
pytorch_checkpoint,0,735,0.5495200002769707,in_process
pytorch_checkpoint,0,736,0.5888519990548957,in_process
pytorch_checkpoint,0,737,0.5925599998590769,in_process
pytorch_checkpoint,0,738,0.5894539990549674,in_process
pytorch_checkpoint,0,739,0.5750969994551269,in_process
pytorch_checkpoint,0,740,0.5692069989891024,in_process
pytorch_checkpoint,0,741,0.593549999393872,in_process
pytorch_checkpoint,0,742,0.569661999179516,in_process
pytorch_checkpoint,0,743,0.5811510000057751,in_process
pytorch_checkpoint,0,744,0.5968179993942613,in_process
pytorch_checkpoint,0,745,0.5995609990350204,in_process
pytorch_checkpoint,0,746,0.5745970011048485,in_process
pytorch_checkpoint,0,747,0.5653320004057605,in_process
pytorch_checkpoint,0,748,0.6263430004764814,in_process
pytorch_checkpoint,0,749,0.5825079988426296,in_process
pytorch_checkpoint,0,750,0.6171270015329355,in_process
pytorch_checkpoint,0,751,0.6112720002420247,in_process
pytorch_checkpoint,0,752,0.5830970003444236,in_process
pytorch_checkpoint,0,753,0.5803490003017941,in_process
pytorch_checkpoint,0,754,0.5819730013172375,in_process
pytorch_checkpoint,0,755,0.5930160004936624,in_process
pytorch_checkpoint,0,756,0.5807090001326287,in_process
pytorch_checkpoint,0,757,0.5662500007019844,in_process
pytorch_checkpoint,0,758,0.5672400002367795,in_process
pytorch_checkpoint,0,759,0.5589850006799679,in_process
pytorch_checkpoint,0,760,0.5847530010214541,in_process
pytorch_checkpoint,0,761,0.5866299998160684,in_process
pytorch_checkpoint,0,762,0.5970199999865144,in_process
pytorch_checkpoint,0,763,0.5906239985051798,in_process
pytorch_checkpoint,0,764,0.579001000005519,in_process
pytorch_checkpoint,0,765,0.5537680008274037,in_process
pytorch_checkpoint,0,766,0.5641839998133946,in_process
pytorch_checkpoint,0,767,6.237297000552644,in_process
pytorch_checkpoint,0,768,1.4504980008496204,in_process
pytorch_checkpoint,0,769,0.6740740009263391,in_process
pytorch_checkpoint,0,770,0.8411990002059611,in_process
pytorch_checkpoint,0,771,0.6193869994604029,in_process
pytorch_checkpoint,0,772,0.6136989995866315,in_process
pytorch_checkpoint,0,773,0.6238599999051075,in_process
pytorch_checkpoint,0,774,0.611371000559302,in_process
pytorch_checkpoint,0,775,0.584456000069622,in_process
pytorch_checkpoint,0,776,0.5785020002804231,in_process
pytorch_checkpoint,0,777,0.5689709996659076,in_process
pytorch_checkpoint,0,778,0.571968999793171,in_process
pytorch_checkpoint,0,779,0.6190269996295683,in_process
pytorch_checkpoint,0,780,0.5974920004518935,in_process
pytorch_checkpoint,0,781,0.5887380011699861,in_process
pytorch_checkpoint,0,782,0.5866219999006717,in_process
pytorch_checkpoint,0,783,0.6390390008164104,in_process
pytorch_checkpoint,0,784,0.5921339998167241,in_process
pytorch_checkpoint,0,785,0.5524979987967527,in_process
pytorch_checkpoint,0,786,0.5659969992848346,in_process
pytorch_checkpoint,0,787,0.5655839995597489,in_process
pytorch_checkpoint,0,788,0.6175430007715477,in_process
pytorch_checkpoint,0,789,0.577707000047667,in_process
pytorch_checkpoint,0,790,0.5648089991154848,in_process
pytorch_checkpoint,0,791,0.5760450003435835,in_process
pytorch_checkpoint,0,792,0.5854539995198138,in_process
pytorch_checkpoint,0,793,0.5926569992880104,in_process
pytorch_checkpoint,0,794,0.7165829993027728,in_process
pytorch_checkpoint,0,795,0.5909129995416151,in_process
pytorch_checkpoint,0,796,0.5869720007467549,in_process
pytorch_checkpoint,0,797,0.5667750010616146,in_process
pytorch_checkpoint,0,798,0.580927999180858,in_process
pytorch_checkpoint,0,799,0.7244520002132049,in_process
pytorch_checkpoint,0,800,0.8264990010502515,in_process
pytorch_checkpoint,0,801,0.5964209994999692,in_process
pytorch_checkpoint,0,802,0.6205130011949223,in_process
pytorch_checkpoint,0,803,0.6011030000081519,in_process
pytorch_checkpoint,0,804,0.59589200100163,in_process
pytorch_checkpoint,0,805,0.6102090010244865,in_process
pytorch_checkpoint,0,806,0.610250999670825,in_process
pytorch_checkpoint,0,807,0.561712999115116,in_process
pytorch_checkpoint,0,808,0.5683849994966295,in_process
pytorch_checkpoint,0,809,0.5623189990728861,in_process
pytorch_checkpoint,0,810,0.5744200007029576,in_process
pytorch_checkpoint,0,811,0.6230899998627137,in_process
pytorch_checkpoint,0,812,0.5839049990754575,in_process
pytorch_checkpoint,0,813,0.5572560003201943,in_process
pytorch_checkpoint,0,814,0.562261000595754,in_process
pytorch_checkpoint,0,815,0.5868379994353745,in_process
pytorch_checkpoint,0,816,0.5856909992871806,in_process
pytorch_checkpoint,0,817,0.5940999999438645,in_process
pytorch_checkpoint,0,818,0.5966690005152486,in_process
pytorch_checkpoint,0,819,0.5886050003027776,in_process
pytorch_checkpoint,0,820,0.5723300000681775,in_process
pytorch_checkpoint,0,821,0.5771020005340688,in_process
pytorch_checkpoint,0,822,0.5808860005345196,in_process
pytorch_checkpoint,0,823,0.5878720003238413,in_process
pytorch_checkpoint,0,824,0.5835259999003028,in_process
pytorch_checkpoint,0,825,0.6186400005390169,in_process
pytorch_checkpoint,0,826,0.5937999994785059,in_process
pytorch_checkpoint,0,827,0.575438998566824,in_process
pytorch_checkpoint,0,828,0.5725320006604306,in_process
pytorch_checkpoint,0,829,0.557231000129832,in_process
pytorch_checkpoint,0,830,0.6053870001778705,in_process
pytorch_checkpoint,0,831,0.5806350000057137,in_process
pytorch_checkpoint,0,832,0.6406720003724331,in_process
pytorch_checkpoint,0,833,0.5820710011903429,in_process
pytorch_checkpoint,0,834,0.5863329988642363,in_process
pytorch_checkpoint,0,835,0.5752300003223354,in_process
pytorch_checkpoint,0,836,0.5820059996040072,in_process
pytorch_checkpoint,0,837,0.5887799998163246,in_process
pytorch_checkpoint,0,838,0.5864989998372039,in_process
pytorch_checkpoint,0,839,0.6288290005613817,in_process
pytorch_checkpoint,0,840,0.6112800001574215,in_process
pytorch_checkpoint,0,841,0.5647569996654056,in_process
pytorch_checkpoint,0,842,0.5657809997501317,in_process
pytorch_checkpoint,0,843,0.5795560009573819,in_process
pytorch_checkpoint,0,844,0.6370240007527173,in_process
pytorch_checkpoint,0,845,0.5776089983555721,in_process
pytorch_checkpoint,0,846,0.5849979988852283,in_process
pytorch_checkpoint,0,847,0.6016730003466364,in_process
pytorch_checkpoint,0,848,0.5600239983323263,in_process
pytorch_checkpoint,0,849,0.5602759993053041,in_process
pytorch_checkpoint,0,850,0.5687709999619983,in_process
pytorch_checkpoint,0,851,0.5800830003863666,in_process
pytorch_checkpoint,0,852,0.5611940014205175,in_process
pytorch_checkpoint,0,853,0.5796989989903523,in_process
pytorch_checkpoint,0,854,0.5640720009978395,in_process
pytorch_checkpoint,0,855,0.632496001344407,in_process
pytorch_checkpoint,0,856,0.5772219992650207,in_process
pytorch_checkpoint,0,857,0.5700019992218586,in_process
pytorch_checkpoint,0,858,0.6292940015555359,in_process
pytorch_checkpoint,0,859,0.5651910014421446,in_process
pytorch_checkpoint,0,860,0.563216999580618,in_process
pytorch_checkpoint,0,861,0.5535349991987459,in_process
pytorch_checkpoint,0,862,0.5628479993902147,in_process
pytorch_checkpoint,0,863,0.6040490006853361,in_process
pytorch_checkpoint,0,864,0.570783000512165,in_process
pytorch_checkpoint,0,865,0.5706909996661125,in_process
pytorch_checkpoint,0,866,0.5559979999816278,in_process
pytorch_checkpoint,0,867,0.5622480002784869,in_process
pytorch_checkpoint,0,868,0.6068439997761743,in_process
pytorch_checkpoint,0,869,0.5995060000714147,in_process
pytorch_checkpoint,0,870,0.5897959999856539,in_process
pytorch_checkpoint,0,871,0.5909769988647895,in_process
pytorch_checkpoint,0,872,0.5966329990769736,in_process
pytorch_checkpoint,0,873,0.5617110000457615,in_process
pytorch_checkpoint,0,874,0.5566849995375378,in_process
pytorch_checkpoint,0,875,0.569069999983185,in_process
pytorch_checkpoint,0,876,0.5799980008305283,in_process
pytorch_checkpoint,0,877,0.6006800012983149,in_process
pytorch_checkpoint,0,878,0.5644829998345813,in_process
pytorch_checkpoint,0,879,0.6283450002229074,in_process
pytorch_checkpoint,0,880,0.5836419986735564,in_process
pytorch_checkpoint,0,881,0.5757210001320345,in_process
pytorch_checkpoint,0,882,0.6050510000932263,in_process
pytorch_checkpoint,0,883,0.5720379995182157,in_process
pytorch_checkpoint,0,884,0.5830460013385164,in_process
pytorch_checkpoint,0,885,0.5636779987980844,in_process
pytorch_checkpoint,0,886,0.5618840004899539,in_process
pytorch_checkpoint,0,887,0.5907570011913776,in_process
pytorch_checkpoint,0,888,0.5605440001090756,in_process
pytorch_checkpoint,0,889,0.5663599986291956,in_process
pytorch_checkpoint,0,890,0.5866749997949228,in_process
pytorch_checkpoint,0,891,0.5722639998566592,in_process
pytorch_checkpoint,0,892,0.5651880001096288,in_process
pytorch_checkpoint,0,893,0.5611870001303032,in_process
pytorch_checkpoint,0,894,0.5559789988183184,in_process
pytorch_checkpoint,0,895,0.5644849989039358,in_process
pytorch_checkpoint,0,896,0.5484959983732551,in_process
pytorch_checkpoint,0,897,0.5715930001315428,in_process
pytorch_checkpoint,0,898,0.662335000015446,in_process
pytorch_checkpoint,0,899,0.6282239992287941,in_process
pytorch_checkpoint,0,900,0.5767179991380544,in_process
pytorch_checkpoint,0,901,0.6346530008158879,in_process
pytorch_checkpoint,0,902,0.6209889997990103,in_process
pytorch_checkpoint,0,903,0.5714130002161255,in_process
pytorch_checkpoint,0,904,0.5486009995365748,in_process
pytorch_checkpoint,0,905,0.5631000003631925,in_process
pytorch_checkpoint,0,906,0.592234999203356,in_process
pytorch_checkpoint,0,907,0.5862969992449507,in_process
pytorch_checkpoint,0,908,0.5885650007257937,in_process
pytorch_checkpoint,0,909,0.5555289990297752,in_process
pytorch_checkpoint,0,910,0.5635649995383574,in_process
pytorch_checkpoint,0,911,0.6001950005156687,in_process
pytorch_checkpoint,0,912,0.5691299993486609,in_process
pytorch_checkpoint,0,913,0.572351998926024,in_process
pytorch_checkpoint,0,914,0.5842650007252814,in_process
pytorch_checkpoint,0,915,0.5857039996044477,in_process
pytorch_checkpoint,0,916,0.5448829997476423,in_process
pytorch_checkpoint,0,917,0.5650520015478833,in_process
pytorch_checkpoint,0,918,7.097917999999481,in_process
pytorch_checkpoint,0,919,1.0801119988173014,in_process
pytorch_checkpoint,0,920,0.6182069992064498,in_process
pytorch_checkpoint,0,921,0.8004850005818298,in_process
pytorch_checkpoint,0,922,0.6190630010678433,in_process
pytorch_checkpoint,0,923,0.832069999887608,in_process
pytorch_checkpoint,0,924,1.0832560001290403,in_process
pytorch_checkpoint,0,925,1.0055080001620809,in_process
pytorch_checkpoint,0,926,1.0250310006085783,in_process
pytorch_checkpoint,0,927,1.0282439998263726,in_process
pytorch_checkpoint,0,928,0.9669169994594995,in_process
pytorch_checkpoint,0,929,1.0286169999744743,in_process
pytorch_checkpoint,0,930,0.9337250012322329,in_process
pytorch_checkpoint,0,931,0.8295660009025596,in_process
pytorch_checkpoint,0,932,1.0154030005651293,in_process
pytorch_checkpoint,0,933,1.009445000818232,in_process
pytorch_checkpoint,0,934,0.9310259993071668,in_process
pytorch_checkpoint,0,935,0.6943280004634289,in_process
pytorch_checkpoint,0,936,0.5695799991372041,in_process
pytorch_checkpoint,0,937,0.5508230005943915,in_process
pytorch_checkpoint,0,938,0.7759319996694103,in_process
pytorch_checkpoint,0,939,0.7503429987991694,in_process
pytorch_checkpoint,0,940,0.5580339984589955,in_process
pytorch_checkpoint,0,941,0.5471099993883399,in_process
pytorch_checkpoint,0,942,0.5536469998332905,in_process
pytorch_checkpoint,0,943,0.5727109983126866,in_process
pytorch_checkpoint,0,944,0.5892339995625662,in_process
pytorch_checkpoint,0,945,0.5506480010808446,in_process
pytorch_checkpoint,0,946,0.5395990010583773,in_process
pytorch_checkpoint,0,947,0.5662610001309076,in_process
pytorch_checkpoint,0,948,0.5519189999176888,in_process
pytorch_checkpoint,0,949,0.5803290005133022,in_process
pytorch_checkpoint,0,950,0.5538380009966204,in_process
pytorch_checkpoint,0,951,0.5379549984354526,in_process
pytorch_checkpoint,0,952,0.5566480012930697,in_process
pytorch_checkpoint,0,953,0.98603600054048,in_process
pytorch_checkpoint,0,954,1.029502000164939,in_process
pytorch_checkpoint,0,955,1.0046760016848566,in_process
pytorch_checkpoint,0,956,1.0462420013936935,in_process
pytorch_checkpoint,0,957,1.0009739999077283,in_process
pytorch_checkpoint,0,958,0.828522999654524,in_process
pytorch_checkpoint,0,959,0.9446859985473566,in_process
pytorch_checkpoint,0,960,0.9580280002410291,in_process
pytorch_checkpoint,0,961,0.9920350003085332,in_process
pytorch_checkpoint,0,962,1.0711750001064502,in_process
pytorch_checkpoint,0,963,1.0193710004386958,in_process
pytorch_checkpoint,0,964,0.6785639998270199,in_process
pytorch_checkpoint,0,965,0.5702769994968548,in_process
pytorch_checkpoint,0,966,0.5698580007447163,in_process
pytorch_checkpoint,0,967,0.5586689985648263,in_process
pytorch_checkpoint,0,968,0.8549979993404122,in_process
pytorch_checkpoint,0,969,1.0311829992133426,in_process
pytorch_checkpoint,0,970,1.0089659990626387,in_process
pytorch_checkpoint,0,971,1.0437059991090791,in_process
pytorch_checkpoint,0,972,0.8522319985786453,in_process
pytorch_checkpoint,0,973,0.8715700005268445,in_process
pytorch_checkpoint,0,974,0.9194449994538445,in_process
pytorch_checkpoint,0,975,1.0138930010725744,in_process
pytorch_checkpoint,0,976,1.0024799994425848,in_process
pytorch_checkpoint,0,977,1.0302470000169706,in_process
pytorch_checkpoint,0,978,0.9811990003072424,in_process
pytorch_checkpoint,0,979,0.7409690006170422,in_process
pytorch_checkpoint,0,980,0.6723549995513167,in_process
pytorch_checkpoint,0,981,0.5395699990913272,in_process
pytorch_checkpoint,0,982,0.5413930011854973,in_process
pytorch_checkpoint,0,983,0.5503489992406685,in_process
pytorch_checkpoint,0,984,0.7312349989661016,in_process
pytorch_checkpoint,0,985,0.98737200096366,in_process
pytorch_checkpoint,0,986,0.9722060003696242,in_process
pytorch_checkpoint,0,987,0.7988630004547304,in_process
pytorch_checkpoint,0,988,0.988171999779297,in_process
pytorch_checkpoint,0,989,0.9355599995615194,in_process
pytorch_checkpoint,0,990,1.0052200013888068,in_process
pytorch_checkpoint,0,991,0.992614999631769,in_process
pytorch_checkpoint,0,992,0.9799639992706943,in_process
pytorch_checkpoint,0,993,1.008514000204741,in_process
pytorch_checkpoint,0,994,0.980394001089735,in_process
pytorch_checkpoint,0,995,0.8499460000166437,in_process
pytorch_checkpoint,0,996,0.6853499999124324,in_process
pytorch_checkpoint,0,997,0.5795990000478923,in_process
pytorch_checkpoint,0,998,0.549165999473189,in_process
pytorch_checkpoint,0,999,0.6803910000598989,in_process
pytorch_checkpoint,1,0,7.79645399961737,in_process
pytorch_checkpoint,1,1,1.1865989999932935,in_process
pytorch_checkpoint,1,2,1.083171000573202,in_process
pytorch_checkpoint,1,3,1.1355110000295099,in_process
pytorch_checkpoint,1,4,1.1446520002209581,in_process
pytorch_checkpoint,1,5,1.1329110002407106,in_process
pytorch_checkpoint,1,6,0.6271739985095337,in_process
pytorch_checkpoint,1,7,0.5959700010862434,in_process
pytorch_checkpoint,1,8,0.5822009989060462,in_process
pytorch_checkpoint,1,9,0.5810959992231801,in_process
pytorch_checkpoint,1,10,0.5802790001325775,in_process
pytorch_checkpoint,1,11,0.5892099998163758,in_process
pytorch_checkpoint,1,12,0.5642899996018969,in_process
pytorch_checkpoint,1,13,0.5611169999610865,in_process
pytorch_checkpoint,1,14,0.5589909997070208,in_process
pytorch_checkpoint,1,15,0.581351998334867,in_process
pytorch_checkpoint,1,16,0.639588000922231,in_process
pytorch_checkpoint,1,17,0.6640200008405373,in_process
pytorch_checkpoint,1,18,0.5747560007876018,in_process
pytorch_checkpoint,1,19,0.553928000954329,in_process
pytorch_checkpoint,1,20,0.5548860008275369,in_process
pytorch_checkpoint,1,21,0.6041130000085104,in_process
pytorch_checkpoint,1,22,0.824101000034716,in_process
pytorch_checkpoint,1,23,0.5782759999419795,in_process
pytorch_checkpoint,1,24,0.5866789997526212,in_process
pytorch_checkpoint,1,25,0.5892870012758067,in_process
pytorch_checkpoint,1,26,0.5593590012722416,in_process
pytorch_checkpoint,1,27,0.5753109999204753,in_process
pytorch_checkpoint,1,28,0.5582720004895236,in_process
pytorch_checkpoint,1,29,0.5585040016740095,in_process
pytorch_checkpoint,1,30,0.6113190011092229,in_process
pytorch_checkpoint,1,31,0.5663270003424259,in_process
pytorch_checkpoint,1,32,0.5483720015035942,in_process
pytorch_checkpoint,1,33,0.5632789998344379,in_process
pytorch_checkpoint,1,34,0.5604879988823086,in_process
pytorch_checkpoint,1,35,0.6082939999032533,in_process
pytorch_checkpoint,1,36,0.5677379995177034,in_process
pytorch_checkpoint,1,37,0.5662290004693205,in_process
pytorch_checkpoint,1,38,0.5948180005361792,in_process
pytorch_checkpoint,1,39,0.5407409989857115,in_process
pytorch_checkpoint,1,40,0.5542939998122165,in_process
pytorch_checkpoint,1,41,0.5618729992420413,in_process
pytorch_checkpoint,1,42,0.5540409983950667,in_process
pytorch_checkpoint,1,43,0.5494230008480372,in_process
pytorch_checkpoint,1,44,0.5356750007194933,in_process
pytorch_checkpoint,1,45,0.5558049997489434,in_process
pytorch_checkpoint,1,46,0.5530950002139434,in_process
pytorch_checkpoint,1,47,0.5521729999600211,in_process
pytorch_checkpoint,1,48,0.5397520017140778,in_process
pytorch_checkpoint,1,49,0.5604170000879094,in_process
pytorch_checkpoint,1,50,0.5505360004463,in_process
pytorch_checkpoint,1,51,0.5544150008063298,in_process
pytorch_checkpoint,1,52,0.557708999622264,in_process
pytorch_checkpoint,1,53,0.5560700010391884,in_process
pytorch_checkpoint,1,54,0.5447940002341056,in_process
pytorch_checkpoint,1,55,0.5528049987333361,in_process
pytorch_checkpoint,1,56,0.5654420001519611,in_process
pytorch_checkpoint,1,57,0.5525150008907076,in_process
pytorch_checkpoint,1,58,0.5450579992611893,in_process
pytorch_checkpoint,1,59,0.5585319995589089,in_process
pytorch_checkpoint,1,60,0.5548599983740132,in_process
pytorch_checkpoint,1,61,0.54994899983285,in_process
pytorch_checkpoint,1,62,0.559975000214763,in_process
pytorch_checkpoint,1,63,0.5621529999189079,in_process
pytorch_checkpoint,1,64,0.5409050008893246,in_process
pytorch_checkpoint,1,65,0.5566719992202707,in_process
pytorch_checkpoint,1,66,0.5530660000658827,in_process
pytorch_checkpoint,1,67,0.559460999284056,in_process
pytorch_checkpoint,1,68,0.5855290000909008,in_process
pytorch_checkpoint,1,69,0.5618729992420413,in_process
pytorch_checkpoint,1,70,0.585826001042733,in_process
pytorch_checkpoint,1,71,0.5527269986487227,in_process
pytorch_checkpoint,1,72,0.5627860009553842,in_process
pytorch_checkpoint,1,73,0.5688130004273262,in_process
pytorch_checkpoint,1,74,0.5788650014437735,in_process
pytorch_checkpoint,1,75,0.5547460004891036,in_process
pytorch_checkpoint,1,76,0.545386001249426,in_process
pytorch_checkpoint,1,77,0.57106700114673,in_process
pytorch_checkpoint,1,78,0.5710489986086031,in_process
pytorch_checkpoint,1,79,0.5708499993488658,in_process
pytorch_checkpoint,1,80,0.5572589998337207,in_process
pytorch_checkpoint,1,81,0.5668800004059449,in_process
pytorch_checkpoint,1,82,0.5595040001935558,in_process
pytorch_checkpoint,1,83,0.5662679996021325,in_process
pytorch_checkpoint,1,84,0.6017119994794484,in_process
pytorch_checkpoint,1,85,0.557343999389559,in_process
pytorch_checkpoint,1,86,0.5454950005514547,in_process
pytorch_checkpoint,1,87,0.5392969997046748,in_process
pytorch_checkpoint,1,88,0.5549479992623674,in_process
pytorch_checkpoint,1,89,0.584818999413983,in_process
pytorch_checkpoint,1,90,0.5552160000661388,in_process
pytorch_checkpoint,1,91,0.588019998758682,in_process
pytorch_checkpoint,1,92,0.5453270005091326,in_process
pytorch_checkpoint,1,93,0.5532030008907896,in_process
pytorch_checkpoint,1,94,0.5902410011913162,in_process
pytorch_checkpoint,1,95,0.5630889991152799,in_process
pytorch_checkpoint,1,96,0.557933000891353,in_process
pytorch_checkpoint,1,97,0.541731000339496,in_process
pytorch_checkpoint,1,98,0.577705999603495,in_process
pytorch_checkpoint,1,99,0.5856269999640062,in_process
pytorch_checkpoint,1,100,0.5566090003412683,in_process
pytorch_checkpoint,1,101,0.5474350000440609,in_process
pytorch_checkpoint,1,102,0.5719220007449621,in_process
pytorch_checkpoint,1,103,0.5517990011867369,in_process
pytorch_checkpoint,1,104,0.5795630004286068,in_process
pytorch_checkpoint,1,105,0.5654990000039106,in_process
pytorch_checkpoint,1,106,0.5559760011237813,in_process
pytorch_checkpoint,1,107,0.5481779990077484,in_process
pytorch_checkpoint,1,108,0.5506079996848712,in_process
pytorch_checkpoint,1,109,0.581786000111606,in_process
pytorch_checkpoint,1,110,0.5639829996653134,in_process
pytorch_checkpoint,1,111,0.5514499989658361,in_process
pytorch_checkpoint,1,112,0.5434970007627271,in_process
pytorch_checkpoint,1,113,0.5551049998757662,in_process
pytorch_checkpoint,1,114,0.5531579990929458,in_process
pytorch_checkpoint,1,115,0.5601730008493178,in_process
pytorch_checkpoint,1,116,0.5637260001094546,in_process
pytorch_checkpoint,1,117,0.5451680008263793,in_process
pytorch_checkpoint,1,118,0.5438959997263737,in_process
pytorch_checkpoint,1,119,0.5709319993911777,in_process
pytorch_checkpoint,1,120,0.5700550009350991,in_process
pytorch_checkpoint,1,121,0.55869500101835,in_process
pytorch_checkpoint,1,122,0.5433000005723443,in_process
pytorch_checkpoint,1,123,0.5741639997722814,in_process
pytorch_checkpoint,1,124,0.5575449995376403,in_process
pytorch_checkpoint,1,125,0.5516130004252773,in_process
pytorch_checkpoint,1,126,0.5662610001309076,in_process
pytorch_checkpoint,1,127,0.5610320004052483,in_process
pytorch_checkpoint,1,128,0.5404869989433791,in_process
pytorch_checkpoint,1,129,0.5576029998337617,in_process
pytorch_checkpoint,1,130,0.5602710007224232,in_process
pytorch_checkpoint,1,131,0.566398999580997,in_process
pytorch_checkpoint,1,132,0.5543940005736658,in_process
pytorch_checkpoint,1,133,0.5512480001925724,in_process
pytorch_checkpoint,1,134,0.5740220003644936,in_process
pytorch_checkpoint,1,135,0.5628240014630137,in_process
pytorch_checkpoint,1,136,0.5569770000874996,in_process
pytorch_checkpoint,1,137,0.5749179999838816,in_process
pytorch_checkpoint,1,138,0.5683870003849734,in_process
pytorch_checkpoint,1,139,0.5470639989653137,in_process
pytorch_checkpoint,1,140,0.5479290011862759,in_process
pytorch_checkpoint,1,141,0.5549069992412115,in_process
pytorch_checkpoint,1,142,0.5496970006788615,in_process
pytorch_checkpoint,1,143,0.5469299994729226,in_process
pytorch_checkpoint,1,144,0.5503700012923218,in_process
pytorch_checkpoint,1,145,6.407810000382597,in_process
pytorch_checkpoint,1,146,0.9979599999496713,in_process
pytorch_checkpoint,1,147,0.6640430001425557,in_process
pytorch_checkpoint,1,148,0.7765629998175427,in_process
pytorch_checkpoint,1,149,0.656292999337893,in_process
pytorch_checkpoint,1,150,0.61983900013729,in_process
pytorch_checkpoint,1,151,0.570803000300657,in_process
pytorch_checkpoint,1,152,0.5624089990305947,in_process
pytorch_checkpoint,1,153,0.5767040001956047,in_process
pytorch_checkpoint,1,154,0.6001210003887536,in_process
pytorch_checkpoint,1,155,0.5820610003866022,in_process
pytorch_checkpoint,1,156,0.5611219985439675,in_process
pytorch_checkpoint,1,157,0.5616509988612961,in_process
pytorch_checkpoint,1,158,0.5435879993456183,in_process
pytorch_checkpoint,1,159,0.5799749997095205,in_process
pytorch_checkpoint,1,160,0.5493999997270294,in_process
pytorch_checkpoint,1,161,0.562911998713389,in_process
pytorch_checkpoint,1,162,0.5550420009967638,in_process
pytorch_checkpoint,1,163,0.5473059991345508,in_process
pytorch_checkpoint,1,164,0.5503530010173563,in_process
pytorch_checkpoint,1,165,0.5566430008911993,in_process
pytorch_checkpoint,1,166,0.562874000024749,in_process
pytorch_checkpoint,1,167,0.554710000869818,in_process
pytorch_checkpoint,1,168,0.5811659993923968,in_process
pytorch_checkpoint,1,169,0.6202849999681348,in_process
pytorch_checkpoint,1,170,0.5409539990068879,in_process
pytorch_checkpoint,1,171,0.5509850016096607,in_process
pytorch_checkpoint,1,172,0.5611840006167768,in_process
pytorch_checkpoint,1,173,0.5837400003656512,in_process
pytorch_checkpoint,1,174,0.779641999542946,in_process
pytorch_checkpoint,1,175,0.567544999285019,in_process
pytorch_checkpoint,1,176,0.5389630005083745,in_process
pytorch_checkpoint,1,177,0.6200099996931385,in_process
pytorch_checkpoint,1,178,0.5608139999822015,in_process
pytorch_checkpoint,1,179,0.5521470011444762,in_process
pytorch_checkpoint,1,180,0.5600410004262812,in_process
pytorch_checkpoint,1,181,0.5547709988604765,in_process
pytorch_checkpoint,1,182,0.547259000086342,in_process
pytorch_checkpoint,1,183,0.5645810015266761,in_process
pytorch_checkpoint,1,184,0.561179998840089,in_process
pytorch_checkpoint,1,185,0.5594000012933975,in_process
pytorch_checkpoint,1,186,0.5586810002569109,in_process
pytorch_checkpoint,1,187,0.6051710006431676,in_process
pytorch_checkpoint,1,188,0.5565410010603955,in_process
pytorch_checkpoint,1,189,0.5673550003848504,in_process
pytorch_checkpoint,1,190,0.5609990002994891,in_process
pytorch_checkpoint,1,191,0.5572560003201943,in_process
pytorch_checkpoint,1,192,0.5797159992653178,in_process
pytorch_checkpoint,1,193,0.5459929998323787,in_process
pytorch_checkpoint,1,194,0.5602309993264498,in_process
pytorch_checkpoint,1,195,0.5541490008909022,in_process
pytorch_checkpoint,1,196,0.5691379992640577,in_process
pytorch_checkpoint,1,197,0.5687049997504801,in_process
pytorch_checkpoint,1,198,0.582851000217488,in_process
pytorch_checkpoint,1,199,0.5415769992396235,in_process
pytorch_checkpoint,1,200,0.5450200005725492,in_process
pytorch_checkpoint,1,201,0.5569160002778517,in_process
pytorch_checkpoint,1,202,0.5856389998371014,in_process
pytorch_checkpoint,1,203,0.5438150001282338,in_process
pytorch_checkpoint,1,204,0.5440780005301349,in_process
pytorch_checkpoint,1,205,0.5621810014417861,in_process
pytorch_checkpoint,1,206,0.5605030000879196,in_process
pytorch_checkpoint,1,207,0.5761800002801465,in_process
pytorch_checkpoint,1,208,0.5588160001934739,in_process
pytorch_checkpoint,1,209,0.568935000046622,in_process
pytorch_checkpoint,1,210,0.5535179989237804,in_process
pytorch_checkpoint,1,211,0.5542979997699149,in_process
pytorch_checkpoint,1,212,0.5790779996459605,in_process
pytorch_checkpoint,1,213,0.5860590008524014,in_process
pytorch_checkpoint,1,214,0.5670249993272591,in_process
pytorch_checkpoint,1,215,0.5595340007857885,in_process
pytorch_checkpoint,1,216,0.5604549987765495,in_process
pytorch_checkpoint,1,217,0.5823939991387306,in_process
pytorch_checkpoint,1,218,0.5585420003626496,in_process
pytorch_checkpoint,1,219,0.5762000000686385,in_process
pytorch_checkpoint,1,220,0.6581890011148062,in_process
pytorch_checkpoint,1,221,0.5534960000659339,in_process
pytorch_checkpoint,1,222,0.5585629987763241,in_process
pytorch_checkpoint,1,223,0.5758360002801055,in_process
pytorch_checkpoint,1,224,0.5665299995598616,in_process
pytorch_checkpoint,1,225,0.5405479987530271,in_process
pytorch_checkpoint,1,226,0.5614769997919211,in_process
pytorch_checkpoint,1,227,0.5857790001755347,in_process
pytorch_checkpoint,1,228,0.5744669997511664,in_process
pytorch_checkpoint,1,229,0.5634180015476886,in_process
pytorch_checkpoint,1,230,0.5867660001968034,in_process
pytorch_checkpoint,1,231,0.5890850006835535,in_process
pytorch_checkpoint,1,232,0.5509140009962721,in_process
pytorch_checkpoint,1,233,0.5519920014194213,in_process
pytorch_checkpoint,1,234,0.5581570003414527,in_process
pytorch_checkpoint,1,235,0.5678409997926792,in_process
pytorch_checkpoint,1,236,0.5378699988796143,in_process
pytorch_checkpoint,1,237,0.5510730006790254,in_process
pytorch_checkpoint,1,238,0.5502099993464071,in_process
pytorch_checkpoint,1,239,0.564092999411514,in_process
pytorch_checkpoint,1,240,0.5629389997920953,in_process
pytorch_checkpoint,1,241,0.6023740006639855,in_process
pytorch_checkpoint,1,242,0.5524649986909935,in_process
pytorch_checkpoint,1,243,0.551605999135063,in_process
pytorch_checkpoint,1,244,0.5472210013977019,in_process
pytorch_checkpoint,1,245,0.5599449996225303,in_process
pytorch_checkpoint,1,246,0.5821590002597077,in_process
pytorch_checkpoint,1,247,0.5431329991552047,in_process
pytorch_checkpoint,1,248,0.543290001587593,in_process
pytorch_checkpoint,1,249,0.5576160001510289,in_process
pytorch_checkpoint,1,250,0.5513550004252465,in_process
pytorch_checkpoint,1,251,0.6223800010047853,in_process
pytorch_checkpoint,1,252,0.5592890011030249,in_process
pytorch_checkpoint,1,253,0.5401880007411819,in_process
pytorch_checkpoint,1,254,0.5472329994518077,in_process
pytorch_checkpoint,1,255,0.5586229999607895,in_process
pytorch_checkpoint,1,256,0.5876850009371992,in_process
pytorch_checkpoint,1,257,0.5590399996435735,in_process
pytorch_checkpoint,1,258,0.5441630000859732,in_process
pytorch_checkpoint,1,259,0.5444840007839957,in_process
pytorch_checkpoint,1,260,0.5618930008495227,in_process
pytorch_checkpoint,1,261,0.5840319990966236,in_process
pytorch_checkpoint,1,262,0.5726150011469144,in_process
pytorch_checkpoint,1,263,0.5777880014647963,in_process
pytorch_checkpoint,1,264,0.549714000953827,in_process
pytorch_checkpoint,1,265,0.5538109999179142,in_process
pytorch_checkpoint,1,266,0.585904999752529,in_process
pytorch_checkpoint,1,267,0.5556100004469045,in_process
pytorch_checkpoint,1,268,0.5424219998531044,in_process
pytorch_checkpoint,1,269,0.5437410000013188,in_process
pytorch_checkpoint,1,270,0.552903000425431,in_process
pytorch_checkpoint,1,271,0.5782279986306094,in_process
pytorch_checkpoint,1,272,0.5681659986294108,in_process
pytorch_checkpoint,1,273,0.5831019989273045,in_process
pytorch_checkpoint,1,274,0.5474419995152857,in_process
pytorch_checkpoint,1,275,0.5626130005111918,in_process
pytorch_checkpoint,1,276,0.5543879997276235,in_process
pytorch_checkpoint,1,277,0.57221200040658,in_process
pytorch_checkpoint,1,278,0.5710049990739208,in_process
pytorch_checkpoint,1,279,0.540608998562675,in_process
pytorch_checkpoint,1,280,0.553094998394954,in_process
pytorch_checkpoint,1,281,0.5824290001328336,in_process
pytorch_checkpoint,1,282,0.5683299987140344,in_process
pytorch_checkpoint,1,283,0.5785369994555367,in_process
pytorch_checkpoint,1,284,0.5631349995383061,in_process
pytorch_checkpoint,1,285,0.5501129999174736,in_process
pytorch_checkpoint,1,286,0.5595109996647807,in_process
pytorch_checkpoint,1,287,0.5463569996209117,in_process
pytorch_checkpoint,1,288,0.5798879992653383,in_process
pytorch_checkpoint,1,289,0.5660800015903078,in_process
pytorch_checkpoint,1,290,0.5457799998112023,in_process
pytorch_checkpoint,1,291,0.566493999940576,in_process
pytorch_checkpoint,1,292,0.5693519997294061,in_process
pytorch_checkpoint,1,293,0.5630790001305286,in_process
pytorch_checkpoint,1,294,0.5765749992860947,in_process
pytorch_checkpoint,1,295,0.5916800000704825,in_process
pytorch_checkpoint,1,296,0.5626769998343661,in_process
pytorch_checkpoint,1,297,8.26822999988508,in_process
pytorch_checkpoint,1,298,0.7162199999584118,in_process
pytorch_checkpoint,1,299,0.8120189995679539,in_process
pytorch_checkpoint,1,300,0.6079670001781778,in_process
pytorch_checkpoint,1,301,0.5943929991190089,in_process
pytorch_checkpoint,1,302,0.6098650010244455,in_process
pytorch_checkpoint,1,303,0.5906220012548147,in_process
pytorch_checkpoint,1,304,0.5741109998780303,in_process
pytorch_checkpoint,1,305,0.5659260004904354,in_process
pytorch_checkpoint,1,306,0.5580159995588474,in_process
pytorch_checkpoint,1,307,0.5461430009745527,in_process
pytorch_checkpoint,1,308,0.5641689986077836,in_process
pytorch_checkpoint,1,309,0.563405999855604,in_process
pytorch_checkpoint,1,310,0.5725880000682082,in_process
pytorch_checkpoint,1,311,0.5604399993899278,in_process
pytorch_checkpoint,1,312,0.5771930009359494,in_process
pytorch_checkpoint,1,313,0.5602050005109049,in_process
pytorch_checkpoint,1,314,0.5679980004060781,in_process
pytorch_checkpoint,1,315,0.5791399998997804,in_process
pytorch_checkpoint,1,316,0.5762490000051912,in_process
pytorch_checkpoint,1,317,0.570254998820019,in_process
pytorch_checkpoint,1,318,0.591185000303085,in_process
pytorch_checkpoint,1,319,0.5499530016095378,in_process
pytorch_checkpoint,1,320,0.5519609985640272,in_process
pytorch_checkpoint,1,321,0.5728299984184559,in_process
pytorch_checkpoint,1,322,0.567544999285019,in_process
pytorch_checkpoint,1,323,0.6679760008410085,in_process
pytorch_checkpoint,1,324,0.5600650001724716,in_process
pytorch_checkpoint,1,325,0.5593739988398738,in_process
pytorch_checkpoint,1,326,0.8082989988906775,in_process
pytorch_checkpoint,1,327,0.5469630013976712,in_process
pytorch_checkpoint,1,328,0.5476520000229357,in_process
pytorch_checkpoint,1,329,0.5633000000671018,in_process
pytorch_checkpoint,1,330,0.5618350005534012,in_process
pytorch_checkpoint,1,331,0.5539590001717443,in_process
pytorch_checkpoint,1,332,0.5432289999589557,in_process
pytorch_checkpoint,1,333,0.5499760009115562,in_process
pytorch_checkpoint,1,334,0.5617059996438911,in_process
pytorch_checkpoint,1,335,0.5532280010811519,in_process
pytorch_checkpoint,1,336,0.8890650005923817,in_process
pytorch_checkpoint,1,337,0.581081998461741,in_process
pytorch_checkpoint,1,338,0.5515510001714574,in_process
pytorch_checkpoint,1,339,0.5479690007632598,in_process
pytorch_checkpoint,1,340,0.563997999051935,in_process
pytorch_checkpoint,1,341,0.5525759988813661,in_process
pytorch_checkpoint,1,342,0.5478819985000882,in_process
pytorch_checkpoint,1,343,0.551072998860036,in_process
pytorch_checkpoint,1,344,0.5511540002771653,in_process
pytorch_checkpoint,1,345,0.55528799930471,in_process
pytorch_checkpoint,1,346,0.5578000000241445,in_process
pytorch_checkpoint,1,347,0.6196559988893569,in_process
pytorch_checkpoint,1,348,0.5500610004673945,in_process
pytorch_checkpoint,1,349,0.5522639985429123,in_process
pytorch_checkpoint,1,350,0.570191001315834,in_process
pytorch_checkpoint,1,351,0.5672859988408163,in_process
pytorch_checkpoint,1,352,0.5788180005765753,in_process
pytorch_checkpoint,1,353,0.5601909997494658,in_process
pytorch_checkpoint,1,354,0.5502840012923116,in_process
pytorch_checkpoint,1,355,0.5618149989459198,in_process
pytorch_checkpoint,1,356,0.5619539988401812,in_process
pytorch_checkpoint,1,357,0.5504340006154962,in_process
pytorch_checkpoint,1,358,0.5802429986943025,in_process
pytorch_checkpoint,1,359,0.5542340004467405,in_process
pytorch_checkpoint,1,360,0.5486099998961436,in_process
pytorch_checkpoint,1,361,0.5640099989250302,in_process
pytorch_checkpoint,1,362,0.6178099993121577,in_process
pytorch_checkpoint,1,363,0.5591069984802743,in_process
pytorch_checkpoint,1,364,0.5552550010179402,in_process
pytorch_checkpoint,1,365,0.5483080003614305,in_process
pytorch_checkpoint,1,366,0.5506779998540878,in_process
pytorch_checkpoint,1,367,0.5793239997728961,in_process
pytorch_checkpoint,1,368,0.5802189989481121,in_process
pytorch_checkpoint,1,369,0.5492889995366568,in_process
pytorch_checkpoint,1,370,0.5377489997044904,in_process
pytorch_checkpoint,1,371,0.551800998437102,in_process
pytorch_checkpoint,1,372,0.5764440011262195,in_process
pytorch_checkpoint,1,373,0.5529299996851478,in_process
pytorch_checkpoint,1,374,0.5393639985413756,in_process
pytorch_checkpoint,1,375,0.5485040001076413,in_process
pytorch_checkpoint,1,376,0.5539459998544771,in_process
pytorch_checkpoint,1,377,0.5779399998573354,in_process
pytorch_checkpoint,1,378,0.5423370002972661,in_process
pytorch_checkpoint,1,379,0.5673110008501681,in_process
pytorch_checkpoint,1,380,0.5447399998956826,in_process
pytorch_checkpoint,1,381,0.5544699997699354,in_process
pytorch_checkpoint,1,382,0.5803900003229501,in_process
pytorch_checkpoint,1,383,0.5601270004262915,in_process
pytorch_checkpoint,1,384,0.5473689998325426,in_process
pytorch_checkpoint,1,385,0.5443089994514594,in_process
pytorch_checkpoint,1,386,0.5527120010810904,in_process
pytorch_checkpoint,1,387,0.5990739991830196,in_process
pytorch_checkpoint,1,388,0.5664649997925153,in_process
pytorch_checkpoint,1,389,0.5535550008062273,in_process
pytorch_checkpoint,1,390,0.5676270011463203,in_process
pytorch_checkpoint,1,391,0.5527310004254105,in_process
pytorch_checkpoint,1,392,0.574920999497408,in_process
pytorch_checkpoint,1,393,0.5625209996651392,in_process
pytorch_checkpoint,1,394,0.5519289989024401,in_process
pytorch_checkpoint,1,395,0.5445540009532124,in_process
pytorch_checkpoint,1,396,0.5437449999590172,in_process
pytorch_checkpoint,1,397,0.590191999435774,in_process
pytorch_checkpoint,1,398,0.5538349996641045,in_process
pytorch_checkpoint,1,399,0.5630899995594518,in_process
pytorch_checkpoint,1,400,0.5752159995608963,in_process
pytorch_checkpoint,1,401,0.5415220002760179,in_process
pytorch_checkpoint,1,402,0.5491350002557738,in_process
pytorch_checkpoint,1,403,0.5549220004468225,in_process
pytorch_checkpoint,1,404,0.5518260004464537,in_process
pytorch_checkpoint,1,405,0.5359890001273016,in_process
pytorch_checkpoint,1,406,0.5412739992607385,in_process
pytorch_checkpoint,1,407,0.5673110008501681,in_process
pytorch_checkpoint,1,408,0.5592020006588427,in_process
pytorch_checkpoint,1,409,0.54836500021338,in_process
pytorch_checkpoint,1,410,0.5513809992407914,in_process
pytorch_checkpoint,1,411,0.5727839998144191,in_process
pytorch_checkpoint,1,412,0.5626969996228581,in_process
pytorch_checkpoint,1,413,0.5633269993268186,in_process
pytorch_checkpoint,1,414,0.5537199995160336,in_process
pytorch_checkpoint,1,415,0.5581760015047621,in_process
pytorch_checkpoint,1,416,0.5458319992612815,in_process
pytorch_checkpoint,1,417,0.5615489990304923,in_process
pytorch_checkpoint,1,418,0.5636469995806692,in_process
pytorch_checkpoint,1,419,0.5609119998553069,in_process
pytorch_checkpoint,1,420,0.5461969994939864,in_process
pytorch_checkpoint,1,421,0.5661049999616807,in_process
pytorch_checkpoint,1,422,0.5750000000261934,in_process
pytorch_checkpoint,1,423,0.5529829995793989,in_process
pytorch_checkpoint,1,424,0.568323001061799,in_process
pytorch_checkpoint,1,425,0.5691509995813249,in_process
pytorch_checkpoint,1,426,0.5732299996452639,in_process
pytorch_checkpoint,1,427,0.5504720011231257,in_process
pytorch_checkpoint,1,428,0.5524060015886789,in_process
pytorch_checkpoint,1,429,0.5513090000022203,in_process
pytorch_checkpoint,1,430,0.5516300007002428,in_process
pytorch_checkpoint,1,431,0.5385019994719187,in_process
pytorch_checkpoint,1,432,0.5731370001740288,in_process
pytorch_checkpoint,1,433,0.5454009988170583,in_process
pytorch_checkpoint,1,434,0.5449769996630494,in_process
pytorch_checkpoint,1,435,0.5542630005948013,in_process
pytorch_checkpoint,1,436,0.5867680010851473,in_process
pytorch_checkpoint,1,437,0.5422840004030149,in_process
pytorch_checkpoint,1,438,0.5392080001911381,in_process
pytorch_checkpoint,1,439,0.5507039986696327,in_process
pytorch_checkpoint,1,440,0.5551449994527502,in_process
pytorch_checkpoint,1,441,0.5378279984142864,in_process
pytorch_checkpoint,1,442,0.5446930008474737,in_process
pytorch_checkpoint,1,443,0.5548749995796243,in_process
pytorch_checkpoint,1,444,0.5455170012282906,in_process
pytorch_checkpoint,1,445,0.555570999495103,in_process
pytorch_checkpoint,1,446,0.5752300003223354,in_process
pytorch_checkpoint,1,447,0.5388480003603036,in_process
pytorch_checkpoint,1,448,0.5438309999590274,in_process
pytorch_checkpoint,1,449,0.5651739993481897,in_process
pytorch_checkpoint,1,450,6.895095000800211,in_process
pytorch_checkpoint,1,451,0.7418610002787318,in_process
pytorch_checkpoint,1,452,0.6287960004556226,in_process
pytorch_checkpoint,1,453,0.6117699995229486,in_process
pytorch_checkpoint,1,454,0.7577800006401958,in_process
pytorch_checkpoint,1,455,0.614254999163677,in_process
pytorch_checkpoint,1,456,0.5892160006624181,in_process
pytorch_checkpoint,1,457,0.5717369986086851,in_process
pytorch_checkpoint,1,458,0.5603599984169705,in_process
pytorch_checkpoint,1,459,0.5642500000249129,in_process
pytorch_checkpoint,1,460,0.5745119997300208,in_process
pytorch_checkpoint,1,461,0.5454839993035421,in_process
pytorch_checkpoint,1,462,0.5494720007845899,in_process
pytorch_checkpoint,1,463,0.5490469993674196,in_process
pytorch_checkpoint,1,464,0.5880539993086131,in_process
pytorch_checkpoint,1,465,0.5590140008280287,in_process
pytorch_checkpoint,1,466,0.5856719999428606,in_process
pytorch_checkpoint,1,467,0.5489639988809358,in_process
pytorch_checkpoint,1,468,0.5479850005940534,in_process
pytorch_checkpoint,1,469,0.5450510016089538,in_process
pytorch_checkpoint,1,470,0.5552179991354933,in_process
pytorch_checkpoint,1,471,0.5782680000265827,in_process
pytorch_checkpoint,1,472,0.5475250000017695,in_process
pytorch_checkpoint,1,473,0.5431069985206705,in_process
pytorch_checkpoint,1,474,0.5569029999605846,in_process
pytorch_checkpoint,1,475,0.5698269997083116,in_process
pytorch_checkpoint,1,476,0.6123340008343803,in_process
pytorch_checkpoint,1,477,0.562910001463024,in_process
pytorch_checkpoint,1,478,0.6193550016178051,in_process
pytorch_checkpoint,1,479,0.5621089985652361,in_process
pytorch_checkpoint,1,480,0.5624419991363538,in_process
pytorch_checkpoint,1,481,0.5858069998794235,in_process
pytorch_checkpoint,1,482,0.5681419988832204,in_process
pytorch_checkpoint,1,483,0.5637880003632745,in_process
pytorch_checkpoint,1,484,0.5652910003846046,in_process
pytorch_checkpoint,1,485,0.5608640003629262,in_process
pytorch_checkpoint,1,486,0.9026890002132859,in_process
pytorch_checkpoint,1,487,0.5571670008066576,in_process
pytorch_checkpoint,1,488,0.5678770012309542,in_process
pytorch_checkpoint,1,489,0.5616840007860446,in_process
pytorch_checkpoint,1,490,0.5857760006620083,in_process
pytorch_checkpoint,1,491,0.5653040007018717,in_process
pytorch_checkpoint,1,492,0.5520480008271988,in_process
pytorch_checkpoint,1,493,0.5498900009115459,in_process
pytorch_checkpoint,1,494,0.5522319988813251,in_process
pytorch_checkpoint,1,495,0.582816999667557,in_process
pytorch_checkpoint,1,496,0.582205000682734,in_process
pytorch_checkpoint,1,497,0.553874000615906,in_process
pytorch_checkpoint,1,498,0.5376170011004433,in_process
pytorch_checkpoint,1,499,0.5432479993032757,in_process
pytorch_checkpoint,1,500,0.6172320008772658,in_process
pytorch_checkpoint,1,501,0.5576469993684441,in_process
pytorch_checkpoint,1,502,0.5370079998101573,in_process
pytorch_checkpoint,1,503,0.54133199955686,in_process
pytorch_checkpoint,1,504,0.5539960002352018,in_process
pytorch_checkpoint,1,505,0.590498000747175,in_process
pytorch_checkpoint,1,506,0.5538420009543188,in_process
pytorch_checkpoint,1,507,0.5806890003441367,in_process
pytorch_checkpoint,1,508,0.5398570010584081,in_process
pytorch_checkpoint,1,509,0.5396239994297503,in_process
pytorch_checkpoint,1,510,0.5752630004280945,in_process
pytorch_checkpoint,1,511,0.5532000013772631,in_process
pytorch_checkpoint,1,512,0.5506880006578285,in_process
pytorch_checkpoint,1,513,0.5530689995794091,in_process
pytorch_checkpoint,1,514,0.5435929997474886,in_process
pytorch_checkpoint,1,515,0.5795619999844348,in_process
pytorch_checkpoint,1,516,0.5538610002986388,in_process
pytorch_checkpoint,1,517,0.542607000170392,in_process
pytorch_checkpoint,1,518,0.5710460009140661,in_process
pytorch_checkpoint,1,519,0.5457409988594009,in_process
pytorch_checkpoint,1,520,0.569411999094882,in_process
pytorch_checkpoint,1,521,0.5591280005319277,in_process
pytorch_checkpoint,1,522,0.5509010006790049,in_process
pytorch_checkpoint,1,523,0.5368499987525865,in_process
pytorch_checkpoint,1,524,0.5433380010799738,in_process
pytorch_checkpoint,1,525,0.6009480002830969,in_process
pytorch_checkpoint,1,526,0.5521069997485029,in_process
pytorch_checkpoint,1,527,0.553112000488909,in_process
pytorch_checkpoint,1,528,0.5855270010215463,in_process
pytorch_checkpoint,1,529,0.5485820001922548,in_process
pytorch_checkpoint,1,530,0.5564200000662822,in_process
pytorch_checkpoint,1,531,0.555456999791204,in_process
pytorch_checkpoint,1,532,0.5537119996006368,in_process
pytorch_checkpoint,1,533,0.5430569999589352,in_process
pytorch_checkpoint,1,534,0.5626019992632791,in_process
pytorch_checkpoint,1,535,0.5585159997281153,in_process
pytorch_checkpoint,1,536,0.5593679998128209,in_process
pytorch_checkpoint,1,537,0.5689139998139581,in_process
pytorch_checkpoint,1,538,0.5857280011696275,in_process
pytorch_checkpoint,1,539,0.6079169997974532,in_process
pytorch_checkpoint,1,540,0.54544500017073,in_process
pytorch_checkpoint,1,541,0.5468419985845685,in_process
pytorch_checkpoint,1,542,0.5569580007431796,in_process
pytorch_checkpoint,1,543,0.5582140001934022,in_process
pytorch_checkpoint,1,544,0.5674119984178105,in_process
pytorch_checkpoint,1,545,0.5465649992402177,in_process
pytorch_checkpoint,1,546,0.5396029991970863,in_process
pytorch_checkpoint,1,547,0.5600869990303181,in_process
pytorch_checkpoint,1,548,0.5553110004257178,in_process
pytorch_checkpoint,1,549,0.5416960011643823,in_process
pytorch_checkpoint,1,550,0.5790659997728653,in_process
pytorch_checkpoint,1,551,0.5391439990489744,in_process
pytorch_checkpoint,1,552,0.5410860012489138,in_process
pytorch_checkpoint,1,553,0.5577960000664461,in_process
pytorch_checkpoint,1,554,0.5950180002400884,in_process
pytorch_checkpoint,1,555,0.5624850000458537,in_process
pytorch_checkpoint,1,556,0.5468580002343515,in_process
pytorch_checkpoint,1,557,0.5506340003194055,in_process
pytorch_checkpoint,1,558,0.5615739992208546,in_process
pytorch_checkpoint,1,559,0.5833340001117904,in_process
pytorch_checkpoint,1,560,0.5793670006823959,in_process
pytorch_checkpoint,1,561,0.544286000149441,in_process
pytorch_checkpoint,1,562,0.5550709993258351,in_process
pytorch_checkpoint,1,563,0.5521439998119604,in_process
pytorch_checkpoint,1,564,0.5827080003655283,in_process
pytorch_checkpoint,1,565,0.55259699911403,in_process
pytorch_checkpoint,1,566,0.5490690000442555,in_process
pytorch_checkpoint,1,567,0.5464930000016466,in_process
pytorch_checkpoint,1,568,0.5577120009547798,in_process
pytorch_checkpoint,1,569,0.5839400000695605,in_process
pytorch_checkpoint,1,570,0.5557460008276394,in_process
pytorch_checkpoint,1,571,0.5806659992231289,in_process
pytorch_checkpoint,1,572,0.5477089998748852,in_process
pytorch_checkpoint,1,573,0.5395330008468591,in_process
pytorch_checkpoint,1,574,0.5922879990976071,in_process
pytorch_checkpoint,1,575,0.5609989984804997,in_process
pytorch_checkpoint,1,576,0.5399689998739632,in_process
pytorch_checkpoint,1,577,0.5408460001490312,in_process
pytorch_checkpoint,1,578,0.5496149988175603,in_process
pytorch_checkpoint,1,579,0.5800689996249275,in_process
pytorch_checkpoint,1,580,0.5596850005531451,in_process
pytorch_checkpoint,1,581,0.5435650000435999,in_process
pytorch_checkpoint,1,582,0.565519001611392,in_process
pytorch_checkpoint,1,583,0.5445189999591094,in_process
pytorch_checkpoint,1,584,0.5682820010406431,in_process
pytorch_checkpoint,1,585,0.5546480006159982,in_process
pytorch_checkpoint,1,586,0.5559499986702576,in_process
pytorch_checkpoint,1,587,0.5585770013567526,in_process
pytorch_checkpoint,1,588,0.5524930002138717,in_process
pytorch_checkpoint,1,589,0.5756890004704474,in_process
pytorch_checkpoint,1,590,0.5570779994741315,in_process
pytorch_checkpoint,1,591,0.546612000107416,in_process
pytorch_checkpoint,1,592,0.5744989994127536,in_process
pytorch_checkpoint,1,593,0.5475880006997613,in_process
pytorch_checkpoint,1,594,0.5818429999635555,in_process
pytorch_checkpoint,1,595,0.5637989997921977,in_process
pytorch_checkpoint,1,596,0.5602179990091827,in_process
pytorch_checkpoint,1,597,0.5378440000640694,in_process
pytorch_checkpoint,1,598,0.5406700001913123,in_process
pytorch_checkpoint,1,599,0.5985119987599319,in_process
pytorch_checkpoint,1,600,0.5525479991774773,in_process
pytorch_checkpoint,1,601,0.5483110016939463,in_process
pytorch_checkpoint,1,602,0.5373939984565368,in_process
pytorch_checkpoint,1,603,0.5535349991987459,in_process
pytorch_checkpoint,1,604,0.55291700118687,in_process
pytorch_checkpoint,1,605,0.5528910005523358,in_process
pytorch_checkpoint,1,606,0.5500160004885402,in_process
pytorch_checkpoint,1,607,0.5344829987734556,in_process
pytorch_checkpoint,1,608,0.5401409998739837,in_process
pytorch_checkpoint,1,609,0.5716550003853627,in_process
pytorch_checkpoint,1,610,7.585434999782592,in_process
pytorch_checkpoint,1,611,0.714285000867676,in_process
pytorch_checkpoint,1,612,0.8353779994649813,in_process
pytorch_checkpoint,1,613,1.1694249988067895,in_process
pytorch_checkpoint,1,614,0.6206369998835726,in_process
pytorch_checkpoint,1,615,0.5971680002403446,in_process
pytorch_checkpoint,1,616,0.5738250001741108,in_process
pytorch_checkpoint,1,617,0.5619259991362924,in_process
pytorch_checkpoint,1,618,0.6197010006872006,in_process
pytorch_checkpoint,1,619,0.5731029996240977,in_process
pytorch_checkpoint,1,620,0.5589169995801058,in_process
pytorch_checkpoint,1,621,0.5595350012299605,in_process
pytorch_checkpoint,1,622,0.5607539987977361,in_process
pytorch_checkpoint,1,623,0.5923290009377524,in_process
pytorch_checkpoint,1,624,0.5817319997731829,in_process
pytorch_checkpoint,1,625,0.56527899869252,in_process
pytorch_checkpoint,1,626,0.5691080004908144,in_process
pytorch_checkpoint,1,627,0.540150998858735,in_process
pytorch_checkpoint,1,628,0.5531589995371178,in_process
pytorch_checkpoint,1,629,0.5564340008277213,in_process
pytorch_checkpoint,1,630,0.5646450008498505,in_process
pytorch_checkpoint,1,631,0.5404170005931519,in_process
pytorch_checkpoint,1,632,0.5423589991551125,in_process
pytorch_checkpoint,1,633,0.5774809997092234,in_process
pytorch_checkpoint,1,634,0.606913999945391,in_process
pytorch_checkpoint,1,635,0.5760429994552396,in_process
pytorch_checkpoint,1,636,0.5650210005114786,in_process
pytorch_checkpoint,1,637,0.5665110002155416,in_process
pytorch_checkpoint,1,638,0.561214999834192,in_process
pytorch_checkpoint,1,639,0.7827030003682012,in_process
pytorch_checkpoint,1,640,0.5508829999598674,in_process
pytorch_checkpoint,1,641,0.5761979991802946,in_process
pytorch_checkpoint,1,642,0.5900760006625205,in_process
pytorch_checkpoint,1,643,0.5688610017386964,in_process
pytorch_checkpoint,1,644,0.5570120010816026,in_process
pytorch_checkpoint,1,645,0.8915069993236102,in_process
pytorch_checkpoint,1,646,0.5534639985853573,in_process
pytorch_checkpoint,1,647,0.5909379997319775,in_process
pytorch_checkpoint,1,648,0.572406999708619,in_process
pytorch_checkpoint,1,649,0.5519469996215776,in_process
pytorch_checkpoint,1,650,0.5493520002346486,in_process
pytorch_checkpoint,1,651,0.5623470005957643,in_process
pytorch_checkpoint,1,652,0.5875129991181893,in_process
pytorch_checkpoint,1,653,0.573035000343225,in_process
pytorch_checkpoint,1,654,0.555229000383406,in_process
pytorch_checkpoint,1,655,0.5560150002565933,in_process
pytorch_checkpoint,1,656,0.5738309992011636,in_process
pytorch_checkpoint,1,657,0.5612050008494407,in_process
pytorch_checkpoint,1,658,0.5499399994732812,in_process
pytorch_checkpoint,1,659,0.5742689991166117,in_process
pytorch_checkpoint,1,660,0.5508369995368412,in_process
pytorch_checkpoint,1,661,0.5445349997899029,in_process
pytorch_checkpoint,1,662,0.5710669993277406,in_process
pytorch_checkpoint,1,663,0.5657239998981822,in_process
pytorch_checkpoint,1,664,0.5723760004912037,in_process
pytorch_checkpoint,1,665,0.5647939997288631,in_process
pytorch_checkpoint,1,666,0.555034001081367,in_process
pytorch_checkpoint,1,667,0.560088999918662,in_process
pytorch_checkpoint,1,668,0.5455480004457058,in_process
pytorch_checkpoint,1,669,0.5591419994743774,in_process
pytorch_checkpoint,1,670,0.557593999474193,in_process
pytorch_checkpoint,1,671,0.574657999095507,in_process
pytorch_checkpoint,1,672,0.5603009994956665,in_process
pytorch_checkpoint,1,673,0.5804739994346164,in_process
pytorch_checkpoint,1,674,0.581307000175002,in_process
pytorch_checkpoint,1,675,0.5633149994537234,in_process
pytorch_checkpoint,1,676,0.5939109996688785,in_process
pytorch_checkpoint,1,677,0.5875690003449563,in_process
pytorch_checkpoint,1,678,0.5685239993908908,in_process
pytorch_checkpoint,1,679,0.5480060008267174,in_process
pytorch_checkpoint,1,680,0.5474459994729841,in_process
pytorch_checkpoint,1,681,0.5994009989080951,in_process
pytorch_checkpoint,1,682,0.5563089998759096,in_process
pytorch_checkpoint,1,683,0.5556889991567004,in_process
pytorch_checkpoint,1,684,0.5454679994727485,in_process
pytorch_checkpoint,1,685,0.5532699997274904,in_process
pytorch_checkpoint,1,686,0.6036409995431313,in_process
pytorch_checkpoint,1,687,0.562052000532276,in_process
pytorch_checkpoint,1,688,0.586189000387094,in_process
pytorch_checkpoint,1,689,0.55291700118687,in_process
pytorch_checkpoint,1,690,0.5484980010805884,in_process
pytorch_checkpoint,1,691,0.5596580012934282,in_process
pytorch_checkpoint,1,692,0.5610879998130258,in_process
pytorch_checkpoint,1,693,0.560657001187792,in_process
pytorch_checkpoint,1,694,0.5392359998950269,in_process
pytorch_checkpoint,1,695,0.5435589991975576,in_process
pytorch_checkpoint,1,696,0.5952129995421274,in_process
pytorch_checkpoint,1,697,0.552748000700376,in_process
pytorch_checkpoint,1,698,0.550860000657849,in_process
pytorch_checkpoint,1,699,0.5807159996038536,in_process
pytorch_checkpoint,1,700,0.5495090008480474,in_process
pytorch_checkpoint,1,701,0.5585029994108481,in_process
pytorch_checkpoint,1,702,0.5514690001291456,in_process
pytorch_checkpoint,1,703,0.5605520000244724,in_process
pytorch_checkpoint,1,704,0.5474360004882328,in_process
pytorch_checkpoint,1,705,0.5499540002347203,in_process
pytorch_checkpoint,1,706,0.5598819989245385,in_process
pytorch_checkpoint,1,707,0.557609000679804,in_process
pytorch_checkpoint,1,708,0.5597119998128619,in_process
pytorch_checkpoint,1,709,0.5735200011258712,in_process
pytorch_checkpoint,1,710,0.5424709997896571,in_process
pytorch_checkpoint,1,711,0.5921240008319728,in_process
pytorch_checkpoint,1,712,0.5662549992848653,in_process
pytorch_checkpoint,1,713,0.5713659993489273,in_process
pytorch_checkpoint,1,714,0.5683340004907222,in_process
pytorch_checkpoint,1,715,0.5790579998574685,in_process
pytorch_checkpoint,1,716,0.5715540009987308,in_process
pytorch_checkpoint,1,717,0.5584840000665281,in_process
pytorch_checkpoint,1,718,0.5839220011694124,in_process
pytorch_checkpoint,1,719,0.5699119992641499,in_process
pytorch_checkpoint,1,720,0.6198050014063483,in_process
pytorch_checkpoint,1,721,0.5763190001744078,in_process
pytorch_checkpoint,1,722,0.5579099997703452,in_process
pytorch_checkpoint,1,723,0.587313999858452,in_process
pytorch_checkpoint,1,724,0.5715900006180163,in_process
pytorch_checkpoint,1,725,0.5963469993730541,in_process
pytorch_checkpoint,1,726,0.5669450001732912,in_process
pytorch_checkpoint,1,727,0.5433790011011297,in_process
pytorch_checkpoint,1,728,0.5519819987966912,in_process
pytorch_checkpoint,1,729,0.5590820001089014,in_process
pytorch_checkpoint,1,730,0.5922610016568797,in_process
pytorch_checkpoint,1,731,0.5799030004709493,in_process
pytorch_checkpoint,1,732,0.5579050011874642,in_process
pytorch_checkpoint,1,733,0.5411359998106491,in_process
pytorch_checkpoint,1,734,0.5367060002754442,in_process
pytorch_checkpoint,1,735,0.5888309988222318,in_process
pytorch_checkpoint,1,736,0.5694320007023634,in_process
pytorch_checkpoint,1,737,0.5691810001735575,in_process
pytorch_checkpoint,1,738,0.5483010008902056,in_process
pytorch_checkpoint,1,739,0.5415190007624915,in_process
pytorch_checkpoint,1,740,0.5854650007677265,in_process
pytorch_checkpoint,1,741,0.5720210010622395,in_process
pytorch_checkpoint,1,742,0.5587370014836779,in_process
pytorch_checkpoint,1,743,0.5543919996853219,in_process
pytorch_checkpoint,1,744,0.5402660008257953,in_process
pytorch_checkpoint,1,745,0.5572760001086863,in_process
pytorch_checkpoint,1,746,0.5625499998132,in_process
pytorch_checkpoint,1,747,0.5608800001937198,in_process
pytorch_checkpoint,1,748,0.5711699996027164,in_process
pytorch_checkpoint,1,749,0.5427539999800501,in_process
pytorch_checkpoint,1,750,0.5581770001299446,in_process
pytorch_checkpoint,1,751,0.5656489993270952,in_process
pytorch_checkpoint,1,752,0.5745810012740549,in_process
pytorch_checkpoint,1,753,0.5642209998768521,in_process
pytorch_checkpoint,1,754,0.560319000214804,in_process
pytorch_checkpoint,1,755,0.5482070009747986,in_process
pytorch_checkpoint,1,756,0.5465499998535961,in_process
pytorch_checkpoint,1,757,0.5615289992420003,in_process
pytorch_checkpoint,1,758,0.5684129992005182,in_process
pytorch_checkpoint,1,759,0.539846998435678,in_process
pytorch_checkpoint,1,760,0.572860000829678,in_process
pytorch_checkpoint,1,761,0.5806739991385257,in_process
pytorch_checkpoint,1,762,6.954989999940153,in_process
pytorch_checkpoint,1,763,0.7287119988177437,in_process
pytorch_checkpoint,1,764,0.7875619994592853,in_process
pytorch_checkpoint,1,765,0.6487280006695073,in_process
pytorch_checkpoint,1,766,0.6220089999260381,in_process
pytorch_checkpoint,1,767,0.6082030013203621,in_process
pytorch_checkpoint,1,768,0.5825219996040687,in_process
pytorch_checkpoint,1,769,0.5666729994118214,in_process
pytorch_checkpoint,1,770,0.5851459991390584,in_process
pytorch_checkpoint,1,771,0.569488000110141,in_process
pytorch_checkpoint,1,772,0.5685030009772163,in_process
pytorch_checkpoint,1,773,0.597301001107553,in_process
pytorch_checkpoint,1,774,0.5880950011487585,in_process
pytorch_checkpoint,1,775,0.5716409996239236,in_process
pytorch_checkpoint,1,776,0.5561469988606405,in_process
pytorch_checkpoint,1,777,0.5693919993063901,in_process
pytorch_checkpoint,1,778,0.564148000194109,in_process
pytorch_checkpoint,1,779,0.5712980000680545,in_process
pytorch_checkpoint,1,780,0.5488830011017853,in_process
pytorch_checkpoint,1,781,0.558106999960728,in_process
pytorch_checkpoint,1,782,0.6025670008966699,in_process
pytorch_checkpoint,1,783,0.5812750005134149,in_process
pytorch_checkpoint,1,784,0.6064320004952606,in_process
pytorch_checkpoint,1,785,0.5900680007471237,in_process
pytorch_checkpoint,1,786,0.6467620005423669,in_process
pytorch_checkpoint,1,787,0.5838339984620688,in_process
pytorch_checkpoint,1,788,0.5551639987970702,in_process
pytorch_checkpoint,1,789,0.5755120000685565,in_process
pytorch_checkpoint,1,790,0.5712239999411395,in_process
pytorch_checkpoint,1,791,0.6947149995539803,in_process
pytorch_checkpoint,1,792,0.7074959994497476,in_process
pytorch_checkpoint,1,793,0.611546000072849,in_process
pytorch_checkpoint,1,794,0.5593679998128209,in_process
pytorch_checkpoint,1,795,0.5966259996057488,in_process
pytorch_checkpoint,1,796,0.5463390007207636,in_process
pytorch_checkpoint,1,797,0.5554649997066008,in_process
pytorch_checkpoint,1,798,0.6144030012364965,in_process
pytorch_checkpoint,1,799,0.5871440007467754,in_process
pytorch_checkpoint,1,800,0.570763000723673,in_process
pytorch_checkpoint,1,801,0.560148999284138,in_process
pytorch_checkpoint,1,802,0.5544069990719436,in_process
pytorch_checkpoint,1,803,0.5976199990982423,in_process
pytorch_checkpoint,1,804,0.5633999990095617,in_process
pytorch_checkpoint,1,805,0.5871430003026035,in_process
pytorch_checkpoint,1,806,0.5617919996439014,in_process
pytorch_checkpoint,1,807,0.589581000895123,in_process
pytorch_checkpoint,1,808,0.5416980002337368,in_process
pytorch_checkpoint,1,809,0.5524879998120014,in_process
pytorch_checkpoint,1,810,0.5506050001713447,in_process
pytorch_checkpoint,1,811,0.5784469994978281,in_process
pytorch_checkpoint,1,812,0.5862020007043611,in_process
pytorch_checkpoint,1,813,0.5592010002146708,in_process
pytorch_checkpoint,1,814,0.5511970011866651,in_process
pytorch_checkpoint,1,815,0.557593999474193,in_process
pytorch_checkpoint,1,816,0.5585709986917209,in_process
pytorch_checkpoint,1,817,0.6276599997363519,in_process
pytorch_checkpoint,1,818,0.574120000237599,in_process
pytorch_checkpoint,1,819,0.5472309985634638,in_process
pytorch_checkpoint,1,820,0.5500789993675426,in_process
pytorch_checkpoint,1,821,0.5565119990933454,in_process
pytorch_checkpoint,1,822,0.598867998633068,in_process
pytorch_checkpoint,1,823,0.5771099986304762,in_process
pytorch_checkpoint,1,824,0.5479159990500193,in_process
pytorch_checkpoint,1,825,0.5536660009965999,in_process
pytorch_checkpoint,1,826,0.5548930002987618,in_process
pytorch_checkpoint,1,827,0.5981210015306715,in_process
pytorch_checkpoint,1,828,0.5620949996227864,in_process
pytorch_checkpoint,1,829,0.553339999896707,in_process
pytorch_checkpoint,1,830,0.5414170009316877,in_process
pytorch_checkpoint,1,831,0.541804000022239,in_process
pytorch_checkpoint,1,832,0.582718001169269,in_process
pytorch_checkpoint,1,833,0.570801999856485,in_process
pytorch_checkpoint,1,834,0.5574819988396484,in_process
pytorch_checkpoint,1,835,0.5646980007441016,in_process
pytorch_checkpoint,1,836,0.5517789995792555,in_process
pytorch_checkpoint,1,837,0.5799409991595894,in_process
pytorch_checkpoint,1,838,0.5632699994748691,in_process
pytorch_checkpoint,1,839,0.5659910002577817,in_process
pytorch_checkpoint,1,840,0.56209200010926,in_process
pytorch_checkpoint,1,841,0.5473109995364211,in_process
pytorch_checkpoint,1,842,0.5639520004478982,in_process
pytorch_checkpoint,1,843,0.5647399993904401,in_process
pytorch_checkpoint,1,844,0.5610510015685577,in_process
pytorch_checkpoint,1,845,0.5559959990932839,in_process
pytorch_checkpoint,1,846,0.5440089989861008,in_process
pytorch_checkpoint,1,847,0.5728500000259373,in_process
pytorch_checkpoint,1,848,0.5929310009378241,in_process
pytorch_checkpoint,1,849,0.5536879998544464,in_process
pytorch_checkpoint,1,850,0.5640609997499269,in_process
pytorch_checkpoint,1,851,0.5845180003234418,in_process
pytorch_checkpoint,1,852,0.5369900009100093,in_process
pytorch_checkpoint,1,853,0.5439470005512703,in_process
pytorch_checkpoint,1,854,0.5523059990082402,in_process
pytorch_checkpoint,1,855,0.5633430009766016,in_process
pytorch_checkpoint,1,856,0.5454670008475659,in_process
pytorch_checkpoint,1,857,0.5488159986271057,in_process
pytorch_checkpoint,1,858,0.5408520009950735,in_process
pytorch_checkpoint,1,859,0.5602890014415607,in_process
pytorch_checkpoint,1,860,0.5709340002795216,in_process
pytorch_checkpoint,1,861,0.5820919996040175,in_process
pytorch_checkpoint,1,862,0.5367580015445128,in_process
pytorch_checkpoint,1,863,0.5442080000648275,in_process
pytorch_checkpoint,1,864,0.549050999325118,in_process
pytorch_checkpoint,1,865,0.5743370002164738,in_process
pytorch_checkpoint,1,866,0.5793809996248456,in_process
pytorch_checkpoint,1,867,0.55802700080676,in_process
pytorch_checkpoint,1,868,0.550726001165458,in_process
pytorch_checkpoint,1,869,0.5731959990953328,in_process
pytorch_checkpoint,1,870,0.565980999454041,in_process
pytorch_checkpoint,1,871,0.5983569990348769,in_process
pytorch_checkpoint,1,872,0.5759000014222693,in_process
pytorch_checkpoint,1,873,0.5425689996627625,in_process
pytorch_checkpoint,1,874,0.5471380009112181,in_process
pytorch_checkpoint,1,875,0.5637200010824017,in_process
pytorch_checkpoint,1,876,0.5935680001130095,in_process
pytorch_checkpoint,1,877,0.5693699986295542,in_process
pytorch_checkpoint,1,878,0.5500539991771802,in_process
pytorch_checkpoint,1,879,0.551432000065688,in_process
pytorch_checkpoint,1,880,0.6468079991464037,in_process
pytorch_checkpoint,1,881,0.5724499987991294,in_process
pytorch_checkpoint,1,882,0.5739999996876577,in_process
pytorch_checkpoint,1,883,0.5668970006809104,in_process
pytorch_checkpoint,1,884,0.5745349990320392,in_process
pytorch_checkpoint,1,885,0.5415939995145891,in_process
pytorch_checkpoint,1,886,0.5545090007217368,in_process
pytorch_checkpoint,1,887,0.577515998884337,in_process
pytorch_checkpoint,1,888,0.5624289988190867,in_process
pytorch_checkpoint,1,889,0.5420040015451377,in_process
pytorch_checkpoint,1,890,0.5447809999168385,in_process
pytorch_checkpoint,1,891,0.5641759998979978,in_process
pytorch_checkpoint,1,892,0.5457899987959536,in_process
pytorch_checkpoint,1,893,0.5674519998137839,in_process
pytorch_checkpoint,1,894,0.5538320001505781,in_process
pytorch_checkpoint,1,895,0.5398199991759611,in_process
pytorch_checkpoint,1,896,0.5724260008719284,in_process
pytorch_checkpoint,1,897,0.555112999791163,in_process
pytorch_checkpoint,1,898,0.5625750000035623,in_process
pytorch_checkpoint,1,899,0.564642001336324,in_process
pytorch_checkpoint,1,900,0.5406679993029684,in_process
pytorch_checkpoint,1,901,0.5703719998564338,in_process
pytorch_checkpoint,1,902,0.5452419991343049,in_process
pytorch_checkpoint,1,903,0.5650109997077379,in_process
pytorch_checkpoint,1,904,0.560872000278323,in_process
pytorch_checkpoint,1,905,0.5658530008076923,in_process
pytorch_checkpoint,1,906,0.553683999896748,in_process
pytorch_checkpoint,1,907,0.5509380007424625,in_process
pytorch_checkpoint,1,908,0.5575029990723124,in_process
pytorch_checkpoint,1,909,0.5774940000264905,in_process
pytorch_checkpoint,1,910,0.5829290003021015,in_process
pytorch_checkpoint,1,911,0.5605660007859115,in_process
pytorch_checkpoint,1,912,0.5773660013801418,in_process
pytorch_checkpoint,1,913,0.5487409998750081,in_process
pytorch_checkpoint,1,914,6.9353819999378175,in_process
pytorch_checkpoint,1,915,0.6804420008847956,in_process
pytorch_checkpoint,1,916,0.8135080006468343,in_process
pytorch_checkpoint,1,917,0.6342020005831728,in_process
pytorch_checkpoint,1,918,0.6260659993131412,in_process
pytorch_checkpoint,1,919,0.5925219993514474,in_process
pytorch_checkpoint,1,920,0.5887419993086951,in_process
pytorch_checkpoint,1,921,0.5715560000680853,in_process
pytorch_checkpoint,1,922,0.5751319986302406,in_process
pytorch_checkpoint,1,923,0.5972069993731566,in_process
pytorch_checkpoint,1,924,0.5846900003234623,in_process
pytorch_checkpoint,1,925,0.5965150012343656,in_process
pytorch_checkpoint,1,926,0.5717849999200553,in_process
pytorch_checkpoint,1,927,0.5524019998119911,in_process
pytorch_checkpoint,1,928,0.5557719996431842,in_process
pytorch_checkpoint,1,929,0.5641309999191435,in_process
pytorch_checkpoint,1,930,0.5956439999863505,in_process
pytorch_checkpoint,1,931,0.5690580001100898,in_process
pytorch_checkpoint,1,932,0.557155999558745,in_process
pytorch_checkpoint,1,933,0.5978059998597018,in_process
pytorch_checkpoint,1,934,0.5741220011259429,in_process
pytorch_checkpoint,1,935,0.5705319999833591,in_process
pytorch_checkpoint,1,936,0.5492549989867257,in_process
pytorch_checkpoint,1,937,0.6261559992708499,in_process
pytorch_checkpoint,1,938,0.5693490002158796,in_process
pytorch_checkpoint,1,939,0.5984990002616541,in_process
pytorch_checkpoint,1,940,0.5655509994539898,in_process
pytorch_checkpoint,1,941,0.5597760009550257,in_process
pytorch_checkpoint,1,942,0.8131880003929837,in_process
pytorch_checkpoint,1,943,0.5678630004695151,in_process
pytorch_checkpoint,1,944,0.5794819990114775,in_process
pytorch_checkpoint,1,945,0.5592359993897844,in_process
pytorch_checkpoint,1,946,0.5629770002997248,in_process
pytorch_checkpoint,1,947,0.5769680010416778,in_process
pytorch_checkpoint,1,948,0.5423759994300781,in_process
pytorch_checkpoint,1,949,0.563253001018893,in_process
pytorch_checkpoint,1,950,0.5582350004260661,in_process
pytorch_checkpoint,1,951,0.568288000067696,in_process
pytorch_checkpoint,1,952,0.5471770000440301,in_process
pytorch_checkpoint,1,953,0.548649000847945,in_process
pytorch_checkpoint,1,954,0.585368001338793,in_process
pytorch_checkpoint,1,955,0.560811000468675,in_process
pytorch_checkpoint,1,956,0.5743929996242514,in_process
pytorch_checkpoint,1,957,0.5652449999615783,in_process
pytorch_checkpoint,1,958,0.5554099989240058,in_process
pytorch_checkpoint,1,959,0.556602999495226,in_process
pytorch_checkpoint,1,960,0.5660289989464218,in_process
pytorch_checkpoint,1,961,0.5580199995165458,in_process
pytorch_checkpoint,1,962,0.5653560001519509,in_process
pytorch_checkpoint,1,963,0.5394319996412378,in_process
pytorch_checkpoint,1,964,0.5645759993058164,in_process
pytorch_checkpoint,1,965,0.5824899999424815,in_process
pytorch_checkpoint,1,966,0.5436310002551181,in_process
pytorch_checkpoint,1,967,0.5578710006375331,in_process
pytorch_checkpoint,1,968,0.5876210016140249,in_process
pytorch_checkpoint,1,969,0.5477009999594884,in_process
pytorch_checkpoint,1,970,0.5467539995152038,in_process
pytorch_checkpoint,1,971,0.558600000658771,in_process
pytorch_checkpoint,1,972,0.5742319990531541,in_process
pytorch_checkpoint,1,973,0.5814939995616442,in_process
pytorch_checkpoint,1,974,0.553971998670022,in_process
pytorch_checkpoint,1,975,0.5460499996843282,in_process
pytorch_checkpoint,1,976,0.5691120004485128,in_process
pytorch_checkpoint,1,977,0.5595250004262198,in_process
pytorch_checkpoint,1,978,0.6013980000716401,in_process
pytorch_checkpoint,1,979,0.5604020007012878,in_process
pytorch_checkpoint,1,980,0.5374840002332348,in_process
pytorch_checkpoint,1,981,0.5514250005944632,in_process
pytorch_checkpoint,1,982,0.5629930001305183,in_process
pytorch_checkpoint,1,983,0.5881050001335097,in_process
pytorch_checkpoint,1,984,0.5708029984816676,in_process
pytorch_checkpoint,1,985,0.5513830001291353,in_process
pytorch_checkpoint,1,986,0.5481130010593915,in_process
pytorch_checkpoint,1,987,0.5613569992419798,in_process
pytorch_checkpoint,1,988,0.5834049989061896,in_process
pytorch_checkpoint,1,989,0.5669990005117143,in_process
pytorch_checkpoint,1,990,0.5531810002139537,in_process
pytorch_checkpoint,1,991,0.5560410008911276,in_process
pytorch_checkpoint,1,992,0.5519629994523712,in_process
pytorch_checkpoint,1,993,0.581518001126824,in_process
pytorch_checkpoint,1,994,0.5585560011240887,in_process
pytorch_checkpoint,1,995,0.5500159986695508,in_process
pytorch_checkpoint,1,996,0.5457750012283213,in_process
pytorch_checkpoint,1,997,0.5692289996659383,in_process
pytorch_checkpoint,1,998,0.5561130001296988,in_process
pytorch_checkpoint,1,999,0.5719529999623774,in_process
pytorch_checkpoint,2,0,6.829325999206048,in_process
pytorch_checkpoint,2,1,0.6859630011604168,in_process
pytorch_checkpoint,2,2,0.7936240017443197,in_process
pytorch_checkpoint,2,3,0.624107000476215,in_process
pytorch_checkpoint,2,4,0.6198450009833323,in_process
pytorch_checkpoint,2,5,0.6082809995859861,in_process
pytorch_checkpoint,2,6,0.5941949984844541,in_process
pytorch_checkpoint,2,7,0.5830509999213973,in_process
pytorch_checkpoint,2,8,0.5694190003850963,in_process
pytorch_checkpoint,2,9,0.5681450002157362,in_process
pytorch_checkpoint,2,10,0.5868600001122104,in_process
pytorch_checkpoint,2,11,0.5795489996671677,in_process
pytorch_checkpoint,2,12,0.550424998436938,in_process
pytorch_checkpoint,2,13,0.5620250012725592,in_process
pytorch_checkpoint,2,14,0.585350999244838,in_process
pytorch_checkpoint,2,15,0.5679339992639143,in_process
pytorch_checkpoint,2,16,0.5650329985655844,in_process
pytorch_checkpoint,2,17,0.9607160009181825,in_process
pytorch_checkpoint,2,18,0.5798519996460527,in_process
pytorch_checkpoint,2,19,0.5610669995803619,in_process
pytorch_checkpoint,2,20,0.5490419989655493,in_process
pytorch_checkpoint,2,21,0.5561710004258202,in_process
pytorch_checkpoint,2,22,0.6077130001358455,in_process
pytorch_checkpoint,2,23,0.6200289990374586,in_process
pytorch_checkpoint,2,24,0.568841000131215,in_process
pytorch_checkpoint,2,25,0.5594010017375695,in_process
pytorch_checkpoint,2,26,0.5815260010422207,in_process
pytorch_checkpoint,2,27,0.6102280003688065,in_process
pytorch_checkpoint,2,28,0.8309730001201387,in_process
pytorch_checkpoint,2,29,0.5561430007219315,in_process
pytorch_checkpoint,2,30,0.5681259990524268,in_process
pytorch_checkpoint,2,31,0.5814319993078243,in_process
pytorch_checkpoint,2,32,0.559406998945633,in_process
pytorch_checkpoint,2,33,0.5465260001074057,in_process
pytorch_checkpoint,2,34,0.5611480009974912,in_process
pytorch_checkpoint,2,35,0.5609729996649548,in_process
pytorch_checkpoint,2,36,0.6260750014916994,in_process
pytorch_checkpoint,2,37,0.5589650008914759,in_process
pytorch_checkpoint,2,38,0.5608160008705454,in_process
pytorch_checkpoint,2,39,0.5667870009347098,in_process
pytorch_checkpoint,2,40,0.5491569991136203,in_process
pytorch_checkpoint,2,41,0.5868440002814168,in_process
pytorch_checkpoint,2,42,0.5656359990098281,in_process
pytorch_checkpoint,2,43,0.5623130000458332,in_process
pytorch_checkpoint,2,44,0.5472550001286436,in_process
pytorch_checkpoint,2,45,0.5463520010380307,in_process
pytorch_checkpoint,2,46,0.5925010009377729,in_process
pytorch_checkpoint,2,47,0.5611090000456898,in_process
pytorch_checkpoint,2,48,0.5629949991998728,in_process
pytorch_checkpoint,2,49,0.9476079994783504,in_process
pytorch_checkpoint,2,50,0.5783649994555162,in_process
pytorch_checkpoint,2,51,0.5657390011037933,in_process
pytorch_checkpoint,2,52,0.5516210003406741,in_process
pytorch_checkpoint,2,53,0.5655500008288072,in_process
pytorch_checkpoint,2,54,0.5663930005539441,in_process
pytorch_checkpoint,2,55,0.5415270006778883,in_process
pytorch_checkpoint,2,56,0.5556979995162692,in_process
pytorch_checkpoint,2,57,0.5494340002769604,in_process
pytorch_checkpoint,2,58,0.5613449993688846,in_process
pytorch_checkpoint,2,59,0.5596560004050843,in_process
pytorch_checkpoint,2,60,0.6242919989745133,in_process
pytorch_checkpoint,2,61,0.58140599867329,in_process
pytorch_checkpoint,2,62,0.5459059993881965,in_process
pytorch_checkpoint,2,63,0.5566379986703396,in_process
pytorch_checkpoint,2,64,0.5519300011656014,in_process
pytorch_checkpoint,2,65,0.5875340011698427,in_process
pytorch_checkpoint,2,66,0.5582940011663595,in_process
pytorch_checkpoint,2,67,0.5395320004026871,in_process
pytorch_checkpoint,2,68,0.5445839997264557,in_process
pytorch_checkpoint,2,69,0.5625239991786657,in_process
pytorch_checkpoint,2,70,0.5881329998373985,in_process
pytorch_checkpoint,2,71,0.5951380007900298,in_process
pytorch_checkpoint,2,72,0.5604359994322294,in_process
pytorch_checkpoint,2,73,0.5474540012073703,in_process
pytorch_checkpoint,2,74,0.5688379987986991,in_process
pytorch_checkpoint,2,75,0.5855800009157974,in_process
pytorch_checkpoint,2,76,0.5605799997283611,in_process
pytorch_checkpoint,2,77,0.5517270001291763,in_process
pytorch_checkpoint,2,78,0.5530070011445787,in_process
pytorch_checkpoint,2,79,0.5574999995587859,in_process
pytorch_checkpoint,2,80,0.5894100013392745,in_process
pytorch_checkpoint,2,81,0.5836469990754267,in_process
pytorch_checkpoint,2,82,0.5657190013153013,in_process
pytorch_checkpoint,2,83,0.5607169987342786,in_process
pytorch_checkpoint,2,84,0.5471099993883399,in_process
pytorch_checkpoint,2,85,0.5512329989869613,in_process
pytorch_checkpoint,2,86,0.5731569999625208,in_process
pytorch_checkpoint,2,87,0.5588060012087226,in_process
pytorch_checkpoint,2,88,0.543866999578313,in_process
pytorch_checkpoint,2,89,0.5435820003185654,in_process
pytorch_checkpoint,2,90,0.5762770015280694,in_process
pytorch_checkpoint,2,91,0.5648389997077174,in_process
pytorch_checkpoint,2,92,0.585006999244797,in_process
pytorch_checkpoint,2,93,0.5632949996652314,in_process
pytorch_checkpoint,2,94,0.5436199990072055,in_process
pytorch_checkpoint,2,95,0.5514479998964816,in_process
pytorch_checkpoint,2,96,0.5574860006163362,in_process
pytorch_checkpoint,2,97,0.5638490001729224,in_process
pytorch_checkpoint,2,98,0.5557509994105203,in_process
pytorch_checkpoint,2,99,0.5597639992629411,in_process
pytorch_checkpoint,2,100,0.5670279988407856,in_process
pytorch_checkpoint,2,101,0.5718200009141583,in_process
pytorch_checkpoint,2,102,0.5740889992011944,in_process
pytorch_checkpoint,2,103,0.6035580008756369,in_process
pytorch_checkpoint,2,104,0.5938790000072913,in_process
pytorch_checkpoint,2,105,0.5518620000657393,in_process
pytorch_checkpoint,2,106,0.5566719992202707,in_process
pytorch_checkpoint,2,107,0.5797989997518016,in_process
pytorch_checkpoint,2,108,0.5705539988412056,in_process
pytorch_checkpoint,2,109,0.610973000220838,in_process
pytorch_checkpoint,2,110,0.5523919990082504,in_process
pytorch_checkpoint,2,111,0.5672930001310306,in_process
pytorch_checkpoint,2,112,0.5524249991140096,in_process
pytorch_checkpoint,2,113,0.5638610000460176,in_process
pytorch_checkpoint,2,114,0.578467999730492,in_process
pytorch_checkpoint,2,115,0.5734699989261571,in_process
pytorch_checkpoint,2,116,0.5533089988603024,in_process
pytorch_checkpoint,2,117,0.5449089985631872,in_process
pytorch_checkpoint,2,118,0.5562930000451161,in_process
pytorch_checkpoint,2,119,0.5839259993081214,in_process
pytorch_checkpoint,2,120,0.5623289998766268,in_process
pytorch_checkpoint,2,121,0.5504429991560755,in_process
pytorch_checkpoint,2,122,0.5572980007855222,in_process
pytorch_checkpoint,2,123,0.5811629998788703,in_process
pytorch_checkpoint,2,124,0.5729299991799053,in_process
pytorch_checkpoint,2,125,0.5616620001092087,in_process
pytorch_checkpoint,2,126,0.5773160009994172,in_process
pytorch_checkpoint,2,127,0.5611529995803721,in_process
pytorch_checkpoint,2,128,0.5519139995158184,in_process
pytorch_checkpoint,2,129,0.5615459995169658,in_process
pytorch_checkpoint,2,130,0.5648490005114581,in_process
pytorch_checkpoint,2,131,0.5663160009135026,in_process
pytorch_checkpoint,2,132,0.546093000593828,in_process
pytorch_checkpoint,2,133,0.5551099984586472,in_process
pytorch_checkpoint,2,134,0.5700370002159616,in_process
pytorch_checkpoint,2,135,0.5894189998798538,in_process
pytorch_checkpoint,2,136,0.56367599972873,in_process
pytorch_checkpoint,2,137,0.5621979998977622,in_process
pytorch_checkpoint,2,138,0.5779740004072664,in_process
pytorch_checkpoint,2,139,0.5517859990504803,in_process
pytorch_checkpoint,2,140,0.5457080005726311,in_process
pytorch_checkpoint,2,141,0.5563390004681423,in_process
pytorch_checkpoint,2,142,0.5588310013990849,in_process
pytorch_checkpoint,2,143,0.5435910006781342,in_process
pytorch_checkpoint,2,144,0.5613230005110381,in_process
pytorch_checkpoint,2,145,0.5714250000892207,in_process
pytorch_checkpoint,2,146,0.5593209989456227,in_process
pytorch_checkpoint,2,147,0.5868019998160889,in_process
pytorch_checkpoint,2,148,0.6007020001561614,in_process
pytorch_checkpoint,2,149,0.5653039988828823,in_process
pytorch_checkpoint,2,150,6.508498001494445,in_process
pytorch_checkpoint,2,151,1.0945789999823319,in_process
pytorch_checkpoint,2,152,0.6297820000327192,in_process
pytorch_checkpoint,2,153,0.6111860002420144,in_process
pytorch_checkpoint,2,154,0.630667000223184,in_process
pytorch_checkpoint,2,155,0.7560199992440175,in_process
pytorch_checkpoint,2,156,0.5992959995637648,in_process
pytorch_checkpoint,2,157,0.5706749998353189,in_process
pytorch_checkpoint,2,158,0.5963109997537686,in_process
pytorch_checkpoint,2,159,0.5734499991376651,in_process
pytorch_checkpoint,2,160,0.5629919996863464,in_process
pytorch_checkpoint,2,161,0.5606499998975778,in_process
pytorch_checkpoint,2,162,0.5923799999436596,in_process
pytorch_checkpoint,2,163,0.6012159992678789,in_process
pytorch_checkpoint,2,164,0.5761359989264747,in_process
pytorch_checkpoint,2,165,0.5789320002804743,in_process
pytorch_checkpoint,2,166,0.5567699990933761,in_process
pytorch_checkpoint,2,167,0.5713030004699249,in_process
pytorch_checkpoint,2,168,0.5751949993282324,in_process
pytorch_checkpoint,2,169,0.5569330005528172,in_process
pytorch_checkpoint,2,170,0.5670610007655341,in_process
pytorch_checkpoint,2,171,0.5631829990306869,in_process
pytorch_checkpoint,2,172,0.6342900014715269,in_process
pytorch_checkpoint,2,173,0.569257999813999,in_process
pytorch_checkpoint,2,174,0.5796219993499108,in_process
pytorch_checkpoint,2,175,0.5801210008939961,in_process
pytorch_checkpoint,2,176,0.5759310006396845,in_process
pytorch_checkpoint,2,177,0.6340970012388425,in_process
pytorch_checkpoint,2,178,0.5721699999412522,in_process
pytorch_checkpoint,2,179,0.6321649998426437,in_process
pytorch_checkpoint,2,180,0.5664340005751001,in_process
pytorch_checkpoint,2,181,0.5887799998163246,in_process
pytorch_checkpoint,2,182,0.6581040015589679,in_process
pytorch_checkpoint,2,183,0.5893229990761029,in_process
pytorch_checkpoint,2,184,0.5791399998997804,in_process
pytorch_checkpoint,2,185,0.8760270011407556,in_process
pytorch_checkpoint,2,186,0.6153159993118607,in_process
pytorch_checkpoint,2,187,0.5861070003447821,in_process
pytorch_checkpoint,2,188,0.6451530007325346,in_process
pytorch_checkpoint,2,189,0.5854159990121843,in_process
pytorch_checkpoint,2,190,0.5468859999382403,in_process
pytorch_checkpoint,2,191,0.5639470000460278,in_process
pytorch_checkpoint,2,192,0.5739669995818986,in_process
pytorch_checkpoint,2,193,0.5798250003863359,in_process
pytorch_checkpoint,2,194,0.5600629992841277,in_process
pytorch_checkpoint,2,195,0.5452820005302783,in_process
pytorch_checkpoint,2,196,0.5840160010848194,in_process
pytorch_checkpoint,2,197,0.5770230000052834,in_process
pytorch_checkpoint,2,198,0.5680340000253636,in_process
pytorch_checkpoint,2,199,0.5808450005133636,in_process
pytorch_checkpoint,2,200,0.5900930009374861,in_process
pytorch_checkpoint,2,201,0.5605949991149828,in_process
pytorch_checkpoint,2,202,0.5427549986052327,in_process
pytorch_checkpoint,2,203,0.5463210000016261,in_process
pytorch_checkpoint,2,204,0.5564300008700229,in_process
pytorch_checkpoint,2,205,0.5895909998798743,in_process
pytorch_checkpoint,2,206,0.5442769997898722,in_process
pytorch_checkpoint,2,207,0.5504099990503164,in_process
pytorch_checkpoint,2,208,0.5554250001296168,in_process
pytorch_checkpoint,2,209,0.5924230008531595,in_process
pytorch_checkpoint,2,210,0.6045110003469745,in_process
pytorch_checkpoint,2,211,0.5849650005984586,in_process
pytorch_checkpoint,2,212,0.5415279993030708,in_process
pytorch_checkpoint,2,213,0.5417819993454032,in_process
pytorch_checkpoint,2,214,0.5522040009964257,in_process
pytorch_checkpoint,2,215,0.5943989999650512,in_process
pytorch_checkpoint,2,216,0.5756000009569107,in_process
pytorch_checkpoint,2,217,0.5412089994933922,in_process
pytorch_checkpoint,2,218,0.5443879999802448,in_process
pytorch_checkpoint,2,219,0.5785610010207165,in_process
pytorch_checkpoint,2,220,0.595167999563273,in_process
pytorch_checkpoint,2,221,0.5681429993273923,in_process
pytorch_checkpoint,2,222,0.5705800012947293,in_process
pytorch_checkpoint,2,223,0.5553820010391064,in_process
pytorch_checkpoint,2,224,0.578297998799826,in_process
pytorch_checkpoint,2,225,0.63471099929302,in_process
pytorch_checkpoint,2,226,0.5665170010615839,in_process
pytorch_checkpoint,2,227,0.560394000785891,in_process
pytorch_checkpoint,2,228,0.5453890007629525,in_process
pytorch_checkpoint,2,229,0.5791480016341666,in_process
pytorch_checkpoint,2,230,0.5944470012764214,in_process
pytorch_checkpoint,2,231,0.6023610003467184,in_process
pytorch_checkpoint,2,232,0.575934000153211,in_process
pytorch_checkpoint,2,233,0.5594100002781488,in_process
pytorch_checkpoint,2,234,0.5698410004697507,in_process
pytorch_checkpoint,2,235,0.5478299990500091,in_process
pytorch_checkpoint,2,236,0.5430010005511576,in_process
pytorch_checkpoint,2,237,0.559403000806924,in_process
pytorch_checkpoint,2,238,0.5597159997705603,in_process
pytorch_checkpoint,2,239,0.541711000551004,in_process
pytorch_checkpoint,2,240,0.5531340011657448,in_process
pytorch_checkpoint,2,241,0.5694930005120113,in_process
pytorch_checkpoint,2,242,0.5730310003855266,in_process
pytorch_checkpoint,2,243,0.5758229999628384,in_process
pytorch_checkpoint,2,244,0.5957600005785935,in_process
pytorch_checkpoint,2,245,0.5534050014830427,in_process
pytorch_checkpoint,2,246,0.5732319987146184,in_process
pytorch_checkpoint,2,247,0.5508269987331005,in_process
pytorch_checkpoint,2,248,0.5650970015267376,in_process
pytorch_checkpoint,2,249,0.5755820002377732,in_process
pytorch_checkpoint,2,250,0.5510989994945703,in_process
pytorch_checkpoint,2,251,0.5489490013133036,in_process
pytorch_checkpoint,2,252,0.5765980004071025,in_process
pytorch_checkpoint,2,253,0.5482419983309228,in_process
pytorch_checkpoint,2,254,0.577951001105248,in_process
pytorch_checkpoint,2,255,0.5560990011872491,in_process
pytorch_checkpoint,2,256,0.5522160008695209,in_process
pytorch_checkpoint,2,257,0.5491529991559219,in_process
pytorch_checkpoint,2,258,0.5712549991585547,in_process
pytorch_checkpoint,2,259,0.579286001084256,in_process
pytorch_checkpoint,2,260,0.5565280007431284,in_process
pytorch_checkpoint,2,261,0.5472980010381434,in_process
pytorch_checkpoint,2,262,0.5495080004038755,in_process
pytorch_checkpoint,2,263,0.5696440002793679,in_process
pytorch_checkpoint,2,264,0.6010479992255569,in_process
pytorch_checkpoint,2,265,0.565770998946391,in_process
pytorch_checkpoint,2,266,0.552941999558243,in_process
pytorch_checkpoint,2,267,0.5391430004237918,in_process
pytorch_checkpoint,2,268,0.5519400001503527,in_process
pytorch_checkpoint,2,269,0.5909230003453558,in_process
pytorch_checkpoint,2,270,0.5595369984803256,in_process
pytorch_checkpoint,2,271,0.5592869983956916,in_process
pytorch_checkpoint,2,272,0.5392990005930187,in_process
pytorch_checkpoint,2,273,0.5644430002575973,in_process
pytorch_checkpoint,2,274,0.5559189994528424,in_process
pytorch_checkpoint,2,275,0.5615009995381115,in_process
pytorch_checkpoint,2,276,0.5584520004049409,in_process
pytorch_checkpoint,2,277,0.5469989991979674,in_process
pytorch_checkpoint,2,278,0.5414219995145686,in_process
pytorch_checkpoint,2,279,0.5761550000897842,in_process
pytorch_checkpoint,2,280,0.5544150008063298,in_process
pytorch_checkpoint,2,281,0.5506850011443021,in_process
pytorch_checkpoint,2,282,0.5416330004663905,in_process
pytorch_checkpoint,2,283,0.5642680007440504,in_process
pytorch_checkpoint,2,284,0.5684280004061293,in_process
pytorch_checkpoint,2,285,0.5631320000247797,in_process
pytorch_checkpoint,2,286,0.5565489991568029,in_process
pytorch_checkpoint,2,287,0.5497729998751311,in_process
pytorch_checkpoint,2,288,0.5417970005510142,in_process
pytorch_checkpoint,2,289,0.5851749992871191,in_process
pytorch_checkpoint,2,290,0.56832799964468,in_process
pytorch_checkpoint,2,291,0.5563449994951952,in_process
pytorch_checkpoint,2,292,0.5459940002765507,in_process
pytorch_checkpoint,2,293,0.5417830016085645,in_process
pytorch_checkpoint,2,294,0.5598309999186313,in_process
pytorch_checkpoint,2,295,0.5760969997936627,in_process
pytorch_checkpoint,2,296,0.559766000151285,in_process
pytorch_checkpoint,2,297,0.5597170002147323,in_process
pytorch_checkpoint,2,298,0.5357810005079955,in_process
pytorch_checkpoint,2,299,0.5510600003617583,in_process
pytorch_checkpoint,2,300,0.5537819997698534,in_process
pytorch_checkpoint,2,301,0.5639240007440094,in_process
pytorch_checkpoint,2,302,0.553281000975403,in_process
pytorch_checkpoint,2,303,0.5597780000243802,in_process
pytorch_checkpoint,2,304,0.5548909994104179,in_process
pytorch_checkpoint,2,305,0.5633469991153106,in_process
pytorch_checkpoint,2,306,0.555567001356394,in_process
pytorch_checkpoint,2,307,6.2539999998989515,in_process
pytorch_checkpoint,2,308,1.0411570001451764,in_process
pytorch_checkpoint,2,309,0.6075910005165497,in_process
pytorch_checkpoint,2,310,0.777829000071506,in_process
pytorch_checkpoint,2,311,0.6353030003083404,in_process
pytorch_checkpoint,2,312,0.6242389990802621,in_process
pytorch_checkpoint,2,313,0.6068080001568887,in_process
pytorch_checkpoint,2,314,0.6056229995010654,in_process
pytorch_checkpoint,2,315,0.5845479990966851,in_process
pytorch_checkpoint,2,316,0.6049349995009834,in_process
pytorch_checkpoint,2,317,0.5759839987149462,in_process
pytorch_checkpoint,2,318,0.6419030014512828,in_process
pytorch_checkpoint,2,319,0.6019289994583232,in_process
pytorch_checkpoint,2,320,0.5479840001498815,in_process
pytorch_checkpoint,2,321,0.5496579997270601,in_process
pytorch_checkpoint,2,322,0.5576999992626952,in_process
pytorch_checkpoint,2,323,0.6061589992896188,in_process
pytorch_checkpoint,2,324,0.5536959997698432,in_process
pytorch_checkpoint,2,325,0.5513209998753155,in_process
pytorch_checkpoint,2,326,0.8708740006113658,in_process
pytorch_checkpoint,2,327,0.556429000425851,in_process
pytorch_checkpoint,2,328,0.5858899985469179,in_process
pytorch_checkpoint,2,329,0.5682900009560399,in_process
pytorch_checkpoint,2,330,0.56733100063866,in_process
pytorch_checkpoint,2,331,0.6194449997565243,in_process
pytorch_checkpoint,2,332,0.567580000279122,in_process
pytorch_checkpoint,2,333,0.5944179993093712,in_process
pytorch_checkpoint,2,334,0.5796609984827228,in_process
pytorch_checkpoint,2,335,0.7962219988257857,in_process
pytorch_checkpoint,2,336,0.5975219992251368,in_process
pytorch_checkpoint,2,337,0.6334780009638052,in_process
pytorch_checkpoint,2,338,0.5613980010821251,in_process
pytorch_checkpoint,2,339,0.5631530002574436,in_process
pytorch_checkpoint,2,340,0.5530079997697612,in_process
pytorch_checkpoint,2,341,0.5576500007009599,in_process
pytorch_checkpoint,2,342,0.6097949990362395,in_process
pytorch_checkpoint,2,343,0.568512001336785,in_process
pytorch_checkpoint,2,344,0.5799059999844758,in_process
pytorch_checkpoint,2,345,0.548689000424929,in_process
pytorch_checkpoint,2,346,0.5563840004469967,in_process
pytorch_checkpoint,2,347,0.6084649994591018,in_process
pytorch_checkpoint,2,348,0.5751019998569973,in_process
pytorch_checkpoint,2,349,0.5587129999184981,in_process
pytorch_checkpoint,2,350,0.5491970005095936,in_process
pytorch_checkpoint,2,351,0.5475180005305447,in_process
pytorch_checkpoint,2,352,0.573588000406744,in_process
pytorch_checkpoint,2,353,0.5651279989251634,in_process
pytorch_checkpoint,2,354,0.5601369994110428,in_process
pytorch_checkpoint,2,355,0.557094999749097,in_process
pytorch_checkpoint,2,356,0.5543360002775444,in_process
pytorch_checkpoint,2,357,0.5940890005149413,in_process
pytorch_checkpoint,2,358,0.899311000466696,in_process
pytorch_checkpoint,2,359,0.572119000935345,in_process
pytorch_checkpoint,2,360,0.5646390000038082,in_process
pytorch_checkpoint,2,361,0.5785209996247431,in_process
pytorch_checkpoint,2,362,0.5545660005736863,in_process
pytorch_checkpoint,2,363,0.5490100011229515,in_process
pytorch_checkpoint,2,364,0.5564009989029728,in_process
pytorch_checkpoint,2,365,0.5575749983108835,in_process
pytorch_checkpoint,2,366,0.544552998690051,in_process
pytorch_checkpoint,2,367,0.5581370005529607,in_process
pytorch_checkpoint,2,368,0.5648599999403814,in_process
pytorch_checkpoint,2,369,0.5721439993067179,in_process
pytorch_checkpoint,2,370,0.5628350008919369,in_process
pytorch_checkpoint,2,371,0.5969989997538505,in_process
pytorch_checkpoint,2,372,0.5471559998113662,in_process
pytorch_checkpoint,2,373,0.5536339995160233,in_process
pytorch_checkpoint,2,374,0.5596700011665234,in_process
pytorch_checkpoint,2,375,0.5657649999193382,in_process
pytorch_checkpoint,2,376,0.5785140001535183,in_process
pytorch_checkpoint,2,377,0.5449550008052029,in_process
pytorch_checkpoint,2,378,0.5556229989451822,in_process
pytorch_checkpoint,2,379,0.5634130011458183,in_process
pytorch_checkpoint,2,380,0.5699299999832874,in_process
pytorch_checkpoint,2,381,0.5967340002825949,in_process
pytorch_checkpoint,2,382,0.5579239987127949,in_process
pytorch_checkpoint,2,383,0.5648860005749157,in_process
pytorch_checkpoint,2,384,0.5431640001916094,in_process
pytorch_checkpoint,2,385,0.5527029989025323,in_process
pytorch_checkpoint,2,386,0.5853499988006661,in_process
pytorch_checkpoint,2,387,0.5654660017171409,in_process
pytorch_checkpoint,2,388,0.5512269999599084,in_process
pytorch_checkpoint,2,389,0.5483730001287768,in_process
pytorch_checkpoint,2,390,0.558600000658771,in_process
pytorch_checkpoint,2,391,0.5790819996036589,in_process
pytorch_checkpoint,2,392,0.5611640008282848,in_process
pytorch_checkpoint,2,393,0.5339359995559789,in_process
pytorch_checkpoint,2,394,0.5404940002335934,in_process
pytorch_checkpoint,2,395,0.5534419997275108,in_process
pytorch_checkpoint,2,396,0.5885120008315425,in_process
pytorch_checkpoint,2,397,0.5539400008274242,in_process
pytorch_checkpoint,2,398,0.5413290000433335,in_process
pytorch_checkpoint,2,399,0.549794000107795,in_process
pytorch_checkpoint,2,400,0.5532510003831703,in_process
pytorch_checkpoint,2,401,0.5861569989065174,in_process
pytorch_checkpoint,2,402,0.5595790007646428,in_process
pytorch_checkpoint,2,403,0.5511620001925621,in_process
pytorch_checkpoint,2,404,0.5444200014608214,in_process
pytorch_checkpoint,2,405,0.5524470016098348,in_process
pytorch_checkpoint,2,406,0.584989000344649,in_process
pytorch_checkpoint,2,407,0.5619470011879457,in_process
pytorch_checkpoint,2,408,0.5738380004913779,in_process
pytorch_checkpoint,2,409,0.5493579992617015,in_process
pytorch_checkpoint,2,410,0.5520850008906564,in_process
pytorch_checkpoint,2,411,0.5871489993296564,in_process
pytorch_checkpoint,2,412,0.5800229992019013,in_process
pytorch_checkpoint,2,413,0.5616849994112272,in_process
pytorch_checkpoint,2,414,0.5384590003814083,in_process
pytorch_checkpoint,2,415,0.541119001354673,in_process
pytorch_checkpoint,2,416,0.578412998947897,in_process
pytorch_checkpoint,2,417,0.5733210000471445,in_process
pytorch_checkpoint,2,418,0.5620699994324241,in_process
pytorch_checkpoint,2,419,0.5473389992403099,in_process
pytorch_checkpoint,2,420,0.5666729994118214,in_process
pytorch_checkpoint,2,421,0.6021389999659732,in_process
pytorch_checkpoint,2,422,0.588818000323954,in_process
pytorch_checkpoint,2,423,0.5657339988829335,in_process
pytorch_checkpoint,2,424,0.566914000955876,in_process
pytorch_checkpoint,2,425,0.5824550007673679,in_process
pytorch_checkpoint,2,426,0.5561919988394948,in_process
pytorch_checkpoint,2,427,0.5556179985433118,in_process
pytorch_checkpoint,2,428,0.5601150005531963,in_process
pytorch_checkpoint,2,429,0.5581890000030398,in_process
pytorch_checkpoint,2,430,0.5477979993884219,in_process
pytorch_checkpoint,2,431,0.5492310010595247,in_process
pytorch_checkpoint,2,432,0.5481010011862963,in_process
pytorch_checkpoint,2,433,0.5662050007231301,in_process
pytorch_checkpoint,2,434,0.5593639998551225,in_process
pytorch_checkpoint,2,435,0.5775230001745513,in_process
pytorch_checkpoint,2,436,0.5527989997062832,in_process
pytorch_checkpoint,2,437,0.5390919995988952,in_process
pytorch_checkpoint,2,438,0.5416189997049514,in_process
pytorch_checkpoint,2,439,0.5493019998539239,in_process
pytorch_checkpoint,2,440,0.5764800007455051,in_process
pytorch_checkpoint,2,441,0.5430830005934695,in_process
pytorch_checkpoint,2,442,0.5412350001279265,in_process
pytorch_checkpoint,2,443,0.5705900002794806,in_process
pytorch_checkpoint,2,444,0.5631660005747108,in_process
pytorch_checkpoint,2,445,0.5959750014881138,in_process
pytorch_checkpoint,2,446,0.5571660003624856,in_process
pytorch_checkpoint,2,447,0.5664210002578329,in_process
pytorch_checkpoint,2,448,0.5498280006577261,in_process
pytorch_checkpoint,2,449,0.5515550001291558,in_process
pytorch_checkpoint,2,450,0.5915040001127636,in_process
pytorch_checkpoint,2,451,0.5633390010189032,in_process
pytorch_checkpoint,2,452,0.5436150004243245,in_process
pytorch_checkpoint,2,453,0.5520029990293551,in_process
pytorch_checkpoint,2,454,0.5689110003004316,in_process
pytorch_checkpoint,2,455,0.5660499991790857,in_process
pytorch_checkpoint,2,456,0.5623449997074204,in_process
pytorch_checkpoint,2,457,0.5701129994122311,in_process
pytorch_checkpoint,2,458,6.8449350001174025,in_process
pytorch_checkpoint,2,459,0.7417320011882111,in_process
pytorch_checkpoint,2,460,0.7993010003701784,in_process
pytorch_checkpoint,2,461,0.6297290001384681,in_process
pytorch_checkpoint,2,462,0.6093829997553257,in_process
pytorch_checkpoint,2,463,0.6048409995855764,in_process
pytorch_checkpoint,2,464,0.5889650001336122,in_process
pytorch_checkpoint,2,465,0.6241489991225535,in_process
pytorch_checkpoint,2,466,0.5569240001932485,in_process
pytorch_checkpoint,2,467,0.5523230011021951,in_process
pytorch_checkpoint,2,468,0.5538390014407923,in_process
pytorch_checkpoint,2,469,0.5648579990520375,in_process
pytorch_checkpoint,2,470,0.5960710004728753,in_process
pytorch_checkpoint,2,471,0.5758040006185183,in_process
pytorch_checkpoint,2,472,0.5909100000280887,in_process
pytorch_checkpoint,2,473,0.5623099987133173,in_process
pytorch_checkpoint,2,474,0.5626490001304774,in_process
pytorch_checkpoint,2,475,0.5913059994782088,in_process
pytorch_checkpoint,2,476,0.5629959996440448,in_process
pytorch_checkpoint,2,477,0.5722509995393921,in_process
pytorch_checkpoint,2,478,0.5600269996648422,in_process
pytorch_checkpoint,2,479,0.5818870013172273,in_process
pytorch_checkpoint,2,480,0.5575849991146242,in_process
pytorch_checkpoint,2,481,0.6319700005406048,in_process
pytorch_checkpoint,2,482,0.5653930002154084,in_process
pytorch_checkpoint,2,483,0.5664920008712215,in_process
pytorch_checkpoint,2,484,0.6098969988670433,in_process
pytorch_checkpoint,2,485,0.5591449989879038,in_process
pytorch_checkpoint,2,486,0.8179699998436263,in_process
pytorch_checkpoint,2,487,0.5630350005958462,in_process
pytorch_checkpoint,2,488,0.5520949998754077,in_process
pytorch_checkpoint,2,489,0.5765719997725682,in_process
pytorch_checkpoint,2,490,0.5668990015692543,in_process
pytorch_checkpoint,2,491,0.5672040006174939,in_process
pytorch_checkpoint,2,492,0.5634579993056832,in_process
pytorch_checkpoint,2,493,0.552270001207944,in_process
pytorch_checkpoint,2,494,0.5586240004049614,in_process
pytorch_checkpoint,2,495,0.5596989994955948,in_process
pytorch_checkpoint,2,496,0.5800910003017634,in_process
pytorch_checkpoint,2,497,0.5989149995002663,in_process
pytorch_checkpoint,2,498,0.5957749999652151,in_process
pytorch_checkpoint,2,499,0.5639259998133639,in_process
pytorch_checkpoint,2,500,0.5511550007213373,in_process
pytorch_checkpoint,2,501,0.5596419996436452,in_process
pytorch_checkpoint,2,502,0.5707880009140354,in_process
pytorch_checkpoint,2,503,0.6148100001155399,in_process
pytorch_checkpoint,2,504,0.5616599992208648,in_process
pytorch_checkpoint,2,505,0.5481979987962404,in_process
pytorch_checkpoint,2,506,0.5562530004681321,in_process
pytorch_checkpoint,2,507,0.5615600002784049,in_process
pytorch_checkpoint,2,508,0.5979330016998574,in_process
pytorch_checkpoint,2,509,0.5648229998769239,in_process
pytorch_checkpoint,2,510,0.5647149992000777,in_process
pytorch_checkpoint,2,511,0.5436429983092239,in_process
pytorch_checkpoint,2,512,0.554296999325743,in_process
pytorch_checkpoint,2,513,0.5974439991405234,in_process
pytorch_checkpoint,2,514,0.5632679985865252,in_process
pytorch_checkpoint,2,515,0.5715379993489478,in_process
pytorch_checkpoint,2,516,0.5476810001709964,in_process
pytorch_checkpoint,2,517,0.5534329993679421,in_process
pytorch_checkpoint,2,518,0.5800720009574434,in_process
pytorch_checkpoint,2,519,0.5541400005313335,in_process
pytorch_checkpoint,2,520,0.5729339991376037,in_process
pytorch_checkpoint,2,521,0.5621229993266752,in_process
pytorch_checkpoint,2,522,0.5440899985842407,in_process
pytorch_checkpoint,2,523,0.5548900007852353,in_process
pytorch_checkpoint,2,524,0.5525890010176226,in_process
pytorch_checkpoint,2,525,0.5591989993263269,in_process
pytorch_checkpoint,2,526,0.5545700005313847,in_process
pytorch_checkpoint,2,527,0.543616999493679,in_process
pytorch_checkpoint,2,528,0.5605320002359804,in_process
pytorch_checkpoint,2,529,0.564358000701759,in_process
pytorch_checkpoint,2,530,0.5509709990292322,in_process
pytorch_checkpoint,2,531,0.562508999792044,in_process
pytorch_checkpoint,2,532,0.6046589987818152,in_process
pytorch_checkpoint,2,533,0.5529919999389676,in_process
pytorch_checkpoint,2,534,0.545332000911003,in_process
pytorch_checkpoint,2,535,0.5508720005309442,in_process
pytorch_checkpoint,2,536,0.5571920009970199,in_process
pytorch_checkpoint,2,537,0.569045001611812,in_process
pytorch_checkpoint,2,538,0.5498570008057868,in_process
pytorch_checkpoint,2,539,0.5529280006157933,in_process
pytorch_checkpoint,2,540,0.5688470009772573,in_process
pytorch_checkpoint,2,541,0.5494800006999867,in_process
pytorch_checkpoint,2,542,0.5877080002392177,in_process
pytorch_checkpoint,2,543,0.5643299991788808,in_process
pytorch_checkpoint,2,544,0.5546390002564294,in_process
pytorch_checkpoint,2,545,0.5556530013564043,in_process
pytorch_checkpoint,2,546,0.5620800002361648,in_process
pytorch_checkpoint,2,547,0.5754140001954511,in_process
pytorch_checkpoint,2,548,0.5613110006379429,in_process
pytorch_checkpoint,2,549,0.5483469994942425,in_process
pytorch_checkpoint,2,550,0.564379000934423,in_process
pytorch_checkpoint,2,551,0.5463390007207636,in_process
pytorch_checkpoint,2,552,0.575988000491634,in_process
pytorch_checkpoint,2,553,0.555512000573799,in_process
pytorch_checkpoint,2,554,0.5536950011446606,in_process
pytorch_checkpoint,2,555,0.5502139993041055,in_process
pytorch_checkpoint,2,556,0.5434519989648834,in_process
pytorch_checkpoint,2,557,0.596161000430584,in_process
pytorch_checkpoint,2,558,0.5668859994329978,in_process
pytorch_checkpoint,2,559,0.5519189999176888,in_process
pytorch_checkpoint,2,560,0.5438770003820537,in_process
pytorch_checkpoint,2,561,0.5665750013577053,in_process
pytorch_checkpoint,2,562,0.5543380011658883,in_process
pytorch_checkpoint,2,563,0.5546509983105352,in_process
pytorch_checkpoint,2,564,0.5615770005533705,in_process
pytorch_checkpoint,2,565,0.5538080004043877,in_process
pytorch_checkpoint,2,566,0.5484539997269167,in_process
pytorch_checkpoint,2,567,0.5719370001315838,in_process
pytorch_checkpoint,2,568,0.5564530001720414,in_process
pytorch_checkpoint,2,569,0.581192000026931,in_process
pytorch_checkpoint,2,570,0.5431689987744903,in_process
pytorch_checkpoint,2,571,0.553529000171693,in_process
pytorch_checkpoint,2,572,0.5734989990742179,in_process
pytorch_checkpoint,2,573,0.5459929998323787,in_process
pytorch_checkpoint,2,574,0.5600950007647043,in_process
pytorch_checkpoint,2,575,0.5642129999614554,in_process
pytorch_checkpoint,2,576,0.5659079997712979,in_process
pytorch_checkpoint,2,577,0.5431270001281518,in_process
pytorch_checkpoint,2,578,0.542799998584087,in_process
pytorch_checkpoint,2,579,0.5509969996637665,in_process
pytorch_checkpoint,2,580,0.5521419989236165,in_process
pytorch_checkpoint,2,581,0.5500150000443682,in_process
pytorch_checkpoint,2,582,0.5910859999858076,in_process
pytorch_checkpoint,2,583,0.5442139990918804,in_process
pytorch_checkpoint,2,584,0.5489800005307188,in_process
pytorch_checkpoint,2,585,0.559133000933798,in_process
pytorch_checkpoint,2,586,0.585960000535124,in_process
pytorch_checkpoint,2,587,0.542799998584087,in_process
pytorch_checkpoint,2,588,0.5403280010796152,in_process
pytorch_checkpoint,2,589,0.5533469993679319,in_process
pytorch_checkpoint,2,590,0.5571580004470889,in_process
pytorch_checkpoint,2,591,0.5676790005963994,in_process
pytorch_checkpoint,2,592,0.55280699962168,in_process
pytorch_checkpoint,2,593,0.5677059998561163,in_process
pytorch_checkpoint,2,594,0.5568350006797118,in_process
pytorch_checkpoint,2,595,0.5527970006369287,in_process
pytorch_checkpoint,2,596,0.5803029998787679,in_process
pytorch_checkpoint,2,597,0.5574079987127334,in_process
pytorch_checkpoint,2,598,0.5458010000438662,in_process
pytorch_checkpoint,2,599,0.5506529996637255,in_process
pytorch_checkpoint,2,600,0.5547340006160084,in_process
pytorch_checkpoint,2,601,0.579269999434473,in_process
pytorch_checkpoint,2,602,0.543444000868476,in_process
pytorch_checkpoint,2,603,0.5434849990706425,in_process
pytorch_checkpoint,2,604,0.5605050009762635,in_process
pytorch_checkpoint,2,605,0.5509250004251953,in_process
pytorch_checkpoint,2,606,0.588533999689389,in_process
pytorch_checkpoint,2,607,0.5567780008277623,in_process
pytorch_checkpoint,2,608,0.5602279998129234,in_process
pytorch_checkpoint,2,609,6.847344999187044,in_process
pytorch_checkpoint,2,610,0.740404000680428,in_process
pytorch_checkpoint,2,611,0.819220000266796,in_process
pytorch_checkpoint,2,612,0.6681909999315394,in_process
pytorch_checkpoint,2,613,0.6202449985721614,in_process
pytorch_checkpoint,2,614,0.6307099993136944,in_process
pytorch_checkpoint,2,615,0.6184670000948245,in_process
pytorch_checkpoint,2,616,0.6354509987431811,in_process
pytorch_checkpoint,2,617,0.5940049995842855,in_process
pytorch_checkpoint,2,618,0.5699590001313481,in_process
pytorch_checkpoint,2,619,0.6902519999130163,in_process
pytorch_checkpoint,2,620,0.5641999996441882,in_process
pytorch_checkpoint,2,621,0.5745420003222534,in_process
pytorch_checkpoint,2,622,0.5612010008917423,in_process
pytorch_checkpoint,2,623,0.5684820007445524,in_process
pytorch_checkpoint,2,624,0.6608300009247614,in_process
pytorch_checkpoint,2,625,0.6296900010056561,in_process
pytorch_checkpoint,2,626,0.5852690010215156,in_process
pytorch_checkpoint,2,627,0.5572949994530063,in_process
pytorch_checkpoint,2,628,0.5715479983336991,in_process
pytorch_checkpoint,2,629,0.5536059998121345,in_process
pytorch_checkpoint,2,630,0.5887890001758933,in_process
pytorch_checkpoint,2,631,0.566988001082791,in_process
pytorch_checkpoint,2,632,0.6449490010709269,in_process
pytorch_checkpoint,2,633,0.5606350005109562,in_process
pytorch_checkpoint,2,634,0.5801049992442131,in_process
pytorch_checkpoint,2,635,0.9311530011473224,in_process
pytorch_checkpoint,2,636,0.5737479987146799,in_process
pytorch_checkpoint,2,637,0.8992809998744633,in_process
pytorch_checkpoint,2,638,0.5571919991780305,in_process
pytorch_checkpoint,2,639,0.6260070003918372,in_process
pytorch_checkpoint,2,640,0.6230219987628516,in_process
pytorch_checkpoint,2,641,0.5687230004696175,in_process
pytorch_checkpoint,2,642,0.5448479987535393,in_process
pytorch_checkpoint,2,643,0.5482209999172483,in_process
pytorch_checkpoint,2,644,0.6036279992258642,in_process
pytorch_checkpoint,2,645,0.5608949995803414,in_process
pytorch_checkpoint,2,646,0.5764279994764365,in_process
pytorch_checkpoint,2,647,0.5637060003209626,in_process
pytorch_checkpoint,2,648,0.570881999010453,in_process
pytorch_checkpoint,2,649,0.5616009984805714,in_process
pytorch_checkpoint,2,650,0.5987020012980793,in_process
pytorch_checkpoint,2,651,0.5683740000677062,in_process
pytorch_checkpoint,2,652,0.5831669986946508,in_process
pytorch_checkpoint,2,653,0.5797760004497832,in_process
pytorch_checkpoint,2,654,0.5558430002565729,in_process
pytorch_checkpoint,2,655,0.5559940000239294,in_process
pytorch_checkpoint,2,656,0.604969998676097,in_process
pytorch_checkpoint,2,657,0.5882869991182815,in_process
pytorch_checkpoint,2,658,0.6962530005694134,in_process
pytorch_checkpoint,2,659,0.5920679996052058,in_process
pytorch_checkpoint,2,660,0.6003559992677765,in_process
pytorch_checkpoint,2,661,0.5651219998981105,in_process
pytorch_checkpoint,2,662,0.5576210005528992,in_process
pytorch_checkpoint,2,663,0.5962249997537583,in_process
pytorch_checkpoint,2,664,0.5821329996251734,in_process
pytorch_checkpoint,2,665,0.5865990005986532,in_process
pytorch_checkpoint,2,666,0.5519139995158184,in_process
pytorch_checkpoint,2,667,0.9405950004293118,in_process
pytorch_checkpoint,2,668,0.5461569999170024,in_process
pytorch_checkpoint,2,669,0.5457059996842872,in_process
pytorch_checkpoint,2,670,0.5570510002144147,in_process
pytorch_checkpoint,2,671,0.5666529996233294,in_process
pytorch_checkpoint,2,672,0.5812489998788806,in_process
pytorch_checkpoint,2,673,0.5830469999636989,in_process
pytorch_checkpoint,2,674,0.5469360003189649,in_process
pytorch_checkpoint,2,675,0.5625700014206814,in_process
pytorch_checkpoint,2,676,0.5752760007453617,in_process
pytorch_checkpoint,2,677,0.5921179999859305,in_process
pytorch_checkpoint,2,678,0.607961001151125,in_process
pytorch_checkpoint,2,679,0.5607029997918289,in_process
pytorch_checkpoint,2,680,0.5571679994318401,in_process
pytorch_checkpoint,2,681,0.5728910000470933,in_process
pytorch_checkpoint,2,682,0.6171060013002716,in_process
pytorch_checkpoint,2,683,0.5720710014429642,in_process
pytorch_checkpoint,2,684,0.5439990000013495,in_process
pytorch_checkpoint,2,685,0.5529299996851478,in_process
pytorch_checkpoint,2,686,0.620564998826012,in_process
pytorch_checkpoint,2,687,0.6042549994162982,in_process
pytorch_checkpoint,2,688,0.5796660007035825,in_process
pytorch_checkpoint,2,689,0.594998999076779,in_process
pytorch_checkpoint,2,690,0.5739990010624751,in_process
pytorch_checkpoint,2,691,0.555533000806463,in_process
pytorch_checkpoint,2,692,0.5741499990108423,in_process
pytorch_checkpoint,2,693,0.5692550003004726,in_process
pytorch_checkpoint,2,694,0.5791300009150291,in_process
pytorch_checkpoint,2,695,0.5635800007439684,in_process
pytorch_checkpoint,2,696,0.5487910002557328,in_process
pytorch_checkpoint,2,697,0.5546709999180166,in_process
pytorch_checkpoint,2,698,0.5868119988008402,in_process
pytorch_checkpoint,2,699,0.5904259996896144,in_process
pytorch_checkpoint,2,700,0.5690670004696585,in_process
pytorch_checkpoint,2,701,0.5846660005772719,in_process
pytorch_checkpoint,2,702,0.5631200001516845,in_process
pytorch_checkpoint,2,703,0.5430179990071338,in_process
pytorch_checkpoint,2,704,0.553683999896748,in_process
pytorch_checkpoint,2,705,0.5569099994318094,in_process
pytorch_checkpoint,2,706,0.5778079994342988,in_process
pytorch_checkpoint,2,707,0.5592020006588427,in_process
pytorch_checkpoint,2,708,0.5374339998525102,in_process
pytorch_checkpoint,2,709,0.5585330000030808,in_process
pytorch_checkpoint,2,710,0.5832089991599787,in_process
pytorch_checkpoint,2,711,0.5721690013160696,in_process
pytorch_checkpoint,2,712,0.5677819990523858,in_process
pytorch_checkpoint,2,713,0.5733990001317579,in_process
pytorch_checkpoint,2,714,0.555267999516218,in_process
pytorch_checkpoint,2,715,0.553664000108256,in_process
pytorch_checkpoint,2,716,0.613279000390321,in_process
pytorch_checkpoint,2,717,0.6634879991906928,in_process
pytorch_checkpoint,2,718,0.7249859991134144,in_process
pytorch_checkpoint,2,719,0.7782190004945733,in_process
pytorch_checkpoint,2,720,0.9468199987168191,in_process
pytorch_checkpoint,2,721,0.7072099997458281,in_process
pytorch_checkpoint,2,722,0.5732259996875655,in_process
pytorch_checkpoint,2,723,0.5539520007005194,in_process
pytorch_checkpoint,2,724,0.5905509988224367,in_process
pytorch_checkpoint,2,725,0.5804600004921667,in_process
pytorch_checkpoint,2,726,0.5828979992656969,in_process
pytorch_checkpoint,2,727,0.5619760013360064,in_process
pytorch_checkpoint,2,728,0.5617260012513725,in_process
pytorch_checkpoint,2,729,0.5950069989921758,in_process
pytorch_checkpoint,2,730,0.581252999836579,in_process
pytorch_checkpoint,2,731,0.5892369990760926,in_process
pytorch_checkpoint,2,732,0.5734480000683106,in_process
pytorch_checkpoint,2,733,0.5778000013378914,in_process
pytorch_checkpoint,2,734,0.5625829999189591,in_process
pytorch_checkpoint,2,735,0.5492260006576544,in_process
pytorch_checkpoint,2,736,0.5858399999851827,in_process
pytorch_checkpoint,2,737,0.5636139994749101,in_process
pytorch_checkpoint,2,738,0.5448129995784257,in_process
pytorch_checkpoint,2,739,0.5775540012109559,in_process
pytorch_checkpoint,2,740,0.5601060001936276,in_process
pytorch_checkpoint,2,741,0.568572000702261,in_process
pytorch_checkpoint,2,742,0.5893939996894915,in_process
pytorch_checkpoint,2,743,0.5959219997748733,in_process
pytorch_checkpoint,2,744,0.5624469995382242,in_process
pytorch_checkpoint,2,745,0.5470029991556657,in_process
pytorch_checkpoint,2,746,0.5517329991562292,in_process
pytorch_checkpoint,2,747,0.6840780006314162,in_process
pytorch_checkpoint,2,748,0.5920490002608858,in_process
pytorch_checkpoint,2,749,0.5653909993270645,in_process
pytorch_checkpoint,2,750,0.5728280011680909,in_process
pytorch_checkpoint,2,751,0.5610570005956106,in_process
pytorch_checkpoint,2,752,0.5538850000448292,in_process
pytorch_checkpoint,2,753,0.5712539987143828,in_process
pytorch_checkpoint,2,754,0.5534529991564341,in_process
pytorch_checkpoint,2,755,0.5653860007441835,in_process
pytorch_checkpoint,2,756,7.215859999632812,in_process
pytorch_checkpoint,2,757,0.8317310002894374,in_process
pytorch_checkpoint,2,758,0.9964640012185555,in_process
pytorch_checkpoint,2,759,0.7766409999021562,in_process
pytorch_checkpoint,2,760,0.7715209994785255,in_process
pytorch_checkpoint,2,761,0.7712160004302859,in_process
pytorch_checkpoint,2,762,0.7776639995427104,in_process
pytorch_checkpoint,2,763,0.8320209999510553,in_process
pytorch_checkpoint,2,764,0.7047119997878326,in_process
pytorch_checkpoint,2,765,0.6946569992578588,in_process
pytorch_checkpoint,2,766,0.6982289996813051,in_process
pytorch_checkpoint,2,767,0.6817430003138725,in_process
pytorch_checkpoint,2,768,0.6835200001660269,in_process
pytorch_checkpoint,2,769,0.6861439997010166,in_process
pytorch_checkpoint,2,770,0.7365090004896047,in_process
pytorch_checkpoint,2,771,0.6966050004848512,in_process
pytorch_checkpoint,2,772,0.6999230008659652,in_process
pytorch_checkpoint,2,773,0.7034270001895493,in_process
pytorch_checkpoint,2,774,0.7272270013345405,in_process
pytorch_checkpoint,2,775,0.6966260007175151,in_process
pytorch_checkpoint,2,776,0.7678960009798175,in_process
pytorch_checkpoint,2,777,0.6845010011602426,in_process
pytorch_checkpoint,2,778,0.7366770005319268,in_process
pytorch_checkpoint,2,779,0.7072190001053968,in_process
pytorch_checkpoint,2,780,0.9366340000269702,in_process
pytorch_checkpoint,2,781,0.6918899998709094,in_process
pytorch_checkpoint,2,782,0.7192160010163207,in_process
pytorch_checkpoint,2,783,0.6872809990454698,in_process
pytorch_checkpoint,2,784,0.7168470001488458,in_process
pytorch_checkpoint,2,785,0.7218660011858447,in_process
pytorch_checkpoint,2,786,0.7014920010988135,in_process
pytorch_checkpoint,2,787,0.684101001752424,in_process
pytorch_checkpoint,2,788,0.6820329999754904,in_process
pytorch_checkpoint,2,789,0.6831810005678562,in_process
pytorch_checkpoint,2,790,0.7328680003411137,in_process
pytorch_checkpoint,2,791,0.6879459997435333,in_process
pytorch_checkpoint,2,792,0.6988469995121704,in_process
pytorch_checkpoint,2,793,0.6999269990046741,in_process
pytorch_checkpoint,2,794,0.7762549994367873,in_process
pytorch_checkpoint,2,795,0.7157260006351862,in_process
pytorch_checkpoint,2,796,0.6901220003783237,in_process
pytorch_checkpoint,2,797,0.6902950008225162,in_process
pytorch_checkpoint,2,798,0.7260589991346933,in_process
pytorch_checkpoint,2,799,0.6986239986872533,in_process
pytorch_checkpoint,2,800,0.6949180005904054,in_process
pytorch_checkpoint,2,801,0.7023239995760377,in_process
pytorch_checkpoint,2,802,0.764502001402434,in_process
pytorch_checkpoint,2,803,0.7044379999570083,in_process
pytorch_checkpoint,2,804,0.7056740014377283,in_process
pytorch_checkpoint,2,805,0.7046459995763144,in_process
pytorch_checkpoint,2,806,0.7682859995838953,in_process
pytorch_checkpoint,2,807,0.6970440008444712,in_process
pytorch_checkpoint,2,808,0.7031379991531139,in_process
pytorch_checkpoint,2,809,0.6955179997021332,in_process
pytorch_checkpoint,2,810,0.7355609996011481,in_process
pytorch_checkpoint,2,811,0.6922109987499425,in_process
pytorch_checkpoint,2,812,0.6919939987710677,in_process
pytorch_checkpoint,2,813,0.6752679983037524,in_process
pytorch_checkpoint,2,814,0.6745989994669799,in_process
pytorch_checkpoint,2,815,0.6494760000350652,in_process
pytorch_checkpoint,2,816,0.5695740001101512,in_process
pytorch_checkpoint,2,817,0.6277649990806822,in_process
pytorch_checkpoint,2,818,0.5648130008921726,in_process
pytorch_checkpoint,2,819,0.6275670002651168,in_process
pytorch_checkpoint,2,820,0.5695359996025218,in_process
pytorch_checkpoint,2,821,0.5626740003208397,in_process
pytorch_checkpoint,2,822,0.5475010002555791,in_process
pytorch_checkpoint,2,823,0.5551539998123189,in_process
pytorch_checkpoint,2,824,0.5915189994993852,in_process
pytorch_checkpoint,2,825,0.5667290006385883,in_process
pytorch_checkpoint,2,826,0.5646789995807922,in_process
pytorch_checkpoint,2,827,0.5937299993092893,in_process
pytorch_checkpoint,2,828,0.5750899999839021,in_process
pytorch_checkpoint,2,829,0.556695998966461,in_process
pytorch_checkpoint,2,830,0.5512799998541595,in_process
pytorch_checkpoint,2,831,0.5664430009346688,in_process
pytorch_checkpoint,2,832,0.5810570000903681,in_process
pytorch_checkpoint,2,833,0.5561760008276906,in_process
pytorch_checkpoint,2,834,0.5641610005113762,in_process
pytorch_checkpoint,2,835,0.5581289988185745,in_process
pytorch_checkpoint,2,836,0.5661189989041304,in_process
pytorch_checkpoint,2,837,0.5659920007019537,in_process
pytorch_checkpoint,2,838,0.6152229998406256,in_process
pytorch_checkpoint,2,839,0.566931999856024,in_process
pytorch_checkpoint,2,840,0.5526749991986435,in_process
pytorch_checkpoint,2,841,0.5555410007218597,in_process
pytorch_checkpoint,2,842,0.5670690006809309,in_process
pytorch_checkpoint,2,843,0.5870789991604397,in_process
pytorch_checkpoint,2,844,0.5624620007438352,in_process
pytorch_checkpoint,2,845,0.5498849986906862,in_process
pytorch_checkpoint,2,846,0.5575480008701561,in_process
pytorch_checkpoint,2,847,0.5704079994757194,in_process
pytorch_checkpoint,2,848,0.5976499996904749,in_process
pytorch_checkpoint,2,849,0.5871780012967065,in_process
pytorch_checkpoint,2,850,0.5687460015906254,in_process
pytorch_checkpoint,2,851,0.5481810003402643,in_process
pytorch_checkpoint,2,852,0.5482939995999914,in_process
pytorch_checkpoint,2,853,0.5882429995835992,in_process
pytorch_checkpoint,2,854,0.5664540003635921,in_process
pytorch_checkpoint,2,855,0.5543130009755259,in_process
pytorch_checkpoint,2,856,0.5471530002978398,in_process
pytorch_checkpoint,2,857,0.5498459995578742,in_process
pytorch_checkpoint,2,858,0.5829469992022496,in_process
pytorch_checkpoint,2,859,0.5816449993290007,in_process
pytorch_checkpoint,2,860,0.5690620000677882,in_process
pytorch_checkpoint,2,861,0.5486640002345666,in_process
pytorch_checkpoint,2,862,0.5473420005728258,in_process
pytorch_checkpoint,2,863,0.5881460001546657,in_process
pytorch_checkpoint,2,864,0.5614609999611275,in_process
pytorch_checkpoint,2,865,0.5624630011880072,in_process
pytorch_checkpoint,2,866,0.542014000529889,in_process
pytorch_checkpoint,2,867,0.5478299990500091,in_process
pytorch_checkpoint,2,868,0.5768690007244004,in_process
pytorch_checkpoint,2,869,0.5604750003840309,in_process
pytorch_checkpoint,2,870,0.5793090003862744,in_process
pytorch_checkpoint,2,871,0.5754649992013583,in_process
pytorch_checkpoint,2,872,0.5470510004670359,in_process
pytorch_checkpoint,2,873,0.5582780013355659,in_process
pytorch_checkpoint,2,874,0.5618310005957028,in_process
pytorch_checkpoint,2,875,0.629905000096187,in_process
pytorch_checkpoint,2,876,0.5689760000677779,in_process
pytorch_checkpoint,2,877,0.5444270009320462,in_process
pytorch_checkpoint,2,878,0.56209200010926,in_process
pytorch_checkpoint,2,879,0.5635640009131748,in_process
pytorch_checkpoint,2,880,0.5782869993709028,in_process
pytorch_checkpoint,2,881,0.6677270012005465,in_process
pytorch_checkpoint,2,882,0.6076970003050519,in_process
pytorch_checkpoint,2,883,0.6127430006017676,in_process
pytorch_checkpoint,2,884,0.6070660001569195,in_process
pytorch_checkpoint,2,885,0.5570239991357084,in_process
pytorch_checkpoint,2,886,0.5562590013141744,in_process
pytorch_checkpoint,2,887,0.5982010006846394,in_process
pytorch_checkpoint,2,888,0.5774149994977051,in_process
pytorch_checkpoint,2,889,0.5620039992209058,in_process
pytorch_checkpoint,2,890,0.577875000089989,in_process
pytorch_checkpoint,2,891,0.5691700007446343,in_process
pytorch_checkpoint,2,892,0.5562700007430976,in_process
pytorch_checkpoint,2,893,0.5679149999195943,in_process
pytorch_checkpoint,2,894,0.5626730016956571,in_process
pytorch_checkpoint,2,895,6.68259499980195,in_process
pytorch_checkpoint,2,896,0.7150839992391411,in_process
pytorch_checkpoint,2,897,0.800417001300957,in_process
pytorch_checkpoint,2,898,0.6589649983652635,in_process
pytorch_checkpoint,2,899,0.6350280000333441,in_process
pytorch_checkpoint,2,900,0.6183299992699176,in_process
pytorch_checkpoint,2,901,0.6336719998216722,in_process
pytorch_checkpoint,2,902,0.6311580000328831,in_process
pytorch_checkpoint,2,903,0.5847020001965575,in_process
pytorch_checkpoint,2,904,0.5809229987789877,in_process
pytorch_checkpoint,2,905,0.5669139991368866,in_process
pytorch_checkpoint,2,906,0.5636379992211005,in_process
pytorch_checkpoint,2,907,0.5653179996443214,in_process
pytorch_checkpoint,2,908,0.5867870004294673,in_process
pytorch_checkpoint,2,909,0.5787040008726763,in_process
pytorch_checkpoint,2,910,0.5636489986500237,in_process
pytorch_checkpoint,2,911,0.5792619995190762,in_process
pytorch_checkpoint,2,912,0.5753320001531392,in_process
pytorch_checkpoint,2,913,0.5766510003013536,in_process
pytorch_checkpoint,2,914,0.5567619991779793,in_process
pytorch_checkpoint,2,915,0.5622400003630901,in_process
pytorch_checkpoint,2,916,0.5933299999014707,in_process
pytorch_checkpoint,2,917,0.5646339996019378,in_process
pytorch_checkpoint,2,918,0.6295920011325506,in_process
pytorch_checkpoint,2,919,0.5762450000474928,in_process
pytorch_checkpoint,2,920,0.5784809982287697,in_process
pytorch_checkpoint,2,921,0.6045990012353286,in_process
pytorch_checkpoint,2,922,0.5659300004481338,in_process
pytorch_checkpoint,2,923,0.8062899996730266,in_process
pytorch_checkpoint,2,924,0.582926000788575,in_process
pytorch_checkpoint,2,925,0.5860260007466422,in_process
pytorch_checkpoint,2,926,0.5542380004044389,in_process
pytorch_checkpoint,2,927,0.5525840006157523,in_process
pytorch_checkpoint,2,928,0.5715910010621883,in_process
pytorch_checkpoint,2,929,0.5627560003631515,in_process
pytorch_checkpoint,2,930,0.5816229986521648,in_process
pytorch_checkpoint,2,931,0.558067000383744,in_process
pytorch_checkpoint,2,932,0.5564319999393774,in_process
pytorch_checkpoint,2,933,0.5665680000674911,in_process
pytorch_checkpoint,2,934,0.5861050012754276,in_process
pytorch_checkpoint,2,935,0.6122809991211398,in_process
pytorch_checkpoint,2,936,0.5842500013386598,in_process
pytorch_checkpoint,2,937,0.55474900000263,in_process
pytorch_checkpoint,2,938,0.5616819998977007,in_process
pytorch_checkpoint,2,939,0.5730009997932939,in_process
pytorch_checkpoint,2,940,0.6253369992919033,in_process
pytorch_checkpoint,2,941,0.5816829998366302,in_process
pytorch_checkpoint,2,942,0.5645399996865308,in_process
pytorch_checkpoint,2,943,0.5696110001736088,in_process
pytorch_checkpoint,2,944,0.5683489998773439,in_process
pytorch_checkpoint,2,945,0.580451000132598,in_process
pytorch_checkpoint,2,946,0.5729519998567412,in_process
pytorch_checkpoint,2,947,0.6211449999682372,in_process
pytorch_checkpoint,2,948,0.6250460010051029,in_process
pytorch_checkpoint,2,949,0.5975580006634118,in_process
pytorch_checkpoint,2,950,0.5621750005957438,in_process
pytorch_checkpoint,2,951,0.5660060014633927,in_process
pytorch_checkpoint,2,952,0.5825530006404733,in_process
pytorch_checkpoint,2,953,0.5780749997938983,in_process
pytorch_checkpoint,2,954,0.6004639999446226,in_process
pytorch_checkpoint,2,955,0.6341489988699323,in_process
pytorch_checkpoint,2,956,0.5815950007672654,in_process
pytorch_checkpoint,2,957,0.5670479986292776,in_process
pytorch_checkpoint,2,958,0.5571169986069435,in_process
pytorch_checkpoint,2,959,0.5767980001110118,in_process
pytorch_checkpoint,2,960,0.5817530000058468,in_process
pytorch_checkpoint,2,961,0.6067909998819232,in_process
pytorch_checkpoint,2,962,0.5706499996449566,in_process
pytorch_checkpoint,2,963,0.5587960004049819,in_process
pytorch_checkpoint,2,964,0.5737000010412885,in_process
pytorch_checkpoint,2,965,0.5844909992447356,in_process
pytorch_checkpoint,2,966,0.5901250005990732,in_process
pytorch_checkpoint,2,967,0.5757500002800953,in_process
pytorch_checkpoint,2,968,0.6451389999710955,in_process
pytorch_checkpoint,2,969,0.5690269990736851,in_process
pytorch_checkpoint,2,970,0.5944009990344057,in_process
pytorch_checkpoint,2,971,0.5631439998978749,in_process
pytorch_checkpoint,2,972,0.5837219996465137,in_process
pytorch_checkpoint,2,973,0.6026629998814315,in_process
pytorch_checkpoint,2,974,0.5688239998562494,in_process
pytorch_checkpoint,2,975,0.5490530002134619,in_process
pytorch_checkpoint,2,976,0.5560879999393364,in_process
pytorch_checkpoint,2,977,0.6075279998185579,in_process
pytorch_checkpoint,2,978,0.5624680015898775,in_process
pytorch_checkpoint,2,979,0.5731199998990633,in_process
pytorch_checkpoint,2,980,0.5701499994756887,in_process
pytorch_checkpoint,2,981,0.5704089999198914,in_process
pytorch_checkpoint,2,982,0.5535939999390393,in_process
pytorch_checkpoint,2,983,0.5660240003635408,in_process
pytorch_checkpoint,2,984,0.5673569994542049,in_process
pytorch_checkpoint,2,985,0.5734280002798187,in_process
pytorch_checkpoint,2,986,0.5494540000654524,in_process
pytorch_checkpoint,2,987,0.6608319999941159,in_process
pytorch_checkpoint,2,988,0.5577320007432718,in_process
pytorch_checkpoint,2,989,0.5569280001509469,in_process
pytorch_checkpoint,2,990,0.5603829995379783,in_process
pytorch_checkpoint,2,991,0.5697670003428357,in_process
pytorch_checkpoint,2,992,0.5757149992859922,in_process
pytorch_checkpoint,2,993,0.5515440007002326,in_process
pytorch_checkpoint,2,994,0.5495719997270498,in_process
pytorch_checkpoint,2,995,0.5633379987557419,in_process
pytorch_checkpoint,2,996,0.5746679998992477,in_process
pytorch_checkpoint,2,997,0.5715620009141276,in_process
pytorch_checkpoint,2,998,0.5842699993081624,in_process
pytorch_checkpoint,2,999,0.5505720000655856,in_process
torchscript_jit,0,0,5.992182001136825,in_process
torchscript_jit,0,1,0.6027790004736744,in_process
torchscript_jit,0,2,0.46461499914585147,in_process
torchscript_jit,0,3,0.4566369989333907,in_process
torchscript_jit,0,4,0.4750220014102524,in_process
torchscript_jit,0,5,0.4630149996955879,in_process
torchscript_jit,0,6,0.4432240002643084,in_process
torchscript_jit,0,7,1.0620559987728484,in_process
torchscript_jit,0,8,0.48141700062842574,in_process
torchscript_jit,0,9,0.5487530015670927,in_process
torchscript_jit,0,10,0.44797599912271835,in_process
torchscript_jit,0,11,0.45526800022344105,in_process
torchscript_jit,0,12,0.45532699914474506,in_process
torchscript_jit,0,13,0.4831320002267603,in_process
torchscript_jit,0,14,0.4614490007952554,in_process
torchscript_jit,0,15,0.4513510011747712,in_process
torchscript_jit,0,16,0.44218900075065903,in_process
torchscript_jit,0,17,0.45655699977942277,in_process
torchscript_jit,0,18,0.4617850008798996,in_process
torchscript_jit,0,19,0.46873599967511836,in_process
torchscript_jit,0,20,0.44097399950260296,in_process
torchscript_jit,0,21,0.4390110007079784,in_process
torchscript_jit,0,22,0.4531900012807455,in_process
torchscript_jit,0,23,0.4783730000781361,in_process
torchscript_jit,0,24,0.44825599979958497,in_process
torchscript_jit,0,25,0.449953999122954,in_process
torchscript_jit,0,26,0.4499689985095756,in_process
torchscript_jit,0,27,0.47216200073307846,in_process
torchscript_jit,0,28,0.5317420000210404,in_process
torchscript_jit,0,29,0.46389700037252624,in_process
torchscript_jit,0,30,0.44738799988408573,in_process
torchscript_jit,0,31,0.455000001238659,in_process
torchscript_jit,0,32,0.5499750004673842,in_process
torchscript_jit,0,33,0.4611509993992513,in_process
torchscript_jit,0,34,0.5022929999540793,in_process
torchscript_jit,0,35,0.46732999908272177,in_process
torchscript_jit,0,36,0.464153999928385,in_process
torchscript_jit,0,37,0.5284679991746088,in_process
torchscript_jit,0,38,0.4631989995687036,in_process
torchscript_jit,0,39,0.45740499990643,in_process
torchscript_jit,0,40,0.4790229995705886,in_process
torchscript_jit,0,41,0.4530949991021771,in_process
torchscript_jit,0,42,0.434204999692156,in_process
torchscript_jit,0,43,0.44238400005269796,in_process
torchscript_jit,0,44,0.45467199925042223,in_process
torchscript_jit,0,45,0.47780100067029707,in_process
torchscript_jit,0,46,0.4526900011114776,in_process
torchscript_jit,0,47,0.4441800010681618,in_process
torchscript_jit,0,48,0.43092600026284344,in_process
torchscript_jit,0,49,0.4584060006891377,in_process
torchscript_jit,0,50,0.48813799912750255,in_process
torchscript_jit,0,51,0.44772700130124576,in_process
torchscript_jit,0,52,0.43822399857162964,in_process
torchscript_jit,0,53,0.4509330010478152,in_process
torchscript_jit,0,54,0.4693450009654043,in_process
torchscript_jit,0,55,0.43440699846541975,in_process
torchscript_jit,0,56,0.47690500105090905,in_process
torchscript_jit,0,57,0.43510599971341435,in_process
torchscript_jit,0,58,0.4358449987194035,in_process
torchscript_jit,0,59,0.4436800008988939,in_process
torchscript_jit,0,60,0.44620699918596074,in_process
torchscript_jit,0,61,0.45640100142918527,in_process
torchscript_jit,0,62,0.4504979988269042,in_process
torchscript_jit,0,63,0.4380410009616753,in_process
torchscript_jit,0,64,0.5462949993670918,in_process
torchscript_jit,0,65,0.5164260001038201,in_process
torchscript_jit,0,66,0.43896600072912406,in_process
torchscript_jit,0,67,0.4828259989153594,in_process
torchscript_jit,0,68,0.42128199856961146,in_process
torchscript_jit,0,69,0.43200400068599265,in_process
torchscript_jit,0,70,0.4773759992531268,in_process
torchscript_jit,0,71,0.4289860007702373,in_process
torchscript_jit,0,72,0.45717300054093357,in_process
torchscript_jit,0,73,0.4442829995241482,in_process
torchscript_jit,0,74,0.45868999950471334,in_process
torchscript_jit,0,75,0.43287900007271674,in_process
torchscript_jit,0,76,0.43346299935365096,in_process
torchscript_jit,0,77,0.4564499995467486,in_process
torchscript_jit,0,78,0.4466230002435623,in_process
torchscript_jit,0,79,0.44226800127944443,in_process
torchscript_jit,0,80,0.46040800043556374,in_process
torchscript_jit,0,81,0.44149399946036283,in_process
torchscript_jit,0,82,0.49078200026997365,in_process
torchscript_jit,0,83,0.42937800026265904,in_process
torchscript_jit,0,84,0.445012999989558,in_process
torchscript_jit,0,85,0.4588860010699136,in_process
torchscript_jit,0,86,0.45332700028666295,in_process
torchscript_jit,0,87,0.42639799903554376,in_process
torchscript_jit,0,88,0.44717200034938287,in_process
torchscript_jit,0,89,0.4508220008574426,in_process
torchscript_jit,0,90,0.43270899914205074,in_process
torchscript_jit,0,91,0.4530500009423122,in_process
torchscript_jit,0,92,0.4527359997155145,in_process
torchscript_jit,0,93,0.47499600077571813,in_process
torchscript_jit,0,94,0.42798800132004544,in_process
torchscript_jit,0,95,0.4638619993784232,in_process
torchscript_jit,0,96,0.45304100058274344,in_process
torchscript_jit,0,97,0.4262769998604199,in_process
torchscript_jit,0,98,0.444673998572398,in_process
torchscript_jit,0,99,0.45813699944119435,in_process
torchscript_jit,0,100,0.4248590012139175,in_process
torchscript_jit,0,101,0.46051400022406597,in_process
torchscript_jit,0,102,0.45064400001137983,in_process
torchscript_jit,0,103,0.4178609997325111,in_process
torchscript_jit,0,104,0.44249100028537214,in_process
torchscript_jit,0,105,0.443963001089287,in_process
torchscript_jit,0,106,0.45400999988487456,in_process
torchscript_jit,0,107,0.43115900007251184,in_process
torchscript_jit,0,108,0.4419940014486201,in_process
torchscript_jit,0,109,0.44694700045511127,in_process
torchscript_jit,0,110,0.4246600001351908,in_process
torchscript_jit,0,111,0.4503560012381058,in_process
torchscript_jit,0,112,0.4500480008573504,in_process
torchscript_jit,0,113,0.4315370006224839,in_process
torchscript_jit,0,114,0.44620700100495014,in_process
torchscript_jit,0,115,0.453957998615806,in_process
torchscript_jit,0,116,0.4222999996272847,in_process
torchscript_jit,0,117,0.43559400000958703,in_process
torchscript_jit,0,118,0.4708880005637184,in_process
torchscript_jit,0,119,0.4180060004728148,in_process
torchscript_jit,0,120,0.5441869998321636,in_process
torchscript_jit,0,121,0.47607600026822183,in_process
torchscript_jit,0,122,0.43408899909991305,in_process
torchscript_jit,0,123,0.4262330003257375,in_process
torchscript_jit,0,124,0.4720430006273091,in_process
torchscript_jit,0,125,0.4605000012816163,in_process
torchscript_jit,0,126,0.43213800017838366,in_process
torchscript_jit,0,127,0.4308850002416875,in_process
torchscript_jit,0,128,0.4583610007102834,in_process
torchscript_jit,0,129,0.4562720005196752,in_process
torchscript_jit,0,130,0.5758449988206849,in_process
torchscript_jit,0,131,0.43938700036960654,in_process
torchscript_jit,0,132,0.45112299994798377,in_process
torchscript_jit,0,133,0.43070900028396863,in_process
torchscript_jit,0,134,0.4398620003485121,in_process
torchscript_jit,0,135,0.475954000648926,in_process
torchscript_jit,0,136,0.4688120006903773,in_process
torchscript_jit,0,137,0.43298099990352057,in_process
torchscript_jit,0,138,0.447855998572777,in_process
torchscript_jit,0,139,0.45270699956745375,in_process
torchscript_jit,0,140,0.4303880014049355,in_process
torchscript_jit,0,141,0.4452989996934775,in_process
torchscript_jit,0,142,0.45517299986386206,in_process
torchscript_jit,0,143,0.42252200000802986,in_process
torchscript_jit,0,144,0.4552829996100627,in_process
torchscript_jit,0,145,0.4485850004130043,in_process
torchscript_jit,0,146,0.49385599959350657,in_process
torchscript_jit,0,147,0.4487550013436703,in_process
torchscript_jit,0,148,0.42766200022015255,in_process
torchscript_jit,0,149,0.45891300032963045,in_process
torchscript_jit,0,150,0.45030799992673565,in_process
torchscript_jit,0,151,0.42592200043145567,in_process
torchscript_jit,0,152,0.4951390001224354,in_process
torchscript_jit,0,153,0.4482849999476457,in_process
torchscript_jit,0,154,0.421524000557838,in_process
torchscript_jit,0,155,0.5502160001924494,in_process
torchscript_jit,0,156,0.4677990000345744,in_process
torchscript_jit,0,157,0.4877380015386734,in_process
torchscript_jit,0,158,0.44532799984153826,in_process
torchscript_jit,0,159,0.42926099922624417,in_process
torchscript_jit,0,160,0.44361199979903176,in_process
torchscript_jit,0,161,0.4385030006233137,in_process
torchscript_jit,0,162,0.4282870013412321,in_process
torchscript_jit,0,163,0.46373499935725704,in_process
torchscript_jit,0,164,0.4391029997350415,in_process
torchscript_jit,0,165,0.42230699909850955,in_process
torchscript_jit,0,166,0.45473899990611244,in_process
torchscript_jit,0,167,0.44411799899535254,in_process
torchscript_jit,0,168,0.47085900041565765,in_process
torchscript_jit,0,169,0.4444050009624334,in_process
torchscript_jit,0,170,0.44471600085671525,in_process
torchscript_jit,0,171,0.46134399963193573,in_process
torchscript_jit,0,172,0.4384119984024437,in_process
torchscript_jit,0,173,0.44307300049695186,in_process
torchscript_jit,0,174,5.931997999141458,in_process
torchscript_jit,0,175,0.8374259996344335,in_process
torchscript_jit,0,176,0.5026569997426122,in_process
torchscript_jit,0,177,0.4624779994628625,in_process
torchscript_jit,0,178,0.47924899990903214,in_process
torchscript_jit,0,179,0.43707500117307063,in_process
torchscript_jit,0,180,0.5302480003592791,in_process
torchscript_jit,0,181,0.501673999679042,in_process
torchscript_jit,0,182,0.4415019993757596,in_process
torchscript_jit,0,183,0.4298589992686175,in_process
torchscript_jit,0,184,0.4494299992074957,in_process
torchscript_jit,0,185,0.4362859999673674,in_process
torchscript_jit,0,186,0.42933799886668567,in_process
torchscript_jit,0,187,0.48123899978236295,in_process
torchscript_jit,0,188,0.45198800034995656,in_process
torchscript_jit,0,189,0.4581760003929958,in_process
torchscript_jit,0,190,0.42471600136195775,in_process
torchscript_jit,0,191,0.43578899931162596,in_process
torchscript_jit,0,192,0.4584889993566321,in_process
torchscript_jit,0,193,0.45581899939861614,in_process
torchscript_jit,0,194,0.4401460009830771,in_process
torchscript_jit,0,195,0.4401200003485428,in_process
torchscript_jit,0,196,0.4301939989090897,in_process
torchscript_jit,0,197,0.43922499935433734,in_process
torchscript_jit,0,198,0.46268000005511567,in_process
torchscript_jit,0,199,0.4559619992505759,in_process
torchscript_jit,0,200,0.43298899981891736,in_process
torchscript_jit,0,201,0.4234140014887089,in_process
torchscript_jit,0,202,0.43516100049600936,in_process
torchscript_jit,0,203,0.42050799856951926,in_process
torchscript_jit,0,204,0.4615440011548344,in_process
torchscript_jit,0,205,0.43179899876122363,in_process
torchscript_jit,0,206,0.41900799988070503,in_process
torchscript_jit,0,207,0.4223400010232581,in_process
torchscript_jit,0,208,0.44730300032824744,in_process
torchscript_jit,0,209,0.4266069990990218,in_process
torchscript_jit,0,210,0.47792400073376484,in_process
torchscript_jit,0,211,0.43225099943811074,in_process
torchscript_jit,0,212,0.4470769999898039,in_process
torchscript_jit,0,213,0.4190130002825754,in_process
torchscript_jit,0,214,0.4525930016825441,in_process
torchscript_jit,0,215,0.4767089994857088,in_process
torchscript_jit,0,216,0.42895299884548876,in_process
torchscript_jit,0,217,0.44014500053890515,in_process
torchscript_jit,0,218,0.4448020008567255,in_process
torchscript_jit,0,219,0.4171759992459556,in_process
torchscript_jit,0,220,0.43101700066472404,in_process
torchscript_jit,0,221,0.4437200004758779,in_process
torchscript_jit,0,222,0.4724240006908076,in_process
torchscript_jit,0,223,0.42274499901395757,in_process
torchscript_jit,0,224,0.4333340002631303,in_process
torchscript_jit,0,225,0.43544800064410083,in_process
torchscript_jit,0,226,0.41971599966927897,in_process
torchscript_jit,0,227,0.43063600060122553,in_process
torchscript_jit,0,228,0.43246399945928715,in_process
torchscript_jit,0,229,0.41927799975383095,in_process
torchscript_jit,0,230,0.4262040001776768,in_process
torchscript_jit,0,231,0.43688899859262165,in_process
torchscript_jit,0,232,0.4684920004365267,in_process
torchscript_jit,0,233,0.4226420005579712,in_process
torchscript_jit,0,234,0.4245129985065432,in_process
torchscript_jit,0,235,0.43443499998829793,in_process
torchscript_jit,0,236,0.42119899990211707,in_process
torchscript_jit,0,237,0.4354070006229449,in_process
torchscript_jit,0,238,0.45443900125974324,in_process
torchscript_jit,0,239,0.4270410008757608,in_process
torchscript_jit,0,240,0.4362170002423227,in_process
torchscript_jit,0,241,0.431668999226531,in_process
torchscript_jit,0,242,0.4477620004763594,in_process
torchscript_jit,0,243,0.42589700024109334,in_process
torchscript_jit,0,244,0.46595599997090176,in_process
torchscript_jit,0,245,0.4208489990560338,in_process
torchscript_jit,0,246,0.4239169993525138,in_process
torchscript_jit,0,247,0.4315919995860895,in_process
torchscript_jit,0,248,0.4207399997540051,in_process
torchscript_jit,0,249,0.42548599958536215,in_process
torchscript_jit,0,250,0.4674540014093509,in_process
torchscript_jit,0,251,0.41780500032473356,in_process
torchscript_jit,0,252,0.43890099914278835,in_process
torchscript_jit,0,253,0.4403000002639601,in_process
torchscript_jit,0,254,0.44105699998908676,in_process
torchscript_jit,0,255,0.4199289996904554,in_process
torchscript_jit,0,256,0.4325760000938317,in_process
torchscript_jit,0,257,0.4383549985504942,in_process
torchscript_jit,0,258,0.42144199869653676,in_process
torchscript_jit,0,259,0.4256210013409145,in_process
torchscript_jit,0,260,0.437996000982821,in_process
torchscript_jit,0,261,0.42206400030408986,in_process
torchscript_jit,0,262,0.4538609991868725,in_process
torchscript_jit,0,263,0.44800199975725263,in_process
torchscript_jit,0,264,0.43209899922658224,in_process
torchscript_jit,0,265,0.4207149995636428,in_process
torchscript_jit,0,266,0.43316099981893785,in_process
torchscript_jit,0,267,0.4227359986543888,in_process
torchscript_jit,0,268,0.43628899948089384,in_process
torchscript_jit,0,269,0.43710600039048586,in_process
torchscript_jit,0,270,0.4232479986967519,in_process
torchscript_jit,0,271,0.4247110009600874,in_process
torchscript_jit,0,272,0.4338569997344166,in_process
torchscript_jit,0,273,0.4445060003490653,in_process
torchscript_jit,0,274,0.45242700070957653,in_process
torchscript_jit,0,275,0.42915699850709643,in_process
torchscript_jit,0,276,0.4472859982342925,in_process
torchscript_jit,0,277,0.4218110007059295,in_process
torchscript_jit,0,278,0.4259249999449821,in_process
torchscript_jit,0,279,0.45661100011784583,in_process
torchscript_jit,0,280,0.42181899880233686,in_process
torchscript_jit,0,281,0.4449949992704205,in_process
torchscript_jit,0,282,0.4537620006885845,in_process
torchscript_jit,0,283,0.4220140017423546,in_process
torchscript_jit,0,284,0.6144310009403853,in_process
torchscript_jit,0,285,0.4562089998216834,in_process
torchscript_jit,0,286,0.44172500020067673,in_process
torchscript_jit,0,287,0.4449899988685502,in_process
torchscript_jit,0,288,0.4242920003889594,in_process
torchscript_jit,0,289,0.4232499995850958,in_process
torchscript_jit,0,290,0.4475659989111591,in_process
torchscript_jit,0,291,0.42873000165855046,in_process
torchscript_jit,0,292,0.43346300117264036,in_process
torchscript_jit,0,293,0.44657400030700956,in_process
torchscript_jit,0,294,0.42845800089708064,in_process
torchscript_jit,0,295,0.45228999988466967,in_process
torchscript_jit,0,296,0.4461189982976066,in_process
torchscript_jit,0,297,0.43597500007308554,in_process
torchscript_jit,0,298,0.423012999817729,in_process
torchscript_jit,0,299,0.43787200047518127,in_process
torchscript_jit,0,300,0.451990999863483,in_process
torchscript_jit,0,301,0.42581600064295344,in_process
torchscript_jit,0,302,0.46203500096453354,in_process
torchscript_jit,0,303,0.4396900003484916,in_process
torchscript_jit,0,304,0.427262000812334,in_process
torchscript_jit,0,305,0.43063199882453773,in_process
torchscript_jit,0,306,0.44617700041271746,in_process
torchscript_jit,0,307,0.47249999988707714,in_process
torchscript_jit,0,308,0.4452260000107344,in_process
torchscript_jit,0,309,0.4632930013031,in_process
torchscript_jit,0,310,0.4762640000990359,in_process
torchscript_jit,0,311,0.4326939997554291,in_process
torchscript_jit,0,312,0.42755899994517677,in_process
torchscript_jit,0,313,0.45681799929297995,in_process
torchscript_jit,0,314,0.4230779995850753,in_process
torchscript_jit,0,315,0.4213779993733624,in_process
torchscript_jit,0,316,0.4350700000941288,in_process
torchscript_jit,0,317,0.4561730002023978,in_process
torchscript_jit,0,318,0.42466900049475953,in_process
torchscript_jit,0,319,0.4316520007705549,in_process
torchscript_jit,0,320,0.43569999979808927,in_process
torchscript_jit,0,321,0.42082599975401536,in_process
torchscript_jit,0,322,0.4251390000717947,in_process
torchscript_jit,0,323,0.4345599991211202,in_process
torchscript_jit,0,324,0.4225190004945034,in_process
torchscript_jit,0,325,0.4284710012143478,in_process
torchscript_jit,0,326,0.4361829996923916,in_process
torchscript_jit,0,327,0.4522119998000562,in_process
torchscript_jit,0,328,0.42508099977567326,in_process
torchscript_jit,0,329,0.4305559996282682,in_process
torchscript_jit,0,330,0.45246199988469016,in_process
torchscript_jit,0,331,0.42999800098186824,in_process
torchscript_jit,0,332,0.42926500100293197,in_process
torchscript_jit,0,333,0.4356820008979412,in_process
torchscript_jit,0,334,0.42557699998724274,in_process
torchscript_jit,0,335,0.43371599895181134,in_process
torchscript_jit,0,336,0.4513060011959169,in_process
torchscript_jit,0,337,0.42834099986066576,in_process
torchscript_jit,0,338,0.45122600022295956,in_process
torchscript_jit,0,339,0.43554399962886237,in_process
torchscript_jit,0,340,0.5063190001237672,in_process
torchscript_jit,0,341,0.42676600060076453,in_process
torchscript_jit,0,342,0.43358000039006583,in_process
torchscript_jit,0,343,0.43639900104608387,in_process
torchscript_jit,0,344,0.4226870005368255,in_process
torchscript_jit,0,345,0.4249320008966606,in_process
torchscript_jit,0,346,0.43877300049643964,in_process
torchscript_jit,0,347,0.4219130005367333,in_process
torchscript_jit,0,348,0.7685589989705477,in_process
torchscript_jit,0,349,0.8774210000410676,in_process
torchscript_jit,0,350,0.8391989995288895,in_process
torchscript_jit,0,351,0.8473950001643971,in_process
torchscript_jit,0,352,0.8446760002698284,in_process
torchscript_jit,0,353,0.8487920003972249,in_process
torchscript_jit,0,354,0.8720289988559671,in_process
torchscript_jit,0,355,6.5626800005702535,in_process
torchscript_jit,0,356,0.7459580010618083,in_process
torchscript_jit,0,357,0.45427699842548463,in_process
torchscript_jit,0,358,0.4548189990600804,in_process
torchscript_jit,0,359,0.4885119997197762,in_process
torchscript_jit,0,360,0.41919100112863816,in_process
torchscript_jit,0,361,0.427778999437578,in_process
torchscript_jit,0,362,0.4448019990377361,in_process
torchscript_jit,0,363,0.41920300100173336,in_process
torchscript_jit,0,364,0.42124500032514334,in_process
torchscript_jit,0,365,0.45008699999016244,in_process
torchscript_jit,0,366,0.4264679992047604,in_process
torchscript_jit,0,367,0.4170970005361596,in_process
torchscript_jit,0,368,0.4285520008124877,in_process
torchscript_jit,0,369,0.42083799962711055,in_process
torchscript_jit,0,370,0.44823899952461943,in_process
torchscript_jit,0,371,0.4273790000297595,in_process
torchscript_jit,0,372,0.4299419997551013,in_process
torchscript_jit,0,373,0.41600800068408716,in_process
torchscript_jit,0,374,0.4275999999663327,in_process
torchscript_jit,0,375,0.435882999227033,in_process
torchscript_jit,0,376,0.4123439994145883,in_process
torchscript_jit,0,377,0.4381830003694631,in_process
torchscript_jit,0,378,0.42720199962786864,in_process
torchscript_jit,0,379,0.4171479995420668,in_process
torchscript_jit,0,380,0.42920200030494016,in_process
torchscript_jit,0,381,0.42773700079123955,in_process
torchscript_jit,0,382,0.4406949992699083,in_process
torchscript_jit,0,383,0.4224620006425539,in_process
torchscript_jit,0,384,0.41913399945769925,in_process
torchscript_jit,0,385,0.4227959998388542,in_process
torchscript_jit,0,386,0.4128580003452953,in_process
torchscript_jit,0,387,0.4246240005159052,in_process
torchscript_jit,0,388,0.4068670004926389,in_process
torchscript_jit,0,389,0.4199289996904554,in_process
torchscript_jit,0,390,0.42457800009287894,in_process
torchscript_jit,0,391,0.4515040000114823,in_process
torchscript_jit,0,392,0.4145639995840611,in_process
torchscript_jit,0,393,0.4124219994992018,in_process
torchscript_jit,0,394,0.44675599929178134,in_process
torchscript_jit,0,395,0.417827999626752,in_process
torchscript_jit,0,396,0.43085899960715324,in_process
torchscript_jit,0,397,0.42031100019812584,in_process
torchscript_jit,0,398,0.40902000000642147,in_process
torchscript_jit,0,399,0.43201600055908784,in_process
torchscript_jit,0,400,0.4228769994369941,in_process
torchscript_jit,0,401,0.42355300138297025,in_process
torchscript_jit,0,402,0.43751900011557154,in_process
torchscript_jit,0,403,0.4371819995867554,in_process
torchscript_jit,0,404,0.4194089997326955,in_process
torchscript_jit,0,405,0.4162090008321684,in_process
torchscript_jit,0,406,0.46195799950510263,in_process
torchscript_jit,0,407,0.4254280011082301,in_process
torchscript_jit,0,408,0.4215789995214436,in_process
torchscript_jit,0,409,0.42964799831679557,in_process
torchscript_jit,0,410,0.41217400030291174,in_process
torchscript_jit,0,411,0.413578998632147,in_process
torchscript_jit,0,412,0.450980000096024,in_process
torchscript_jit,0,413,0.447682999947574,in_process
torchscript_jit,0,414,0.4785630007972941,in_process
torchscript_jit,0,415,0.4226769997330848,in_process
torchscript_jit,0,416,0.43088599886687007,in_process
torchscript_jit,0,417,0.4196980007691309,in_process
torchscript_jit,0,418,0.43339400144759566,in_process
torchscript_jit,0,419,0.43005500083381776,in_process
torchscript_jit,0,420,0.455765999504365,in_process
torchscript_jit,0,421,0.42258699977537617,in_process
torchscript_jit,0,422,0.4235180003888672,in_process
torchscript_jit,0,423,0.46085400026640855,in_process
torchscript_jit,0,424,0.41316299939353485,in_process
torchscript_jit,0,425,0.4124749993934529,in_process
torchscript_jit,0,426,0.4232989995216485,in_process
torchscript_jit,0,427,0.4114050007046899,in_process
torchscript_jit,0,428,0.42220799878123216,in_process
torchscript_jit,0,429,0.406995000957977,in_process
torchscript_jit,0,430,0.417082001149538,in_process
torchscript_jit,0,431,0.4238719993736595,in_process
torchscript_jit,0,432,0.40802900002745446,in_process
torchscript_jit,0,433,0.4127570009586634,in_process
torchscript_jit,0,434,0.43774000005214475,in_process
torchscript_jit,0,435,0.4518349996942561,in_process
torchscript_jit,0,436,0.4184850004094187,in_process
torchscript_jit,0,437,0.4191089992673369,in_process
torchscript_jit,0,438,0.4253710012562806,in_process
torchscript_jit,0,439,0.409914000556455,in_process
torchscript_jit,0,440,0.425146001362009,in_process
torchscript_jit,0,441,0.4141429999435786,in_process
torchscript_jit,0,442,0.4283260004740441,in_process
torchscript_jit,0,443,0.43635000110953115,in_process
torchscript_jit,0,444,0.423641000452335,in_process
torchscript_jit,0,445,0.43373200060159434,in_process
torchscript_jit,0,446,0.417958000980434,in_process
torchscript_jit,0,447,0.4639210001187166,in_process
torchscript_jit,0,448,0.4127310003241291,in_process
torchscript_jit,0,449,0.4162460008956259,in_process
torchscript_jit,0,450,0.4248910008755047,in_process
torchscript_jit,0,451,0.4116220006835647,in_process
torchscript_jit,0,452,0.41686699842102826,in_process
torchscript_jit,0,453,0.4537620006885845,in_process
torchscript_jit,0,454,0.41550099922460504,in_process
torchscript_jit,0,455,0.4364989999885438,in_process
torchscript_jit,0,456,0.41316299939353485,in_process
torchscript_jit,0,457,0.41916400004993193,in_process
torchscript_jit,0,458,0.4086999997525709,in_process
torchscript_jit,0,459,0.5482329997903435,in_process
torchscript_jit,0,460,0.42509699960646685,in_process
torchscript_jit,0,461,0.407623001592583,in_process
torchscript_jit,0,462,0.4178890012553893,in_process
torchscript_jit,0,463,0.4190170002402738,in_process
torchscript_jit,0,464,0.40802100011205766,in_process
torchscript_jit,0,465,0.45601400051964447,in_process
torchscript_jit,0,466,0.44310500015853904,in_process
torchscript_jit,0,467,0.41980499918281566,in_process
torchscript_jit,0,468,0.41179499930876773,in_process
torchscript_jit,0,469,0.4885220005235169,in_process
torchscript_jit,0,470,0.4192199994577095,in_process
torchscript_jit,0,471,0.41858499935187865,in_process
torchscript_jit,0,472,0.42277899956388865,in_process
torchscript_jit,0,473,0.40577199979452416,in_process
torchscript_jit,0,474,0.41011399844137486,in_process
torchscript_jit,0,475,0.41942200004996266,in_process
torchscript_jit,0,476,0.4084750016772887,in_process
torchscript_jit,0,477,0.4366970006230986,in_process
torchscript_jit,0,478,0.4258400003891438,in_process
torchscript_jit,0,479,0.4253900006006006,in_process
torchscript_jit,0,480,0.412489000154892,in_process
torchscript_jit,0,481,0.42314200072723906,in_process
torchscript_jit,0,482,0.4096409993508132,in_process
torchscript_jit,0,483,0.4170160009380197,in_process
torchscript_jit,0,484,0.43215799996687565,in_process
torchscript_jit,0,485,0.41108400000666734,in_process
torchscript_jit,0,486,0.4138200001762016,in_process
torchscript_jit,0,487,0.43520500003069174,in_process
torchscript_jit,0,488,0.44759299998986535,in_process
torchscript_jit,0,489,0.41521799903421197,in_process
torchscript_jit,0,490,0.4160270000284072,in_process
torchscript_jit,0,491,0.4221260005579097,in_process
torchscript_jit,0,492,0.41217999932996463,in_process
torchscript_jit,0,493,0.42304400085413363,in_process
torchscript_jit,0,494,0.4150379991187947,in_process
torchscript_jit,0,495,0.4218360008962918,in_process
torchscript_jit,0,496,0.42180400123470463,in_process
torchscript_jit,0,497,0.41279399920313153,in_process
torchscript_jit,0,498,0.42840400055865757,in_process
torchscript_jit,0,499,0.4154979997110786,in_process
torchscript_jit,0,500,0.43526800072868355,in_process
torchscript_jit,0,501,0.4080480011907639,in_process
torchscript_jit,0,502,0.4166390008322196,in_process
torchscript_jit,0,503,0.41466400034551043,in_process
torchscript_jit,0,504,0.4065199991600821,in_process
torchscript_jit,0,505,0.4171880009380402,in_process
torchscript_jit,0,506,0.40544799958297517,in_process
torchscript_jit,0,507,0.41401599992241245,in_process
torchscript_jit,0,508,0.4160669996053912,in_process
torchscript_jit,0,509,0.4336160000093514,in_process
torchscript_jit,0,510,0.4089150006620912,in_process
torchscript_jit,0,511,0.4174330006208038,in_process
torchscript_jit,0,512,0.4173800007265527,in_process
torchscript_jit,0,513,0.4151350003667176,in_process
torchscript_jit,0,514,0.42065600064233877,in_process
torchscript_jit,0,515,0.40418899880023673,in_process
torchscript_jit,0,516,0.4091790015081642,in_process
torchscript_jit,0,517,0.4268749999027932,in_process
torchscript_jit,0,518,0.4137050000281306,in_process
torchscript_jit,0,519,0.4384100011520786,in_process
torchscript_jit,0,520,0.417333998484537,in_process
torchscript_jit,0,521,0.42275099985999987,in_process
torchscript_jit,0,522,0.41211999996448867,in_process
torchscript_jit,0,523,0.4225310003675986,in_process
torchscript_jit,0,524,0.4114520015718881,in_process
torchscript_jit,0,525,0.42424599996593315,in_process
torchscript_jit,0,526,0.43233999895164743,in_process
torchscript_jit,0,527,0.4102020011487184,in_process
torchscript_jit,0,528,0.4103399987798184,in_process
torchscript_jit,0,529,0.42371500057925005,in_process
torchscript_jit,0,530,0.464822000139975,in_process
torchscript_jit,0,531,0.41597900053602643,in_process
torchscript_jit,0,532,0.4183900000498397,in_process
torchscript_jit,0,533,0.4222779989504488,in_process
torchscript_jit,0,534,0.4130649995204294,in_process
torchscript_jit,0,535,0.41669500023999717,in_process
torchscript_jit,0,536,0.43515900142665487,in_process
torchscript_jit,0,537,0.41918300121324137,in_process
torchscript_jit,0,538,0.42419899909873493,in_process
torchscript_jit,0,539,0.4114540006412426,in_process
torchscript_jit,0,540,0.41595900074753445,in_process
torchscript_jit,0,541,0.42317800034652464,in_process
torchscript_jit,0,542,0.43756600098276976,in_process
torchscript_jit,0,543,0.4076590012118686,in_process
torchscript_jit,0,544,5.172365001271828,in_process
torchscript_jit,0,545,0.8611020002717851,in_process
torchscript_jit,0,546,0.4252240014466224,in_process
torchscript_jit,0,547,0.4259750003257068,in_process
torchscript_jit,0,548,0.44092899952374864,in_process
torchscript_jit,0,549,0.4302100005588727,in_process
torchscript_jit,0,550,0.4168129999015946,in_process
torchscript_jit,0,551,0.43564699990383815,in_process
torchscript_jit,0,552,0.4202269992674701,in_process
torchscript_jit,0,553,0.4439940003067022,in_process
torchscript_jit,0,554,0.4095230015082052,in_process
torchscript_jit,0,555,0.42136299998674076,in_process
torchscript_jit,0,556,0.4275659994164016,in_process
torchscript_jit,0,557,0.4235500000504544,in_process
torchscript_jit,0,558,0.4300479995436035,in_process
torchscript_jit,0,559,0.4266159994585905,in_process
torchscript_jit,0,560,0.41819000034593046,in_process
torchscript_jit,0,561,0.4368660011095926,in_process
torchscript_jit,0,562,0.46395400022447575,in_process
torchscript_jit,0,563,0.42695499905676115,in_process
torchscript_jit,0,564,0.41464999958407134,in_process
torchscript_jit,0,565,0.44231500032765325,in_process
torchscript_jit,0,566,0.4145170005358523,in_process
torchscript_jit,0,567,0.42014500104414765,in_process
torchscript_jit,0,568,0.45221499931358267,in_process
torchscript_jit,0,569,0.4143940004723845,in_process
torchscript_jit,0,570,0.425584001277457,in_process
torchscript_jit,0,571,0.42743299854919314,in_process
torchscript_jit,0,572,0.44210000123712234,in_process
torchscript_jit,0,573,0.40891400021791924,in_process
torchscript_jit,0,574,0.43413999992480967,in_process
torchscript_jit,0,575,0.42671600022003986,in_process
torchscript_jit,0,576,0.4084530010004528,in_process
torchscript_jit,0,577,0.42138900062127504,in_process
torchscript_jit,0,578,0.42756699986057356,in_process
torchscript_jit,0,579,0.4124770002817968,in_process
torchscript_jit,0,580,0.44998799967288505,in_process
torchscript_jit,0,581,0.4176519996690331,in_process
torchscript_jit,0,582,0.42953199954354204,in_process
torchscript_jit,0,583,0.4412440011947183,in_process
torchscript_jit,0,584,0.4325760000938317,in_process
torchscript_jit,0,585,0.7334940000873758,in_process
torchscript_jit,0,586,0.4251430000294931,in_process
torchscript_jit,0,587,0.4173759989498649,in_process
torchscript_jit,0,588,0.4245489999448182,in_process
torchscript_jit,0,589,0.41216399949917104,in_process
torchscript_jit,0,590,0.42583400136209093,in_process
torchscript_jit,0,591,0.4400309990160167,in_process
torchscript_jit,0,592,0.4146430001128465,in_process
torchscript_jit,0,593,0.4165400005149422,in_process
torchscript_jit,0,594,0.4416230003698729,in_process
torchscript_jit,0,595,0.4255049989296822,in_process
torchscript_jit,0,596,0.4154149992245948,in_process
torchscript_jit,0,597,0.43115699918416794,in_process
torchscript_jit,0,598,0.4278899996279506,in_process
torchscript_jit,0,599,0.41495799996482674,in_process
torchscript_jit,0,600,0.4244250012561679,in_process
torchscript_jit,0,601,0.420802000007825,in_process
torchscript_jit,0,602,0.40720600009080954,in_process
torchscript_jit,0,603,0.4521949995250907,in_process
torchscript_jit,0,604,0.4148070001974702,in_process
torchscript_jit,0,605,0.4304160011088243,in_process
torchscript_jit,0,606,0.4137760006415192,in_process
torchscript_jit,0,607,0.4265080006007338,in_process
torchscript_jit,0,608,0.42585699884511996,in_process
torchscript_jit,0,609,0.4252220005582785,in_process
torchscript_jit,0,610,0.42448699969099835,in_process
torchscript_jit,0,611,0.4104469990124926,in_process
torchscript_jit,0,612,0.417369999922812,in_process
torchscript_jit,0,613,0.42125900108658243,in_process
torchscript_jit,0,614,0.4065309985890053,in_process
torchscript_jit,0,615,0.43212600030528847,in_process
torchscript_jit,0,616,0.4297159994166577,in_process
torchscript_jit,0,617,0.41332299952046014,in_process
torchscript_jit,0,618,0.4201640003884677,in_process
torchscript_jit,0,619,0.4231200000504032,in_process
torchscript_jit,0,620,0.41091399907600135,in_process
torchscript_jit,0,621,0.4298780004319269,in_process
torchscript_jit,0,622,0.42641400068532676,in_process
torchscript_jit,0,623,0.41077399873756804,in_process
torchscript_jit,0,624,0.41313700057798997,in_process
torchscript_jit,0,625,0.4237279990775278,in_process
torchscript_jit,0,626,0.45637999937753193,in_process
torchscript_jit,0,627,0.41491399861115497,in_process
torchscript_jit,0,628,0.4256100000930019,in_process
torchscript_jit,0,629,0.4218699996272335,in_process
torchscript_jit,0,630,0.40990100023918785,in_process
torchscript_jit,0,631,0.4301570006646216,in_process
torchscript_jit,0,632,0.4074640000908403,in_process
torchscript_jit,0,633,0.41727200004970655,in_process
torchscript_jit,0,634,0.4194800003460841,in_process
torchscript_jit,0,635,0.40847899981599767,in_process
torchscript_jit,0,636,0.41572200098016765,in_process
torchscript_jit,0,637,0.4303839996282477,in_process
torchscript_jit,0,638,0.45226700058265124,in_process
torchscript_jit,0,639,0.41671100007079076,in_process
torchscript_jit,0,640,0.41075599983741995,in_process
torchscript_jit,0,641,0.419368001530529,in_process
torchscript_jit,0,642,0.41054899884329643,in_process
torchscript_jit,0,643,0.42348999886598904,in_process
torchscript_jit,0,644,0.4072459996677935,in_process
torchscript_jit,0,645,0.4239879999659024,in_process
torchscript_jit,0,646,0.4232729988871142,in_process
torchscript_jit,0,647,0.4463089990167646,in_process
torchscript_jit,0,648,0.4117319986107759,in_process
torchscript_jit,0,649,0.4090910006198101,in_process
torchscript_jit,0,650,0.44310699922789354,in_process
torchscript_jit,0,651,0.4116449999855831,in_process
torchscript_jit,0,652,0.41873100053635426,in_process
torchscript_jit,0,653,0.48016500113590155,in_process
torchscript_jit,0,654,0.4114140010642586,in_process
torchscript_jit,0,655,0.4219649999868125,in_process
torchscript_jit,0,656,0.4052519998367643,in_process
torchscript_jit,0,657,0.4171250002400484,in_process
torchscript_jit,0,658,0.4265770003257785,in_process
torchscript_jit,0,659,0.4334290006227093,in_process
torchscript_jit,0,660,0.4097070013813209,in_process
torchscript_jit,0,661,0.41113299994322006,in_process
torchscript_jit,0,662,0.43084800017823,in_process
torchscript_jit,0,663,0.4100109999853885,in_process
torchscript_jit,0,664,0.4183080000075279,in_process
torchscript_jit,0,665,0.416414000937948,in_process
torchscript_jit,0,666,0.40864099901227746,in_process
torchscript_jit,0,667,0.42697899880295154,in_process
torchscript_jit,0,668,0.41020699973159935,in_process
torchscript_jit,0,669,0.4247209999448387,in_process
torchscript_jit,0,670,0.41910799882316496,in_process
torchscript_jit,0,671,0.426231001256383,in_process
torchscript_jit,0,672,0.41068300015467685,in_process
torchscript_jit,0,673,0.41539999983797316,in_process
torchscript_jit,0,674,0.43769299918494653,in_process
torchscript_jit,0,675,0.42161599958490115,in_process
torchscript_jit,0,676,0.4269879991625203,in_process
torchscript_jit,0,677,0.4215000008116476,in_process
torchscript_jit,0,678,0.4114439998375019,in_process
torchscript_jit,0,679,0.4284610004106071,in_process
torchscript_jit,0,680,0.44769200030714273,in_process
torchscript_jit,0,681,0.4133140009798808,in_process
torchscript_jit,0,682,0.41407099888601806,in_process
torchscript_jit,0,683,0.42272800055798143,in_process
torchscript_jit,0,684,0.40640800034452695,in_process
torchscript_jit,0,685,0.41057199996430427,in_process
torchscript_jit,0,686,0.43891899986192584,in_process
torchscript_jit,0,687,0.4169809999439167,in_process
torchscript_jit,0,688,0.42155499977525324,in_process
torchscript_jit,0,689,0.4204699998808792,in_process
torchscript_jit,0,690,0.4265430015948368,in_process
torchscript_jit,0,691,0.40884300142352004,in_process
torchscript_jit,0,692,0.4442410008778097,in_process
torchscript_jit,0,693,0.4419149991008453,in_process
torchscript_jit,0,694,0.41280199911852833,in_process
torchscript_jit,0,695,0.4193479999230476,in_process
torchscript_jit,0,696,0.40678299956198316,in_process
torchscript_jit,0,697,0.41077199966821354,in_process
torchscript_jit,0,698,0.43445399933261797,in_process
torchscript_jit,0,699,0.4147380004724255,in_process
torchscript_jit,0,700,0.42638599916244857,in_process
torchscript_jit,0,701,0.4442190002009738,in_process
torchscript_jit,0,702,0.4074650005350122,in_process
torchscript_jit,0,703,0.40904200068325736,in_process
torchscript_jit,0,704,0.43595500028459355,in_process
torchscript_jit,0,705,0.406197999836877,in_process
torchscript_jit,0,706,0.4117210010008421,in_process
torchscript_jit,0,707,0.49580500126467086,in_process
torchscript_jit,0,708,0.4091060000064317,in_process
torchscript_jit,0,709,0.41867999971145764,in_process
torchscript_jit,0,710,0.4466970003704773,in_process
torchscript_jit,0,711,0.4495590001170058,in_process
torchscript_jit,0,712,0.41295799928775523,in_process
torchscript_jit,0,713,0.42919999941659626,in_process
torchscript_jit,0,714,0.4584039998007938,in_process
torchscript_jit,0,715,0.4155890001129592,in_process
torchscript_jit,0,716,0.4435110004123999,in_process
torchscript_jit,0,717,0.4208130012557376,in_process
torchscript_jit,0,718,0.41174699981638696,in_process
torchscript_jit,0,719,0.4276119998394279,in_process
torchscript_jit,0,720,0.4069540009368211,in_process
torchscript_jit,0,721,0.4143610003666254,in_process
torchscript_jit,0,722,0.44190600056026597,in_process
torchscript_jit,0,723,0.42557699998724274,in_process
torchscript_jit,0,724,0.4118369997740956,in_process
torchscript_jit,0,725,0.41326800055685453,in_process
torchscript_jit,0,726,0.4224190015520435,in_process
torchscript_jit,0,727,0.41140599932987243,in_process
torchscript_jit,0,728,0.4230049999023322,in_process
torchscript_jit,0,729,0.42427200060046744,in_process
torchscript_jit,0,730,0.41163500100083183,in_process
torchscript_jit,0,731,0.41173700083163567,in_process
torchscript_jit,0,732,0.4154130001552403,in_process
torchscript_jit,0,733,5.796532999738702,in_process
torchscript_jit,0,734,0.741089999792166,in_process
torchscript_jit,0,735,0.43494199962879065,in_process
torchscript_jit,0,736,0.4794240012415685,in_process
torchscript_jit,0,737,0.44509299914352596,in_process
torchscript_jit,0,738,0.41451200013398193,in_process
torchscript_jit,0,739,0.4250049987604143,in_process
torchscript_jit,0,740,0.4327120004745666,in_process
torchscript_jit,0,741,0.41383999996469356,in_process
torchscript_jit,0,742,0.4651399995054817,in_process
torchscript_jit,0,743,0.4352790001576068,in_process
torchscript_jit,0,744,0.44128999979875516,in_process
torchscript_jit,0,745,0.413499999922351,in_process
torchscript_jit,0,746,0.42183699952147435,in_process
torchscript_jit,0,747,0.4220909995638067,in_process
torchscript_jit,0,748,0.4292560006433632,in_process
torchscript_jit,0,749,0.43092399937449954,in_process
torchscript_jit,0,750,0.41025999962585047,in_process
torchscript_jit,0,751,0.4126659987377934,in_process
torchscript_jit,0,752,0.4297839986975305,in_process
torchscript_jit,0,753,0.40972100032377057,in_process
torchscript_jit,0,754,0.42968599882442504,in_process
torchscript_jit,0,755,0.41670899918244686,in_process
torchscript_jit,0,756,0.42882100024144165,in_process
torchscript_jit,0,757,0.40948600144474767,in_process
torchscript_jit,0,758,0.41752299875952303,in_process
torchscript_jit,0,759,0.4492369989748113,in_process
torchscript_jit,0,760,0.4148719999648165,in_process
torchscript_jit,0,761,0.42718800068541896,in_process
torchscript_jit,0,762,0.41882799996528774,in_process
torchscript_jit,0,763,0.4211530012980802,in_process
torchscript_jit,0,764,0.45281600068847183,in_process
torchscript_jit,0,765,0.46975900113466196,in_process
torchscript_jit,0,766,0.4152350011281669,in_process
torchscript_jit,0,767,0.4157570001552813,in_process
torchscript_jit,0,768,0.42557300002954435,in_process
torchscript_jit,0,769,0.4159930012974655,in_process
torchscript_jit,0,770,0.42012500125565566,in_process
torchscript_jit,0,771,0.7472109991795151,in_process
torchscript_jit,0,772,0.44314600017969497,in_process
torchscript_jit,0,773,0.42112799928872846,in_process
torchscript_jit,0,774,0.4153199988650158,in_process
torchscript_jit,0,775,0.43618600102490745,in_process
torchscript_jit,0,776,0.4643560005206382,in_process
torchscript_jit,0,777,0.4196579993731575,in_process
torchscript_jit,0,778,0.4147870004089782,in_process
torchscript_jit,0,779,0.4213859992887592,in_process
torchscript_jit,0,780,0.41151799996441696,in_process
torchscript_jit,0,781,0.4262330003257375,in_process
torchscript_jit,0,782,0.4185840007266961,in_process
torchscript_jit,0,783,0.4169629992247792,in_process
torchscript_jit,0,784,0.42292499892937485,in_process
torchscript_jit,0,785,0.41551100002834573,in_process
torchscript_jit,0,786,0.43010799890907947,in_process
torchscript_jit,0,787,0.41726400013430975,in_process
torchscript_jit,0,788,0.44741099918610416,in_process
torchscript_jit,0,789,0.42564999966998585,in_process
torchscript_jit,0,790,0.4290669985493878,in_process
torchscript_jit,0,791,0.4398580003908137,in_process
torchscript_jit,0,792,0.42115199903491884,in_process
torchscript_jit,0,793,0.4234099997120211,in_process
torchscript_jit,0,794,0.45739300003333483,in_process
torchscript_jit,0,795,0.4195519995846553,in_process
torchscript_jit,0,796,0.4405939998832764,in_process
torchscript_jit,0,797,0.4255460007698275,in_process
torchscript_jit,0,798,0.4264330000296468,in_process
torchscript_jit,0,799,0.4169189996900968,in_process
torchscript_jit,0,800,0.45546299952548,in_process
torchscript_jit,0,801,0.42486599886615295,in_process
torchscript_jit,0,802,0.4178729996056063,in_process
torchscript_jit,0,803,0.42172299981757533,in_process
torchscript_jit,0,804,0.41097899884334765,in_process
torchscript_jit,0,805,0.4116359996260144,in_process
torchscript_jit,0,806,0.4578019998007221,in_process
torchscript_jit,0,807,0.447338999947533,in_process
torchscript_jit,0,808,0.41093600157182664,in_process
torchscript_jit,0,809,0.4118860015296377,in_process
torchscript_jit,0,810,0.4179520001343917,in_process
torchscript_jit,0,811,0.405091999709839,in_process
torchscript_jit,0,812,0.4422019992489368,in_process
torchscript_jit,0,813,0.4192809992673574,in_process
torchscript_jit,0,814,0.4104510007891804,in_process
torchscript_jit,0,815,0.41879199852701277,in_process
torchscript_jit,0,816,0.4050150000693975,in_process
torchscript_jit,0,817,0.4105850002815714,in_process
torchscript_jit,0,818,0.4292639987397706,in_process
torchscript_jit,0,819,0.42242200106556993,in_process
torchscript_jit,0,820,0.40928700036602095,in_process
torchscript_jit,0,821,0.41945399971154984,in_process
torchscript_jit,0,822,0.41946199962694664,in_process
torchscript_jit,0,823,0.4066029996465659,in_process
torchscript_jit,0,824,0.44519800030684564,in_process
torchscript_jit,0,825,0.40626800000609364,in_process
torchscript_jit,0,826,0.4120560006413143,in_process
torchscript_jit,0,827,0.4240910002408782,in_process
torchscript_jit,0,828,0.44158599848742597,in_process
torchscript_jit,0,829,0.4084090014657704,in_process
torchscript_jit,0,830,0.4376149991003331,in_process
torchscript_jit,0,831,0.4199329996481538,in_process
torchscript_jit,0,832,0.4061700001329882,in_process
torchscript_jit,0,833,0.41693399907671846,in_process
torchscript_jit,0,834,0.4093179995834362,in_process
torchscript_jit,0,835,0.41247999979532324,in_process
torchscript_jit,0,836,0.44538900147017557,in_process
torchscript_jit,0,837,0.41142900045088027,in_process
torchscript_jit,0,838,0.41635999878053553,in_process
torchscript_jit,0,839,0.4288380005164072,in_process
torchscript_jit,0,840,0.4227680001349654,in_process
torchscript_jit,0,841,0.41622400021879,in_process
torchscript_jit,0,842,0.4447510000318289,in_process
torchscript_jit,0,843,0.4301650005800184,in_process
torchscript_jit,0,844,0.41149599928758107,in_process
torchscript_jit,0,845,0.4196940008114325,in_process
torchscript_jit,0,846,0.416967001001467,in_process
torchscript_jit,0,847,0.4138409985898761,in_process
torchscript_jit,0,848,0.44113600051787216,in_process
torchscript_jit,0,849,0.4382600000099046,in_process
torchscript_jit,0,850,0.4453129986359272,in_process
torchscript_jit,0,851,0.4119040004297858,in_process
torchscript_jit,0,852,0.4240970010869205,in_process
torchscript_jit,0,853,0.40848899880074896,in_process
torchscript_jit,0,854,0.4164910005783895,in_process
torchscript_jit,0,855,0.42069200026162434,in_process
torchscript_jit,0,856,0.40339299994229805,in_process
torchscript_jit,0,857,0.4133160000492353,in_process
torchscript_jit,0,858,0.4239779991621617,in_process
torchscript_jit,0,859,0.4052029999002116,in_process
torchscript_jit,0,860,0.42702800055849366,in_process
torchscript_jit,0,861,0.42178800140391104,in_process
torchscript_jit,0,862,0.41395900007046293,in_process
torchscript_jit,0,863,0.4050229999847943,in_process
torchscript_jit,0,864,0.42504799966991413,in_process
torchscript_jit,0,865,0.40585699935036246,in_process
torchscript_jit,0,866,0.41130899990093894,in_process
torchscript_jit,0,867,0.4193360000499524,in_process
torchscript_jit,0,868,0.4102080001757713,in_process
torchscript_jit,0,869,0.41065699952014256,in_process
torchscript_jit,0,870,0.4181690001132665,in_process
torchscript_jit,0,871,0.4231349994370248,in_process
torchscript_jit,0,872,0.41668000085337553,in_process
torchscript_jit,0,873,0.41761200009204913,in_process
torchscript_jit,0,874,0.4044090001116274,in_process
torchscript_jit,0,875,0.41130499994324055,in_process
torchscript_jit,0,876,0.4261169997334946,in_process
torchscript_jit,0,877,0.4054199998790864,in_process
torchscript_jit,0,878,0.4258780008967733,in_process
torchscript_jit,0,879,0.41818799945758656,in_process
torchscript_jit,0,880,0.40644199907546863,in_process
torchscript_jit,0,881,0.4182819993729936,in_process
torchscript_jit,0,882,0.43912000001000706,in_process
torchscript_jit,0,883,0.41015199894900434,in_process
torchscript_jit,0,884,0.4202860000077635,in_process
torchscript_jit,0,885,0.42518400005064905,in_process
torchscript_jit,0,886,0.4087039997102693,in_process
torchscript_jit,0,887,0.4097299988643499,in_process
torchscript_jit,0,888,0.41779500133998226,in_process
torchscript_jit,0,889,0.4069990009156754,in_process
torchscript_jit,0,890,0.4461559983610641,in_process
torchscript_jit,0,891,0.4085320015292382,in_process
torchscript_jit,0,892,0.4285060003894614,in_process
torchscript_jit,0,893,0.4172509998170426,in_process
torchscript_jit,0,894,0.42232899977534544,in_process
torchscript_jit,0,895,0.4576359988277545,in_process
torchscript_jit,0,896,0.4174490004515974,in_process
torchscript_jit,0,897,0.48533399967709556,in_process
torchscript_jit,0,898,0.42814600055862684,in_process
torchscript_jit,0,899,0.41721100024005864,in_process
torchscript_jit,0,900,0.428829998782021,in_process
torchscript_jit,0,901,0.4106699998374097,in_process
torchscript_jit,0,902,0.4757370006700512,in_process
torchscript_jit,0,903,0.42828799996641465,in_process
torchscript_jit,0,904,0.42809399928955827,in_process
torchscript_jit,0,905,0.41293799949926324,in_process
torchscript_jit,0,906,0.4191070001979824,in_process
torchscript_jit,0,907,0.44429899935494177,in_process
torchscript_jit,0,908,0.42039200161525514,in_process
torchscript_jit,0,909,0.4285989998606965,in_process
torchscript_jit,0,910,0.41774199962674174,in_process
torchscript_jit,0,911,0.4158510000706883,in_process
torchscript_jit,0,912,0.43512400043255184,in_process
torchscript_jit,0,913,0.41371999941475224,in_process
torchscript_jit,0,914,0.43735300096159335,in_process
torchscript_jit,0,915,0.4141509998589754,in_process
torchscript_jit,0,916,0.4229969999869354,in_process
torchscript_jit,0,917,0.40767399877950083,in_process
torchscript_jit,0,918,0.41270499968959484,in_process
torchscript_jit,0,919,0.4546429991023615,in_process
torchscript_jit,0,920,5.775235000328394,in_process
torchscript_jit,0,921,0.6391679999069311,in_process
torchscript_jit,0,922,0.460153998574242,in_process
torchscript_jit,0,923,0.4339639999670908,in_process
torchscript_jit,0,924,0.45411100109049585,in_process
torchscript_jit,0,925,0.41145300019707065,in_process
torchscript_jit,0,926,0.41200799932994414,in_process
torchscript_jit,0,927,0.45173600119596813,in_process
torchscript_jit,0,928,0.40666699896974023,in_process
torchscript_jit,0,929,0.40902799992181826,in_process
torchscript_jit,0,930,0.41818399949988816,in_process
torchscript_jit,0,931,0.41289800174126867,in_process
torchscript_jit,0,932,0.4126820003875764,in_process
torchscript_jit,0,933,0.44105899905844126,in_process
torchscript_jit,0,934,0.4113909999432508,in_process
torchscript_jit,0,935,0.4312410001148237,in_process
torchscript_jit,0,936,0.4219090005790349,in_process
torchscript_jit,0,937,0.4075699998793425,in_process
torchscript_jit,0,938,0.4099430007045157,in_process
torchscript_jit,0,939,0.45362299897533376,in_process
torchscript_jit,0,940,0.4080559992871713,in_process
torchscript_jit,0,941,0.4138179992878577,in_process
torchscript_jit,0,942,0.4175990015937714,in_process
torchscript_jit,0,943,0.41207100002793595,in_process
torchscript_jit,0,944,0.4092800008947961,in_process
torchscript_jit,0,945,0.43856699994648807,in_process
torchscript_jit,0,946,0.4382500010251533,in_process
torchscript_jit,0,947,0.41571799920347985,in_process
torchscript_jit,0,948,0.4168579998804489,in_process
torchscript_jit,0,949,0.41127700023935176,in_process
torchscript_jit,0,950,0.41440300083195325,in_process
torchscript_jit,0,951,0.44767799954570364,in_process
torchscript_jit,0,952,0.41686099939397536,in_process
torchscript_jit,0,953,0.4163389985478716,in_process
torchscript_jit,0,954,0.435421001384384,in_process
torchscript_jit,0,955,0.41698600034578703,in_process
torchscript_jit,0,956,0.4428909996931907,in_process
torchscript_jit,0,957,0.443642999016447,in_process
torchscript_jit,0,958,0.42674799988162704,in_process
torchscript_jit,0,959,0.40798800000629853,in_process
torchscript_jit,0,960,0.4175260000920389,in_process
torchscript_jit,0,961,0.4215280005155364,in_process
torchscript_jit,0,962,0.4102479997527553,in_process
torchscript_jit,0,963,0.4525299991655629,in_process
torchscript_jit,0,964,0.4342120009823702,in_process
torchscript_jit,0,965,0.4137820014875615,in_process
torchscript_jit,0,966,0.4250879992468981,in_process
torchscript_jit,0,967,0.45317100011743605,in_process
torchscript_jit,0,968,0.4193559998384444,in_process
torchscript_jit,0,969,0.42352500167908147,in_process
torchscript_jit,0,970,0.421658000050229,in_process
torchscript_jit,0,971,0.4114740004297346,in_process
torchscript_jit,0,972,0.42027699964819476,in_process
torchscript_jit,0,973,0.42140299956372473,in_process
torchscript_jit,0,974,0.40310499935003463,in_process
torchscript_jit,0,975,0.41810499897110276,in_process
torchscript_jit,0,976,0.4269130004104227,in_process
torchscript_jit,0,977,0.40712900045036804,in_process
torchscript_jit,0,978,0.4258249991835328,in_process
torchscript_jit,0,979,0.4143999994994374,in_process
torchscript_jit,0,980,0.43988399920635857,in_process
torchscript_jit,0,981,0.41075199987972155,in_process
torchscript_jit,0,982,0.42081799983861856,in_process
torchscript_jit,0,983,0.42181299977528397,in_process
torchscript_jit,0,984,0.4110280005988898,in_process
torchscript_jit,0,985,0.41914400026143994,in_process
torchscript_jit,0,986,0.40434500078845304,in_process
torchscript_jit,0,987,0.4172389999439474,in_process
torchscript_jit,0,988,0.42493900036788546,in_process
torchscript_jit,0,989,0.4268490010872483,in_process
torchscript_jit,0,990,0.4054629989695968,in_process
torchscript_jit,0,991,0.4218829999445006,in_process
torchscript_jit,0,992,0.414280999393668,in_process
torchscript_jit,0,993,0.4211710001982283,in_process
torchscript_jit,0,994,0.4185229990980588,in_process
torchscript_jit,0,995,0.4060639985254966,in_process
torchscript_jit,0,996,0.4094159994565416,in_process
torchscript_jit,0,997,0.42044099973281845,in_process
torchscript_jit,0,998,0.41367199992237147,in_process
torchscript_jit,0,999,0.43440300032671075,in_process
torchscript_jit,1,0,5.98816199999419,in_process
torchscript_jit,1,1,0.6163730013213353,in_process
torchscript_jit,1,2,0.4389099995023571,in_process
torchscript_jit,1,3,0.43475100028445013,in_process
torchscript_jit,1,4,0.440780000644736,in_process
torchscript_jit,1,5,0.5481830012286082,in_process
torchscript_jit,1,6,0.4929610004182905,in_process
torchscript_jit,1,7,0.4480679999687709,in_process
torchscript_jit,1,8,0.4575610000756569,in_process
torchscript_jit,1,9,0.4573739988700254,in_process
torchscript_jit,1,10,0.5083460000605555,in_process
torchscript_jit,1,11,0.43086500045319553,in_process
torchscript_jit,1,12,0.461749001260614,in_process
torchscript_jit,1,13,0.420951000705827,in_process
torchscript_jit,1,14,0.46252199899754487,in_process
torchscript_jit,1,15,0.4366310004115803,in_process
torchscript_jit,1,16,0.4302850011299597,in_process
torchscript_jit,1,17,0.45244399916555267,in_process
torchscript_jit,1,18,0.45366900121734943,in_process
torchscript_jit,1,19,0.4677500000980217,in_process
torchscript_jit,1,20,0.42592200043145567,in_process
torchscript_jit,1,21,0.4607370010489831,in_process
torchscript_jit,1,22,0.4534090003289748,in_process
torchscript_jit,1,23,0.4129700009798398,in_process
torchscript_jit,1,24,0.47503699897788465,in_process
torchscript_jit,1,25,0.44286000047577545,in_process
torchscript_jit,1,26,0.4284450005798135,in_process
torchscript_jit,1,27,0.44829999933426734,in_process
torchscript_jit,1,28,0.45866000073147006,in_process
torchscript_jit,1,29,0.43636800000967924,in_process
torchscript_jit,1,30,0.44215900015842635,in_process
torchscript_jit,1,31,0.4353520016593393,in_process
torchscript_jit,1,32,0.46114599899738096,in_process
torchscript_jit,1,33,0.42260900045221206,in_process
torchscript_jit,1,34,0.4383729992696317,in_process
torchscript_jit,1,35,0.4361060000519501,in_process
torchscript_jit,1,36,0.42456600021978375,in_process
torchscript_jit,1,37,0.4371070008346578,in_process
torchscript_jit,1,38,0.43682199975592084,in_process
torchscript_jit,1,39,0.4286130006221356,in_process
torchscript_jit,1,40,0.44674199853034224,in_process
torchscript_jit,1,41,0.4565530016407138,in_process
torchscript_jit,1,42,0.48083399997267406,in_process
torchscript_jit,1,43,0.4340880004747305,in_process
torchscript_jit,1,44,0.4666760014515603,in_process
torchscript_jit,1,45,0.43103999996674247,in_process
torchscript_jit,1,46,0.42681500053731725,in_process
torchscript_jit,1,47,0.4502650008362252,in_process
torchscript_jit,1,48,0.4295600010664202,in_process
torchscript_jit,1,49,0.4208779992040945,in_process
torchscript_jit,1,50,0.4668139990826603,in_process
torchscript_jit,1,51,0.4640259994630469,in_process
torchscript_jit,1,52,0.43626499973470345,in_process
torchscript_jit,1,53,0.5369589998736046,in_process
torchscript_jit,1,54,0.4401910009619314,in_process
torchscript_jit,1,55,0.4601989985530963,in_process
torchscript_jit,1,56,0.44826600060332566,in_process
torchscript_jit,1,57,0.49421400035498664,in_process
torchscript_jit,1,58,0.43064000055892393,in_process
torchscript_jit,1,59,0.4378480007289909,in_process
torchscript_jit,1,60,0.41424300070502795,in_process
torchscript_jit,1,61,0.4590799999277806,in_process
torchscript_jit,1,62,0.4354289994807914,in_process
torchscript_jit,1,63,0.4362399995443411,in_process
torchscript_jit,1,64,0.41297099960502237,in_process
torchscript_jit,1,65,0.43086699952255003,in_process
torchscript_jit,1,66,0.4326530015532626,in_process
torchscript_jit,1,67,0.42130400106543675,in_process
torchscript_jit,1,68,0.4397869997774251,in_process
torchscript_jit,1,69,0.4271520010661334,in_process
torchscript_jit,1,70,0.41905099897121545,in_process
torchscript_jit,1,71,0.4400340003485326,in_process
torchscript_jit,1,72,0.4133589991397457,in_process
torchscript_jit,1,73,0.43401600123615935,in_process
torchscript_jit,1,74,0.42096399920410477,in_process
torchscript_jit,1,75,0.4447129995241994,in_process
torchscript_jit,1,76,0.41726800009200815,in_process
torchscript_jit,1,77,0.42718799886642955,in_process
torchscript_jit,1,78,0.4775399993377505,in_process
torchscript_jit,1,79,0.41587400119169615,in_process
torchscript_jit,1,80,0.43286099935357925,in_process
torchscript_jit,1,81,0.42874000064330176,in_process
torchscript_jit,1,82,0.42669999857025687,in_process
torchscript_jit,1,83,0.5590359996858751,in_process
torchscript_jit,1,84,0.4604659989126958,in_process
torchscript_jit,1,85,0.42933599979733117,in_process
torchscript_jit,1,86,0.5352120006136829,in_process
torchscript_jit,1,87,0.4384700005175546,in_process
torchscript_jit,1,88,0.4165579994150903,in_process
torchscript_jit,1,89,0.4558180007734336,in_process
torchscript_jit,1,90,0.4335039993748069,in_process
torchscript_jit,1,91,0.4211149989714613,in_process
torchscript_jit,1,92,0.43402000119385775,in_process
torchscript_jit,1,93,0.443259999883594,in_process
torchscript_jit,1,94,0.45594499897561036,in_process
torchscript_jit,1,95,0.4234080006426666,in_process
torchscript_jit,1,96,0.43690899838111363,in_process
torchscript_jit,1,97,0.43404399912105873,in_process
torchscript_jit,1,98,0.4191450007056119,in_process
torchscript_jit,1,99,0.4366039993328741,in_process
torchscript_jit,1,100,0.42718999975477345,in_process
torchscript_jit,1,101,0.4428489992278628,in_process
torchscript_jit,1,102,0.43484100024215877,in_process
torchscript_jit,1,103,0.42000299981737044,in_process
torchscript_jit,1,104,0.44392800009518396,in_process
torchscript_jit,1,105,0.5340030002116691,in_process
torchscript_jit,1,106,0.4905280002276413,in_process
torchscript_jit,1,107,0.42527300138317514,in_process
torchscript_jit,1,108,0.42015100007120054,in_process
torchscript_jit,1,109,0.4372830007923767,in_process
torchscript_jit,1,110,0.41354399945703335,in_process
torchscript_jit,1,111,0.427148001108435,in_process
torchscript_jit,1,112,0.46659799954795744,in_process
torchscript_jit,1,113,0.41229400085285306,in_process
torchscript_jit,1,114,0.43075600115116686,in_process
torchscript_jit,1,115,0.5346570014808094,in_process
torchscript_jit,1,116,0.46632299927296117,in_process
torchscript_jit,1,117,0.4296770002838457,in_process
torchscript_jit,1,118,0.42408199988130946,in_process
torchscript_jit,1,119,0.437403001342318,in_process
torchscript_jit,1,120,0.42296299943700433,in_process
torchscript_jit,1,121,0.4279829990991857,in_process
torchscript_jit,1,122,0.43474899939610623,in_process
torchscript_jit,1,123,0.4259020006429637,in_process
torchscript_jit,1,124,0.42113400013477076,in_process
torchscript_jit,1,125,0.44594000064535066,in_process
torchscript_jit,1,126,0.4466620011953637,in_process
torchscript_jit,1,127,0.4351049992692424,in_process
torchscript_jit,1,128,0.4169890016783029,in_process
torchscript_jit,1,129,0.46083400047791656,in_process
torchscript_jit,1,130,0.4248179993737722,in_process
torchscript_jit,1,131,0.41662200055725407,in_process
torchscript_jit,1,132,0.439101000665687,in_process
torchscript_jit,1,133,0.42340700019849464,in_process
torchscript_jit,1,134,0.4154189991822932,in_process
torchscript_jit,1,135,0.4542919996310957,in_process
torchscript_jit,1,136,0.41294599941466004,in_process
torchscript_jit,1,137,0.4369609996501822,in_process
torchscript_jit,1,138,0.4228079997119494,in_process
torchscript_jit,1,139,0.444444998720428,in_process
torchscript_jit,1,140,0.4157759994996013,in_process
torchscript_jit,1,141,0.4463360000954708,in_process
torchscript_jit,1,142,0.4493729993555462,in_process
torchscript_jit,1,143,0.4130279994569719,in_process
torchscript_jit,1,144,0.4320190000726143,in_process
torchscript_jit,1,145,0.43301899859216064,in_process
torchscript_jit,1,146,0.4279790009604767,in_process
torchscript_jit,1,147,0.459712000520085,in_process
torchscript_jit,1,148,0.4410420006024651,in_process
torchscript_jit,1,149,0.42717199903563596,in_process
torchscript_jit,1,150,0.4337190002843272,in_process
torchscript_jit,1,151,0.4266639989509713,in_process
torchscript_jit,1,152,0.418053001340013,in_process
torchscript_jit,1,153,0.4343920008977875,in_process
torchscript_jit,1,154,0.4263360006007133,in_process
torchscript_jit,1,155,0.4196999998384854,in_process
torchscript_jit,1,156,0.4282690006220946,in_process
torchscript_jit,1,157,0.4306450009607943,in_process
torchscript_jit,1,158,0.4743049994431203,in_process
torchscript_jit,1,159,0.42619899977580644,in_process
torchscript_jit,1,160,0.4286399998818524,in_process
torchscript_jit,1,161,0.4324490000726655,in_process
torchscript_jit,1,162,0.4298450003261678,in_process
torchscript_jit,1,163,0.42016299994429573,in_process
torchscript_jit,1,164,0.4432259993336629,in_process
torchscript_jit,1,165,0.4319380004744744,in_process
torchscript_jit,1,166,0.41679400055727456,in_process
torchscript_jit,1,167,0.4345779998402577,in_process
torchscript_jit,1,168,0.42974899952241685,in_process
torchscript_jit,1,169,0.44237800102564506,in_process
torchscript_jit,1,170,0.4519039994193008,in_process
torchscript_jit,1,171,0.44284600153332576,in_process
torchscript_jit,1,172,0.4860839999309974,in_process
torchscript_jit,1,173,0.42141099947912153,in_process
torchscript_jit,1,174,0.444994000645238,in_process
torchscript_jit,1,175,0.41693599996506236,in_process
torchscript_jit,1,176,0.4389139994600555,in_process
torchscript_jit,1,177,5.96088900056202,in_process
torchscript_jit,1,178,0.7368249989667675,in_process
torchscript_jit,1,179,0.45869399946241174,in_process
torchscript_jit,1,180,0.48309900012100115,in_process
torchscript_jit,1,181,0.4567420000967104,in_process
torchscript_jit,1,182,0.4342110005381983,in_process
torchscript_jit,1,183,0.4570260007312754,in_process
torchscript_jit,1,184,0.4545209994830657,in_process
torchscript_jit,1,185,0.4340109990152996,in_process
torchscript_jit,1,186,0.4299590000300668,in_process
torchscript_jit,1,187,0.4392219998408109,in_process
torchscript_jit,1,188,0.4186690002825344,in_process
torchscript_jit,1,189,0.45583099927171133,in_process
torchscript_jit,1,190,0.4370699989522109,in_process
torchscript_jit,1,191,0.45386399870039895,in_process
torchscript_jit,1,192,0.43658899994625244,in_process
torchscript_jit,1,193,0.4268730008334387,in_process
torchscript_jit,1,194,0.48712300122133456,in_process
torchscript_jit,1,195,0.44659599916485604,in_process
torchscript_jit,1,196,0.4193539989501005,in_process
torchscript_jit,1,197,0.45341199984250125,in_process
torchscript_jit,1,198,0.4266819996701088,in_process
torchscript_jit,1,199,0.422344999606139,in_process
torchscript_jit,1,200,0.44191999950271565,in_process
torchscript_jit,1,201,0.44136100041214377,in_process
torchscript_jit,1,202,0.6617309991270304,in_process
torchscript_jit,1,203,0.4235029991832562,in_process
torchscript_jit,1,204,0.43121999988215975,in_process
torchscript_jit,1,205,0.4723599995486438,in_process
torchscript_jit,1,206,0.4272679998393869,in_process
torchscript_jit,1,207,0.43861499943886884,in_process
torchscript_jit,1,208,0.4307769995648414,in_process
torchscript_jit,1,209,0.4335370012995554,in_process
torchscript_jit,1,210,0.4459570009203162,in_process
torchscript_jit,1,211,0.48497499847144354,in_process
torchscript_jit,1,212,0.4308659990783781,in_process
torchscript_jit,1,213,0.42828400000871625,in_process
torchscript_jit,1,214,0.43106600060127676,in_process
torchscript_jit,1,215,0.4328320010245079,in_process
torchscript_jit,1,216,0.42175999988103285,in_process
torchscript_jit,1,217,0.4447470000741305,in_process
torchscript_jit,1,218,0.4264640010660514,in_process
torchscript_jit,1,219,0.5206400001043221,in_process
torchscript_jit,1,220,0.42945099994540215,in_process
torchscript_jit,1,221,0.4394770003273152,in_process
torchscript_jit,1,222,0.4758279992529424,in_process
torchscript_jit,1,223,0.42083200060005765,in_process
torchscript_jit,1,224,0.4432219993759645,in_process
torchscript_jit,1,225,0.43926000034844037,in_process
torchscript_jit,1,226,0.42856600157392677,in_process
torchscript_jit,1,227,0.42541299990261905,in_process
torchscript_jit,1,228,0.45871200018154923,in_process
torchscript_jit,1,229,0.4293550009606406,in_process
torchscript_jit,1,230,0.4252760008967016,in_process
torchscript_jit,1,231,0.43556799937505275,in_process
torchscript_jit,1,232,0.45503099863708485,in_process
torchscript_jit,1,233,0.4372909988887841,in_process
torchscript_jit,1,234,0.42326900074840523,in_process
torchscript_jit,1,235,0.4347560006863205,in_process
torchscript_jit,1,236,0.4279370004951488,in_process
torchscript_jit,1,237,0.4291280001780251,in_process
torchscript_jit,1,238,0.4375320004328387,in_process
torchscript_jit,1,239,0.411611999879824,in_process
torchscript_jit,1,240,0.42627999937394634,in_process
torchscript_jit,1,241,0.46937600018281955,in_process
torchscript_jit,1,242,0.4137939995416673,in_process
torchscript_jit,1,243,0.4332549997343449,in_process
torchscript_jit,1,244,0.42376800047350116,in_process
torchscript_jit,1,245,0.47094200090214144,in_process
torchscript_jit,1,246,0.40825399992172606,in_process
torchscript_jit,1,247,0.4341240000940161,in_process
torchscript_jit,1,248,0.500300000567222,in_process
torchscript_jit,1,249,0.43474700032675173,in_process
torchscript_jit,1,250,0.43069100138382055,in_process
torchscript_jit,1,251,0.46970599942142144,in_process
torchscript_jit,1,252,0.4360549992270535,in_process
torchscript_jit,1,253,0.4274279999663122,in_process
torchscript_jit,1,254,0.4525420008576475,in_process
torchscript_jit,1,255,0.44222799988347106,in_process
torchscript_jit,1,256,0.4281620003894204,in_process
torchscript_jit,1,257,0.4397669999889331,in_process
torchscript_jit,1,258,0.4303440000512637,in_process
torchscript_jit,1,259,0.42281100104446523,in_process
torchscript_jit,1,260,0.4351879997557262,in_process
torchscript_jit,1,261,0.4546069994830759,in_process
torchscript_jit,1,262,0.43356199967092834,in_process
torchscript_jit,1,263,0.43728200034820475,in_process
torchscript_jit,1,264,0.43964699943899177,in_process
torchscript_jit,1,265,0.4421149988047546,in_process
torchscript_jit,1,266,0.4241210008331109,in_process
torchscript_jit,1,267,0.42251400009263307,in_process
torchscript_jit,1,268,0.4617440008587437,in_process
torchscript_jit,1,269,0.43693199950212147,in_process
torchscript_jit,1,270,0.4210560000501573,in_process
torchscript_jit,1,271,0.45057999886921607,in_process
torchscript_jit,1,272,0.416836999647785,in_process
torchscript_jit,1,273,0.42176599890808575,in_process
torchscript_jit,1,274,0.4828809996979544,in_process
torchscript_jit,1,275,0.4598989999067271,in_process
torchscript_jit,1,276,0.41468299968983047,in_process
torchscript_jit,1,277,0.5289630007609958,in_process
torchscript_jit,1,278,0.454510998679325,in_process
torchscript_jit,1,279,0.4228149991831742,in_process
torchscript_jit,1,280,0.4270999997970648,in_process
torchscript_jit,1,281,0.44513099965115543,in_process
torchscript_jit,1,282,0.42018600106530357,in_process
torchscript_jit,1,283,0.4238359997543739,in_process
torchscript_jit,1,284,0.43784499939647503,in_process
torchscript_jit,1,285,0.41555600000720005,in_process
torchscript_jit,1,286,0.43710600039048586,in_process
torchscript_jit,1,287,0.4312090004532365,in_process
torchscript_jit,1,288,0.4399389999889536,in_process
torchscript_jit,1,289,0.41753100049390923,in_process
torchscript_jit,1,290,0.43180099964956753,in_process
torchscript_jit,1,291,0.46821300020383205,in_process
torchscript_jit,1,292,0.4328170016378863,in_process
torchscript_jit,1,293,0.4186910009593703,in_process
torchscript_jit,1,294,0.43849000030604657,in_process
torchscript_jit,1,295,0.4328880004322855,in_process
torchscript_jit,1,296,0.44608399912249297,in_process
torchscript_jit,1,297,0.42508299884502776,in_process
torchscript_jit,1,298,0.44230900130060036,in_process
torchscript_jit,1,299,0.4239040008542361,in_process
torchscript_jit,1,300,0.41991200123447925,in_process
torchscript_jit,1,301,0.44039599924872164,in_process
torchscript_jit,1,302,0.4118090000702068,in_process
torchscript_jit,1,303,0.4334599998401245,in_process
torchscript_jit,1,304,0.4381680009828415,in_process
torchscript_jit,1,305,0.4125949999433942,in_process
torchscript_jit,1,306,0.48114399942278396,in_process
torchscript_jit,1,307,0.4413940005179029,in_process
torchscript_jit,1,308,0.4610939995473018,in_process
torchscript_jit,1,309,0.4216470006213058,in_process
torchscript_jit,1,310,0.4189100000075996,in_process
torchscript_jit,1,311,0.4458190014702268,in_process
torchscript_jit,1,312,0.4086259996256558,in_process
torchscript_jit,1,313,0.4226870005368255,in_process
torchscript_jit,1,314,0.45026100087852683,in_process
torchscript_jit,1,315,0.4325200006860541,in_process
torchscript_jit,1,316,0.4205050008749822,in_process
torchscript_jit,1,317,0.43891099994652905,in_process
torchscript_jit,1,318,0.44544100092025474,in_process
torchscript_jit,1,319,0.44541900024341885,in_process
torchscript_jit,1,320,0.44314199840300716,in_process
torchscript_jit,1,321,0.42913499964924995,in_process
torchscript_jit,1,322,0.43534699943847954,in_process
torchscript_jit,1,323,0.46160999954736326,in_process
torchscript_jit,1,324,0.43661999916366767,in_process
torchscript_jit,1,325,0.4246740008966299,in_process
torchscript_jit,1,326,0.4337190002843272,in_process
torchscript_jit,1,327,0.4272340011084452,in_process
torchscript_jit,1,328,0.44882499969389755,in_process
torchscript_jit,1,329,0.42741500146803446,in_process
torchscript_jit,1,330,0.416588000007323,in_process
torchscript_jit,1,331,0.450980000096024,in_process
torchscript_jit,1,332,0.4319460003898712,in_process
torchscript_jit,1,333,0.4132129997742595,in_process
torchscript_jit,1,334,0.4991179994249251,in_process
torchscript_jit,1,335,0.42787300117197447,in_process
torchscript_jit,1,336,0.42353699973318726,in_process
torchscript_jit,1,337,0.4665609994844999,in_process
torchscript_jit,1,338,0.4222920015308773,in_process
torchscript_jit,1,339,0.4410599995026132,in_process
torchscript_jit,1,340,0.4234349999023834,in_process
torchscript_jit,1,341,0.4470090007089311,in_process
torchscript_jit,1,342,0.4142680008953903,in_process
torchscript_jit,1,343,0.42753399975481443,in_process
torchscript_jit,1,344,0.4415299990796484,in_process
torchscript_jit,1,345,0.4135119997954462,in_process
torchscript_jit,1,346,0.42215100074827205,in_process
torchscript_jit,1,347,0.4313179997552652,in_process
torchscript_jit,1,348,0.42053799916175194,in_process
torchscript_jit,1,349,0.4459769988898188,in_process
torchscript_jit,1,350,0.45273500109033193,in_process
torchscript_jit,1,351,0.4318980008974904,in_process
torchscript_jit,1,352,0.42545199903543107,in_process
torchscript_jit,1,353,0.4577099989546696,in_process
torchscript_jit,1,354,0.42367900095996447,in_process
torchscript_jit,1,355,5.9073040010844124,in_process
torchscript_jit,1,356,0.9518900005787145,in_process
torchscript_jit,1,357,0.4669230002036784,in_process
torchscript_jit,1,358,0.4581060002237791,in_process
torchscript_jit,1,359,0.43287699918437283,in_process
torchscript_jit,1,360,0.48949700067169033,in_process
torchscript_jit,1,361,0.4611139993357938,in_process
torchscript_jit,1,362,0.43321599878254347,in_process
torchscript_jit,1,363,0.4382719998829998,in_process
torchscript_jit,1,364,0.42833299994526897,in_process
torchscript_jit,1,365,0.4226359997119289,in_process
torchscript_jit,1,366,0.46286200085887685,in_process
torchscript_jit,1,367,0.4219919992465293,in_process
torchscript_jit,1,368,0.43725000068661757,in_process
torchscript_jit,1,369,0.4450469987204997,in_process
torchscript_jit,1,370,0.4248200002621161,in_process
torchscript_jit,1,371,0.4428229985933285,in_process
torchscript_jit,1,372,0.48495900045963936,in_process
torchscript_jit,1,373,0.43159300003026146,in_process
torchscript_jit,1,374,0.42526099969109055,in_process
torchscript_jit,1,375,0.43097100024169777,in_process
torchscript_jit,1,376,0.4388960005599074,in_process
torchscript_jit,1,377,0.4290569995646365,in_process
torchscript_jit,1,378,0.4621959997166414,in_process
torchscript_jit,1,379,0.4360689999884926,in_process
torchscript_jit,1,380,0.43566900058067404,in_process
torchscript_jit,1,381,0.4295939997973619,in_process
torchscript_jit,1,382,0.44914699901710264,in_process
torchscript_jit,1,383,0.4560550005408004,in_process
torchscript_jit,1,384,0.4339820006862283,in_process
torchscript_jit,1,385,0.4237279990775278,in_process
torchscript_jit,1,386,0.4214390010019997,in_process
torchscript_jit,1,387,0.42625599962775595,in_process
torchscript_jit,1,388,0.43563500003074296,in_process
torchscript_jit,1,389,0.4258620010659797,in_process
torchscript_jit,1,390,0.4298469993955223,in_process
torchscript_jit,1,391,0.4219920010655187,in_process
torchscript_jit,1,392,0.450044000899652,in_process
torchscript_jit,1,393,0.42589900112943724,in_process
torchscript_jit,1,394,0.4191389998595696,in_process
torchscript_jit,1,395,0.497041999551584,in_process
torchscript_jit,1,396,0.4364479991636472,in_process
torchscript_jit,1,397,0.4319580002629664,in_process
torchscript_jit,1,398,0.4352280011516996,in_process
torchscript_jit,1,399,0.41557599979569204,in_process
torchscript_jit,1,400,0.42906800081254914,in_process
torchscript_jit,1,401,0.4660480008169543,in_process
torchscript_jit,1,402,0.41224000051443,in_process
torchscript_jit,1,403,0.4319279996707337,in_process
torchscript_jit,1,404,0.4260749992681667,in_process
torchscript_jit,1,405,0.4435720002220478,in_process
torchscript_jit,1,406,0.41830900045169983,in_process
torchscript_jit,1,407,0.43776799975603353,in_process
torchscript_jit,1,408,0.4547810003714403,in_process
torchscript_jit,1,409,0.4167829993093619,in_process
torchscript_jit,1,410,0.48308700024790596,in_process
torchscript_jit,1,411,0.44331400022201706,in_process
torchscript_jit,1,412,0.41201800013368484,in_process
torchscript_jit,1,413,0.43886699859285727,in_process
torchscript_jit,1,414,0.43846500011568423,in_process
torchscript_jit,1,415,0.4400890011311276,in_process
torchscript_jit,1,416,0.42495499837968964,in_process
torchscript_jit,1,417,0.4254380000929814,in_process
torchscript_jit,1,418,0.4637319998437306,in_process
torchscript_jit,1,419,0.4277300013200147,in_process
torchscript_jit,1,420,0.42414299969095737,in_process
torchscript_jit,1,421,0.4304270005377475,in_process
torchscript_jit,1,422,0.4321870001149364,in_process
torchscript_jit,1,423,0.42007999945781194,in_process
torchscript_jit,1,424,0.4465490001166472,in_process
torchscript_jit,1,425,0.43731200094043743,in_process
torchscript_jit,1,426,0.4263339997123694,in_process
torchscript_jit,1,427,0.4257640011928743,in_process
torchscript_jit,1,428,0.43883599937544204,in_process
torchscript_jit,1,429,0.4273350004950771,in_process
torchscript_jit,1,430,0.4294680002203677,in_process
torchscript_jit,1,431,0.437901000623242,in_process
torchscript_jit,1,432,0.4427660005603684,in_process
torchscript_jit,1,433,0.4181749991403194,in_process
torchscript_jit,1,434,0.42652699994505383,in_process
torchscript_jit,1,435,0.47256899961212184,in_process
torchscript_jit,1,436,0.43882999852939975,in_process
torchscript_jit,1,437,0.4151439989072969,in_process
torchscript_jit,1,438,0.44194800102559384,in_process
torchscript_jit,1,439,0.41617399983806536,in_process
torchscript_jit,1,440,0.4450030010048067,in_process
torchscript_jit,1,441,0.4447800001798896,in_process
torchscript_jit,1,442,0.4243690000294009,in_process
torchscript_jit,1,443,0.42876600127783604,in_process
torchscript_jit,1,444,0.42275099985999987,in_process
torchscript_jit,1,445,0.4194150005787378,in_process
torchscript_jit,1,446,0.4496180008572992,in_process
torchscript_jit,1,447,0.48179199984588195,in_process
torchscript_jit,1,448,0.42478100112930406,in_process
torchscript_jit,1,449,0.4188530001556501,in_process
torchscript_jit,1,450,0.4393800008983817,in_process
torchscript_jit,1,451,0.42124300125578884,in_process
torchscript_jit,1,452,0.41967299875977915,in_process
torchscript_jit,1,453,0.46963699969637673,in_process
torchscript_jit,1,454,0.41255500036641024,in_process
torchscript_jit,1,455,0.42863699854933657,in_process
torchscript_jit,1,456,0.4558019991236506,in_process
torchscript_jit,1,457,0.42783000026247464,in_process
torchscript_jit,1,458,0.4158749998168787,in_process
torchscript_jit,1,459,0.44213499859324656,in_process
torchscript_jit,1,460,0.4267069998604711,in_process
torchscript_jit,1,461,0.42779199975484516,in_process
torchscript_jit,1,462,0.41378899913979694,in_process
torchscript_jit,1,463,0.4330020001361845,in_process
torchscript_jit,1,464,0.4147340005147271,in_process
torchscript_jit,1,465,0.4427189996931702,in_process
torchscript_jit,1,466,0.43783099863503594,in_process
torchscript_jit,1,467,0.46394399942073505,in_process
torchscript_jit,1,468,0.41450800017628353,in_process
torchscript_jit,1,469,0.44292100028542336,in_process
torchscript_jit,1,470,0.4742959990835516,in_process
torchscript_jit,1,471,0.42133200076932553,in_process
torchscript_jit,1,472,0.42463700083317235,in_process
torchscript_jit,1,473,0.44055800026399083,in_process
torchscript_jit,1,474,0.4138080003031064,in_process
torchscript_jit,1,475,0.4318880000937497,in_process
torchscript_jit,1,476,0.43331100096111186,in_process
torchscript_jit,1,477,0.4238990004523657,in_process
torchscript_jit,1,478,0.43177299994567875,in_process
torchscript_jit,1,479,0.6229219998203916,in_process
torchscript_jit,1,480,0.4471360007300973,in_process
torchscript_jit,1,481,0.4192359992885031,in_process
torchscript_jit,1,482,0.4611830008798279,in_process
torchscript_jit,1,483,0.43453499893075787,in_process
torchscript_jit,1,484,0.4286189996491885,in_process
torchscript_jit,1,485,0.44037600127921905,in_process
torchscript_jit,1,486,0.44169700049678795,in_process
torchscript_jit,1,487,0.43029200060118455,in_process
torchscript_jit,1,488,0.44591500045498833,in_process
torchscript_jit,1,489,0.43867999920621514,in_process
torchscript_jit,1,490,0.4265449988452019,in_process
torchscript_jit,1,491,0.417388999267132,in_process
torchscript_jit,1,492,0.4246500011504395,in_process
torchscript_jit,1,493,0.4440829998202389,in_process
torchscript_jit,1,494,0.4234990010445472,in_process
torchscript_jit,1,495,0.4206430003250716,in_process
torchscript_jit,1,496,0.43456700041133445,in_process
torchscript_jit,1,497,0.40876599996408913,in_process
torchscript_jit,1,498,0.4094719988643192,in_process
torchscript_jit,1,499,0.47427499885088764,in_process
torchscript_jit,1,500,0.4292939993320033,in_process
torchscript_jit,1,501,0.4294320006010821,in_process
torchscript_jit,1,502,0.42904999827442225,in_process
torchscript_jit,1,503,0.4264210001565516,in_process
torchscript_jit,1,504,0.423584999225568,in_process
torchscript_jit,1,505,0.46051599929342046,in_process
torchscript_jit,1,506,0.41043000055651646,in_process
torchscript_jit,1,507,0.42186700011370704,in_process
torchscript_jit,1,508,0.44182100100442767,in_process
torchscript_jit,1,509,0.41586199949961156,in_process
torchscript_jit,1,510,0.43623900091915857,in_process
torchscript_jit,1,511,0.4296040006011026,in_process
torchscript_jit,1,512,0.4488399990805192,in_process
torchscript_jit,1,513,0.413231000493397,in_process
torchscript_jit,1,514,0.43469699994602706,in_process
torchscript_jit,1,515,0.4356869994808221,in_process
torchscript_jit,1,516,0.4205249988444848,in_process
torchscript_jit,1,517,0.437371998486924,in_process
torchscript_jit,1,518,0.4368409991002409,in_process
torchscript_jit,1,519,0.423641000452335,in_process
torchscript_jit,1,520,0.43736500083468854,in_process
torchscript_jit,1,521,0.42784000106621534,in_process
torchscript_jit,1,522,0.44891400102642365,in_process
torchscript_jit,1,523,0.42059500083269086,in_process
torchscript_jit,1,524,0.4478329992707586,in_process
torchscript_jit,1,525,0.422191000325256,in_process
torchscript_jit,1,526,0.5032429999118904,in_process
torchscript_jit,1,527,0.41795899960561655,in_process
torchscript_jit,1,528,0.4598039995471481,in_process
torchscript_jit,1,529,0.42737799958558753,in_process
torchscript_jit,1,530,0.41498700011288747,in_process
torchscript_jit,1,531,0.42905400005111005,in_process
torchscript_jit,1,532,0.4332059997977922,in_process
torchscript_jit,1,533,0.4156029990554089,in_process
torchscript_jit,1,534,0.45433000013872515,in_process
torchscript_jit,1,535,0.48340499961341266,in_process
torchscript_jit,1,536,0.425168998845038,in_process
torchscript_jit,1,537,0.428159000875894,in_process
torchscript_jit,1,538,0.4293120000511408,in_process
torchscript_jit,1,539,0.4217300011077896,in_process
torchscript_jit,1,540,0.44598599924938753,in_process
torchscript_jit,1,541,0.42160799966950435,in_process
torchscript_jit,1,542,5.729856999096228,in_process
torchscript_jit,1,543,0.6499949995486531,in_process
torchscript_jit,1,544,0.4239690006215824,in_process
torchscript_jit,1,545,0.502343000334804,in_process
torchscript_jit,1,546,0.4528169993136544,in_process
torchscript_jit,1,547,0.43740600085584447,in_process
torchscript_jit,1,548,0.46312099948409013,in_process
torchscript_jit,1,549,0.4522680010268232,in_process
torchscript_jit,1,550,0.43913400077144615,in_process
torchscript_jit,1,551,0.43111499871884007,in_process
torchscript_jit,1,552,0.4494869990594452,in_process
torchscript_jit,1,553,0.46086799920885824,in_process
torchscript_jit,1,554,0.42949599992425647,in_process
torchscript_jit,1,555,0.4304670001147315,in_process
torchscript_jit,1,556,0.4654439999285387,in_process
torchscript_jit,1,557,0.43413999992480967,in_process
torchscript_jit,1,558,0.4332630014687311,in_process
torchscript_jit,1,559,0.4442919998837169,in_process
torchscript_jit,1,560,0.4362859999673674,in_process
torchscript_jit,1,561,0.4218559988657944,in_process
torchscript_jit,1,562,0.4439329986780649,in_process
torchscript_jit,1,563,0.4497899990383303,in_process
torchscript_jit,1,564,0.45413099905999843,in_process
torchscript_jit,1,565,0.4194529992673779,in_process
torchscript_jit,1,566,0.4417309992277296,in_process
torchscript_jit,1,567,0.43458900108817033,in_process
torchscript_jit,1,568,0.41977399996540044,in_process
torchscript_jit,1,569,0.4267900003469549,in_process
torchscript_jit,1,570,0.4689310007961467,in_process
torchscript_jit,1,571,0.43315899893059395,in_process
torchscript_jit,1,572,0.42335600119258743,in_process
torchscript_jit,1,573,0.7455760005541379,in_process
torchscript_jit,1,574,0.45203400077298284,in_process
torchscript_jit,1,575,0.42568499884509947,in_process
torchscript_jit,1,576,0.520378000146593,in_process
torchscript_jit,1,577,0.45549099922936875,in_process
torchscript_jit,1,578,0.4242849990987452,in_process
torchscript_jit,1,579,0.4280539997125743,in_process
torchscript_jit,1,580,0.43076600013591815,in_process
torchscript_jit,1,581,0.4222349998599384,in_process
torchscript_jit,1,582,0.4204540000500856,in_process
torchscript_jit,1,583,0.4491950003284728,in_process
torchscript_jit,1,584,0.45183800102677196,in_process
torchscript_jit,1,585,0.4221180006425129,in_process
torchscript_jit,1,586,0.41763899935176596,in_process
torchscript_jit,1,587,0.46847800149407703,in_process
torchscript_jit,1,588,0.4155589995207265,in_process
torchscript_jit,1,589,0.4189789997326443,in_process
torchscript_jit,1,590,0.4362979998404626,in_process
torchscript_jit,1,591,0.4220120008540107,in_process
torchscript_jit,1,592,0.421275000917376,in_process
torchscript_jit,1,593,0.45599500117532443,in_process
torchscript_jit,1,594,0.4212080002616858,in_process
torchscript_jit,1,595,0.450790999821038,in_process
torchscript_jit,1,596,0.43714799903682433,in_process
torchscript_jit,1,597,0.4353909989731619,in_process
torchscript_jit,1,598,0.428007999289548,in_process
torchscript_jit,1,599,0.4632300006051082,in_process
torchscript_jit,1,600,0.49949799904425163,in_process
torchscript_jit,1,601,0.5236369997874135,in_process
torchscript_jit,1,602,0.445507001131773,in_process
torchscript_jit,1,603,0.42589099939505104,in_process
torchscript_jit,1,604,0.45773000056215096,in_process
torchscript_jit,1,605,0.4783590011356864,in_process
torchscript_jit,1,606,0.45242300075187813,in_process
torchscript_jit,1,607,0.5899280004086904,in_process
torchscript_jit,1,608,0.441582000348717,in_process
torchscript_jit,1,609,0.459695998870302,in_process
torchscript_jit,1,610,0.4381870003271615,in_process
torchscript_jit,1,611,0.4719740009022644,in_process
torchscript_jit,1,612,0.42810000013560057,in_process
torchscript_jit,1,613,0.4285989998606965,in_process
torchscript_jit,1,614,0.42472800123505294,in_process
torchscript_jit,1,615,0.4673080002248753,in_process
torchscript_jit,1,616,0.4658289999497356,in_process
torchscript_jit,1,617,0.41279799916082993,in_process
torchscript_jit,1,618,0.428142999226111,in_process
torchscript_jit,1,619,0.43656100024236366,in_process
torchscript_jit,1,620,0.40798200097924564,in_process
torchscript_jit,1,621,0.42627599941624794,in_process
torchscript_jit,1,622,0.44296099986240733,in_process
torchscript_jit,1,623,0.40798000009090174,in_process
torchscript_jit,1,624,0.42247499914083164,in_process
torchscript_jit,1,625,0.43841499973495957,in_process
torchscript_jit,1,626,0.4101690010429593,in_process
torchscript_jit,1,627,0.43313700007274747,in_process
torchscript_jit,1,628,0.4228939997119596,in_process
torchscript_jit,1,629,0.444993000201066,in_process
torchscript_jit,1,630,0.4852680012845667,in_process
torchscript_jit,1,631,0.4276690015103668,in_process
torchscript_jit,1,632,0.46464700062642805,in_process
torchscript_jit,1,633,0.42060099985974375,in_process
torchscript_jit,1,634,0.42327500159444753,in_process
torchscript_jit,1,635,0.44508100108942017,in_process
torchscript_jit,1,636,0.4148259995417902,in_process
torchscript_jit,1,637,0.42377199861221015,in_process
torchscript_jit,1,638,0.45317900003283285,in_process
torchscript_jit,1,639,0.4421800003910903,in_process
torchscript_jit,1,640,0.4335829999035923,in_process
torchscript_jit,1,641,0.42276499880244955,in_process
torchscript_jit,1,642,0.43329500113031827,in_process
torchscript_jit,1,643,0.4386910004541278,in_process
torchscript_jit,1,644,0.43707700024242513,in_process
torchscript_jit,1,645,0.4405729996506125,in_process
torchscript_jit,1,646,0.4315370006224839,in_process
torchscript_jit,1,647,0.4273310005373787,in_process
torchscript_jit,1,648,0.4476529993553413,in_process
torchscript_jit,1,649,0.4434060010680696,in_process
torchscript_jit,1,650,0.4300979999243282,in_process
torchscript_jit,1,651,0.4322909990150947,in_process
torchscript_jit,1,652,0.4295660000934731,in_process
torchscript_jit,1,653,0.4263929986336734,in_process
torchscript_jit,1,654,0.42094700074812863,in_process
torchscript_jit,1,655,0.594864999584388,in_process
torchscript_jit,1,656,0.42935400051646866,in_process
torchscript_jit,1,657,0.41485299880150706,in_process
torchscript_jit,1,658,0.501331000123173,in_process
torchscript_jit,1,659,0.44025600072927773,in_process
torchscript_jit,1,660,0.4238109995640116,in_process
torchscript_jit,1,661,0.4409360008139629,in_process
torchscript_jit,1,662,0.43442099922685884,in_process
torchscript_jit,1,663,0.42926700007228646,in_process
torchscript_jit,1,664,0.4145240000070771,in_process
torchscript_jit,1,665,0.5119809993630042,in_process
torchscript_jit,1,666,0.43107999954372644,in_process
torchscript_jit,1,667,0.4275049996067537,in_process
torchscript_jit,1,668,0.4277909993106732,in_process
torchscript_jit,1,669,0.4118050001125084,in_process
torchscript_jit,1,670,0.4271710004104534,in_process
torchscript_jit,1,671,0.515531000928604,in_process
torchscript_jit,1,672,0.4777409994858317,in_process
torchscript_jit,1,673,0.41175699880113825,in_process
torchscript_jit,1,674,0.4374109994387254,in_process
torchscript_jit,1,675,0.4307809995225398,in_process
torchscript_jit,1,676,0.42224599928886164,in_process
torchscript_jit,1,677,0.4371800005174009,in_process
torchscript_jit,1,678,0.4497900008573197,in_process
torchscript_jit,1,679,0.42231100087519735,in_process
torchscript_jit,1,680,0.44001100104651414,in_process
torchscript_jit,1,681,0.4341789990576217,in_process
torchscript_jit,1,682,0.4282359986973461,in_process
torchscript_jit,1,683,0.42181500066362787,in_process
torchscript_jit,1,684,0.4593720004777424,in_process
torchscript_jit,1,685,0.4295700000511715,in_process
torchscript_jit,1,686,0.42376199962745886,in_process
torchscript_jit,1,687,0.4303269997762982,in_process
torchscript_jit,1,688,0.42862600093940273,in_process
torchscript_jit,1,689,0.42434699935256504,in_process
torchscript_jit,1,690,0.4532020011538407,in_process
torchscript_jit,1,691,0.4450010001164628,in_process
torchscript_jit,1,692,0.4523820007307222,in_process
torchscript_jit,1,693,0.4188620005152188,in_process
torchscript_jit,1,694,0.43093999920529313,in_process
torchscript_jit,1,695,0.43585599996731617,in_process
torchscript_jit,1,696,0.41436899846303277,in_process
torchscript_jit,1,697,0.4303030000301078,in_process
torchscript_jit,1,698,0.4405290001159301,in_process
torchscript_jit,1,699,0.4158850006206194,in_process
torchscript_jit,1,700,0.43239099977654405,in_process
torchscript_jit,1,701,0.441696000052616,in_process
torchscript_jit,1,702,0.4987400006939424,in_process
torchscript_jit,1,703,0.4222070001560496,in_process
torchscript_jit,1,704,0.4381340004329104,in_process
torchscript_jit,1,705,0.43998699948133435,in_process
torchscript_jit,1,706,0.41849599983834196,in_process
torchscript_jit,1,707,0.46266299978015013,in_process
torchscript_jit,1,708,0.4374529999040533,in_process
torchscript_jit,1,709,0.41502100066281855,in_process
torchscript_jit,1,710,0.4350359995441977,in_process
torchscript_jit,1,711,0.42265299998689443,in_process
torchscript_jit,1,712,0.4422649999469286,in_process
torchscript_jit,1,713,0.42685599873948377,in_process
torchscript_jit,1,714,0.43818199992529117,in_process
torchscript_jit,1,715,0.48475000039616134,in_process
torchscript_jit,1,716,0.449531000413117,in_process
torchscript_jit,1,717,0.42710300112958066,in_process
torchscript_jit,1,718,0.4162300010648323,in_process
torchscript_jit,1,719,0.442877000750741,in_process
torchscript_jit,1,720,5.691434000254958,in_process
torchscript_jit,1,721,0.7826129985915031,in_process
torchscript_jit,1,722,0.4446200000529643,in_process
torchscript_jit,1,723,0.4628429996955674,in_process
torchscript_jit,1,724,0.43443300091894343,in_process
torchscript_jit,1,725,0.4308299994590925,in_process
torchscript_jit,1,726,0.5224910000833916,in_process
torchscript_jit,1,727,0.5753759996878216,in_process
torchscript_jit,1,728,0.4699499986600131,in_process
torchscript_jit,1,729,0.43679000009433366,in_process
torchscript_jit,1,730,0.44909800089953933,in_process
torchscript_jit,1,731,0.4379639995022444,in_process
torchscript_jit,1,732,0.4328480008553015,in_process
torchscript_jit,1,733,0.448254999355413,in_process
torchscript_jit,1,734,0.4391349993966287,in_process
torchscript_jit,1,735,0.4351309999037767,in_process
torchscript_jit,1,736,0.41748900002858136,in_process
torchscript_jit,1,737,0.4655419998016441,in_process
torchscript_jit,1,738,0.43407500015746336,in_process
torchscript_jit,1,739,0.4183569999440806,in_process
torchscript_jit,1,740,0.4251589998602867,in_process
torchscript_jit,1,741,0.4450029991858173,in_process
torchscript_jit,1,742,0.4229639998811763,in_process
torchscript_jit,1,743,0.4659909991460154,in_process
torchscript_jit,1,744,0.44823499956692103,in_process
torchscript_jit,1,745,0.49655000111670233,in_process
torchscript_jit,1,746,0.5188189988984959,in_process
torchscript_jit,1,747,0.43562700011534616,in_process
torchscript_jit,1,748,0.42975500036845915,in_process
torchscript_jit,1,749,0.4389489986351691,in_process
torchscript_jit,1,750,0.4384320000099251,in_process
torchscript_jit,1,751,0.4307959989091614,in_process
torchscript_jit,1,752,0.44006600001011975,in_process
torchscript_jit,1,753,0.4252969993103761,in_process
torchscript_jit,1,754,0.4520839993347181,in_process
torchscript_jit,1,755,0.4393359995447099,in_process
torchscript_jit,1,756,0.4323049997765338,in_process
torchscript_jit,1,757,0.4256350002833642,in_process
torchscript_jit,1,758,0.42325099821027834,in_process
torchscript_jit,1,759,0.4684670002461644,in_process
torchscript_jit,1,760,0.42542899973341264,in_process
torchscript_jit,1,761,0.41716699888638686,in_process
torchscript_jit,1,762,0.49908100118045695,in_process
torchscript_jit,1,763,0.43962199924862944,in_process
torchscript_jit,1,764,0.4399540011945646,in_process
torchscript_jit,1,765,0.44671000068774447,in_process
torchscript_jit,1,766,0.43589999950199854,in_process
torchscript_jit,1,767,0.4404600003908854,in_process
torchscript_jit,1,768,0.4176149996055756,in_process
torchscript_jit,1,769,0.4553379985736683,in_process
torchscript_jit,1,770,0.4732959987450158,in_process
torchscript_jit,1,771,0.42484799996600486,in_process
torchscript_jit,1,772,0.4381359995022649,in_process
torchscript_jit,1,773,0.4217770001559984,in_process
torchscript_jit,1,774,0.4165339996688999,in_process
torchscript_jit,1,775,0.4266220003046328,in_process
torchscript_jit,1,776,0.48924399925454054,in_process
torchscript_jit,1,777,0.4268480006430764,in_process
torchscript_jit,1,778,0.469644000986591,in_process
torchscript_jit,1,779,0.44556300053955056,in_process
torchscript_jit,1,780,0.42291300087526906,in_process
torchscript_jit,1,781,0.4239169993525138,in_process
torchscript_jit,1,782,0.4889049996563699,in_process
torchscript_jit,1,783,0.4262220008968143,in_process
torchscript_jit,1,784,0.4175689991825493,in_process
torchscript_jit,1,785,0.4312940000090748,in_process
torchscript_jit,1,786,0.4221140006848145,in_process
torchscript_jit,1,787,0.4328989998612087,in_process
torchscript_jit,1,788,0.4425289989740122,in_process
torchscript_jit,1,789,0.43788100083475,in_process
torchscript_jit,1,790,0.5164619997231057,in_process
torchscript_jit,1,791,0.4229259993735468,in_process
torchscript_jit,1,792,0.4232909996062517,in_process
torchscript_jit,1,793,0.47253500088118017,in_process
torchscript_jit,1,794,0.5940199989709072,in_process
torchscript_jit,1,795,0.4359009999461705,in_process
torchscript_jit,1,796,0.43117700079164933,in_process
torchscript_jit,1,797,0.4580490003718296,in_process
torchscript_jit,1,798,0.4268459997547325,in_process
torchscript_jit,1,799,0.42257400127709843,in_process
torchscript_jit,1,800,0.43615799950202927,in_process
torchscript_jit,1,801,0.4227740009810077,in_process
torchscript_jit,1,802,0.42105700049432926,in_process
torchscript_jit,1,803,0.43695199929061346,in_process
torchscript_jit,1,804,0.4125539999222383,in_process
torchscript_jit,1,805,0.42377200043119956,in_process
torchscript_jit,1,806,0.4394919997139368,in_process
torchscript_jit,1,807,0.416185001085978,in_process
torchscript_jit,1,808,0.4355289984232513,in_process
torchscript_jit,1,809,0.4252520011505112,in_process
torchscript_jit,1,810,0.46542700147256255,in_process
torchscript_jit,1,811,0.41341399992234074,in_process
torchscript_jit,1,812,0.4265159986971412,in_process
torchscript_jit,1,813,0.45200800013844855,in_process
torchscript_jit,1,814,0.42455400034668855,in_process
torchscript_jit,1,815,0.4146899991610553,in_process
torchscript_jit,1,816,0.43737099986174144,in_process
torchscript_jit,1,817,0.427302000389318,in_process
torchscript_jit,1,818,0.41723599861143157,in_process
torchscript_jit,1,819,0.4414199993334478,in_process
torchscript_jit,1,820,0.43164499948034063,in_process
torchscript_jit,1,821,0.4377920013212133,in_process
torchscript_jit,1,822,0.45254300130181946,in_process
torchscript_jit,1,823,0.4317880011512898,in_process
torchscript_jit,1,824,0.42998199933208525,in_process
torchscript_jit,1,825,0.4300379987398628,in_process
torchscript_jit,1,826,0.4287270003260346,in_process
torchscript_jit,1,827,0.43095000000903383,in_process
torchscript_jit,1,828,0.44519799848785624,in_process
torchscript_jit,1,829,0.44150699977762997,in_process
torchscript_jit,1,830,0.42201699943689164,in_process
torchscript_jit,1,831,0.42673800089687575,in_process
torchscript_jit,1,832,0.42054599907714874,in_process
torchscript_jit,1,833,0.4252680009813048,in_process
torchscript_jit,1,834,0.4355969995231135,in_process
torchscript_jit,1,835,0.4256289994373219,in_process
torchscript_jit,1,836,0.42240799848514143,in_process
torchscript_jit,1,837,0.43016000017814804,in_process
torchscript_jit,1,838,0.42972499977622647,in_process
torchscript_jit,1,839,0.4263719984010095,in_process
torchscript_jit,1,840,0.4931370003760094,in_process
torchscript_jit,1,841,0.4346349996922072,in_process
torchscript_jit,1,842,0.42299599954276346,in_process
torchscript_jit,1,843,0.4243990006216336,in_process
torchscript_jit,1,844,0.42917599967040587,in_process
torchscript_jit,1,845,0.4421899993758416,in_process
torchscript_jit,1,846,0.42791699888766743,in_process
torchscript_jit,1,847,0.42221200055791996,in_process
torchscript_jit,1,848,0.4948469995724736,in_process
torchscript_jit,1,849,0.45673699969484005,in_process
torchscript_jit,1,850,0.4187380000075791,in_process
torchscript_jit,1,851,0.45979199967405293,in_process
torchscript_jit,1,852,0.4354679986136034,in_process
torchscript_jit,1,853,0.4095820004295092,in_process
torchscript_jit,1,854,0.42175399903499056,in_process
torchscript_jit,1,855,0.44001899914292153,in_process
torchscript_jit,1,856,0.4120760004298063,in_process
torchscript_jit,1,857,0.4541460002656095,in_process
torchscript_jit,1,858,0.43491799988260027,in_process
torchscript_jit,1,859,0.6375329994625645,in_process
torchscript_jit,1,860,0.4350889994384488,in_process
torchscript_jit,1,861,0.4356829995231237,in_process
torchscript_jit,1,862,0.462479998532217,in_process
torchscript_jit,1,863,0.4390419999253936,in_process
torchscript_jit,1,864,0.42717799988167826,in_process
torchscript_jit,1,865,0.447473999884096,in_process
torchscript_jit,1,866,0.4297909999877447,in_process
torchscript_jit,1,867,0.423601000875351,in_process
torchscript_jit,1,868,0.46691199895576574,in_process
torchscript_jit,1,869,0.4265370007487945,in_process
torchscript_jit,1,870,0.43736099905800074,in_process
torchscript_jit,1,871,0.4385190004541073,in_process
torchscript_jit,1,872,0.44445299863582477,in_process
torchscript_jit,1,873,0.4630509993148735,in_process
torchscript_jit,1,874,0.44125299973529764,in_process
torchscript_jit,1,875,0.4229099995427532,in_process
torchscript_jit,1,876,0.43804800043290015,in_process
torchscript_jit,1,877,0.43506099973456,in_process
torchscript_jit,1,878,0.4132289996050531,in_process
torchscript_jit,1,879,0.4574899994622683,in_process
torchscript_jit,1,880,0.4336199999670498,in_process
torchscript_jit,1,881,0.4150519998802338,in_process
torchscript_jit,1,882,0.43388799895183183,in_process
torchscript_jit,1,883,0.4410410001582932,in_process
torchscript_jit,1,884,0.42423400009283796,in_process
torchscript_jit,1,885,0.4485420013224939,in_process
torchscript_jit,1,886,0.42853299964917824,in_process
torchscript_jit,1,887,0.42176000170002226,in_process
torchscript_jit,1,888,0.4215199987811502,in_process
torchscript_jit,1,889,0.4253860006429022,in_process
torchscript_jit,1,890,0.42048099930980243,in_process
torchscript_jit,1,891,0.4466150003281655,in_process
torchscript_jit,1,892,0.42487599966989364,in_process
torchscript_jit,1,893,0.43884799924853723,in_process
torchscript_jit,1,894,0.4257420005160384,in_process
torchscript_jit,1,895,0.4266159994585905,in_process
torchscript_jit,1,896,0.42334200043114834,in_process
torchscript_jit,1,897,0.4465990004973719,in_process
torchscript_jit,1,898,5.813719000798301,in_process
torchscript_jit,1,899,0.6863090002298122,in_process
torchscript_jit,1,900,0.45115899956726935,in_process
torchscript_jit,1,901,0.4381869985081721,in_process
torchscript_jit,1,902,0.46075899990682956,in_process
torchscript_jit,1,903,0.41991599937318824,in_process
torchscript_jit,1,904,0.46232700151449535,in_process
torchscript_jit,1,905,0.4283190010028193,in_process
torchscript_jit,1,906,0.43348899998818524,in_process
torchscript_jit,1,907,0.4283580001356313,in_process
torchscript_jit,1,908,0.42807099998753984,in_process
torchscript_jit,1,909,0.4306840000936063,in_process
torchscript_jit,1,910,0.4274689999874681,in_process
torchscript_jit,1,911,0.43129900041094515,in_process
torchscript_jit,1,912,0.4489679995458573,in_process
torchscript_jit,1,913,0.42714500159490854,in_process
torchscript_jit,1,914,0.4346430014265934,in_process
torchscript_jit,1,915,0.44096599958720617,in_process
torchscript_jit,1,916,0.48635100029059686,in_process
torchscript_jit,1,917,0.444993000201066,in_process
torchscript_jit,1,918,0.43065899990324397,in_process
torchscript_jit,1,919,0.4205659988656407,in_process
torchscript_jit,1,920,0.43627500053844415,in_process
torchscript_jit,1,921,0.4230510003253585,in_process
torchscript_jit,1,922,0.43545699918468017,in_process
torchscript_jit,1,923,0.42860000030486844,in_process
torchscript_jit,1,924,0.4384619987831684,in_process
torchscript_jit,1,925,0.44053599958715495,in_process
torchscript_jit,1,926,0.4255759995430708,in_process
torchscript_jit,1,927,0.4602669996529585,in_process
torchscript_jit,1,928,0.43563100007304456,in_process
torchscript_jit,1,929,0.4281050005374709,in_process
torchscript_jit,1,930,0.44079500003135763,in_process
torchscript_jit,1,931,0.4264070012141019,in_process
torchscript_jit,1,932,0.4386929995234823,in_process
torchscript_jit,1,933,0.5403830000432208,in_process
torchscript_jit,1,934,0.44755900125892367,in_process
torchscript_jit,1,935,0.4329390012571821,in_process
torchscript_jit,1,936,0.44368499948177487,in_process
torchscript_jit,1,937,0.44779000018024817,in_process
torchscript_jit,1,938,0.4354230004537385,in_process
torchscript_jit,1,939,0.4233840008964762,in_process
torchscript_jit,1,940,0.44381199950294103,in_process
torchscript_jit,1,941,0.42049199873872567,in_process
torchscript_jit,1,942,0.43137000102433376,in_process
torchscript_jit,1,943,0.4395670002850238,in_process
torchscript_jit,1,944,0.4166020007687621,in_process
torchscript_jit,1,945,0.4455340003914898,in_process
torchscript_jit,1,946,0.44116999924881384,in_process
torchscript_jit,1,947,0.4606929996953113,in_process
torchscript_jit,1,948,0.4183290002401918,in_process
torchscript_jit,1,949,0.44388499918568414,in_process
torchscript_jit,1,950,0.4620359995897161,in_process
torchscript_jit,1,951,0.416872000641888,in_process
torchscript_jit,1,952,0.4413999995449558,in_process
torchscript_jit,1,953,0.43140600064361934,in_process
torchscript_jit,1,954,0.4221029994369019,in_process
torchscript_jit,1,955,0.4453809997357894,in_process
torchscript_jit,1,956,0.45364700054051355,in_process
torchscript_jit,1,957,0.4558060009003384,in_process
torchscript_jit,1,958,0.4202210002404172,in_process
torchscript_jit,1,959,0.4322500008129282,in_process
torchscript_jit,1,960,0.4323289995227242,in_process
torchscript_jit,1,961,0.416417999076657,in_process
torchscript_jit,1,962,0.45867600056226365,in_process
torchscript_jit,1,963,0.46044900045671966,in_process
torchscript_jit,1,964,0.4313749996072147,in_process
torchscript_jit,1,965,0.4198120004730299,in_process
torchscript_jit,1,966,0.43602599907899275,in_process
torchscript_jit,1,967,0.4214929995214334,in_process
torchscript_jit,1,968,0.45067500104778446,in_process
torchscript_jit,1,969,0.4210959996271413,in_process
torchscript_jit,1,970,0.4346860005171038,in_process
torchscript_jit,1,971,0.43027399988204706,in_process
torchscript_jit,1,972,0.41695999971125275,in_process
torchscript_jit,1,973,0.45793000026606023,in_process
torchscript_jit,1,974,0.42217700138280634,in_process
torchscript_jit,1,975,0.4175930007477291,in_process
torchscript_jit,1,976,0.43828900015796535,in_process
torchscript_jit,1,977,0.41187399983755313,in_process
torchscript_jit,1,978,0.41622699973231647,in_process
torchscript_jit,1,979,0.4810820009879535,in_process
torchscript_jit,1,980,0.44272200102568604,in_process
torchscript_jit,1,981,0.4138450003665639,in_process
torchscript_jit,1,982,0.48585200056550093,in_process
torchscript_jit,1,983,0.44606299888982903,in_process
torchscript_jit,1,984,0.41821000013442244,in_process
torchscript_jit,1,985,0.44921199878444895,in_process
torchscript_jit,1,986,0.45180900087871123,in_process
torchscript_jit,1,987,0.4195260007691104,in_process
torchscript_jit,1,988,0.4217200003040489,in_process
torchscript_jit,1,989,0.4368699992483016,in_process
torchscript_jit,1,990,0.4566570005408721,in_process
torchscript_jit,1,991,0.4192690012132516,in_process
torchscript_jit,1,992,0.43108800127811264,in_process
torchscript_jit,1,993,0.4347060003055958,in_process
torchscript_jit,1,994,0.4285440008970909,in_process
torchscript_jit,1,995,0.4324300007283455,in_process
torchscript_jit,1,996,0.4204720007692231,in_process
torchscript_jit,1,997,0.4350700000941288,in_process
torchscript_jit,1,998,0.4402600006869761,in_process
torchscript_jit,1,999,0.4426420000527287,in_process
torchscript_jit,2,0,6.2286780012072995,in_process
torchscript_jit,2,1,0.6550260004587471,in_process
torchscript_jit,2,2,0.48271000014210586,in_process
torchscript_jit,2,3,0.49348699940310325,in_process
torchscript_jit,2,4,0.48416500067105517,in_process
torchscript_jit,2,5,0.4584580001392169,in_process
torchscript_jit,2,6,0.4846240008191671,in_process
torchscript_jit,2,7,0.4994509999960428,in_process
torchscript_jit,2,8,0.48932100071397144,in_process
torchscript_jit,2,9,0.46051599929342046,in_process
torchscript_jit,2,10,0.479120999443694,in_process
torchscript_jit,2,11,0.5267060005280655,in_process
torchscript_jit,2,12,0.45309399865800515,in_process
torchscript_jit,2,13,0.4962539987900527,in_process
torchscript_jit,2,14,0.4647960013244301,in_process
torchscript_jit,2,15,0.518146000104025,in_process
torchscript_jit,2,16,0.469990998681169,in_process
torchscript_jit,2,17,0.464536999061238,in_process
torchscript_jit,2,18,0.47465599891438615,in_process
torchscript_jit,2,19,0.45284299994818866,in_process
torchscript_jit,2,20,0.4953949992341222,in_process
torchscript_jit,2,21,0.4615130001184298,in_process
torchscript_jit,2,22,0.47048200030985754,in_process
torchscript_jit,2,23,0.4516580011113547,in_process
torchscript_jit,2,24,0.4771509993588552,in_process
torchscript_jit,2,25,0.4502520005189581,in_process
torchscript_jit,2,26,0.4592620007315418,in_process
torchscript_jit,2,27,0.4702730002463795,in_process
torchscript_jit,2,28,0.4600889988068957,in_process
torchscript_jit,2,29,0.4736029986815993,in_process
torchscript_jit,2,30,0.4657709996536141,in_process
torchscript_jit,2,31,0.4675090003729565,in_process
torchscript_jit,2,32,0.4808039993804414,in_process
torchscript_jit,2,33,0.49203799972019624,in_process
torchscript_jit,2,34,0.42895099977613427,in_process
torchscript_jit,2,35,0.4523560000961879,in_process
torchscript_jit,2,36,0.4972059996362077,in_process
torchscript_jit,2,37,0.4621259995474247,in_process
torchscript_jit,2,38,0.4660829999920679,in_process
torchscript_jit,2,39,0.4641980012820568,in_process
torchscript_jit,2,40,0.5281230005493853,in_process
torchscript_jit,2,41,0.4560980014503002,in_process
torchscript_jit,2,42,0.4749950003315462,in_process
torchscript_jit,2,43,0.44951999916520435,in_process
torchscript_jit,2,44,0.49273500007984694,in_process
torchscript_jit,2,45,0.5036949987697881,in_process
torchscript_jit,2,46,0.4901180000160821,in_process
torchscript_jit,2,47,0.45152599886932876,in_process
torchscript_jit,2,48,0.4575910006678896,in_process
torchscript_jit,2,49,0.5151810000825208,in_process
torchscript_jit,2,50,0.4421760004333919,in_process
torchscript_jit,2,51,0.4609679999703076,in_process
torchscript_jit,2,52,0.47759199878782965,in_process
torchscript_jit,2,53,0.5614329984382493,in_process
torchscript_jit,2,54,0.44263299969315995,in_process
torchscript_jit,2,55,0.4137380001338897,in_process
torchscript_jit,2,56,0.46089299939922057,in_process
torchscript_jit,2,57,0.42646899964893237,in_process
torchscript_jit,2,58,0.4108060002181446,in_process
torchscript_jit,2,59,0.4222710012982134,in_process
torchscript_jit,2,60,0.4199459999654209,in_process
torchscript_jit,2,61,0.4160919997957535,in_process
torchscript_jit,2,62,0.45664800018130336,in_process
torchscript_jit,2,63,0.44299199907982256,in_process
torchscript_jit,2,64,0.41581500045140274,in_process
torchscript_jit,2,65,0.4144849990552757,in_process
torchscript_jit,2,66,0.424059000579291,in_process
torchscript_jit,2,67,0.4087819997948827,in_process
torchscript_jit,2,68,0.42896300146821886,in_process
torchscript_jit,2,69,0.42927299909933936,in_process
torchscript_jit,2,70,0.4152490000706166,in_process
torchscript_jit,2,71,0.42673600000853185,in_process
torchscript_jit,2,72,0.43133300096087623,in_process
torchscript_jit,2,73,0.4156340000918135,in_process
torchscript_jit,2,74,0.43679800000973046,in_process
torchscript_jit,2,75,0.41932000021915883,in_process
torchscript_jit,2,76,0.4349450009613065,in_process
torchscript_jit,2,77,0.4115049996471498,in_process
torchscript_jit,2,78,0.4260280002199579,in_process
torchscript_jit,2,79,0.4212119984003948,in_process
torchscript_jit,2,80,0.42476499947952107,in_process
torchscript_jit,2,81,0.42675199983932544,in_process
torchscript_jit,2,82,0.4128109994780971,in_process
torchscript_jit,2,83,0.41523399886500556,in_process
torchscript_jit,2,84,0.43295199975545984,in_process
torchscript_jit,2,85,0.4536759988695849,in_process
torchscript_jit,2,86,0.42129999928874895,in_process
torchscript_jit,2,87,0.4144470003666356,in_process
torchscript_jit,2,88,0.42868099990300834,in_process
torchscript_jit,2,89,0.41122199945675675,in_process
torchscript_jit,2,90,0.41788399903452955,in_process
torchscript_jit,2,91,0.43866600026376545,in_process
torchscript_jit,2,92,0.41678599882288836,in_process
torchscript_jit,2,93,0.4183180008112686,in_process
torchscript_jit,2,94,0.431610000305227,in_process
torchscript_jit,2,95,0.44394399992597755,in_process
torchscript_jit,2,96,0.4177819992037257,in_process
torchscript_jit,2,97,0.4467269991437206,in_process
torchscript_jit,2,98,0.4279709992260905,in_process
torchscript_jit,2,99,0.41596299888624344,in_process
torchscript_jit,2,100,0.4318120008974802,in_process
torchscript_jit,2,101,0.4251280006428715,in_process
torchscript_jit,2,102,0.4131539990339661,in_process
torchscript_jit,2,103,0.4489349994400982,in_process
torchscript_jit,2,104,0.4127490010432666,in_process
torchscript_jit,2,105,0.42128800123464316,in_process
torchscript_jit,2,106,0.4330480005592108,in_process
torchscript_jit,2,107,0.4346350015111966,in_process
torchscript_jit,2,108,0.41571400106477086,in_process
torchscript_jit,2,109,0.41875100032484625,in_process
torchscript_jit,2,110,0.4279549993952969,in_process
torchscript_jit,2,111,0.4123799990338739,in_process
torchscript_jit,2,112,0.4178769995633047,in_process
torchscript_jit,2,113,0.42419899909873493,in_process
torchscript_jit,2,114,0.41918700117093977,in_process
torchscript_jit,2,115,0.44166499901621137,in_process
torchscript_jit,2,116,0.4428850006661378,in_process
torchscript_jit,2,117,0.4313469999033259,in_process
torchscript_jit,2,118,0.4200329985906137,in_process
torchscript_jit,2,119,0.4216289999021683,in_process
torchscript_jit,2,120,0.44275099935475737,in_process
torchscript_jit,2,121,0.4224499989504693,in_process
torchscript_jit,2,122,0.42861199835897423,in_process
torchscript_jit,2,123,0.4353179992904188,in_process
torchscript_jit,2,124,0.415043999964837,in_process
torchscript_jit,2,125,0.4268540014891187,in_process
torchscript_jit,2,126,0.4292760004318552,in_process
torchscript_jit,2,127,0.46567200115532614,in_process
torchscript_jit,2,128,0.4230030008329777,in_process
torchscript_jit,2,129,0.43621400072879624,in_process
torchscript_jit,2,130,0.43761000051745214,in_process
torchscript_jit,2,131,0.42019200009235647,in_process
torchscript_jit,2,132,0.42850299905694555,in_process
torchscript_jit,2,133,0.4271690013410989,in_process
torchscript_jit,2,134,0.4144490012549795,in_process
torchscript_jit,2,135,0.4187479989923304,in_process
torchscript_jit,2,136,0.4301370008761296,in_process
torchscript_jit,2,137,0.4119869990972802,in_process
torchscript_jit,2,138,0.43494399869814515,in_process
torchscript_jit,2,139,0.4193290005787276,in_process
torchscript_jit,2,140,0.42473400026210584,in_process
torchscript_jit,2,141,0.40819899913913105,in_process
torchscript_jit,2,142,0.4235359992890153,in_process
torchscript_jit,2,143,0.41892099943652283,in_process
torchscript_jit,2,144,0.4277009993529646,in_process
torchscript_jit,2,145,0.42549000136204995,in_process
torchscript_jit,2,146,0.4136930001550354,in_process
torchscript_jit,2,147,0.4138469994359184,in_process
torchscript_jit,2,148,0.4299080010241596,in_process
torchscript_jit,2,149,0.44920999971509445,in_process
torchscript_jit,2,150,0.4163960002188105,in_process
torchscript_jit,2,151,0.4177819992037257,in_process
torchscript_jit,2,152,0.4232539995427942,in_process
torchscript_jit,2,153,0.41360899922437966,in_process
torchscript_jit,2,154,0.6157710013212636,in_process
torchscript_jit,2,155,0.4675999989558477,in_process
torchscript_jit,2,156,0.4108680004719645,in_process
torchscript_jit,2,157,0.41531699935148936,in_process
torchscript_jit,2,158,0.4251449990988476,in_process
torchscript_jit,2,159,0.4533520004770253,in_process
torchscript_jit,2,160,0.4193639997538412,in_process
torchscript_jit,2,161,0.44255600005271845,in_process
torchscript_jit,2,162,0.427546001446899,in_process
torchscript_jit,2,163,0.41586400038795546,in_process
torchscript_jit,2,164,0.41929200051527005,in_process
torchscript_jit,2,165,0.43047600047430024,in_process
torchscript_jit,2,166,0.41340999996464234,in_process
torchscript_jit,2,167,0.4598059986165026,in_process
torchscript_jit,2,168,0.43671300045389216,in_process
torchscript_jit,2,169,0.42190599924651906,in_process
torchscript_jit,2,170,0.43602000005193986,in_process
torchscript_jit,2,171,0.43184800051676575,in_process
torchscript_jit,2,172,0.42587899952195585,in_process
torchscript_jit,2,173,0.42760299947985914,in_process
torchscript_jit,2,174,0.43403999916336033,in_process
torchscript_jit,2,175,0.41384600081073586,in_process
torchscript_jit,2,176,0.4314660000090953,in_process
torchscript_jit,2,177,5.830348000017693,in_process
torchscript_jit,2,178,0.8091370000329334,in_process
torchscript_jit,2,179,0.45360700096352957,in_process
torchscript_jit,2,180,0.4971390007995069,in_process
torchscript_jit,2,181,0.44087600144848693,in_process
torchscript_jit,2,182,0.4325280006014509,in_process
torchscript_jit,2,183,0.4238090004946571,in_process
torchscript_jit,2,184,0.4294499995012302,in_process
torchscript_jit,2,185,0.4149020005570492,in_process
torchscript_jit,2,186,0.4584880007314496,in_process
torchscript_jit,2,187,0.4260559999238467,in_process
torchscript_jit,2,188,0.4122970003663795,in_process
torchscript_jit,2,189,0.41983300070569385,in_process
torchscript_jit,2,190,0.4337369991844753,in_process
torchscript_jit,2,191,0.4385550000733929,in_process
torchscript_jit,2,192,0.42471399865462445,in_process
torchscript_jit,2,193,0.4247899996698834,in_process
torchscript_jit,2,194,0.4286330004106276,in_process
torchscript_jit,2,195,0.41258599958382547,in_process
torchscript_jit,2,196,0.4229709993524011,in_process
torchscript_jit,2,197,0.40917799924500287,in_process
torchscript_jit,2,198,0.42505800047365483,in_process
torchscript_jit,2,199,0.4254499999660766,in_process
torchscript_jit,2,200,0.4142180005146656,in_process
torchscript_jit,2,201,0.4292539997550193,in_process
torchscript_jit,2,202,0.423068000600324,in_process
torchscript_jit,2,203,0.45176499952503946,in_process
torchscript_jit,2,204,0.4113670001970604,in_process
torchscript_jit,2,205,0.4157090006629005,in_process
torchscript_jit,2,206,0.4293260008125799,in_process
torchscript_jit,2,207,0.41850999878079165,in_process
torchscript_jit,2,208,0.42180200034636073,in_process
torchscript_jit,2,209,0.4492940006457502,in_process
torchscript_jit,2,210,0.4400990001158789,in_process
torchscript_jit,2,211,0.43998899855068885,in_process
torchscript_jit,2,212,0.4651320014090743,in_process
torchscript_jit,2,213,0.4399959998409031,in_process
torchscript_jit,2,214,0.42313199992349837,in_process
torchscript_jit,2,215,0.4478070004552137,in_process
torchscript_jit,2,216,0.4339520000939956,in_process
torchscript_jit,2,217,0.41809299909800757,in_process
torchscript_jit,2,218,0.43101700066472404,in_process
torchscript_jit,2,219,0.42961900180671364,in_process
torchscript_jit,2,220,0.4159260006417753,in_process
torchscript_jit,2,221,0.5854920000274433,in_process
torchscript_jit,2,222,0.47975600136851426,in_process
torchscript_jit,2,223,0.46525100151484367,in_process
torchscript_jit,2,224,0.4493269989325199,in_process
torchscript_jit,2,225,0.4402739996294258,in_process
torchscript_jit,2,226,0.45705100092163775,in_process
torchscript_jit,2,227,0.4624070006684633,in_process
torchscript_jit,2,228,0.4423459995450685,in_process
torchscript_jit,2,229,0.42917599967040587,in_process
torchscript_jit,2,230,0.44371900003170595,in_process
torchscript_jit,2,231,0.44384299872035626,in_process
torchscript_jit,2,232,0.4325969985075062,in_process
torchscript_jit,2,233,0.44620900007430464,in_process
torchscript_jit,2,234,0.44757300020137336,in_process
torchscript_jit,2,235,0.4344099997979356,in_process
torchscript_jit,2,236,0.4257710006640991,in_process
torchscript_jit,2,237,0.4706109994003782,in_process
torchscript_jit,2,238,0.4346589994383976,in_process
torchscript_jit,2,239,0.4268869997758884,in_process
torchscript_jit,2,240,0.43950899998890236,in_process
torchscript_jit,2,241,0.43232800089754164,in_process
torchscript_jit,2,242,0.42804500117199495,in_process
torchscript_jit,2,243,0.481885999761289,in_process
torchscript_jit,2,244,0.4658920006477274,in_process
torchscript_jit,2,245,0.4330650008341763,in_process
torchscript_jit,2,246,0.4257340006006416,in_process
torchscript_jit,2,247,0.44978100049775094,in_process
torchscript_jit,2,248,0.431286000093678,in_process
torchscript_jit,2,249,0.4348459988250397,in_process
torchscript_jit,2,250,0.4472760010685306,in_process
torchscript_jit,2,251,0.4286190014681779,in_process
torchscript_jit,2,252,0.43046400060120504,in_process
torchscript_jit,2,253,0.4534090003289748,in_process
torchscript_jit,2,254,0.4475799996725982,in_process
torchscript_jit,2,255,0.4851579997193767,in_process
torchscript_jit,2,256,0.4251379996276228,in_process
torchscript_jit,2,257,0.4309550004109042,in_process
torchscript_jit,2,258,0.4408370004966855,in_process
torchscript_jit,2,259,0.4209020007692743,in_process
torchscript_jit,2,260,0.46106300032988656,in_process
torchscript_jit,2,261,0.4534090003289748,in_process
torchscript_jit,2,262,0.42182300057902467,in_process
torchscript_jit,2,263,0.4332979988248553,in_process
torchscript_jit,2,264,0.4417670006660046,in_process
torchscript_jit,2,265,0.4773860000568675,in_process
torchscript_jit,2,266,0.4268039992894046,in_process
torchscript_jit,2,267,0.4369369999039918,in_process
torchscript_jit,2,268,0.43592499969236087,in_process
torchscript_jit,2,269,0.42645400026231073,in_process
torchscript_jit,2,270,0.44791300024371594,in_process
torchscript_jit,2,271,0.4551090005406877,in_process
torchscript_jit,2,272,0.432811000791844,in_process
torchscript_jit,2,273,0.4548779998003738,in_process
torchscript_jit,2,274,0.4339320003055036,in_process
torchscript_jit,2,275,0.42464499892957974,in_process
torchscript_jit,2,276,0.4443140005605528,in_process
torchscript_jit,2,277,0.4762370008393191,in_process
torchscript_jit,2,278,0.4345419984019827,in_process
torchscript_jit,2,279,0.42828199912037235,in_process
torchscript_jit,2,280,0.4477830007090233,in_process
torchscript_jit,2,281,0.4311899992899271,in_process
torchscript_jit,2,282,0.42682900129875634,in_process
torchscript_jit,2,283,0.47170799916784745,in_process
torchscript_jit,2,284,0.43459500011522323,in_process
torchscript_jit,2,285,0.42813599975488614,in_process
torchscript_jit,2,286,0.4473669996514218,in_process
torchscript_jit,2,287,0.45890899855294265,in_process
torchscript_jit,2,288,0.4246579992468469,in_process
torchscript_jit,2,289,0.4423610007506795,in_process
torchscript_jit,2,290,0.44499999967229087,in_process
torchscript_jit,2,291,0.43695200110960286,in_process
torchscript_jit,2,292,0.43613100024231244,in_process
torchscript_jit,2,293,0.4429119999258546,in_process
torchscript_jit,2,294,0.43590800123638473,in_process
torchscript_jit,2,295,0.44690200047625694,in_process
torchscript_jit,2,296,0.44959700062463526,in_process
torchscript_jit,2,297,0.4662589999497868,in_process
torchscript_jit,2,298,0.4422469992277911,in_process
torchscript_jit,2,299,0.4403829989314545,in_process
torchscript_jit,2,300,0.48188099935941864,in_process
torchscript_jit,2,301,0.4443750003702007,in_process
torchscript_jit,2,302,0.4372259991214378,in_process
torchscript_jit,2,303,0.4336679994594306,in_process
torchscript_jit,2,304,0.43895199996768497,in_process
torchscript_jit,2,305,0.44128199988335837,in_process
torchscript_jit,2,306,0.4626829995686421,in_process
torchscript_jit,2,307,0.4489189996093046,in_process
torchscript_jit,2,308,0.4614570007106522,in_process
torchscript_jit,2,309,0.4342009997344576,in_process
torchscript_jit,2,310,0.43554799958656076,in_process
torchscript_jit,2,311,0.43955900036962703,in_process
torchscript_jit,2,312,0.44032699952367693,in_process
torchscript_jit,2,313,0.4411999998410465,in_process
torchscript_jit,2,314,0.43790199924842454,in_process
torchscript_jit,2,315,0.4307910003262805,in_process
torchscript_jit,2,316,0.4303249988879543,in_process
torchscript_jit,2,317,0.43726800140575506,in_process
torchscript_jit,2,318,0.43579699922702275,in_process
torchscript_jit,2,319,0.44873799924971536,in_process
torchscript_jit,2,320,0.44155699833936524,in_process
torchscript_jit,2,321,0.4385739994177129,in_process
torchscript_jit,2,322,0.45641699944098946,in_process
torchscript_jit,2,323,0.45318499905988574,in_process
torchscript_jit,2,324,0.4421129997354001,in_process
torchscript_jit,2,325,0.4298780004319269,in_process
torchscript_jit,2,326,0.43857099990418646,in_process
torchscript_jit,2,327,0.43449400072859135,in_process
torchscript_jit,2,328,0.4261110007064417,in_process
torchscript_jit,2,329,0.4429019991221139,in_process
torchscript_jit,2,330,0.44501999946078286,in_process
torchscript_jit,2,331,0.4334270015533548,in_process
torchscript_jit,2,332,0.4226990004099207,in_process
torchscript_jit,2,333,0.45020499965175986,in_process
torchscript_jit,2,334,0.4369079997559311,in_process
torchscript_jit,2,335,0.43324400030542165,in_process
torchscript_jit,2,336,0.44547600009536836,in_process
torchscript_jit,2,337,0.43396899854997173,in_process
torchscript_jit,2,338,0.4214159998809919,in_process
torchscript_jit,2,339,0.4537760014500236,in_process
torchscript_jit,2,340,0.4775790002895519,in_process
torchscript_jit,2,341,0.4338790004112525,in_process
torchscript_jit,2,342,0.4261479989509098,in_process
torchscript_jit,2,343,0.441696000052616,in_process
torchscript_jit,2,344,0.4316459999245126,in_process
torchscript_jit,2,345,0.4295069993531797,in_process
torchscript_jit,2,346,0.4795889999513747,in_process
torchscript_jit,2,347,0.4276910003682133,in_process
torchscript_jit,2,348,0.42432100053702015,in_process
torchscript_jit,2,349,0.4461430016817758,in_process
torchscript_jit,2,350,0.42993299939553253,in_process
torchscript_jit,2,351,0.4449989992281189,in_process
torchscript_jit,2,352,0.43051300053775776,in_process
torchscript_jit,2,353,0.44971399984206073,in_process
torchscript_jit,2,354,0.4171350010437891,in_process
torchscript_jit,2,355,0.4448449999472359,in_process
torchscript_jit,2,356,5.967378001514589,in_process
torchscript_jit,2,357,0.7096270001056837,in_process
torchscript_jit,2,358,0.4629849991033552,in_process
torchscript_jit,2,359,0.43766099952335935,in_process
torchscript_jit,2,360,0.43785100024251733,in_process
torchscript_jit,2,361,0.46793499859631993,in_process
torchscript_jit,2,362,0.43955100045423023,in_process
torchscript_jit,2,363,0.43942599950241856,in_process
torchscript_jit,2,364,0.42208400009258185,in_process
torchscript_jit,2,365,0.4554150000330992,in_process
torchscript_jit,2,366,0.4473189983400516,in_process
torchscript_jit,2,367,0.4265730003680801,in_process
torchscript_jit,2,368,0.4355040000518784,in_process
torchscript_jit,2,369,0.4501839994190959,in_process
torchscript_jit,2,370,0.4295799990359228,in_process
torchscript_jit,2,371,0.43756200102507137,in_process
torchscript_jit,2,372,0.45083099939802196,in_process
torchscript_jit,2,373,0.45787999988533556,in_process
torchscript_jit,2,374,0.41856299867504276,in_process
torchscript_jit,2,375,0.43606200051726773,in_process
torchscript_jit,2,376,0.4771490002895007,in_process
torchscript_jit,2,377,0.43547899986151606,in_process
torchscript_jit,2,378,0.4325050012994325,in_process
torchscript_jit,2,379,0.44908999916515313,in_process
torchscript_jit,2,380,0.419103000240284,in_process
torchscript_jit,2,381,0.44183099998917896,in_process
torchscript_jit,2,382,0.4703390004578978,in_process
torchscript_jit,2,383,0.46498099982272834,in_process
torchscript_jit,2,384,0.4449049993127119,in_process
torchscript_jit,2,385,0.4376639990368858,in_process
torchscript_jit,2,386,0.45149700054025743,in_process
torchscript_jit,2,387,0.4644549990189262,in_process
torchscript_jit,2,388,0.43127699973410927,in_process
torchscript_jit,2,389,0.45013999988441356,in_process
torchscript_jit,2,390,0.4620379986590706,in_process
torchscript_jit,2,391,0.4410349993122509,in_process
torchscript_jit,2,392,0.4396129988890607,in_process
torchscript_jit,2,393,0.46571900020353496,in_process
torchscript_jit,2,394,0.4351780007709749,in_process
torchscript_jit,2,395,0.437597000200185,in_process
torchscript_jit,2,396,0.4339099996286677,in_process
torchscript_jit,2,397,0.44241800060262904,in_process
torchscript_jit,2,398,0.43955700130027253,in_process
torchscript_jit,2,399,0.4445609993126709,in_process
torchscript_jit,2,400,0.4356640001788037,in_process
torchscript_jit,2,401,0.45459899956767913,in_process
torchscript_jit,2,402,0.4368860008980846,in_process
torchscript_jit,2,403,0.43645500045386143,in_process
torchscript_jit,2,404,0.49230199874727987,in_process
torchscript_jit,2,405,0.45246000081533566,in_process
torchscript_jit,2,406,0.43706900032702833,in_process
torchscript_jit,2,407,0.4281820001779124,in_process
torchscript_jit,2,408,0.44217100003152154,in_process
torchscript_jit,2,409,0.43906500104640145,in_process
torchscript_jit,2,410,0.45981699986441527,in_process
torchscript_jit,2,411,0.43722900045395363,in_process
torchscript_jit,2,412,0.43683799958671443,in_process
torchscript_jit,2,413,0.42867500087595545,in_process
torchscript_jit,2,414,0.4408549993968336,in_process
torchscript_jit,2,415,0.48255999899993185,in_process
torchscript_jit,2,416,0.44381000043358654,in_process
torchscript_jit,2,417,0.42639200000849087,in_process
torchscript_jit,2,418,0.4413389997353079,in_process
torchscript_jit,2,419,0.4313790013839025,in_process
torchscript_jit,2,420,0.4344469998613931,in_process
torchscript_jit,2,421,0.46179200035112444,in_process
torchscript_jit,2,422,0.43610099965007976,in_process
torchscript_jit,2,423,0.43003499922633637,in_process
torchscript_jit,2,424,0.44968600013817195,in_process
torchscript_jit,2,425,0.46340700100699905,in_process
torchscript_jit,2,426,0.42300799941585865,in_process
torchscript_jit,2,427,0.4776189998665359,in_process
torchscript_jit,2,428,0.44418499965104274,in_process
torchscript_jit,2,429,0.42046499947900884,in_process
torchscript_jit,2,430,0.43883600119443145,in_process
torchscript_jit,2,431,0.44177999916428234,in_process
torchscript_jit,2,432,0.4231250004522735,in_process
torchscript_jit,2,433,0.48075499944388866,in_process
torchscript_jit,2,434,0.4476789999898756,in_process
torchscript_jit,2,435,0.4210900006000884,in_process
torchscript_jit,2,436,0.44062699998903554,in_process
torchscript_jit,2,437,0.44162199992570095,in_process
torchscript_jit,2,438,0.4419939996296307,in_process
torchscript_jit,2,439,0.43174900019948836,in_process
torchscript_jit,2,440,0.43806800022139214,in_process
torchscript_jit,2,441,0.4418219996296102,in_process
torchscript_jit,2,442,0.4205429995636223,in_process
torchscript_jit,2,443,0.44625000009546056,in_process
torchscript_jit,2,444,0.4248790010024095,in_process
torchscript_jit,2,445,0.4297260002203984,in_process
torchscript_jit,2,446,0.44532000174513087,in_process
torchscript_jit,2,447,0.4657099998439662,in_process
torchscript_jit,2,448,0.42473999928915873,in_process
torchscript_jit,2,449,0.42928699986077845,in_process
torchscript_jit,2,450,0.46523299897671677,in_process
torchscript_jit,2,451,0.42416699943714775,in_process
torchscript_jit,2,452,0.4275539995433064,in_process
torchscript_jit,2,453,0.44871799946122337,in_process
torchscript_jit,2,454,0.4232739993312862,in_process
torchscript_jit,2,455,0.4347100002632942,in_process
torchscript_jit,2,456,0.46909000047890004,in_process
torchscript_jit,2,457,0.47172999984468333,in_process
torchscript_jit,2,458,0.426216000050772,in_process
torchscript_jit,2,459,0.436148000517278,in_process
torchscript_jit,2,460,0.45513999975810293,in_process
torchscript_jit,2,461,0.42337699960626196,in_process
torchscript_jit,2,462,0.440305999291013,in_process
torchscript_jit,2,463,0.46923599984438624,in_process
torchscript_jit,2,464,0.4336199999670498,in_process
torchscript_jit,2,465,0.4327080005168682,in_process
torchscript_jit,2,466,0.4514440006460063,in_process
torchscript_jit,2,467,0.4305809998186305,in_process
torchscript_jit,2,468,0.44771899956685957,in_process
torchscript_jit,2,469,0.4284490005375119,in_process
torchscript_jit,2,470,0.4469579998840345,in_process
torchscript_jit,2,471,0.4210400002193637,in_process
torchscript_jit,2,472,0.42807899990293663,in_process
torchscript_jit,2,473,0.4625370002031559,in_process
torchscript_jit,2,474,0.4179280003882013,in_process
torchscript_jit,2,475,0.4274519997125026,in_process
torchscript_jit,2,476,0.45006099935562816,in_process
torchscript_jit,2,477,0.42424399907758925,in_process
torchscript_jit,2,478,0.4329109997343039,in_process
torchscript_jit,2,479,0.4504850003286265,in_process
torchscript_jit,2,480,0.44625200098380446,in_process
torchscript_jit,2,481,0.42489599945838563,in_process
torchscript_jit,2,482,0.43908099905820563,in_process
torchscript_jit,2,483,0.44812399937654845,in_process
torchscript_jit,2,484,0.42437600131961517,in_process
torchscript_jit,2,485,0.43968099998892285,in_process
torchscript_jit,2,486,0.43314300091878977,in_process
torchscript_jit,2,487,0.42385300002933946,in_process
torchscript_jit,2,488,0.4370200003904756,in_process
torchscript_jit,2,489,0.45398099973681383,in_process
torchscript_jit,2,490,0.46283800111268647,in_process
torchscript_jit,2,491,0.42826800017792266,in_process
torchscript_jit,2,492,0.4425750012160279,in_process
torchscript_jit,2,493,0.43592299880401697,in_process
torchscript_jit,2,494,0.4325640002207365,in_process
torchscript_jit,2,495,0.44122700091975275,in_process
torchscript_jit,2,496,0.468882000859594,in_process
torchscript_jit,2,497,0.43302900121489074,in_process
torchscript_jit,2,498,0.44008999975631014,in_process
torchscript_jit,2,499,0.4907970014755847,in_process
torchscript_jit,2,500,0.46618899978057016,in_process
torchscript_jit,2,501,0.4372769999463344,in_process
torchscript_jit,2,502,0.44385500041244086,in_process
torchscript_jit,2,503,0.43688299956556875,in_process
torchscript_jit,2,504,0.4351090010459302,in_process
torchscript_jit,2,505,0.4363629996078089,in_process
torchscript_jit,2,506,0.4357510006229859,in_process
torchscript_jit,2,507,0.43510800060175825,in_process
torchscript_jit,2,508,0.4418520002218429,in_process
torchscript_jit,2,509,0.4382679999253014,in_process
torchscript_jit,2,510,0.4396450003696373,in_process
torchscript_jit,2,511,0.4624719986168202,in_process
torchscript_jit,2,512,0.43371199899411295,in_process
torchscript_jit,2,513,0.44480699943960644,in_process
torchscript_jit,2,514,0.44410800001060124,in_process
torchscript_jit,2,515,0.4332829994382337,in_process
torchscript_jit,2,516,0.4234059997543227,in_process
torchscript_jit,2,517,0.4414189988892758,in_process
torchscript_jit,2,518,0.43500099855009466,in_process
torchscript_jit,2,519,0.4458880011952715,in_process
torchscript_jit,2,520,0.4443699999683304,in_process
torchscript_jit,2,521,0.45594900075229816,in_process
torchscript_jit,2,522,0.4236029999447055,in_process
torchscript_jit,2,523,0.4387480003060773,in_process
torchscript_jit,2,524,0.44476699986262247,in_process
torchscript_jit,2,525,0.4265349998604506,in_process
torchscript_jit,2,526,0.441427000623662,in_process
torchscript_jit,2,527,0.4438169999048114,in_process
torchscript_jit,2,528,0.425776999691152,in_process
torchscript_jit,2,529,0.44069399882573634,in_process
torchscript_jit,2,530,0.4428690008353442,in_process
torchscript_jit,2,531,0.42808100079128053,in_process
torchscript_jit,2,532,0.44366600013745483,in_process
torchscript_jit,2,533,0.5091250004625181,in_process
torchscript_jit,2,534,6.010365999827627,in_process
torchscript_jit,2,535,0.6704309998895042,in_process
torchscript_jit,2,536,0.44006999996781815,in_process
torchscript_jit,2,537,0.4437890002009226,in_process
torchscript_jit,2,538,0.47085900041565765,in_process
torchscript_jit,2,539,0.4573719998006709,in_process
torchscript_jit,2,540,0.43001199992431793,in_process
torchscript_jit,2,541,0.4336830006650416,in_process
torchscript_jit,2,542,0.8562799994251691,in_process
torchscript_jit,2,543,0.4927119989588391,in_process
torchscript_jit,2,544,0.44106499990448356,in_process
torchscript_jit,2,545,0.429205001637456,in_process
torchscript_jit,2,546,0.45253700045577716,in_process
torchscript_jit,2,547,0.42169500011368655,in_process
torchscript_jit,2,548,0.4408819986565504,in_process
torchscript_jit,2,549,0.4786480003531324,in_process
torchscript_jit,2,550,0.4359199992904905,in_process
torchscript_jit,2,551,0.42649900024116505,in_process
torchscript_jit,2,552,0.45214400051918346,in_process
torchscript_jit,2,553,0.4620929994416656,in_process
torchscript_jit,2,554,0.4384139992907876,in_process
torchscript_jit,2,555,0.4332629996497417,in_process
torchscript_jit,2,556,0.45495999984268565,in_process
torchscript_jit,2,557,0.4360000002634479,in_process
torchscript_jit,2,558,0.4243460007273825,in_process
torchscript_jit,2,559,0.44467299994721543,in_process
torchscript_jit,2,560,0.45324200073082466,in_process
torchscript_jit,2,561,0.4311579996283399,in_process
torchscript_jit,2,562,0.4491700001381105,in_process
torchscript_jit,2,563,0.452639000286581,in_process
torchscript_jit,2,564,0.4726980005216319,in_process
torchscript_jit,2,565,0.43502300104591995,in_process
torchscript_jit,2,566,0.4688180015364196,in_process
torchscript_jit,2,567,0.4371210015960969,in_process
torchscript_jit,2,568,0.4385409993119538,in_process
torchscript_jit,2,569,0.44373099990480114,in_process
torchscript_jit,2,570,0.4383710002002772,in_process
torchscript_jit,2,571,0.4268080010660924,in_process
torchscript_jit,2,572,0.47421000090253074,in_process
torchscript_jit,2,573,0.43552100032684393,in_process
torchscript_jit,2,574,0.42522699914115947,in_process
torchscript_jit,2,575,0.44528500075102784,in_process
torchscript_jit,2,576,0.44565800089912955,in_process
torchscript_jit,2,577,0.45954900087963324,in_process
torchscript_jit,2,578,0.42447499981790315,in_process
torchscript_jit,2,579,0.441428001067834,in_process
torchscript_jit,2,580,0.4435760001797462,in_process
torchscript_jit,2,581,0.42637099977582693,in_process
torchscript_jit,2,582,0.4333950000727782,in_process
torchscript_jit,2,583,0.4743310000776546,in_process
torchscript_jit,2,584,0.43341000127838925,in_process
torchscript_jit,2,585,0.4453029996511759,in_process
torchscript_jit,2,586,0.4370360002212692,in_process
torchscript_jit,2,587,0.43621999975584913,in_process
torchscript_jit,2,588,0.4259669985913206,in_process
torchscript_jit,2,589,0.44784200144931674,in_process
torchscript_jit,2,590,0.43229400034761056,in_process
torchscript_jit,2,591,0.4288559994165553,in_process
torchscript_jit,2,592,0.4357150010037003,in_process
torchscript_jit,2,593,0.43826700130011886,in_process
torchscript_jit,2,594,0.42871199912042357,in_process
torchscript_jit,2,595,0.44318000072962604,in_process
torchscript_jit,2,596,0.44908000018040184,in_process
torchscript_jit,2,597,0.4406359985296149,in_process
torchscript_jit,2,598,0.4286339990358101,in_process
torchscript_jit,2,599,0.42969399873982184,in_process
torchscript_jit,2,600,0.46514700079569593,in_process
torchscript_jit,2,601,0.4319970012147678,in_process
torchscript_jit,2,602,0.4234989992255578,in_process
torchscript_jit,2,603,0.43768300020019524,in_process
torchscript_jit,2,604,0.4310790009185439,in_process
torchscript_jit,2,605,0.42342500091763213,in_process
torchscript_jit,2,606,0.47694599925307557,in_process
torchscript_jit,2,607,0.4490549999900395,in_process
torchscript_jit,2,608,0.4370599999674596,in_process
torchscript_jit,2,609,0.42522700096014887,in_process
torchscript_jit,2,610,0.43880399971385486,in_process
torchscript_jit,2,611,0.42948800000885967,in_process
torchscript_jit,2,612,0.43234000077063683,in_process
torchscript_jit,2,613,0.44466500003181864,in_process
torchscript_jit,2,614,0.43123399882460944,in_process
torchscript_jit,2,615,0.4253570004948415,in_process
torchscript_jit,2,616,0.4484669989324175,in_process
torchscript_jit,2,617,0.481541999761248,in_process
torchscript_jit,2,618,0.4331989985075779,in_process
torchscript_jit,2,619,0.4244169995217817,in_process
torchscript_jit,2,620,0.4411289992276579,in_process
torchscript_jit,2,621,0.42683699939516373,in_process
torchscript_jit,2,622,0.42629000017768703,in_process
torchscript_jit,2,623,0.4577130002871854,in_process
torchscript_jit,2,624,0.4267919994163094,in_process
torchscript_jit,2,625,0.43130599988217,in_process
torchscript_jit,2,626,0.4535730004135985,in_process
torchscript_jit,2,627,0.4244700012350222,in_process
torchscript_jit,2,628,0.44482900011644233,in_process
torchscript_jit,2,629,0.4499949991441099,in_process
torchscript_jit,2,630,0.44978700134379324,in_process
torchscript_jit,2,631,0.42139500146731734,in_process
torchscript_jit,2,632,0.5087629997433396,in_process
torchscript_jit,2,633,0.4485890003707027,in_process
torchscript_jit,2,634,0.4189320006844355,in_process
torchscript_jit,2,635,0.43342199933249503,in_process
torchscript_jit,2,636,0.4543960003502434,in_process
torchscript_jit,2,637,0.447931999588036,in_process
torchscript_jit,2,638,0.4368409991002409,in_process
torchscript_jit,2,639,0.44392200106813107,in_process
torchscript_jit,2,640,0.46415700126090087,in_process
torchscript_jit,2,641,0.4367479996290058,in_process
torchscript_jit,2,642,0.4277719999663532,in_process
torchscript_jit,2,643,0.4448589988896856,in_process
torchscript_jit,2,644,0.4328129998611985,in_process
torchscript_jit,2,645,0.4271439993317472,in_process
torchscript_jit,2,646,0.46957899940025527,in_process
torchscript_jit,2,647,0.4257889995642472,in_process
torchscript_jit,2,648,0.4269299988663988,in_process
torchscript_jit,2,649,0.4412629987200489,in_process
torchscript_jit,2,650,0.449645000117016,in_process
torchscript_jit,2,651,0.4197770012979163,in_process
torchscript_jit,2,652,0.4307469989726087,in_process
torchscript_jit,2,653,0.44681699910142925,in_process
torchscript_jit,2,654,0.4185960005997913,in_process
torchscript_jit,2,655,0.4269479995855363,in_process
torchscript_jit,2,656,0.44307700045465026,in_process
torchscript_jit,2,657,0.41842700011329725,in_process
torchscript_jit,2,658,0.4333299984864425,in_process
torchscript_jit,2,659,0.44133199844509363,in_process
torchscript_jit,2,660,0.4529150010057492,in_process
torchscript_jit,2,661,0.4270190001989249,in_process
torchscript_jit,2,662,0.432087999797659,in_process
torchscript_jit,2,663,0.44774500020139385,in_process
torchscript_jit,2,664,0.42456999835849274,in_process
torchscript_jit,2,665,0.43681000170181505,in_process
torchscript_jit,2,666,0.43214200013608206,in_process
torchscript_jit,2,667,0.4246099997544661,in_process
torchscript_jit,2,668,0.44284600153332576,in_process
torchscript_jit,2,669,0.4521569990174612,in_process
torchscript_jit,2,670,0.4359560007287655,in_process
torchscript_jit,2,671,0.4409060002217302,in_process
torchscript_jit,2,672,0.43844900028489064,in_process
torchscript_jit,2,673,0.4402030008350266,in_process
torchscript_jit,2,674,0.428217999797198,in_process
torchscript_jit,2,675,0.46456400013994426,in_process
torchscript_jit,2,676,0.43698999979824293,in_process
torchscript_jit,2,677,0.4276349991414463,in_process
torchscript_jit,2,678,0.4466480004339246,in_process
torchscript_jit,2,679,0.4362899999250658,in_process
torchscript_jit,2,680,0.43135600026289467,in_process
torchscript_jit,2,681,0.4531900012807455,in_process
torchscript_jit,2,682,0.44913899910170585,in_process
torchscript_jit,2,683,0.45464999857358634,in_process
torchscript_jit,2,684,0.4369870002847165,in_process
torchscript_jit,2,685,0.4386429991427576,in_process
torchscript_jit,2,686,0.4387839999253629,in_process
torchscript_jit,2,687,0.4406139996717684,in_process
torchscript_jit,2,688,0.4319440013205167,in_process
torchscript_jit,2,689,0.43391100007283967,in_process
torchscript_jit,2,690,0.4337530008342583,in_process
torchscript_jit,2,691,0.4309390005801106,in_process
torchscript_jit,2,692,0.4797590008820407,in_process
torchscript_jit,2,693,0.43872300011571497,in_process
torchscript_jit,2,694,0.43734899918490555,in_process
torchscript_jit,2,695,0.4306290011300007,in_process
torchscript_jit,2,696,0.43851800000993535,in_process
torchscript_jit,2,697,0.4353840013209265,in_process
torchscript_jit,2,698,0.46288799967442174,in_process
torchscript_jit,2,699,0.44054799946025014,in_process
torchscript_jit,2,700,0.43484300113050267,in_process
torchscript_jit,2,701,0.4328049999458017,in_process
torchscript_jit,2,702,0.4381340004329104,in_process
torchscript_jit,2,703,0.44370299838192295,in_process
torchscript_jit,2,704,0.43737300075008534,in_process
torchscript_jit,2,705,0.45280800077307504,in_process
torchscript_jit,2,706,0.4414589984662598,in_process
torchscript_jit,2,707,0.4285539998818422,in_process
torchscript_jit,2,708,0.43967700003122445,in_process
torchscript_jit,2,709,0.4279650001990376,in_process
torchscript_jit,2,710,0.4263680002623005,in_process
torchscript_jit,2,711,0.4441339988261461,in_process
torchscript_jit,2,712,5.933742999332026,in_process
torchscript_jit,2,713,0.7596310006192653,in_process
torchscript_jit,2,714,0.464307999209268,in_process
torchscript_jit,2,715,0.4687079999712296,in_process
torchscript_jit,2,716,0.4491780000535073,in_process
torchscript_jit,2,717,0.43153799924766645,in_process
torchscript_jit,2,718,0.46218699935707264,in_process
torchscript_jit,2,719,0.45676700028707273,in_process
torchscript_jit,2,720,0.4225020002195379,in_process
torchscript_jit,2,721,0.4340409996075323,in_process
torchscript_jit,2,722,0.4686500014940975,in_process
torchscript_jit,2,723,0.4330629999458324,in_process
torchscript_jit,2,724,0.46008999925106764,in_process
torchscript_jit,2,725,0.43304500104568433,in_process
torchscript_jit,2,726,0.45257900092110503,in_process
torchscript_jit,2,727,0.4298780004319269,in_process
torchscript_jit,2,728,0.43379100134188775,in_process
torchscript_jit,2,729,0.44950800111109857,in_process
torchscript_jit,2,730,0.4320659991208231,in_process
torchscript_jit,2,731,0.4265469997335458,in_process
torchscript_jit,2,732,0.4544769999483833,in_process
torchscript_jit,2,733,0.4232789997331565,in_process
torchscript_jit,2,734,0.4498569996940205,in_process
torchscript_jit,2,735,0.44030700155417435,in_process
torchscript_jit,2,736,0.4447999999683816,in_process
torchscript_jit,2,737,0.4209340004308615,in_process
torchscript_jit,2,738,0.42823500007216353,in_process
torchscript_jit,2,739,0.4772299998876406,in_process
torchscript_jit,2,740,0.42236000081175007,in_process
torchscript_jit,2,741,0.42842400034714956,in_process
torchscript_jit,2,742,0.4512190007517347,in_process
torchscript_jit,2,743,0.4377060013212031,in_process
torchscript_jit,2,744,0.4409869998198701,in_process
torchscript_jit,2,745,0.4630799994629342,in_process
torchscript_jit,2,746,0.45200400018075015,in_process
torchscript_jit,2,747,0.44998600060353056,in_process
torchscript_jit,2,748,0.4278329997760011,in_process
torchscript_jit,2,749,0.43829500100400764,in_process
torchscript_jit,2,750,0.4548560009425273,in_process
torchscript_jit,2,751,0.44031499965058174,in_process
torchscript_jit,2,752,0.43366800127842,in_process
torchscript_jit,2,753,0.4413480000948766,in_process
torchscript_jit,2,754,0.42688800022006035,in_process
torchscript_jit,2,755,0.4594000001816312,in_process
torchscript_jit,2,756,0.4819980003958335,in_process
torchscript_jit,2,757,0.44358099876262713,in_process
torchscript_jit,2,758,0.4268419997970341,in_process
torchscript_jit,2,759,0.44325500130071305,in_process
torchscript_jit,2,760,0.432699998782482,in_process
torchscript_jit,2,761,0.4270800000085728,in_process
torchscript_jit,2,762,0.45816500096407253,in_process
torchscript_jit,2,763,0.4486369998630835,in_process
torchscript_jit,2,764,0.4255660005583195,in_process
torchscript_jit,2,765,0.5339049985195743,in_process
torchscript_jit,2,766,0.44914699901710264,in_process
torchscript_jit,2,767,0.48563400014245417,in_process
torchscript_jit,2,768,0.43518499842321035,in_process
torchscript_jit,2,769,0.4259079996700166,in_process
torchscript_jit,2,770,0.4439749991433928,in_process
torchscript_jit,2,771,0.4369750004116213,in_process
torchscript_jit,2,772,0.4291459990781732,in_process
torchscript_jit,2,773,0.47130299935815856,in_process
torchscript_jit,2,774,0.4354979992058361,in_process
torchscript_jit,2,775,0.4304869999032235,in_process
torchscript_jit,2,776,0.4375509997771587,in_process
torchscript_jit,2,777,0.4574900012812577,in_process
torchscript_jit,2,778,0.43632600136334077,in_process
torchscript_jit,2,779,0.44288000026426744,in_process
torchscript_jit,2,780,0.4355269993538968,in_process
torchscript_jit,2,781,0.4964010004187003,in_process
torchscript_jit,2,782,0.429970999903162,in_process
torchscript_jit,2,783,0.4445989998203004,in_process
torchscript_jit,2,784,0.42988899986085016,in_process
torchscript_jit,2,785,0.4267940003046533,in_process
torchscript_jit,2,786,0.4305989987187786,in_process
torchscript_jit,2,787,0.4312069995648926,in_process
torchscript_jit,2,788,0.4384519997984171,in_process
torchscript_jit,2,789,0.4307550007069949,in_process
torchscript_jit,2,790,0.4653469986806158,in_process
torchscript_jit,2,791,0.4236370004946366,in_process
torchscript_jit,2,792,0.42416100041009486,in_process
torchscript_jit,2,793,0.4361610008345451,in_process
torchscript_jit,2,794,0.4174309997324599,in_process
torchscript_jit,2,795,0.4225049997330643,in_process
torchscript_jit,2,796,0.45363900062511675,in_process
torchscript_jit,2,797,0.4197270009171916,in_process
torchscript_jit,2,798,0.4451040003914386,in_process
torchscript_jit,2,799,0.430410000262782,in_process
torchscript_jit,2,800,0.434165000115172,in_process
torchscript_jit,2,801,0.417788000049768,in_process
torchscript_jit,2,802,0.44845800039183814,in_process
torchscript_jit,2,803,0.4339440001785988,in_process
torchscript_jit,2,804,0.4181180011073593,in_process
torchscript_jit,2,805,0.42272000064258464,in_process
torchscript_jit,2,806,0.4334599998401245,in_process
torchscript_jit,2,807,0.42289900011382997,in_process
torchscript_jit,2,808,0.44761699973605573,in_process
torchscript_jit,2,809,0.4479369999899063,in_process
torchscript_jit,2,810,0.4312669989303686,in_process
torchscript_jit,2,811,0.423280998802511,in_process
torchscript_jit,2,812,0.4337170012149727,in_process
torchscript_jit,2,813,0.41993200102297124,in_process
torchscript_jit,2,814,0.427380999099114,in_process
torchscript_jit,2,815,0.4379920010251226,in_process
torchscript_jit,2,816,0.42079500053660013,in_process
torchscript_jit,2,817,0.42252800085407216,in_process
torchscript_jit,2,818,0.4422710007929709,in_process
torchscript_jit,2,819,0.42081200081156567,in_process
torchscript_jit,2,820,0.44195600094099063,in_process
torchscript_jit,2,821,0.4290670003683772,in_process
torchscript_jit,2,822,0.43552500028454233,in_process
torchscript_jit,2,823,0.4259140005160589,in_process
torchscript_jit,2,824,0.4266779997124104,in_process
torchscript_jit,2,825,0.45496600068872795,in_process
torchscript_jit,2,826,0.41911799962690566,in_process
torchscript_jit,2,827,0.42381599996588193,in_process
torchscript_jit,2,828,0.43237699901510496,in_process
torchscript_jit,2,829,0.4223240011924645,in_process
torchscript_jit,2,830,0.4519600006460678,in_process
torchscript_jit,2,831,0.43969900070806034,in_process
torchscript_jit,2,832,0.44122699910076335,in_process
torchscript_jit,2,833,0.41749899901333265,in_process
torchscript_jit,2,834,0.42071800089615863,in_process
torchscript_jit,2,835,0.4325260015320964,in_process
torchscript_jit,2,836,0.4211770010442706,in_process
torchscript_jit,2,837,0.44709299982059747,in_process
torchscript_jit,2,838,0.43365300007280894,in_process
torchscript_jit,2,839,0.4207519996271003,in_process
torchscript_jit,2,840,0.42464899888727814,in_process
torchscript_jit,2,841,0.4503410000324948,in_process
torchscript_jit,2,842,0.4317760012781946,in_process
torchscript_jit,2,843,0.4358260011940729,in_process
torchscript_jit,2,844,0.4283620000933297,in_process
torchscript_jit,2,845,0.42871199912042357,in_process
torchscript_jit,2,846,0.42112800110771786,in_process
torchscript_jit,2,847,0.42959100028383546,in_process
torchscript_jit,2,848,0.4155489987169858,in_process
torchscript_jit,2,849,0.4348500006017275,in_process
torchscript_jit,2,850,0.4434749989741249,in_process
torchscript_jit,2,851,0.4192950000287965,in_process
torchscript_jit,2,852,0.43746000119426753,in_process
torchscript_jit,2,853,0.4291219993319828,in_process
torchscript_jit,2,854,0.4615950001607416,in_process
torchscript_jit,2,855,0.4255439998814836,in_process
torchscript_jit,2,856,0.4233540003042435,in_process
torchscript_jit,2,857,0.43838199962920044,in_process
torchscript_jit,2,858,0.4203589996905066,in_process
torchscript_jit,2,859,0.44642200009548105,in_process
torchscript_jit,2,860,0.45645899990631733,in_process
torchscript_jit,2,861,0.42710299931059126,in_process
torchscript_jit,2,862,0.4469350005820161,in_process
torchscript_jit,2,863,0.4283639991626842,in_process
torchscript_jit,2,864,0.44632299977820367,in_process
torchscript_jit,2,865,0.4185230009170482,in_process
torchscript_jit,2,866,0.43672500032698736,in_process
torchscript_jit,2,867,0.43920099960814696,in_process
torchscript_jit,2,868,0.4148170010012109,in_process
torchscript_jit,2,869,0.4290430006221868,in_process
torchscript_jit,2,870,0.43770799857156817,in_process
torchscript_jit,2,871,0.42232299892930314,in_process
torchscript_jit,2,872,0.4396820004330948,in_process
torchscript_jit,2,873,0.4450050000741612,in_process
torchscript_jit,2,874,0.44516399975691456,in_process
torchscript_jit,2,875,0.4300380005588522,in_process
torchscript_jit,2,876,0.4252210001141066,in_process
torchscript_jit,2,877,0.47530700067,in_process
torchscript_jit,2,878,0.42630000098142773,in_process
torchscript_jit,2,879,0.42390999988128897,in_process
torchscript_jit,2,880,0.43930399988312274,in_process
torchscript_jit,2,881,0.4292270004953025,in_process
torchscript_jit,2,882,0.4265730003680801,in_process
torchscript_jit,2,883,0.4733420009870315,in_process
torchscript_jit,2,884,0.46633499914605636,in_process
torchscript_jit,2,885,0.4248650002409704,in_process
torchscript_jit,2,886,0.42884499998763204,in_process
torchscript_jit,2,887,0.43939100032730494,in_process
torchscript_jit,2,888,0.41897800110746175,in_process
torchscript_jit,2,889,0.43811299838125706,in_process
torchscript_jit,2,890,0.4385110005387105,in_process
torchscript_jit,2,891,5.989012999634724,in_process
torchscript_jit,2,892,0.7196170008683112,in_process
torchscript_jit,2,893,0.4525519998423988,in_process
torchscript_jit,2,894,0.49320899961458053,in_process
torchscript_jit,2,895,0.44132600123703014,in_process
torchscript_jit,2,896,0.43991200072923675,in_process
torchscript_jit,2,897,0.44284799878369085,in_process
torchscript_jit,2,898,0.44089499897381756,in_process
torchscript_jit,2,899,0.5146510011400096,in_process
torchscript_jit,2,900,0.4324469991843216,in_process
torchscript_jit,2,901,0.4553929993562633,in_process
torchscript_jit,2,902,0.42490200030442793,in_process
torchscript_jit,2,903,0.42716999996628147,in_process
torchscript_jit,2,904,0.4307199997128919,in_process
torchscript_jit,2,905,0.4734150006697746,in_process
torchscript_jit,2,906,0.42767800005094614,in_process
torchscript_jit,2,907,0.4334330005804077,in_process
torchscript_jit,2,908,0.43619600000965875,in_process
torchscript_jit,2,909,0.4277399984857766,in_process
torchscript_jit,2,910,0.4244520005158847,in_process
torchscript_jit,2,911,0.43000599907827564,in_process
torchscript_jit,2,912,0.42420700083312113,in_process
torchscript_jit,2,913,0.4397139982756926,in_process
torchscript_jit,2,914,0.4422109996085055,in_process
torchscript_jit,2,915,0.42084599954250734,in_process
torchscript_jit,2,916,0.4426750001584878,in_process
torchscript_jit,2,917,0.43223899956501555,in_process
torchscript_jit,2,918,0.4498819998843828,in_process
torchscript_jit,2,919,0.4212889998598257,in_process
torchscript_jit,2,920,0.4259150009602308,in_process
torchscript_jit,2,921,0.4408820004755398,in_process
torchscript_jit,2,922,0.4180940013611689,in_process
torchscript_jit,2,923,0.42144399958488066,in_process
torchscript_jit,2,924,0.44829000034951605,in_process
torchscript_jit,2,925,0.4216899997118162,in_process
torchscript_jit,2,926,0.4373360006866278,in_process
torchscript_jit,2,927,0.42354499964858405,in_process
torchscript_jit,2,928,0.4280659995856695,in_process
torchscript_jit,2,929,0.4134289993089624,in_process
torchscript_jit,2,930,0.45099900125933345,in_process
torchscript_jit,2,931,0.43109600119350944,in_process
torchscript_jit,2,932,0.4165399986959528,in_process
torchscript_jit,2,933,0.4276790004951181,in_process
torchscript_jit,2,934,0.4354559987405082,in_process
torchscript_jit,2,935,0.41831100134004373,in_process
torchscript_jit,2,936,0.468596999780857,in_process
torchscript_jit,2,937,0.4490100000111852,in_process
torchscript_jit,2,938,0.4371510003693402,in_process
torchscript_jit,2,939,0.420895999923232,in_process
torchscript_jit,2,940,0.43270099922665395,in_process
torchscript_jit,2,941,0.4165579994150903,in_process
torchscript_jit,2,942,0.434796998888487,in_process
torchscript_jit,2,943,0.4314500001783017,in_process
torchscript_jit,2,944,0.4146759983996162,in_process
torchscript_jit,2,945,0.4195199999230681,in_process
torchscript_jit,2,946,0.4305479997128714,in_process
torchscript_jit,2,947,0.4199170016363496,in_process
torchscript_jit,2,948,0.44414900003175717,in_process
torchscript_jit,2,949,0.42237799971189816,in_process
torchscript_jit,2,950,0.43058399933215696,in_process
torchscript_jit,2,951,0.4196190002403455,in_process
torchscript_jit,2,952,0.4319639992900193,in_process
torchscript_jit,2,953,0.43866399937542155,in_process
torchscript_jit,2,954,0.4315759997552959,in_process
torchscript_jit,2,955,0.438188999396516,in_process
torchscript_jit,2,956,0.4324949986767024,in_process
torchscript_jit,2,957,0.4221110011712881,in_process
torchscript_jit,2,958,0.4421070007083472,in_process
torchscript_jit,2,959,0.472333000288927,in_process
torchscript_jit,2,960,0.43489100062288344,in_process
torchscript_jit,2,961,0.4246620010235347,in_process
torchscript_jit,2,962,0.43550899863475934,in_process
torchscript_jit,2,963,0.4307849994802382,in_process
torchscript_jit,2,964,0.4274200000509154,in_process
torchscript_jit,2,965,0.46074900092207827,in_process
torchscript_jit,2,966,0.4302710003685206,in_process
torchscript_jit,2,967,0.4230859995004721,in_process
torchscript_jit,2,968,0.43250199996691663,in_process
torchscript_jit,2,969,0.44988899935560767,in_process
torchscript_jit,2,970,0.42131800000788644,in_process
torchscript_jit,2,971,0.43102699964947533,in_process
torchscript_jit,2,972,0.43643500066536944,in_process
torchscript_jit,2,973,0.4169949988863664,in_process
torchscript_jit,2,974,0.41959000009228475,in_process
torchscript_jit,2,975,0.4266920004738495,in_process
torchscript_jit,2,976,0.41809300091699697,in_process
torchscript_jit,2,977,0.45160700028645806,in_process
torchscript_jit,2,978,0.4347989997768309,in_process
torchscript_jit,2,979,0.41551499998604413,in_process
torchscript_jit,2,980,0.43557800017879345,in_process
torchscript_jit,2,981,0.4297799987398321,in_process
torchscript_jit,2,982,0.4264559993316652,in_process
torchscript_jit,2,983,0.4281679994164733,in_process
torchscript_jit,2,984,0.42928299990308005,in_process
torchscript_jit,2,985,0.42426199979672674,in_process
torchscript_jit,2,986,0.41682799928821623,in_process
torchscript_jit,2,987,0.42944899905705824,in_process
torchscript_jit,2,988,0.4145439997955691,in_process
torchscript_jit,2,989,0.4279299992049346,in_process
torchscript_jit,2,990,0.43836599979840685,in_process
torchscript_jit,2,991,0.4363749994809041,in_process
torchscript_jit,2,992,0.4238299989083316,in_process
torchscript_jit,2,993,0.4303999994590413,in_process
torchscript_jit,2,994,0.45009499990555923,in_process
torchscript_jit,2,995,0.42131400005018804,in_process
torchscript_jit,2,996,0.4242590002832003,in_process
torchscript_jit,2,997,0.43616999937512446,in_process
torchscript_jit,2,998,0.4196290010440862,in_process
torchscript_jit,2,999,0.42295500134059694,in_process
onnxruntime,0,0,5.847251000886899,in_process
onnxruntime,0,1,1.1630819990386954,in_process
onnxruntime,0,2,0.4261640006006928,in_process
onnxruntime,0,3,0.3696949988807319,in_process
onnxruntime,0,4,0.29125299988663755,in_process
onnxruntime,0,5,0.3786039997066837,in_process
onnxruntime,0,6,0.3246690012019826,in_process
onnxruntime,0,7,0.31493800088355783,in_process
onnxruntime,0,8,0.3384629999345634,in_process
onnxruntime,0,9,0.3177050002705073,in_process
onnxruntime,0,10,0.28975399982300587,in_process
onnxruntime,0,11,0.3347080000821734,in_process
onnxruntime,0,12,0.2893130003940314,in_process
onnxruntime,0,13,0.28414100052032154,in_process
onnxruntime,0,14,0.3160819996992359,in_process
onnxruntime,0,15,0.2966840002045501,in_process
onnxruntime,0,16,0.28629900043597445,in_process
onnxruntime,0,17,0.2682799986359896,in_process
onnxruntime,0,18,0.3507689998514252,in_process
onnxruntime,0,19,0.3033299999515293,in_process
onnxruntime,0,20,0.2861040011339355,in_process
onnxruntime,0,21,0.33647400050540455,in_process
onnxruntime,0,22,0.2774960012175143,in_process
onnxruntime,0,23,0.2853679998224834,in_process
onnxruntime,0,24,0.28991999897698406,in_process
onnxruntime,0,25,0.2964510003948817,in_process
onnxruntime,0,26,0.31239600139088,in_process
onnxruntime,0,27,0.27620500077318866,in_process
onnxruntime,0,28,0.30308599889394827,in_process
onnxruntime,0,29,0.27669900009641424,in_process
onnxruntime,0,30,0.30906900065019727,in_process
onnxruntime,0,31,0.29536200054280926,in_process
onnxruntime,0,32,0.2952860013465397,in_process
onnxruntime,0,33,0.3177309990860522,in_process
onnxruntime,0,34,0.279341998975724,in_process
onnxruntime,0,35,0.29025199910392985,in_process
onnxruntime,0,36,0.290015999780735,in_process
onnxruntime,0,37,0.2890680007112678,in_process
onnxruntime,0,38,0.2997009996761335,in_process
onnxruntime,0,39,0.2698220014281105,in_process
onnxruntime,0,40,0.3156990005663829,in_process
onnxruntime,0,41,0.2865509995899629,in_process
onnxruntime,0,42,0.2736309997999342,in_process
onnxruntime,0,43,0.29053400066914037,in_process
onnxruntime,0,44,0.27629999931377824,in_process
onnxruntime,0,45,0.3140759999951115,in_process
onnxruntime,0,46,0.2687300002435222,in_process
onnxruntime,0,47,0.31137400037550833,in_process
onnxruntime,0,48,0.3174210014549317,in_process
onnxruntime,0,49,0.2921939994848799,in_process
onnxruntime,0,50,0.31614200088370126,in_process
onnxruntime,0,51,0.29475399969669525,in_process
onnxruntime,0,52,0.2911100000346778,in_process
onnxruntime,0,53,0.27928300005441997,in_process
onnxruntime,0,54,0.29890599944337737,in_process
onnxruntime,0,55,0.3021519987669308,in_process
onnxruntime,0,56,0.2818589982780395,in_process
onnxruntime,0,57,0.3089319998252904,in_process
onnxruntime,0,58,0.312588999804575,in_process
onnxruntime,0,59,0.3262800000811694,in_process
onnxruntime,0,60,0.28846100030932575,in_process
onnxruntime,0,61,0.29300799906195607,in_process
onnxruntime,0,62,0.3149499989376636,in_process
onnxruntime,0,63,0.2715880000323523,in_process
onnxruntime,0,64,0.2762950007308973,in_process
onnxruntime,0,65,0.27408100140746683,in_process
onnxruntime,0,66,0.30509299904224463,in_process
onnxruntime,0,67,0.2757620004558703,in_process
onnxruntime,0,68,0.2835649993357947,in_process
onnxruntime,0,69,0.30719899950781837,in_process
onnxruntime,0,70,0.27568199948291294,in_process
onnxruntime,0,71,0.27729300018108916,in_process
onnxruntime,0,72,0.2960499987239018,in_process
onnxruntime,0,73,0.30089299980318174,in_process
onnxruntime,0,74,0.2877389997593127,in_process
onnxruntime,0,75,0.30325599982461426,in_process
onnxruntime,0,76,0.3037859987671254,in_process
onnxruntime,0,77,0.2748909992078552,in_process
onnxruntime,0,78,0.28720099908241536,in_process
onnxruntime,0,79,0.26941900068777613,in_process
onnxruntime,0,80,0.3091910002694931,in_process
onnxruntime,0,81,0.2702980000321986,in_process
onnxruntime,0,82,0.29325499963306356,in_process
onnxruntime,0,83,0.2836439998645801,in_process
onnxruntime,0,84,0.28542600011860486,in_process
onnxruntime,0,85,0.28750499950547237,in_process
onnxruntime,0,86,0.28855799973825924,in_process
onnxruntime,0,87,0.33269300001848023,in_process
onnxruntime,0,88,0.2812370003084652,in_process
onnxruntime,0,89,0.32482599999639206,in_process
onnxruntime,0,90,0.2698780008358881,in_process
onnxruntime,0,91,0.2692180005396949,in_process
onnxruntime,0,92,0.29405500026769005,in_process
onnxruntime,0,93,0.2933550003945129,in_process
onnxruntime,0,94,0.28526200003398117,in_process
onnxruntime,0,95,0.286430000414839,in_process
onnxruntime,0,96,0.32797399944684,in_process
onnxruntime,0,97,0.2795899999910034,in_process
onnxruntime,0,98,0.27513700115378015,in_process
onnxruntime,0,99,0.3215629985788837,in_process
onnxruntime,0,100,0.2815309999277815,in_process
onnxruntime,0,101,0.2818119992298307,in_process
onnxruntime,0,102,0.2916849989560433,in_process
onnxruntime,0,103,0.3179689992975909,in_process
onnxruntime,0,104,0.35451199983072,in_process
onnxruntime,0,105,0.28648300030909013,in_process
onnxruntime,0,106,0.31661600041843485,in_process
onnxruntime,0,107,0.2708280007936992,in_process
onnxruntime,0,108,0.2855930015357444,in_process
onnxruntime,0,109,0.2946069998870371,in_process
onnxruntime,0,110,0.30856899866194,in_process
onnxruntime,0,111,0.28481600020313635,in_process
onnxruntime,0,112,0.30305499967653304,in_process
onnxruntime,0,113,0.3255760002502939,in_process
onnxruntime,0,114,0.27033900005335454,in_process
onnxruntime,0,115,0.29265900047903415,in_process
onnxruntime,0,116,0.2823979993991088,in_process
onnxruntime,0,117,0.29057800020382274,in_process
onnxruntime,0,118,0.2888950002670754,in_process
onnxruntime,0,119,0.2925529988715425,in_process
onnxruntime,0,120,0.2819399996951688,in_process
onnxruntime,0,121,0.2620939994812943,in_process
onnxruntime,0,122,0.3207970003131777,in_process
onnxruntime,0,123,0.2731019994826056,in_process
onnxruntime,0,124,0.27915899954678025,in_process
onnxruntime,0,125,0.2800880010909168,in_process
onnxruntime,0,126,0.3441779990680516,in_process
onnxruntime,0,127,0.30949199936003424,in_process
onnxruntime,0,128,0.2737259983405238,in_process
onnxruntime,0,129,0.3330389990878757,in_process
onnxruntime,0,130,0.30679500014230143,in_process
onnxruntime,0,131,0.36202800038154237,in_process
onnxruntime,0,132,0.3745400008483557,in_process
onnxruntime,0,133,0.2894849985750625,in_process
onnxruntime,0,134,0.27761699857364874,in_process
onnxruntime,0,135,0.3128890002699336,in_process
onnxruntime,0,136,0.2690109995455714,in_process
onnxruntime,0,137,0.27506599872140214,in_process
onnxruntime,0,138,0.2643940006237244,in_process
onnxruntime,0,139,0.3447460003371816,in_process
onnxruntime,0,140,0.2902129999711178,in_process
onnxruntime,0,141,0.26774599973578006,in_process
onnxruntime,0,142,0.3155090016662143,in_process
onnxruntime,0,143,0.2731889999267878,in_process
onnxruntime,0,144,0.28175199986435473,in_process
onnxruntime,0,145,0.2701579996937653,in_process
onnxruntime,0,146,0.307609001538367,in_process
onnxruntime,0,147,0.29208600062702317,in_process
onnxruntime,0,148,0.26612900001055095,in_process
onnxruntime,0,149,0.3180530002282467,in_process
onnxruntime,0,150,0.2652429993759142,in_process
onnxruntime,0,151,0.28074299916625023,in_process
onnxruntime,0,152,0.2646490011102287,in_process
onnxruntime,0,153,0.35109900090901647,in_process
onnxruntime,0,154,0.30414699904213194,in_process
onnxruntime,0,155,0.2766540001175599,in_process
onnxruntime,0,156,0.3028350001841318,in_process
onnxruntime,0,157,0.2706790000956971,in_process
onnxruntime,0,158,0.3291140001238091,in_process
onnxruntime,0,159,0.2888870003516786,in_process
onnxruntime,0,160,0.2800189995468827,in_process
onnxruntime,0,161,0.2978569991682889,in_process
onnxruntime,0,162,0.2808400004141731,in_process
onnxruntime,0,163,0.29752999944321346,in_process
onnxruntime,0,164,0.2652690000104485,in_process
onnxruntime,0,165,0.3095720003329916,in_process
onnxruntime,0,166,0.36183699921821244,in_process
onnxruntime,0,167,0.30150699967634864,in_process
onnxruntime,0,168,0.31165600012172945,in_process
onnxruntime,0,169,0.29946900031063706,in_process
onnxruntime,0,170,0.28781699984392617,in_process
onnxruntime,0,171,0.2669989989954047,in_process
onnxruntime,0,172,0.31931900048220996,in_process
onnxruntime,0,173,0.2993620000779629,in_process
onnxruntime,0,174,0.27006800155504607,in_process
onnxruntime,0,175,0.31380600012198556,in_process
onnxruntime,0,176,0.2834679999068612,in_process
onnxruntime,0,177,0.28076400121790357,in_process
onnxruntime,0,178,0.25939999977708794,in_process
onnxruntime,0,179,0.318346999847563,in_process
onnxruntime,0,180,0.30146499921102077,in_process
onnxruntime,0,181,0.2902870000980329,in_process
onnxruntime,0,182,0.2719589992921101,in_process
onnxruntime,0,183,0.28492700039350893,in_process
onnxruntime,0,184,0.3043950000574114,in_process
onnxruntime,0,185,0.2754030010692077,in_process
onnxruntime,0,186,0.292741000521346,in_process
onnxruntime,0,187,0.2625680008350173,in_process
onnxruntime,0,188,0.30744000105187297,in_process
onnxruntime,0,189,0.2674309998837998,in_process
onnxruntime,0,190,0.2885490011976799,in_process
onnxruntime,0,191,0.2712519999477081,in_process
onnxruntime,0,192,0.2819679993990576,in_process
onnxruntime,0,193,0.28374000066833105,in_process
onnxruntime,0,194,0.2938390007329872,in_process
onnxruntime,0,195,0.31399600084114354,in_process
onnxruntime,0,196,0.27075700018031057,in_process
onnxruntime,0,197,0.29846399957023095,in_process
onnxruntime,0,198,0.27426999986346345,in_process
onnxruntime,0,199,0.2895880006690277,in_process
onnxruntime,0,200,0.2937319986813236,in_process
onnxruntime,0,201,0.26605200037010945,in_process
onnxruntime,0,202,0.3306980015622685,in_process
onnxruntime,0,203,0.27231899912294466,in_process
onnxruntime,0,204,0.28127399855293334,in_process
onnxruntime,0,205,0.2640429993334692,in_process
onnxruntime,0,206,0.2988579999509966,in_process
onnxruntime,0,207,0.3188279988535214,in_process
onnxruntime,0,208,0.2686459993128665,in_process
onnxruntime,0,209,0.3160519991070032,in_process
onnxruntime,0,210,0.2817759996105451,in_process
onnxruntime,0,211,0.3084130003117025,in_process
onnxruntime,0,212,0.2627649992064107,in_process
onnxruntime,0,213,0.2700460008782102,in_process
onnxruntime,0,214,0.291177000690368,in_process
onnxruntime,0,215,0.29376900056377053,in_process
onnxruntime,0,216,0.27937800041399896,in_process
onnxruntime,0,217,0.26904900005320087,in_process
onnxruntime,0,218,0.3109939989371924,in_process
onnxruntime,0,219,0.26486500064493157,in_process
onnxruntime,0,220,0.2785039996524574,in_process
onnxruntime,0,221,0.29281299975991715,in_process
onnxruntime,0,222,0.3067300003749551,in_process
onnxruntime,0,223,0.2724570003920235,in_process
onnxruntime,0,224,0.2811049998854287,in_process
onnxruntime,0,225,0.320843000736204,in_process
onnxruntime,0,226,0.2749109989963472,in_process
onnxruntime,0,227,0.2770629998849472,in_process
onnxruntime,0,228,0.274382000498008,in_process
onnxruntime,0,229,0.3402029997232603,in_process
onnxruntime,0,230,0.291864000246278,in_process
onnxruntime,0,231,0.2895399993576575,in_process
onnxruntime,0,232,0.31884899908618536,in_process
onnxruntime,0,233,0.27212399982090574,in_process
onnxruntime,0,234,0.2818390003085369,in_process
onnxruntime,0,235,0.30673900073452387,in_process
onnxruntime,0,236,0.30580699967686087,in_process
onnxruntime,0,237,0.2878319992305478,in_process
onnxruntime,0,238,0.27446199965197593,in_process
onnxruntime,0,239,0.32538099912926555,in_process
onnxruntime,0,240,0.2739300016401103,in_process
onnxruntime,0,241,0.2865509995899629,in_process
onnxruntime,0,242,0.2779570004349807,in_process
onnxruntime,0,243,0.32543000088480767,in_process
onnxruntime,0,244,0.3159749994665617,in_process
onnxruntime,0,245,0.2764099990599789,in_process
onnxruntime,0,246,0.28437200126063544,in_process
onnxruntime,0,247,0.2672280006663641,in_process
onnxruntime,0,248,0.34858599974540994,in_process
onnxruntime,0,249,0.2744779994827695,in_process
onnxruntime,0,250,0.27172100089956075,in_process
onnxruntime,0,251,0.28674500026681926,in_process
onnxruntime,0,252,0.2898239999922225,in_process
onnxruntime,0,253,0.2802639992296463,in_process
onnxruntime,0,254,0.2622639985929709,in_process
onnxruntime,0,255,0.32261099840980023,in_process
onnxruntime,0,256,0.26692099891079124,in_process
onnxruntime,0,257,0.2811109989124816,in_process
onnxruntime,0,258,0.28069700056221336,in_process
onnxruntime,0,259,0.2950099988083821,in_process
onnxruntime,0,260,0.27355099882697687,in_process
onnxruntime,0,261,0.26495000020076986,in_process
onnxruntime,0,262,0.39686300078756176,in_process
onnxruntime,0,263,0.29983400054334197,in_process
onnxruntime,0,264,0.29943600020487793,in_process
onnxruntime,0,265,0.34562000109872315,in_process
onnxruntime,0,266,0.2988859996548854,in_process
onnxruntime,0,267,0.3052140000363579,in_process
onnxruntime,0,268,0.30606199834437575,in_process
onnxruntime,0,269,0.3202940006303834,in_process
onnxruntime,0,270,0.30347699976118747,in_process
onnxruntime,0,271,0.30186999902070966,in_process
onnxruntime,0,272,0.3260650009906385,in_process
onnxruntime,0,273,0.2895460002036998,in_process
onnxruntime,0,274,0.3260929988755379,in_process
onnxruntime,0,275,0.33514899951114785,in_process
onnxruntime,0,276,0.283721001324011,in_process
onnxruntime,0,277,0.3182049986207858,in_process
onnxruntime,0,278,0.3151890014123637,in_process
onnxruntime,0,279,0.29015899963269476,in_process
onnxruntime,0,280,0.32260899934044573,in_process
onnxruntime,0,281,0.31071800003701355,in_process
onnxruntime,0,282,0.30248999973991886,in_process
onnxruntime,0,283,0.30766900090384297,in_process
onnxruntime,0,284,0.3135659990221029,in_process
onnxruntime,0,285,0.3020919994014548,in_process
onnxruntime,0,286,0.2812509992509149,in_process
onnxruntime,0,287,0.32512199868506286,in_process
onnxruntime,0,288,0.32901600025070366,in_process
onnxruntime,0,289,0.2828169999702368,in_process
onnxruntime,0,290,0.33209800130862277,in_process
onnxruntime,0,291,0.2943299987236969,in_process
onnxruntime,0,292,0.2866359991458012,in_process
onnxruntime,0,293,0.3213859999959823,in_process
onnxruntime,0,294,0.31824899997445755,in_process
onnxruntime,0,295,0.29882700073358137,in_process
onnxruntime,0,296,0.2819439996528672,in_process
onnxruntime,0,297,0.331746001393185,in_process
onnxruntime,0,298,0.2994189999299124,in_process
onnxruntime,0,299,0.28026300060446374,in_process
onnxruntime,0,300,0.3330220006318996,in_process
onnxruntime,0,301,0.31458199919143226,in_process
onnxruntime,0,302,0.29521600117732305,in_process
onnxruntime,0,303,0.33117400016635656,in_process
onnxruntime,0,304,0.29737200020463206,in_process
onnxruntime,0,305,0.29583800096588675,in_process
onnxruntime,0,306,0.28007900073134806,in_process
onnxruntime,0,307,0.3207120007573394,in_process
onnxruntime,0,308,0.321565001286217,in_process
onnxruntime,0,309,0.2830240009643603,in_process
onnxruntime,0,310,0.30504099959216546,in_process
onnxruntime,0,311,0.2877669994632015,in_process
onnxruntime,0,312,0.32713400105421897,in_process
onnxruntime,0,313,0.30614299976150505,in_process
onnxruntime,0,314,0.3033680004591588,in_process
onnxruntime,0,315,0.32827600080054253,in_process
onnxruntime,0,316,0.2894220015150495,in_process
onnxruntime,0,317,0.3084420004597632,in_process
onnxruntime,0,318,0.32355500115954783,in_process
onnxruntime,0,319,0.29265299963299185,in_process
onnxruntime,0,320,0.3255519986851141,in_process
onnxruntime,0,321,0.289577999865287,in_process
onnxruntime,0,322,0.30332100141095,in_process
onnxruntime,0,323,0.3067819998250343,in_process
onnxruntime,0,324,0.28818499959015753,in_process
onnxruntime,0,325,0.3212390001863241,in_process
onnxruntime,0,326,0.295907999316114,in_process
onnxruntime,0,327,0.3151620003336575,in_process
onnxruntime,0,328,0.32173599902307615,in_process
onnxruntime,0,329,0.3003689998877235,in_process
onnxruntime,0,330,0.3042450007342268,in_process
onnxruntime,0,331,0.2775469984044321,in_process
onnxruntime,0,332,0.31166799999482464,in_process
onnxruntime,0,333,0.3149130006931955,in_process
onnxruntime,0,334,0.2806249995046528,in_process
onnxruntime,0,335,0.3310080010123784,in_process
onnxruntime,0,336,0.30546000016329344,in_process
onnxruntime,0,337,0.29479700060619507,in_process
onnxruntime,0,338,0.30495800092467107,in_process
onnxruntime,0,339,0.3016499995283084,in_process
onnxruntime,0,340,0.34994400084542576,in_process
onnxruntime,0,341,0.2824279999913415,in_process
onnxruntime,0,342,0.2985680002893787,in_process
onnxruntime,0,343,0.3262700010964181,in_process
onnxruntime,0,344,0.29135600016161334,in_process
onnxruntime,0,345,0.29346700102905743,in_process
onnxruntime,0,346,0.30058099946472794,in_process
onnxruntime,0,347,0.329672999214381,in_process
onnxruntime,0,348,0.30087300001468975,in_process
onnxruntime,0,349,0.30309799876704346,in_process
onnxruntime,0,350,0.32672199995431583,in_process
onnxruntime,0,351,0.28914600079588126,in_process
onnxruntime,0,352,0.3159870011586463,in_process
onnxruntime,0,353,0.32626200118102133,in_process
onnxruntime,0,354,0.29875200016249437,in_process
onnxruntime,0,355,0.2997069987031864,in_process
onnxruntime,0,356,0.28660899988608435,in_process
onnxruntime,0,357,0.3217169996787561,in_process
onnxruntime,0,358,0.338210000336403,in_process
onnxruntime,0,359,0.3108420005446533,in_process
onnxruntime,0,360,0.33717500082275365,in_process
onnxruntime,0,361,0.3351860013935948,in_process
onnxruntime,0,362,0.32503700094821397,in_process
onnxruntime,0,363,0.3344369997648755,in_process
onnxruntime,0,364,0.29816599999321625,in_process
onnxruntime,0,365,0.3508040008455282,in_process
onnxruntime,0,366,0.35620600101538,in_process
onnxruntime,0,367,0.29283100047905464,in_process
onnxruntime,0,368,0.31812300039746333,in_process
onnxruntime,0,369,0.33564300065336283,in_process
onnxruntime,0,370,0.3685709998535458,in_process
onnxruntime,0,371,0.3647170015028678,in_process
onnxruntime,0,372,0.3128489988739602,in_process
onnxruntime,0,373,0.28349099920887966,in_process
onnxruntime,0,374,0.3477520003798418,in_process
onnxruntime,0,375,0.2862009987438796,in_process
onnxruntime,0,376,0.3009410011145519,in_process
onnxruntime,0,377,0.3865649996441789,in_process
onnxruntime,0,378,0.2991839992319001,in_process
onnxruntime,0,379,0.2967729997180868,in_process
onnxruntime,0,380,0.31035500069265254,in_process
onnxruntime,0,381,0.3248449993407121,in_process
onnxruntime,0,382,0.2967390009871451,in_process
onnxruntime,0,383,0.2964920004160376,in_process
onnxruntime,0,384,0.3303400008007884,in_process
onnxruntime,0,385,0.3031799988093553,in_process
onnxruntime,0,386,0.2972800011775689,in_process
onnxruntime,0,387,0.32641200050420593,in_process
onnxruntime,0,388,0.28469599965319503,in_process
onnxruntime,0,389,0.2995330014528008,in_process
onnxruntime,0,390,0.3717180006788112,in_process
onnxruntime,0,391,0.2921289997175336,in_process
onnxruntime,0,392,0.2965690000564791,in_process
onnxruntime,0,393,0.3033739994862117,in_process
onnxruntime,0,394,0.3184320012223907,in_process
onnxruntime,0,395,0.2912800009653438,in_process
onnxruntime,0,396,0.2975899988086894,in_process
onnxruntime,0,397,0.3279819993622368,in_process
onnxruntime,0,398,0.2902289998019114,in_process
onnxruntime,0,399,0.32998599999700673,in_process
onnxruntime,0,400,0.297566999506671,in_process
onnxruntime,0,401,0.27833800049847923,in_process
onnxruntime,0,402,0.38184300137800165,in_process
onnxruntime,0,403,0.33986800008278806,in_process
onnxruntime,0,404,0.293598001007922,in_process
onnxruntime,0,405,0.3569850014173426,in_process
onnxruntime,0,406,0.3605559995776275,in_process
onnxruntime,0,407,0.29487800020433497,in_process
onnxruntime,0,408,0.3320159994473215,in_process
onnxruntime,0,409,0.3051820003747707,in_process
onnxruntime,0,410,0.31855499946686905,in_process
onnxruntime,0,411,0.32246299997495953,in_process
onnxruntime,0,412,0.31015099921205547,in_process
onnxruntime,0,413,0.2962240014312556,in_process
onnxruntime,0,414,0.29103599990776274,in_process
onnxruntime,0,415,0.3745680005522445,in_process
onnxruntime,0,416,0.3094099993177224,in_process
onnxruntime,0,417,0.28172600104880985,in_process
onnxruntime,0,418,0.3423809994274052,in_process
onnxruntime,0,419,0.3004829995916225,in_process
onnxruntime,0,420,0.2879570001823595,in_process
onnxruntime,0,421,0.3292190012871288,in_process
onnxruntime,0,422,0.28850999842688907,in_process
onnxruntime,0,423,0.28949399893463124,in_process
onnxruntime,0,424,0.2823490012815455,in_process
onnxruntime,0,425,0.36725499921885785,in_process
onnxruntime,0,426,0.3166250007780036,in_process
onnxruntime,0,427,0.33211000118171796,in_process
onnxruntime,0,428,0.3737600000022212,in_process
onnxruntime,0,429,0.2950669986603316,in_process
onnxruntime,0,430,0.2729070001805667,in_process
onnxruntime,0,431,0.28627699975913856,in_process
onnxruntime,0,432,0.27526700068847276,in_process
onnxruntime,0,433,0.2662739989318652,in_process
onnxruntime,0,434,0.28236999969522003,in_process
onnxruntime,0,435,0.2746579993981868,in_process
onnxruntime,0,436,0.27549599872145336,in_process
onnxruntime,0,437,0.2737869999691611,in_process
onnxruntime,0,438,0.29055199956928845,in_process
onnxruntime,0,439,0.2694529994187178,in_process
onnxruntime,0,440,5.425715999081149,in_process
onnxruntime,0,441,1.3690840005438076,in_process
onnxruntime,0,442,0.3387609995115781,in_process
onnxruntime,0,443,0.29720400016230997,in_process
onnxruntime,0,444,0.28917199961142614,in_process
onnxruntime,0,445,0.2781910006888211,in_process
onnxruntime,0,446,0.27518400020198897,in_process
onnxruntime,0,447,0.29569199978141114,in_process
onnxruntime,0,448,0.2942179999081418,in_process
onnxruntime,0,449,0.275831000180915,in_process
onnxruntime,0,450,0.27828400016005617,in_process
onnxruntime,0,451,0.2819889996317215,in_process
onnxruntime,0,452,0.37458500082721,in_process
onnxruntime,0,453,0.2953850016638171,in_process
onnxruntime,0,454,0.2968070002680179,in_process
onnxruntime,0,455,0.2774420008790912,in_process
onnxruntime,0,456,0.2767939986370038,in_process
onnxruntime,0,457,0.28357600058370735,in_process
onnxruntime,0,458,0.278710000202409,in_process
onnxruntime,0,459,0.2751039992290316,in_process
onnxruntime,0,460,0.2736650003498653,in_process
onnxruntime,0,461,0.3586729999369709,in_process
onnxruntime,0,462,0.3064619995711837,in_process
onnxruntime,0,463,0.29822499891452026,in_process
onnxruntime,0,464,0.31286000012187287,in_process
onnxruntime,0,465,0.3065229993808316,in_process
onnxruntime,0,466,0.2773180003714515,in_process
onnxruntime,0,467,0.28806999944208656,in_process
onnxruntime,0,468,0.3112310005235486,in_process
onnxruntime,0,469,0.2961410009447718,in_process
onnxruntime,0,470,0.2847499999916181,in_process
onnxruntime,0,471,0.2861299999494804,in_process
onnxruntime,0,472,0.30155999957059976,in_process
onnxruntime,0,473,0.27721200058294926,in_process
onnxruntime,0,474,0.29228399944258854,in_process
onnxruntime,0,475,0.29616399842780083,in_process
onnxruntime,0,476,0.34178900023107417,in_process
onnxruntime,0,477,0.2992829995491775,in_process
onnxruntime,0,478,0.2826250001817243,in_process
onnxruntime,0,479,0.30108800092421006,in_process
onnxruntime,0,480,0.28287500026635826,in_process
onnxruntime,0,481,0.2885060002881801,in_process
onnxruntime,0,482,0.2756180001597386,in_process
onnxruntime,0,483,0.31381200096802786,in_process
onnxruntime,0,484,0.2998710006067995,in_process
onnxruntime,0,485,0.28520100022433326,in_process
onnxruntime,0,486,0.2789709997159662,in_process
onnxruntime,0,487,0.3082749990426237,in_process
onnxruntime,0,488,0.3074710002692882,in_process
onnxruntime,0,489,0.2844059999915771,in_process
onnxruntime,0,490,0.30744400100957137,in_process
onnxruntime,0,491,0.30398899980355054,in_process
onnxruntime,0,492,0.27465899984235875,in_process
onnxruntime,0,493,0.2757640013442142,in_process
onnxruntime,0,494,0.3170079999108566,in_process
onnxruntime,0,495,0.2846949992090231,in_process
onnxruntime,0,496,0.28495200058387127,in_process
onnxruntime,0,497,0.27998800032946747,in_process
onnxruntime,0,498,0.36443899989535566,in_process
onnxruntime,0,499,0.28417599969543517,in_process
onnxruntime,0,500,0.27220700030738954,in_process
onnxruntime,0,501,0.3508789995976258,in_process
onnxruntime,0,502,0.28996800028835423,in_process
onnxruntime,0,503,0.27037399922846816,in_process
onnxruntime,0,504,0.2916529992944561,in_process
onnxruntime,0,505,0.3155009999318281,in_process
onnxruntime,0,506,0.2818729990394786,in_process
onnxruntime,0,507,0.2647099991008872,in_process
onnxruntime,0,508,0.29783200079691596,in_process
onnxruntime,0,509,0.3427889987506205,in_process
onnxruntime,0,510,0.2795960008370457,in_process
onnxruntime,0,511,0.29476199961209204,in_process
onnxruntime,0,512,0.3085509997617919,in_process
onnxruntime,0,513,0.29467899912560824,in_process
onnxruntime,0,514,0.29190100030973554,in_process
onnxruntime,0,515,0.3316099991934607,in_process
onnxruntime,0,516,0.31831600063014776,in_process
onnxruntime,0,517,0.31736200071463827,in_process
onnxruntime,0,518,0.28032800037181005,in_process
onnxruntime,0,519,0.30225499904190656,in_process
onnxruntime,0,520,0.30006700035301037,in_process
onnxruntime,0,521,0.29746499967586715,in_process
onnxruntime,0,522,0.27663400032906793,in_process
onnxruntime,0,523,0.3103729995928006,in_process
onnxruntime,0,524,0.2990020002471283,in_process
onnxruntime,0,525,0.28320499950496014,in_process
onnxruntime,0,526,0.3493309995974414,in_process
onnxruntime,0,527,0.3506169996398967,in_process
onnxruntime,0,528,0.3339750001032371,in_process
onnxruntime,0,529,0.3412080004636664,in_process
onnxruntime,0,530,0.33514300048409496,in_process
onnxruntime,0,531,0.2822320002451306,in_process
onnxruntime,0,532,0.2705589995457558,in_process
onnxruntime,0,533,0.3041119998670183,in_process
onnxruntime,0,534,0.29822499891452026,in_process
onnxruntime,0,535,0.28315899908193387,in_process
onnxruntime,0,536,0.29921199893578887,in_process
onnxruntime,0,537,0.3382119994057575,in_process
onnxruntime,0,538,0.2906820009229705,in_process
onnxruntime,0,539,0.271408000116935,in_process
onnxruntime,0,540,0.3043769993382739,in_process
onnxruntime,0,541,0.3283519999968121,in_process
onnxruntime,0,542,0.2791799997794442,in_process
onnxruntime,0,543,0.2822520000336226,in_process
onnxruntime,0,544,0.33802799953264184,in_process
onnxruntime,0,545,0.35501300044415984,in_process
onnxruntime,0,546,0.3463259999989532,in_process
onnxruntime,0,547,0.32482999995409045,in_process
onnxruntime,0,548,0.2828480010066414,in_process
onnxruntime,0,549,0.28559199927258305,in_process
onnxruntime,0,550,0.3010700002050726,in_process
onnxruntime,0,551,0.273847999778809,in_process
onnxruntime,0,552,0.26577000062388834,in_process
onnxruntime,0,553,0.2819799992721528,in_process
onnxruntime,0,554,0.2940439990197774,in_process
onnxruntime,0,555,0.2721370001381729,in_process
onnxruntime,0,556,0.2732539996941341,in_process
onnxruntime,0,557,0.2767120004136814,in_process
onnxruntime,0,558,0.2718410014495021,in_process
onnxruntime,0,559,0.27057599982072134,in_process
onnxruntime,0,560,0.27701099861587863,in_process
onnxruntime,0,561,0.27041400062444154,in_process
onnxruntime,0,562,0.27648699870042037,in_process
onnxruntime,0,563,0.27322400092089083,in_process
onnxruntime,0,564,0.30182699993019924,in_process
onnxruntime,0,565,0.27258399859420024,in_process
onnxruntime,0,566,0.2648509998834925,in_process
onnxruntime,0,567,0.2668859997356776,in_process
onnxruntime,0,568,0.3091649996349588,in_process
onnxruntime,0,569,0.28763199952663854,in_process
onnxruntime,0,570,0.2694570011954056,in_process
onnxruntime,0,571,0.2800410002237186,in_process
onnxruntime,0,572,0.2684580013010418,in_process
onnxruntime,0,573,0.2632390005601337,in_process
onnxruntime,0,574,0.2661119997355854,in_process
onnxruntime,0,575,0.27487199986353517,in_process
onnxruntime,0,576,0.27456200041342527,in_process
onnxruntime,0,577,0.2681420010048896,in_process
onnxruntime,0,578,0.2813970004353905,in_process
onnxruntime,0,579,0.2740050003922079,in_process
onnxruntime,0,580,0.2735939997364767,in_process
onnxruntime,0,581,0.2702729998418363,in_process
onnxruntime,0,582,0.30206799965526443,in_process
onnxruntime,0,583,0.2899089995480608,in_process
onnxruntime,0,584,0.2815080006257631,in_process
onnxruntime,0,585,0.2699729993764777,in_process
onnxruntime,0,586,0.2825390001817141,in_process
onnxruntime,0,587,0.27395800134399906,in_process
onnxruntime,0,588,0.275906000752002,in_process
onnxruntime,0,589,0.27966100060439203,in_process
onnxruntime,0,590,0.2683019993128255,in_process
onnxruntime,0,591,0.26449399956618436,in_process
onnxruntime,0,592,0.27812000007543247,in_process
onnxruntime,0,593,0.28140799986431375,in_process
onnxruntime,0,594,0.2664799994818168,in_process
onnxruntime,0,595,0.26430499929119833,in_process
onnxruntime,0,596,0.27025200142816175,in_process
onnxruntime,0,597,0.3109680001216475,in_process
onnxruntime,0,598,0.27463100013846997,in_process
onnxruntime,0,599,0.2690010005608201,in_process
onnxruntime,0,600,0.27910599965252914,in_process
onnxruntime,0,601,0.26538900056038983,in_process
onnxruntime,0,602,0.26816100034920964,in_process
onnxruntime,0,603,0.2617169993754942,in_process
onnxruntime,0,604,0.27524200049811043,in_process
onnxruntime,0,605,0.2661480011738604,in_process
onnxruntime,0,606,0.27328700161888264,in_process
onnxruntime,0,607,0.27176600087841507,in_process
onnxruntime,0,608,0.27796799986390397,in_process
onnxruntime,0,609,0.26746799994725734,in_process
onnxruntime,0,610,0.2609509992907988,in_process
onnxruntime,0,611,0.3370240010553971,in_process
onnxruntime,0,612,0.27667699941957835,in_process
onnxruntime,0,613,0.2748280003288528,in_process
onnxruntime,0,614,0.2669790010259021,in_process
onnxruntime,0,615,0.2728160015976755,in_process
onnxruntime,0,616,0.26372400134277996,in_process
onnxruntime,0,617,0.25388100038981065,in_process
onnxruntime,0,618,0.267233999693417,in_process
onnxruntime,0,619,0.26881800113187637,in_process
onnxruntime,0,620,0.25684499996714294,in_process
onnxruntime,0,621,0.25463299971306697,in_process
onnxruntime,0,622,0.2654759991855826,in_process
onnxruntime,0,623,0.26519899984123185,in_process
onnxruntime,0,624,0.26901999990514014,in_process
onnxruntime,0,625,0.2568670006439788,in_process
onnxruntime,0,626,0.2965740004583495,in_process
onnxruntime,0,627,0.26499399973545223,in_process
onnxruntime,0,628,0.2561549990787171,in_process
onnxruntime,0,629,0.25235499924747273,in_process
onnxruntime,0,630,0.27060899992648046,in_process
onnxruntime,0,631,0.25817200003075413,in_process
onnxruntime,0,632,0.2593590015749214,in_process
onnxruntime,0,633,0.27135200070915744,in_process
onnxruntime,0,634,0.2732459997787373,in_process
onnxruntime,0,635,0.25941000058082864,in_process
onnxruntime,0,636,0.2614290006022202,in_process
onnxruntime,0,637,0.2710130011109868,in_process
onnxruntime,0,638,0.27161799880559556,in_process
onnxruntime,0,639,0.2641749997565057,in_process
onnxruntime,0,640,0.2556929994170787,in_process
onnxruntime,0,641,0.2843650017894106,in_process
onnxruntime,0,642,0.263648000327521,in_process
onnxruntime,0,643,0.26264799998898525,in_process
onnxruntime,0,644,0.2612870011944324,in_process
onnxruntime,0,645,0.257661000432563,in_process
onnxruntime,0,646,0.2579970005172072,in_process
onnxruntime,0,647,0.25831600032688584,in_process
onnxruntime,0,648,0.26906899984169286,in_process
onnxruntime,0,649,0.259034999544383,in_process
onnxruntime,0,650,0.25280899899371434,in_process
onnxruntime,0,651,0.25217500115104485,in_process
onnxruntime,0,652,0.2697199997783173,in_process
onnxruntime,0,653,0.2530549991206499,in_process
onnxruntime,0,654,0.2599579984234879,in_process
onnxruntime,0,655,0.2587039998616092,in_process
onnxruntime,0,656,0.2979809996759286,in_process
onnxruntime,0,657,0.2598310002213111,in_process
onnxruntime,0,658,0.254249000136042,in_process
onnxruntime,0,659,0.2549190012359759,in_process
onnxruntime,0,660,0.2697279996937141,in_process
onnxruntime,0,661,0.2627419999043923,in_process
onnxruntime,0,662,1.0872070015466306,in_process
onnxruntime,0,663,0.2791400002024602,in_process
onnxruntime,0,664,0.27771000168286264,in_process
onnxruntime,0,665,0.2614419991004979,in_process
onnxruntime,0,666,0.2563739999459358,in_process
onnxruntime,0,667,0.2517379998607794,in_process
onnxruntime,0,668,0.28645500060520135,in_process
onnxruntime,0,669,0.26339400028518867,in_process
onnxruntime,0,670,0.25599600121495314,in_process
onnxruntime,0,671,0.2554039983806433,in_process
onnxruntime,0,672,0.26905699996859767,in_process
onnxruntime,0,673,0.2550839999457821,in_process
onnxruntime,0,674,0.2491510003892472,in_process
onnxruntime,0,675,0.25625399939599447,in_process
onnxruntime,0,676,0.26791600066644605,in_process
onnxruntime,0,677,0.2525309992051916,in_process
onnxruntime,0,678,0.2548180000303546,in_process
onnxruntime,0,679,0.2629829996294575,in_process
onnxruntime,0,680,0.26557499950286,in_process
onnxruntime,0,681,0.2553100002842257,in_process
onnxruntime,0,682,0.2525119998608716,in_process
onnxruntime,0,683,0.26428700039105024,in_process
onnxruntime,0,684,0.28275699878577143,in_process
onnxruntime,0,685,0.2566820003266912,in_process
onnxruntime,0,686,0.259149999692454,in_process
onnxruntime,0,687,0.27553400104807224,in_process
onnxruntime,0,688,0.2660609989106888,in_process
onnxruntime,0,689,0.25510300110909157,in_process
onnxruntime,0,690,0.2539369997975882,in_process
onnxruntime,0,691,0.2694629984034691,in_process
onnxruntime,0,692,0.2548789998400025,in_process
onnxruntime,0,693,0.25289199948019814,in_process
onnxruntime,0,694,0.25109899979725014,in_process
onnxruntime,0,695,0.27153300106874667,in_process
onnxruntime,0,696,0.25241799994546454,in_process
onnxruntime,0,697,0.2547980002418626,in_process
onnxruntime,0,698,0.26083500051754527,in_process
onnxruntime,0,699,0.27751400011766236,in_process
onnxruntime,0,700,0.25493899920547847,in_process
onnxruntime,0,701,0.25908399948093574,in_process
onnxruntime,0,702,0.26969500140694436,in_process
onnxruntime,0,703,0.26190000062342733,in_process
onnxruntime,0,704,0.2543120008340338,in_process
onnxruntime,0,705,0.2489909984433325,in_process
onnxruntime,0,706,0.2642759991431376,in_process
onnxruntime,0,707,0.24945400036813226,in_process
onnxruntime,0,708,0.26068100123666227,in_process
onnxruntime,0,709,0.2660209993337048,in_process
onnxruntime,0,710,0.26818300102604553,in_process
onnxruntime,0,711,0.2583030000096187,in_process
onnxruntime,0,712,0.2533669994591037,in_process
onnxruntime,0,713,0.2521070000511827,in_process
onnxruntime,0,714,0.2815219995682128,in_process
onnxruntime,0,715,0.2632570012792712,in_process
onnxruntime,0,716,0.26021699886769056,in_process
onnxruntime,0,717,0.262771000052453,in_process
onnxruntime,0,718,0.26424899988342077,in_process
onnxruntime,0,719,0.25325299975520466,in_process
onnxruntime,0,720,0.2515899996069493,in_process
onnxruntime,0,721,0.2634270003909478,in_process
onnxruntime,0,722,0.2557420011726208,in_process
onnxruntime,0,723,0.254115000643651,in_process
onnxruntime,0,724,0.25597400053811725,in_process
onnxruntime,0,725,0.26461099878360983,in_process
onnxruntime,0,726,0.25294100123574026,in_process
onnxruntime,0,727,0.2493049996701302,in_process
onnxruntime,0,728,0.24825899890856817,in_process
onnxruntime,0,729,0.29807900136802346,in_process
onnxruntime,0,730,0.27242999931331724,in_process
onnxruntime,0,731,0.26882599922828376,in_process
onnxruntime,0,732,0.26451600024302024,in_process
onnxruntime,0,733,0.27835299988510087,in_process
onnxruntime,0,734,0.26427699958730955,in_process
onnxruntime,0,735,0.26744800015876535,in_process
onnxruntime,0,736,0.26242100102535915,in_process
onnxruntime,0,737,0.25882499903673306,in_process
onnxruntime,0,738,0.2641299997776514,in_process
onnxruntime,0,739,0.2584569992905017,in_process
onnxruntime,0,740,0.29109700153640006,in_process
onnxruntime,0,741,0.26592399990477134,in_process
onnxruntime,0,742,0.26425099895277526,in_process
onnxruntime,0,743,0.2592090004327474,in_process
onnxruntime,0,744,0.2839720000338275,in_process
onnxruntime,0,745,0.2647810015332652,in_process
onnxruntime,0,746,0.26366499878349714,in_process
onnxruntime,0,747,0.26965600045514293,in_process
onnxruntime,0,748,0.38764800046919845,in_process
onnxruntime,0,749,0.2848839994840091,in_process
onnxruntime,0,750,0.2647790006449213,in_process
onnxruntime,0,751,0.29439700119837653,in_process
onnxruntime,0,752,0.2640629991219612,in_process
onnxruntime,0,753,0.261148001300171,in_process
onnxruntime,0,754,0.28422200011846144,in_process
onnxruntime,0,755,0.2713730009418214,in_process
onnxruntime,0,756,0.26437200176587794,in_process
onnxruntime,0,757,0.2566999992268393,in_process
onnxruntime,0,758,0.3192929998476757,in_process
onnxruntime,0,759,0.2817309996316908,in_process
onnxruntime,0,760,0.26575599986244924,in_process
onnxruntime,0,761,0.26018799871962983,in_process
onnxruntime,0,762,0.27630399927147664,in_process
onnxruntime,0,763,0.26155399973504245,in_process
onnxruntime,0,764,0.26270899979863316,in_process
onnxruntime,0,765,0.2732699995249277,in_process
onnxruntime,0,766,0.2673460003279615,in_process
onnxruntime,0,767,0.2664160001586424,in_process
onnxruntime,0,768,0.25999799981946126,in_process
onnxruntime,0,769,0.27943699933530297,in_process
onnxruntime,0,770,0.2587269991636276,in_process
onnxruntime,0,771,0.2611400013847742,in_process
onnxruntime,0,772,0.260713999523432,in_process
onnxruntime,0,773,0.3178549995936919,in_process
onnxruntime,0,774,0.27140699967276305,in_process
onnxruntime,0,775,0.28024700077367015,in_process
onnxruntime,0,776,0.27302599846734665,in_process
onnxruntime,0,777,0.27229199986322783,in_process
onnxruntime,0,778,0.26567299937596545,in_process
onnxruntime,0,779,0.2608579998195637,in_process
onnxruntime,0,780,0.28032000045641325,in_process
onnxruntime,0,781,0.26268900001014117,in_process
onnxruntime,0,782,0.2576429997134255,in_process
onnxruntime,0,783,0.263821999396896,in_process
onnxruntime,0,784,0.28621199999179225,in_process
onnxruntime,0,785,0.2674730003491277,in_process
onnxruntime,0,786,0.2610589999676449,in_process
onnxruntime,0,787,0.2949070003523957,in_process
onnxruntime,0,788,0.29696699857595377,in_process
onnxruntime,0,789,0.2613260003272444,in_process
onnxruntime,0,790,0.26255299962940626,in_process
onnxruntime,0,791,0.27265700009593274,in_process
onnxruntime,0,792,0.26289499874110334,in_process
onnxruntime,0,793,0.2614980003272649,in_process
onnxruntime,0,794,0.26742999943962786,in_process
onnxruntime,0,795,0.272687999313348,in_process
onnxruntime,0,796,0.26158199943893123,in_process
onnxruntime,0,797,0.2635609998833388,in_process
onnxruntime,0,798,0.27987400062556844,in_process
onnxruntime,0,799,0.2726500006247079,in_process
onnxruntime,0,800,0.2646270004333928,in_process
onnxruntime,0,801,0.26101900039066095,in_process
onnxruntime,0,802,0.3186780013493262,in_process
onnxruntime,0,803,0.3028329992957879,in_process
onnxruntime,0,804,0.2767919995676493,in_process
onnxruntime,0,805,0.2739490009844303,in_process
onnxruntime,0,806,0.2710919998207828,in_process
onnxruntime,0,807,0.268833000518498,in_process
onnxruntime,0,808,0.26378499933343846,in_process
onnxruntime,0,809,0.2760839997790754,in_process
onnxruntime,0,810,0.2659130004758481,in_process
onnxruntime,0,811,0.26150299891014583,in_process
onnxruntime,0,812,0.25816400011535734,in_process
onnxruntime,0,813,0.2737040013016667,in_process
onnxruntime,0,814,0.2726659986365121,in_process
onnxruntime,0,815,0.2597920010884991,in_process
onnxruntime,0,816,0.2745869987847982,in_process
onnxruntime,0,817,0.29354400066949893,in_process
onnxruntime,0,818,0.26673499996832106,in_process
onnxruntime,0,819,0.27017499996873084,in_process
onnxruntime,0,820,0.27712500013876706,in_process
onnxruntime,0,821,0.2654710006027017,in_process
onnxruntime,0,822,0.2597799993964145,in_process
onnxruntime,0,823,0.2581630014901748,in_process
onnxruntime,0,824,0.2717629995458992,in_process
onnxruntime,0,825,0.25899499996739905,in_process
onnxruntime,0,826,0.2606409998406889,in_process
onnxruntime,0,827,0.26366499878349714,in_process
onnxruntime,0,828,0.28418399961083196,in_process
onnxruntime,0,829,0.2690880010050023,in_process
onnxruntime,0,830,0.26295999850844964,in_process
onnxruntime,0,831,0.27279900132270996,in_process
onnxruntime,0,832,0.28597500022442546,in_process
onnxruntime,0,833,0.27030700039176736,in_process
onnxruntime,0,834,0.2635360015119659,in_process
onnxruntime,0,835,0.2764389992080396,in_process
onnxruntime,0,836,0.2678500004549278,in_process
onnxruntime,0,837,0.2702709989534924,in_process
onnxruntime,0,838,0.2639600006659748,in_process
onnxruntime,0,839,0.2738620005402481,in_process
onnxruntime,0,840,0.26171799981966615,in_process
onnxruntime,0,841,0.2623069995024707,in_process
onnxruntime,0,842,0.2739530009421287,in_process
onnxruntime,0,843,0.26930599960905965,in_process
onnxruntime,0,844,0.2582710003480315,in_process
onnxruntime,0,845,0.2573430010670563,in_process
onnxruntime,0,846,0.32257099883281626,in_process
onnxruntime,0,847,0.27468900043459143,in_process
onnxruntime,0,848,0.2629230002639815,in_process
onnxruntime,0,849,0.25723200087668374,in_process
onnxruntime,0,850,0.27760500051954295,in_process
onnxruntime,0,851,0.25994699899456464,in_process
onnxruntime,0,852,0.2617530008137692,in_process
onnxruntime,0,853,0.2683590009837644,in_process
onnxruntime,0,854,0.2613400010886835,in_process
onnxruntime,0,855,0.25944500157493167,in_process
onnxruntime,0,856,0.26354799956607167,in_process
onnxruntime,0,857,0.2685770014068112,in_process
onnxruntime,0,858,0.2595710011519259,in_process
onnxruntime,0,859,0.26685000011639204,in_process
onnxruntime,0,860,0.26528799935476854,in_process
onnxruntime,0,861,0.29847599944332615,in_process
onnxruntime,0,862,0.26449799952388275,in_process
onnxruntime,0,863,0.25742300022102427,in_process
onnxruntime,0,864,0.2625189990794752,in_process
onnxruntime,0,865,0.2739239989750786,in_process
onnxruntime,0,866,0.26729799901659135,in_process
onnxruntime,0,867,0.27104599939775653,in_process
onnxruntime,0,868,0.28179499895486515,in_process
onnxruntime,0,869,0.265290998868295,in_process
onnxruntime,0,870,0.26008500026364345,in_process
onnxruntime,0,871,0.2640330003487179,in_process
onnxruntime,0,872,0.27213600151299033,in_process
onnxruntime,0,873,0.2616890014905948,in_process
onnxruntime,0,874,0.25519399969198275,in_process
onnxruntime,0,875,0.25475399888819084,in_process
onnxruntime,0,876,0.28099699920858257,in_process
onnxruntime,0,877,0.26239300132147036,in_process
onnxruntime,0,878,0.2602140011731535,in_process
onnxruntime,0,879,0.26058700132125523,in_process
onnxruntime,0,880,0.3004850004799664,in_process
onnxruntime,0,881,0.2618140006234171,in_process
onnxruntime,0,882,0.2567119990999345,in_process
onnxruntime,0,883,0.27405900073063094,in_process
onnxruntime,0,884,0.26282999897375703,in_process
onnxruntime,0,885,0.25640999956522137,in_process
onnxruntime,0,886,0.2563519992690999,in_process
onnxruntime,0,887,0.2737019985943334,in_process
onnxruntime,0,888,0.2683769998839125,in_process
onnxruntime,0,889,0.26569900001049973,in_process
onnxruntime,0,890,0.26381299903732724,in_process
onnxruntime,0,891,0.2994030000991188,in_process
onnxruntime,0,892,0.27093500102637336,in_process
onnxruntime,0,893,0.2637249999679625,in_process
onnxruntime,0,894,0.314724999043392,in_process
onnxruntime,0,895,5.716345000109868,in_process
onnxruntime,0,896,0.9112419993471121,in_process
onnxruntime,0,897,0.33191299917234574,in_process
onnxruntime,0,898,0.2927490004367428,in_process
onnxruntime,0,899,0.269043001026148,in_process
onnxruntime,0,900,0.25937600003089756,in_process
onnxruntime,0,901,0.2741590014920803,in_process
onnxruntime,0,902,0.257796000369126,in_process
onnxruntime,0,903,0.26794199948199093,in_process
onnxruntime,0,904,0.2708320007513976,in_process
onnxruntime,0,905,0.2587220005807467,in_process
onnxruntime,0,906,0.2618329999677371,in_process
onnxruntime,0,907,0.2627300000312971,in_process
onnxruntime,0,908,0.2878929990401957,in_process
onnxruntime,0,909,0.2590950007288484,in_process
onnxruntime,0,910,0.2642479994392488,in_process
onnxruntime,0,911,0.25843999901553616,in_process
onnxruntime,0,912,0.3010380005434854,in_process
onnxruntime,0,913,0.2624339995236369,in_process
onnxruntime,0,914,0.2623780001158593,in_process
onnxruntime,0,915,0.2631409988680389,in_process
onnxruntime,0,916,0.2662539991433732,in_process
onnxruntime,0,917,0.2627039993967628,in_process
onnxruntime,0,918,0.27501799922902137,in_process
onnxruntime,0,919,0.27378000049793627,in_process
onnxruntime,0,920,0.25930499941750895,in_process
onnxruntime,0,921,0.26766299924929626,in_process
onnxruntime,0,922,0.26982300005329307,in_process
onnxruntime,0,923,0.2759990002232371,in_process
onnxruntime,0,924,0.2580440013844054,in_process
onnxruntime,0,925,0.2651029990374809,in_process
onnxruntime,0,926,0.2527309989091009,in_process
onnxruntime,0,927,0.28658699920924846,in_process
onnxruntime,0,928,0.2584710000519408,in_process
onnxruntime,0,929,0.2664179992279969,in_process
onnxruntime,0,930,0.2644720007083379,in_process
onnxruntime,0,931,0.2588740007922752,in_process
onnxruntime,0,932,0.24856599884515163,in_process
onnxruntime,0,933,0.24935299916251097,in_process
onnxruntime,0,934,0.2605890003906097,in_process
onnxruntime,0,935,0.2555470000515925,in_process
onnxruntime,0,936,0.2593730005173711,in_process
onnxruntime,0,937,0.2594050001789583,in_process
onnxruntime,0,938,0.26897399948211387,in_process
onnxruntime,0,939,0.26562600032775663,in_process
onnxruntime,0,940,0.2591440006654011,in_process
onnxruntime,0,941,0.2637900015542982,in_process
onnxruntime,0,942,0.29162999999243766,in_process
onnxruntime,0,943,0.27357299950381275,in_process
onnxruntime,0,944,0.2612629996292526,in_process
onnxruntime,0,945,0.2605760000733426,in_process
onnxruntime,0,946,0.2734890003921464,in_process
onnxruntime,0,947,0.2634550000948366,in_process
onnxruntime,0,948,0.26646500009519514,in_process
onnxruntime,0,949,0.27723999846784864,in_process
onnxruntime,0,950,0.2600700008770218,in_process
onnxruntime,0,951,0.26059599986183457,in_process
onnxruntime,0,952,0.2747529997577658,in_process
onnxruntime,0,953,0.2803699990181485,in_process
onnxruntime,0,954,0.26475699996808544,in_process
onnxruntime,0,955,0.26541599982010666,in_process
onnxruntime,0,956,0.2680199995666044,in_process
onnxruntime,0,957,0.3034569999726955,in_process
onnxruntime,0,958,0.2700989989534719,in_process
onnxruntime,0,959,0.2637619982124306,in_process
onnxruntime,0,960,0.27170500106876716,in_process
onnxruntime,0,961,0.2600209991214797,in_process
onnxruntime,0,962,0.2556809995439835,in_process
onnxruntime,0,963,0.2575779999460792,in_process
onnxruntime,0,964,0.2667139997356571,in_process
onnxruntime,0,965,0.2620760005811462,in_process
onnxruntime,0,966,0.26368100043328013,in_process
onnxruntime,0,967,0.26028199863503687,in_process
onnxruntime,0,968,0.26846900072996505,in_process
onnxruntime,0,969,0.27471399880596437,in_process
onnxruntime,0,970,0.2662070000951644,in_process
onnxruntime,0,971,0.25487200036877766,in_process
onnxruntime,0,972,0.3145670016238,in_process
onnxruntime,0,973,0.2619639999466017,in_process
onnxruntime,0,974,0.26748399977805093,in_process
onnxruntime,0,975,0.28483799906098284,in_process
onnxruntime,0,976,0.26947999867843464,in_process
onnxruntime,0,977,0.26207100017927587,in_process
onnxruntime,0,978,0.28352699882816523,in_process
onnxruntime,0,979,0.2800660004140809,in_process
onnxruntime,0,980,0.26246400011586957,in_process
onnxruntime,0,981,0.25817599998845253,in_process
onnxruntime,0,982,0.26582899954519235,in_process
onnxruntime,0,983,0.2644649994181236,in_process
onnxruntime,0,984,0.2664380008354783,in_process
onnxruntime,0,985,0.27060499996878207,in_process
onnxruntime,0,986,0.2712839996092953,in_process
onnxruntime,0,987,0.2926960005424917,in_process
onnxruntime,0,988,0.2683910006453516,in_process
onnxruntime,0,989,0.2583250006864546,in_process
onnxruntime,0,990,0.35492999995767605,in_process
onnxruntime,0,991,0.295371000902378,in_process
onnxruntime,0,992,0.26855800024350174,in_process
onnxruntime,0,993,0.2809859997796593,in_process
onnxruntime,0,994,0.2634009997564135,in_process
onnxruntime,0,995,0.25873599952319637,in_process
onnxruntime,0,996,0.25729099979798775,in_process
onnxruntime,0,997,0.2874890014936682,in_process
onnxruntime,0,998,0.26563900064502377,in_process
onnxruntime,0,999,0.2562610006862087,in_process
onnxruntime,1,0,6.073770999137196,in_process
onnxruntime,1,1,0.8634049991087522,in_process
onnxruntime,1,2,0.33594100023037754,in_process
onnxruntime,1,3,0.35569399915402755,in_process
onnxruntime,1,4,0.33921099930012133,in_process
onnxruntime,1,5,0.3106049989582971,in_process
onnxruntime,1,6,0.2879820003727218,in_process
onnxruntime,1,7,0.26900600096269045,in_process
onnxruntime,1,8,0.2701600005821092,in_process
onnxruntime,1,9,0.28677100090135355,in_process
onnxruntime,1,10,0.2763920001598308,in_process
onnxruntime,1,11,0.26055099988298025,in_process
onnxruntime,1,12,0.2818529992509866,in_process
onnxruntime,1,13,0.31663000117987394,in_process
onnxruntime,1,14,0.285841999357217,in_process
onnxruntime,1,15,0.26453399914316833,in_process
onnxruntime,1,16,0.2740399995673215,in_process
onnxruntime,1,17,0.27611200130195357,in_process
onnxruntime,1,18,0.27417699857323896,in_process
onnxruntime,1,19,0.2617879999888828,in_process
onnxruntime,1,20,0.2696619994821958,in_process
onnxruntime,1,21,0.26856799922825303,in_process
onnxruntime,1,22,0.2714399997785222,in_process
onnxruntime,1,23,0.2703499994822778,in_process
onnxruntime,1,24,0.2767589994618902,in_process
onnxruntime,1,25,0.2805939984682482,in_process
onnxruntime,1,26,0.26569900001049973,in_process
onnxruntime,1,27,0.27191399931325577,in_process
onnxruntime,1,28,0.32814899896038696,in_process
onnxruntime,1,29,0.26704099946073256,in_process
onnxruntime,1,30,0.2690229994186666,in_process
onnxruntime,1,31,0.27410199982114136,in_process
onnxruntime,1,32,0.2586289992905222,in_process
onnxruntime,1,33,0.2547050007706275,in_process
onnxruntime,1,34,0.2587609997135587,in_process
onnxruntime,1,35,0.27459400007501245,in_process
onnxruntime,1,36,0.26457899912202265,in_process
onnxruntime,1,37,0.25924399960786104,in_process
onnxruntime,1,38,0.25709199871926103,in_process
onnxruntime,1,39,0.26761600020108745,in_process
onnxruntime,1,40,0.26402999901620205,in_process
onnxruntime,1,41,0.2567610008554766,in_process
onnxruntime,1,42,0.2813379996950971,in_process
onnxruntime,1,43,0.3106540007138392,in_process
onnxruntime,1,44,0.2639129997987766,in_process
onnxruntime,1,45,0.2718840005400125,in_process
onnxruntime,1,46,0.2697159998206189,in_process
onnxruntime,1,47,0.2652020011737477,in_process
onnxruntime,1,48,0.2663949999259785,in_process
onnxruntime,1,49,0.26366099882579874,in_process
onnxruntime,1,50,0.26809599876287393,in_process
onnxruntime,1,51,0.2636640001583146,in_process
onnxruntime,1,52,0.2558230007707607,in_process
onnxruntime,1,53,0.25883099988277536,in_process
onnxruntime,1,54,0.2599139988888055,in_process
onnxruntime,1,55,0.2573429992480669,in_process
onnxruntime,1,56,0.2557860007073032,in_process
onnxruntime,1,57,0.2668819997779792,in_process
onnxruntime,1,58,0.3061779989366187,in_process
onnxruntime,1,59,0.26937099937640596,in_process
onnxruntime,1,60,0.26302500009478536,in_process
onnxruntime,1,61,0.27481100005388726,in_process
onnxruntime,1,62,0.2671980000741314,in_process
onnxruntime,1,63,0.2531909995013848,in_process
onnxruntime,1,64,0.26419200003147125,in_process
onnxruntime,1,65,0.2719330004765652,in_process
onnxruntime,1,66,0.25746299979800824,in_process
onnxruntime,1,67,0.2628839993121801,in_process
onnxruntime,1,68,0.27266899996902794,in_process
onnxruntime,1,69,0.2616279998619575,in_process
onnxruntime,1,70,0.26065599922731053,in_process
onnxruntime,1,71,0.25662400003056973,in_process
onnxruntime,1,72,0.2745479996519862,in_process
onnxruntime,1,73,0.28111199935665354,in_process
onnxruntime,1,74,0.2680059988051653,in_process
onnxruntime,1,75,0.254593000136083,in_process
onnxruntime,1,76,0.26791600066644605,in_process
onnxruntime,1,77,0.26213700039079413,in_process
onnxruntime,1,78,0.270550999630359,in_process
onnxruntime,1,79,0.27127099929202814,in_process
onnxruntime,1,80,0.26488100047572516,in_process
onnxruntime,1,81,0.2556670006015338,in_process
onnxruntime,1,82,0.26251199960825033,in_process
onnxruntime,1,83,0.2702839992707595,in_process
onnxruntime,1,84,0.2621280000312254,in_process
onnxruntime,1,85,0.2599969993752893,in_process
onnxruntime,1,86,0.2601260002847994,in_process
onnxruntime,1,87,0.2723010002227966,in_process
onnxruntime,1,88,0.28915800066897646,in_process
onnxruntime,1,89,0.27084400062449276,in_process
onnxruntime,1,90,0.25750199893082026,in_process
onnxruntime,1,91,0.2864759990188759,in_process
onnxruntime,1,92,0.25650300085544586,in_process
onnxruntime,1,93,0.26604000049701426,in_process
onnxruntime,1,94,0.2678769997146446,in_process
onnxruntime,1,95,0.26358200011600275,in_process
onnxruntime,1,96,0.2589349987829337,in_process
onnxruntime,1,97,0.25407100110896863,in_process
onnxruntime,1,98,0.2691990011953749,in_process
onnxruntime,1,99,0.2651779996085679,in_process
onnxruntime,1,100,0.254917000347632,in_process
onnxruntime,1,101,0.26938299924950115,in_process
onnxruntime,1,102,0.4565510007523699,in_process
onnxruntime,1,103,0.665573001242592,in_process
onnxruntime,1,104,0.37063899981149007,in_process
onnxruntime,1,105,0.32579599974269513,in_process
onnxruntime,1,106,0.33927199910976924,in_process
onnxruntime,1,107,0.3384669998922618,in_process
onnxruntime,1,108,0.3238890003558481,in_process
onnxruntime,1,109,0.33170999995491,in_process
onnxruntime,1,110,0.3214130010746885,in_process
onnxruntime,1,111,0.3107859993178863,in_process
onnxruntime,1,112,0.34736899942799937,in_process
onnxruntime,1,113,0.3627420010161586,in_process
onnxruntime,1,114,0.32395699963672087,in_process
onnxruntime,1,115,0.339222000548034,in_process
onnxruntime,1,116,0.3136989998893114,in_process
onnxruntime,1,117,0.3367429999343585,in_process
onnxruntime,1,118,0.3515580010571284,in_process
onnxruntime,1,119,0.3224990014132345,in_process
onnxruntime,1,120,0.31350800054497086,in_process
onnxruntime,1,121,0.3573140002117725,in_process
onnxruntime,1,122,0.3173550012434134,in_process
onnxruntime,1,123,0.3130999994027661,in_process
onnxruntime,1,124,0.33538199932081625,in_process
onnxruntime,1,125,0.34745599987218156,in_process
onnxruntime,1,126,0.3264740007580258,in_process
onnxruntime,1,127,0.3368909983691992,in_process
onnxruntime,1,128,0.3075639997405233,in_process
onnxruntime,1,129,0.3021730008185841,in_process
onnxruntime,1,130,0.31097700048121624,in_process
onnxruntime,1,131,0.33391500073776115,in_process
onnxruntime,1,132,0.32088300031318795,in_process
onnxruntime,1,133,0.33011000050464645,in_process
onnxruntime,1,134,0.3198869999323506,in_process
onnxruntime,1,135,0.31438699988939334,in_process
onnxruntime,1,136,0.3177030012011528,in_process
onnxruntime,1,137,0.3492050000204472,in_process
onnxruntime,1,138,0.30709299971931614,in_process
onnxruntime,1,139,0.3359649999765679,in_process
onnxruntime,1,140,0.3255079991504317,in_process
onnxruntime,1,141,0.3034450000996003,in_process
onnxruntime,1,142,0.31792100162419956,in_process
onnxruntime,1,143,0.3347570000187261,in_process
onnxruntime,1,144,0.320215000101598,in_process
onnxruntime,1,145,0.3222149989596801,in_process
onnxruntime,1,146,0.3279129996371921,in_process
onnxruntime,1,147,0.3095800002483884,in_process
onnxruntime,1,148,0.3208479993190849,in_process
onnxruntime,1,149,0.3885730002366472,in_process
onnxruntime,1,150,0.3135879996989388,in_process
onnxruntime,1,151,0.3270899997005472,in_process
onnxruntime,1,152,0.33748299938451964,in_process
onnxruntime,1,153,0.3100379999523284,in_process
onnxruntime,1,154,0.32975099929899443,in_process
onnxruntime,1,155,0.33156900099129416,in_process
onnxruntime,1,156,0.33264900048379786,in_process
onnxruntime,1,157,0.3227059987693792,in_process
onnxruntime,1,158,0.32298199948854744,in_process
onnxruntime,1,159,0.30391399923246354,in_process
onnxruntime,1,160,0.3059490009036381,in_process
onnxruntime,1,161,0.3250839999964228,in_process
onnxruntime,1,162,0.3358350004418753,in_process
onnxruntime,1,163,0.3276779989391798,in_process
onnxruntime,1,164,0.32694299989088904,in_process
onnxruntime,1,165,0.31974000012269244,in_process
onnxruntime,1,166,0.31120200037548784,in_process
onnxruntime,1,167,0.33405500107619446,in_process
onnxruntime,1,168,0.3157880000799196,in_process
onnxruntime,1,169,0.30260899984568823,in_process
onnxruntime,1,170,0.2969549987028586,in_process
onnxruntime,1,171,0.315428000249085,in_process
onnxruntime,1,172,0.3075219992751954,in_process
onnxruntime,1,173,0.29941200045868754,in_process
onnxruntime,1,174,0.34670999957597815,in_process
onnxruntime,1,175,0.32338699929823633,in_process
onnxruntime,1,176,0.30327999957080465,in_process
onnxruntime,1,177,0.3138230003969511,in_process
onnxruntime,1,178,0.3152529989165487,in_process
onnxruntime,1,179,0.30470199999399483,in_process
onnxruntime,1,180,0.31734700132801663,in_process
onnxruntime,1,181,0.32082399957289454,in_process
onnxruntime,1,182,0.30562400024791714,in_process
onnxruntime,1,183,0.3150020002067322,in_process
onnxruntime,1,184,0.32070700035546906,in_process
onnxruntime,1,185,0.3145039991068188,in_process
onnxruntime,1,186,0.31152600058703683,in_process
onnxruntime,1,187,0.3514720010571182,in_process
onnxruntime,1,188,0.3071869996347232,in_process
onnxruntime,1,189,0.30504700043820776,in_process
onnxruntime,1,190,0.343206000252394,in_process
onnxruntime,1,191,0.31434900120075326,in_process
onnxruntime,1,192,0.30415500077651814,in_process
onnxruntime,1,193,0.3270899997005472,in_process
onnxruntime,1,194,0.3113450002274476,in_process
onnxruntime,1,195,0.3042640000785468,in_process
onnxruntime,1,196,0.3211920011381153,in_process
onnxruntime,1,197,0.31554000088362955,in_process
onnxruntime,1,198,0.31532100001641084,in_process
onnxruntime,1,199,0.35187100002076477,in_process
onnxruntime,1,200,0.3180269995937124,in_process
onnxruntime,1,201,0.3017190010723425,in_process
onnxruntime,1,202,0.3085730004386278,in_process
onnxruntime,1,203,0.3251079997426132,in_process
onnxruntime,1,204,0.3034959991055075,in_process
onnxruntime,1,205,0.315163999403012,in_process
onnxruntime,1,206,0.34397499985061586,in_process
onnxruntime,1,207,0.33349399927828927,in_process
onnxruntime,1,208,0.3245029984100256,in_process
onnxruntime,1,209,0.31437300094694365,in_process
onnxruntime,1,210,0.32355099938286,in_process
onnxruntime,1,211,0.33150399940495845,in_process
onnxruntime,1,212,0.3560210006980924,in_process
onnxruntime,1,213,0.3233560000808211,in_process
onnxruntime,1,214,0.34272900120413397,in_process
onnxruntime,1,215,0.3435929993429454,in_process
onnxruntime,1,216,0.3242759994463995,in_process
onnxruntime,1,217,0.3263260005041957,in_process
onnxruntime,1,218,0.31776499963598326,in_process
onnxruntime,1,219,0.30530000003636815,in_process
onnxruntime,1,220,0.31547700018563773,in_process
onnxruntime,1,221,0.3276629995525582,in_process
onnxruntime,1,222,0.31390500043926295,in_process
onnxruntime,1,223,0.3065900000365218,in_process
onnxruntime,1,224,0.3612769996834686,in_process
onnxruntime,1,225,0.3298900010122452,in_process
onnxruntime,1,226,0.31853299879003316,in_process
onnxruntime,1,227,0.31824699908611365,in_process
onnxruntime,1,228,0.30222399982449133,in_process
onnxruntime,1,229,0.30480799978249706,in_process
onnxruntime,1,230,0.33824099955381826,in_process
onnxruntime,1,231,0.3078919999097707,in_process
onnxruntime,1,232,0.3045590001420351,in_process
onnxruntime,1,233,0.3289699998276774,in_process
onnxruntime,1,234,0.30572799914807547,in_process
onnxruntime,1,235,0.2951970000140136,in_process
onnxruntime,1,236,0.3538979999575531,in_process
onnxruntime,1,237,0.3229970006941585,in_process
onnxruntime,1,238,0.34603700078150723,in_process
onnxruntime,1,239,0.34105300073861144,in_process
onnxruntime,1,240,0.30830900141154416,in_process
onnxruntime,1,241,0.3149290005239891,in_process
onnxruntime,1,242,0.3314679997856729,in_process
onnxruntime,1,243,0.3194900000380585,in_process
onnxruntime,1,244,0.3200680002919398,in_process
onnxruntime,1,245,0.3226120006729616,in_process
onnxruntime,1,246,0.30542999957106076,in_process
onnxruntime,1,247,0.3192130006937077,in_process
onnxruntime,1,248,0.3846420004265383,in_process
onnxruntime,1,249,0.3156480015604757,in_process
onnxruntime,1,250,0.3199760012648767,in_process
onnxruntime,1,251,0.32895300137170125,in_process
onnxruntime,1,252,0.32733599982748274,in_process
onnxruntime,1,253,0.326469998981338,in_process
onnxruntime,1,254,0.3254809998907149,in_process
onnxruntime,1,255,0.3355709995958023,in_process
onnxruntime,1,256,0.33029000042006373,in_process
onnxruntime,1,257,0.33768600042094477,in_process
onnxruntime,1,258,0.3061900006287033,in_process
onnxruntime,1,259,0.32064399965747725,in_process
onnxruntime,1,260,0.32530400130781345,in_process
onnxruntime,1,261,0.37546499879681505,in_process
onnxruntime,1,262,0.31948299874784425,in_process
onnxruntime,1,263,0.3286480005044723,in_process
onnxruntime,1,264,0.3030400002899114,in_process
onnxruntime,1,265,0.299339999401127,in_process
onnxruntime,1,266,0.3275990002293838,in_process
onnxruntime,1,267,0.30244899971876293,in_process
onnxruntime,1,268,0.2987240004586056,in_process
onnxruntime,1,269,0.3217289995518513,in_process
onnxruntime,1,270,0.31676999969931785,in_process
onnxruntime,1,271,0.3034130004380131,in_process
onnxruntime,1,272,0.31396600024891086,in_process
onnxruntime,1,273,0.33647799864411354,in_process
onnxruntime,1,274,0.3020779986400157,in_process
onnxruntime,1,275,0.31041600050230045,in_process
onnxruntime,1,276,0.32250199910777155,in_process
onnxruntime,1,277,0.2974439994432032,in_process
onnxruntime,1,278,0.31939400105329696,in_process
onnxruntime,1,279,0.3186689991707681,in_process
onnxruntime,1,280,0.300292000247282,in_process
onnxruntime,1,281,0.31423300060851034,in_process
onnxruntime,1,282,0.3259029999753693,in_process
onnxruntime,1,283,0.30434799919021316,in_process
onnxruntime,1,284,0.2990829998452682,in_process
onnxruntime,1,285,0.3280609998910222,in_process
onnxruntime,1,286,0.3325019988551503,in_process
onnxruntime,1,287,0.30883999897923786,in_process
onnxruntime,1,288,0.32675100010237657,in_process
onnxruntime,1,289,0.3198770009475993,in_process
onnxruntime,1,290,0.3007529994647484,in_process
onnxruntime,1,291,0.32573399948887527,in_process
onnxruntime,1,292,0.3200959999958286,in_process
onnxruntime,1,293,0.3039620005438337,in_process
onnxruntime,1,294,0.33649199940555263,in_process
onnxruntime,1,295,0.3439109987084521,in_process
onnxruntime,1,296,0.306029000057606,in_process
onnxruntime,1,297,0.3238770004827529,in_process
onnxruntime,1,298,0.3553449987521162,in_process
onnxruntime,1,299,0.31593099993187934,in_process
onnxruntime,1,300,0.31387299895868637,in_process
onnxruntime,1,301,0.33767599961720407,in_process
onnxruntime,1,302,0.3166510014125379,in_process
onnxruntime,1,303,0.303474000247661,in_process
onnxruntime,1,304,0.30907499967725016,in_process
onnxruntime,1,305,0.33299300048383884,in_process
onnxruntime,1,306,0.30532399978255853,in_process
onnxruntime,1,307,0.31782599944563117,in_process
onnxruntime,1,308,0.31839099938224535,in_process
onnxruntime,1,309,0.3193889988324372,in_process
onnxruntime,1,310,0.31546500031254254,in_process
onnxruntime,1,311,0.3426609982852824,in_process
onnxruntime,1,312,0.3075160002481425,in_process
onnxruntime,1,313,0.31794299866305664,in_process
onnxruntime,1,314,0.3256529998907354,in_process
onnxruntime,1,315,0.29981700026837643,in_process
onnxruntime,1,316,0.3009889987879433,in_process
onnxruntime,1,317,0.3230090005672537,in_process
onnxruntime,1,318,0.30381100077647716,in_process
onnxruntime,1,319,0.29703500149480533,in_process
onnxruntime,1,320,0.3207850004400825,in_process
onnxruntime,1,321,0.32024299980548676,in_process
onnxruntime,1,322,0.2980069984914735,in_process
onnxruntime,1,323,0.32814299993333407,in_process
onnxruntime,1,324,0.32742300027166493,in_process
onnxruntime,1,325,0.3058910006075166,in_process
onnxruntime,1,326,0.3161730001011165,in_process
onnxruntime,1,327,0.3218870006094221,in_process
onnxruntime,1,328,0.32327599910786375,in_process
onnxruntime,1,329,0.3113080001639901,in_process
onnxruntime,1,330,0.31667700022808276,in_process
onnxruntime,1,331,0.3147690003970638,in_process
onnxruntime,1,332,0.3088160010520369,in_process
onnxruntime,1,333,0.32182299946725834,in_process
onnxruntime,1,334,0.30864700056554284,in_process
onnxruntime,1,335,0.30258500009949785,in_process
onnxruntime,1,336,0.35080300040135626,in_process
onnxruntime,1,337,0.3100160010944819,in_process
onnxruntime,1,338,0.3047499994863756,in_process
onnxruntime,1,339,0.3412199985177722,in_process
onnxruntime,1,340,0.32942500001809094,in_process
onnxruntime,1,341,0.3136810009891633,in_process
onnxruntime,1,342,0.33396999970136676,in_process
onnxruntime,1,343,0.3191579999111127,in_process
onnxruntime,1,344,0.30319100005726796,in_process
onnxruntime,1,345,0.3266179992351681,in_process
onnxruntime,1,346,0.340251999659813,in_process
onnxruntime,1,347,0.3216940003767377,in_process
onnxruntime,1,348,0.3467559999990044,in_process
onnxruntime,1,349,0.32051599919213913,in_process
onnxruntime,1,350,0.30010900081833825,in_process
onnxruntime,1,351,0.33333999999740627,in_process
onnxruntime,1,352,0.32334699972125236,in_process
onnxruntime,1,353,0.2962279995699646,in_process
onnxruntime,1,354,0.3071020000788849,in_process
onnxruntime,1,355,0.3208460002497304,in_process
onnxruntime,1,356,0.30822000007901806,in_process
onnxruntime,1,357,0.34171799961768556,in_process
onnxruntime,1,358,0.3829910001513781,in_process
onnxruntime,1,359,0.33126299967989326,in_process
onnxruntime,1,360,0.33272399923589546,in_process
onnxruntime,1,361,0.3135540009679971,in_process
onnxruntime,1,362,0.31156700060819276,in_process
onnxruntime,1,363,0.3363579999131616,in_process
onnxruntime,1,364,0.3151860000798479,in_process
onnxruntime,1,365,0.3026249996764818,in_process
onnxruntime,1,366,0.3237100008846028,in_process
onnxruntime,1,367,0.3064980010094587,in_process
onnxruntime,1,368,0.29990899929543957,in_process
onnxruntime,1,369,0.33886299934238195,in_process
onnxruntime,1,370,0.3186960002494743,in_process
onnxruntime,1,371,0.30355399940162897,in_process
onnxruntime,1,372,0.3312799999548588,in_process
onnxruntime,1,373,0.3730279986484675,in_process
onnxruntime,1,374,0.3265089999331394,in_process
onnxruntime,1,375,0.3324649987916928,in_process
onnxruntime,1,376,0.34832299934350885,in_process
onnxruntime,1,377,0.3032509994227439,in_process
onnxruntime,1,378,0.3208399994036881,in_process
onnxruntime,1,379,0.3242490001866827,in_process
onnxruntime,1,380,0.30478099870379083,in_process
onnxruntime,1,381,0.3206689998478396,in_process
onnxruntime,1,382,0.3285509992565494,in_process
onnxruntime,1,383,0.30764000075578224,in_process
onnxruntime,1,384,0.361794000127702,in_process
onnxruntime,1,385,0.348810001014499,in_process
onnxruntime,1,386,0.316933001158759,in_process
onnxruntime,1,387,0.3229609992558835,in_process
onnxruntime,1,388,0.32819300031405874,in_process
onnxruntime,1,389,0.30586699904233683,in_process
onnxruntime,1,390,0.30701600007887464,in_process
onnxruntime,1,391,0.32742300027166493,in_process
onnxruntime,1,392,0.3085080006712815,in_process
onnxruntime,1,393,0.3471950003586244,in_process
onnxruntime,1,394,0.3232729995943373,in_process
onnxruntime,1,395,0.30681399948662147,in_process
onnxruntime,1,396,0.30949199936003424,in_process
onnxruntime,1,397,0.38632900032098405,in_process
onnxruntime,1,398,0.3109959998255363,in_process
onnxruntime,1,399,0.30551300005754456,in_process
onnxruntime,1,400,0.3400840014364803,in_process
onnxruntime,1,401,0.310680999973556,in_process
onnxruntime,1,402,0.32887799898162484,in_process
onnxruntime,1,403,0.3360109985806048,in_process
onnxruntime,1,404,0.3042230000573909,in_process
onnxruntime,1,405,0.3019050000148127,in_process
onnxruntime,1,406,0.33196399999724235,in_process
onnxruntime,1,407,0.31358500018541235,in_process
onnxruntime,1,408,0.3098819997831015,in_process
onnxruntime,1,409,0.331405999531853,in_process
onnxruntime,1,410,0.3959759997087531,in_process
onnxruntime,1,411,5.219700000452576,in_process
onnxruntime,1,412,1.4940060009394074,in_process
onnxruntime,1,413,0.3925420005543856,in_process
onnxruntime,1,414,0.3574269994714996,in_process
onnxruntime,1,415,0.37685099960071966,in_process
onnxruntime,1,416,0.32764999923529103,in_process
onnxruntime,1,417,0.3217329995095497,in_process
onnxruntime,1,418,0.3424179994908627,in_process
onnxruntime,1,419,0.34941899866680615,in_process
onnxruntime,1,420,0.32523499976377934,in_process
onnxruntime,1,421,0.3534759998728987,in_process
onnxruntime,1,422,0.3529539990267949,in_process
onnxruntime,1,423,0.3367909994267393,in_process
onnxruntime,1,424,0.3354220007167896,in_process
onnxruntime,1,425,0.328717000229517,in_process
onnxruntime,1,426,0.3190200004610233,in_process
onnxruntime,1,427,0.3506540015223436,in_process
onnxruntime,1,428,0.3323600012663519,in_process
onnxruntime,1,429,0.3411919988138834,in_process
onnxruntime,1,430,0.32230500073637813,in_process
onnxruntime,1,431,0.31713700082036667,in_process
onnxruntime,1,432,0.31460399986826815,in_process
onnxruntime,1,433,0.3110979996563401,in_process
onnxruntime,1,434,0.31581999974150676,in_process
onnxruntime,1,435,0.3173730001435615,in_process
onnxruntime,1,436,0.31517299976258073,in_process
onnxruntime,1,437,0.3270170000178041,in_process
onnxruntime,1,438,0.31744500120112207,in_process
onnxruntime,1,439,0.3401239991944749,in_process
onnxruntime,1,440,0.32735000058892183,in_process
onnxruntime,1,441,0.30339599834405817,in_process
onnxruntime,1,442,0.32621399986965116,in_process
onnxruntime,1,443,0.31954400037648156,in_process
onnxruntime,1,444,0.3188359987689182,in_process
onnxruntime,1,445,0.38127900006657,in_process
onnxruntime,1,446,0.33168799927807413,in_process
onnxruntime,1,447,0.32283599830407184,in_process
onnxruntime,1,448,0.33515299946884625,in_process
onnxruntime,1,449,0.3208500002074288,in_process
onnxruntime,1,450,0.3282769994257251,in_process
onnxruntime,1,451,0.3554619997885311,in_process
onnxruntime,1,452,0.31447199944523163,in_process
onnxruntime,1,453,0.31434100128535647,in_process
onnxruntime,1,454,0.32759999885456637,in_process
onnxruntime,1,455,0.30682800024806056,in_process
onnxruntime,1,456,0.31284699980460573,in_process
onnxruntime,1,457,0.3368969992152415,in_process
onnxruntime,1,458,0.3153299985569902,in_process
onnxruntime,1,459,0.3060770013689762,in_process
onnxruntime,1,460,0.33324200012430083,in_process
onnxruntime,1,461,0.3116160005447455,in_process
onnxruntime,1,462,0.3011429998878157,in_process
onnxruntime,1,463,0.3601139997044811,in_process
onnxruntime,1,464,0.3145869995933026,in_process
onnxruntime,1,465,0.2937829995062202,in_process
onnxruntime,1,466,0.32476299929840025,in_process
onnxruntime,1,467,0.319929999022861,in_process
onnxruntime,1,468,0.32384699989052024,in_process
onnxruntime,1,469,0.34738900103548076,in_process
onnxruntime,1,470,0.3041750005650101,in_process
onnxruntime,1,471,0.2923339998233132,in_process
onnxruntime,1,472,0.3236860011384124,in_process
onnxruntime,1,473,0.31176099946605973,in_process
onnxruntime,1,474,0.2976849991682684,in_process
onnxruntime,1,475,0.31389099967782386,in_process
onnxruntime,1,476,3.4349659999861615,in_process
onnxruntime,1,477,0.4072719984833384,in_process
onnxruntime,1,478,0.36600500061467756,in_process
onnxruntime,1,479,0.30232400058594067,in_process
onnxruntime,1,480,0.2688729982764926,in_process
onnxruntime,1,481,0.280369000392966,in_process
onnxruntime,1,482,0.26747599986265413,in_process
onnxruntime,1,483,0.26602399884723127,in_process
onnxruntime,1,484,0.2756450012384448,in_process
onnxruntime,1,485,0.2787550001812633,in_process
onnxruntime,1,486,0.2568019990576431,in_process
onnxruntime,1,487,0.25901499975589104,in_process
onnxruntime,1,488,0.2670290014066268,in_process
onnxruntime,1,489,0.27496300026541576,in_process
onnxruntime,1,490,0.26255300144839566,in_process
onnxruntime,1,491,0.2653399988048477,in_process
onnxruntime,1,492,0.2650860005815048,in_process
onnxruntime,1,493,0.2817370004777331,in_process
onnxruntime,1,494,0.2616870006022509,in_process
onnxruntime,1,495,0.27739799952541944,in_process
onnxruntime,1,496,0.2680319994396996,in_process
onnxruntime,1,497,0.26069900013681035,in_process
onnxruntime,1,498,0.33109499963757116,in_process
onnxruntime,1,499,0.276726999800303,in_process
onnxruntime,1,500,0.27086599948233925,in_process
onnxruntime,1,501,0.25443400045332965,in_process
onnxruntime,1,502,0.2594949983176775,in_process
onnxruntime,1,503,0.26492500001040753,in_process
onnxruntime,1,504,0.257455998507794,in_process
onnxruntime,1,505,0.2571419990999857,in_process
onnxruntime,1,506,0.25437699878239073,in_process
onnxruntime,1,507,0.25889400058076717,in_process
onnxruntime,1,508,0.27846999910252634,in_process
onnxruntime,1,509,0.2616199999465607,in_process
onnxruntime,1,510,0.2492319999873871,in_process
onnxruntime,1,511,0.2747229991655331,in_process
onnxruntime,1,512,0.2515819996915525,in_process
onnxruntime,1,513,0.2586999999039108,in_process
onnxruntime,1,514,0.2459130009810906,in_process
onnxruntime,1,515,0.2596360009192722,in_process
onnxruntime,1,516,0.24957900131994393,in_process
onnxruntime,1,517,0.25038600142579526,in_process
onnxruntime,1,518,0.247120999119943,in_process
onnxruntime,1,519,0.2639030008140253,in_process
onnxruntime,1,520,0.26055499984067865,in_process
onnxruntime,1,521,0.2525140007492155,in_process
onnxruntime,1,522,0.24988499899336603,in_process
onnxruntime,1,523,0.28071899942005984,in_process
onnxruntime,1,524,0.2575590006017592,in_process
onnxruntime,1,525,0.2674869992915774,in_process
onnxruntime,1,526,0.2667049993760884,in_process
onnxruntime,1,527,0.26205199901596643,in_process
onnxruntime,1,528,0.25255999935325235,in_process
onnxruntime,1,529,0.24860499979695305,in_process
onnxruntime,1,530,0.26946800062432885,in_process
onnxruntime,1,531,0.25923399880412035,in_process
onnxruntime,1,532,0.2588579991424922,in_process
onnxruntime,1,533,0.2808839999488555,in_process
onnxruntime,1,534,0.31506199957220815,in_process
onnxruntime,1,535,0.2724919995671371,in_process
onnxruntime,1,536,0.2546779996919213,in_process
onnxruntime,1,537,0.2594699999463046,in_process
onnxruntime,1,538,0.29341900153667666,in_process
onnxruntime,1,539,0.262202998783323,in_process
onnxruntime,1,540,0.2575609996711137,in_process
onnxruntime,1,541,0.2719120002439013,in_process
onnxruntime,1,542,0.2562340014264919,in_process
onnxruntime,1,543,0.2577089999249438,in_process
onnxruntime,1,544,0.253068999882089,in_process
onnxruntime,1,545,0.27031900026486255,in_process
onnxruntime,1,546,0.2574540012574289,in_process
onnxruntime,1,547,0.2542909987823805,in_process
onnxruntime,1,548,0.2607949991215719,in_process
onnxruntime,1,549,0.2798140012600925,in_process
onnxruntime,1,550,0.2689989996724762,in_process
onnxruntime,1,551,0.26341599914303515,in_process
onnxruntime,1,552,0.26083500051754527,in_process
onnxruntime,1,553,0.2955780000775121,in_process
onnxruntime,1,554,0.2617640002426924,in_process
onnxruntime,1,555,0.2537339987611631,in_process
onnxruntime,1,556,0.25838300098257605,in_process
onnxruntime,1,557,0.2842370013240725,in_process
onnxruntime,1,558,0.2729940006247489,in_process
onnxruntime,1,559,0.25600799926905893,in_process
onnxruntime,1,560,0.2638610003486974,in_process
onnxruntime,1,561,0.25695899967104197,in_process
onnxruntime,1,562,0.26174800041189883,in_process
onnxruntime,1,563,0.2598589999251999,in_process
onnxruntime,1,564,0.25989899950218387,in_process
onnxruntime,1,565,0.2530740002839593,in_process
onnxruntime,1,566,0.2587629987829132,in_process
onnxruntime,1,567,0.25470400032645557,in_process
onnxruntime,1,568,0.2876070011552656,in_process
onnxruntime,1,569,0.26243299907946493,in_process
onnxruntime,1,570,0.25404099869774655,in_process
onnxruntime,1,571,0.25661399922682904,in_process
onnxruntime,1,572,0.257183000940131,in_process
onnxruntime,1,573,0.25340100000903476,in_process
onnxruntime,1,574,0.25421000100323,in_process
onnxruntime,1,575,0.2617169993754942,in_process
onnxruntime,1,576,0.2549580003687879,in_process
onnxruntime,1,577,0.25797999842325225,in_process
onnxruntime,1,578,0.2512619994377019,in_process
onnxruntime,1,579,0.26972299929184373,in_process
onnxruntime,1,580,0.2643469997565262,in_process
onnxruntime,1,581,0.25319400083390065,in_process
onnxruntime,1,582,0.2549029995861929,in_process
onnxruntime,1,583,0.283457000477938,in_process
onnxruntime,1,584,0.2768969989119796,in_process
onnxruntime,1,585,0.26073499975609593,in_process
onnxruntime,1,586,0.2595389996713493,in_process
onnxruntime,1,587,0.26473100115254056,in_process
onnxruntime,1,588,0.25521399948047474,in_process
onnxruntime,1,589,0.25732900030561723,in_process
onnxruntime,1,590,0.2549069995438913,in_process
onnxruntime,1,591,0.26944999990519136,in_process
onnxruntime,1,592,0.2522489994589705,in_process
onnxruntime,1,593,0.25215499954356346,in_process
onnxruntime,1,594,0.2635450000525452,in_process
onnxruntime,1,595,0.25706599990371615,in_process
onnxruntime,1,596,0.24961199960671365,in_process
onnxruntime,1,597,0.2527880005800398,in_process
onnxruntime,1,598,0.2612429998407606,in_process
onnxruntime,1,599,0.27340100132278167,in_process
onnxruntime,1,600,0.25713099967106245,in_process
onnxruntime,1,601,0.25263300085498486,in_process
onnxruntime,1,602,0.258005000432604,in_process
onnxruntime,1,603,0.26670000079320744,in_process
onnxruntime,1,604,0.25375900077051483,in_process
onnxruntime,1,605,0.256860001172754,in_process
onnxruntime,1,606,0.37714499922003597,in_process
onnxruntime,1,607,0.27980900085822213,in_process
onnxruntime,1,608,0.2647519995662151,in_process
onnxruntime,1,609,0.27689999842550606,in_process
onnxruntime,1,610,0.25619099869800266,in_process
onnxruntime,1,611,0.25717300013639033,in_process
onnxruntime,1,612,0.2554579987190664,in_process
onnxruntime,1,613,0.38239799869188573,in_process
onnxruntime,1,614,0.30509099997289013,in_process
onnxruntime,1,615,0.3139849995932309,in_process
onnxruntime,1,616,0.3319990009913454,in_process
onnxruntime,1,617,0.27525699988473207,in_process
onnxruntime,1,618,0.2612900007079588,in_process
onnxruntime,1,619,0.2848839994840091,in_process
onnxruntime,1,620,0.27077300001110416,in_process
onnxruntime,1,621,0.2702919991861563,in_process
onnxruntime,1,622,0.26110999897355214,in_process
onnxruntime,1,623,0.27720599973690696,in_process
onnxruntime,1,624,0.26336900009482633,in_process
onnxruntime,1,625,0.26226100089843385,in_process
onnxruntime,1,626,0.2746440004557371,in_process
onnxruntime,1,627,0.3155289996357169,in_process
onnxruntime,1,628,0.27479900018079206,in_process
onnxruntime,1,629,0.27563799994823057,in_process
onnxruntime,1,630,0.28806399859604426,in_process
onnxruntime,1,631,0.2646630000526784,in_process
onnxruntime,1,632,0.26102700030605774,in_process
onnxruntime,1,633,0.26574399998935405,in_process
onnxruntime,1,634,0.2734579993557418,in_process
onnxruntime,1,635,0.261760000284994,in_process
onnxruntime,1,636,0.25828400066529866,in_process
onnxruntime,1,637,0.25845799973467365,in_process
onnxruntime,1,638,0.26993199935532175,in_process
onnxruntime,1,639,0.25830999948084354,in_process
onnxruntime,1,640,0.25568999990355223,in_process
onnxruntime,1,641,0.27823900018120185,in_process
onnxruntime,1,642,0.329403999785427,in_process
onnxruntime,1,643,0.27185500039195176,in_process
onnxruntime,1,644,0.2609879993542563,in_process
onnxruntime,1,645,0.27715099895431194,in_process
onnxruntime,1,646,0.26544399952399544,in_process
onnxruntime,1,647,0.25613400066504255,in_process
onnxruntime,1,648,0.25900100081344135,in_process
onnxruntime,1,649,0.2857649997167755,in_process
onnxruntime,1,650,0.2675119994819397,in_process
onnxruntime,1,651,0.2598119990580017,in_process
onnxruntime,1,652,0.26689699916460086,in_process
onnxruntime,1,653,0.2591939992271364,in_process
onnxruntime,1,654,0.2563149992056424,in_process
onnxruntime,1,655,0.25404099869774655,in_process
onnxruntime,1,656,0.2916590001404984,in_process
onnxruntime,1,657,0.29263299984449986,in_process
onnxruntime,1,658,0.2704599992284784,in_process
onnxruntime,1,659,0.26083500051754527,in_process
onnxruntime,1,660,0.27202099954592995,in_process
onnxruntime,1,661,0.2566350012784824,in_process
onnxruntime,1,662,0.2597210004751105,in_process
onnxruntime,1,663,0.2566399998613633,in_process
onnxruntime,1,664,0.2756810008577304,in_process
onnxruntime,1,665,0.25953600015782285,in_process
onnxruntime,1,666,0.26073899971379433,in_process
onnxruntime,1,667,0.26270499984093476,in_process
onnxruntime,1,668,0.2606609996291809,in_process
onnxruntime,1,669,0.2644670003064675,in_process
onnxruntime,1,670,0.2652160001161974,in_process
onnxruntime,1,671,0.2779990009003086,in_process
onnxruntime,1,672,0.29744700077571906,in_process
onnxruntime,1,673,0.2836900002876064,in_process
onnxruntime,1,674,0.26668999998946674,in_process
onnxruntime,1,675,0.2819340006681159,in_process
onnxruntime,1,676,0.25946700043277815,in_process
onnxruntime,1,677,0.27756200142903253,in_process
onnxruntime,1,678,0.27521800075192004,in_process
onnxruntime,1,679,0.2643389998411294,in_process
onnxruntime,1,680,0.2638379992276896,in_process
onnxruntime,1,681,0.2732939992711181,in_process
onnxruntime,1,682,0.2782970004773233,in_process
onnxruntime,1,683,0.2623960008349968,in_process
onnxruntime,1,684,0.26659499962988775,in_process
onnxruntime,1,685,0.27078099992650095,in_process
onnxruntime,1,686,0.3092850001849001,in_process
onnxruntime,1,687,0.26583699946058914,in_process
onnxruntime,1,688,0.26948599952447694,in_process
onnxruntime,1,689,0.2805069998430554,in_process
onnxruntime,1,690,0.26032200003101025,in_process
onnxruntime,1,691,0.25599199943826534,in_process
onnxruntime,1,692,0.25848400036920793,in_process
onnxruntime,1,693,0.28205200032971334,in_process
onnxruntime,1,694,0.26442500166012906,in_process
onnxruntime,1,695,0.2712130008148961,in_process
onnxruntime,1,696,0.2617190002638381,in_process
onnxruntime,1,697,0.2892789998441003,in_process
onnxruntime,1,698,0.26246799825457856,in_process
onnxruntime,1,699,0.26365700068708975,in_process
onnxruntime,1,700,0.2705469996726606,in_process
onnxruntime,1,701,0.3029100007552188,in_process
onnxruntime,1,702,0.2794149986584671,in_process
onnxruntime,1,703,0.26138799876207486,in_process
onnxruntime,1,704,0.2816010000969982,in_process
onnxruntime,1,705,0.3107550001004711,in_process
onnxruntime,1,706,0.2716489998420002,in_process
onnxruntime,1,707,0.27011400015908293,in_process
onnxruntime,1,708,0.2724169989960501,in_process
onnxruntime,1,709,0.34574200071801897,in_process
onnxruntime,1,710,0.27731099908123724,in_process
onnxruntime,1,711,0.2905019991885638,in_process
onnxruntime,1,712,0.26930199965136126,in_process
onnxruntime,1,713,0.26279200028511696,in_process
onnxruntime,1,714,0.26755900034913793,in_process
onnxruntime,1,715,0.28216600003361236,in_process
onnxruntime,1,716,0.3255119991081301,in_process
onnxruntime,1,717,3.6206519998813746,in_process
onnxruntime,1,718,0.4080819999217056,in_process
onnxruntime,1,719,0.437159000284737,in_process
onnxruntime,1,720,0.39827299951866735,in_process
onnxruntime,1,721,0.39679399924352765,in_process
onnxruntime,1,722,0.39628500053368043,in_process
onnxruntime,1,723,0.3849519998766482,in_process
onnxruntime,1,724,0.3778629998123506,in_process
onnxruntime,1,725,0.3922989999409765,in_process
onnxruntime,1,726,0.40030499985732604,in_process
onnxruntime,1,727,0.43372800064389594,in_process
onnxruntime,1,728,0.34576399957586545,in_process
onnxruntime,1,729,0.32784500035631936,in_process
onnxruntime,1,730,0.3538550008670427,in_process
onnxruntime,1,731,0.40043899934971705,in_process
onnxruntime,1,732,0.4080639992025681,in_process
onnxruntime,1,733,0.40665100095793605,in_process
onnxruntime,1,734,0.3731870001502102,in_process
onnxruntime,1,735,0.37408899879665114,in_process
onnxruntime,1,736,0.3350530005263863,in_process
onnxruntime,1,737,0.38868699994054623,in_process
onnxruntime,1,738,0.4590169992297888,in_process
onnxruntime,1,739,0.40950599941425025,in_process
onnxruntime,1,740,0.40530600017518736,in_process
onnxruntime,1,741,0.34251400029461365,in_process
onnxruntime,1,742,0.3449280011409428,in_process
onnxruntime,1,743,0.37713399979111273,in_process
onnxruntime,1,744,0.34900599894172046,in_process
onnxruntime,1,745,0.3539160006766906,in_process
onnxruntime,1,746,0.332224000885617,in_process
onnxruntime,1,747,0.3962200007663341,in_process
onnxruntime,1,748,0.44486200022220146,in_process
onnxruntime,1,749,0.3875290003634291,in_process
onnxruntime,1,750,0.3751439999177819,in_process
onnxruntime,1,751,0.33854700086521916,in_process
onnxruntime,1,752,0.3827580003417097,in_process
onnxruntime,1,753,0.4177730006631464,in_process
onnxruntime,1,754,0.3913259988621576,in_process
onnxruntime,1,755,0.35298500006319955,in_process
onnxruntime,1,756,0.35029200080316514,in_process
onnxruntime,1,757,0.3988130010839086,in_process
onnxruntime,1,758,0.4559339995466871,in_process
onnxruntime,1,759,0.401621000492014,in_process
onnxruntime,1,760,0.4383509985927958,in_process
onnxruntime,1,761,0.3641700004664017,in_process
onnxruntime,1,762,0.34050200156343635,in_process
onnxruntime,1,763,0.34888199843408074,in_process
onnxruntime,1,764,0.4283380003471393,in_process
onnxruntime,1,765,0.3874300000461517,in_process
onnxruntime,1,766,0.39369200021610595,in_process
onnxruntime,1,767,0.33916900065378286,in_process
onnxruntime,1,768,0.31220699929690454,in_process
onnxruntime,1,769,0.3820269994321279,in_process
onnxruntime,1,770,0.3873040004691575,in_process
onnxruntime,1,771,0.40364199958276004,in_process
onnxruntime,1,772,0.37779300146212336,in_process
onnxruntime,1,773,0.3569800010154722,in_process
onnxruntime,1,774,0.3487559988570865,in_process
onnxruntime,1,775,0.30536899976141285,in_process
onnxruntime,1,776,0.3521700000419514,in_process
onnxruntime,1,777,0.40147399886336643,in_process
onnxruntime,1,778,0.3832319998764433,in_process
onnxruntime,1,779,0.5338499995559687,in_process
onnxruntime,1,780,0.3236419997847406,in_process
onnxruntime,1,781,0.3433920010138536,in_process
onnxruntime,1,782,0.4048369992233347,in_process
onnxruntime,1,783,0.371801001165295,in_process
onnxruntime,1,784,0.3594900008465629,in_process
onnxruntime,1,785,0.3404649996809894,in_process
onnxruntime,1,786,0.32096399991132785,in_process
onnxruntime,1,787,0.3840059998765355,in_process
onnxruntime,1,788,0.37531100133492146,in_process
onnxruntime,1,789,0.35412600118434057,in_process
onnxruntime,1,790,0.3637549998529721,in_process
onnxruntime,1,791,0.30825000067125075,in_process
onnxruntime,1,792,0.36952600021322723,in_process
onnxruntime,1,793,0.38815699917904567,in_process
onnxruntime,1,794,0.3731739998329431,in_process
onnxruntime,1,795,0.39380499947583303,in_process
onnxruntime,1,796,0.3601260013965657,in_process
onnxruntime,1,797,0.3487760004645679,in_process
onnxruntime,1,798,0.3286120008851867,in_process
onnxruntime,1,799,0.38090499947429635,in_process
onnxruntime,1,800,0.4106069991394179,in_process
onnxruntime,1,801,0.42256400047335774,in_process
onnxruntime,1,802,5.392966999352211,in_process
onnxruntime,1,803,1.5317439992941217,in_process
onnxruntime,1,804,0.4286460007278947,in_process
onnxruntime,1,805,0.4246950011292938,in_process
onnxruntime,1,806,0.3524209987517679,in_process
onnxruntime,1,807,0.3532350001478335,in_process
onnxruntime,1,808,0.3855889990518335,in_process
onnxruntime,1,809,0.40066000110527966,in_process
onnxruntime,1,810,0.37521999911405146,in_process
onnxruntime,1,811,0.365379999493598,in_process
onnxruntime,1,812,0.35987800038128626,in_process
onnxruntime,1,813,0.3439699994487455,in_process
onnxruntime,1,814,0.313521000862238,in_process
onnxruntime,1,815,0.3439840002101846,in_process
onnxruntime,1,816,0.39936300163390115,in_process
onnxruntime,1,817,0.387229998523253,in_process
onnxruntime,1,818,0.37698899905080907,in_process
onnxruntime,1,819,0.37702900044678245,in_process
onnxruntime,1,820,0.43707900113076903,in_process
onnxruntime,1,821,0.40408200038655195,in_process
onnxruntime,1,822,0.3683300001284806,in_process
onnxruntime,1,823,0.36107699997955933,in_process
onnxruntime,1,824,0.385284000003594,in_process
onnxruntime,1,825,0.39122999987739604,in_process
onnxruntime,1,826,0.3648369984148303,in_process
onnxruntime,1,827,0.39668000135861803,in_process
onnxruntime,1,828,0.38227500044740736,in_process
onnxruntime,1,829,0.36142200042377226,in_process
onnxruntime,1,830,0.3215390006516827,in_process
onnxruntime,1,831,0.31377699997392483,in_process
onnxruntime,1,832,0.36856999940937385,in_process
onnxruntime,1,833,0.37081500158819836,in_process
onnxruntime,1,834,0.38273499922070187,in_process
onnxruntime,1,835,0.38647700057481416,in_process
onnxruntime,1,836,0.3493289987090975,in_process
onnxruntime,1,837,0.32768900018709246,in_process
onnxruntime,1,838,0.3617060010583373,in_process
onnxruntime,1,839,0.3561889989214251,in_process
onnxruntime,1,840,0.3658240002550883,in_process
onnxruntime,1,841,0.3215420001652092,in_process
onnxruntime,1,842,0.305325998851913,in_process
onnxruntime,1,843,0.31443599982594606,in_process
onnxruntime,1,844,0.4198320002615219,in_process
onnxruntime,1,845,0.4252479993738234,in_process
onnxruntime,1,846,0.4045040004712064,in_process
onnxruntime,1,847,0.3632560001278762,in_process
onnxruntime,1,848,0.33621900001890026,in_process
onnxruntime,1,849,0.3706480001710588,in_process
onnxruntime,1,850,0.32988699967972934,in_process
onnxruntime,1,851,0.35388499964028597,in_process
onnxruntime,1,852,0.3863080000883201,in_process
onnxruntime,1,853,0.36356100099510513,in_process
onnxruntime,1,854,0.38818100074422546,in_process
onnxruntime,1,855,0.36542300040309783,in_process
onnxruntime,1,856,0.3603470013331389,in_process
onnxruntime,1,857,0.33962300040002447,in_process
onnxruntime,1,858,0.3706579991558101,in_process
onnxruntime,1,859,0.3882709988829447,in_process
onnxruntime,1,860,0.4432519999681972,in_process
onnxruntime,1,861,0.3223229996365262,in_process
onnxruntime,1,862,0.3128729986201506,in_process
onnxruntime,1,863,0.33121200067398604,in_process
onnxruntime,1,864,0.38694900104019325,in_process
onnxruntime,1,865,0.395578999814461,in_process
onnxruntime,1,866,0.3660399997897912,in_process
onnxruntime,1,867,0.32434999957331456,in_process
onnxruntime,1,868,0.3347250003571389,in_process
onnxruntime,1,869,0.39302299956034403,in_process
onnxruntime,1,870,0.3906110014213482,in_process
onnxruntime,1,871,0.399982000089949,in_process
onnxruntime,1,872,0.3535429987095995,in_process
onnxruntime,1,873,0.3197799996996764,in_process
onnxruntime,1,874,0.35652299993671477,in_process
onnxruntime,1,875,0.3809159989032196,in_process
onnxruntime,1,876,0.38747200051147956,in_process
onnxruntime,1,877,0.36127000021224376,in_process
onnxruntime,1,878,0.3554920003807638,in_process
onnxruntime,1,879,0.326888999552466,in_process
onnxruntime,1,880,0.37369200072134845,in_process
onnxruntime,1,881,0.41244200110668316,in_process
onnxruntime,1,882,0.3954029998567421,in_process
onnxruntime,1,883,0.35261999983049463,in_process
onnxruntime,1,884,0.3468189988780068,in_process
onnxruntime,1,885,0.34809800126822665,in_process
onnxruntime,1,886,0.3772139989450807,in_process
onnxruntime,1,887,0.3825210005743429,in_process
onnxruntime,1,888,0.35758199919655453,in_process
onnxruntime,1,889,0.3087049990426749,in_process
onnxruntime,1,890,0.3009120009664912,in_process
onnxruntime,1,891,0.37407899981189985,in_process
onnxruntime,1,892,0.44154499846627004,in_process
onnxruntime,1,893,0.43664599979820196,in_process
onnxruntime,1,894,0.35846799983119126,in_process
onnxruntime,1,895,0.32228700001724064,in_process
onnxruntime,1,896,0.30300099933811,in_process
onnxruntime,1,897,0.3470699994068127,in_process
onnxruntime,1,898,0.399046000893577,in_process
onnxruntime,1,899,0.370031999409548,in_process
onnxruntime,1,900,0.35812500027532224,in_process
onnxruntime,1,901,0.36043900036020204,in_process
onnxruntime,1,902,0.34110799970221706,in_process
onnxruntime,1,903,0.40464300036546774,in_process
onnxruntime,1,904,0.3641260009317193,in_process
onnxruntime,1,905,0.3356889992573997,in_process
onnxruntime,1,906,0.32732799991208594,in_process
onnxruntime,1,907,0.3753040000447072,in_process
onnxruntime,1,908,0.42402899998705834,in_process
onnxruntime,1,909,0.40772899956209585,in_process
onnxruntime,1,910,0.3738940013136016,in_process
onnxruntime,1,911,0.3502649997244589,in_process
onnxruntime,1,912,0.3162740013067378,in_process
onnxruntime,1,913,0.3199599996150937,in_process
onnxruntime,1,914,0.43283299964969046,in_process
onnxruntime,1,915,0.3718690004461678,in_process
onnxruntime,1,916,0.32439799906569533,in_process
onnxruntime,1,917,0.3198489994247211,in_process
onnxruntime,1,918,0.3144980000797659,in_process
onnxruntime,1,919,0.3270460001658648,in_process
onnxruntime,1,920,0.4004809998150449,in_process
onnxruntime,1,921,0.36152899883745704,in_process
onnxruntime,1,922,0.358418001269456,in_process
onnxruntime,1,923,0.2993219986819895,in_process
onnxruntime,1,924,0.33279299896094017,in_process
onnxruntime,1,925,0.40295299913850613,in_process
onnxruntime,1,926,0.40917200021794997,in_process
onnxruntime,1,927,0.34861700078181457,in_process
onnxruntime,1,928,0.3087980003328994,in_process
onnxruntime,1,929,0.31034900166559964,in_process
onnxruntime,1,930,0.3737269998964621,in_process
onnxruntime,1,931,0.38414699884015135,in_process
onnxruntime,1,932,0.3694560000440106,in_process
onnxruntime,1,933,0.3522380011418136,in_process
onnxruntime,1,934,0.321777999488404,in_process
onnxruntime,1,935,0.3010500004165806,in_process
onnxruntime,1,936,0.3367239987710491,in_process
onnxruntime,1,937,0.422610000896384,in_process
onnxruntime,1,938,0.36682799873233307,in_process
onnxruntime,1,939,0.34686799881455954,in_process
onnxruntime,1,940,0.31454900090466253,in_process
onnxruntime,1,941,0.32098600058816373,in_process
onnxruntime,1,942,0.32689900035620667,in_process
onnxruntime,1,943,0.37913000051048584,in_process
onnxruntime,1,944,0.3668569988803938,in_process
onnxruntime,1,945,0.3757290014618775,in_process
onnxruntime,1,946,0.3772119998757262,in_process
onnxruntime,1,947,0.3538350010785507,in_process
onnxruntime,1,948,0.4139159991609631,in_process
onnxruntime,1,949,0.40431299930787645,in_process
onnxruntime,1,950,0.4538360008154996,in_process
onnxruntime,1,951,0.39162899884104263,in_process
onnxruntime,1,952,0.379450999389519,in_process
onnxruntime,1,953,0.4157250004936941,in_process
onnxruntime,1,954,0.34384099853923544,in_process
onnxruntime,1,955,0.3215220003767172,in_process
onnxruntime,1,956,0.32980799915094394,in_process
onnxruntime,1,957,0.38179900002432987,in_process
onnxruntime,1,958,0.41885199971147813,in_process
onnxruntime,1,959,0.39909800034365617,in_process
onnxruntime,1,960,0.40475900095771067,in_process
onnxruntime,1,961,0.39125100011006,in_process
onnxruntime,1,962,0.3784729997278191,in_process
onnxruntime,1,963,0.3719139986060327,in_process
onnxruntime,1,964,0.3531099991960218,in_process
onnxruntime,1,965,0.35896000008506235,in_process
onnxruntime,1,966,0.39045000085025094,in_process
onnxruntime,1,967,0.35597399983089417,in_process
onnxruntime,1,968,0.3540130001056241,in_process
onnxruntime,1,969,0.39135400038503576,in_process
onnxruntime,1,970,0.3422110003157286,in_process
onnxruntime,1,971,0.32641799953125883,in_process
onnxruntime,1,972,0.3632039988588076,in_process
onnxruntime,1,973,0.41229999987990595,in_process
onnxruntime,1,974,0.42045499867526814,in_process
onnxruntime,1,975,0.37745900044683367,in_process
onnxruntime,1,976,0.3594169993448304,in_process
onnxruntime,1,977,0.33264699959545396,in_process
onnxruntime,1,978,0.3478320013527991,in_process
onnxruntime,1,979,0.5827120003232267,in_process
onnxruntime,1,980,0.36777199966309126,in_process
onnxruntime,1,981,0.3034569999726955,in_process
onnxruntime,1,982,0.28529400151455775,in_process
onnxruntime,1,983,0.2636640001583146,in_process
onnxruntime,1,984,0.2713030007726047,in_process
onnxruntime,1,985,0.26436799998919014,in_process
onnxruntime,1,986,0.2653150004334748,in_process
onnxruntime,1,987,0.2541029989515664,in_process
onnxruntime,1,988,0.30772299942327663,in_process
onnxruntime,1,989,0.2818359989760211,in_process
onnxruntime,1,990,0.2708060001168633,in_process
onnxruntime,1,991,0.2656130000104895,in_process
onnxruntime,1,992,0.252247000389616,in_process
onnxruntime,1,993,0.3135150000161957,in_process
onnxruntime,1,994,0.3133910013275454,in_process
onnxruntime,1,995,0.26821399842447136,in_process
onnxruntime,1,996,0.26352099848736543,in_process
onnxruntime,1,997,0.2730679989326745,in_process
onnxruntime,1,998,0.2625699999043718,in_process
onnxruntime,1,999,0.26116700064449105,in_process
onnxruntime,2,0,5.3921510007057805,in_process
onnxruntime,2,1,1.3001229999645147,in_process
onnxruntime,2,2,0.34334700103499927,in_process
onnxruntime,2,3,0.30034799965505954,in_process
onnxruntime,2,4,0.3122239995718701,in_process
onnxruntime,2,5,0.30171800062817056,in_process
onnxruntime,2,6,0.29077499857521616,in_process
onnxruntime,2,7,0.27015500018023886,in_process
onnxruntime,2,8,0.26970699946105015,in_process
onnxruntime,2,9,0.29285999880812597,in_process
onnxruntime,2,10,0.2677989996300312,in_process
onnxruntime,2,11,0.2715339996939292,in_process
onnxruntime,2,12,0.27349599986337125,in_process
onnxruntime,2,13,0.3874809990520589,in_process
onnxruntime,2,14,0.3144350012007635,in_process
onnxruntime,2,15,0.276155000392464,in_process
onnxruntime,2,16,0.2641299997776514,in_process
onnxruntime,2,17,0.36401299985300284,in_process
onnxruntime,2,18,0.33166600042022765,in_process
onnxruntime,2,19,0.2985800001624739,in_process
onnxruntime,2,20,0.27281900111120194,in_process
onnxruntime,2,21,0.2721189994190354,in_process
onnxruntime,2,22,0.26234799952362664,in_process
onnxruntime,2,23,0.2613630003907019,in_process
onnxruntime,2,24,0.27399999999033753,in_process
onnxruntime,2,25,0.2581079988885904,in_process
onnxruntime,2,26,0.25310300043202005,in_process
onnxruntime,2,27,0.26265999986208044,in_process
onnxruntime,2,28,0.2732230004767189,in_process
onnxruntime,2,29,0.25109899979725014,in_process
onnxruntime,2,30,0.30303099993034266,in_process
onnxruntime,2,31,0.45105800018063746,in_process
onnxruntime,2,32,0.2950310008600354,in_process
onnxruntime,2,33,0.2935329994215863,in_process
onnxruntime,2,34,0.29127500056347344,in_process
onnxruntime,2,35,0.263059999269899,in_process
onnxruntime,2,36,0.2568420004536165,in_process
onnxruntime,2,37,0.27986799977952614,in_process
onnxruntime,2,38,0.2838990003510844,in_process
onnxruntime,2,39,0.26426300064485986,in_process
onnxruntime,2,40,0.26340600015828386,in_process
onnxruntime,2,41,0.2739200008363696,in_process
onnxruntime,2,42,0.26359800176578574,in_process
onnxruntime,2,43,0.30229299954953603,in_process
onnxruntime,2,44,0.7571200003440026,in_process
onnxruntime,2,45,0.28446700162021443,in_process
onnxruntime,2,46,0.2613500000734348,in_process
onnxruntime,2,47,0.38532200051122345,in_process
onnxruntime,2,48,0.27715699980035424,in_process
onnxruntime,2,49,0.26186600007349625,in_process
onnxruntime,2,50,0.294896999548655,in_process
onnxruntime,2,51,0.2660450008988846,in_process
onnxruntime,2,52,0.2587630006019026,in_process
onnxruntime,2,53,0.26050000087707303,in_process
onnxruntime,2,54,0.28417999965313356,in_process
onnxruntime,2,55,0.261207000221475,in_process
onnxruntime,2,56,0.2669219993549632,in_process
onnxruntime,2,57,0.2650099995662458,in_process
onnxruntime,2,58,0.3122809994238196,in_process
onnxruntime,2,59,0.26367299869889393,in_process
onnxruntime,2,60,0.25912700039043557,in_process
onnxruntime,2,61,0.28839599872299004,in_process
onnxruntime,2,62,0.27061500077252276,in_process
onnxruntime,2,63,0.28827899950556457,in_process
onnxruntime,2,64,0.26729999990493525,in_process
onnxruntime,2,65,0.2693960013857577,in_process
onnxruntime,2,66,0.2566579987615114,in_process
onnxruntime,2,67,0.27844800024467986,in_process
onnxruntime,2,68,0.27316200066707097,in_process
onnxruntime,2,69,0.26420399990456644,in_process
onnxruntime,2,70,0.2594479992694687,in_process
onnxruntime,2,71,0.26751900077215396,in_process
onnxruntime,2,72,0.28055700022378005,in_process
onnxruntime,2,73,0.2742469987424556,in_process
onnxruntime,2,74,0.27538600079424214,in_process
onnxruntime,2,75,0.26475300001038704,in_process
onnxruntime,2,76,0.2743199984251987,in_process
onnxruntime,2,77,0.26123200041183736,in_process
onnxruntime,2,78,2.704194999751053,in_process
onnxruntime,2,79,0.3537600005074637,in_process
onnxruntime,2,80,0.29899299988755956,in_process
onnxruntime,2,81,0.2758610007731477,in_process
onnxruntime,2,82,0.25366099907842,in_process
onnxruntime,2,83,0.24897000002965797,in_process
onnxruntime,2,84,0.29652100056409836,in_process
onnxruntime,2,85,0.28700300026685,in_process
onnxruntime,2,86,0.25392399948032107,in_process
onnxruntime,2,87,0.25852699945971835,in_process
onnxruntime,2,88,0.26489700030651875,in_process
onnxruntime,2,89,0.2598450009827502,in_process
onnxruntime,2,90,0.26049000007333234,in_process
onnxruntime,2,91,0.2891609983635135,in_process
onnxruntime,2,92,0.43047200051660184,in_process
onnxruntime,2,93,0.28762200054188725,in_process
onnxruntime,2,94,0.26381700081401505,in_process
onnxruntime,2,95,0.2774179993139114,in_process
onnxruntime,2,96,0.2751689989963779,in_process
onnxruntime,2,97,0.25670099967101123,in_process
onnxruntime,2,98,0.2563560010457877,in_process
onnxruntime,2,99,0.2657960012584226,in_process
onnxruntime,2,100,0.27665499874274246,in_process
onnxruntime,2,101,0.26102099946001545,in_process
onnxruntime,2,102,0.24581300021964125,in_process
onnxruntime,2,103,0.2526380012568552,in_process
onnxruntime,2,104,0.2615650009829551,in_process
onnxruntime,2,105,0.249063999945065,in_process
onnxruntime,2,106,0.2485450004314771,in_process
onnxruntime,2,107,0.32922500031418167,in_process
onnxruntime,2,108,0.2705220013012877,in_process
onnxruntime,2,109,0.2679900007933611,in_process
onnxruntime,2,110,0.2577169998403406,in_process
onnxruntime,2,111,0.2644320011313539,in_process
onnxruntime,2,112,0.2524169995012926,in_process
onnxruntime,2,113,0.24777599901426584,in_process
onnxruntime,2,114,0.261377001152141,in_process
onnxruntime,2,115,0.27187699924979825,in_process
onnxruntime,2,116,0.25975300013669766,in_process
onnxruntime,2,117,0.25091099996643607,in_process
onnxruntime,2,118,0.2557219995651394,in_process
onnxruntime,2,119,0.26711200007412117,in_process
onnxruntime,2,120,0.2567749997979263,in_process
onnxruntime,2,121,0.2488310001353966,in_process
onnxruntime,2,122,0.2816220003296621,in_process
onnxruntime,2,123,0.27193599999009166,in_process
onnxruntime,2,124,0.25340699903608765,in_process
onnxruntime,2,125,0.25611000091885217,in_process
onnxruntime,2,126,0.2541919984651031,in_process
onnxruntime,2,127,0.27014899933419656,in_process
onnxruntime,2,128,0.2562650006439071,in_process
onnxruntime,2,129,0.26114899992535356,in_process
onnxruntime,2,130,0.2528690001781797,in_process
onnxruntime,2,131,0.27109900111099705,in_process
onnxruntime,2,132,0.26218200036964845,in_process
onnxruntime,2,133,0.2578999992692843,in_process
onnxruntime,2,134,0.24957700043160003,in_process
onnxruntime,2,135,0.2649710004334338,in_process
onnxruntime,2,136,0.2504210006009089,in_process
onnxruntime,2,137,0.27871099882759154,in_process
onnxruntime,2,138,0.25953399926947895,in_process
onnxruntime,2,139,0.25777500013646204,in_process
onnxruntime,2,140,0.24920699979702476,in_process
onnxruntime,2,141,0.2520889993320452,in_process
onnxruntime,2,142,0.24935399960668292,in_process
onnxruntime,2,143,0.26403400079288986,in_process
onnxruntime,2,144,0.24416999985987786,in_process
onnxruntime,2,145,0.27107700043416116,in_process
onnxruntime,2,146,0.2598129995021736,in_process
onnxruntime,2,147,0.2486239991412731,in_process
onnxruntime,2,148,0.2684070004761452,in_process
onnxruntime,2,149,0.27148800108989235,in_process
onnxruntime,2,150,0.25309899865533225,in_process
onnxruntime,2,151,0.2504250005586073,in_process
onnxruntime,2,152,0.28931999986525625,in_process
onnxruntime,2,153,0.3734189995157067,in_process
onnxruntime,2,154,0.26714199884736445,in_process
onnxruntime,2,155,0.2848539988917764,in_process
onnxruntime,2,156,0.2912979998654919,in_process
onnxruntime,2,157,0.25781200019991957,in_process
onnxruntime,2,158,0.2527899996493943,in_process
onnxruntime,2,159,0.27983800100628287,in_process
onnxruntime,2,160,0.25540499882481527,in_process
onnxruntime,2,161,0.2514410007279366,in_process
onnxruntime,2,162,0.24880999990273267,in_process
onnxruntime,2,163,0.2743779987213202,in_process
onnxruntime,2,164,0.25735800045367796,in_process
onnxruntime,2,165,0.24995200146804564,in_process
onnxruntime,2,166,0.24415200095972978,in_process
onnxruntime,2,167,0.29775700022582896,in_process
onnxruntime,2,168,0.2584350004326552,in_process
onnxruntime,2,169,0.2509010009816848,in_process
onnxruntime,2,170,0.24856199888745323,in_process
onnxruntime,2,171,0.27828000020235777,in_process
onnxruntime,2,172,0.25701900085550733,in_process
onnxruntime,2,173,0.24655100060044788,in_process
onnxruntime,2,174,0.25726899912115186,in_process
onnxruntime,2,175,0.2820730005623773,in_process
onnxruntime,2,176,0.255754001045716,in_process
onnxruntime,2,177,0.24921899967011996,in_process
onnxruntime,2,178,0.2861440007109195,in_process
onnxruntime,2,179,0.2591359989310149,in_process
onnxruntime,2,180,0.24744999973336235,in_process
onnxruntime,2,181,0.2442759996483801,in_process
onnxruntime,2,182,0.3684229995997157,in_process
onnxruntime,2,183,0.2643879997776821,in_process
onnxruntime,2,184,0.25101800019911025,in_process
onnxruntime,2,185,0.2482999989297241,in_process
onnxruntime,2,186,0.27602899899648037,in_process
onnxruntime,2,187,0.2539939996495377,in_process
onnxruntime,2,188,0.25001900030474644,in_process
onnxruntime,2,189,0.2543049995438196,in_process
onnxruntime,2,190,0.268129999312805,in_process
onnxruntime,2,191,0.24957700043160003,in_process
onnxruntime,2,192,0.25963299958675634,in_process
onnxruntime,2,193,0.2595109999674605,in_process
onnxruntime,2,194,0.24802799998724367,in_process
onnxruntime,2,195,0.24751499950070865,in_process
onnxruntime,2,196,0.2666119999048533,in_process
onnxruntime,2,197,0.292266999167623,in_process
onnxruntime,2,198,0.26293999871995766,in_process
onnxruntime,2,199,0.2502249990357086,in_process
onnxruntime,2,200,0.25923400062310975,in_process
onnxruntime,2,201,0.301226998999482,in_process
onnxruntime,2,202,0.26090400024259,in_process
onnxruntime,2,203,0.2705229999264702,in_process
onnxruntime,2,204,0.27209200015931856,in_process
onnxruntime,2,205,0.2598310002213111,in_process
onnxruntime,2,206,0.25524299962853547,in_process
onnxruntime,2,207,0.2962420003314037,in_process
onnxruntime,2,208,0.2833990001818165,in_process
onnxruntime,2,209,0.2644599990162533,in_process
onnxruntime,2,210,0.26429900026414543,in_process
onnxruntime,2,211,0.3142989990010392,in_process
onnxruntime,2,212,0.29857799927413,in_process
onnxruntime,2,213,0.2633889998833183,in_process
onnxruntime,2,214,0.2649369998835027,in_process
onnxruntime,2,215,0.27773099827754777,in_process
onnxruntime,2,216,0.25792900123633444,in_process
onnxruntime,2,217,0.25572900085535366,in_process
onnxruntime,2,218,0.29025999901932664,in_process
onnxruntime,2,219,0.2747920007095672,in_process
onnxruntime,2,220,0.25825100055953953,in_process
onnxruntime,2,221,0.2568460004113149,in_process
onnxruntime,2,222,0.2630770013638539,in_process
onnxruntime,2,223,0.2686139996512793,in_process
onnxruntime,2,224,0.263687999904505,in_process
onnxruntime,2,225,0.2604809997137636,in_process
onnxruntime,2,226,0.2723179986787727,in_process
onnxruntime,2,227,0.2861780012608506,in_process
onnxruntime,2,228,0.26533100026426837,in_process
onnxruntime,2,229,0.27159700039192103,in_process
onnxruntime,2,230,0.27370899988454767,in_process
onnxruntime,2,231,0.25737199939612765,in_process
onnxruntime,2,232,0.25425599960726686,in_process
onnxruntime,2,233,0.279435998891131,in_process
onnxruntime,2,234,0.2722970002650982,in_process
onnxruntime,2,235,0.2573710007709451,in_process
onnxruntime,2,236,0.25418699988222215,in_process
onnxruntime,2,237,0.2739179999480257,in_process
onnxruntime,2,238,0.2697509989957325,in_process
onnxruntime,2,239,0.25401099992450327,in_process
onnxruntime,2,240,0.26073099979839753,in_process
onnxruntime,2,241,0.278461000561947,in_process
onnxruntime,2,242,0.2818850007315632,in_process
onnxruntime,2,243,0.26064599842356984,in_process
onnxruntime,2,244,0.2692260004550917,in_process
onnxruntime,2,245,0.2750230014498811,in_process
onnxruntime,2,246,0.25566399926901795,in_process
onnxruntime,2,247,0.2679449989955174,in_process
onnxruntime,2,248,0.272952000159421,in_process
onnxruntime,2,249,0.2701009998418158,in_process
onnxruntime,2,250,0.2731099993980024,in_process
onnxruntime,2,251,0.25699499929032754,in_process
onnxruntime,2,252,0.2613399992696941,in_process
onnxruntime,2,253,0.2572699995653238,in_process
onnxruntime,2,254,0.30891700043866877,in_process
onnxruntime,2,255,0.2706220002437476,in_process
onnxruntime,2,256,0.2819940000335919,in_process
onnxruntime,2,257,0.2858360003301641,in_process
onnxruntime,2,258,0.26372399952379055,in_process
onnxruntime,2,259,0.2581370008556405,in_process
onnxruntime,2,260,0.2688470012799371,in_process
onnxruntime,2,261,0.28051000117557123,in_process
onnxruntime,2,262,0.2617150003061397,in_process
onnxruntime,2,263,0.2595770001789788,in_process
onnxruntime,2,264,0.2580399996077176,in_process
onnxruntime,2,265,0.2665110005182214,in_process
onnxruntime,2,266,0.2535349995014258,in_process
onnxruntime,2,267,0.2621749990794342,in_process
onnxruntime,2,268,0.25597199964977335,in_process
onnxruntime,2,269,0.284068999462761,in_process
onnxruntime,2,270,0.27042600049753673,in_process
onnxruntime,2,271,0.2930919999926118,in_process
onnxruntime,2,272,0.277430001005996,in_process
onnxruntime,2,273,0.25917499988281634,in_process
onnxruntime,2,274,0.2529869998397771,in_process
onnxruntime,2,275,0.2742369997577043,in_process
onnxruntime,2,276,0.269235999439843,in_process
onnxruntime,2,277,0.26128200079256203,in_process
onnxruntime,2,278,0.26469200020073913,in_process
onnxruntime,2,279,0.2560399989306461,in_process
onnxruntime,2,280,0.2688789991225349,in_process
onnxruntime,2,281,0.26579499899526127,in_process
onnxruntime,2,282,0.26371199965069536,in_process
onnxruntime,2,283,0.2598310002213111,in_process
onnxruntime,2,284,0.27077899903815705,in_process
onnxruntime,2,285,0.25414000083401334,in_process
onnxruntime,2,286,0.28280900005484,in_process
onnxruntime,2,287,0.26946999969368335,in_process
onnxruntime,2,288,0.25587100026314147,in_process
onnxruntime,2,289,0.25496300077065825,in_process
onnxruntime,2,290,0.2650099995662458,in_process
onnxruntime,2,291,0.2766010002233088,in_process
onnxruntime,2,292,0.26342199998907745,in_process
onnxruntime,2,293,0.26926500140689313,in_process
onnxruntime,2,294,0.25963300140574574,in_process
onnxruntime,2,295,0.2660709997144295,in_process
onnxruntime,2,296,0.2586660011729691,in_process
onnxruntime,2,297,0.2791619990603067,in_process
onnxruntime,2,298,0.2592310011095833,in_process
onnxruntime,2,299,0.27235299967287574,in_process
onnxruntime,2,300,0.2611359996080864,in_process
onnxruntime,2,301,0.28404600016074255,in_process
onnxruntime,2,302,0.3191310006513959,in_process
onnxruntime,2,303,0.28712600033031777,in_process
onnxruntime,2,304,0.28589599969564006,in_process
onnxruntime,2,305,0.26599699958751444,in_process
onnxruntime,2,306,0.25697100136312656,in_process
onnxruntime,2,307,0.2559530003054533,in_process
onnxruntime,2,308,0.27926999973715283,in_process
onnxruntime,2,309,0.2596790000097826,in_process
onnxruntime,2,310,0.262274001215701,in_process
onnxruntime,2,311,0.25698299941723235,in_process
onnxruntime,2,312,0.2897550002671778,in_process
onnxruntime,2,313,0.2667700009624241,in_process
onnxruntime,2,314,0.25751800058060326,in_process
onnxruntime,2,315,0.27345099988451693,in_process
onnxruntime,2,316,0.3010000000358559,in_process
onnxruntime,2,317,0.2584889989520889,in_process
onnxruntime,2,318,0.25216500034730416,in_process
onnxruntime,2,319,0.28086299971619155,in_process
onnxruntime,2,320,0.25844199990388006,in_process
onnxruntime,2,321,0.25240800096071325,in_process
onnxruntime,2,322,0.24966300043161027,in_process
onnxruntime,2,323,0.28002399994875304,in_process
onnxruntime,2,324,0.2640019993123133,in_process
onnxruntime,2,325,0.2506260007066885,in_process
onnxruntime,2,326,0.2648560002853628,in_process
onnxruntime,2,327,0.2771540002868278,in_process
onnxruntime,2,328,0.25688400091894437,in_process
onnxruntime,2,329,0.2519490008126013,in_process
onnxruntime,2,330,0.2635079999890877,in_process
onnxruntime,2,331,0.2927269997599069,in_process
onnxruntime,2,332,0.25798999922699295,in_process
onnxruntime,2,333,0.2541070007282542,in_process
onnxruntime,2,334,0.2718760006246157,in_process
onnxruntime,2,335,0.2599809995444957,in_process
onnxruntime,2,336,0.25447899861319456,in_process
onnxruntime,2,337,0.2520359994377941,in_process
onnxruntime,2,338,0.27902900001208764,in_process
onnxruntime,2,339,0.27460399905976374,in_process
onnxruntime,2,340,0.2527489996282384,in_process
onnxruntime,2,341,0.25137699958577286,in_process
onnxruntime,2,342,0.27334400147083215,in_process
onnxruntime,2,343,0.25713700051710475,in_process
onnxruntime,2,344,0.2614820004964713,in_process
onnxruntime,2,345,0.2660919999470934,in_process
onnxruntime,2,346,0.2868189985747449,in_process
onnxruntime,2,347,0.26227799935441,in_process
onnxruntime,2,348,0.2525609997974243,in_process
onnxruntime,2,349,0.26463799986231606,in_process
onnxruntime,2,350,0.2750510011537699,in_process
onnxruntime,2,351,0.2640669990796596,in_process
onnxruntime,2,352,0.2631309998832876,in_process
onnxruntime,2,353,0.2640249986143317,in_process
onnxruntime,2,354,0.25429400011489633,in_process
onnxruntime,2,355,0.2644790001795627,in_process
onnxruntime,2,356,0.2631509996717796,in_process
onnxruntime,2,357,0.282828999843332,in_process
onnxruntime,2,358,0.2637679990584729,in_process
onnxruntime,2,359,0.28236799880687613,in_process
onnxruntime,2,360,0.2790489998005796,in_process
onnxruntime,2,361,0.27487599982123356,in_process
onnxruntime,2,362,0.26917200011666864,in_process
onnxruntime,2,363,0.27840900111186784,in_process
onnxruntime,2,364,0.2695849998417543,in_process
onnxruntime,2,365,0.2572539997345302,in_process
onnxruntime,2,366,0.26613099907990545,in_process
onnxruntime,2,367,0.2639049998833798,in_process
onnxruntime,2,368,0.27228199905948713,in_process
onnxruntime,2,369,0.2547309995861724,in_process
onnxruntime,2,370,0.26595900089887436,in_process
onnxruntime,2,371,0.27015500018023886,in_process
onnxruntime,2,372,0.2559060012572445,in_process
onnxruntime,2,373,0.2556179988459917,in_process
onnxruntime,2,374,0.2677020002010977,in_process
onnxruntime,2,375,0.26929600062430836,in_process
onnxruntime,2,376,0.2757740003289655,in_process
onnxruntime,2,377,0.25699700017867144,in_process
onnxruntime,2,378,0.266851000560564,in_process
onnxruntime,2,379,0.26597699979902245,in_process
onnxruntime,2,380,0.2526030002627522,in_process
onnxruntime,2,381,0.25383200045325793,in_process
onnxruntime,2,382,0.26124199939658865,in_process
onnxruntime,2,383,0.2698170010262402,in_process
onnxruntime,2,384,0.25974299933295697,in_process
onnxruntime,2,385,0.27925799986405764,in_process
onnxruntime,2,386,0.2703520003706217,in_process
onnxruntime,2,387,0.2564250007708324,in_process
onnxruntime,2,388,0.2520239995646989,in_process
onnxruntime,2,389,0.2856209994206438,in_process
onnxruntime,2,390,0.2906600002461346,in_process
onnxruntime,2,391,0.2756630001385929,in_process
onnxruntime,2,392,0.2582580000307644,in_process
onnxruntime,2,393,0.2695080002013128,in_process
onnxruntime,2,394,0.2681990008568391,in_process
onnxruntime,2,395,0.25354700119351037,in_process
onnxruntime,2,396,0.2552620007918449,in_process
onnxruntime,2,397,0.2877590013667941,in_process
onnxruntime,2,398,0.27744299950427376,in_process
onnxruntime,2,399,0.2554659986344632,in_process
onnxruntime,2,400,0.2603859993541846,in_process
onnxruntime,2,401,0.2715989994612755,in_process
onnxruntime,2,402,0.26813099975697696,in_process
onnxruntime,2,403,0.2708430001803208,in_process
onnxruntime,2,404,0.26316699950257316,in_process
onnxruntime,2,405,0.2827099997375626,in_process
onnxruntime,2,406,0.2647239998623263,in_process
onnxruntime,2,407,0.2705039987631608,in_process
onnxruntime,2,408,0.2796260014292784,in_process
onnxruntime,2,409,0.2774620006675832,in_process
onnxruntime,2,410,0.3500120001262985,in_process
onnxruntime,2,411,0.2653920000739163,in_process
onnxruntime,2,412,0.2733350011112634,in_process
onnxruntime,2,413,0.27219499861530494,in_process
onnxruntime,2,414,0.26212499869870953,in_process
onnxruntime,2,415,0.25339300009363797,in_process
onnxruntime,2,416,0.2645490003487794,in_process
onnxruntime,2,417,0.27624699941952713,in_process
onnxruntime,2,418,0.2646280008775648,in_process
onnxruntime,2,419,0.25995499890996143,in_process
onnxruntime,2,420,0.29901299967605155,in_process
onnxruntime,2,421,0.280463000308373,in_process
onnxruntime,2,422,0.26801900094142184,in_process
onnxruntime,2,423,0.26721300127974246,in_process
onnxruntime,2,424,0.2749579998635454,in_process
onnxruntime,2,425,0.27078899984189775,in_process
onnxruntime,2,426,0.2705610004340997,in_process
onnxruntime,2,427,0.28168300013931,in_process
onnxruntime,2,428,0.2766009984043194,in_process
onnxruntime,2,429,0.27374499950383324,in_process
onnxruntime,2,430,0.2850519995263312,in_process
onnxruntime,2,431,0.3063220010517398,in_process
onnxruntime,2,432,0.27134399897477124,in_process
onnxruntime,2,433,0.26135900043300353,in_process
onnxruntime,2,434,0.29376299971772823,in_process
onnxruntime,2,435,0.2787000012176577,in_process
onnxruntime,2,436,0.2658379999047611,in_process
onnxruntime,2,437,0.27232899992668536,in_process
onnxruntime,2,438,0.30336499912664294,in_process
onnxruntime,2,439,0.29864200041629374,in_process
onnxruntime,2,440,0.27005800075130537,in_process
onnxruntime,2,441,0.27551399944059085,in_process
onnxruntime,2,442,0.279167999906349,in_process
onnxruntime,2,443,0.26989100115315523,in_process
onnxruntime,2,444,0.26260799859301187,in_process
onnxruntime,2,445,0.2726420007093111,in_process
onnxruntime,2,446,0.2887780010496499,in_process
onnxruntime,2,447,0.27321199922880623,in_process
onnxruntime,2,448,0.27166600011696573,in_process
onnxruntime,2,449,0.29194400121923536,in_process
onnxruntime,2,450,0.2744369994616136,in_process
onnxruntime,2,451,0.264545000391081,in_process
onnxruntime,2,452,0.27830200087919366,in_process
onnxruntime,2,453,0.2808999997796491,in_process
onnxruntime,2,454,0.2802969993354054,in_process
onnxruntime,2,455,5.929489001573529,in_process
onnxruntime,2,456,1.1790900007326854,in_process
onnxruntime,2,457,0.3404500002943678,in_process
onnxruntime,2,458,0.29079100022499915,in_process
onnxruntime,2,459,0.26102100127900485,in_process
onnxruntime,2,460,0.2854169997590361,in_process
onnxruntime,2,461,0.2631839997775387,in_process
onnxruntime,2,462,0.2568419986346271,in_process
onnxruntime,2,463,0.2547249987401301,in_process
onnxruntime,2,464,0.29776900009892415,in_process
onnxruntime,2,465,0.26558799982012715,in_process
onnxruntime,2,466,0.25328499941679183,in_process
onnxruntime,2,467,0.2620619998197071,in_process
onnxruntime,2,468,0.29455300136760343,in_process
onnxruntime,2,469,0.2624379994813353,in_process
onnxruntime,2,470,0.2520559992262861,in_process
onnxruntime,2,471,0.28731999918818474,in_process
onnxruntime,2,472,0.2605699992273003,in_process
onnxruntime,2,473,0.25918699975591153,in_process
onnxruntime,2,474,0.2550210010667797,in_process
onnxruntime,2,475,0.2927530003944412,in_process
onnxruntime,2,476,0.26265199994668365,in_process
onnxruntime,2,477,0.25491199994576164,in_process
onnxruntime,2,478,0.25132399969152175,in_process
onnxruntime,2,479,0.29244799952721223,in_process
onnxruntime,2,480,0.26162100039073266,in_process
onnxruntime,2,481,0.25096900026255753,in_process
onnxruntime,2,482,0.27698099984263536,in_process
onnxruntime,2,483,0.285248999716714,in_process
onnxruntime,2,484,0.2559929998824373,in_process
onnxruntime,2,485,0.26678299946070183,in_process
onnxruntime,2,486,0.2971989997604396,in_process
onnxruntime,2,487,0.2651449995028088,in_process
onnxruntime,2,488,0.2535339990572538,in_process
onnxruntime,2,489,0.25001299945870414,in_process
onnxruntime,2,490,0.28956700043636374,in_process
onnxruntime,2,491,0.2547860003687674,in_process
onnxruntime,2,492,0.276328999461839,in_process
onnxruntime,2,493,0.26437999986228533,in_process
onnxruntime,2,494,0.2545060015108902,in_process
onnxruntime,2,495,0.25211399952240754,in_process
onnxruntime,2,496,0.25906399969244376,in_process
onnxruntime,2,497,0.25992100017901976,in_process
onnxruntime,2,498,0.2832329992088489,in_process
onnxruntime,2,499,0.2779360002023168,in_process
onnxruntime,2,500,0.270475999059272,in_process
onnxruntime,2,501,0.2660079990164377,in_process
onnxruntime,2,502,0.25678400015749503,in_process
onnxruntime,2,503,0.2589860014268197,in_process
onnxruntime,2,504,0.2552330006437842,in_process
onnxruntime,2,505,0.26019399956567213,in_process
onnxruntime,2,506,0.25098199876083527,in_process
onnxruntime,2,507,0.2619480001158081,in_process
onnxruntime,2,508,0.2562429999670712,in_process
onnxruntime,2,509,0.26296999931219034,in_process
onnxruntime,2,510,0.24755300000833813,in_process
onnxruntime,2,511,0.3412950009078486,in_process
onnxruntime,2,512,0.3845920000458136,in_process
onnxruntime,2,513,0.3204570002708351,in_process
onnxruntime,2,514,0.28247600130271167,in_process
onnxruntime,2,515,0.29384399931586813,in_process
onnxruntime,2,516,0.2583310015324969,in_process
onnxruntime,2,517,0.2802119997795671,in_process
onnxruntime,2,518,0.27306199990562163,in_process
onnxruntime,2,519,0.26928599982056767,in_process
onnxruntime,2,520,0.25470399850746617,in_process
onnxruntime,2,521,0.2700120003282791,in_process
onnxruntime,2,522,0.2585830006864853,in_process
onnxruntime,2,523,0.2631290008139331,in_process
onnxruntime,2,524,0.2546460000303341,in_process
onnxruntime,2,525,0.2688670010684291,in_process
onnxruntime,2,526,0.2725000013015233,in_process
onnxruntime,2,527,0.2839619992300868,in_process
onnxruntime,2,528,0.26053500005218666,in_process
onnxruntime,2,529,0.28079000003344845,in_process
onnxruntime,2,530,0.26734700077213347,in_process
onnxruntime,2,531,0.25581600129953586,in_process
onnxruntime,2,532,0.2835020004567923,in_process
onnxruntime,2,533,0.25930900119419675,in_process
onnxruntime,2,534,0.272418999884394,in_process
onnxruntime,2,535,0.254462998782401,in_process
onnxruntime,2,536,0.2681940004549688,in_process
onnxruntime,2,537,0.2667740009201225,in_process
onnxruntime,2,538,0.2723479992710054,in_process
onnxruntime,2,539,0.2616340007079998,in_process
onnxruntime,2,540,0.26936700123769697,in_process
onnxruntime,2,541,0.26996400083589833,in_process
onnxruntime,2,542,0.27815599969471805,in_process
onnxruntime,2,543,0.2892930006055394,in_process
onnxruntime,2,544,0.2747840007941704,in_process
onnxruntime,2,545,0.2758210011961637,in_process
onnxruntime,2,546,0.2599359995656414,in_process
onnxruntime,2,547,0.28589999965333845,in_process
onnxruntime,2,548,0.27923400011786725,in_process
onnxruntime,2,549,0.27301399859425146,in_process
onnxruntime,2,550,0.26132099992537405,in_process
onnxruntime,2,551,0.2625479992275359,in_process
onnxruntime,2,552,0.2774280001176521,in_process
onnxruntime,2,553,0.2798929999698885,in_process
onnxruntime,2,554,0.25669900060165673,in_process
onnxruntime,2,555,0.25552800070727244,in_process
onnxruntime,2,556,0.3215790002286667,in_process
onnxruntime,2,557,0.28194100013934076,in_process
onnxruntime,2,558,0.2607509995868895,in_process
onnxruntime,2,559,0.26659699869924225,in_process
onnxruntime,2,560,0.2743719996942673,in_process
onnxruntime,2,561,0.260180999248405,in_process
onnxruntime,2,562,0.25327499861305114,in_process
onnxruntime,2,563,0.27045300157624297,in_process
onnxruntime,2,564,0.27587499971559737,in_process
onnxruntime,2,565,0.2570059987192508,in_process
onnxruntime,2,566,0.2556749986979412,in_process
onnxruntime,2,567,0.26784599867824,in_process
onnxruntime,2,568,0.2810480000334792,in_process
onnxruntime,2,569,0.25758700030564796,in_process
onnxruntime,2,570,0.2600289990368765,in_process
onnxruntime,2,571,0.29198599986557383,in_process
onnxruntime,2,572,0.26378499933343846,in_process
onnxruntime,2,573,0.25393600117240567,in_process
onnxruntime,2,574,0.26521899962972384,in_process
onnxruntime,2,575,0.27906400100619067,in_process
onnxruntime,2,576,0.29459600045811385,in_process
onnxruntime,2,577,0.3258659999119118,in_process
onnxruntime,2,578,0.2938390007329872,in_process
onnxruntime,2,579,0.2729659991018707,in_process
onnxruntime,2,580,0.2757870006462326,in_process
onnxruntime,2,581,0.278461000561947,in_process
onnxruntime,2,582,0.2789310001389822,in_process
onnxruntime,2,583,0.26376200003142003,in_process
onnxruntime,2,584,0.2551600009610411,in_process
onnxruntime,2,585,0.28767099865945056,in_process
onnxruntime,2,586,0.28473699967435095,in_process
onnxruntime,2,587,0.2635510008985875,in_process
onnxruntime,2,588,0.264393998804735,in_process
onnxruntime,2,589,0.27663000037136953,in_process
onnxruntime,2,590,0.2659680012584431,in_process
onnxruntime,2,591,0.26689100013754796,in_process
onnxruntime,2,592,0.26889499895332847,in_process
onnxruntime,2,593,0.28114700035075657,in_process
onnxruntime,2,594,0.2629160007927567,in_process
onnxruntime,2,595,0.2678950004337821,in_process
onnxruntime,2,596,0.2713429985305993,in_process
onnxruntime,2,597,0.2685010003915522,in_process
onnxruntime,2,598,0.2579379997769138,in_process
onnxruntime,2,599,0.25582200032658875,in_process
onnxruntime,2,600,0.29460999940056354,in_process
onnxruntime,2,601,0.26772700039146,in_process
onnxruntime,2,602,0.26107600024261046,in_process
onnxruntime,2,603,0.26347499988332856,in_process
onnxruntime,2,604,0.2679589997569565,in_process
onnxruntime,2,605,0.2603289995022351,in_process
onnxruntime,2,606,0.2628369984449819,in_process
onnxruntime,2,607,0.27148399931320455,in_process
onnxruntime,2,608,0.2614250006445218,in_process
onnxruntime,2,609,0.25925800036930013,in_process
onnxruntime,2,610,0.27072599914390594,in_process
onnxruntime,2,611,0.26828499903785996,in_process
onnxruntime,2,612,0.2572719986346783,in_process
onnxruntime,2,613,0.2552919995650882,in_process
onnxruntime,2,614,0.319583001328283,in_process
onnxruntime,2,615,0.29541000003519,in_process
onnxruntime,2,616,0.25889800053846557,in_process
onnxruntime,2,617,0.2582640008768067,in_process
onnxruntime,2,618,0.2634510001371382,in_process
onnxruntime,2,619,0.2514750012778677,in_process
onnxruntime,2,620,0.24524899890820961,in_process
onnxruntime,2,621,0.27271600083622616,in_process
onnxruntime,2,622,0.26452600104676094,in_process
onnxruntime,2,623,0.2508429988665739,in_process
onnxruntime,2,624,0.24595899958512746,in_process
onnxruntime,2,625,0.2575449998403201,in_process
onnxruntime,2,626,0.2643309999257326,in_process
onnxruntime,2,627,0.24803099950077012,in_process
onnxruntime,2,628,0.24688499979674816,in_process
onnxruntime,2,629,0.2612960015540011,in_process
onnxruntime,2,630,0.287634999040165,in_process
onnxruntime,2,631,0.25562100017850753,in_process
onnxruntime,2,632,0.24538700017728843,in_process
onnxruntime,2,633,0.2707250005187234,in_process
onnxruntime,2,634,0.2548299999034498,in_process
onnxruntime,2,635,0.24509800095984247,in_process
onnxruntime,2,636,0.24675900021975394,in_process
onnxruntime,2,637,0.2931220005848445,in_process
onnxruntime,2,638,0.2645959993969882,in_process
onnxruntime,2,639,0.25113599986070767,in_process
onnxruntime,2,640,0.2508939996914705,in_process
onnxruntime,2,641,0.2700420009205118,in_process
onnxruntime,2,642,0.2512060000299243,in_process
onnxruntime,2,643,0.24704499992367346,in_process
onnxruntime,2,644,0.2525389991205884,in_process
onnxruntime,2,645,0.4632939999282826,in_process
onnxruntime,2,646,0.2876819999073632,in_process
onnxruntime,2,647,0.2732800003286684,in_process
onnxruntime,2,648,0.29478200121957343,in_process
onnxruntime,2,649,0.27003099967259914,in_process
onnxruntime,2,650,0.2653210012795171,in_process
onnxruntime,2,651,0.28860100064775907,in_process
onnxruntime,2,652,0.28385599944158457,in_process
onnxruntime,2,653,0.2664849998836871,in_process
onnxruntime,2,654,0.259987000390538,in_process
onnxruntime,2,655,0.2971319991047494,in_process
onnxruntime,2,656,0.2686709995032288,in_process
onnxruntime,2,657,0.26412099941808265,in_process
onnxruntime,2,658,0.29658399944310077,in_process
onnxruntime,2,659,0.35081700116279535,in_process
onnxruntime,2,660,0.2921510003943695,in_process
onnxruntime,2,661,0.2706669984036125,in_process
onnxruntime,2,662,0.29549600003520027,in_process
onnxruntime,2,663,0.2848959993571043,in_process
onnxruntime,2,664,0.27429399960965384,in_process
onnxruntime,2,665,0.27414000032877084,in_process
onnxruntime,2,666,0.2725510003074305,in_process
onnxruntime,2,667,0.27588100056163967,in_process
onnxruntime,2,668,0.26734099992609117,in_process
onnxruntime,2,669,0.28161900081613567,in_process
onnxruntime,2,670,0.2719250005611684,in_process
onnxruntime,2,671,0.2884940004150849,in_process
onnxruntime,2,672,0.27396299992688,in_process
onnxruntime,2,673,0.30406800033233594,in_process
onnxruntime,2,674,0.2876540002034744,in_process
onnxruntime,2,675,0.27946699992753565,in_process
onnxruntime,2,676,0.27960099941992667,in_process
onnxruntime,2,677,0.2677529992070049,in_process
onnxruntime,2,678,0.2786009990813909,in_process
onnxruntime,2,679,0.2715110003919108,in_process
onnxruntime,2,680,0.2861739994841628,in_process
onnxruntime,2,681,0.28083899997000117,in_process
onnxruntime,2,682,0.27224800032854546,in_process
onnxruntime,2,683,0.28771899997082073,in_process
onnxruntime,2,684,0.26828900081454776,in_process
onnxruntime,2,685,0.2828680007951334,in_process
onnxruntime,2,686,0.27305799994792324,in_process
onnxruntime,2,687,0.32409199957328383,in_process
onnxruntime,2,688,0.28720900081680156,in_process
onnxruntime,2,689,0.274551000984502,in_process
onnxruntime,2,690,0.3319990009913454,in_process
onnxruntime,2,691,0.2727530008996837,in_process
onnxruntime,2,692,0.2865509995899629,in_process
onnxruntime,2,693,0.28256299992790446,in_process
onnxruntime,2,694,0.2828399992722552,in_process
onnxruntime,2,695,0.30499600143230055,in_process
onnxruntime,2,696,0.2852830002666451,in_process
onnxruntime,2,697,0.2888609997171443,in_process
onnxruntime,2,698,0.2690560013434151,in_process
onnxruntime,2,699,0.2895560010074405,in_process
onnxruntime,2,700,0.2727760002017021,in_process
onnxruntime,2,701,0.31392900018545333,in_process
onnxruntime,2,702,0.3700620000017807,in_process
onnxruntime,2,703,0.27254400083620567,in_process
onnxruntime,2,704,0.2668770011950983,in_process
onnxruntime,2,705,0.2615810008137487,in_process
onnxruntime,2,706,0.30999899900052696,in_process
onnxruntime,2,707,0.2783920008369023,in_process
onnxruntime,2,708,0.2637170000525657,in_process
onnxruntime,2,709,0.2764569999271771,in_process
onnxruntime,2,710,0.27017699903808534,in_process
onnxruntime,2,711,0.28350499997031875,in_process
onnxruntime,2,712,0.25814000036916696,in_process
onnxruntime,2,713,0.2781099992716918,in_process
onnxruntime,2,714,0.26494399935472757,in_process
onnxruntime,2,715,0.3169329993397696,in_process
onnxruntime,2,716,0.2660709997144295,in_process
onnxruntime,2,717,0.2611760010040598,in_process
onnxruntime,2,718,0.2804809992085211,in_process
onnxruntime,2,719,0.2671630008990178,in_process
onnxruntime,2,720,0.2584060002845945,in_process
onnxruntime,2,721,0.2726239999901736,in_process
onnxruntime,2,722,0.2897439990192652,in_process
onnxruntime,2,723,0.26822399922821205,in_process
onnxruntime,2,724,0.25901299886754714,in_process
onnxruntime,2,725,0.2629250011523254,in_process
onnxruntime,2,726,0.30138799957057927,in_process
onnxruntime,2,727,0.3095989995927084,in_process
onnxruntime,2,728,0.27181999939784873,in_process
onnxruntime,2,729,0.33282500044151675,in_process
onnxruntime,2,730,0.27615399994829204,in_process
onnxruntime,2,731,0.2648390000103973,in_process
onnxruntime,2,732,0.27294099891150836,in_process
onnxruntime,2,733,0.28547200054163113,in_process
onnxruntime,2,734,0.2615829998831032,in_process
onnxruntime,2,735,0.26440100009494927,in_process
onnxruntime,2,736,0.28561799990711734,in_process
onnxruntime,2,737,0.2680529996723635,in_process
onnxruntime,2,738,0.2609389994177036,in_process
onnxruntime,2,739,0.26870199872064404,in_process
onnxruntime,2,740,0.312264999593026,in_process
onnxruntime,2,741,0.2885960002458887,in_process
onnxruntime,2,742,0.26255500051775016,in_process
onnxruntime,2,743,0.27321400011715014,in_process
onnxruntime,2,744,0.2961229984066449,in_process
onnxruntime,2,745,0.2630180006235605,in_process
onnxruntime,2,746,0.26856200020120014,in_process
onnxruntime,2,747,0.29010199978074525,in_process
onnxruntime,2,748,0.26593199982016813,in_process
onnxruntime,2,749,0.25846399876172654,in_process
onnxruntime,2,750,0.2761489995464217,in_process
onnxruntime,2,751,0.3459879990259651,in_process
onnxruntime,2,752,0.30179299938026816,in_process
onnxruntime,2,753,0.2649649995873915,in_process
onnxruntime,2,754,0.2942869996331865,in_process
onnxruntime,2,755,0.27844999931403436,in_process
onnxruntime,2,756,0.2642500003275927,in_process
onnxruntime,2,757,0.26942099975713063,in_process
onnxruntime,2,758,0.29220300166343804,in_process
onnxruntime,2,759,0.2657900004123803,in_process
onnxruntime,2,760,0.25871499929053243,in_process
onnxruntime,2,761,0.29473200083884876,in_process
onnxruntime,2,762,0.27132000104757026,in_process
onnxruntime,2,763,0.25778300005185883,in_process
onnxruntime,2,764,0.2529109988245182,in_process
onnxruntime,2,765,0.2730449996306561,in_process
onnxruntime,2,766,0.2660629997990327,in_process
onnxruntime,2,767,0.256556000749697,in_process
onnxruntime,2,768,0.25898900094034616,in_process
onnxruntime,2,769,0.27716099975805264,in_process
onnxruntime,2,770,0.26237699967168737,in_process
onnxruntime,2,771,0.2669749992492143,in_process
onnxruntime,2,772,0.2826609998010099,in_process
onnxruntime,2,773,0.27817000045615714,in_process
onnxruntime,2,774,0.25467900013609324,in_process
onnxruntime,2,775,0.2811679987644311,in_process
onnxruntime,2,776,0.2724719997786451,in_process
onnxruntime,2,777,0.2594520010461565,in_process
onnxruntime,2,778,0.26775800142786466,in_process
onnxruntime,2,779,0.27025199960917234,in_process
onnxruntime,2,780,0.25880200155370403,in_process
onnxruntime,2,781,0.2565159993537236,in_process
onnxruntime,2,782,0.2725530011957744,in_process
onnxruntime,2,783,0.27505799880600534,in_process
onnxruntime,2,784,0.26463599897397216,in_process
onnxruntime,2,785,0.25760700009413995,in_process
onnxruntime,2,786,0.2667879998625722,in_process
onnxruntime,2,787,0.3349430007801857,in_process
onnxruntime,2,788,0.2819439996528672,in_process
onnxruntime,2,789,0.27343699912307784,in_process
onnxruntime,2,790,0.27807899823528714,in_process
onnxruntime,2,791,0.2678840010048589,in_process
onnxruntime,2,792,0.2634939992276486,in_process
onnxruntime,2,793,0.27795900132332463,in_process
onnxruntime,2,794,0.28832499992859084,in_process
onnxruntime,2,795,0.268986999799381,in_process
onnxruntime,2,796,0.26778200117405504,in_process
onnxruntime,2,797,0.29194200033089146,in_process
onnxruntime,2,798,0.2943700001196703,in_process
onnxruntime,2,799,0.26782699933391996,in_process
onnxruntime,2,800,0.3084479994868161,in_process
onnxruntime,2,801,0.3133019999950193,in_process
onnxruntime,2,802,0.27736399897548836,in_process
onnxruntime,2,803,0.26932000037049875,in_process
onnxruntime,2,804,0.2914439992309781,in_process
onnxruntime,2,805,0.2760919996944722,in_process
onnxruntime,2,806,0.2645170006871922,in_process
onnxruntime,2,807,0.2759630006039515,in_process
onnxruntime,2,808,0.2859270007320447,in_process
onnxruntime,2,809,0.2672360005817609,in_process
onnxruntime,2,810,0.3053999989788281,in_process
onnxruntime,2,811,0.28659500094363466,in_process
onnxruntime,2,812,0.3025979985977756,in_process
onnxruntime,2,813,0.28245300018170383,in_process
onnxruntime,2,814,0.2775209995888872,in_process
onnxruntime,2,815,0.2954259998659836,in_process
onnxruntime,2,816,0.2763290012808284,in_process
onnxruntime,2,817,0.26481600070837885,in_process
onnxruntime,2,818,0.38207599936868064,in_process
onnxruntime,2,819,0.36337300116429105,in_process
onnxruntime,2,820,0.2941820002888562,in_process
onnxruntime,2,821,0.3260410012444481,in_process
onnxruntime,2,822,0.2837329993781168,in_process
onnxruntime,2,823,0.266985000052955,in_process
onnxruntime,2,824,0.28479799948399886,in_process
onnxruntime,2,825,0.3049509996344568,in_process
onnxruntime,2,826,0.3167689992551459,in_process
onnxruntime,2,827,0.2754299985099351,in_process
onnxruntime,2,828,0.28322500111244153,in_process
onnxruntime,2,829,0.30933800007915124,in_process
onnxruntime,2,830,0.27813400083687156,in_process
onnxruntime,2,831,0.26962800075125415,in_process
onnxruntime,2,832,0.2819070014083991,in_process
onnxruntime,2,833,0.2805929998430656,in_process
onnxruntime,2,834,0.2666140007931972,in_process
onnxruntime,2,835,0.2734239988058107,in_process
onnxruntime,2,836,0.2770390001387568,in_process
onnxruntime,2,837,0.2809090001392178,in_process
onnxruntime,2,838,0.2645330005179858,in_process
onnxruntime,2,839,0.2777899990178412,in_process
onnxruntime,2,840,0.2858709995052777,in_process
onnxruntime,2,841,0.27046099967265036,in_process
onnxruntime,2,842,0.26839399833988864,in_process
onnxruntime,2,843,0.29621500107168686,in_process
onnxruntime,2,844,0.2938150009867968,in_process
onnxruntime,2,845,0.2687920004973421,in_process
onnxruntime,2,846,0.28371400003379676,in_process
onnxruntime,2,847,0.2880360007111449,in_process
onnxruntime,2,848,0.2781120001600357,in_process
onnxruntime,2,849,0.27672999931382947,in_process
onnxruntime,2,850,0.2697589989111293,in_process
onnxruntime,2,851,0.2894669996749144,in_process
onnxruntime,2,852,0.28011499853164423,in_process
onnxruntime,2,853,0.27807900005427655,in_process
onnxruntime,2,854,0.27599399982136674,in_process
onnxruntime,2,855,0.2759360013442347,in_process
onnxruntime,2,856,0.2656579999893438,in_process
onnxruntime,2,857,0.29023999923083466,in_process
onnxruntime,2,858,0.3217710000171792,in_process
onnxruntime,2,859,0.27571699865802657,in_process
onnxruntime,2,860,0.2932499992311932,in_process
onnxruntime,2,861,0.2881970012822421,in_process
onnxruntime,2,862,0.28024499988532625,in_process
onnxruntime,2,863,0.2626789992064005,in_process
onnxruntime,2,864,0.28223499975865707,in_process
onnxruntime,2,865,0.34466799843357876,in_process
onnxruntime,2,866,0.36392400033946615,in_process
onnxruntime,2,867,0.3054190001421375,in_process
onnxruntime,2,868,0.29694800105062313,in_process
onnxruntime,2,869,0.2759710005193483,in_process
onnxruntime,2,870,0.29194200033089146,in_process
onnxruntime,2,871,0.29630400058522355,in_process
onnxruntime,2,872,0.2786269997159252,in_process
onnxruntime,2,873,0.26774800062412396,in_process
onnxruntime,2,874,0.2845499984687194,in_process
onnxruntime,2,875,0.28562999978021253,in_process
onnxruntime,2,876,0.2738719995249994,in_process
onnxruntime,2,877,0.29072799952700734,in_process
onnxruntime,2,878,0.2778939997369889,in_process
onnxruntime,2,879,0.299281000479823,in_process
onnxruntime,2,880,0.28548699992825277,in_process
onnxruntime,2,881,0.2825760002451716,in_process
onnxruntime,2,882,0.3083689989580307,in_process
onnxruntime,2,883,0.27629999931377824,in_process
onnxruntime,2,884,0.31264400058717,in_process
onnxruntime,2,885,0.27843200041388627,in_process
onnxruntime,2,886,0.26952500047627836,in_process
onnxruntime,2,887,0.2808900007948978,in_process
onnxruntime,2,888,0.2798309997160686,in_process
onnxruntime,2,889,0.26497799990465865,in_process
onnxruntime,2,890,0.2763659995252965,in_process
onnxruntime,2,891,0.30477899963443633,in_process
onnxruntime,2,892,0.27755199880630244,in_process
onnxruntime,2,893,0.2692679991014302,in_process
onnxruntime,2,894,0.2706969989958452,in_process
onnxruntime,2,895,0.294838000627351,in_process
onnxruntime,2,896,0.27287000011710916,in_process
onnxruntime,2,897,0.26599100056046154,in_process
onnxruntime,2,898,0.29105400062690023,in_process
onnxruntime,2,899,0.29755799914710224,in_process
onnxruntime,2,900,0.26751299992611166,in_process
onnxruntime,2,901,0.26053500005218666,in_process
onnxruntime,2,902,0.30303700077638496,in_process
onnxruntime,2,903,0.2685710005607689,in_process
onnxruntime,2,904,0.2608780014270451,in_process
onnxruntime,2,905,0.3016520004166523,in_process
onnxruntime,2,906,0.28619399927265476,in_process
onnxruntime,2,907,0.26890300068771467,in_process
onnxruntime,2,908,0.2665190004336182,in_process
onnxruntime,2,909,6.4307529992220225,in_process
onnxruntime,2,910,1.3750250000157394,in_process
onnxruntime,2,911,0.3531420006765984,in_process
onnxruntime,2,912,0.33282299955317285,in_process
onnxruntime,2,913,0.2993660000356613,in_process
onnxruntime,2,914,0.33555200025148224,in_process
onnxruntime,2,915,0.34970500018971507,in_process
onnxruntime,2,916,0.3157259998260997,in_process
onnxruntime,2,917,0.31306600067182444,in_process
onnxruntime,2,918,0.3024990000994876,in_process
onnxruntime,2,919,0.3075969998462824,in_process
onnxruntime,2,920,0.3095320007560076,in_process
onnxruntime,2,921,0.3009550000570016,in_process
onnxruntime,2,922,0.31327699980465695,in_process
onnxruntime,2,923,0.308433998725377,in_process
onnxruntime,2,924,0.3207950012438232,in_process
onnxruntime,2,925,0.2950199996121228,in_process
onnxruntime,2,926,0.30242699904192705,in_process
onnxruntime,2,927,0.3429440002946649,in_process
onnxruntime,2,928,0.2962750004371628,in_process
onnxruntime,2,929,0.294801999189076,in_process
onnxruntime,2,930,0.2904639986809343,in_process
onnxruntime,2,931,0.2692599991860334,in_process
onnxruntime,2,932,0.26178500047535636,in_process
onnxruntime,2,933,0.27824700009659864,in_process
onnxruntime,2,934,0.27560700073081534,in_process
onnxruntime,2,935,0.265994000073988,in_process
onnxruntime,2,936,0.3047099999093916,in_process
onnxruntime,2,937,0.29821700081811287,in_process
onnxruntime,2,938,0.27211000087845605,in_process
onnxruntime,2,939,0.2613300002849428,in_process
onnxruntime,2,940,0.27427399982116185,in_process
onnxruntime,2,941,0.2865049991669366,in_process
onnxruntime,2,942,0.26724300005298574,in_process
onnxruntime,2,943,0.27287400007480755,in_process
onnxruntime,2,944,0.2684399987629149,in_process
onnxruntime,2,945,0.27379399944038596,in_process
onnxruntime,2,946,0.25916899903677404,in_process
onnxruntime,2,947,0.28257700068934355,in_process
onnxruntime,2,948,0.28126400138717145,in_process
onnxruntime,2,949,0.263763000475592,in_process
onnxruntime,2,950,0.2635060009197332,in_process
onnxruntime,2,951,0.2830659996106988,in_process
onnxruntime,2,952,0.28442300026654266,in_process
onnxruntime,2,953,0.2678480013855733,in_process
onnxruntime,2,954,0.2721410000958713,in_process
onnxruntime,2,955,0.28177500098536257,in_process
onnxruntime,2,956,0.29492800058505964,in_process
onnxruntime,2,957,0.27129800037073437,in_process
onnxruntime,2,958,0.26184800117334817,in_process
onnxruntime,2,959,0.2713409994612448,in_process
onnxruntime,2,960,0.28192299942020327,in_process
onnxruntime,2,961,0.2670699996087933,in_process
onnxruntime,2,962,0.26142200113099534,in_process
onnxruntime,2,963,0.27821100047731306,in_process
onnxruntime,2,964,0.3454910001892131,in_process
onnxruntime,2,965,0.274629999694298,in_process
onnxruntime,2,966,0.27999200028716587,in_process
onnxruntime,2,967,0.325857999996515,in_process
onnxruntime,2,968,0.3402839993214002,in_process
onnxruntime,2,969,0.29513099980249535,in_process
onnxruntime,2,970,0.3063429994654143,in_process
onnxruntime,2,971,0.26891099878412206,in_process
onnxruntime,2,972,0.2569660009612562,in_process
onnxruntime,2,973,0.2700560016819509,in_process
onnxruntime,2,974,0.2943740000773687,in_process
onnxruntime,2,975,0.26459699984116014,in_process
onnxruntime,2,976,0.26446099946042523,in_process
onnxruntime,2,977,0.2639579997776309,in_process
onnxruntime,2,978,0.2727610008150805,in_process
onnxruntime,2,979,0.2616359997773543,in_process
onnxruntime,2,980,0.2695780003705295,in_process
onnxruntime,2,981,0.27769799999077804,in_process
onnxruntime,2,982,0.2695110015338287,in_process
onnxruntime,2,983,0.25845999880402815,in_process
onnxruntime,2,984,0.2883729994209716,in_process
onnxruntime,2,985,0.27978499929304235,in_process
onnxruntime,2,986,0.26354999863542616,in_process
onnxruntime,2,987,0.2649510006449418,in_process
onnxruntime,2,988,0.26150499979848973,in_process
onnxruntime,2,989,0.2739529991231393,in_process
onnxruntime,2,990,0.2603090015327325,in_process
onnxruntime,2,991,0.27644200054055545,in_process
onnxruntime,2,992,0.26978399910149164,in_process
onnxruntime,2,993,0.2637720008351607,in_process
onnxruntime,2,994,0.2570630003901897,in_process
onnxruntime,2,995,0.2695219991437625,in_process
onnxruntime,2,996,0.2750040002865717,in_process
onnxruntime,2,997,0.27627800045593176,in_process
onnxruntime,2,998,0.2633659987623105,in_process
onnxruntime,2,999,0.3767710004467517,in_process
