engine,scenario_id,repeat_id,seed,step,time_s,cmd_vx,cmd_yaw,base_z,base_roll,base_pitch,base_lin_vx,base_ang_yaw,action_l2,action_delta_l2,fallen_flag
physx,constant_forward,0,0,1,0.009999999776482582,1.0,0.0,0.301457941532135,0.038316395749115315,0.0016249347014294926,0.5730035901069641,5.797843933105469,3.1409385204315186,0.0,0
physx,constant_forward,0,0,2,0.019999999552965164,1.0,0.0,0.3050428330898285,0.07623153332174619,0.015333495347094276,0.8813218474388123,4.851720333099365,5.118488788604736,3.2497928142547607,0
physx,constant_forward,0,0,3,0.029999999329447746,1.0,0.0,0.309612512588501,0.1147392221233359,0.024215592689467248,1.1274535655975342,3.2413854598999023,5.559816837310791,2.0511233806610107,0
physx,constant_forward,0,0,4,0.03999999910593033,1.0,0.0,0.3137805163860321,0.1279424828596417,0.011703047646557992,1.2956122159957886,-2.4555511474609375,5.398339748382568,1.613507866859436,0
physx,constant_forward,0,0,5,0.04999999888241291,1.0,0.0,0.31899023056030273,0.11598131317534367,0.019785741296186612,1.5234841108322144,0.03172393888235092,6.3941144943237305,2.3210995197296143,0
physx,constant_forward,0,0,6,0.05999999865889549,1.0,0.0,0.3237020969390869,0.10262300761696026,0.02820654149114354,1.5229642391204834,-3.7079076766967773,5.789958477020264,2.7910447120666504,0
physx,constant_forward,0,0,7,0.06999999843537807,1.0,0.0,0.3270197808742523,0.11840261469865156,0.03638941862356463,1.520872712135315,-2.403693437576294,5.11618185043335,2.893012523651123,0
physx,constant_forward,0,0,8,0.07999999821186066,1.0,0.0,0.32867151498794556,0.1465640753010281,0.06302304897618813,1.5413771867752075,2.7468998432159424,4.364756107330322,2.5044198036193848,0
physx,constant_forward,0,0,9,0.08999999798834324,1.0,0.0,0.32822802662849426,0.1870196208610538,0.08133448097170028,1.5245120525360107,3.7302393913269043,5.498754024505615,1.5391017198562622,0
physx,constant_forward,0,0,10,0.09999999776482582,1.0,0.0,0.3240651488304138,0.2143435101616937,0.08628573079854608,1.3972526788711548,-2.0526437759399414,5.276216506958008,1.0061814785003662,0
physx,constant_forward,0,0,11,0.1099999975413084,1.0,0.0,0.3167695999145508,0.2324993671373605,0.08218099057005947,1.256019949913025,-6.4379963874816895,5.828362464904785,2.0392487049102783,0
physx,constant_forward,0,0,12,0.11999999731779099,1.0,0.0,0.3079920709133148,0.238273808185818,0.12908048329789673,1.2201815843582153,-2.162432909011841,6.5019683837890625,3.8916122913360596,0
physx,constant_forward,0,0,13,0.12999999709427357,1.0,0.0,0.2977633774280548,0.24779311104366267,0.19391216107102113,1.1809358596801758,-2.321758508682251,7.962605953216553,2.444321632385254,0
physx,constant_forward,0,0,14,0.13999999687075615,1.0,0.0,0.28640297055244446,0.2633765577093976,0.24181745307747501,1.1745518445968628,-1.0857250690460205,9.630541801452637,3.0031838417053223,0
physx,constant_forward,0,0,15,0.14999999664723873,1.0,0.0,0.2749379575252533,0.28685607023368825,0.2894170257170492,1.1526415348052979,-0.08454488962888718,10.914864540100098,1.9239540100097656,0
physx,constant_forward,0,0,16,0.1599999964237213,1.0,0.0,0.26345694065093994,0.3147372521178884,0.3289339321618011,1.1402450799942017,1.4067201614379883,11.315681457519531,0.6840052604675293,0
physx,constant_forward,0,0,17,0.1699999962002039,1.0,0.0,0.2521117627620697,0.34272500189619615,0.3660104846217084,1.2315839529037476,-2.3356740474700928,11.238042831420898,1.6707152128219604,0
physx,constant_forward,0,0,18,0.17999999597668648,1.0,0.0,0.24200314283370972,0.3856495364679508,0.41553537151397796,1.2727224826812744,2.5884146690368652,11.275186538696289,1.1291022300720215,0
physx,constant_forward,0,0,19,0.18999999575316906,1.0,0.0,0.23359127342700958,0.4598015188453176,0.4732243259378127,1.3791890144348145,1.3263845443725586,11.035802841186523,1.7973887920379639,0
physx,constant_forward,0,0,20,0.19999999552965164,1.0,0.0,0.23270829021930695,0.49559717181605667,0.49691675769944416,-0.272061824798584,0.13439762592315674,10.151411056518555,2.2926628589630127,0
physx,constant_forward,0,0,21,0.20999999530613422,1.0,0.0,0.23806875944137573,0.47297345683782716,0.4896931915053364,-0.49798229336738586,0.7884691953659058,8.866598129272461,3.61081862449646,0
physx,constant_forward,0,0,22,0.2199999950826168,1.0,0.0,0.24169793725013733,0.42849202937985537,0.47014923741389175,-0.528633713722229,-1.5641497373580933,8.086877822875977,3.3843061923980713,0
physx,constant_forward,0,0,23,0.2299999948590994,1.0,0.0,0.2429746389389038,0.3759318268276807,0.44360397063541035,-0.5760145783424377,-1.3585566282272339,8.060320854187012,1.7012996673583984,0
physx,constant_forward,0,0,24,0.23999999463558197,1.0,0.0,0.24427807331085205,0.35367662915995174,0.4268090798509324,-0.5055583715438843,-1.355331540107727,7.585638046264648,1.812516212463379,0
physx,constant_forward,0,0,25,0.24999999441206455,1.0,0.0,0.24734874069690704,0.3731249348845874,0.4250428136841281,-0.37215301394462585,-0.5309285521507263,8.559814453125,2.7293403148651123,0
physx,constant_forward,0,0,26,0.25999999418854713,1.0,0.0,0.2507942020893097,0.3913938229184651,0.4265731893225839,-0.376855731010437,-0.6827817559242249,9.909337997436523,2.3682596683502197,0
physx,constant_forward,0,0,27,0.2699999939650297,1.0,0.0,0.2526967525482178,0.3705878123536108,0.42281524534043763,-0.4214884638786316,-0.4329214096069336,10.333818435668945,1.5998321771621704,0
physx,constant_forward,0,0,28,0.2799999937415123,1.0,0.0,0.2541269361972809,0.35515174587456344,0.41323337328550086,-0.4042903780937195,1.8146404027938843,9.98957633972168,2.528510332107544,0
physx,constant_forward,0,0,29,0.2899999935179949,1.0,0.0,0.256786048412323,0.3714098404611985,0.4018698084057608,-0.25038543343544006,-1.006565809249878,9.325068473815918,2.3688607215881348,0
physx,constant_forward,0,0,30,0.29999999329447746,1.0,0.0,0.2601054012775421,0.3868053961431533,0.39257121893796,-0.22286365926265717,-0.18077898025512695,8.961605072021484,2.612945318222046,0
physx,constant_forward,0,0,31,0.30999999307096004,1.0,0.0,0.2613338828086853,0.37117544233211397,0.3723753204768353,-0.2759033739566803,-1.2590734958648682,8.504323959350586,2.434098958969116,0
physx,constant_forward,0,0,32,0.3199999928474426,1.0,0.0,0.2618122398853302,0.35298715987957807,0.3589556856528245,-0.2420312464237213,-0.5907154083251953,8.510534286499023,1.5516217947006226,0
physx,constant_forward,0,0,33,0.3299999926239252,1.0,0.0,0.26380792260169983,0.3671802815820577,0.3571787987558895,-0.11983776837587357,-0.9916358590126038,8.989542961120605,1.531722903251648,0
physx,constant_forward,0,0,34,0.3399999924004078,1.0,0.0,0.2664453387260437,0.386280978153642,0.35914144724274616,-0.12952320277690887,0.18613585829734802,9.692561149597168,1.9611752033233643,0
physx,constant_forward,0,0,35,0.3499999921768904,1.0,0.0,0.2673013210296631,0.3650940856959984,0.3497268205105329,-0.18523865938186646,-0.4749259650707245,9.705731391906738,1.6847782135009766,0
physx,constant_forward,0,0,36,0.35999999195337296,1.0,0.0,0.26743313670158386,0.3449261267760544,0.34094999094014694,-0.1785014122724533,1.5073115825653076,9.295668601989746,2.9365458488464355,0
physx,constant_forward,0,0,37,0.36999999172985554,1.0,0.0,0.2683613896369934,0.3464584890355347,0.33153442570997577,-0.10138432681560516,-1.3347394466400146,8.914009094238281,1.6507073640823364,0
physx,constant_forward,0,0,38,0.3799999915063381,1.0,0.0,0.26843246817588806,0.3477263901454984,0.31914627570399356,-0.09765288978815079,0.4128284454345703,8.289824485778809,1.108392357826233,0
physx,constant_forward,0,0,39,0.3899999912828207,1.0,0.0,0.26837801933288574,0.3572395226474036,0.30828663685033453,-0.0439317412674427,-1.1826132535934448,8.2295560836792,0.8162612318992615,0
physx,constant_forward,0,0,40,0.3999999910593033,1.0,0.0,0.26810166239738464,0.36276563280500673,0.30674336541893965,-0.023159701377153397,-0.591738224029541,8.61221694946289,2.170056104660034,0
physx,constant_forward,0,0,41,0.40999999083578587,1.0,0.0,0.26841774582862854,0.37115461420568674,0.3188544741333013,0.010846477001905441,-0.4952423870563507,9.686860084533691,1.4360864162445068,0
physx,constant_forward,0,0,42,0.41999999061226845,1.0,0.0,0.26895812153816223,0.3705912849416612,0.335709092641514,0.021302565932273865,0.17142342031002045,10.846548080444336,1.7004361152648926,0
physx,constant_forward,0,0,43,0.42999999038875103,1.0,0.0,0.2697187066078186,0.3648149608894093,0.34940988028798314,0.010256647132337093,0.2952008843421936,10.875618934631348,0.36696657538414,0
physx,constant_forward,0,0,44,0.4399999901652336,1.0,0.0,0.27007538080215454,0.3551212791991618,0.350215165610944,0.020825780928134918,1.6383816003799438,9.756590843200684,2.740853786468506,0
physx,constant_forward,0,0,45,0.4499999899417162,1.0,0.0,0.2705845832824707,0.3605430226095065,0.33891225107523515,0.09676022827625275,1.5019323825836182,8.936853408813477,1.5336604118347168,0
physx,constant_forward,0,0,46,0.4599999897181988,1.0,0.0,0.27086561918258667,0.3572668732514635,0.3216740800188053,0.1169167011976242,0.6218188405036926,8.798455238342285,1.7515912055969238,0
physx,constant_forward,0,0,47,0.46999998949468136,1.0,0.0,0.2689667344093323,0.3420265744976193,0.30069560045925864,0.11478657275438309,-1.5287288427352905,7.894852638244629,3.522319793701172,0
physx,constant_forward,0,0,48,0.47999998927116394,1.0,0.0,0.26736846566200256,0.34338648208140854,0.293871215740747,0.17834384739398956,-0.23648853600025177,7.888923645019531,1.8710343837738037,0
physx,constant_forward,0,0,49,0.4899999890476465,1.0,0.0,0.2673810124397278,0.36969918437667026,0.30017425248565854,0.2666023075580597,-0.1662309765815735,8.906289100646973,2.1201231479644775,0
physx,constant_forward,0,0,50,0.4999999888241291,1.0,0.0,0.2667219340801239,0.3736390210922229,0.309917768752738,0.2105473279953003,0.5806906223297119,9.77226734161377,1.3273917436599731,0
physx,constant_forward,0,0,51,0.5099999886006117,1.0,0.0,0.2650548815727234,0.353376309567867,0.3226192289783862,0.13431891798973083,0.2775118052959442,10.696889877319336,1.2942683696746826,0
physx,constant_forward,0,0,52,0.5199999883770943,1.0,0.0,0.2632516026496887,0.3390185368249616,0.3315305309416885,0.13662371039390564,0.6330766081809998,10.170329093933105,2.684396743774414,0
physx,constant_forward,0,0,53,0.5299999881535769,1.0,0.0,0.2623829245567322,0.3510266829875398,0.33338130108123515,0.21014024317264557,1.7377655506134033,9.483707427978516,1.8738280534744263,0
physx,constant_forward,0,0,54,0.5399999879300594,1.0,0.0,0.26185861229896545,0.36176611280037974,0.3263945439546734,0.26969629526138306,-2.5641181468963623,9.297661781311035,1.8957173824310303,0
physx,constant_forward,0,0,55,0.549999987706542,1.0,0.0,0.2595086097717285,0.3466429001999868,0.32280076915889006,0.20416167378425598,-0.7179003953933716,8.446965217590332,2.7889809608459473,0
physx,constant_forward,0,0,56,0.5599999874830246,1.0,0.0,0.25723475217819214,0.3418079659981855,0.3262336840044349,0.23584042489528656,-0.3760673403739929,9.026191711425781,1.3439172506332397,0
physx,constant_forward,0,0,57,0.5699999872595072,1.0,0.0,0.2567123770713806,0.368429730659073,0.3361744902807069,0.30925798416137695,0.14800304174423218,9.951286315917969,2.2119264602661133,0
physx,constant_forward,0,0,58,0.5799999870359898,1.0,0.0,0.25590962171554565,0.3790060408122503,0.34801797252378064,0.23535600304603577,-0.41317588090896606,10.629711151123047,1.655353307723999,0
physx,constant_forward,0,0,59,0.5899999868124723,1.0,0.0,0.2541635036468506,0.3682720057761706,0.35406115080854544,0.1681283712387085,1.3753180503845215,10.27542781829834,2.3895339965820312,0
physx,constant_forward,0,0,60,0.5999999865889549,1.0,0.0,0.2516764998435974,0.36563213834186264,0.35336586740631504,0.13096016645431519,0.661329448223114,9.265714645385742,3.6286239624023438,0
physx,constant_forward,0,0,61,0.6099999863654375,1.0,0.0,0.2500074505805969,0.3855916403403383,0.3519915802953164,0.2033013105392456,1.674483060836792,9.046180725097656,3.7871017456054688,0
physx,constant_forward,0,0,62,0.6199999861419201,1.0,0.0,0.2483818531036377,0.39162344721080955,0.3492707923492616,0.24877624213695526,-2.659716844558716,9.390076637268066,1.1396763324737549,0
physx,constant_forward,0,0,63,0.6299999859184027,1.0,0.0,0.24571926891803741,0.38091284564463035,0.35852626921656344,0.19041197001934052,-0.6628670692443848,8.851505279541016,2.9304816722869873,0
physx,constant_forward,0,0,64,0.6399999856948853,1.0,0.0,0.2436448037624359,0.3846479714361273,0.37378083956936625,0.24343056976795197,-0.5738831758499146,9.770516395568848,1.5029469728469849,0
physx,constant_forward,0,0,65,0.6499999854713678,1.0,0.0,0.24337343871593475,0.41525670453142144,0.38984798543847216,0.25358477234840393,1.101235032081604,10.903874397277832,2.5168159008026123,0
physx,constant_forward,0,0,66,0.6599999852478504,1.0,0.0,0.24249863624572754,0.42878297041966906,0.3946085580231891,0.18890361487865448,-1.0778528451919556,10.389636993408203,1.662901520729065,0
physx,constant_forward,0,0,67,0.669999985024333,1.0,0.0,0.24016596376895905,0.41043996530460136,0.39803526678084034,0.12525887787342072,0.3712083399295807,10.135880470275879,1.382070541381836,0
physx,constant_forward,0,0,68,0.6799999848008156,1.0,0.0,0.23789066076278687,0.4005533786536818,0.399832097274555,0.11800089478492737,0.8561331629753113,9.959441184997559,1.3765742778778076,0
physx,constant_forward,0,0,69,0.6899999845772982,1.0,0.0,0.2368776798248291,0.4134127380342089,0.4003531689777906,0.17169903218746185,0.14495538175106049,9.667738914489746,1.8659474849700928,0
physx,constant_forward,0,0,70,0.6999999843537807,1.0,0.0,0.2364620417356491,0.4141012994896751,0.41233393389298284,0.15649254620075226,-1.8746581077575684,10.554876327514648,2.8617429733276367,0
physx,constant_forward,0,0,71,0.7099999841302633,1.0,0.0,0.2356935292482376,0.4116253735122191,0.4316178590227446,0.10419110953807831,0.35292088985443115,10.053570747375488,3.091618537902832,0
physx,constant_forward,0,0,72,0.7199999839067459,1.0,0.0,0.23578137159347534,0.4274493074704065,0.44978317180438315,0.1316065639257431,2.2173407077789307,10.642889022827148,1.0143781900405884,0
physx,constant_forward,0,0,73,0.7299999836832285,1.0,0.0,0.23622527718544006,0.44948870616793507,0.45194834078662494,0.09142011404037476,0.2016579806804657,10.055779457092285,1.8355900049209595,0
physx,constant_forward,0,0,74,0.7399999834597111,1.0,0.0,0.23500493168830872,0.43968655516850325,0.4466302294584305,0.016629325225949287,-0.8603867888450623,9.555817604064941,0.7366156578063965,0
physx,constant_forward,0,0,75,0.7499999832361937,1.0,0.0,0.2330089807510376,0.4211846158151154,0.44420700434119825,-0.04806610196828842,1.402652382850647,9.797686576843262,1.2876698970794678,0
physx,constant_forward,0,0,76,0.7599999830126762,1.0,0.0,0.23153850436210632,0.42391131683608824,0.4403923949556999,0.005532748531550169,-0.18158313632011414,9.964881896972656,0.7456455826759338,0
physx,constant_forward,0,0,77,0.7699999827891588,1.0,0.0,0.2311902493238449,0.4269607695561443,0.4493842659911711,0.020874522626399994,-2.138519763946533,10.574024200439453,3.4795596599578857,0
physx,constant_forward,0,0,78,0.7799999825656414,1.0,0.0,0.230952188372612,0.43340778561296794,0.46642300644429263,-0.002124291379004717,0.6783456206321716,10.153669357299805,2.6876091957092285,0
physx,constant_forward,0,0,79,0.789999982342124,1.0,0.0,0.2318914383649826,0.45880698757079985,0.47764104357567705,0.029426241293549538,0.9087624549865723,10.608343124389648,1.1458264589309692,0
physx,constant_forward,0,0,80,0.7999999821186066,1.0,0.0,0.23271608352661133,0.4732048234849231,0.4733697716947973,-0.021900488063693047,-0.9173162579536438,10.441028594970703,1.3937726020812988,0
physx,constant_forward,0,0,81,0.8099999818950891,1.0,0.0,0.23233644664287567,0.4562778840308196,0.46720972726586607,-0.07530869543552399,1.0143511295318604,10.252534866333008,1.0477222204208374,0
physx,constant_forward,0,0,82,0.8199999816715717,1.0,0.0,0.2318301498889923,0.4446859787028786,0.458140469955734,-0.07694876194000244,0.18479159474372864,9.967580795288086,1.3518588542938232,0
physx,constant_forward,0,0,83,0.8299999814480543,1.0,0.0,0.23257319629192352,0.4470899884495697,0.4557809383783864,-0.03155108541250229,-0.2576211988925934,10.38908576965332,2.403475046157837,0
physx,constant_forward,0,0,84,0.8399999812245369,1.0,0.0,0.23383229970932007,0.43912743490307293,0.46554627947327276,-0.06310009211301804,-1.6319997310638428,10.825033187866211,1.0784568786621094,0
physx,constant_forward,0,0,85,0.8499999810010195,1.0,0.0,0.2343536913394928,0.4284617375461468,0.4748506502317849,-0.12318392097949982,1.0599615573883057,9.848895072937012,3.2063193321228027,0
physx,constant_forward,0,0,86,0.8599999807775021,1.0,0.0,0.2349817156791687,0.4358839562039021,0.4685096817309684,-0.10741973668336868,0.0043464526534080505,9.48348617553711,1.6395808458328247,0
physx,constant_forward,0,0,87,0.8699999805539846,1.0,0.0,0.23579464852809906,0.45390643895642596,0.45310987893043553,-0.11642935127019882,0.7527233958244324,8.961320877075195,2.4417684078216553,0
physx,constant_forward,0,0,88,0.8799999803304672,1.0,0.0,0.235549658536911,0.4494654741032873,0.43929964125796755,-0.14623665809631348,-0.43273988366127014,9.008784294128418,0.5767677426338196,0
physx,constant_forward,0,0,89,0.8899999801069498,1.0,0.0,0.23489907383918762,0.4334440137448091,0.43695906034860166,-0.1480698138475418,-0.0726408064365387,9.6881103515625,1.6638834476470947,0
physx,constant_forward,0,0,90,0.8999999798834324,1.0,0.0,0.23602378368377686,0.43985396995287235,0.44775748848737873,-0.05858483165502548,-0.293984979391098,10.569491386413574,1.2383158206939697,0
physx,constant_forward,0,0,91,0.909999979659915,1.0,0.0,0.23894692957401276,0.4584852246897133,0.46295657450597894,-0.03876730799674988,-1.0114116668701172,11.158798217773438,1.6801725625991821,0
physx,constant_forward,0,0,92,0.9199999794363976,1.0,0.0,0.2403143048286438,0.44924429585452524,0.46440220804001126,-0.10337818413972855,-1.0450273752212524,10.195515632629395,2.8302650451660156,0
physx,constant_forward,0,0,93,0.9299999792128801,1.0,0.0,0.2407207041978836,0.43561214039105217,0.4539285921684066,-0.1702314168214798,1.2889342308044434,9.771657943725586,2.2260115146636963,0
physx,constant_forward,0,0,94,0.9399999789893627,1.0,0.0,0.24097074568271637,0.44055532555219906,0.43445042237667375,-0.15895704925060272,0.3616010844707489,9.2193021774292,1.0612640380859375,0
physx,constant_forward,0,0,95,0.9499999787658453,1.0,0.0,0.24037888646125793,0.4319433441296059,0.41653050737860925,-0.1958853304386139,-0.5234141945838928,8.478992462158203,2.8889715671539307,0
physx,constant_forward,0,0,96,0.9599999785423279,1.0,0.0,0.239754319190979,0.4169779957815375,0.41557668009482107,-0.15181860327720642,-0.4652101993560791,9.379606246948242,2.1483469009399414,0
physx,constant_forward,0,0,97,0.9699999783188105,1.0,0.0,0.2413904070854187,0.43206150405416127,0.4298794436334779,-0.015639260411262512,0.07060116529464722,10.483078956604004,1.5748237371444702,0
physx,constant_forward,0,0,98,0.979999978095293,1.0,0.0,0.24432611465454102,0.45722126958767717,0.4428213374153746,-0.011514900252223015,1.069819688796997,11.088732719421387,1.8773677349090576,0
physx,constant_forward,0,0,99,0.9899999778717756,1.0,0.0,0.24638311564922333,0.4442893934634038,0.4445603739921291,-0.040439292788505554,-2.0691757202148438,10.39246654510498,2.158613681793213,0
physx,constant_forward,0,0,100,0.9999999776482582,1.0,0.0,0.24662156403064728,0.4171978611116179,0.43487533230780506,-0.10216347128152847,1.7748311758041382,9.457837104797363,4.996388912200928,0
physx,constant_forward,0,0,101,1.0099999774247408,1.0,0.0,0.24663181602954865,0.41906256151829036,0.4150192387068243,-0.05550596863031387,-0.5736358165740967,8.775386810302734,1.5808384418487549,0
physx,constant_forward,0,0,102,1.0199999772012234,1.0,0.0,0.24689754843711853,0.43306004519126773,0.39906286203212366,-0.031248927116394043,-0.045129988342523575,8.189300537109375,4.633151531219482,0
physx,constant_forward,0,0,103,1.029999976977706,1.0,0.0,0.24669070541858673,0.42751059926283014,0.3974446508602838,-0.06338338553905487,-0.021057453006505966,8.976284980773926,1.1199026107788086,0
physx,constant_forward,0,0,104,1.0399999767541885,1.0,0.0,0.24634385108947754,0.4137288526644307,0.4055978104561738,-0.05134279280900955,-0.29861772060394287,9.911680221557617,1.350350022315979,0
physx,constant_forward,0,0,105,1.0499999765306711,1.0,0.0,0.24689379334449768,0.4126554614030255,0.41289642439558927,-0.030713507905602455,0.9784881472587585,9.977945327758789,1.2558709383010864,0
physx,constant_forward,0,0,106,1.0599999763071537,1.0,0.0,0.24837465584278107,0.4193803690409757,0.4159012910035555,0.042458564043045044,-0.7913456559181213,9.811880111694336,0.940178632736206,0
physx,constant_forward,0,0,107,1.0699999760836363,1.0,0.0,0.24832415580749512,0.4070345473421859,0.4090802064976887,-0.013798566535115242,-1.019916296005249,9.118265151977539,1.4623640775680542,0
physx,constant_forward,0,0,108,1.0799999758601189,1.0,0.0,0.2477390468120575,0.39468399204573934,0.402945000497739,-0.007266765460371971,-0.3525145649909973,9.182266235351562,1.5307605266571045,0
physx,constant_forward,0,0,109,1.0899999756366014,1.0,0.0,0.2486564666032791,0.41163421936560723,0.4011763722294263,0.04000077024102211,1.4469672441482544,9.794102668762207,1.5933797359466553,0
physx,constant_forward,0,0,110,1.099999975413084,1.0,0.0,0.24864041805267334,0.41000216266820094,0.393511878420802,-0.023924650624394417,-0.7278348803520203,9.555123329162598,1.4946577548980713,0
physx,constant_forward,0,0,111,1.1099999751895666,1.0,0.0,0.24748313426971436,0.3906926809992053,0.38781245793837343,-0.08548775315284729,1.6179099082946777,9.524388313293457,1.4299761056900024,0
physx,constant_forward,0,0,112,1.1199999749660492,1.0,0.0,0.2470504343509674,0.39505676795104083,0.3854288896566437,-0.000639765989035368,1.2020142078399658,9.635611534118652,1.1069309711456299,0
physx,constant_forward,0,0,113,1.1299999747425318,1.0,0.0,0.24670866131782532,0.39009253235155256,0.38530776778185316,-0.003223941195756197,-2.2748730182647705,9.585065841674805,3.160236120223999,0
physx,constant_forward,0,0,114,1.1399999745190144,1.0,0.0,0.2455998957157135,0.3767598115452367,0.3927813013090308,-0.017751699313521385,-0.441156804561615,9.27678108215332,3.536794662475586,0
physx,constant_forward,0,0,115,1.149999974295497,1.0,0.0,0.2459517866373062,0.3920788779276175,0.40635053862146686,0.07849911600351334,-0.8748129606246948,10.119861602783203,1.4740594625473022,0
physx,constant_forward,0,0,116,1.1599999740719795,1.0,0.0,0.24795688688755035,0.42698213428965937,0.41927209680086386,0.0806354433298111,1.1486027240753174,10.92304515838623,2.181744337081909,0
physx,constant_forward,0,0,117,1.169999973848462,1.0,0.0,0.24840952455997467,0.422403183992136,0.4173569616839062,0.014497443102300167,-1.159202218055725,10.186426162719727,1.846406102180481,0
physx,constant_forward,0,0,118,1.1799999736249447,1.0,0.0,0.24782158434391022,0.4003629290743136,0.41183081403171223,-0.04326920211315155,2.3161633014678955,9.851438522338867,2.1122491359710693,0
physx,constant_forward,0,0,119,1.1899999734014273,1.0,0.0,0.24707138538360596,0.3944632391092065,0.4018876635030964,-0.027297113090753555,0.5563670992851257,9.65203857421875,1.5163092613220215,0
physx,constant_forward,0,0,120,1.1999999731779099,1.0,0.0,0.24674087762832642,0.3977330137526532,0.3909988970621502,0.021543074399232864,0.1672261506319046,9.249299049377441,2.842411518096924,0
physx,constant_forward,0,0,121,1.2099999729543924,1.0,0.0,0.24665480852127075,0.38600155125864727,0.39493422306176035,0.012928517535328865,-2.0039002895355225,10.007408142089844,2.6384835243225098,0
physx,constant_forward,0,0,122,1.219999972730875,1.0,0.0,0.24619436264038086,0.3761880247285644,0.4058032801158273,0.006752685643732548,-0.06058454513549805,9.669466972351074,3.2366325855255127,0
physx,constant_forward,0,0,123,1.2299999725073576,1.0,0.0,0.24733763933181763,0.39767033156049314,0.41839592145872206,0.08896905183792114,-0.21645638346672058,10.249547004699707,1.7840014696121216,0
physx,constant_forward,0,0,124,1.2399999722838402,1.0,0.0,0.24876314401626587,0.4146759638894489,0.42414614496911845,0.028425058349967003,-0.8424022793769836,10.901297569274902,1.926824688911438,0
physx,constant_forward,0,0,125,1.2499999720603228,1.0,0.0,0.24890221655368805,0.39797467937482417,0.4239728490143022,-0.02385014481842518,0.16358086466789246,10.538318634033203,1.9325029850006104,0
physx,constant_forward,0,0,126,1.2599999718368053,1.0,0.0,0.248569056391716,0.3844623682256856,0.416213166973164,-0.08146234601736069,2.5450949668884277,9.950299263000488,1.8527507781982422,0
physx,constant_forward,0,0,127,1.269999971613288,1.0,0.0,0.24899530410766602,0.39869853415272083,0.4029957404144585,0.00989796407520771,1.7346733808517456,9.596417427062988,1.1596187353134155,0
physx,constant_forward,0,0,128,1.2799999713897705,1.0,0.0,0.24874889850616455,0.3948335889463229,0.3847296931808272,-0.011043945327401161,-2.024221420288086,9.115569114685059,2.957484245300293,0
physx,constant_forward,0,0,129,1.289999971166253,1.0,0.0,0.2471500039100647,0.3738798514459114,0.37824375828962675,-0.03189551830291748,-0.681587278842926,8.42374324798584,3.5064923763275146,0
physx,constant_forward,0,0,130,1.2999999709427357,1.0,0.0,0.24666669964790344,0.3787868005899657,0.38290949349152237,0.05007440969347954,-0.4846474528312683,9.081315040588379,1.2203938961029053,0
physx,constant_forward,0,0,131,1.3099999707192183,1.0,0.0,0.24794736504554749,0.4106863128620852,0.3921834309437682,0.08418015390634537,1.308774471282959,10.18075180053711,2.538891315460205,0
physx,constant_forward,0,0,132,1.3199999704957008,1.0,0.0,0.24808810651302338,0.4124488884036936,0.393912994440985,0.01669261045753956,-0.956100583076477,10.002872467041016,1.4119466543197632,0
physx,constant_forward,0,0,133,1.3299999702721834,1.0,0.0,0.24710863828659058,0.39325124323229294,0.3943992236064247,-0.04615137726068497,1.334694266319275,9.979436874389648,1.8279905319213867,0
physx,constant_forward,0,0,134,1.339999970048666,1.0,0.0,0.24642547965049744,0.391643130774141,0.39315284928601796,-0.00022653851192444563,1.000450611114502,9.921029090881348,0.9549791216850281,0
physx,constant_forward,0,0,135,1.3499999698251486,1.0,0.0,0.24608372151851654,0.3852389150737343,0.3927098522561836,0.005762686021625996,-2.1608707904815674,9.757843971252441,2.755495548248291,0
physx,constant_forward,0,0,136,1.3599999696016312,1.0,0.0,0.24516187608242035,0.37494645032555224,0.3991091098858604,-0.03728705644607544,0.327717125415802,9.350452423095703,3.3232932090759277,0
physx,constant_forward,0,0,137,1.3699999693781137,1.0,0.0,0.2446100115776062,0.3850239321747736,0.4023242833331315,0.014296570792794228,-0.8805820941925049,9.512825965881348,0.7082581520080566,0
physx,constant_forward,0,0,138,1.3799999691545963,1.0,0.0,0.2455238401889801,0.4155080830526001,0.40917472270182764,0.044466324150562286,0.6616250276565552,10.060256958007812,3.288891315460205,0
physx,constant_forward,0,0,139,1.389999968931079,1.0,0.0,0.2459845095872879,0.4295739297380352,0.41003170573157577,-0.00871120672672987,-0.7410581707954407,10.130735397338867,1.1749361753463745,0
physx,constant_forward,0,0,140,1.3999999687075615,1.0,0.0,0.24489174783229828,0.405721940804554,0.4105979678742815,-0.05704726278781891,0.25614607334136963,10.166240692138672,1.0928949117660522,0
physx,constant_forward,0,0,141,1.409999968484044,1.0,0.0,0.2441970556974411,0.39772329838865417,0.41309574527027537,-0.02516905590891838,1.483561635017395,10.112386703491211,1.5172195434570312,0
physx,constant_forward,0,0,142,1.4199999682605267,1.0,0.0,0.2444484531879425,0.406483198197387,0.4108940336274183,0.018894866108894348,-0.055273979902267456,10.146537780761719,2.3271641731262207,0
physx,constant_forward,0,0,143,1.4299999680370092,1.0,0.0,0.2450276017189026,0.398254420119006,0.41802270119272655,-0.008955981582403183,-1.8298876285552979,10.737147331237793,2.266152858734131,0
physx,constant_forward,0,0,144,1.4399999678134918,1.0,0.0,0.24549120664596558,0.39506301847934916,0.42896305811233776,-0.013849431648850441,-0.16926023364067078,9.861921310424805,3.335404396057129,0
physx,constant_forward,0,0,145,1.4499999675899744,1.0,0.0,0.2466340810060501,0.40559068154799627,0.4326094158014703,-0.018671106547117233,-0.10113377124071121,10.26534366607666,1.6051629781723022,0
physx,constant_forward,0,0,146,1.459999967366457,1.0,0.0,0.24743203818798065,0.4073553705037004,0.4266635000784956,-0.07523762434720993,-1.6974983215332031,10.231976509094238,1.0767199993133545,0
physx,constant_forward,0,0,147,1.4699999671429396,1.0,0.0,0.24739402532577515,0.39379992409038556,0.4200847798483489,-0.12727251648902893,3.229644298553467,10.019182205200195,0.9870416522026062,0
physx,constant_forward,0,0,148,1.4799999669194221,1.0,0.0,0.24778805673122406,0.39882488165986396,0.4105047076616068,-0.05924982577562332,-0.5888230204582214,9.632966041564941,2.1702051162719727,0
physx,constant_forward,0,0,149,1.4899999666959047,1.0,0.0,0.24830262362957,0.4056192796838651,0.4028222263738895,-0.07940594851970673,1.2008216381072998,9.691880226135254,3.4228289127349854,0
physx,constant_forward,0,0,150,1.4999999664723873,1.0,0.0,0.24895910918712616,0.39168236108544163,0.40941634413584405,-0.078694187104702,-3.2577731609344482,10.278035163879395,1.0935909748077393,0
physx,constant_forward,0,0,151,1.50999996624887,1.0,0.0,0.24931563436985016,0.37967884894757575,0.4211509929640065,-0.11969340592622757,1.4152071475982666,9.433030128479004,3.823378562927246,0
physx,constant_forward,0,0,152,1.5199999660253525,1.0,0.0,0.2503384053707123,0.3926523053484713,0.42389091802023454,-0.07648178935050964,0.2553044557571411,9.63236141204834,1.3620327711105347,0
physx,constant_forward,0,0,153,1.529999965801835,1.0,0.0,0.25134700536727905,0.4041296531925517,0.4144570433538672,-0.10378821939229965,-1.6078733205795288,9.702698707580566,1.5412474870681763,0
physx,constant_forward,0,0,154,1.5399999655783176,1.0,0.0,0.2511380612850189,0.38725574777796173,0.4058364299330449,-0.14907443523406982,1.3469164371490479,9.804959297180176,0.8336430788040161,0
physx,constant_forward,0,0,155,1.5499999653548002,1.0,0.0,0.25090181827545166,0.3797503683670588,0.3962759999594105,-0.14708192646503448,1.2789685726165771,9.923477172851562,1.1981812715530396,0
physx,constant_forward,0,0,156,1.5599999651312828,1.0,0.0,0.25185394287109375,0.3907393550758746,0.38858731848342914,-0.07577890157699585,2.1316568851470947,9.865701675415039,1.5796619653701782,0
physx,constant_forward,0,0,157,1.5699999649077654,1.0,0.0,0.25262337923049927,0.38730728375319656,0.3784867789335416,-0.07397685945034027,-2.422874689102173,10.039573669433594,1.1794286966323853,0
physx,constant_forward,0,0,158,1.579999964684248,1.0,0.0,0.252267450094223,0.3633061633607714,0.3792341225750207,-0.12756121158599854,-1.829216480255127,9.350212097167969,3.1164093017578125,0
physx,constant_forward,0,0,159,1.5899999644607306,1.0,0.0,0.2520641088485718,0.35828611587530024,0.3790543632947418,-0.10282494127750397,-0.05679018050432205,9.547779083251953,1.6293950080871582,0
physx,constant_forward,0,0,160,1.5999999642372131,1.0,0.0,0.2532334327697754,0.37917588439753697,0.38042640456268234,-0.02902170456945896,0.2764280438423157,9.539338111877441,3.334604501724243,0
physx,constant_forward,0,0,161,1.6099999640136957,1.0,0.0,0.25453054904937744,0.3928449628552393,0.3808669806068087,-0.062408484518527985,-0.5289859175682068,10.185470581054688,1.4123390913009644,0
physx,constant_forward,0,0,162,1.6199999637901783,1.0,0.0,0.25482064485549927,0.3744333103264873,0.38305382125830323,-0.10830055177211761,-0.82315993309021,10.335942268371582,1.431214690208435,0
physx,constant_forward,0,0,163,1.6299999635666609,1.0,0.0,0.25503864884376526,0.36263577004055253,0.3830490125170381,-0.1514531970024109,2.9462168216705322,10.10425090789795,1.9016804695129395,0
physx,constant_forward,0,0,164,1.6399999633431435,1.0,0.0,0.2560592591762543,0.3771301401082216,0.3758774566111853,-0.0674503818154335,1.0666097402572632,10.036334991455078,1.3647717237472534,0
physx,constant_forward,0,0,165,1.649999963119626,1.0,0.0,0.2569367587566376,0.37356108213299627,0.36810810025958013,-0.08050432801246643,-2.8850960731506348,9.58779239654541,2.822582244873047,0
physx,constant_forward,0,0,166,1.6599999628961086,1.0,0.0,0.25679811835289,0.3565251457883646,0.3662572476891018,-0.12146645039319992,0.4780178666114807,8.878417015075684,3.6124255657196045,0
physx,constant_forward,0,0,167,1.6699999626725912,1.0,0.0,0.25724318623542786,0.35780290352295424,0.36589370166447305,-0.05331709235906601,-1.2529640197753906,9.328705787658691,1.2366963624954224,0
physx,constant_forward,0,0,168,1.6799999624490738,1.0,0.0,0.25919589400291443,0.38075593843115124,0.3695814717151353,-0.04546790570020676,1.077268123626709,9.997806549072266,1.9216779470443726,0
physx,constant_forward,0,0,169,1.6899999622255564,1.0,0.0,0.2600470185279846,0.37635504578295115,0.36560524014263346,-0.10909464210271835,-1.889075517654419,9.959809303283691,1.3103123903274536,0
physx,constant_forward,0,0,170,1.699999962002039,1.0,0.0,0.2601388096809387,0.3590599747044446,0.3621613941038038,-0.15915732085704803,1.2832953929901123,9.710498809814453,1.9798959493637085,0
physx,constant_forward,0,0,171,1.7099999617785215,1.0,0.0,0.25970208644866943,0.3472115673797199,0.35607913279107817,-0.15513330698013306,-1.4533250331878662,9.613545417785645,1.1237905025482178,0
physx,constant_forward,0,0,172,1.7199999615550041,1.0,0.0,0.25935402512550354,0.3377276799987082,0.3547511483103379,-0.14428962767124176,-0.2903265058994293,9.753715515136719,1.3741047382354736,0
physx,constant_forward,0,0,173,1.7299999613314867,1.0,0.0,0.2593364715576172,0.3354562908139505,0.3539586277134833,-0.12032248079776764,3.638425588607788,10.278482437133789,1.8786343336105347,0
physx,constant_forward,0,0,174,1.7399999611079693,1.0,0.0,0.261309951543808,0.36501136703752707,0.35096260131553564,4.43924218416214e-05,1.2169948816299438,10.320531845092773,1.944958209991455,0
physx,constant_forward,0,0,175,1.7499999608844519,1.0,0.0,0.26316970586776733,0.37814476479815706,0.3455355849518294,-0.016708791255950928,0.5030521154403687,10.059962272644043,1.6490927934646606,0
physx,constant_forward,0,0,176,1.7599999606609344,1.0,0.0,0.2645852565765381,0.3641532512880142,0.34779864838708796,-0.03828958421945572,-2.652745485305786,10.155472755432129,0.8912104368209839,0
physx,constant_forward,0,0,177,1.769999960437417,1.0,0.0,0.26545166969299316,0.3478888920127432,0.3545011903673159,-0.07492272555828094,-0.9011183977127075,9.254105567932129,3.5320215225219727,0
physx,constant_forward,0,0,178,1.7799999602138996,1.0,0.0,0.26607394218444824,0.3395633551287104,0.3524068835221822,-0.07769449055194855,-0.6232659220695496,9.385588645935059,0.6129094958305359,0
physx,constant_forward,0,0,179,1.7899999599903822,1.0,0.0,0.26762211322784424,0.3511063722615834,0.3444232793100636,-0.07571191340684891,0.8839505314826965,9.683167457580566,1.1296242475509644,0
physx,constant_forward,0,0,180,1.7999999597668648,1.0,0.0,0.26798346638679504,0.3432449838005305,0.3297287782824231,-0.14208529889583588,-0.8587456941604614,9.151850700378418,1.8206614255905151,0
physx,constant_forward,0,0,181,1.8099999595433474,1.0,0.0,0.2673664689064026,0.32615124840401694,0.31325701016280016,-0.20809051394462585,2.6288599967956543,8.889849662780762,1.3095754384994507,0
physx,constant_forward,0,0,182,1.81999995931983,1.0,0.0,0.26739436388015747,0.3335510058478924,0.30216861126645694,-0.07426544278860092,-1.31918203830719,9.17797565460205,1.5629205703735352,0
physx,constant_forward,0,0,183,1.8299999590963125,1.0,0.0,0.26845812797546387,0.3532747235117071,0.3011134282076485,-0.0417809784412384,1.2960397005081177,8.94908618927002,3.7103538513183594,0
physx,constant_forward,0,0,184,1.839999958872795,1.0,0.0,0.26960793137550354,0.3514578715440411,0.31150613359101315,-0.04247651994228363,-2.718841552734375,9.668169975280762,1.2593584060668945,0
physx,constant_forward,0,0,185,1.8499999586492777,1.0,0.0,0.2695572078227997,0.33331166127205386,0.3243576379270112,-0.08509773015975952,-1.0842896699905396,9.111580848693848,3.606509208679199,0
physx,constant_forward,0,0,186,1.8599999584257603,1.0,0.0,0.2692369818687439,0.3225865126112371,0.3305638941764834,-0.10823960602283478,0.13696399331092834,9.515703201293945,0.6410014033317566,0
physx,constant_forward,0,0,187,1.8699999582022429,1.0,0.0,0.2699495851993561,0.33601737510956675,0.3286650235926767,-0.07048308849334717,0.7675881385803223,9.83185863494873,1.1902427673339844,0
physx,constant_forward,0,0,188,1.8799999579787254,1.0,0.0,0.27058789134025574,0.34678021162419953,0.3164050446189375,-0.0912076011300087,-1.0100669860839844,9.42817497253418,1.6852729320526123,0
physx,constant_forward,0,0,189,1.889999957755208,1.0,0.0,0.26985037326812744,0.3297883797790165,0.30472264839884156,-0.1460610032081604,1.4604681730270386,9.162220001220703,0.9290397763252258,0
physx,constant_forward,0,0,190,1.8999999575316906,1.0,0.0,0.26914992928504944,0.3233616031750795,0.2940515106622041,-0.08769947290420532,1.3862496614456177,9.237635612487793,1.6970038414001465,0
physx,constant_forward,0,0,191,1.9099999573081732,1.0,0.0,0.269357293844223,0.33231394431557515,0.2847941598149752,-0.0042334506288170815,0.3515942096710205,8.843077659606934,2.778204917907715,0
physx,constant_forward,0,0,192,1.9199999570846558,1.0,0.0,0.269992858171463,0.3347749896949377,0.2871159348922611,0.04166119918227196,0.2074776589870453,9.424057006835938,2.4468770027160645,0
physx,constant_forward,0,0,193,1.9299999568611383,1.0,0.0,0.27142778038978577,0.3289477764682165,0.30312527575234444,0.057040635496377945,-2.672818422317505,10.120010375976562,1.1858433485031128,0
physx,constant_forward,0,0,194,1.939999956637621,1.0,0.0,0.27208033204078674,0.31606764754851063,0.3194937630708821,0.0030666845850646496,-0.5620924830436707,9.58865737915039,2.8107194900512695,0
physx,constant_forward,0,0,195,1.9499999564141035,1.0,0.0,0.27254968881607056,0.3132071133924653,0.32310108954244066,0.004573730286210775,-0.9590502381324768,9.859780311584473,0.5022166967391968,0
physx,constant_forward,0,0,196,1.959999956190586,1.0,0.0,0.27329033613204956,0.31765886622178097,0.31787478227055316,-0.03233158960938454,0.17083215713500977,9.962441444396973,0.9633315205574036,0
physx,constant_forward,0,0,197,1.9699999559670687,1.0,0.0,0.2737673819065094,0.3229955833209698,0.3014959603802553,-0.06915266066789627,0.47940564155578613,9.194025993347168,1.9924242496490479,0
physx,constant_forward,0,0,198,1.9799999557435513,1.0,0.0,0.27373600006103516,0.32814353219301245,0.2801859663585619,-0.08497890084981918,0.09033584594726562,8.182222366333008,1.5273058414459229,0
physx,constant_forward,0,0,199,1.9899999555200338,1.0,0.0,0.2728350758552551,0.32354962822125655,0.26877056127824384,-0.11590984463691711,1.7727043628692627,7.73018741607666,0.5767467021942139,0
physx,constant_forward,0,0,200,1.9999999552965164,1.0,0.0,0.2717030644416809,0.3224217344828856,0.2603879621234234,-0.04974306374788284,0.1317259669303894,8.5138521194458,1.0348865985870361,0
physx,constant_forward,0,0,201,2.009999955072999,1.0,0.0,0.27167338132858276,0.32971540231512975,0.2700200647968835,0.02095690742135048,0.17828109860420227,9.418631553649902,2.8116321563720703,0
physx,constant_forward,0,0,202,2.0199999548494816,1.0,0.0,0.27259504795074463,0.33670678372462226,0.2912203989600638,0.06445956975221634,0.7656283378601074,10.337498664855957,1.2687984704971313,0
physx,constant_forward,0,0,203,2.029999954625964,1.0,0.0,0.2744255065917969,0.3453298065212802,0.31485107854192756,0.09409410506486893,0.6380681991577148,10.892672538757324,0.6686448454856873,0
physx,constant_forward,0,0,204,2.0399999544024467,1.0,0.0,0.2759377658367157,0.3295685198197487,0.3328777081319432,0.046910610049963,-3.129108190536499,10.933669090270996,0.21418993175029755,0
physx,constant_forward,0,0,205,2.0499999541789293,1.0,0.0,0.2759019136428833,0.30861750953988837,0.3289956217762772,-0.019008461385965347,0.45491302013397217,9.546995162963867,5.522177219390869,0
physx,constant_forward,0,0,206,2.059999953955412,1.0,0.0,0.2747097611427307,0.3002193029939684,0.30515226994970684,-0.08262647688388824,1.1766666173934937,8.313937187194824,1.8795244693756104,0
physx,constant_forward,0,0,207,2.0699999537318945,1.0,0.0,0.2737312912940979,0.318001691864589,0.28124219589061916,-0.013988281600177288,0.0033676624298095703,7.563453197479248,1.0958237648010254,0
physx,constant_forward,0,0,208,2.079999953508377,1.0,0.0,0.27322742342948914,0.34411954234391195,0.26287871768014937,0.06452899426221848,-0.29713720083236694,7.126750469207764,2.7648401260375977,0
physx,constant_forward,0,0,209,2.0899999532848597,1.0,0.0,0.27188900113105774,0.3432071138925975,0.2608019045340669,0.026383407413959503,0.20805232226848602,7.228237628936768,1.1420459747314453,0
physx,constant_forward,0,0,210,2.0999999530613422,1.0,0.0,0.26993611454963684,0.3237063040892667,0.273029954636259,0.03310728818178177,0.05613267421722412,8.782363891601562,2.320397138595581,0
physx,constant_forward,0,0,211,2.109999952837825,1.0,0.0,0.26943010091781616,0.32261208751904696,0.29711681650912464,0.11052998900413513,0.09200144559144974,9.982841491699219,1.5706793069839478,0
physx,constant_forward,0,0,212,2.1199999526143074,1.0,0.0,0.2702862620353699,0.3347558958222004,0.3214998510969536,0.14039193093776703,0.7024000883102417,11.067146301269531,1.6503899097442627,0
physx,constant_forward,0,0,213,2.12999995239079,1.0,0.0,0.27121689915657043,0.3378646667778048,0.33723599501514495,0.08365320414304733,1.6298445463180542,11.221878051757812,0.557230532169342,0
physx,constant_forward,0,0,214,2.1399999521672726,1.0,0.0,0.27203288674354553,0.3295471036221035,0.34085654147096095,0.090193971991539,-2.0841875076293945,10.344419479370117,2.377683401107788,0
physx,constant_forward,0,0,215,2.149999951943755,1.0,0.0,0.27118930220603943,0.31086328263622126,0.32978638070612804,0.02553131803870201,-0.2320612370967865,9.08967399597168,3.2740025520324707,0
physx,constant_forward,0,0,216,2.1599999517202377,1.0,0.0,0.2697181701660156,0.3071263713931742,0.30702968222860083,0.04673852398991585,0.2606200575828552,8.205352783203125,1.4414397478103638,0
physx,constant_forward,0,0,217,2.1699999514967203,1.0,0.0,0.26851317286491394,0.3195088559913828,0.28442262043325217,0.08514382690191269,-0.6359676718711853,7.461885929107666,2.5334203243255615,0
physx,constant_forward,0,0,218,2.179999951273203,1.0,0.0,0.2677464485168457,0.3314098821792333,0.2730604101803401,0.1155337318778038,-0.344198077917099,7.748335361480713,1.6838246583938599,0
physx,constant_forward,0,0,219,2.1899999510496855,1.0,0.0,0.26712048053741455,0.3340186416985699,0.27540055136357916,0.08852797746658325,-0.8797712326049805,8.593717575073242,1.2223405838012695,0
physx,constant_forward,0,0,220,2.199999950826168,1.0,0.0,0.26586660742759705,0.3206515045215861,0.2853895741621503,0.02919784002006054,1.1457527875900269,9.688545227050781,1.3948458433151245,0
physx,constant_forward,0,0,221,2.2099999506026506,1.0,0.0,0.2643797993659973,0.3100398846252664,0.29390945900673865,0.02995879203081131,0.4937191903591156,10.069197654724121,1.067191481590271,0
physx,constant_forward,0,0,222,2.2199999503791332,1.0,0.0,0.26384228467941284,0.3174570259209541,0.30100915304857534,0.07027241587638855,1.3303489685058594,10.340476036071777,1.2149369716644287,0
physx,constant_forward,0,0,223,2.229999950155616,1.0,0.0,0.2634788751602173,0.3240396328291669,0.29984692565284626,0.11106842011213303,0.46172773838043213,10.354240417480469,1.0344096422195435,0
physx,constant_forward,0,0,224,2.2399999499320984,1.0,0.0,0.2643629312515259,0.3281946601258882,0.30930748978855127,0.1519191414117813,-2.53422474861145,10.608068466186523,1.8083150386810303,0
physx,constant_forward,0,0,225,2.249999949708581,1.0,0.0,0.264723539352417,0.32269207212623713,0.32379966781021463,0.09622151404619217,-0.5018190145492554,9.809038162231445,2.553257942199707,0
physx,constant_forward,0,0,226,2.2599999494850636,1.0,0.0,0.26492050290107727,0.32076632314354886,0.32626065316751357,0.06338963657617569,0.19605019688606262,9.767683982849121,0.3370591998100281,0
physx,constant_forward,0,0,227,2.269999949261546,1.0,0.0,0.2650567889213562,0.3203062310659291,0.31913227902395186,0.01553966011852026,0.6161985397338867,9.68480396270752,0.6114048361778259,0
physx,constant_forward,0,0,228,2.2799999490380287,1.0,0.0,0.2652639150619507,0.32585940410214653,0.3027351918523712,-0.01705319434404373,0.29570889472961426,8.89443302154541,2.164907932281494,0
physx,constant_forward,0,0,229,2.2899999488145113,1.0,0.0,0.2648218274116516,0.3269411700987803,0.2868734497110834,-0.050843771547079086,-1.3425989151000977,7.8558478355407715,1.4938987493515015,0
physx,constant_forward,0,0,230,2.299999948590994,1.0,0.0,0.26345890760421753,0.3129463813812824,0.2797338952476119,-0.11295643448829651,1.9009712934494019,8.52606201171875,1.1983180046081543,0
physx,constant_forward,0,0,231,2.3099999483674765,1.0,0.0,0.26244595646858215,0.3122839120174866,0.27597547298638403,-0.039951130747795105,-0.25845658779144287,9.274238586425781,1.772213101387024,0
physx,constant_forward,0,0,232,2.319999948143959,1.0,0.0,0.26271870732307434,0.3251662906963305,0.284563248898913,0.010043016634881496,0.7750952243804932,10.037288665771484,3.513733148574829,0
physx,constant_forward,0,0,233,2.3299999479204416,1.0,0.0,0.26416856050491333,0.3400688708585891,0.3048536235746176,0.05108122155070305,0.7743161916732788,10.800406455993652,1.2679157257080078,0
physx,constant_forward,0,0,234,2.339999947696924,1.0,0.0,0.2660496234893799,0.3390462841839315,0.3284838881146206,0.03356802836060524,-2.100985527038574,11.028688430786133,0.32971957325935364,0
physx,constant_forward,0,0,235,2.349999947473407,1.0,0.0,0.26645246148109436,0.32382183385122953,0.34087996167721635,-0.031718745827674866,-1.3410472869873047,9.889829635620117,4.481856822967529,0
physx,constant_forward,0,0,236,2.3599999472498894,1.0,0.0,0.2659958600997925,0.3142921613714399,0.3311143927465092,-0.10619039088487625,1.5337713956832886,9.264714241027832,1.2265431880950928,0
physx,constant_forward,0,0,237,2.369999947026372,1.0,0.0,0.26497119665145874,0.3200525158563346,0.31048919023484073,-0.09791698306798935,-0.047114670276641846,8.393643379211426,1.741026520729065,0
physx,constant_forward,0,0,238,2.3799999468028545,1.0,0.0,0.2643537223339081,0.33797020943833855,0.2907925118295798,-0.06604482233524323,0.2231111079454422,7.605869293212891,2.817767858505249,0
physx,constant_forward,0,0,239,2.389999946579337,1.0,0.0,0.26319077610969543,0.33632950400108197,0.28814359413990753,-0.08203863352537155,-0.21428923308849335,8.001094818115234,1.7337853908538818,0
physx,constant_forward,0,0,240,2.3999999463558197,1.0,0.0,0.2624945342540741,0.33100081983632884,0.29918214089263684,-0.025335291400551796,0.07904866337776184,9.351550102233887,1.7805553674697876,0
physx,constant_forward,0,0,241,2.4099999461323023,1.0,0.0,0.263791561126709,0.3449959171596878,0.3181388676440919,0.04550164192914963,0.8053380846977234,10.492457389831543,1.5487420558929443,0
physx,constant_forward,0,0,242,2.419999945908785,1.0,0.0,0.2657071650028229,0.35481447309864844,0.3324001748064557,0.007566520012915134,1.7017416954040527,11.070133209228516,1.0062750577926636,0
physx,constant_forward,0,0,243,2.4299999456852674,1.0,0.0,0.2671012282371521,0.3381810847649734,0.34242821467305096,-0.011207898147404194,-2.722933530807495,10.44238567352295,2.109964609146118,0
physx,constant_forward,0,0,244,2.43999994546175,1.0,0.0,0.266888827085495,0.31569093596119063,0.335279274827307,-0.08075839281082153,0.6894283294677734,9.37109661102295,4.502538204193115,0
physx,constant_forward,0,0,245,2.4499999452382326,1.0,0.0,0.2664540112018585,0.31787820501082054,0.31571332681578684,-0.05623840540647507,-0.086693674325943,8.451528549194336,1.4785008430480957,0
physx,constant_forward,0,0,246,2.459999945014715,1.0,0.0,0.26606810092926025,0.33134575045527875,0.29423402933826476,-0.025751911103725433,-0.44916290044784546,7.6033782958984375,3.0280869007110596,0
physx,constant_forward,0,0,247,2.4699999447911978,1.0,0.0,0.2659699618816376,0.33939299584599597,0.28702474219802365,-0.019927779212594032,-1.0016318559646606,7.938665390014648,1.7693452835083008,0
physx,constant_forward,0,0,248,2.4799999445676804,1.0,0.0,0.26540467143058777,0.3263883248774035,0.29586575798089254,-0.04354643076658249,0.4827129542827606,9.168790817260742,1.6292777061462402,0
physx,constant_forward,0,0,249,2.489999944344163,1.0,0.0,0.2656542956829071,0.3212086092499592,0.31212369525583045,-0.016787193715572357,1.3529021739959717,9.970355987548828,1.185015082359314,0
physx,constant_forward,0,0,250,2.4999999441206455,1.0,0.0,0.26656830310821533,0.32592782515161883,0.3203921701990703,0.007850856520235538,0.8732285499572754,10.233222007751465,1.168219804763794,0
physx,constant_forward,0,0,251,2.509999943897128,1.0,0.0,0.2675294876098633,0.3282876726264451,0.31766359082223067,0.013357095420360565,1.0081590414047241,10.075088500976562,0.839453399181366,0
physx,constant_forward,0,0,252,2.5199999436736107,1.0,0.0,0.267976850271225,0.3220912483754599,0.30484997799978936,0.012324650771915913,0.9010730385780334,9.68589973449707,0.8232848644256592,0
physx,constant_forward,0,0,253,2.5299999434500933,1.0,0.0,0.26823025941848755,0.3010761745702314,0.30459336112423024,0.01201288215816021,-2.9448373317718506,9.785113334655762,1.7302170991897583,0
physx,constant_forward,0,0,254,2.539999943226576,1.0,0.0,0.2677743136882782,0.28326028997196456,0.3054516978981215,-0.03375673294067383,0.38080671429634094,9.118375778198242,3.163804292678833,0
physx,constant_forward,0,0,255,2.5499999430030584,1.0,0.0,0.2679924964904785,0.2901945841069061,0.3012047795972012,0.04156963527202606,-0.9145788550376892,9.012721061706543,1.360686182975769,0
physx,constant_forward,0,0,256,2.559999942779541,1.0,0.0,0.26899921894073486,0.30821321894124093,0.290678257983546,0.006680777762085199,1.2093392610549927,9.368943214416504,1.9331010580062866,0
physx,constant_forward,0,0,257,2.5699999425560236,1.0,0.0,0.2695153057575226,0.31722975700993367,0.2801097847179486,-0.017447303980588913,-1.4507337808609009,8.76837158203125,2.5835514068603516,0
physx,constant_forward,0,0,258,2.579999942332506,1.0,0.0,0.2686099112033844,0.3022245531991262,0.2713493398647255,-0.08540035039186478,1.0723450183868408,8.60318660736084,1.7930442094802856,0
physx,constant_forward,0,0,259,2.5899999421089888,1.0,0.0,0.2674553692340851,0.2924029625622612,0.2625345778105477,-0.06463849544525146,0.6236456036567688,8.963305473327637,1.7401782274246216,0
physx,constant_forward,0,0,260,2.5999999418854713,1.0,0.0,0.26702824234962463,0.2978044450009484,0.2565763521759733,0.012467477470636368,0.17549453675746918,9.008760452270508,2.0165441036224365,0
physx,constant_forward,0,0,261,2.609999941661954,1.0,0.0,0.2678646147251129,0.3104810417966822,0.26240721148193225,0.057958487421274185,0.9019171595573425,9.849934577941895,2.994567394256592,0
physx,constant_forward,0,0,262,2.6199999414384365,1.0,0.0,0.2693178355693817,0.3079083630667244,0.2859695983263364,0.053655918687582016,-2.5627694129943848,10.494577407836914,1.1152701377868652,0
physx,constant_forward,0,0,263,2.629999941214919,1.0,0.0,0.2699495255947113,0.2992160215291492,0.307396510335624,-0.004764205310493708,0.5283166766166687,9.539196014404297,3.469304323196411,0
physx,constant_forward,0,0,264,2.6399999409914017,1.0,0.0,0.26984477043151855,0.29116799455856124,0.31279498249448406,-0.05975644662976265,0.17947380244731903,9.772985458374023,0.6918730735778809,0
physx,constant_forward,0,0,265,2.6499999407678843,1.0,0.0,0.26983901858329773,0.2972062935762558,0.30762594539754806,-0.05083097890019417,-0.19867075979709625,9.363910675048828,1.5644491910934448,0
physx,constant_forward,0,0,266,2.659999940544367,1.0,0.0,0.26973220705986023,0.3099905261055067,0.29101672727812716,-0.047284550964832306,0.38651567697525024,8.223329544067383,1.9035688638687134,0
physx,constant_forward,0,0,267,2.6699999403208494,1.0,0.0,0.269235759973526,0.31895242369501536,0.27783756897007084,-0.04779559001326561,-1.2447361946105957,7.79024600982666,0.8834077715873718,0
physx,constant_forward,0,0,268,2.679999940097332,1.0,0.0,0.2677977383136749,0.3099095861720457,0.27293701710788987,-0.07494638860225677,1.8537806272506714,8.378064155578613,1.2202032804489136,0
physx,constant_forward,0,0,269,2.6899999398738146,1.0,0.0,0.2665872573852539,0.3098024750033214,0.2724488059681133,0.008456563577055931,-0.6434474587440491,9.231019973754883,1.6637338399887085,0
physx,constant_forward,0,0,270,2.699999939650297,1.0,0.0,0.26691803336143494,0.3244517762950267,0.2838191578775533,0.050489455461502075,0.8914914131164551,10.124775886535645,3.2164876461029053,0
physx,constant_forward,0,0,271,2.7099999394267797,1.0,0.0,0.26834726333618164,0.33937737588867006,0.303633280282833,0.08366404473781586,0.7873920798301697,10.879270553588867,1.2554951906204224,0
physx,constant_forward,0,0,272,2.7199999392032623,1.0,0.0,0.269940584897995,0.33209216281850995,0.32816586609407655,0.04931143298745155,-2.6368815898895264,11.026132583618164,0.21499969065189362,0
physx,constant_forward,0,0,273,2.729999938979745,1.0,0.0,0.27031147480010986,0.31843566722140443,0.33595331831329284,-0.016543811187148094,0.40648791193962097,9.70836067199707,5.0727458000183105,0
physx,constant_forward,0,0,274,2.7399999387562275,1.0,0.0,0.2696017026901245,0.3122741215247485,0.3225134511631884,-0.09694217890501022,1.4600573778152466,8.781437873840332,1.3918142318725586,0
physx,constant_forward,0,0,275,2.74999993853271,1.0,0.0,0.2687031924724579,0.3254994243305386,0.30454404744073765,-0.03779738396406174,-0.2637825906276703,7.984480381011963,1.2195066213607788,0
physx,constant_forward,0,0,276,2.7599999383091927,1.0,0.0,0.26796862483024597,0.34468862821755336,0.2864132755008752,-0.012111863121390343,0.4561033248901367,7.270102500915527,3.0592236518859863,0
physx,constant_forward,0,0,277,2.7699999380856752,1.0,0.0,0.2663784325122833,0.33902937294519864,0.2860082317000237,-0.029202548786997795,-0.5559883713722229,7.7933807373046875,1.5689188241958618,0
physx,constant_forward,0,0,278,2.779999937862158,1.0,0.0,0.26502877473831177,0.3285471174138863,0.29984943256027075,0.020483586937189102,0.009462140500545502,9.196980476379395,2.0359342098236084,0
physx,constant_forward,0,0,279,2.7899999376386404,1.0,0.0,0.26585671305656433,0.3433883429388375,0.3221805949368848,0.11182333528995514,0.8926476240158081,10.54810619354248,1.8191394805908203,0
physx,constant_forward,0,0,280,2.799999937415123,1.0,0.0,0.267590194940567,0.3592881240881823,0.3384235646248181,0.08060488849878311,1.7391629219055176,11.277146339416504,1.3870818614959717,0
physx,constant_forward,0,0,281,2.8099999371916056,1.0,0.0,0.26876336336135864,0.34531158524248734,0.3473567178916232,0.058408066630363464,-2.5895378589630127,10.63558292388916,1.9477065801620483,0
physx,constant_forward,0,0,282,2.819999936968088,1.0,0.0,0.2682894766330719,0.3222967042029469,0.3400816130911252,-0.0073585486970841885,0.5591736435890198,9.404601097106934,4.741109371185303,0
physx,constant_forward,0,0,283,2.8299999367445707,1.0,0.0,0.2674277722835541,0.32086954173443166,0.32069085934571745,0.0017729445826262236,-0.184548020362854,8.49520206451416,1.4113094806671143,0
physx,constant_forward,0,0,284,2.8399999365210533,1.0,0.0,0.2666252851486206,0.33313255342911463,0.30047860463896314,0.03400569409132004,-0.2252216339111328,7.632418632507324,2.6197454929351807,0
physx,constant_forward,0,0,285,2.849999936297536,1.0,0.0,0.26623621582984924,0.34392596552537197,0.29373296503272056,0.05163068696856499,-1.1148695945739746,7.935957431793213,1.9702410697937012,0
physx,constant_forward,0,0,286,2.8599999360740185,1.0,0.0,0.2653679847717285,0.33265768021725084,0.3029609836205374,0.018874825909733772,0.47954416275024414,9.213805198669434,1.6346760988235474,0
physx,constant_forward,0,0,287,2.869999935850501,1.0,0.0,0.2651008665561676,0.32562420157551386,0.3190453624231103,0.036987949162721634,1.2529796361923218,10.011789321899414,1.3075971603393555,0
physx,constant_forward,0,0,288,2.8799999356269836,1.0,0.0,0.2656828761100769,0.331195993038625,0.3277343996272057,0.061275385320186615,0.8567089438438416,10.308262825012207,1.1363236904144287,0
physx,constant_forward,0,0,289,2.8899999354034662,1.0,0.0,0.2664119005203247,0.335095231172101,0.32508024572306965,0.06433379650115967,1.0444928407669067,10.157876968383789,0.8202171325683594,0
physx,constant_forward,0,0,290,2.899999935179949,1.0,0.0,0.2665749192237854,0.31823123602019193,0.3193524589237462,0.054487280547618866,-2.299114942550659,9.756391525268555,0.7717195749282837,0
physx,constant_forward,0,0,291,2.9099999349564314,1.0,0.0,0.2655892074108124,0.2972326512527918,0.3118745045970527,0.0009781226981431246,0.4980362057685852,9.022104263305664,2.7664952278137207,0
physx,constant_forward,0,0,292,2.919999934732914,1.0,0.0,0.2650548219680786,0.2963855562892014,0.306597317085024,0.06256367266178131,-1.022271752357483,9.124410629272461,1.2485162019729614,0
physx,constant_forward,0,0,293,2.9299999345093966,1.0,0.0,0.2658631205558777,0.3156444193780197,0.3034904682760496,0.05032035708427429,1.3600040674209595,9.580401420593262,1.979248285293579,0
physx,constant_forward,0,0,294,2.939999934285879,1.0,0.0,0.2661508023738861,0.32537116837237445,0.29765131402167405,0.00861467607319355,-1.0945701599121094,9.074281692504883,2.044766426086426,0
physx,constant_forward,0,0,295,2.9499999340623617,1.0,0.0,0.26508790254592896,0.31028093378565497,0.2958415289018855,-0.05104424059391022,0.725697934627533,9.198463439941406,1.6092890501022339,0
physx,constant_forward,0,0,296,2.9599999338388443,1.0,0.0,0.2637157738208771,0.2979430104023173,0.28987873298169253,-0.053285229951143265,0.6705370545387268,9.485286712646484,1.506225347518921,0
physx,constant_forward,0,0,297,2.969999933615327,1.0,0.0,0.2634381353855133,0.3071963427499485,0.28282201107894783,0.03491951525211334,0.7143430709838867,9.363661766052246,1.5404307842254639,0
physx,constant_forward,0,0,298,2.9799999333918095,1.0,0.0,0.26452454924583435,0.31730681442075426,0.28670532304655694,0.10426624864339828,-2.1470224857330322,9.980674743652344,3.100146770477295,0
physx,constant_forward,0,0,299,2.989999933168292,1.0,0.0,0.2652861177921295,0.3172316283754282,0.302744528401415,0.05068610608577728,-0.843746542930603,9.617987632751465,2.2118992805480957,0
physx,constant_forward,0,0,300,2.9999999329447746,1.0,0.0,0.26583361625671387,0.31441321622804996,0.3134769753452887,0.004189230501651764,0.3503718972206116,9.992035865783691,0.8116441965103149,0
physx,constant_forward,0,0,301,3.009999932721257,1.0,0.0,0.2660943865776062,0.31109844721904295,0.3137821833885591,-0.03781023621559143,0.5235446691513062,10.154520988464355,0.39697715640068054,0
physx,constant_forward,0,0,302,3.01999993249774,1.0,0.0,0.2668595314025879,0.32233841964421395,0.30406376488492337,-0.03548549860715866,0.4712812006473541,9.545876502990723,1.743632197380066,0
physx,constant_forward,0,0,303,3.0299999322742224,1.0,0.0,0.26654747128486633,0.319463536801264,0.2938701855809601,-0.08962667733430862,-0.18759506940841675,8.318992614746094,1.9184461832046509,0
physx,constant_forward,0,0,304,3.039999932050705,1.0,0.0,0.2653822600841522,0.30732703242538745,0.28239676674340247,-0.10342337191104889,1.2673624753952026,8.549253463745117,0.6915941834449768,0
physx,constant_forward,0,0,305,3.0499999318271875,1.0,0.0,0.2647165060043335,0.3089511247513586,0.27459865491667407,-0.006879343185573816,-0.4368915855884552,8.85218334197998,0.6327815055847168,0
physx,constant_forward,0,0,306,3.05999993160367,1.0,0.0,0.26571109890937805,0.325967438440743,0.2777431377183885,0.042519792914390564,1.0716053247451782,9.599028587341309,3.027521848678589,0
physx,constant_forward,0,0,307,3.0699999313801527,1.0,0.0,0.2673918604850769,0.3271360465125226,0.296290568256908,0.043566279113292694,-2.1278293132781982,10.3499174118042,1.2027087211608887,0
physx,constant_forward,0,0,308,3.0799999311566353,1.0,0.0,0.2682737112045288,0.3194097881422737,0.3143769292639415,-0.014676133170723915,0.5654364228248596,9.61314868927002,3.2119314670562744,0
physx,constant_forward,0,0,309,3.089999930933118,1.0,0.0,0.26854208111763,0.3107864031245851,0.3183923427304697,-0.06053910404443741,0.28467485308647156,9.920114517211914,0.5801711082458496,0
physx,constant_forward,0,0,310,3.0999999307096004,1.0,0.0,0.2691207528114319,0.31694521608143145,0.3109408632466535,-0.05912258103489876,0.029974713921546936,9.565719604492188,1.5214929580688477,0
physx,constant_forward,0,0,311,3.109999930486083,1.0,0.0,0.26913735270500183,0.32053975430602605,0.29585942907986074,-0.0856410413980484,-1.158204197883606,8.460060119628906,1.7565935850143433,0
physx,constant_forward,0,0,312,3.1199999302625656,1.0,0.0,0.267870157957077,0.3041563168984317,0.284236448584454,-0.1484798640012741,1.9396628141403198,8.620648384094238,0.5666687488555908,0
physx,constant_forward,0,0,313,3.129999930039048,1.0,0.0,0.26678231358528137,0.3028582377791124,0.27286326786797727,-0.056814052164554596,-0.4403822720050812,8.942840576171875,1.7553542852401733,0
physx,constant_forward,0,0,314,3.1399999298155308,1.0,0.0,0.2672589123249054,0.3207747553351974,0.2733827049621757,0.013768304139375687,0.8138986825942993,9.294492721557617,3.7979073524475098,0
physx,constant_forward,0,0,315,3.1499999295920134,1.0,0.0,0.26888349652290344,0.33899206321820835,0.2839585809546633,0.05396750941872597,0.9739171266555786,10.156561851501465,1.3951668739318848,0
physx,constant_forward,0,0,316,3.159999929368496,1.0,0.0,0.2707483768463135,0.3353542312196577,0.3049951964853703,0.03920501843094826,-2.5637757778167725,10.510540008544922,0.43945854902267456,0
physx,constant_forward,0,0,317,3.1699999291449785,1.0,0.0,0.27131184935569763,0.3185510746456056,0.31781102980535453,-0.036717962473630905,0.2600836157798767,9.463013648986816,3.7609448432922363,0
physx,constant_forward,0,0,318,3.179999928921461,1.0,0.0,0.2710608243942261,0.30919518311005645,0.3108145052081067,-0.10782540589570999,0.9180249571800232,9.200823783874512,1.6377590894699097,0
physx,constant_forward,0,0,319,3.1899999286979437,1.0,0.0,0.2707139551639557,0.31933214737634746,0.2947176222907621,-0.06681356579065323,-0.10574397444725037,8.32574462890625,1.2366855144500732,0
physx,constant_forward,0,0,320,3.1999999284744263,1.0,0.0,0.2705501317977905,0.3368603828384846,0.2752021583282661,-0.04103158414363861,0.35462313890457153,7.494105339050293,2.5220272541046143,0
physx,constant_forward,0,0,321,3.209999928250909,1.0,0.0,0.2689543068408966,0.3289449731552163,0.2657217729403924,-0.0859115943312645,-0.36681801080703735,7.550395488739014,0.6334227323532104,0
physx,constant_forward,0,0,322,3.2199999280273914,1.0,0.0,0.2671370506286621,0.31353697740405434,0.2712338078990377,-0.025895101949572563,-0.15799322724342346,8.52720832824707,2.181986093521118,0
physx,constant_forward,0,0,323,3.229999927803874,1.0,0.0,0.2674735486507416,0.3236191608832159,0.29037699756039903,0.07679339498281479,0.5480562448501587,9.95615291595459,2.1018567085266113,0
physx,constant_forward,0,0,324,3.2399999275803566,1.0,0.0,0.2693083584308624,0.34321108924601285,0.30975327810408876,0.08775576949119568,1.503906011581421,10.981707572937012,1.7290024757385254,0
physx,constant_forward,0,0,325,3.249999927356839,1.0,0.0,0.27087703347206116,0.3382238518270253,0.32019110661049827,0.06629614531993866,-2.0386598110198975,10.700275421142578,1.6029740571975708,0
physx,constant_forward,0,0,326,3.2599999271333218,1.0,0.0,0.27058860659599304,0.31448907194204745,0.3200401485860541,0.00045632245019078255,-1.3585846424102783,9.589329719543457,4.3239545822143555,0
physx,constant_forward,0,0,327,3.2699999269098043,1.0,0.0,0.26948603987693787,0.30126027836138064,0.30398947139212473,-0.05723869800567627,1.0585590600967407,8.812784194946289,1.209709644317627,0
physx,constant_forward,0,0,328,3.279999926686287,1.0,0.0,0.26840928196907043,0.31162448287981004,0.28623315032338753,-0.01239270344376564,-0.4121909737586975,8.027789115905762,1.4571353197097778,0
physx,constant_forward,0,0,329,3.2899999264627695,1.0,0.0,0.2677508592605591,0.3289179530749948,0.2769481932178535,0.03720660135149956,-0.22052332758903503,7.7912492752075195,3.446835517883301,0
physx,constant_forward,0,0,330,3.299999926239252,1.0,0.0,0.26778721809387207,0.34194451371859563,0.2830435461583572,0.04920411854982376,-1.268944501876831,8.674038887023926,1.1482826471328735,0
physx,constant_forward,0,0,331,3.3099999260157347,1.0,0.0,0.2674868106842041,0.33409862560622744,0.30174890979000846,0.006350007839500904,1.3820093870162964,9.960212707519531,1.5145559310913086,0
physx,constant_forward,0,0,332,3.3199999257922173,1.0,0.0,0.267583966255188,0.3271588617879876,0.32142967028600217,0.022693876177072525,0.9155208468437195,10.61688232421875,0.9130192399024963,0
physx,constant_forward,0,0,333,3.3299999255687,1.0,0.0,0.2682496905326843,0.3275067663387644,0.3287643399199466,0.02663964219391346,0.8477578163146973,10.52939510345459,1.4107431173324585,0
physx,constant_forward,0,0,334,3.3399999253451824,1.0,0.0,0.2689277231693268,0.32712784631875325,0.3199170583140197,0.03415030986070633,0.9254226684570312,9.985696792602539,1.1165645122528076,0
physx,constant_forward,0,0,335,3.349999925121665,1.0,0.0,0.26941657066345215,0.3164624719576846,0.3022445313271895,0.04047847166657448,-2.0671048164367676,9.342357635498047,1.1413809061050415,0
physx,constant_forward,0,0,336,3.3599999248981476,1.0,0.0,0.26843318343162537,0.2935199824834886,0.2910169892962394,-0.010189896449446678,-0.729336142539978,8.39326286315918,2.3657984733581543,0
physx,constant_forward,0,0,337,3.36999992467463,1.0,0.0,0.2676752805709839,0.28477236333303524,0.28402952964728406,0.03043188713490963,-0.537903904914856,8.493417739868164,0.7939138412475586,0
physx,constant_forward,0,0,338,3.3799999244511127,1.0,0.0,0.2683432698249817,0.30059147386143537,0.28185963997460295,0.07895294576883316,-0.06579360365867615,8.964009284973145,1.8919743299484253,0
physx,constant_forward,0,0,339,3.3899999242275953,1.0,0.0,0.26925790309906006,0.31281534741404365,0.2786808654765432,0.030294692143797874,0.9493944048881531,9.543302536010742,1.2034050226211548,0
physx,constant_forward,0,0,340,3.399999924004078,1.0,0.0,0.26905006170272827,0.30569161183387245,0.28218811351648826,-0.031215844675898552,-1.2783392667770386,9.306203842163086,2.120676279067993,0
physx,constant_forward,0,0,341,3.4099999237805605,1.0,0.0,0.2679697275161743,0.28991839968140604,0.2787092487887492,-0.10032057762145996,1.6494708061218262,9.411920547485352,1.537272334098816,0
physx,constant_forward,0,0,342,3.419999923557043,1.0,0.0,0.26701951026916504,0.28805984936505546,0.2726304539516894,-0.05601230636239052,0.5807011127471924,9.706061363220215,1.3623478412628174,0
physx,constant_forward,0,0,343,3.4299999233335257,1.0,0.0,0.2668072581291199,0.2984570285286916,0.26603256899331523,-0.0039571369998157024,0.20617008209228516,9.624451637268066,2.366835832595825,0
physx,constant_forward,0,0,344,3.4399999231100082,1.0,0.0,0.26773205399513245,0.31054251848001285,0.27172719293385716,0.03404828906059265,0.5348612666130066,10.28825855255127,2.5151360034942627,0
physx,constant_forward,0,0,345,3.449999922886491,1.0,0.0,0.2693530321121216,0.307351323439846,0.29387321566865277,0.021854162216186523,-2.2125232219696045,10.635085105895996,0.7158361077308655,0
physx,constant_forward,0,0,346,3.4599999226629734,1.0,0.0,0.270350843667984,0.2999364959834581,0.3112433198168866,-0.0381329208612442,0.5864244699478149,9.666007995605469,3.2685651779174805,0
physx,constant_forward,0,0,347,3.469999922439456,1.0,0.0,0.27096232771873474,0.2955996115789017,0.31277729643610797,-0.08248787373304367,0.5451533198356628,9.795202255249023,0.6764270067214966,0
physx,constant_forward,0,0,348,3.4799999222159386,1.0,0.0,0.2714273929595947,0.3004111441172467,0.30017093099137954,-0.10061871260404587,0.11850230395793915,9.3149995803833,1.7305407524108887,0
physx,constant_forward,0,0,349,3.489999921992421,1.0,0.0,0.271581768989563,0.3084484501325029,0.28020713658492125,-0.11688914149999619,0.22406835854053497,8.155632972717285,1.7748701572418213,0
physx,constant_forward,0,0,350,3.4999999217689037,1.0,0.0,0.2705651521682739,0.3023476989665661,0.26939029004045206,-0.16053859889507294,-0.03020710125565529,7.748902797698975,0.6112409234046936,0
physx,constant_forward,0,0,351,3.5099999215453863,1.0,0.0,0.2692370116710663,0.2959564506732717,0.262718291341908,-0.12626808881759644,1.115447998046875,8.383383750915527,0.9716270565986633,0
physx,constant_forward,0,0,352,3.519999921321869,1.0,0.0,0.268841952085495,0.3029701725209528,0.2631260005698779,-0.02248142659664154,-0.07742319256067276,9.021084785461426,1.3183982372283936,0
physx,constant_forward,0,0,353,3.5299999210983515,1.0,0.0,0.26961201429367065,0.31411353672871367,0.2735443145749844,0.027580246329307556,0.9006569385528564,9.871480941772461,2.834982395172119,0
physx,constant_forward,0,0,354,3.539999920874834,1.0,0.0,0.2714965343475342,0.3267927497997113,0.2939254612604854,0.06888137012720108,0.6986371278762817,10.614413261413574,1.2123029232025146,0
physx,constant_forward,0,0,355,3.5499999206513166,1.0,0.0,0.2732369899749756,0.3143234339724563,0.318243490472855,0.02264312468469143,-2.967834711074829,10.85340690612793,0.3086787760257721,0
physx,constant_forward,0,0,356,3.5599999204277992,1.0,0.0,0.2736814022064209,0.2973150474251663,0.3257269308535065,-0.04119552671909332,0.38871511816978455,9.615179061889648,5.259849548339844,0
physx,constant_forward,0,0,357,3.569999920204282,1.0,0.0,0.27306896448135376,0.2915280817405979,0.3118699497428557,-0.11867678910493851,1.3563424348831177,8.778270721435547,1.3206251859664917,0
physx,constant_forward,0,0,358,3.5799999199807644,1.0,0.0,0.2722519636154175,0.3057704389753754,0.2947069511486636,-0.05276969447731972,-0.04809261113405228,8.0462646484375,1.118318796157837,0
physx,constant_forward,0,0,359,3.589999919757247,1.0,0.0,0.27189579606056213,0.33044530447761433,0.279882246150567,-0.006997343618422747,0.37551242113113403,7.305872917175293,3.0550155639648438,0
physx,constant_forward,0,0,360,3.5999999195337296,1.0,0.0,0.2705638110637665,0.3350374155384903,0.2715108895212533,-0.016164634376764297,-1.3934204578399658,7.462233543395996,0.6526646614074707,0
physx,constant_forward,0,0,361,3.609999919310212,1.0,0.0,0.26843270659446716,0.31686470328124655,0.2811356406910393,-0.01843639835715294,0.04686160385608673,8.569172859191895,2.42482328414917,0
physx,constant_forward,0,0,362,3.6199999190866947,1.0,0.0,0.26802298426628113,0.320155949570476,0.30363243118715305,0.09653972089290619,0.3367593586444855,9.964064598083496,1.9253287315368652,0
physx,constant_forward,0,0,363,3.6299999188631773,1.0,0.0,0.2698972821235657,0.34799656320869166,0.3279972931658436,0.15953689813613892,0.8194164037704468,11.188324928283691,2.2965152263641357,0
physx,constant_forward,0,0,364,3.63999991863966,1.0,0.0,0.271577388048172,0.35698143106177377,0.3416268077086882,0.0886635109782219,1.5440279245376587,11.19305419921875,0.5425065159797668,0
physx,constant_forward,0,0,365,3.6499999184161425,1.0,0.0,0.2722325921058655,0.3328292223079933,0.34598040975902733,0.0518779531121254,-2.7126545906066895,10.218999862670898,2.367818593978882,0
physx,constant_forward,0,0,366,3.659999918192625,1.0,0.0,0.27131471037864685,0.306291686809347,0.334470912525364,-0.011480258777737617,0.8149641752243042,9.018104553222656,4.726511478424072,0
physx,constant_forward,0,0,367,3.6699999179691076,1.0,0.0,0.27017077803611755,0.30777505427439505,0.3137255882625622,0.025030510500073433,0.02749668061733246,8.028624534606934,1.6198723316192627,0
physx,constant_forward,0,0,368,3.67999991774559,1.0,0.0,0.26924166083335876,0.32414877424944594,0.2943253135271584,0.07136081159114838,-0.42911669611930847,7.276575565338135,3.473824977874756,0
physx,constant_forward,0,0,369,3.689999917522073,1.0,0.0,0.2687299847602844,0.3376856796696628,0.2876711950717901,0.11019465327262878,-0.31101101636886597,7.76569938659668,1.6763724088668823,0
physx,constant_forward,0,0,370,3.6999999172985554,1.0,0.0,0.26791056990623474,0.3325933684443109,0.2971437670086985,0.06740941107273102,-0.3503791391849518,8.741087913513184,1.4339170455932617,0
physx,constant_forward,0,0,371,3.709999917075038,1.0,0.0,0.267161101102829,0.32218707508102123,0.3138642316268699,0.06343065202236176,0.564566433429718,10.14033317565918,1.6546694040298462,0
physx,constant_forward,0,0,372,3.7199999168515205,1.0,0.0,0.2673529088497162,0.3221154418618418,0.33296694650416614,0.06902507692575455,0.8280696272850037,10.97512435913086,1.0252612829208374,0
physx,constant_forward,0,0,373,3.729999916628003,1.0,0.0,0.2681129574775696,0.32608114294289586,0.3412786298835953,0.0646994337439537,1.1461381912231445,10.904181480407715,1.3583317995071411,0
physx,constant_forward,0,0,374,3.7399999164044857,1.0,0.0,0.26900166273117065,0.32148232568426577,0.3370633867863063,0.07246086001396179,-2.0872817039489746,10.281774520874023,1.0843771696090698,0
physx,constant_forward,0,0,375,3.7499999161809683,1.0,0.0,0.268309623003006,0.30503560806953317,0.32307171815773916,0.022971423342823982,-0.4961715340614319,9.14849853515625,2.904653310775757,0
physx,constant_forward,0,0,376,3.759999915957451,1.0,0.0,0.26720139384269714,0.2943092517778538,0.30677821300174807,0.006859493441879749,-0.04477539658546448,8.508576393127441,1.4095088243484497,0
physx,constant_forward,0,0,377,3.7699999157339334,1.0,0.0,0.26698043942451477,0.3019418920174273,0.29811061115564785,0.034326307475566864,0.6256230473518372,8.740277290344238,0.9311183094978333,0
physx,constant_forward,0,0,378,3.779999915510416,1.0,0.0,0.2669474184513092,0.31635613402809826,0.2867669858450615,0.02115471102297306,0.5788028836250305,8.585938453674316,1.3363367319107056,0
physx,constant_forward,0,0,379,3.7899999152868986,1.0,0.0,0.2664511501789093,0.3246262055826572,0.28134389191555964,0.009776901453733444,-1.474312424659729,8.171333312988281,0.9626206159591675,0
physx,constant_forward,0,0,380,3.799999915063381,1.0,0.0,0.2649380564689636,0.3124171165438921,0.28348540953585905,-0.04510999470949173,1.4930628538131714,9.028400421142578,1.4051326513290405,0
physx,constant_forward,0,0,381,3.8099999148398638,1.0,0.0,0.26375940442085266,0.3108697529977653,0.28639199604713356,0.018915826454758644,0.8438345193862915,9.78489875793457,1.7139477729797363,0
physx,constant_forward,0,0,382,3.8199999146163464,1.0,0.0,0.26334598660469055,0.3198090886984404,0.28823016460723194,0.07603476941585541,0.2437155544757843,9.971076965332031,2.26466965675354,0
physx,constant_forward,0,0,383,3.829999914392829,1.0,0.0,0.2640403211116791,0.3297241764070916,0.29936502347271726,0.11156085878610611,0.5264784097671509,10.67969036102295,2.387645721435547,0
physx,constant_forward,0,0,384,3.8399999141693115,1.0,0.0,0.26556357741355896,0.3363299506158043,0.3175728520960584,0.11171381920576096,0.47937536239624023,10.908225059509277,0.5944017171859741,0
physx,constant_forward,0,0,385,3.849999913945794,1.0,0.0,0.26720985770225525,0.32402353060802164,0.34077393430920644,0.08233468234539032,-2.44504451751709,10.892784118652344,0.18712899088859558,0
physx,constant_forward,0,0,386,3.8599999137222767,1.0,0.0,0.2678052484989166,0.30806326355905395,0.3491348418461119,0.0013365305494517088,0.5561731457710266,9.678689002990723,3.593158721923828,0
physx,constant_forward,0,0,387,3.8699999134987593,1.0,0.0,0.267560750246048,0.3014685937114643,0.3356842461831832,-0.08013734221458435,1.1944893598556519,8.901446342468262,1.8890044689178467,0
physx,constant_forward,0,0,388,3.879999913275242,1.0,0.0,0.26694995164871216,0.3109065302901128,0.3138706869902374,-0.050950732082128525,-0.1708318591117859,7.8879523277282715,1.396645188331604,0
physx,constant_forward,0,0,389,3.8899999130517244,1.0,0.0,0.26654648780822754,0.3291681003320411,0.29130972006370776,-0.031651854515075684,0.32987192273139954,7.2584381103515625,2.399712085723877,0
physx,constant_forward,0,0,390,3.899999912828207,1.0,0.0,0.26531821489334106,0.33275876061947185,0.2768769724558556,-0.04323847219347954,-1.3320988416671753,7.497313499450684,0.6850590705871582,0
physx,constant_forward,0,0,391,3.9099999126046896,1.0,0.0,0.26344192028045654,0.3164547971859323,0.2852175033948127,-0.05533553287386894,0.04752136766910553,8.703059196472168,2.456714391708374,0
physx,constant_forward,0,0,392,3.919999912381172,1.0,0.0,0.26314786076545715,0.31804381701245826,0.30870250250848197,0.03699066862463951,0.42846792936325073,10.005728721618652,1.8946012258529663,0
physx,constant_forward,0,0,393,3.9299999121576548,1.0,0.0,0.26406577229499817,0.3310007975720063,0.3235903699220603,0.07669752836227417,0.8190005421638489,10.801752090454102,1.7748140096664429,0
physx,constant_forward,0,0,394,3.9399999119341373,1.0,0.0,0.26536494493484497,0.33650458467113387,0.33375314433836145,0.04587404802441597,1.3739440441131592,11.13713264465332,1.3910592794418335,0
physx,constant_forward,0,0,395,3.94999991171062,1.0,0.0,0.26637619733810425,0.3199239979986294,0.34316618875166,0.02397078275680542,-2.603875160217285,10.388592720031738,1.8838566541671753,0
physx,constant_forward,0,0,396,3.9599999114871025,1.0,0.0,0.2659751772880554,0.30063772974492076,0.33727139240178056,-0.04515213519334793,0.7369850873947144,9.303594589233398,4.162153720855713,0
physx,constant_forward,0,0,397,3.969999911263585,1.0,0.0,0.26516854763031006,0.30279935813976466,0.3196272981732015,-0.031389735639095306,-0.03192625939846039,8.368483543395996,1.5117701292037964,0
physx,constant_forward,0,0,398,3.9799999110400677,1.0,0.0,0.26452288031578064,0.31807131061331706,0.3029051150896109,0.008993754163384438,-0.5697319507598877,7.66845178604126,2.852294921875,0
physx,constant_forward,0,0,399,3.9899999108165503,1.0,0.0,0.26440536975860596,0.3325420944850721,0.2972765072340546,0.04282556101679802,-0.2721264660358429,8.058488845825195,1.9091955423355103,0
physx,constant_forward,0,0,400,3.999999910593033,1.0,0.0,0.2641211748123169,0.3301036673009509,0.3077881019861831,0.001539610791951418,-0.30195048451423645,8.978315353393555,1.3093514442443848,0
physx,constant_forward,0,0,401,4.009999910369515,1.0,0.0,0.26396527886390686,0.32248235477382314,0.32397279286072705,-0.0023977570235729218,0.5536985397338867,10.278194427490234,1.4982686042785645,0
physx,constant_forward,0,0,402,4.019999910145998,1.0,0.0,0.26467424631118774,0.3231620130960424,0.3413399041437646,-0.0017605223692953587,0.8197913765907288,10.943865776062012,0.8501874208450317,0
physx,constant_forward,0,0,403,4.029999909922481,1.0,0.0,0.26587435603141785,0.32637328799610493,0.34746680711114186,-0.006985100451856852,1.0285592079162598,10.768075942993164,1.4204540252685547,0
physx,constant_forward,0,0,404,4.039999909698963,1.0,0.0,0.26714202761650085,0.32043302415751324,0.3412634639145994,-0.0012562642805278301,-2.1301708221435547,10.123161315917969,1.1120102405548096,0
physx,constant_forward,0,0,405,4.049999909475446,1.0,0.0,0.26684725284576416,0.3034072738135025,0.3261668308008388,-0.051129937171936035,-0.4340173006057739,9.064987182617188,2.888061046600342,0
physx,constant_forward,0,0,406,4.059999909251928,1.0,0.0,0.26619309186935425,0.2929224185045831,0.30944901503884015,-0.060422640293836594,-0.1517535150051117,8.475329399108887,1.485076904296875,0
physx,constant_forward,0,0,407,4.069999909028411,1.0,0.0,0.2664986550807953,0.3013130644102255,0.30065714064876514,-0.03227631747722626,0.5885928869247437,8.788915634155273,1.0018287897109985,0
physx,constant_forward,0,0,408,4.0799999088048935,1.0,0.0,0.2669498324394226,0.31505113535702645,0.2890192229400203,-0.048314016312360764,0.5379957556724548,8.694400787353516,1.276680588722229,0
physx,constant_forward,0,0,409,4.089999908581376,1.0,0.0,0.2663849890232086,0.3128412077948017,0.28720400341426505,-0.08944562822580338,-0.7953946590423584,8.350171089172363,0.8472788333892822,0
physx,constant_forward,0,0,410,4.099999908357859,1.0,0.0,0.2650918662548065,0.30045585174866474,0.2854488646765361,-0.1264485865831375,1.9263193607330322,9.077784538269043,1.2074767351150513,0
physx,constant_forward,0,0,411,4.109999908134341,1.0,0.0,0.26445138454437256,0.3064046025810872,0.28468690613658765,-0.020000116899609566,-0.2855244576931,9.735369682312012,1.3830792903900146,0
physx,constant_forward,0,0,412,4.119999907910824,1.0,0.0,0.26517927646636963,0.32379759995723073,0.29315857399488066,0.026566194370388985,0.6420871615409851,10.345162391662598,3.4591004848480225,0
physx,constant_forward,0,0,413,4.129999907687306,1.0,0.0,0.2668827772140503,0.33769085295434514,0.31060786883254565,0.0494198203086853,0.5383070707321167,10.780203819274902,0.8390911221504211,0
physx,constant_forward,0,0,414,4.139999907463789,1.0,0.0,0.26921364665031433,0.33762290154672664,0.3314383894869398,0.044173628091812134,-2.564492702484131,10.882672309875488,0.23292097449302673,0
physx,constant_forward,0,0,415,4.149999907240272,1.0,0.0,0.2705844044685364,0.32521672155269,0.3458505362051986,-0.013513283804059029,-0.18972380459308624,9.740375518798828,3.329899787902832,0
physx,constant_forward,0,0,416,4.159999907016754,1.0,0.0,0.2711254954338074,0.31288697771739177,0.33797682926578737,-0.09404650330543518,0.8981512784957886,9.568450927734375,0.4692141115665436,0
physx,constant_forward,0,0,417,4.169999906793237,1.0,0.0,0.27103057503700256,0.3078518423043973,0.31682621568848984,-0.11949647963047028,-0.16178613901138306,8.782018661499023,2.4964497089385986,0
physx,constant_forward,0,0,418,4.179999906569719,1.0,0.0,0.2707645893096924,0.3131117270161953,0.28975217484645754,-0.11785928905010223,0.14979815483093262,7.535098552703857,2.012367010116577,0
physx,constant_forward,0,0,419,4.189999906346202,1.0,0.0,0.2703755795955658,0.3218275942618533,0.26520670479566033,-0.11029776930809021,0.25338688492774963,7.301581382751465,0.7878881096839905,0
physx,constant_forward,0,0,420,4.1999999061226845,1.0,0.0,0.269855797290802,0.3297488782438365,0.2472309288385577,-0.08465214818716049,0.178914874792099,7.391205787658691,0.3785693347454071,0
physx,constant_forward,0,0,421,4.209999905899167,1.0,0.0,0.26932293176651,0.32910831326550516,0.2520973454887068,-0.07939288020133972,-0.617360532283783,8.081464767456055,1.7508761882781982,0
physx,constant_forward,0,0,422,4.21999990567565,1.0,0.0,0.26862841844558716,0.31574849732396165,0.26854009342076335,-0.08582981675863266,1.0379046201705933,9.58731460571289,1.944615125656128,0
physx,constant_forward,0,0,423,4.229999905452132,1.0,0.0,0.2696011960506439,0.3213141364330366,0.2960006466582679,0.014584301970899105,0.22325244545936584,10.63267707824707,1.301700234413147,0
physx,constant_forward,0,0,424,4.239999905228615,1.0,0.0,0.271769642829895,0.33455574580172187,0.3191156824537142,0.022059179842472076,0.9402481317520142,11.250897407531738,1.3846707344055176,0
physx,constant_forward,0,0,425,4.249999905005097,1.0,0.0,0.2738926410675049,0.3358721824681361,0.331071561448329,-0.022378653287887573,1.405338168144226,11.084195137023926,0.38952842354774475,0
physx,constant_forward,0,0,426,4.25999990478158,1.0,0.0,0.2754403352737427,0.3193519454427268,0.3271039242187957,-0.03663497790694237,-2.198425531387329,9.978965759277344,2.62203049659729,0
physx,constant_forward,0,0,427,4.2699999045580626,1.0,0.0,0.27500060200691223,0.291284525634492,0.3110754750040596,-0.09710012376308441,-0.5186191201210022,8.562620162963867,3.9792096614837646,0
physx,constant_forward,0,0,428,4.279999904334545,1.0,0.0,0.27406880259513855,0.28391227382633527,0.2851138651884827,-0.07452505826950073,0.13948899507522583,7.78034782409668,1.1274601221084595,0
physx,constant_forward,0,0,429,4.289999904111028,1.0,0.0,0.2739940881729126,0.30437216001483214,0.2608144500431053,0.0017220815643668175,0.014049714431166649,7.117256164550781,2.739657163619995,0
physx,constant_forward,0,0,430,4.29999990388751,1.0,0.0,0.27402904629707336,0.32051376441159046,0.24706578869709614,0.046478744596242905,-0.6633712649345398,7.444252014160156,1.9439325332641602,0
physx,constant_forward,0,0,431,4.309999903663993,1.0,0.0,0.27400118112564087,0.3222041665090308,0.25060659991721085,0.02925746887922287,-1.560522437095642,8.191981315612793,1.3528759479522705,0
physx,constant_forward,0,0,432,4.3199999034404755,1.0,0.0,0.27352631092071533,0.30662541851573843,0.2689256096444761,-0.01572266034781933,1.2708407640457153,9.529325485229492,1.7609702348709106,0
physx,constant_forward,0,0,433,4.329999903216958,1.0,0.0,0.2733553946018219,0.29486952677617717,0.2896893469724746,-0.008749947883188725,0.8639741539955139,10.441408157348633,1.099023699760437,0
physx,constant_forward,0,0,434,4.339999902993441,1.0,0.0,0.2737705707550049,0.2947413262395636,0.3015990193132152,-0.0013577931094914675,0.7397183775901794,10.612966537475586,1.2665940523147583,0
physx,constant_forward,0,0,435,4.349999902769923,1.0,0.0,0.27425339818000793,0.2973913713493516,0.2979420401079553,0.011665205471217632,1.1481462717056274,10.195645332336426,0.9612729549407959,0
physx,constant_forward,0,0,436,4.359999902546406,1.0,0.0,0.2748580276966095,0.30285169980991267,0.28419244777724045,0.04492124915122986,1.1605337858200073,9.527942657470703,1.2948793172836304,0
physx,constant_forward,0,0,437,4.369999902322888,1.0,0.0,0.2745020389556885,0.2852003451404916,0.27158666815773413,0.023727381601929665,-2.3925719261169434,8.915000915527344,0.9368240833282471,0
physx,constant_forward,0,0,438,4.379999902099371,1.0,0.0,0.27290841937065125,0.26290203323323513,0.2633883922804103,0.008571255952119827,-0.5338262319564819,8.011821746826172,3.34431791305542,0
physx,constant_forward,0,0,439,4.3899999018758535,1.0,0.0,0.2723883092403412,0.2690584745086636,0.2616908684006005,0.10519614070653915,-0.6335165500640869,8.281740188598633,1.4981906414031982,0
physx,constant_forward,0,0,440,4.399999901652336,1.0,0.0,0.27323099970817566,0.2939266577268582,0.26249193607249033,0.11613031476736069,1.0101122856140137,9.214159965515137,2.3637397289276123,0
physx,constant_forward,0,0,441,4.409999901428819,1.0,0.0,0.27351903915405273,0.3067858966700179,0.25818416721365145,0.06796501576900482,0.3049429655075073,9.180718421936035,1.6352132558822632,0
physx,constant_forward,0,0,442,4.419999901205301,1.0,0.0,0.2722267508506775,0.29698735582238617,0.260522986148916,0.004914960823953152,-1.4160927534103394,8.767717361450195,1.3521589040756226,0
physx,constant_forward,0,0,443,4.429999900981784,1.0,0.0,0.27019643783569336,0.2810096800503824,0.25962719526268124,-0.06147968769073486,2.466657876968384,9.282674789428711,1.157472014427185,0
physx,constant_forward,0,0,444,4.4399999007582664,1.0,0.0,0.2688450217247009,0.29063584869117703,0.25860775844836886,0.0402909517288208,1.0206325054168701,9.710918426513672,1.7600101232528687,0
physx,constant_forward,0,0,445,4.449999900534749,1.0,0.0,0.2682188153266907,0.3097204118071733,0.25593192381421365,0.10669194906949997,0.5163850784301758,9.358322143554688,3.614575147628784,0
physx,constant_forward,0,0,446,4.459999900311232,1.0,0.0,0.26846837997436523,0.32252484755368305,0.2662037384457375,0.15161040425300598,0.5151698589324951,10.068655014038086,2.528324842453003,0
physx,constant_forward,0,0,447,4.469999900087714,1.0,0.0,0.26963600516319275,0.32322545955593307,0.2891649605274749,0.16251443326473236,-2.469372510910034,10.581219673156738,0.9508579969406128,0
physx,constant_forward,0,0,448,4.479999899864197,1.0,0.0,0.27002525329589844,0.3130810189397736,0.31417639374295403,0.10674948245286942,-1.0003790855407715,9.761151313781738,3.002063274383545,0
physx,constant_forward,0,0,449,4.489999899640679,1.0,0.0,0.270287424325943,0.31090725131279334,0.32237498521512864,0.0656409040093422,0.4286298155784607,9.929017066955566,0.5321584343910217,0
physx,constant_forward,0,0,450,4.499999899417162,1.0,0.0,0.2701408267021179,0.307929539589652,0.3168363160432304,0.018277859315276146,0.1980293095111847,9.884218215942383,0.8640103936195374,0
physx,constant_forward,0,0,451,4.5099998991936445,1.0,0.0,0.26997214555740356,0.3121457694271763,0.2997321478540575,-0.008138013072311878,0.31794214248657227,9.010444641113281,2.241332530975342,0
physx,constant_forward,0,0,452,4.519999898970127,1.0,0.0,0.26942044496536255,0.31855102995849427,0.27650619208633787,-0.029546378180384636,0.3563229441642761,7.814423084259033,1.7023124694824219,0
physx,constant_forward,0,0,453,4.52999989874661,1.0,0.0,0.2679668962955475,0.31493703461056943,0.26550179154718445,-0.07077483087778091,0.7961598038673401,7.448241233825684,0.47415217757225037,0
physx,constant_forward,0,0,454,4.539999898523092,1.0,0.0,0.26602497696876526,0.30641797189307984,0.26008503595612514,-0.04403575509786606,0.22119665145874023,8.38005256652832,1.1739052534103394,0
physx,constant_forward,0,0,455,4.549999898299575,1.0,0.0,0.26555198431015015,0.31347136344773874,0.2711484525816615,0.04438675940036774,0.25810810923576355,9.527709007263184,2.635439395904541,0
physx,constant_forward,0,0,456,4.559999898076057,1.0,0.0,0.2665705680847168,0.32736918132741405,0.29127587501838764,0.0810294896364212,0.7685675024986267,10.687743186950684,1.6943029165267944,0
physx,constant_forward,0,0,457,4.56999989785254,1.0,0.0,0.268197238445282,0.32533706276369084,0.32057500903461106,0.06841384619474411,-2.7062339782714844,11.167513847351074,0.6015039086341858,0
physx,constant_forward,0,0,458,4.579999897629023,1.0,0.0,0.269072949886322,0.3181460108782468,0.3399546269244823,0.008299112319946289,0.9361136555671692,9.902912139892578,3.689103364944458,0
physx,constant_forward,0,0,459,4.589999897405505,1.0,0.0,0.26916369795799255,0.3103684734790705,0.33713672598207794,-0.06025305017828941,0.5982781648635864,9.901371002197266,0.8704398274421692,0
physx,constant_forward,0,0,460,4.599999897181988,1.0,0.0,0.2691468596458435,0.31309763375817506,0.32154505973545006,-0.06102461367845535,0.00474046915769577,9.187756538391113,2.1631357669830322,0
physx,constant_forward,0,0,461,4.60999989695847,1.0,0.0,0.26899898052215576,0.3219747815630605,0.2962197386711099,-0.06462981551885605,0.3443072438240051,7.802358150482178,2.249730348587036,0
physx,constant_forward,0,0,462,4.619999896734953,1.0,0.0,0.2684372663497925,0.32690389365856326,0.27674543681049446,-0.06312976777553558,-1.3016996383666992,7.45751428604126,0.7005794644355774,0
physx,constant_forward,0,0,463,4.6299998965114355,1.0,0.0,0.2669408619403839,0.3138643423265979,0.2696248170567339,-0.1033952534198761,1.7629722356796265,8.135432243347168,1.3767889738082886,0
physx,constant_forward,0,0,464,4.639999896287918,1.0,0.0,0.2655821144580841,0.309337500084504,0.2684014840389711,-0.016617294400930405,-0.7508186101913452,9.07059383392334,1.8553693294525146,0
physx,constant_forward,0,0,465,4.649999896064401,1.0,0.0,0.26605233550071716,0.324905970535687,0.27989515190843234,0.034040771424770355,0.8247000575065613,10.006314277648926,3.460657835006714,0
physx,constant_forward,0,0,466,4.659999895840883,1.0,0.0,0.2676723003387451,0.3402898546824072,0.300472048411659,0.06637461483478546,0.7492406368255615,10.842371940612793,1.38972806930542,0
physx,constant_forward,0,0,467,4.669999895617366,1.0,0.0,0.2695460021495819,0.3340217816887558,0.32769437267257895,0.04366689920425415,-2.903628349304199,10.997925758361816,0.23145002126693726,0
physx,constant_forward,0,0,468,4.679999895393848,1.0,0.0,0.270175963640213,0.3170172968985484,0.3422390630842462,-0.029065167531371117,0.3026854395866394,9.611485481262207,4.095962047576904,0
physx,constant_forward,0,0,469,4.689999895170331,1.0,0.0,0.27000072598457336,0.3094424167437722,0.33370784810055604,-0.10669641941785812,1.2791870832443237,9.1109037399292,1.5279570817947388,0
physx,constant_forward,0,0,470,4.699999894946814,1.0,0.0,0.269433856010437,0.31854765168331955,0.31445711828105316,-0.06952263414859772,-0.08200355619192123,8.197098731994629,1.3955059051513672,0
physx,constant_forward,0,0,471,4.709999894723296,1.0,0.0,0.2691645920276642,0.33758694673859496,0.29320373340180245,-0.037736907601356506,0.25331810116767883,7.297305583953857,2.8283557891845703,0
physx,constant_forward,0,0,472,4.719999894499779,1.0,0.0,0.2680220305919647,0.3402082332239822,0.2778539194259055,-0.04280688613653183,-1.3584027290344238,7.419735431671143,0.692592978477478,0
physx,constant_forward,0,0,473,4.729999894276261,1.0,0.0,0.2662317156791687,0.3229526275175575,0.2827500678503381,-0.04297555983066559,0.06720659881830215,8.470998764038086,2.2950360774993896,0
physx,constant_forward,0,0,474,4.739999894052744,1.0,0.0,0.26606932282447815,0.32399885218779173,0.30155140023760757,0.05859911069273949,0.16314208507537842,9.81537914276123,1.8956105709075928,0
physx,constant_forward,0,0,475,4.7499998938292265,1.0,0.0,0.26771268248558044,0.3422868605729404,0.32123532143531575,0.07418747991323471,1.6506022214889526,11.025384902954102,2.080031156539917,0
physx,constant_forward,0,0,476,4.759999893605709,1.0,0.0,0.26921457052230835,0.34623944482153535,0.3288198591975193,0.047796837985515594,1.1870125532150269,10.871042251586914,1.4472556114196777,0
physx,constant_forward,0,0,477,4.769999893382192,1.0,0.0,0.2699803113937378,0.32403246633214106,0.32959552409967297,0.02758324332535267,-2.6741490364074707,10.04932975769043,1.8665037155151367,0
physx,constant_forward,0,0,478,4.779999893158674,1.0,0.0,0.2692801356315613,0.30077438997706557,0.317263305329923,-0.038590461015701294,1.1115162372589111,9.002642631530762,3.980860471725464,0
physx,constant_forward,0,0,479,4.789999892935157,1.0,0.0,0.268621027469635,0.30798143626824154,0.299452925258674,0.012689720839262009,0.09486962854862213,8.118642807006836,1.6749359369277954,0
physx,constant_forward,0,0,480,4.799999892711639,1.0,0.0,0.2678496837615967,0.3237413763737565,0.2833076994869351,0.03378019481897354,-0.42238590121269226,7.322556018829346,3.697105646133423,0
physx,constant_forward,0,0,481,4.809999892488122,1.0,0.0,0.2672950029373169,0.33407657544600433,0.2799174336372239,0.07374156266450882,-0.5299438834190369,7.861064434051514,1.5995168685913086,0
physx,constant_forward,0,0,482,4.819999892264605,1.0,0.0,0.26648950576782227,0.32823913461786525,0.2925896677245442,0.034719668328762054,-0.38548651337623596,8.867268562316895,1.4106934070587158,0
physx,constant_forward,0,0,483,4.829999892041087,1.0,0.0,0.2656306028366089,0.3161858821477755,0.30901062610995295,-0.009324015118181705,1.7226418256759644,10.22934627532959,1.5511358976364136,0
physx,constant_forward,0,0,484,4.83999989181757,1.0,0.0,0.26541996002197266,0.3180899101913912,0.3211116590408904,0.030360784381628036,0.35985392332077026,10.613787651062012,1.3785507678985596,0
physx,constant_forward,0,0,485,4.849999891594052,1.0,0.0,0.26571908593177795,0.3255610274960755,0.320874595149679,0.033740438520908356,1.346691608428955,10.491913795471191,1.6006749868392944,0
physx,constant_forward,0,0,486,4.859999891370535,1.0,0.0,0.26637357473373413,0.3329302916134001,0.31227959420755397,0.0653611421585083,1.0002762079238892,10.169666290283203,0.8632726669311523,0
physx,constant_forward,0,0,487,4.8699998911470175,1.0,0.0,0.2667546570301056,0.322494491244756,0.29949621674706545,0.07639476656913757,-2.569863796234131,9.581541061401367,0.9065340757369995,0
physx,constant_forward,0,0,488,4.8799998909235,1.0,0.0,0.2662689685821533,0.3040147492588644,0.29720439670930365,0.025370480492711067,-0.7091543674468994,8.767780303955078,2.677377462387085,0
physx,constant_forward,0,0,489,4.889999890699983,1.0,0.0,0.26592597365379333,0.29573841096654013,0.29541386639458705,0.03467375040054321,-0.3362288475036621,8.996475219726562,0.7698532342910767,0
physx,constant_forward,0,0,490,4.899999890476465,1.0,0.0,0.2665860950946808,0.30596150929727073,0.29425796456402664,0.03737315908074379,0.7803565263748169,9.42332935333252,1.406652569770813,0
physx,constant_forward,0,0,491,4.909999890252948,1.0,0.0,0.2671799659729004,0.3175390374570184,0.28521405342062034,-0.0011225175112485886,0.6295672059059143,9.177654266357422,1.5070255994796753,0
physx,constant_forward,0,0,492,4.91999989002943,1.0,0.0,0.2665634751319885,0.3124291321260836,0.28294497814274633,-0.05283273383975029,-0.8327386379241943,8.59615421295166,0.9563734531402588,0
physx,constant_forward,0,0,493,4.929999889805913,1.0,0.0,0.26521584391593933,0.2985734402920244,0.27872332003879735,-0.11662684381008148,2.003549337387085,9.068936347961426,1.0079126358032227,0
physx,constant_forward,0,0,494,4.9399998895823956,1.0,0.0,0.26457640528678894,0.3054469524639194,0.2767600313654889,-0.01670510321855545,0.9407814741134644,9.608649253845215,1.5723320245742798,0
physx,constant_forward,0,0,495,4.949999889358878,1.0,0.0,0.26469796895980835,0.32033431747208924,0.2726778299198448,0.03312705457210541,0.5711950063705444,9.587276458740234,3.065688371658325,0
physx,constant_forward,0,0,496,4.959999889135361,1.0,0.0,0.26589637994766235,0.3248188928748038,0.28336424824839496,0.07679746299982071,-2.5505073070526123,10.259700775146484,2.306380033493042,0
physx,constant_forward,0,0,497,4.969999888911843,1.0,0.0,0.2665589153766632,0.31743497865943,0.30343546787856124,0.024501733481884003,-0.9915909767150879,9.66594409942627,2.812173843383789,0
physx,constant_forward,0,0,498,4.979999888688326,1.0,0.0,0.26714828610420227,0.3137822329044378,0.31389837415038147,-0.012803097255527973,0.38410231471061707,9.898833274841309,0.6046335101127625,0
physx,constant_forward,0,0,499,4.9899998884648085,1.0,0.0,0.26757240295410156,0.31214252422067496,0.3127637652057563,-0.04245606064796448,0.29943615198135376,10.036046981811523,0.7429675459861755,0
physx,constant_forward,0,0,500,4.999999888241291,1.0,0.0,0.2682540714740753,0.31977340089592793,0.30044709944842946,-0.05632179602980614,0.41614019870758057,9.369754791259766,1.8171024322509766,0
physx,constant_forward,0,0,501,5.009999888017774,1.0,0.0,0.26852181553840637,0.3266856329803491,0.2800951825495246,-0.07298023253679276,0.421694278717041,8.135987281799316,1.8003801107406616,0
physx,constant_forward,0,0,502,5.019999887794256,1.0,0.0,0.2677628695964813,0.32057107040624916,0.2696485397610535,-0.11381275951862335,0.1153160035610199,7.669032573699951,0.528975784778595,0
physx,constant_forward,0,0,503,5.029999887570739,1.0,0.0,0.2666320502758026,0.3112868086432564,0.26469995478073505,-0.08321470767259598,1.1357041597366333,8.347437858581543,0.9956124424934387,0
physx,constant_forward,0,0,504,5.039999887347221,1.0,0.0,0.26634612679481506,0.3147092060928064,0.26564570058012194,0.00750979408621788,-0.011919461190700531,8.997784614562988,1.0739719867706299,0
physx,constant_forward,0,0,505,5.049999887123704,1.0,0.0,0.2672494053840637,0.3234900473480695,0.2759479499518228,0.05497850477695465,0.8559587001800537,9.881643295288086,2.812347173690796,0
physx,constant_forward,0,0,506,5.0599998869001865,1.0,0.0,0.26934555172920227,0.3272565867095249,0.29730702862901615,0.09043712168931961,-2.3041799068450928,10.609292984008789,1.2046595811843872,0
physx,constant_forward,0,0,507,5.069999886676669,1.0,0.0,0.270320326089859,0.31363385799808574,0.317840835192891,0.018239770084619522,-1.3580018281936646,9.867907524108887,2.700423002243042,0
physx,constant_forward,0,0,508,5.079999886453152,1.0,0.0,0.27081868052482605,0.3060453411067459,0.3205569311005058,-0.0513080395758152,1.2400658130645752,9.80341625213623,1.919712781906128,0
physx,constant_forward,0,0,509,5.089999886229634,1.0,0.0,0.2702537477016449,0.30449761335178005,0.30597019277330906,-0.11195190995931625,0.5304690003395081,8.91463851928711,1.4772005081176758,0
physx,constant_forward,0,0,510,5.099999886006117,1.0,0.0,0.2697480618953705,0.31832942836454575,0.2897518115051711,-0.05831747502088547,0.11257322132587433,8.01267147064209,1.379459023475647,0
physx,constant_forward,0,0,511,5.1099998857825994,1.0,0.0,0.2688048183917999,0.3261640754996484,0.27686042538158184,-0.06995567679405212,-1.2460302114486694,7.515322208404541,1.8742554187774658,0
physx,constant_forward,0,0,512,5.119999885559082,1.0,0.0,0.26707953214645386,0.31155160035121354,0.2810209026066149,-0.06959463655948639,0.02348741516470909,8.542174339294434,2.1472580432891846,0
physx,constant_forward,0,0,513,5.129999885335565,1.0,0.0,0.2669994831085205,0.31541338641630645,0.29752711241031754,0.03499385714530945,0.19150744378566742,9.80339527130127,1.7484976053237915,0
physx,constant_forward,0,0,514,5.139999885112047,1.0,0.0,0.26911163330078125,0.3409917143197406,0.3162033530091227,0.09364721179008484,0.9399936199188232,10.941150665283203,2.052736282348633,0
physx,constant_forward,0,0,515,5.14999988488853,1.0,0.0,0.27112090587615967,0.3492495388209865,0.32630352891933095,0.027113065123558044,1.5224162340164185,10.987011909484863,0.4578663408756256,0
physx,constant_forward,0,0,516,5.159999884665012,1.0,0.0,0.2721799314022064,0.3263680093912928,0.33027490033704104,-0.00589327234774828,-2.507171154022217,10.082063674926758,2.3918468952178955,0
physx,constant_forward,0,0,517,5.169999884441495,1.0,0.0,0.27161556482315063,0.2998992178498622,0.3188341606995509,-0.07432204484939575,0.44107431173324585,8.998855590820312,4.498397350311279,0
physx,constant_forward,0,0,518,5.1799998842179775,1.0,0.0,0.27069923281669617,0.29717396465350543,0.2984211911819675,-0.04721715301275253,-0.10482324659824371,8.107762336730957,1.3960219621658325,0
physx,constant_forward,0,0,519,5.18999988399446,1.0,0.0,0.27043384313583374,0.3170564356056338,0.27875012407633504,0.006974784191697836,0.11555907130241394,7.276334762573242,3.0084407329559326,0
physx,constant_forward,0,0,520,5.199999883770943,1.0,0.0,0.27016642689704895,0.32994877167703063,0.2689839076810848,0.05219687521457672,-0.7595944404602051,7.678256511688232,1.8460116386413574,0
physx,constant_forward,0,0,521,5.209999883547425,1.0,0.0,0.2696545124053955,0.32597895195456944,0.27607605601842855,0.014829680323600769,0.6341619491577148,8.524356842041016,1.4340920448303223,0
physx,constant_forward,0,0,522,5.219999883323908,1.0,0.0,0.26851731538772583,0.30957029262707575,0.28812423016366645,-0.04889293760061264,0.20629295706748962,9.455698013305664,1.5436040163040161,0
physx,constant_forward,0,0,523,5.22999988310039,1.0,0.0,0.2677144706249237,0.30233129223334815,0.2983528706951807,-0.041296835988759995,0.8840852379798889,10.57654857635498,1.3109619617462158,0
physx,constant_forward,0,0,524,5.239999882876873,1.0,0.0,0.26804816722869873,0.31328486050227106,0.3008809656613265,0.023797083646059036,1.0638376474380493,10.766180992126465,1.109373927116394,0
physx,constant_forward,0,0,525,5.249999882653356,1.0,0.0,0.2689531445503235,0.32505332932564435,0.2924417593967852,0.05998783931136131,0.9982808232307434,10.295517921447754,1.4821888208389282,0
physx,constant_forward,0,0,526,5.259999882429838,1.0,0.0,0.2700461745262146,0.3256431825066062,0.28777929830741855,0.09318739175796509,0.3279482424259186,10.04259967803955,1.7101936340332031,0
physx,constant_forward,0,0,527,5.269999882206321,1.0,0.0,0.271532267332077,0.3111051255516011,0.2971675910236377,0.07678026705980301,-2.2089898586273193,10.042668342590332,0.4947497546672821,0
physx,constant_forward,0,0,528,5.279999881982803,1.0,0.0,0.272116094827652,0.2947050158883125,0.3003993257316299,0.011677242815494537,0.6329950094223022,9.070587158203125,3.401458263397217,0
physx,constant_forward,0,0,529,5.289999881759286,1.0,0.0,0.2723545730113983,0.2873756589214362,0.29204482373847335,-0.02055288851261139,0.6780509948730469,8.919363021850586,0.8785714507102966,0
physx,constant_forward,0,0,530,5.2999998815357685,1.0,0.0,0.27260106801986694,0.29466189798065906,0.2748739060947126,-0.032005246728658676,0.30998456478118896,8.496706008911133,1.5069326162338257,0
physx,constant_forward,0,0,531,5.309999881312251,1.0,0.0,0.27219676971435547,0.2996222721091818,0.2598343395000765,-0.05181150138378143,-1.5107049942016602,7.608841896057129,1.6594685316085815,0
physx,constant_forward,0,0,532,5.319999881088734,1.0,0.0,0.27086758613586426,0.29016793095534427,0.2510872214242129,-0.08318234235048294,-0.33745086193084717,8.219551086425781,1.1679669618606567,0
physx,constant_forward,0,0,533,5.329999880865216,1.0,0.0,0.2694714665412903,0.2822497457573489,0.25373273638839516,-0.06062036380171776,1.3540836572647095,8.926398277282715,1.170857310295105,0
physx,constant_forward,0,0,534,5.339999880641699,1.0,0.0,0.2689245939254761,0.29175152790109454,0.25522403286843814,0.018108254298567772,0.37549111247062683,9.570836067199707,1.261073112487793,0
physx,constant_forward,0,0,535,5.349999880418181,1.0,0.0,0.2694600224494934,0.30631218144739114,0.26765986741402736,0.06461846828460693,0.5138329267501831,10.3787260055542,2.839799165725708,0
physx,constant_forward,0,0,536,5.359999880194664,1.0,0.0,0.2707168161869049,0.31490814916602683,0.2875331590170716,0.06924962252378464,0.6490924954414368,10.729667663574219,0.6551162004470825,0
physx,constant_forward,0,0,537,5.369999879971147,1.0,0.0,0.27257242798805237,0.31265765676139273,0.3103617444677433,0.0673525407910347,-2.485846757888794,10.79155158996582,0.26790550351142883,0
physx,constant_forward,0,0,538,5.379999879747629,1.0,0.0,0.273464560508728,0.30042334394654835,0.32701165429823875,0.0063943034037947655,-0.5181910991668701,9.797855377197266,2.9917027950286865,0
physx,constant_forward,0,0,539,5.389999879524112,1.0,0.0,0.2736825942993164,0.2917245708509829,0.31871869517118245,-0.08001281321048737,1.3325417041778564,9.583314895629883,0.48520565032958984,0
physx,constant_forward,0,0,540,5.399999879300594,1.0,0.0,0.2735033631324768,0.296833346078346,0.298078144218298,-0.06974094361066818,-0.10770628601312637,8.666348457336426,2.7182984352111816,0
physx,constant_forward,0,0,541,5.409999879077077,1.0,0.0,0.2731391191482544,0.30924399547471915,0.26936699667507474,-0.06889063119888306,0.5727035999298096,7.26573371887207,2.778266429901123,0
physx,constant_forward,0,0,542,5.4199998788535595,1.0,0.0,0.27241289615631104,0.317805774017629,0.24844828142077374,-0.060605239123106,-1.0334659814834595,7.246393203735352,0.9228796362876892,0
physx,constant_forward,0,0,543,5.429999878630042,1.0,0.0,0.270751029253006,0.3072016812493579,0.24079733363469724,-0.08438216149806976,1.1849005222320557,7.890500068664551,1.5797736644744873,0
physx,constant_forward,0,0,544,5.439999878406525,1.0,0.0,0.2692984640598297,0.30239033056317555,0.2409427803269481,0.006293301470577717,-0.4433378577232361,8.810277938842773,1.6366310119628906,0
physx,constant_forward,0,0,545,5.449999878183007,1.0,0.0,0.26972293853759766,0.3170851058980981,0.25451185890554207,0.06707274913787842,0.9121933579444885,9.893569946289062,3.2585036754608154,0
physx,constant_forward,0,0,546,5.45999987795949,1.0,0.0,0.27125805616378784,0.3314162162157917,0.2770370104571139,0.10681720823049545,0.858568549156189,10.76694393157959,1.3847438097000122,0
physx,constant_forward,0,0,547,5.469999877735972,1.0,0.0,0.2729722857475281,0.3243337374801871,0.3061880639715741,0.08026687055826187,-3.1572134494781494,10.978140830993652,0.2978624701499939,0
physx,constant_forward,0,0,548,5.479999877512455,1.0,0.0,0.2734255790710449,0.3070299892456513,0.32207324330457693,0.003239518031477928,0.33860599994659424,9.542547225952148,4.182397842407227,0
physx,constant_forward,0,0,549,5.489999877288938,1.0,0.0,0.27301642298698425,0.29924314274876107,0.31436721906462434,-0.07873008400201797,1.313708782196045,9.03528118133545,1.6115028858184814,0
physx,constant_forward,0,0,550,5.49999987706542,1.0,0.0,0.27222633361816406,0.30966397224042336,0.2966050440119723,-0.03952781483530998,-0.009175911545753479,8.090872764587402,1.4335342645645142,0
physx,constant_forward,0,0,551,5.509999876841903,1.0,0.0,0.2718069553375244,0.3311731559018174,0.27630473633095365,-0.003349925857037306,0.46119681000709534,7.240803241729736,2.9398837089538574,0
physx,constant_forward,0,0,552,5.519999876618385,1.0,0.0,0.2700165808200836,0.3265831238480753,0.2653702065628231,-0.04790390282869339,-0.0961969792842865,7.439568042755127,0.7824171781539917,0
physx,constant_forward,0,0,553,5.529999876394868,1.0,0.0,0.26806405186653137,0.31457794114391363,0.2698040053194819,0.021056942641735077,-0.2039700597524643,8.420605659484863,2.2400619983673096,0
physx,constant_forward,0,0,554,5.5399998761713505,1.0,0.0,0.2683635354042053,0.32734703208388943,0.2887448785627514,0.11706918478012085,0.7971910238265991,9.913618087768555,2.156768321990967,0
physx,constant_forward,0,0,555,5.549999875947833,1.0,0.0,0.26990044116973877,0.34376721868898347,0.30845310361169287,0.10812487453222275,1.573691964149475,10.968771934509277,1.5925525426864624,0
physx,constant_forward,0,0,556,5.559999875724316,1.0,0.0,0.27082526683807373,0.3294145992889301,0.3236033726989845,0.07238849997520447,-2.754051923751831,10.677885055541992,1.5864057540893555,0
physx,constant_forward,0,0,557,5.569999875500798,1.0,0.0,0.27017056941986084,0.30734973643754093,0.32324260515465425,0.0021950132213532925,0.49979543685913086,9.612793922424316,4.971129417419434,0
physx,constant_forward,0,0,558,5.579999875277281,1.0,0.0,0.26902663707733154,0.3052808914823693,0.307720046855123,0.006691394839435816,0.31771695613861084,8.784799575805664,1.2875900268554688,0
physx,constant_forward,0,0,559,5.589999875053763,1.0,0.0,0.268742173910141,0.32845378627235094,0.2916634838052439,0.055276259779930115,0.24310538172721863,7.955187797546387,2.6113498210906982,0
physx,constant_forward,0,0,560,5.599999874830246,1.0,0.0,0.26823776960372925,0.33925570483828277,0.2850012659380584,0.05086849629878998,-1.188217282295227,8.183897018432617,2.003378391265869,0
physx,constant_forward,0,0,561,5.6099998746067286,1.0,0.0,0.2670990526676178,0.32544340618309375,0.2944155701323267,0.016849979758262634,0.7094442248344421,9.131141662597656,1.5535542964935303,0
physx,constant_forward,0,0,562,5.619999874383211,1.0,0.0,0.2669137120246887,0.32223153962665024,0.31075808972676033,0.0971725657582283,0.3006967306137085,9.87768268585205,1.1729226112365723,0
physx,constant_forward,0,0,563,5.629999874159694,1.0,0.0,0.2681625187397003,0.3339392201745508,0.32329861401793336,0.07877430319786072,1.932637095451355,10.79111385345459,1.8244051933288574,0
physx,constant_forward,0,0,564,5.639999873936176,1.0,0.0,0.2691638767719269,0.32390198650508445,0.3306661956405578,0.0640227273106575,-1.9049041271209717,10.256159782409668,2.011523485183716,0
physx,constant_forward,0,0,565,5.649999873712659,1.0,0.0,0.2685006260871887,0.3052116744514998,0.32103369560110434,-0.012468105182051659,0.6562391519546509,9.23311710357666,4.123063564300537,0
physx,constant_forward,0,0,566,5.6599998734891415,1.0,0.0,0.26778939366340637,0.3096300371638289,0.3016382224428272,0.019276263192296028,0.030203886330127716,8.585958480834961,1.1205109357833862,0
physx,constant_forward,0,0,567,5.669999873265624,1.0,0.0,0.2671155333518982,0.3235667526143018,0.2797678680361098,0.039286188781261444,-0.2091796100139618,7.73849630355835,2.9218194484710693,0
physx,constant_forward,0,0,568,5.679999873042107,1.0,0.0,0.2667187452316284,0.3316318023534117,0.27406596516388565,0.04755277931690216,-1.1350376605987549,8.081305503845215,1.7392221689224243,0
physx,constant_forward,0,0,569,5.689999872818589,1.0,0.0,0.26585862040519714,0.31897710545438823,0.2848171882606573,0.00866258330643177,0.6967484354972839,9.257893562316895,1.6038482189178467,0
physx,constant_forward,0,0,570,5.699999872595072,1.0,0.0,0.2655627727508545,0.31015483834157387,0.3024294551565877,0.020431213080883026,1.2228984832763672,10.054136276245117,1.1654555797576904,0
physx,constant_forward,0,0,571,5.709999872371554,1.0,0.0,0.2661007344722748,0.3152123255176484,0.31242873996538617,0.044446662068367004,0.9004658460617065,10.278890609741211,1.0515409708023071,0
physx,constant_forward,0,0,572,5.719999872148037,1.0,0.0,0.26691901683807373,0.3208759857156273,0.3108023336813851,0.04767008498311043,1.1193443536758423,10.102581977844238,1.1768832206726074,0
physx,constant_forward,0,0,573,5.7299998719245195,1.0,0.0,0.26726219058036804,0.3064056772672884,0.3067638310977156,0.024253729730844498,-1.8062059879302979,9.67240047454834,0.8874372243881226,0
physx,constant_forward,0,0,574,5.739999871701002,1.0,0.0,0.2660353183746338,0.2876086565947989,0.2949182932582741,-0.028765808790922165,0.10947715491056442,8.948650360107422,3.3186867237091064,0
physx,constant_forward,0,0,575,5.749999871477485,1.0,0.0,0.2651832401752472,0.288564973653447,0.2875135991533858,0.03399770334362984,-1.055461049079895,8.556903839111328,2.094899892807007,0
physx,constant_forward,0,0,576,5.759999871253967,1.0,0.0,0.26575762033462524,0.30862625453213777,0.28811322759516145,0.0649927407503128,-0.0005730316042900085,9.269522666931152,1.8588463068008423,0
physx,constant_forward,0,0,577,5.76999987103045,1.0,0.0,0.2665284276008606,0.3209741212904855,0.2891000195884384,0.010649273172020912,1.1291013956069946,9.76792049407959,0.8679420948028564,0
physx,constant_forward,0,0,578,5.7799998708069324,1.0,0.0,0.26627182960510254,0.31514572701710925,0.29482527349980936,-0.045542534440755844,-1.0258134603500366,9.368144035339355,2.398682117462158,0
physx,constant_forward,0,0,579,5.789999870583415,1.0,0.0,0.2651398479938507,0.30031095853749573,0.2907434834837374,-0.1175442636013031,1.9744516611099243,9.44694995880127,1.548793911933899,0
physx,constant_forward,0,0,580,5.799999870359898,1.0,0.0,0.2644827365875244,0.3047920989391427,0.2820728376984346,-0.03631765395402908,0.7972254157066345,9.641746520996094,1.6374863386154175,0
physx,constant_forward,0,0,581,5.80999987013638,1.0,0.0,0.2645069360733032,0.31757640623781425,0.2701213717237531,0.017086153849959373,0.43250763416290283,9.225053787231445,2.9799036979675293,0
physx,constant_forward,0,0,582,5.819999869912863,1.0,0.0,0.2653617262840271,0.3160055518411257,0.27768935486737595,0.026661843061447144,-1.7012367248535156,9.76555347442627,2.360443592071533,0
physx,constant_forward,0,0,583,5.829999869689345,1.0,0.0,0.26564085483551025,0.3066903914161467,0.28997754689506977,-0.013417597860097885,-0.06466883420944214,9.268133163452148,3.1077120304107666,0
physx,constant_forward,0,0,584,5.839999869465828,1.0,0.0,0.26625484228134155,0.30614640172149105,0.29784461347563906,-0.024482281878590584,0.4748465418815613,9.761148452758789,0.8418924808502197,0
physx,constant_forward,0,0,585,5.8499998692423105,1.0,0.0,0.26707038283348083,0.314981022456323,0.2934305978408565,-0.04549640789628029,0.4813208281993866,9.61926555633545,1.20835280418396,0
physx,constant_forward,0,0,586,5.859999869018793,1.0,0.0,0.2677246332168579,0.32472931107984976,0.28166801744533254,-0.06382832676172256,0.34006139636039734,8.903946876525879,1.174091100692749,0
physx,constant_forward,0,0,587,5.869999868795276,1.0,0.0,0.2671142816543579,0.3161480029710171,0.27602795483211456,-0.11453783512115479,-0.737986147403717,8.357359886169434,0.7858403325080872,0
physx,constant_forward,0,0,588,5.879999868571758,1.0,0.0,0.2659318447113037,0.3023589571022654,0.2713343591178319,-0.12040069699287415,1.5451627969741821,8.804874420166016,0.9470917582511902,0
physx,constant_forward,0,0,589,5.889999868348241,1.0,0.0,0.2657880485057831,0.3103432613700867,0.2698668458246045,-0.015114021487534046,0.002308398485183716,9.273065567016602,1.1103216409683228,0
physx,constant_forward,0,0,590,5.899999868124723,1.0,0.0,0.2667529881000519,0.323869809812417,0.2769199464955261,0.02772088721394539,0.47387686371803284,9.986328125,3.0978763103485107,0
physx,constant_forward,0,0,591,5.909999867901206,1.0,0.0,0.26847925782203674,0.33136388763353064,0.29371310987616545,0.03617546334862709,0.48317599296569824,10.506402969360352,0.9049835801124573,0
physx,constant_forward,0,0,592,5.919999867677689,1.0,0.0,0.2703809142112732,0.3192389913135131,0.3188581332036105,0.01121549028903246,-2.7481462955474854,10.664260864257812,0.4132508337497711,0
physx,constant_forward,0,0,593,5.929999867454171,1.0,0.0,0.2715512812137604,0.30803963836391823,0.33139105177677564,-0.052563343197107315,1.133575439453125,9.5586519241333,3.7491953372955322,0
physx,constant_forward,0,0,594,5.939999867230654,1.0,0.0,0.27189281582832336,0.2984639099047674,0.32327152082385296,-0.09579155594110489,0.058300554752349854,9.477007865905762,1.1519581079483032,0
physx,constant_forward,0,0,595,5.949999867007136,1.0,0.0,0.27249395847320557,0.3044769803541632,0.30365862481718653,-0.09160760045051575,0.5492563843727112,8.845165252685547,1.8655604124069214,0
physx,constant_forward,0,0,596,5.959999866783619,1.0,0.0,0.2725908160209656,0.31116317487171313,0.27942359226583363,-0.09485418349504471,-1.2415084838867188,7.664379596710205,1.893839955329895,0
physx,constant_forward,0,0,597,5.9699998665601015,1.0,0.0,0.27138859033584595,0.29685153514203066,0.26343656400634674,-0.15134823322296143,1.7588434219360352,7.944251537322998,1.0540580749511719,0
physx,constant_forward,0,0,598,5.979999866336584,1.0,0.0,0.27037084102630615,0.2950926812700257,0.25316032695851265,-0.05396779254078865,-0.5090826749801636,8.555727005004883,1.8923958539962769,0
physx,constant_forward,0,0,599,5.989999866113067,1.0,0.0,0.27067363262176514,0.3090610763961051,0.25556836975120484,0.007549217436462641,0.7716160416603088,9.144198417663574,3.6051151752471924,0
physx,constant_forward,0,0,600,5.999999865889549,1.0,0.0,0.2721256613731384,0.3235767167363538,0.26979337368479206,0.05179944261908531,0.6727591753005981,10.107282638549805,1.4973615407943726,0
physx,constant_forward,0,0,601,6.009999865666032,1.0,0.0,0.27392083406448364,0.3190922999299324,0.29454263412089554,0.03677009046077728,-2.4717764854431152,10.570910453796387,0.5815471410751343,0
physx,constant_forward,0,0,602,6.019999865442514,1.0,0.0,0.27481135725975037,0.30862178269791607,0.3103468959241651,-0.027427129447460175,0.9139760732650757,9.559999465942383,3.669893980026245,0
physx,constant_forward,0,0,603,6.029999865218997,1.0,0.0,0.2748616933822632,0.29771442535774817,0.3070724039776311,-0.07005061954259872,0.0843474417924881,9.625324249267578,0.7521356344223022,0
physx,constant_forward,0,0,604,6.03999986499548,1.0,0.0,0.27517449855804443,0.30255751101981576,0.29218885904292097,-0.06422106921672821,0.20037761330604553,9.065744400024414,1.6954602003097534,0
physx,constant_forward,0,0,605,6.049999864771962,1.0,0.0,0.27532705664634705,0.31360578986864723,0.2674851191753513,-0.05727451667189598,0.5269278287887573,7.770115375518799,2.027411460876465,0
physx,constant_forward,0,0,606,6.059999864548445,1.0,0.0,0.2743352949619293,0.3091024539610711,0.25342483465587345,-0.09895331412553787,0.07308976352214813,7.358994960784912,0.6861251592636108,0
physx,constant_forward,0,0,607,6.069999864324927,1.0,0.0,0.2724666893482208,0.2954297791988768,0.24391064831503095,-0.07352717220783234,0.20714136958122253,7.990528583526611,1.2077754735946655,0
physx,constant_forward,0,0,608,6.07999986410141,1.0,0.0,0.2719917893409729,0.2995343672937472,0.2513849094302156,0.019953498616814613,0.26236000657081604,9.07260513305664,2.600827217102051,0
physx,constant_forward,0,0,609,6.0899998638778925,1.0,0.0,0.27303868532180786,0.3132389390135075,0.2671589489289953,0.07305236905813217,0.9480245113372803,10.21334457397461,1.7321995496749878,0
physx,constant_forward,0,0,610,6.099999863654375,1.0,0.0,0.27518507838249207,0.3208342420860506,0.2882629590103614,0.0913146436214447,-2.1642844676971436,10.79399299621582,0.7202116847038269,0
physx,constant_forward,0,0,611,6.109999863430858,1.0,0.0,0.2760171592235565,0.3076236920692082,0.3063371791200022,0.016097603365778923,-1.3070861101150513,9.89963436126709,2.8181607723236084,0
physx,constant_forward,0,0,612,6.11999986320734,1.0,0.0,0.2761266529560089,0.29818222902016195,0.30077208508020853,-0.059608109295368195,1.5818839073181152,9.588167190551758,2.2637312412261963,0
physx,constant_forward,0,0,613,6.129999862983823,1.0,0.0,0.2750794291496277,0.29619113454601703,0.2795489575183749,-0.0915391817688942,-0.15508677065372467,8.539918899536133,1.9744951725006104,0
physx,constant_forward,0,0,614,6.139999862760305,1.0,0.0,0.27432286739349365,0.3114286395130292,0.2597024342840745,-0.04825201630592346,0.2638978362083435,7.525445461273193,2.155621290206909,0
physx,constant_forward,0,0,615,6.149999862536788,1.0,0.0,0.2735893428325653,0.32712294061060215,0.24004368072754156,-0.013129276223480701,0.24393831193447113,7.30361795425415,1.3273814916610718,0
physx,constant_forward,0,0,616,6.159999862313271,1.0,0.0,0.27210766077041626,0.3219963415829756,0.24086447798336572,-0.03309376537799835,-0.5986941456794739,7.47270393371582,1.2708158493041992,0
physx,constant_forward,0,0,617,6.169999862089753,1.0,0.0,0.2707955241203308,0.31099733938816826,0.2551301411989543,0.020894747227430344,0.14369463920593262,8.893903732299805,2.107170581817627,0
physx,constant_forward,0,0,618,6.179999861866236,1.0,0.0,0.27164947986602783,0.3241688271671549,0.27842745624189963,0.10887552052736282,0.8205771446228027,10.301225662231445,1.9493277072906494,0
physx,constant_forward,0,0,619,6.189999861642718,1.0,0.0,0.273445188999176,0.3375141257744786,0.29740587438700966,0.07948856055736542,1.6221767663955688,11.099638938903809,1.3241865634918213,0
physx,constant_forward,0,0,620,6.199999861419201,1.0,0.0,0.2744651734828949,0.3199234443954607,0.3090422638351004,0.04178750142455101,-2.7486958503723145,10.478718757629395,1.9027276039123535,0
physx,constant_forward,0,0,621,6.2099998611956835,1.0,0.0,0.2738465964794159,0.2957649983710727,0.3045720696448913,-0.03100713901221752,0.7527521848678589,9.29975700378418,4.941609859466553,0
physx,constant_forward,0,0,622,6.219999860972166,1.0,0.0,0.27287623286247253,0.29563901410536164,0.2862968468742815,-0.010605541989207268,0.3346508741378784,8.324053764343262,1.5139960050582886,0
physx,constant_forward,0,0,623,6.229999860748649,1.0,0.0,0.27245819568634033,0.3156906872429317,0.26730324553810225,0.030835255980491638,0.23587742447853088,7.5177106857299805,3.213858127593994,0
physx,constant_forward,0,0,624,6.239999860525131,1.0,0.0,0.27171048521995544,0.3231210754357738,0.2611930928371781,0.04093269258737564,-1.7935802936553955,7.74277400970459,1.686391830444336,0
physx,constant_forward,0,0,625,6.249999860301614,1.0,0.0,0.2703482210636139,0.30792913852785786,0.273729471881093,-0.0006975946016609669,0.711252748966217,8.913778305053711,1.8150653839111328,0
physx,constant_forward,0,0,626,6.259999860078096,1.0,0.0,0.269729882478714,0.30152902549229693,0.29249305051397284,0.07274746149778366,0.2703976631164551,9.795759201049805,1.2803131341934204,0
physx,constant_forward,0,0,627,6.269999859854579,1.0,0.0,0.270622581243515,0.3123988137479596,0.3097470176479539,0.06530586630105972,1.6786816120147705,10.838093757629395,1.8810880184173584,0
physx,constant_forward,0,0,628,6.2799998596310616,1.0,0.0,0.2719447910785675,0.3212925144824293,0.3144384942692791,0.07891596108675003,1.0146007537841797,10.526458740234375,1.7591559886932373,0
physx,constant_forward,0,0,629,6.289999859407544,1.0,0.0,0.2726951837539673,0.30609783417051317,0.31194816913394274,0.0625024288892746,-2.0656509399414062,9.670205116271973,1.6917595863342285,0
physx,constant_forward,0,0,630,6.299999859184027,1.0,0.0,0.2718939185142517,0.28769834630508584,0.29586981840934484,-0.014382435940206051,1.360288143157959,8.677973747253418,3.8777167797088623,0
physx,constant_forward,0,0,631,6.309999858960509,1.0,0.0,0.27042916417121887,0.2884307097177128,0.2767755578811948,0.019770899787545204,-1.2924655675888062,8.042378425598145,1.3469419479370117,0
physx,constant_forward,0,0,632,6.319999858736992,1.0,0.0,0.26976361870765686,0.305411904146741,0.26827392642484343,0.05612139403820038,-0.12079063057899475,7.792111396789551,3.839505910873413,0
physx,constant_forward,0,0,633,6.3299998585134745,1.0,0.0,0.269946813583374,0.3243952781794037,0.26986299260188223,0.10249107331037521,-0.1554209291934967,8.709762573242188,1.4106587171554565,0
physx,constant_forward,0,0,634,6.339999858289957,1.0,0.0,0.269641637802124,0.32130226011482377,0.28401772701643807,0.04450786113739014,-0.8956397175788879,9.536171913146973,0.919236958026886,0
physx,constant_forward,0,0,635,6.34999985806644,1.0,0.0,0.2690982520580292,0.3116570352875704,0.29432963356086084,-0.023049164563417435,2.3699676990509033,10.214241981506348,1.873677372932434,0
physx,constant_forward,0,0,636,6.359999857842922,1.0,0.0,0.2684643566608429,0.3102844666081918,0.2947191801874173,0.0038281073793768883,0.5119360089302063,10.137898445129395,1.2744041681289673,0
physx,constant_forward,0,0,637,6.369999857619405,1.0,0.0,0.2679976224899292,0.3130287004916994,0.2863389418549801,0.03965592756867409,0.27757132053375244,9.544601440429688,2.107985019683838,0
physx,constant_forward,0,0,638,6.379999857395887,1.0,0.0,0.2685832679271698,0.3193173915210627,0.2850128343584775,0.0892103761434555,0.2626396715641022,9.85887622833252,2.1893184185028076,0
physx,constant_forward,0,0,639,6.38999985717237,1.0,0.0,0.26987653970718384,0.3123386252029031,0.2992291703756711,0.07770839333534241,-2.2190449237823486,10.258927345275879,0.8796694278717041,0
physx,constant_forward,0,0,640,6.3999998569488525,1.0,0.0,0.2705172300338745,0.3027754664241234,0.30839708130679483,0.012220283970236778,0.9929004907608032,9.32474422454834,3.361199140548706,0
physx,constant_forward,0,0,641,6.409999856725335,1.0,0.0,0.27055734395980835,0.2945228781145501,0.3028973994017919,-0.036601219326257706,0.4992830455303192,9.353346824645996,0.7900452017784119,0
physx,constant_forward,0,0,642,6.419999856501818,1.0,0.0,0.27095717191696167,0.3026972013182183,0.28954361282484836,-0.04351026192307472,0.1813534051179886,8.900826454162598,1.6210112571716309,0
physx,constant_forward,0,0,643,6.4299998562783,1.0,0.0,0.2709067165851593,0.3105184163780856,0.2686914969623623,-0.07076730579137802,0.3688865005970001,7.883310317993164,1.7177931070327759,0
physx,constant_forward,0,0,644,6.439999856054783,1.0,0.0,0.2696773409843445,0.3038625284914509,0.26180942878776886,-0.11309938132762909,-0.4662263095378876,7.668531894683838,0.4645642936229706,0
physx,constant_forward,0,0,645,6.4499998558312654,1.0,0.0,0.268147349357605,0.2958417682381681,0.25800912457041736,-0.09164296835660934,0.9372410774230957,8.454243659973145,1.3118230104446411,0
physx,constant_forward,0,0,646,6.459999855607748,1.0,0.0,0.26753097772598267,0.30170167120325786,0.26044594160331386,-0.0041771819815039635,0.05937124416232109,9.319918632507324,1.3950870037078857,0
physx,constant_forward,0,0,647,6.469999855384231,1.0,0.0,0.26850441098213196,0.3179077519788431,0.27308052497299645,0.058145537972450256,0.9317708611488342,10.26054859161377,2.7323453426361084,0
physx,constant_forward,0,0,648,6.479999855160713,1.0,0.0,0.2701989710330963,0.3179233631844139,0.2996871774792049,0.060329701751470566,-3.176532745361328,10.764595031738281,0.888142466545105,0
physx,constant_forward,0,0,649,6.489999854937196,1.0,0.0,0.27112868428230286,0.3109735664216093,0.32159430220178514,0.0020291469991207123,1.267035961151123,9.55404281616211,3.7452340126037598,0
physx,constant_forward,0,0,650,6.499999854713678,1.0,0.0,0.27130162715911865,0.3036580376274121,0.3230799435008459,-0.06593479216098785,0.6456623673439026,9.807066917419434,1.018497109413147,0
physx,constant_forward,0,0,651,6.509999854490161,1.0,0.0,0.27141711115837097,0.3083775073068649,0.312025299065689,-0.05525984242558479,-0.06664414703845978,9.238920211791992,2.013681650161743,0
physx,constant_forward,0,0,652,6.5199998542666435,1.0,0.0,0.2714677155017853,0.31973468963089685,0.290980366382353,-0.052967801690101624,0.42842400074005127,7.929429531097412,2.3696582317352295,0
physx,constant_forward,0,0,653,6.529999854043126,1.0,0.0,0.27104538679122925,0.32540067845285275,0.2743989953689017,-0.04902477189898491,-1.5555179119110107,7.548340320587158,0.8074087500572205,0
physx,constant_forward,0,0,654,6.539999853819609,1.0,0.0,0.2694379389286041,0.31013673099561473,0.2671038448494204,-0.08332625031471252,1.3106545209884644,8.102673530578613,1.3987704515457153,0
physx,constant_forward,0,0,655,6.549999853596091,1.0,0.0,0.2686435282230377,0.3066036563624153,0.27163967427848335,0.023204799741506577,0.2098473608493805,9.050073623657227,2.435884475708008,0
physx,constant_forward,0,0,656,6.559999853372574,1.0,0.0,0.26994025707244873,0.3246964478718127,0.28756352969812815,0.08153796195983887,0.8799196481704712,10.347648620605469,2.2770280838012695,0
physx,constant_forward,0,0,657,6.569999853149056,1.0,0.0,0.27211788296699524,0.33219112939893114,0.30633324789065647,0.08083495497703552,-2.1809613704681396,10.809347152709961,0.6058106422424316,0
physx,constant_forward,0,0,658,6.579999852925539,1.0,0.0,0.27289339900016785,0.31724872486856115,0.3218205920602879,0.00800849124789238,-0.7068387269973755,9.822596549987793,2.9719505310058594,0
physx,constant_forward,0,0,659,6.589999852702022,1.0,0.0,0.27318599820137024,0.3094030636273463,0.31464029932818677,-0.07017459720373154,1.656474232673645,9.514852523803711,1.9898000955581665,0
physx,constant_forward,0,0,660,6.599999852478504,1.0,0.0,0.2724604904651642,0.30890816103929614,0.2925783957526922,-0.08822841197252274,-0.0033738166093826294,8.52371597290039,1.908814787864685,0
physx,constant_forward,0,0,661,6.609999852254987,1.0,0.0,0.2719540297985077,0.32228509367183433,0.26926738236675823,-0.05590059980750084,0.01238812506198883,7.519721984863281,2.4456214904785156,0
physx,constant_forward,0,0,662,6.619999852031469,1.0,0.0,0.2705345153808594,0.31508916011666827,0.2637327046325656,-0.08741521835327148,-0.7637271285057068,7.547390460968018,1.6384044885635376,0
physx,constant_forward,0,0,663,6.629999851807952,1.0,0.0,0.26935306191444397,0.30516784883950954,0.26946920249822054,-0.031632523983716965,0.3158832788467407,8.767426490783691,1.8015071153640747,0
physx,constant_forward,0,0,664,6.6399998515844345,1.0,0.0,0.27056264877319336,0.3225306394407339,0.28315083899123067,0.07332228124141693,0.836827278137207,10.05720043182373,2.0175728797912598,0
physx,constant_forward,0,0,665,6.649999851360917,1.0,0.0,0.2725040018558502,0.33577771817094265,0.29168449263158225,0.02820773422718048,1.7449909448623657,10.672152519226074,1.0684189796447754,0
physx,constant_forward,0,0,666,6.6599998511374,1.0,0.0,0.2737680971622467,0.3191293527147131,0.30027192193949626,0.005332569591701031,-2.9378488063812256,10.072588920593262,2.0469911098480225,0
physx,constant_forward,0,0,667,6.669999850913882,1.0,0.0,0.27350932359695435,0.29709150683454677,0.2944628272243643,-0.06909225881099701,1.0671089887619019,9.112473487854004,4.637160778045654,0
physx,constant_forward,0,0,668,6.679999850690365,1.0,0.0,0.27285251021385193,0.2967941635073678,0.2766677506225227,-0.05847771838307381,0.11652051657438278,8.353928565979004,1.45462965965271,0
physx,constant_forward,0,0,669,6.689999850466847,1.0,0.0,0.2722472846508026,0.3090109056030871,0.2594236638486258,-0.020797453820705414,-0.8307617902755737,7.6277995109558105,3.0645346641540527,0
physx,constant_forward,0,0,670,6.69999985024333,1.0,0.0,0.27182257175445557,0.31480475991075163,0.25812592232657944,-0.019107069820165634,-1.795437216758728,7.999831199645996,1.8227847814559937,0
physx,constant_forward,0,0,671,6.709999850019813,1.0,0.0,0.27105051279067993,0.30278527920701437,0.27273872481531125,-0.05915829539299011,1.1909600496292114,9.286073684692383,1.7531176805496216,0
physx,constant_forward,0,0,672,6.719999849796295,1.0,0.0,0.27125200629234314,0.3017358923599167,0.2922931307218191,0.017557598650455475,0.0198238343000412,10.20081615447998,1.1391613483428955,0
physx,constant_forward,0,0,673,6.729999849572778,1.0,0.0,0.27268996834754944,0.31186670812949346,0.3082599390996892,-0.006026716437190771,1.8887416124343872,10.86781120300293,1.355054497718811,0
physx,constant_forward,0,0,674,6.73999984934926,1.0,0.0,0.2743127942085266,0.3178595421304383,0.3110871939496848,0.010807492770254612,0.9519915580749512,10.334477424621582,1.8981956243515015,0
physx,constant_forward,0,0,675,6.749999849125743,1.0,0.0,0.27528896927833557,0.30092020554257076,0.3063968869923048,-0.0032796363811939955,-2.248136281967163,9.429618835449219,1.7870384454727173,0
physx,constant_forward,0,0,676,6.7599998489022255,1.0,0.0,0.27454137802124023,0.2803378031481884,0.28675095203972345,-0.057890329509973526,0.9594456553459167,8.430228233337402,3.9064879417419434,0
physx,constant_forward,0,0,677,6.769999848678708,1.0,0.0,0.2739672362804413,0.28115785253075354,0.27102287919652157,0.022829832509160042,-1.2909750938415527,7.700387477874756,2.3423166275024414,0
physx,constant_forward,0,0,678,6.779999848455191,1.0,0.0,0.2743154764175415,0.29474238057835594,0.26428059465177395,0.0018570213578641415,0.8527539372444153,8.32518196105957,2.0670368671417236,0
physx,constant_forward,0,0,679,6.789999848231673,1.0,0.0,0.27392977476119995,0.29773742412143095,0.2599080730013684,-0.036143332719802856,-1.7791531085968018,8.542508125305176,1.8934136629104614,0
physx,constant_forward,0,0,680,6.799999848008156,1.0,0.0,0.272379994392395,0.2825152971168564,0.26263141953896246,-0.09523666650056839,1.4461477994918823,9.046927452087402,1.8845776319503784,0
physx,constant_forward,0,0,681,6.809999847784638,1.0,0.0,0.27115651965141296,0.2816711912842882,0.26062813755119,-0.043470609933137894,0.9754061102867126,9.647659301757812,1.6032732725143433,0
physx,constant_forward,0,0,682,6.819999847561121,1.0,0.0,0.2708577811717987,0.29371465530094815,0.2588105082573569,0.017956925556063652,0.9193543791770935,9.483373641967773,2.5127029418945312,0
physx,constant_forward,0,0,683,6.829999847337604,1.0,0.0,0.27145931124687195,0.305349569783028,0.26501235124887335,0.09549877792596817,0.6018478274345398,9.991826057434082,2.5163211822509766,0
physx,constant_forward,0,0,684,6.839999847114086,1.0,0.0,0.27353420853614807,0.31448601199757864,0.28373797322649225,0.13334067165851593,-2.2399957180023193,10.4346923828125,0.8382886648178101,0
physx,constant_forward,0,0,685,6.849999846890569,1.0,0.0,0.2746866047382355,0.3069443760254384,0.3045116198009018,0.07582718133926392,-1.005776047706604,9.666818618774414,2.4506847858428955,0
physx,constant_forward,0,0,686,6.859999846667051,1.0,0.0,0.2754780650138855,0.30172292502623393,0.3089297970801922,0.011210792697966099,1.1028733253479004,9.691832542419434,0.8386397361755371,0
physx,constant_forward,0,0,687,6.869999846443534,1.0,0.0,0.27526354789733887,0.290760914694885,0.2968760340284479,-0.052934855222702026,0.7015259861946106,9.57958984375,0.6670676469802856,0
physx,constant_forward,0,0,688,6.8799998462200165,1.0,0.0,0.27519071102142334,0.29547862419006027,0.27716969582354106,-0.04720506817102432,0.06130819767713547,8.727655410766602,2.239915370941162,0
physx,constant_forward,0,0,689,6.889999845996499,1.0,0.0,0.27491506934165955,0.30564041316975227,0.2518466783426565,-0.05250672623515129,0.5425675511360168,7.476020336151123,2.181216239929199,0
physx,constant_forward,0,0,690,6.899999845772982,1.0,0.0,0.2735952138900757,0.3022055768597506,0.24088252768911536,-0.08954358845949173,-0.024883843958377838,7.267679214477539,0.6300152540206909,0
physx,constant_forward,0,0,691,6.909999845549464,1.0,0.0,0.2715662121772766,0.2898125493965121,0.23349121119443866,-0.07353738695383072,0.5059841871261597,8.019954681396484,1.349159836769104,0
physx,constant_forward,0,0,692,6.919999845325947,1.0,0.0,0.2712571620941162,0.29851768608419793,0.24387277828022372,0.046159371733665466,0.45155632495880127,9.20625114440918,2.637882709503174,0
physx,constant_forward,0,0,693,6.929999845102429,1.0,0.0,0.27262142300605774,0.3166922900069981,0.2618243337941168,0.0954715758562088,0.9134591817855835,10.38615894317627,1.876291275024414,0
physx,constant_forward,0,0,694,6.939999844878912,1.0,0.0,0.2743648290634155,0.3145187475575354,0.289574024168988,0.08013448119163513,-3.3194236755371094,10.809094429016113,0.4836381673812866,0
physx,constant_forward,0,0,695,6.9499998446553946,1.0,0.0,0.2752159833908081,0.3048729493883421,0.30904898783172646,0.01784159243106842,0.8619452118873596,9.498429298400879,3.952009916305542,0
physx,constant_forward,0,0,696,6.959999844431877,1.0,0.0,0.2753123342990875,0.2955661002202494,0.3055513452803354,-0.06106981635093689,1.1575592756271362,9.658156394958496,1.053452730178833,0
physx,constant_forward,0,0,697,6.96999984420836,1.0,0.0,0.2750655710697174,0.297042121861346,0.2901005401858428,-0.06106932461261749,-0.20478159189224243,9.067138671875,2.3456079959869385,0
physx,constant_forward,0,0,698,6.979999843984842,1.0,0.0,0.27490174770355225,0.30961498297040846,0.26677402365274594,-0.04557102918624878,0.566433846950531,7.655521869659424,2.5967228412628174,0
physx,constant_forward,0,0,699,6.989999843761325,1.0,0.0,0.2737753391265869,0.30779903755547533,0.25497128831567356,-0.08174587786197662,-0.21210050582885742,7.355048656463623,1.07538902759552,0
physx,constant_forward,0,0,700,6.9999998435378075,1.0,0.0,0.2716600000858307,0.2929091221162098,0.24450437467366518,-0.07553119957447052,0.578475296497345,7.947543621063232,1.3591198921203613,0
physx,constant_forward,0,0,701,7.00999984331429,1.0,0.0,0.2712170481681824,0.2989118458061896,0.250965891813725,0.04475516453385353,0.3558276891708374,9.089954376220703,2.5459911823272705,0
physx,constant_forward,0,0,702,7.019999843090773,1.0,0.0,0.27263328433036804,0.31780847051975375,0.2652372537682096,0.09879868477582932,0.9042379856109619,10.281475067138672,1.9529035091400146,0
physx,constant_forward,0,0,703,7.029999842867255,1.0,0.0,0.2744207978248596,0.3159892727051976,0.289515801508253,0.08187248557806015,-3.1520965099334717,10.695263862609863,0.48165303468704224,0
physx,constant_forward,0,0,704,7.039999842643738,1.0,0.0,0.27529487013816833,0.30580144274304294,0.3064445587814372,0.018928082659840584,0.7831531167030334,9.467235565185547,3.8352150917053223,0
physx,constant_forward,0,0,705,7.04999984242022,1.0,0.0,0.2754191756248474,0.2952854886260506,0.30133403576171036,-0.060121987015008926,1.1792758703231812,9.632012367248535,0.9562346339225769,0
physx,constant_forward,0,0,706,7.059999842196703,1.0,0.0,0.2752062976360321,0.29577800554767536,0.2848301356723979,-0.05944785475730896,-0.11342926323413849,9.071235656738281,2.3438215255737305,0
physx,constant_forward,0,0,707,7.0699998419731855,1.0,0.0,0.27516108751296997,0.3088022323675585,0.2611875879682592,-0.0446750707924366,0.49409639835357666,7.641621112823486,2.6347498893737793,0
physx,constant_forward,0,0,708,7.079999841749668,1.0,0.0,0.274051308631897,0.3058359294136643,0.24963924024302583,-0.08241616934537888,-0.35431352257728577,7.329606056213379,1.0282034873962402,0
physx,constant_forward,0,0,709,7.089999841526151,1.0,0.0,0.27197492122650146,0.2906500105081966,0.23854763527827363,-0.07655953615903854,0.7184776663780212,7.914216041564941,1.405759334564209,0
physx,constant_forward,0,0,710,7.099999841302633,1.0,0.0,0.27167630195617676,0.2981772295255608,0.24519351554997904,0.0514233335852623,0.3051784634590149,9.031756401062012,2.607597827911377,0
physx,constant_forward,0,0,711,7.109999841079116,1.0,0.0,0.2730752229690552,0.31613873125288117,0.2588229218050781,0.09702515602111816,0.9391079545021057,10.166085243225098,1.8636378049850464,0
physx,constant_forward,0,0,712,7.1199998408555984,1.0,0.0,0.27457869052886963,0.3096473342143533,0.2821568332575262,0.06380362808704376,-3.0671253204345703,10.597082138061523,0.5043132305145264,0
physx,constant_forward,0,0,713,7.129999840632081,1.0,0.0,0.2749345600605011,0.29732728747354586,0.2922853158605543,-0.00904802419245243,0.9852094650268555,9.434762954711914,4.995661735534668,0
physx,constant_forward,0,0,714,7.139999840408564,1.0,0.0,0.2742994725704193,0.29299041435406775,0.27995492235065517,-0.09178251773118973,0.9629990458488464,8.828374862670898,1.2156970500946045,0
physx,constant_forward,0,0,715,7.149999840185046,1.0,0.0,0.2734522521495819,0.30431942820124475,0.2650709853781887,-0.04290052130818367,-0.2166302651166916,8.169912338256836,0.8398202061653137,0
physx,constant_forward,0,0,716,7.159999839961529,1.0,0.0,0.2727475166320801,0.3203627229744914,0.2482665787256695,-0.023188885301351547,0.13469059765338898,7.482837677001953,2.468714952468872,0
physx,constant_forward,0,0,717,7.169999839738011,1.0,0.0,0.27188965678215027,0.3248278150318982,0.2457638019001947,0.010564984753727913,-2.243194580078125,7.657964706420898,1.3663171529769897,0
physx,constant_forward,0,0,718,7.179999839514494,1.0,0.0,0.2707972824573517,0.3125275992544197,0.26007946371841634,-0.02094506099820137,1.2353661060333252,8.969545364379883,1.842754602432251,0
physx,constant_forward,0,0,719,7.1899998392909765,1.0,0.0,0.27106669545173645,0.3148823749058128,0.2794029553561512,0.06885270029306412,0.12424131482839584,10.140398979187012,1.5075517892837524,0
physx,constant_forward,0,0,720,7.199999839067459,1.0,0.0,0.2725735902786255,0.3251195280752464,0.2946382300065206,0.03945494070649147,1.8425875902175903,10.918279647827148,1.4720277786254883,0
physx,constant_forward,0,0,721,7.209999838843942,1.0,0.0,0.27430829405784607,0.3211756047080201,0.3005815614044693,0.046655841171741486,-2.0594100952148438,10.396692276000977,1.8532077074050903,0
physx,constant_forward,0,0,722,7.219999838620424,1.0,0.0,0.2743324935436249,0.3014390993896469,0.29571089235153714,-0.01983613707125187,-0.12944766879081726,9.163607597351074,3.653770685195923,0
physx,constant_forward,0,0,723,7.229999838396907,1.0,0.0,0.2737107574939728,0.2933234021952029,0.27404069153546196,-0.037852901965379715,0.6445229649543762,8.38510513305664,1.261210560798645,0
physx,constant_forward,0,0,724,7.239999838173389,1.0,0.0,0.27314701676368713,0.302640262909514,0.25198340273491115,0.006983010098338127,-0.863117516040802,7.526888370513916,1.8072623014450073,0
physx,constant_forward,0,0,725,7.249999837949872,1.0,0.0,0.2732385993003845,0.31661529613108014,0.24004450653080026,0.044995639473199844,-0.27788934111595154,7.528133392333984,2.2961785793304443,0
physx,constant_forward,0,0,726,7.259999837726355,1.0,0.0,0.27288126945495605,0.31067549022686636,0.24710815133240052,0.004918811842799187,-0.5986260175704956,8.163986206054688,1.0638906955718994,0
physx,constant_forward,0,0,727,7.269999837502837,1.0,0.0,0.2720588445663452,0.2918893007316036,0.25698362795577095,-0.06416156888008118,2.229410409927368,9.380648612976074,1.552452802658081,0
physx,constant_forward,0,0,728,7.27999983727932,1.0,0.0,0.271861732006073,0.2934444971155531,0.26380255588569096,-0.004421049728989601,0.3970089554786682,9.877008438110352,1.9455764293670654,0
physx,constant_forward,0,0,729,7.289999837055802,1.0,0.0,0.2723238468170166,0.3041095261402034,0.2624382374633289,0.009381923824548721,1.234392762184143,9.709186553955078,2.760913610458374,0
physx,constant_forward,0,0,730,7.299999836832285,1.0,0.0,0.2731011211872101,0.3030506637636715,0.25922216171805595,0.039099082350730896,-2.186871290206909,9.729207038879395,0.8028256297111511,0
physx,constant_forward,0,0,731,7.3099998366087675,1.0,0.0,0.2724307179450989,0.2885703610390115,0.2559551465370821,-0.01325157843530178,-0.2624344825744629,8.89153003692627,2.843986988067627,0
physx,constant_forward,0,0,732,7.31999983638525,1.0,0.0,0.2714969217777252,0.2780925128795596,0.2512559566371622,-0.01467216294258833,-0.3236040472984314,8.628410339355469,1.4689871072769165,0
physx,constant_forward,0,0,733,7.329999836161733,1.0,0.0,0.2718026041984558,0.288149942261058,0.2555280833731301,0.0436130166053772,-0.7368224263191223,9.215015411376953,1.1223257780075073,0
physx,constant_forward,0,0,734,7.339999835938215,1.0,0.0,0.2726897895336151,0.2990230748615035,0.25728209082165104,-0.002927482593804598,1.1335338354110718,9.656291007995605,1.1358731985092163,0
physx,constant_forward,0,0,735,7.349999835714698,1.0,0.0,0.2732942998409271,0.3064580259241061,0.2514327077235974,-0.03519243746995926,0.35110902786254883,9.266420364379883,2.0747601985931396,0
physx,constant_forward,0,0,736,7.35999983549118,1.0,0.0,0.2727448642253876,0.2996241092459822,0.25202664157549276,-0.07969872653484344,-0.811569333076477,8.501635551452637,1.3963395357131958,0
physx,constant_forward,0,0,737,7.369999835267663,1.0,0.0,0.2716805040836334,0.28773012599773007,0.24571107547545354,-0.11107170581817627,2.033066749572754,8.930547714233398,0.7805790901184082,0
physx,constant_forward,0,0,738,7.379999835044146,1.0,0.0,0.2713726758956909,0.29500514570986824,0.23920578520856678,-0.015857309103012085,0.1651621162891388,9.296952247619629,1.2731497287750244,0
physx,constant_forward,0,0,739,7.389999834820628,1.0,0.0,0.2723867893218994,0.3126684111063037,0.24020331023762823,0.04885854199528694,0.9299156069755554,9.61463737487793,3.249307632446289,0
physx,constant_forward,0,0,740,7.399999834597111,1.0,0.0,0.27450838685035706,0.3195568353315926,0.2543978298559039,0.0838746726512909,-2.3955061435699463,10.112567901611328,0.8996149301528931,0
physx,constant_forward,0,0,741,7.409999834373593,1.0,0.0,0.2756834030151367,0.3096856471687626,0.2753373842720176,0.026643963530659676,-0.8406918048858643,9.373261451721191,2.6492321491241455,0
physx,constant_forward,0,0,742,7.419999834150076,1.0,0.0,0.2765394151210785,0.30093597056400734,0.27993696007740315,-0.036848925054073334,1.1104265451431274,9.508689880371094,0.8260841965675354,0
physx,constant_forward,0,0,743,7.4299998339265585,1.0,0.0,0.2766062319278717,0.289590771683768,0.26969133122780964,-0.0735483467578888,0.3440627157688141,9.43971061706543,0.6529913544654846,0
physx,constant_forward,0,0,744,7.439999833703041,1.0,0.0,0.27727487683296204,0.2981723096994935,0.2505048529311334,-0.05939379334449768,0.5007948279380798,8.689148902893066,1.8676601648330688,0
physx,constant_forward,0,0,745,7.449999833479524,1.0,0.0,0.27742618322372437,0.30432581502417044,0.2296423972398277,-0.0657033696770668,-1.7297989130020142,7.494648456573486,2.0081727504730225,0
physx,constant_forward,0,0,746,7.459999833256006,1.0,0.0,0.27614113688468933,0.28596637022785354,0.21773218433739056,-0.13228543102741241,1.7998850345611572,7.876351356506348,1.3343678712844849,0
physx,constant_forward,0,0,747,7.469999833032489,1.0,0.0,0.27493560314178467,0.27965663548779995,0.20775792120515932,-0.05681345984339714,0.12704744935035706,8.453119277954102,2.1825594902038574,0
physx,constant_forward,0,0,748,7.479999832808971,1.0,0.0,0.2753467559814453,0.29516595803681833,0.20960153232406822,0.04197315126657486,0.7528635263442993,8.850642204284668,3.8835580348968506,0
physx,constant_forward,0,0,749,7.489999832585454,1.0,0.0,0.27718862891197205,0.30625865650743433,0.2254860255185147,0.08620253950357437,-2.2475802898406982,9.777114868164062,1.4575988054275513,0
physx,constant_forward,0,0,750,7.499999832361937,1.0,0.0,0.27808964252471924,0.2997272592578634,0.2521278495399615,0.030602868646383286,-1.1229441165924072,9.335517883300781,2.44254469871521,0
physx,constant_forward,0,0,751,7.509999832138419,1.0,0.0,0.2784656286239624,0.28891761451867637,0.2619349443263875,-0.050154753029346466,1.2430921792984009,9.706104278564453,1.185765027999878,0
physx,constant_forward,0,0,752,7.519999831914902,1.0,0.0,0.27799907326698303,0.2843959321223375,0.2541082954252642,-0.0991641953587532,0.024527907371520996,9.349336624145508,1.953940510749817,0
physx,constant_forward,0,0,753,7.529999831691384,1.0,0.0,0.2776319980621338,0.29507617891267546,0.24009003754822542,-0.06742273271083832,0.09511309117078781,8.253556251525879,1.8467450141906738,0
physx,constant_forward,0,0,754,7.539999831467867,1.0,0.0,0.2774544060230255,0.31097927139164516,0.22248734947807286,-0.0333697646856308,0.3937109410762787,7.49463415145874,1.6719318628311157,0
physx,constant_forward,0,0,755,7.5499998312443495,1.0,0.0,0.27701079845428467,0.3198374903302037,0.21340751766845903,-0.019157756119966507,-1.7666579484939575,7.259392738342285,0.4598521888256073,0
physx,constant_forward,0,0,756,7.559999831020832,1.0,0.0,0.27521780133247375,0.3018318164680086,0.214374045137227,-0.057923659682273865,1.5173448324203491,8.025911331176758,1.7455039024353027,0
physx,constant_forward,0,0,757,7.569999830797315,1.0,0.0,0.27412229776382446,0.2936043865603609,0.22665718861970674,0.05078230798244476,0.09148621559143066,8.896639823913574,2.5349650382995605,0
physx,constant_forward,0,0,758,7.579999830573797,1.0,0.0,0.27505868673324585,0.30758914499036116,0.24862537737094037,0.1003304049372673,0.7551239728927612,10.216042518615723,2.528961420059204,0
physx,constant_forward,0,0,759,7.58999983035028,1.0,0.0,0.2767624855041504,0.31740118946823853,0.2696972804452166,0.0928444042801857,0.7564959526062012,10.765057563781738,0.7424054145812988,0
physx,constant_forward,0,0,760,7.599999830126762,1.0,0.0,0.27803391218185425,0.299397995155065,0.2916562156537128,0.04404359310865402,-2.851612091064453,10.729883193969727,0.3581188917160034,0
physx,constant_forward,0,0,761,7.609999829903245,1.0,0.0,0.2781592309474945,0.2819464715834935,0.29390831169612897,-0.03393585979938507,1.3838860988616943,9.3873291015625,5.2010273933410645,0
physx,constant_forward,0,0,762,7.6199998296797276,1.0,0.0,0.27739760279655457,0.2805506228601732,0.2733946262871828,-0.05342285707592964,0.1670163869857788,8.208852767944336,2.049119472503662,0
physx,constant_forward,0,0,763,7.62999982945621,1.0,0.0,0.27709996700286865,0.2999483318656291,0.25247955660764887,-0.0048386636190116405,0.38885313272476196,7.244446754455566,2.4839415550231934,0
physx,constant_forward,0,0,764,7.639999829232693,1.0,0.0,0.27614885568618774,0.31040995829415385,0.22902058017313207,0.00828246958553791,-0.4245305061340332,7.146772861480713,1.2953720092773438,0
physx,constant_forward,0,0,765,7.649999829009175,1.0,0.0,0.27454623579978943,0.3022476890405549,0.23145881582407446,-0.006266504526138306,-0.8713975548744202,7.129295825958252,1.2993228435516357,0
physx,constant_forward,0,0,766,7.659999828785658,1.0,0.0,0.27314043045043945,0.29080139698794977,0.2417933508144841,0.02515900507569313,0.787087082862854,8.599273681640625,2.1289634704589844,0
physx,constant_forward,0,0,767,7.6699998285621405,1.0,0.0,0.27345311641693115,0.2983761235922854,0.2601202273709774,0.075785793364048,1.5195367336273193,10.02812671661377,2.101226568222046,0
physx,constant_forward,0,0,768,7.679999828338623,1.0,0.0,0.2744104862213135,0.30600218088720393,0.2719664167521021,0.0767010748386383,1.153295874595642,10.532058715820312,1.0221972465515137,0
physx,constant_forward,0,0,769,7.689999828115106,1.0,0.0,0.2750869393348694,0.2925389142755056,0.28317934762891783,0.06043119728565216,-2.7652668952941895,10.232654571533203,0.9843853116035461,0
physx,constant_forward,0,0,770,7.699999827891588,1.0,0.0,0.274493008852005,0.2767912849771394,0.2799977127391931,-0.012940797954797745,1.388697624206543,9.274109840393066,4.0649871826171875,0
physx,constant_forward,0,0,771,7.709999827668071,1.0,0.0,0.2734791040420532,0.28133112960747414,0.26488611672900303,0.0006320775719359517,-0.5698214173316956,8.47852611541748,1.6247612237930298,0
physx,constant_forward,0,0,772,7.719999827444553,1.0,0.0,0.2730613350868225,0.2988393332379239,0.25830898075190006,0.054164156317710876,-0.5629690885543823,8.142515182495117,3.6415958404541016,0
physx,constant_forward,0,0,773,7.729999827221036,1.0,0.0,0.2733596861362457,0.31465743534857066,0.2601187967648576,0.07264085114002228,-0.12095854431390762,8.804317474365234,1.0413676500320435,0
physx,constant_forward,0,0,774,7.7399998269975185,1.0,0.0,0.27336421608924866,0.3120629377808301,0.2745545109150982,0.03176867961883545,-0.8171387910842896,9.326772689819336,0.6360963582992554,0
physx,constant_forward,0,0,775,7.749999826774001,1.0,0.0,0.2730814814567566,0.29967955600060275,0.28356491568988823,-0.04453754425048828,2.481426477432251,10.148019790649414,1.0777727365493774,0
physx,constant_forward,0,0,776,7.759999826550484,1.0,0.0,0.2730363607406616,0.29963814339345995,0.28177151450675414,-0.011031840927898884,0.6034038066864014,10.169547080993652,2.085867404937744,0
physx,constant_forward,0,0,777,7.769999826326966,1.0,0.0,0.27365347743034363,0.3088881337419344,0.27053061211167706,0.015510187484323978,1.1847022771835327,9.295997619628906,2.62564754486084,0
physx,constant_forward,0,0,778,7.779999826103449,1.0,0.0,0.2744341194629669,0.3065649038448813,0.25619362480924834,0.04511792212724686,-1.8439621925354004,9.114829063415527,1.0137763023376465,0
physx,constant_forward,0,0,779,7.7899998258799314,1.0,0.0,0.27368640899658203,0.2908493223778834,0.24530475810191074,-0.007828980684280396,-0.3177298605442047,8.13012981414795,2.6206462383270264,0
physx,constant_forward,0,0,780,7.799999825656414,1.0,0.0,0.2727539837360382,0.2806472481770025,0.23865559796031852,0.022502552717924118,-0.6482489109039307,7.863532066345215,1.5815773010253906,0
physx,constant_forward,0,0,781,7.809999825432897,1.0,0.0,0.2731042504310608,0.2906403055170108,0.24189097496079132,0.06684431433677673,-0.5029328465461731,8.66558837890625,1.5714607238769531,0
physx,constant_forward,0,0,782,7.819999825209379,1.0,0.0,0.27363869547843933,0.2956841243784996,0.24567720595713421,0.005279365926980972,1.017201542854309,9.534442901611328,1.265009880065918,0
physx,constant_forward,0,0,783,7.829999824985862,1.0,0.0,0.2733117640018463,0.2881343170278978,0.2577733771532488,-0.047205302864313126,-1.660689353942871,9.536298751831055,1.9272304773330688,0
physx,constant_forward,0,0,784,7.839999824762344,1.0,0.0,0.27250897884368896,0.27831716688356267,0.25829317015195563,-0.1186443567276001,2.715226411819458,9.790695190429688,1.4763333797454834,0
physx,constant_forward,0,0,785,7.849999824538827,1.0,0.0,0.27195465564727783,0.28344127821590365,0.2547570335033865,-0.061835721135139465,0.21810001134872437,9.915555953979492,2.0561141967773438,0
physx,constant_forward,0,0,786,7.8599998243153095,1.0,0.0,0.2719259560108185,0.2938546875826313,0.24766662393467787,-0.04073043540120125,1.1992734670639038,9.340487480163574,2.7913856506347656,0
physx,constant_forward,0,0,787,7.869999824091792,1.0,0.0,0.27274781465530396,0.30195690136771924,0.25015478735976565,0.03958290070295334,0.37758558988571167,9.839970588684082,2.1679604053497314,0
physx,constant_forward,0,0,788,7.879999823868275,1.0,0.0,0.2747316360473633,0.30155461652820176,0.2705265116564636,0.050428953021764755,-2.4680163860321045,10.197056770324707,0.6866503357887268,0
physx,constant_forward,0,0,789,7.889999823644757,1.0,0.0,0.2759513556957245,0.2943987524291309,0.28360392326361766,-0.013368126004934311,0.9811205863952637,9.287578582763672,3.204773187637329,0
physx,constant_forward,0,0,790,7.89999982342124,1.0,0.0,0.2765321433544159,0.2856680023983098,0.27960919221145686,-0.06989102810621262,0.6747236251831055,9.408973693847656,0.7054155468940735,0
physx,constant_forward,0,0,791,7.909999823197722,1.0,0.0,0.2769697904586792,0.288464748356266,0.263141455067255,-0.07425488531589508,0.1263527274131775,8.96446418762207,1.8713730573654175,0
physx,constant_forward,0,0,792,7.919999822974205,1.0,0.0,0.2772548198699951,0.2974407346321358,0.24029088382980884,-0.07925743609666824,0.3267771899700165,7.657018661499023,2.164027690887451,0
physx,constant_forward,0,0,793,7.929999822750688,1.0,0.0,0.2763367295265198,0.2911739057231194,0.2312058383357783,-0.11676770448684692,-0.6699985265731812,7.308983325958252,0.5591703653335571,0
physx,constant_forward,0,0,794,7.93999982252717,1.0,0.0,0.2746790051460266,0.27653114183296723,0.22513328743499195,-0.12224065512418747,1.06171452999115,7.936197757720947,1.2966136932373047,0
physx,constant_forward,0,0,795,7.949999822303653,1.0,0.0,0.2737332284450531,0.27851074611324395,0.22489269838376127,-0.00846710056066513,-0.14470748603343964,8.665325164794922,1.0442111492156982,0
physx,constant_forward,0,0,796,7.959999822080135,1.0,0.0,0.2746486961841583,0.2975613674857793,0.2349637937884816,0.05271833389997482,0.8416973948478699,9.64945125579834,3.235297441482544,0
physx,constant_forward,0,0,797,7.969999821856618,1.0,0.0,0.2763656675815582,0.30928592819995976,0.25348658943454877,0.06550994515419006,0.6618083715438843,10.333220481872559,1.0739670991897583,0
physx,constant_forward,0,0,798,7.9799998216331005,1.0,0.0,0.2780372202396393,0.2964790252266112,0.2814088652830578,0.03825214505195618,-3.3067519664764404,10.501690864562988,0.4280606210231781,0
physx,constant_forward,0,0,799,7.989999821409583,1.0,0.0,0.27862951159477234,0.2797087968548421,0.2951678300018456,-0.04222536087036133,1.3250175714492798,9.19560432434082,4.066957473754883,0
physx,constant_forward,0,0,800,7.999999821186066,1.0,0.0,0.27852389216423035,0.27733374017955076,0.28565221442752364,-0.10028216987848282,0.5058383941650391,8.792537689208984,1.666361927986145,0
physx,constant_forward,0,0,801,8.009999820962548,1.0,0.0,0.2780977487564087,0.28696168180305087,0.2702244921999468,-0.07659003138542175,0.03442767634987831,7.947848320007324,1.5150758028030396,0
physx,constant_forward,0,0,802,8.01999982073903,1.0,0.0,0.2777498662471771,0.3021769563250706,0.2531384934305554,-0.05214175581932068,0.36877813935279846,7.381561756134033,1.5457950830459595,0
physx,constant_forward,0,0,803,8.029999820515513,1.0,0.0,0.2764235734939575,0.3002186593670899,0.24802573953528692,-0.07634183019399643,-0.3249581456184387,7.357159614562988,0.32426467537879944,0
physx,constant_forward,0,0,804,8.039999820291996,1.0,0.0,0.27469873428344727,0.2877441673209652,0.2511263970091092,-0.06437331438064575,0.4282805621623993,8.458731651306152,2.186932325363159,0
physx,constant_forward,0,0,805,8.049999820068479,1.0,0.0,0.27465108036994934,0.2932563674594664,0.27020402844352165,0.04212304204702377,-0.17057980597019196,9.666240692138672,1.6727708578109741,0
physx,constant_forward,0,0,806,8.059999819844961,1.0,0.0,0.27613911032676697,0.3096087365659473,0.2909583326601402,0.06188925355672836,1.0332601070404053,10.682515144348145,1.5891071557998657,0
physx,constant_forward,0,0,807,8.069999819621444,1.0,0.0,0.2779269516468048,0.3085538024687124,0.3083290776024605,0.03535371646285057,-1.6518672704696655,10.947162628173828,0.4164838194847107,0
physx,constant_forward,0,0,808,8.079999819397926,1.0,0.0,0.2784120738506317,0.2931666855251579,0.31566570234114283,-0.026195459067821503,-0.4846743047237396,9.773538589477539,4.190475940704346,0
physx,constant_forward,0,0,809,8.089999819174409,1.0,0.0,0.27813687920570374,0.28651442809125144,0.2984913923793008,-0.0951710045337677,1.588990569114685,8.934026718139648,1.1954858303070068,0
physx,constant_forward,0,0,810,8.099999818950891,1.0,0.0,0.2777419090270996,0.2977691719915922,0.2760140564685213,-0.046091228723526,-0.13276037573814392,8.115744590759277,1.6849243640899658,0
physx,constant_forward,0,0,811,8.109999818727374,1.0,0.0,0.277183473110199,0.3128513234021484,0.25263746411236093,-0.017710750922560692,-0.085385262966156,7.077971458435059,3.0782523155212402,0
physx,constant_forward,0,0,812,8.119999818503857,1.0,0.0,0.2767857611179352,0.3190346173772132,0.24780641290915173,0.012786096893250942,-2.133855104446411,7.35512113571167,1.3071452379226685,0
physx,constant_forward,0,0,813,8.12999981828034,1.0,0.0,0.2760104238986969,0.30638830329807315,0.25818176325763925,-0.021622899919748306,1.3936431407928467,8.63292121887207,1.947854995727539,0
physx,constant_forward,0,0,814,8.139999818056822,1.0,0.0,0.2759919762611389,0.30019279222593326,0.27554438129344094,0.004929292481392622,1.4351202249526978,9.91207504272461,1.5920405387878418,0
physx,constant_forward,0,0,815,8.149999817833304,1.0,0.0,0.2767127752304077,0.3031546371246416,0.2869073822702848,0.021388832479715347,0.8793332576751709,10.36555290222168,1.0367579460144043,0
physx,constant_forward,0,0,816,8.159999817609787,1.0,0.0,0.277821809053421,0.29907600276934676,0.29009662262704583,0.028356490656733513,-2.122380018234253,10.291961669921875,0.7876214385032654,0
physx,constant_forward,0,0,817,8.16999981738627,1.0,0.0,0.2776193916797638,0.2843936148965401,0.28480626515920243,-0.031018204987049103,0.11508050560951233,9.303759574890137,3.039888381958008,0
physx,constant_forward,0,0,818,8.179999817162752,1.0,0.0,0.27667704224586487,0.2777146403961946,0.2670293510517465,-0.05736049637198448,-0.34089863300323486,8.633341789245605,1.0027451515197754,0
physx,constant_forward,0,0,819,8.189999816939235,1.0,0.0,0.27643829584121704,0.28712583490645505,0.2587953669582455,0.01418350636959076,-0.998630702495575,8.364727020263672,2.0515127182006836,0
physx,constant_forward,0,0,820,8.199999816715717,1.0,0.0,0.27725061774253845,0.3036680451099271,0.2586437610522641,0.03194987028837204,0.0170714370906353,8.93194580078125,1.1920722723007202,0
physx,constant_forward,0,0,821,8.2099998164922,1.0,0.0,0.27813786268234253,0.3085785798145685,0.2643655626662874,0.0012125300709158182,-1.4707015752792358,9.35571575164795,0.5001850128173828,0
physx,constant_forward,0,0,822,8.219999816268682,1.0,0.0,0.2784503400325775,0.2986118756311101,0.2682846271049367,-0.059240568429231644,1.6993074417114258,9.786088943481445,1.5335687398910522,0
physx,constant_forward,0,0,823,8.229999816045165,1.0,0.0,0.27813720703125,0.2866701757273997,0.26071485449977155,-0.08707468211650848,1.069013237953186,9.746238708496094,1.3348430395126343,0
physx,constant_forward,0,0,824,8.239999815821648,1.0,0.0,0.27823734283447266,0.2867399152940484,0.2519959941694143,-0.04211936518549919,0.7399266362190247,9.203229904174805,1.0288803577423096,0
physx,constant_forward,0,0,825,8.24999981559813,1.0,0.0,0.27843382954597473,0.2881804844897481,0.23848515883748667,-0.004902757704257965,0.45537930727005005,9.03862476348877,0.8822329044342041,0
physx,constant_forward,0,0,826,8.259999815374613,1.0,0.0,0.2798871397972107,0.2887065879809563,0.24091388099139485,0.06064426526427269,-2.810629367828369,9.389544486999512,2.0649476051330566,0
physx,constant_forward,0,0,827,8.269999815151095,1.0,0.0,0.28084254264831543,0.281492690371405,0.2520613657196067,0.006075387820601463,-0.24049818515777588,8.979321479797363,2.4671311378479004,0
physx,constant_forward,0,0,828,8.279999814927578,1.0,0.0,0.2815239429473877,0.27489468021087055,0.25403241330242404,-0.03256019204854965,-0.07437876611948013,9.326685905456543,0.585476815700531,0
physx,constant_forward,0,0,829,8.28999981470406,1.0,0.0,0.28186124563217163,0.2684844128536513,0.24917926406933943,-0.07221291214227676,0.2561614513397217,9.479090690612793,0.23720285296440125,0
physx,constant_forward,0,0,830,8.299999814480543,1.0,0.0,0.2823393940925598,0.2730728192506177,0.23707996401100645,-0.08041287958621979,0.15963292121887207,8.968465805053711,1.6314865350723267,0
physx,constant_forward,0,0,831,8.309999814257026,1.0,0.0,0.28252336382865906,0.2811170718456757,0.21957622577618852,-0.08549828827381134,0.2821301817893982,7.92458963394165,1.5881601572036743,0
physx,constant_forward,0,0,832,8.319999814033508,1.0,0.0,0.2816222608089447,0.27670951739821914,0.2133534358584186,-0.12853696942329407,-0.0798281729221344,7.471632480621338,0.6504747271537781,0
physx,constant_forward,0,0,833,8.32999981380999,1.0,0.0,0.28014031052589417,0.26657543277175133,0.2091182877208502,-0.11751005798578262,0.9238696098327637,8.11374282836914,1.029498815536499,0
physx,constant_forward,0,0,834,8.339999813586473,1.0,0.0,0.2794235944747925,0.2705177640049713,0.2110417656746933,-0.011507896706461906,-0.08383278548717499,8.76589584350586,0.8378443121910095,0
physx,constant_forward,0,0,835,8.349999813362956,1.0,0.0,0.2803633511066437,0.2869987048634529,0.22344114469134888,0.057619690895080566,0.9073777198791504,9.695345878601074,2.987405300140381,0
physx,constant_forward,0,0,836,8.359999813139439,1.0,0.0,0.28222838044166565,0.29922717154049566,0.24409588184935682,0.07329554855823517,0.698857307434082,10.377466201782227,1.0576694011688232,0
physx,constant_forward,0,0,837,8.369999812915921,1.0,0.0,0.2839474081993103,0.2857607033573466,0.2708417305094098,0.04129905626177788,-3.5738110542297363,10.562103271484375,0.38782361149787903,0
physx,constant_forward,0,0,838,8.379999812692404,1.0,0.0,0.2845478057861328,0.26848760518074805,0.2827769257384731,-0.036486923694610596,1.519059658050537,9.134464263916016,4.271697044372559,0
physx,constant_forward,0,0,839,8.389999812468886,1.0,0.0,0.2842917740345001,0.2651963456913649,0.2719722888255244,-0.1075601875782013,0.4888478219509125,8.700935363769531,1.7639375925064087,0
physx,constant_forward,0,0,840,8.399999812245369,1.0,0.0,0.28344249725341797,0.2719429803491959,0.2560928875194119,-0.07901931554079056,-0.21110223233699799,7.845896244049072,1.414444088935852,0
physx,constant_forward,0,0,841,8.409999812021852,1.0,0.0,0.2827377915382385,0.2876585526314799,0.2402519918922571,-0.043817851692438126,0.4472880959510803,7.218536376953125,1.6343152523040771,0
physx,constant_forward,0,0,842,8.419999811798334,1.0,0.0,0.28217101097106934,0.30482690822596314,0.22993150989980637,0.0055510844103991985,0.2913610339164734,7.236895561218262,0.5533342361450195,0
physx,constant_forward,0,0,843,8.429999811574817,1.0,0.0,0.2804408073425293,0.30050507820698463,0.2297959006483689,-0.02985762432217598,-0.9027578234672546,7.43473482131958,0.4334096610546112,0
physx,constant_forward,0,0,844,8.4399998113513,1.0,0.0,0.27855029702186584,0.28854307819764347,0.24088081475808193,0.0020400448702275753,0.5777307152748108,8.650801658630371,2.424574851989746,0
physx,constant_forward,0,0,845,8.449999811127782,1.0,0.0,0.2785237729549408,0.29707493840958354,0.2648645147878473,0.09047169238328934,0.3916824460029602,10.126956939697266,2.0446524620056152,0
physx,constant_forward,0,0,846,8.459999810904264,1.0,0.0,0.2799057960510254,0.3130482881474511,0.2905162459189172,0.1084568127989769,0.7681578397750854,10.974142074584961,1.3981826305389404,0
physx,constant_forward,0,0,847,8.469999810680747,1.0,0.0,0.28140881657600403,0.3084779598848404,0.31043616373632965,0.06675565242767334,-1.9194966554641724,11.051100730895996,0.24218161404132843,0
physx,constant_forward,0,0,848,8.47999981045723,1.0,0.0,0.28169116377830505,0.2916267618069227,0.31655085991688653,0.007550147362053394,-0.05725443363189697,9.70876693725586,4.4350714683532715,0
physx,constant_forward,0,0,849,8.489999810233712,1.0,0.0,0.2812482416629791,0.2864883516551457,0.2990767411639173,-0.05889616906642914,1.4576845169067383,8.76136302947998,1.2534626722335815,0
physx,constant_forward,0,0,850,8.499999810010195,1.0,0.0,0.280635267496109,0.297143412024244,0.2770848192903564,-0.010068287141621113,-0.1336415708065033,7.996445655822754,1.41337251663208,0
physx,constant_forward,0,0,851,8.509999809786677,1.0,0.0,0.27977102994918823,0.31046235086105806,0.25507157252304496,0.008519887924194336,-0.31007111072540283,7.073202133178711,2.766486644744873,0
physx,constant_forward,0,0,852,8.51999980956316,1.0,0.0,0.27898553013801575,0.31425659107374243,0.25099512936135226,0.03679010644555092,-2.221811532974243,7.413406848907471,1.383652687072754,0
physx,constant_forward,0,0,853,8.529999809339643,1.0,0.0,0.2779577970504761,0.3024258664068648,0.2617721056350356,0.008706795051693916,1.1405105590820312,8.756204605102539,1.9094651937484741,0
physx,constant_forward,0,0,854,8.539999809116125,1.0,0.0,0.2778130769729614,0.2990059254190985,0.2796072609477272,0.03914796933531761,1.4084327220916748,10.05781364440918,1.596904993057251,0
physx,constant_forward,0,0,855,8.549999808892608,1.0,0.0,0.27846774458885193,0.30396588178161704,0.2907367743110198,0.0591747984290123,0.9466497898101807,10.475092887878418,1.0852879285812378,0
physx,constant_forward,0,0,856,8.55999980866909,1.0,0.0,0.27928152680397034,0.3054305091882161,0.2906046718354179,0.05930333957076073,0.9897421598434448,10.278677940368652,0.7990459203720093,0
physx,constant_forward,0,0,857,8.569999808445573,1.0,0.0,0.28001654148101807,0.29467505688160556,0.28394042409065606,0.06228489801287651,-2.2830393314361572,9.754465103149414,0.9273108839988708,0
physx,constant_forward,0,0,858,8.579999808222055,1.0,0.0,0.27930232882499695,0.2760995395355327,0.2716780989838038,0.016800954937934875,0.23034094274044037,8.707432746887207,2.9259400367736816,0
physx,constant_forward,0,0,859,8.589999807998538,1.0,0.0,0.27842977643013,0.2684584877238377,0.25921047776394723,0.030493004247546196,-0.635240375995636,8.201142311096191,1.8207837343215942,0
physx,constant_forward,0,0,860,8.59999980777502,1.0,0.0,0.2787392735481262,0.2800178195317501,0.2576302828814945,0.08299486339092255,-0.29192501306533813,8.677372932434082,1.0748958587646484,0
physx,constant_forward,0,0,861,8.609999807551503,1.0,0.0,0.27924105525016785,0.2886042347488923,0.25463197173560126,0.03262700140476227,1.0925182104110718,9.190566062927246,1.1022412776947021,0
physx,constant_forward,0,0,862,8.619999807327986,1.0,0.0,0.27923640608787537,0.2899461333499321,0.25317313891842114,0.004913858138024807,-2.2969725131988525,9.123823165893555,2.0200507640838623,0
physx,constant_forward,0,0,863,8.629999807104468,1.0,0.0,0.27828073501586914,0.27785508662653796,0.250588959961716,-0.05716647952795029,2.065941572189331,9.162443161010742,1.696812629699707,0
physx,constant_forward,0,0,864,8.639999806880951,1.0,0.0,0.2773186266422272,0.27564058099140065,0.24279187053638554,-0.03043467551469803,0.6417033076286316,9.464170455932617,1.850394606590271,0
physx,constant_forward,0,0,865,8.649999806657434,1.0,0.0,0.27683740854263306,0.28285807461994245,0.23516522415369062,0.034799445420503616,0.37669575214385986,8.962629318237305,2.2936511039733887,0
physx,constant_forward,0,0,866,8.659999806433916,1.0,0.0,0.27761974930763245,0.29497560025964975,0.23862913608369396,0.09950146079063416,0.604773759841919,9.523209571838379,2.4877872467041016,0
physx,constant_forward,0,0,867,8.669999806210399,1.0,0.0,0.27940401434898376,0.2967541811687115,0.2542256758579194,0.1165771335363388,-2.387509822845459,10.047350883483887,0.9020134210586548,0
physx,constant_forward,0,0,868,8.679999805986881,1.0,0.0,0.28026124835014343,0.2851975713158098,0.27307418370578185,0.05881716310977936,-0.37682655453681946,9.348487854003906,2.8902060985565186,0
physx,constant_forward,0,0,869,8.689999805763364,1.0,0.0,0.2806161344051361,0.27486453937922817,0.2740568863856207,-0.017822694033384323,1.130540132522583,9.511964797973633,0.41895076632499695,0
physx,constant_forward,0,0,870,8.699999805539846,1.0,0.0,0.2801384925842285,0.27022226002544053,0.261381119682524,-0.06092765927314758,0.0923280417919159,9.11082649230957,2.0197250843048096,0
physx,constant_forward,0,0,871,8.709999805316329,1.0,0.0,0.2797880172729492,0.2812988601027094,0.24422993635259652,-0.03324800357222557,0.28240054845809937,7.942299842834473,1.8469569683074951,0
physx,constant_forward,0,0,872,8.719999805092812,1.0,0.0,0.2794547379016876,0.2958504140708327,0.22732548209861986,-0.018098343163728714,0.31201502680778503,7.441368579864502,1.4436756372451782,0
physx,constant_forward,0,0,873,8.729999804869294,1.0,0.0,0.2780913710594177,0.29263619901090854,0.22541356511471472,-0.05768369138240814,-0.318083256483078,7.299099445343018,0.15834030508995056,0
physx,constant_forward,0,0,874,8.739999804645777,1.0,0.0,0.27624598145484924,0.2820453340687463,0.22723879979426634,-0.043206587433815,0.8606399297714233,8.263790130615234,1.6129891872406006,0
physx,constant_forward,0,0,875,8.74999980442226,1.0,0.0,0.2753235995769501,0.2860849954236895,0.23422040725383975,0.04554199427366257,-0.012943081557750702,9.250387191772461,1.2191630601882935,0
physx,constant_forward,0,0,876,8.759999804198742,1.0,0.0,0.27612748742103577,0.30224693398687225,0.25175899386928935,0.10224348306655884,0.8206821084022522,10.367080688476562,2.9860715866088867,0
physx,constant_forward,0,0,877,8.769999803975224,1.0,0.0,0.2780296504497528,0.3081821451249916,0.2776198869819427,0.11027336120605469,-2.254708766937256,10.824996948242188,0.8281474113464355,0
physx,constant_forward,0,0,878,8.779999803751707,1.0,0.0,0.27898144721984863,0.296951009650091,0.30189796509133904,0.05620325729250908,-0.7239290475845337,9.770706176757812,2.932466745376587,0
physx,constant_forward,0,0,879,8.78999980352819,1.0,0.0,0.27953973412513733,0.28948204788172327,0.3060008192575706,-0.018172435462474823,1.4750922918319702,9.761972427368164,0.5482126474380493,0
physx,constant_forward,0,0,880,8.799999803304672,1.0,0.0,0.27913030982017517,0.2852938314426104,0.2913677334996627,-0.07930135726928711,0.511824905872345,9.261995315551758,2.086472988128662,0
physx,constant_forward,0,0,881,8.809999803081155,1.0,0.0,0.27850571274757385,0.2924404601496945,0.271817596219345,-0.05638575553894043,0.12219711393117905,8.068336486816406,1.6808568239212036,0
physx,constant_forward,0,0,882,8.819999802857637,1.0,0.0,0.2780534029006958,0.3070345950087507,0.25295072910001914,-0.028793197125196457,0.388053834438324,7.36079740524292,1.6615533828735352,0
physx,constant_forward,0,0,883,8.82999980263412,1.0,0.0,0.2766866683959961,0.3050280334366333,0.2465627737816189,-0.04885174334049225,-0.1178450882434845,7.311938762664795,0.32515811920166016,0
physx,constant_forward,0,0,884,8.839999802410603,1.0,0.0,0.27507030963897705,0.2943815852658824,0.24900393738328838,-0.023470411077141762,0.26598823070526123,8.450934410095215,2.19718599319458,0
physx,constant_forward,0,0,885,8.849999802187085,1.0,0.0,0.27537965774536133,0.3027589909098622,0.26765530357744555,0.07788774371147156,0.11278489232063293,9.769699096679688,1.7751219272613525,0
physx,constant_forward,0,0,886,8.859999801963568,1.0,0.0,0.2771812379360199,0.3189490371835456,0.28762766673800005,0.0908217653632164,0.9011217355728149,10.77852725982666,1.5521612167358398,0
physx,constant_forward,0,0,887,8.86999980174005,1.0,0.0,0.278894305229187,0.3079558661516014,0.3087736192116199,0.05066714435815811,-2.9499857425689697,10.959959030151367,0.24744634330272675,0
physx,constant_forward,0,0,888,8.879999801516533,1.0,0.0,0.27965977787971497,0.2961345285114254,0.312094573826434,-0.016327792778611183,1.5971691608428955,9.632096290588379,5.100955963134766,0
physx,constant_forward,0,0,889,8.889999801293015,1.0,0.0,0.27928298711776733,0.29255954745915663,0.2934101247742404,-0.08929835259914398,0.8262151479721069,8.65131950378418,1.7696048021316528,0
physx,constant_forward,0,0,890,8.899999801069498,1.0,0.0,0.2783943712711334,0.29830415407427946,0.2730346448527332,-0.06339559704065323,-0.09311435371637344,7.8375678062438965,1.1008247137069702,0
physx,constant_forward,0,0,891,8.90999980084598,1.0,0.0,0.2777709662914276,0.31277454280489614,0.25590800380049833,-0.03137547895312309,0.3819393217563629,7.27248477935791,1.7685421705245972,0
physx,constant_forward,0,0,892,8.919999800622463,1.0,0.0,0.27648526430130005,0.3154146224739586,0.24688699396768954,-0.03586903214454651,-2.063431978225708,7.380804061889648,0.43488430976867676,0
physx,constant_forward,0,0,893,8.929999800398946,1.0,0.0,0.2746168375015259,0.2998887204083471,0.2557414149499186,-0.04580436274409294,0.5252021551132202,8.395428657531738,2.2956104278564453,0
physx,constant_forward,0,0,894,8.939999800175428,1.0,0.0,0.2744047939777374,0.30312146490857733,0.27696207754366775,0.05404170975089073,0.0010705441236495972,9.797048568725586,1.9753315448760986,0
physx,constant_forward,0,0,895,8.949999799951911,1.0,0.0,0.2761813998222351,0.32395752126280586,0.3013145006546227,0.092938132584095,0.8258024454116821,10.870450973510742,1.7984402179718018,0
physx,constant_forward,0,0,896,8.959999799728394,1.0,0.0,0.2781524062156677,0.32409648557788634,0.3192342153727266,0.04724915325641632,-1.579016923904419,11.065269470214844,0.502808690071106,0
physx,constant_forward,0,0,897,8.969999799504876,1.0,0.0,0.27876922488212585,0.30728900195514647,0.324767061055396,-0.012949646450579166,-0.20332416892051697,9.763062477111816,4.270979404449463,0
physx,constant_forward,0,0,898,8.979999799281359,1.0,0.0,0.27864471077919006,0.29970702836731783,0.3079399729964762,-0.08246218413114548,1.6084051132202148,8.91855525970459,1.177272915840149,0
physx,constant_forward,0,0,899,8.989999799057841,1.0,0.0,0.2782342731952667,0.3073362263554032,0.2847822256920827,-0.04826700687408447,0.029153335839509964,8.226554870605469,1.4992187023162842,0
physx,constant_forward,0,0,900,8.999999798834324,1.0,0.0,0.27761223912239075,0.3188196627122548,0.2621607864898617,-0.0283714197576046,-0.650149405002594,7.202352523803711,2.881244421005249,0
physx,constant_forward,0,0,901,9.009999798610806,1.0,0.0,0.2764514684677124,0.3112994779286092,0.2594190238439301,-0.048725999891757965,-0.2897786498069763,7.483635902404785,1.3977422714233398,0
physx,constant_forward,0,0,902,9.019999798387289,1.0,0.0,0.2757259011268616,0.304063052768312,0.26713027017141594,0.0032793551217764616,0.4564778208732605,8.947190284729004,1.8344576358795166,0
physx,constant_forward,0,0,903,9.029999798163772,1.0,0.0,0.27695778012275696,0.31648127628431527,0.28469777079643943,0.07538338750600815,0.6005529761314392,10.15323543548584,1.7500931024551392,0
physx,constant_forward,0,0,904,9.039999797940254,1.0,0.0,0.2789037525653839,0.31712098914291253,0.3011126983447457,0.04896651953458786,-1.5750272274017334,10.760090827941895,0.9005677103996277,0
physx,constant_forward,0,0,905,9.049999797716737,1.0,0.0,0.27958837151527405,0.30223541035452156,0.3081901787088556,-0.012268008664250374,-0.3167770504951477,9.834236145019531,4.022534370422363,0
physx,constant_forward,0,0,906,9.05999979749322,1.0,0.0,0.2795407772064209,0.29482138554145004,0.29351710504743644,-0.08303096890449524,1.5286847352981567,9.100187301635742,1.0695064067840576,0
physx,constant_forward,0,0,907,9.069999797269702,1.0,0.0,0.27908602356910706,0.3003095517498974,0.272011307439642,-0.06085734814405441,0.014803729951381683,8.48787784576416,1.3916282653808594,0
physx,constant_forward,0,0,908,9.079999797046185,1.0,0.0,0.27846086025238037,0.31112506595968364,0.25043731513641576,-0.03324465453624725,-0.8384010791778564,7.424166679382324,2.657352924346924,0
physx,constant_forward,0,0,909,9.089999796822667,1.0,0.0,0.2780950963497162,0.3155608360866527,0.24638308962718256,-0.014667102135717869,-2.009168863296509,7.63203763961792,1.4750089645385742,0
physx,constant_forward,0,0,910,9.09999979659915,1.0,0.0,0.2775493860244751,0.30528055981307406,0.25599126423234775,-0.03692702203989029,1.0584771633148193,8.924934387207031,1.7189335823059082,0
physx,constant_forward,0,0,911,9.109999796375632,1.0,0.0,0.27834710478782654,0.30821316989494424,0.2740584331711027,0.04027839004993439,0.30896231532096863,10.03690242767334,1.3994508981704712,0
physx,constant_forward,0,0,912,9.119999796152115,1.0,0.0,0.2799686789512634,0.31325037420200935,0.28866122294249486,0.007483989931643009,1.549818515777588,10.69729232788086,1.1376214027404785,0
physx,constant_forward,0,0,913,9.129999795928597,1.0,0.0,0.2812677323818207,0.2963570394262282,0.29788968702432295,-0.013107631355524063,-2.2560551166534424,10.258504867553711,1.7409131526947021,0
physx,constant_forward,0,0,914,9.13999979570508,1.0,0.0,0.2811965346336365,0.27894902773698327,0.286431706929848,-0.082582987844944,1.637012004852295,8.981724739074707,4.093956470489502,0
physx,constant_forward,0,0,915,9.149999795481563,1.0,0.0,0.2810273766517639,0.287154405188937,0.26472030372575167,-0.04268292337656021,0.13090702891349792,8.19639778137207,1.731444239616394,0
physx,constant_forward,0,0,916,9.159999795258045,1.0,0.0,0.28059569001197815,0.3006109572152266,0.2420438799453226,-0.025166761130094528,-0.6030241250991821,7.183216571807861,3.5004653930664062,0
physx,constant_forward,0,0,917,9.169999795034528,1.0,0.0,0.2800218462944031,0.3019984012948,0.2370127736081925,-0.018581392243504524,-2.03660249710083,7.436487674713135,1.3971898555755615,0
physx,constant_forward,0,0,918,9.17999979481101,1.0,0.0,0.2791244089603424,0.2882628822019632,0.24686325800926376,-0.04486428201198578,1.018060564994812,8.692300796508789,1.8178337812423706,0
physx,constant_forward,0,0,919,9.189999794587493,1.0,0.0,0.2795182764530182,0.28950851415161855,0.26567823721263734,0.037856318056583405,0.1903824806213379,9.907578468322754,1.5109330415725708,0
physx,constant_forward,0,0,920,9.199999794363976,1.0,0.0,0.28093230724334717,0.2970440552578884,0.2827409924038955,0.010068122297525406,1.6049586534500122,10.686370849609375,1.3666903972625732,0
physx,constant_forward,0,0,921,9.209999794140458,1.0,0.0,0.28245580196380615,0.2905055201066144,0.2917889582154403,0.01189288217574358,-2.1183085441589355,10.35349178314209,1.6636927127838135,0
physx,constant_forward,0,0,922,9.21999979391694,1.0,0.0,0.2824542224407196,0.27332044368328123,0.28647742164922735,-0.050153955817222595,0.4097602665424347,9.188703536987305,3.5433359146118164,0
physx,constant_forward,0,0,923,9.229999793693423,1.0,0.0,0.28181976079940796,0.2703858111531718,0.265262283522604,-0.05728468298912048,0.3901247978210449,8.40125560760498,1.2157509326934814,0
physx,constant_forward,0,0,924,9.239999793469906,1.0,0.0,0.2815357744693756,0.28535073594228605,0.24537211664597933,-0.017758822068572044,-0.28845834732055664,7.634572982788086,1.871442198753357,0
physx,constant_forward,0,0,925,9.249999793246388,1.0,0.0,0.28138336539268494,0.297669547002747,0.23463035031213134,0.02573580853641033,-0.7548606395721436,7.680804252624512,1.8013732433319092,0
physx,constant_forward,0,0,926,9.259999793022871,1.0,0.0,0.2810080349445343,0.29376322025653956,0.24094084812813749,-0.010798080824315548,-0.27040794491767883,8.350483894348145,1.1168125867843628,0
physx,constant_forward,0,0,927,9.269999792799354,1.0,0.0,0.28070342540740967,0.2848022637957368,0.2517639691427742,-0.010123197920620441,0.7260025143623352,9.626351356506348,1.4311273097991943,0
physx,constant_forward,0,0,928,9.279999792575836,1.0,0.0,0.28134456276893616,0.2850356882148017,0.26520743668241936,0.01102530024945736,1.028161644935608,10.34694766998291,0.9390606880187988,0
physx,constant_forward,0,0,929,9.289999792352319,1.0,0.0,0.2825898230075836,0.288419893984998,0.2693622010020143,0.02121521532535553,1.1169945001602173,10.198382377624512,1.5271602869033813,0
physx,constant_forward,0,0,930,9.299999792128801,1.0,0.0,0.2837545573711395,0.2806415763416319,0.2624144182829004,0.0303889662027359,-2.111501693725586,9.60807991027832,1.292219877243042,0
physx,constant_forward,0,0,931,9.309999791905284,1.0,0.0,0.2833283245563507,0.26358131060806256,0.24905003688067068,-0.033241335302591324,0.4703693389892578,8.446142196655273,2.963231086730957,0
physx,constant_forward,0,0,932,9.319999791681767,1.0,0.0,0.2823406159877777,0.2612807753818757,0.22925690820833622,-0.019989661872386932,-0.608823835849762,7.9527177810668945,1.1857738494873047,0
physx,constant_forward,0,0,933,9.329999791458249,1.0,0.0,0.2818942964076996,0.2729131840954723,0.22169340114497474,0.03529205545783043,-0.638679563999176,7.729147911071777,2.881965398788452,0
physx,constant_forward,0,0,934,9.339999791234732,1.0,0.0,0.2822556495666504,0.28779397196506035,0.2240457994737014,0.06493304669857025,-0.2996259331703186,8.60587215423584,1.3013159036636353,0
physx,constant_forward,0,0,935,9.349999791011214,1.0,0.0,0.28267940878868103,0.29218265824339745,0.23391656266556524,0.03100147470831871,-1.7228115797042847,9.39039421081543,0.8450947999954224,0
physx,constant_forward,0,0,936,9.359999790787697,1.0,0.0,0.2826284170150757,0.28417443101529083,0.24271254492179198,-0.02978425845503807,1.7889134883880615,10.01720142364502,1.6498684883117676,0
physx,constant_forward,0,0,937,9.36999979056418,1.0,0.0,0.2819574475288391,0.2735449523951737,0.24062324220664957,-0.06255277246236801,0.8331062197685242,9.97879409790039,1.2971947193145752,0
physx,constant_forward,0,0,938,9.379999790340662,1.0,0.0,0.2815726697444916,0.2734196536589844,0.23574778142242853,-0.02067478373646736,0.854049026966095,9.400858879089355,0.9949747323989868,0
physx,constant_forward,0,0,939,9.389999790117145,1.0,0.0,0.28163260221481323,0.27953073199850925,0.2249010964634247,0.017551187425851822,0.7606318593025208,9.157059669494629,1.05178964138031,0
physx,constant_forward,0,0,940,9.399999789893627,1.0,0.0,0.28259578347206116,0.2797997817298692,0.22707024448515856,0.08996671438217163,-2.752331495285034,9.374387741088867,2.058922529220581,0
physx,constant_forward,0,0,941,9.40999978967011,1.0,0.0,0.28323206305503845,0.2746346865399381,0.23855962102990266,0.03405134752392769,0.1669260710477829,8.867420196533203,2.5064749717712402,0
physx,constant_forward,0,0,942,9.419999789446592,1.0,0.0,0.2836487889289856,0.2698371948888745,0.24091159609223708,0.019249096512794495,-0.6385279893875122,9.244171142578125,0.6531738042831421,0
physx,constant_forward,0,0,943,9.429999789223075,1.0,0.0,0.28429412841796875,0.27057724030920616,0.23874378331286938,-0.010285764001309872,0.5293228626251221,9.431949615478516,0.3338709771633148,0
physx,constant_forward,0,0,944,9.439999788999557,1.0,0.0,0.28462567925453186,0.27449392860425526,0.22425766128430527,-0.04482040926814079,0.3954642117023468,8.962712287902832,1.709201693534851,0
physx,constant_forward,0,0,945,9.44999978877604,1.0,0.0,0.28434959053993225,0.27693205614025407,0.21228484746340803,-0.05677007511258125,-2.176687479019165,7.997459411621094,1.4018505811691284,0
physx,constant_forward,0,0,946,9.459999788552523,1.0,0.0,0.28305166959762573,0.2644300980741779,0.20367351143010273,-0.12106215953826904,2.0725698471069336,8.272953033447266,1.1516437530517578,0
physx,constant_forward,0,0,947,9.469999788329005,1.0,0.0,0.28209900856018066,0.2665443992014723,0.19910962957201983,-0.04704812541604042,0.24979376792907715,8.80574893951416,2.0305707454681396,0
physx,constant_forward,0,0,948,9.479999788105488,1.0,0.0,0.28161463141441345,0.2752825910211637,0.19527180356311913,0.002517641754820943,0.44016024470329285,8.658026695251465,2.8270790576934814,0
physx,constant_forward,0,0,949,9.48999978788197,1.0,0.0,0.2823490500450134,0.2860263208407766,0.20695354132516947,0.06731877475976944,0.6369886994361877,9.53563117980957,2.55210542678833,0
physx,constant_forward,0,0,950,9.499999787658453,1.0,0.0,0.2837647497653961,0.2809474381143237,0.23441250554537796,0.06408863514661789,-2.754729986190796,10.163423538208008,1.0117031335830688,0
physx,constant_forward,0,0,951,9.509999787434936,1.0,0.0,0.2844410836696625,0.27185446474244784,0.2550704863846059,0.00395649578422308,0.874592125415802,9.201560020446777,3.590332508087158,0
physx,constant_forward,0,0,952,9.519999787211418,1.0,0.0,0.28445175290107727,0.2624736661862589,0.25959675557756706,-0.04925999045372009,0.20006510615348816,9.579285621643066,1.0874813795089722,0
physx,constant_forward,0,0,953,9.5299997869879,1.0,0.0,0.2842767834663391,0.2638244959570849,0.25143513918935095,-0.048769429326057434,0.07205887138843536,9.20460319519043,1.615452766418457,0
physx,constant_forward,0,0,954,9.539999786764383,1.0,0.0,0.28428494930267334,0.27740970704960694,0.23549815593587772,-0.02809184417128563,0.43933483958244324,8.080700874328613,1.8633325099945068,0
physx,constant_forward,0,0,955,9.549999786540866,1.0,0.0,0.28415584564208984,0.2914137206982202,0.2194557405876677,-0.010013598948717117,0.25111132860183716,7.520925045013428,1.1871812343597412,0
physx,constant_forward,0,0,956,9.559999786317348,1.0,0.0,0.2828649878501892,0.287270231227783,0.21535852329763702,-0.051540810614824295,-0.04704248905181885,7.283422946929932,0.29601994156837463,0
physx,constant_forward,0,0,957,9.569999786093831,1.0,0.0,0.2807709276676178,0.2738495900761007,0.2128186923222983,-0.04162691906094551,0.35109245777130127,8.167840957641602,1.3749099969863892,0
physx,constant_forward,0,0,958,9.579999785870314,1.0,0.0,0.2801818251609802,0.2789903782056808,0.22637177048979057,0.06702330708503723,0.3324064612388611,9.342093467712402,2.467582941055298,0
physx,constant_forward,0,0,959,9.589999785646796,1.0,0.0,0.2814260721206665,0.29707701125900304,0.24778878834963333,0.11807160079479218,0.9448407888412476,10.49252986907959,1.9048181772232056,0
physx,constant_forward,0,0,960,9.599999785423279,1.0,0.0,0.28341102600097656,0.30148433583379614,0.27078497071859736,0.1093754842877388,-2.175658702850342,10.839346885681152,0.44487452507019043,0
physx,constant_forward,0,0,961,9.609999785199761,1.0,0.0,0.28426221013069153,0.28876050902355527,0.2881466316976993,0.05232210457324982,-0.3051663041114807,9.701301574707031,3.1140248775482178,0
physx,constant_forward,0,0,962,9.619999784976244,1.0,0.0,0.28456029295921326,0.2784515178771008,0.2825188659180085,-0.024970445781946182,1.2699872255325317,9.48741626739502,0.49346300959587097,0
physx,constant_forward,0,0,963,9.629999784752727,1.0,0.0,0.2839350402355194,0.2727321774586516,0.2626458671010495,-0.06343340128660202,-0.17198415100574493,8.864486694335938,2.3065319061279297,0
physx,constant_forward,0,0,964,9.63999978452921,1.0,0.0,0.28335320949554443,0.28142321249007685,0.23991893749642682,-0.03377603739500046,0.45557501912117004,7.510889053344727,2.1728508472442627,0
physx,constant_forward,0,0,965,9.649999784305692,1.0,0.0,0.28303804993629456,0.2982553734887802,0.2189605704709562,0.003453464712947607,0.33950304985046387,7.097570419311523,1.4630964994430542,0
physx,constant_forward,0,0,966,9.659999784082174,1.0,0.0,0.2817618250846863,0.2971960806650862,0.21317635171032992,-0.036038026213645935,0.08448201417922974,7.050940036773682,0.28291693329811096,0
physx,constant_forward,0,0,967,9.669999783858657,1.0,0.0,0.279604971408844,0.2825111498440862,0.21100586066374324,-0.034205399453639984,0.4087284505367279,8.044356346130371,1.6938257217407227,0
physx,constant_forward,0,0,968,9.67999978363514,1.0,0.0,0.2789663076400757,0.2864412605663856,0.2258013500709821,0.08838295191526413,-0.1099703460931778,9.193450927734375,2.409783363342285,0
physx,constant_forward,0,0,969,9.689999783411622,1.0,0.0,0.2801382541656494,0.3027931410971758,0.24840762334952582,0.12233702093362808,0.9764769077301025,10.484981536865234,2.080977439880371,0
physx,constant_forward,0,0,970,9.699999783188105,1.0,0.0,0.28200939297676086,0.30470844666521957,0.2743392877213673,0.10946939885616302,-2.126995086669922,10.934419631958008,0.5613555908203125,0
physx,constant_forward,0,0,971,9.709999782964587,1.0,0.0,0.28270217776298523,0.2891169843674403,0.2950280970631447,0.05423567071557045,-0.48487454652786255,9.738137245178223,3.272974729537964,0
physx,constant_forward,0,0,972,9.71999978274107,1.0,0.0,0.28295767307281494,0.2795254266323046,0.2926844847223616,-0.021998951211571693,1.4230395555496216,9.537712097167969,0.5019078254699707,0
physx,constant_forward,0,0,973,9.729999782517552,1.0,0.0,0.2822796106338501,0.27524761177518914,0.2747379630511214,-0.05545259267091751,-0.13746976852416992,8.954180717468262,2.2267861366271973,0
physx,constant_forward,0,0,974,9.739999782294035,1.0,0.0,0.28163042664527893,0.2844646416859298,0.25372943914115326,-0.03295888379216194,0.31334805488586426,7.626683712005615,2.200028419494629,0
physx,constant_forward,0,0,975,9.749999782070518,1.0,0.0,0.2811465561389923,0.29984844596125243,0.23396764980846704,0.0018485344480723143,0.39437127113342285,7.210043430328369,1.2728830575942993,0
physx,constant_forward,0,0,976,9.759999781847,1.0,0.0,0.279879093170166,0.30017739031067997,0.22844618086663965,-0.03221140429377556,0.22635284066200256,7.169683933258057,0.30721530318260193,0
physx,constant_forward,0,0,977,9.769999781623483,1.0,0.0,0.2778680920600891,0.28858355183235584,0.22579572084956234,-0.024382280185818672,0.43689945340156555,8.191170692443848,1.560612440109253,0
physx,constant_forward,0,0,978,9.779999781399965,1.0,0.0,0.2774104177951813,0.29416094920566593,0.23937392325883236,0.09571851044893265,-0.06362204253673553,9.367659568786621,2.403870105743408,0
physx,constant_forward,0,0,979,9.789999781176448,1.0,0.0,0.27872955799102783,0.3107580890459364,0.260487929310185,0.1259714961051941,0.9771881699562073,10.548772811889648,1.9159750938415527,0
physx,constant_forward,0,0,980,9.79999978095293,1.0,0.0,0.2803744077682495,0.30510119167283895,0.2879944605339172,0.10696399211883545,-3.460325241088867,10.94633674621582,0.48717600107192993,0
physx,constant_forward,0,0,981,9.809999780729413,1.0,0.0,0.28125736117362976,0.2955363149702993,0.30494631167343744,0.04797905310988426,1.2666656970977783,9.396944046020508,4.183326721191406,0
physx,constant_forward,0,0,982,9.819999780505896,1.0,0.0,0.2813203036785126,0.28605594463796724,0.2995301016855088,-0.022928886115550995,0.7261542081832886,9.517233848571777,1.4593666791915894,0
physx,constant_forward,0,0,983,9.829999780282378,1.0,0.0,0.2807697057723999,0.28128190304720857,0.28263288323880165,-0.03995080292224884,-0.03962511941790581,8.924816131591797,2.156136989593506,0
physx,constant_forward,0,0,984,9.83999978005886,1.0,0.0,0.2804644703865051,0.29196059066733765,0.260738418245131,-0.013116832822561264,0.4231742322444916,7.632774353027344,2.099871873855591,0
physx,constant_forward,0,0,985,9.849999779835343,1.0,0.0,0.2799687683582306,0.3018498082528219,0.24454300359299952,-0.004315788857638836,-1.8213145732879639,7.250826358795166,1.1851890087127686,0
physx,constant_forward,0,0,986,9.859999779611826,1.0,0.0,0.2784090042114258,0.2903588841031993,0.23757614915449865,-0.05585930496454239,1.8804807662963867,7.8953962326049805,1.5405337810516357,0
physx,constant_forward,0,0,987,9.869999779388309,1.0,0.0,0.2766505181789398,0.28364711254176284,0.2342757011752771,0.01760641299188137,-0.8337699174880981,8.805514335632324,2.1229286193847656,0
physx,constant_forward,0,0,988,9.879999779164791,1.0,0.0,0.27682143449783325,0.2996516435792769,0.24540696814886379,0.08238321542739868,0.9315977692604065,9.624032020568848,3.5024821758270264,0
physx,constant_forward,0,0,989,9.889999778941274,1.0,0.0,0.27843859791755676,0.3103390508166135,0.2678884470868128,0.11776058375835419,-2.1440281867980957,10.58956241607666,1.5585763454437256,0
physx,constant_forward,0,0,990,9.899999778717756,1.0,0.0,0.27930161356925964,0.303913340006065,0.2931163584758316,0.0657130628824234,-0.697844922542572,9.787470817565918,2.547563076019287,0
physx,constant_forward,0,0,991,9.909999778494239,1.0,0.0,0.2798224687576294,0.2978748287264589,0.299946049817364,-0.007318497635424137,1.290194034576416,9.897967338562012,0.7627382278442383,0
physx,constant_forward,0,0,992,9.919999778270721,1.0,0.0,0.2793607711791992,0.29227080508316844,0.2878281050584355,-0.07491335272789001,0.36871427297592163,9.460776329040527,1.9841251373291016,0
physx,constant_forward,0,0,993,9.929999778047204,1.0,0.0,0.278667151927948,0.2973709244475873,0.26957907032192746,-0.050585828721523285,0.1423666775226593,8.326736450195312,1.5161845684051514,0
physx,constant_forward,0,0,994,9.939999777823687,1.0,0.0,0.27843162417411804,0.31386343636964886,0.2512093836355121,-0.014230651780962944,0.44766339659690857,7.444158554077148,1.8990280628204346,0
physx,constant_forward,0,0,995,9.94999977760017,1.0,0.0,0.27738815546035767,0.3134669581093505,0.24489208068505627,-0.04691949114203453,0.09427943825721741,7.321981430053711,0.5496730804443359,0
physx,constant_forward,0,0,996,9.959999777376652,1.0,0.0,0.2755908966064453,0.30139800805182204,0.24097223512837163,-0.03493424877524376,0.49644964933395386,8.181148529052734,1.4596762657165527,0
physx,constant_forward,0,0,997,9.969999777153134,1.0,0.0,0.2753598093986511,0.30567421103243053,0.2533125331042931,0.06507095694541931,0.2879716753959656,9.358476638793945,2.423717975616455,0
physx,constant_forward,0,0,998,9.979999776929617,1.0,0.0,0.2767822742462158,0.31954235325892644,0.27338395702101237,0.10228484869003296,0.7602680921554565,10.485129356384277,1.772270679473877,0
physx,constant_forward,0,0,999,9.9899997767061,1.0,0.0,0.27861955761909485,0.31264054137949343,0.2994090934061454,0.08212705701589584,-3.3311774730682373,10.894688606262207,0.497798889875412,0
physx,constant_forward,0,0,1000,9.999999776482582,1.0,0.0,0.27965572476387024,0.299202526197552,0.31374065102205306,0.012349521741271019,1.541731357574463,9.450907707214355,3.623730421066284,0
physx,constant_forward,0,0,1001,10.009999776259065,1.0,0.0,0.28003695607185364,0.29622722790419603,0.30417668861622316,-0.05967341735959053,0.6267261505126953,9.278542518615723,2.035658597946167,0
physx,constant_forward,0,0,1002,10.019999776035547,1.0,0.0,0.2793216407299042,0.293553649380861,0.28355921239959825,-0.07839877903461456,-0.1846437156200409,8.223719596862793,1.5793983936309814,0
physx,constant_forward,0,0,1003,10.02999977581203,1.0,0.0,0.27873024344444275,0.3019448706038646,0.26239783745827583,-0.05266820266842842,0.2790604829788208,7.4706292152404785,1.1937670707702637,0
physx,constant_forward,0,0,1004,10.039999775588512,1.0,0.0,0.2774588465690613,0.3009952057508411,0.2516698669566365,-0.07146017998456955,0.0346691757440567,7.221667766571045,0.9430366158485413,0
physx,constant_forward,0,0,1005,10.049999775364995,1.0,0.0,0.276003360748291,0.29263911008652643,0.24909615934624815,-0.04044026508927345,0.3552343249320984,8.31233024597168,2.154569387435913,0
physx,constant_forward,0,0,1006,10.059999775141478,1.0,0.0,0.2763856053352356,0.3007025567717389,0.26269595307448507,0.043467555195093155,0.516876220703125,9.499220848083496,1.6123193502426147,0
physx,constant_forward,0,0,1007,10.06999977491796,1.0,0.0,0.27833956480026245,0.3088335819411907,0.28233217934624394,0.07769804447889328,-2.052170515060425,10.502717018127441,1.3998448848724365,0
physx,constant_forward,0,0,1008,10.079999774694443,1.0,0.0,0.27939480543136597,0.2995345227495169,0.3006619568244935,0.006949172355234623,-0.34065917134284973,9.826587677001953,2.470114231109619,0
physx,constant_forward,0,0,1009,10.089999774470925,1.0,0.0,0.28003859519958496,0.29601619359454806,0.2957624530897093,-0.06173674389719963,1.265602707862854,9.696322441101074,1.5822638273239136,0
physx,constant_forward,0,0,1010,10.099999774247408,1.0,0.0,0.2795046865940094,0.2910823871678899,0.27639650858733916,-0.10751371085643768,-0.04272468388080597,8.940205574035645,1.3665828704833984,0
physx,constant_forward,0,0,1011,10.10999977402389,1.0,0.0,0.27902331948280334,0.2977094952841949,0.2557119738958249,-0.08098827302455902,0.15125006437301636,8.017790794372559,1.3229272365570068,0
physx,constant_forward,0,0,1012,10.119999773800373,1.0,0.0,0.278938353061676,0.31213842887504767,0.23724524686498183,-0.04786025732755661,0.4038797616958618,7.451262474060059,1.4117075204849243,0
physx,constant_forward,0,0,1013,10.129999773576856,1.0,0.0,0.2777431607246399,0.3067374058136005,0.23078481951220156,-0.08269064128398895,-0.7447735667228699,7.307579517364502,0.38983985781669617,0
physx,constant_forward,0,0,1014,10.139999773353338,1.0,0.0,0.2763659954071045,0.2933753789745254,0.2356123254710086,-0.052105892449617386,0.4421655237674713,8.323824882507324,2.1671786308288574,0
physx,constant_forward,0,0,1015,10.14999977312982,1.0,0.0,0.27693936228752136,0.3007679403623526,0.2541040402586867,0.050038892775774,0.18047170341014862,9.679754257202148,1.9192554950714111,0
physx,constant_forward,0,0,1016,10.159999772906303,1.0,0.0,0.2790886461734772,0.317090048743122,0.27450339912102945,0.06747272610664368,0.9634826183319092,10.60894775390625,1.5457854270935059,0
physx,constant_forward,0,0,1017,10.169999772682786,1.0,0.0,0.28098106384277344,0.30405614823130755,0.29497196645747686,0.021214649081230164,-3.1273739337921143,10.788046836853027,0.2206905633211136,0
physx,constant_forward,0,0,1018,10.179999772459269,1.0,0.0,0.2818485200405121,0.28967648301718063,0.2990022059773698,-0.04515649378299713,1.4157919883728027,9.346089363098145,5.2903852462768555,0
physx,constant_forward,0,0,1019,10.189999772235751,1.0,0.0,0.2815636396408081,0.2849529022249003,0.2808772395464481,-0.11511337757110596,0.5049148797988892,8.415047645568848,1.6978641748428345,0
physx,constant_forward,0,0,1020,10.199999772012234,1.0,0.0,0.28073644638061523,0.2897096139974509,0.26134666981486926,-0.0855945497751236,-0.1281604766845703,7.6661810874938965,1.1067978143692017,0
physx,constant_forward,0,0,1021,10.209999771788716,1.0,0.0,0.28003907203674316,0.30262480432660466,0.24257182319346884,-0.05522574111819267,-0.11085408926010132,7.159743785858154,1.6957076787948608,0
physx,constant_forward,0,0,1022,10.219999771565199,1.0,0.0,0.27874255180358887,0.29770170112847033,0.24168595677404378,-0.06953827291727066,-0.7156464457511902,7.44150972366333,1.407867193222046,0
physx,constant_forward,0,0,1023,10.229999771341681,1.0,0.0,0.2778473198413849,0.2913440169530655,0.25005963600946757,-0.02134365774691105,0.41438236832618713,8.869373321533203,1.882729172706604,0
physx,constant_forward,0,0,1024,10.239999771118164,1.0,0.0,0.27908414602279663,0.3064075400975336,0.26763357792618053,0.06597787886857986,0.525244414806366,10.137711524963379,1.8282816410064697,0
physx,constant_forward,0,0,1025,10.249999770894647,1.0,0.0,0.2812356948852539,0.3189758656140289,0.282224012578529,0.03320058062672615,1.6298127174377441,10.725211143493652,0.9097484350204468,0
physx,constant_forward,0,0,1026,10.25999977067113,1.0,0.0,0.2826433479785919,0.2992145857903808,0.29091905956318914,0.00013384083285927773,-3.1649868488311768,10.286666870117188,1.6475070714950562,0
physx,constant_forward,0,0,1027,10.269999770447612,1.0,0.0,0.2826387584209442,0.2778099640469833,0.2826856565803003,-0.06475184112787247,1.5724934339523315,8.857891082763672,5.070553302764893,0
physx,constant_forward,0,0,1028,10.279999770224094,1.0,0.0,0.28197869658470154,0.2772593395438862,0.26229489663290656,-0.06427887082099915,-0.16853150725364685,8.015414237976074,1.8577110767364502,0
physx,constant_forward,0,0,1029,10.289999770000577,1.0,0.0,0.2814396321773529,0.29109039458307573,0.24402095979984342,-0.029316863045096397,-0.09353694319725037,7.161905288696289,3.045745849609375,0
physx,constant_forward,0,0,1030,10.29999976977706,1.0,0.0,0.28076788783073425,0.29685042407310347,0.23880728961016745,-0.0046473536640405655,-2.1084885597229004,7.515166282653809,1.697933554649353,0
physx,constant_forward,0,0,1031,10.309999769553542,1.0,0.0,0.2798352539539337,0.28627505776368833,0.24956768406156052,-0.037954412400722504,1.3128448724746704,8.797067642211914,1.7389942407608032,0
physx,constant_forward,0,0,1032,10.319999769330025,1.0,0.0,0.2800048887729645,0.28670552251417425,0.26683950570358506,0.041444651782512665,0.0005621016025543213,9.929633140563965,1.3729534149169922,0
physx,constant_forward,0,0,1033,10.329999769106507,1.0,0.0,0.28159308433532715,0.29855161063938124,0.2831845226146476,0.03802792355418205,1.8411368131637573,10.635174751281738,1.1929460763931274,0
physx,constant_forward,0,0,1034,10.33999976888299,1.0,0.0,0.2831941545009613,0.2935765491791563,0.2875572023500551,0.028723005205392838,-1.899522304534912,10.371048927307129,1.5398060083389282,0
physx,constant_forward,0,0,1035,10.349999768659472,1.0,0.0,0.283159464597702,0.27438677941722944,0.28055216878794126,-0.03175899013876915,0.28269803524017334,9.061467170715332,3.8031442165374756,0
physx,constant_forward,0,0,1036,10.359999768435955,1.0,0.0,0.2825034558773041,0.2694742185074341,0.25724206275732786,-0.04420541226863861,0.4558957815170288,8.23092269897461,1.2339119911193848,0
physx,constant_forward,0,0,1037,10.369999768212438,1.0,0.0,0.282194584608078,0.2831932632931187,0.23559224641537097,-0.0033178464509546757,-0.34273386001586914,7.473196983337402,1.777906894683838,0
physx,constant_forward,0,0,1038,10.37999976798892,1.0,0.0,0.2820099890232086,0.29445163192587936,0.22287325085957463,0.03534913808107376,-0.6225139498710632,7.448157787322998,1.8821659088134766,0
physx,constant_forward,0,0,1039,10.389999767765403,1.0,0.0,0.28160008788108826,0.2896975513435418,0.2290369245224067,-0.00033100147265940905,-0.5807821154594421,8.138002395629883,1.148950457572937,0
physx,constant_forward,0,0,1040,10.399999767541885,1.0,0.0,0.28119421005249023,0.2786675173829744,0.23998767557080022,-0.013067731633782387,0.7645639777183533,9.462475776672363,1.529990315437317,0
physx,constant_forward,0,0,1041,10.409999767318368,1.0,0.0,0.2815908193588257,0.27518232781680463,0.2546287711020509,0.0006446183542720973,0.9328041672706604,10.256791114807129,0.9881309270858765,0
physx,constant_forward,0,0,1042,10.41999976709485,1.0,0.0,0.2827608585357666,0.27864928164203817,0.261160237607235,0.010577661916613579,1.111372470855713,10.28305721282959,1.309291124343872,0
physx,constant_forward,0,0,1043,10.429999766871333,1.0,0.0,0.284084290266037,0.27351510492192227,0.25663668053584215,0.019711563363671303,-2.076791763305664,9.803730010986328,1.0055160522460938,0
physx,constant_forward,0,0,1044,10.439999766647816,1.0,0.0,0.28390929102897644,0.25881654147236915,0.24455849697832263,-0.0313398651778698,0.016272351145744324,8.651260375976562,2.915512800216675,0
physx,constant_forward,0,0,1045,10.449999766424298,1.0,0.0,0.2832997739315033,0.24980644808605074,0.22867425738053349,-0.030119048431515694,-0.9138009548187256,8.070197105407715,1.561790108680725,0
physx,constant_forward,0,0,1046,10.45999976620078,1.0,0.0,0.283723920583725,0.2585008032240158,0.22520898385332966,0.02229178510606289,-0.5731252431869507,8.467151641845703,0.8314270973205566,0
physx,constant_forward,0,0,1047,10.469999765977263,1.0,0.0,0.28487926721572876,0.2722626729863212,0.22371112523640355,0.025155872106552124,-0.17570306360721588,8.999995231628418,1.1645357608795166,0
physx,constant_forward,0,0,1048,10.479999765753746,1.0,0.0,0.28558751940727234,0.2712722062154149,0.2251139961952343,-0.03265155479311943,-1.6303139925003052,9.298839569091797,0.32251912355422974,0
physx,constant_forward,0,0,1049,10.489999765530229,1.0,0.0,0.28561267256736755,0.2583618136676673,0.22715875846104047,-0.0979216918349266,1.7402358055114746,9.614848136901855,1.7220613956451416,0
physx,constant_forward,0,0,1050,10.499999765306711,1.0,0.0,0.2850211560726166,0.24808563988261775,0.2166322677915675,-0.11900795251131058,0.6789659261703491,9.40575122833252,1.5976296663284302,0
physx,constant_forward,0,0,1051,10.509999765083194,1.0,0.0,0.28495070338249207,0.2532414754159501,0.20730274565053988,-0.06712393462657928,1.075209617614746,8.711921691894531,1.417916178703308,0
physx,constant_forward,0,0,1052,10.519999764859676,1.0,0.0,0.2852049469947815,0.26162749023876836,0.1931331500946229,-0.024207942187786102,0.6889792680740356,8.649626731872559,1.1487550735473633,0
physx,constant_forward,0,0,1053,10.529999764636159,1.0,0.0,0.2861654758453369,0.2612508427850555,0.19490772945236404,0.04475245252251625,-2.5500357151031494,8.811777114868164,2.061418294906616,0
physx,constant_forward,0,0,1054,10.539999764412642,1.0,0.0,0.28666287660598755,0.2544048178711268,0.20886239609194307,-0.010808495804667473,-0.1264992505311966,8.578144073486328,2.5697124004364014,0
physx,constant_forward,0,0,1055,10.549999764189124,1.0,0.0,0.28687232732772827,0.2478599397042997,0.21393006488458569,-0.029025640338659286,-0.6374899744987488,9.073387145996094,0.7241042256355286,0
physx,constant_forward,0,0,1056,10.559999763965607,1.0,0.0,0.28736239671707153,0.24956210458554576,0.21553008078073255,-0.0448363833129406,0.42270398139953613,9.448168754577637,0.49276962876319885,0
physx,constant_forward,0,0,1057,10.56999976374209,1.0,0.0,0.28777015209198,0.2572859956993481,0.2046111875914876,-0.06114709749817848,0.16950562596321106,9.11091423034668,1.450628399848938,0
physx,constant_forward,0,0,1058,10.579999763518572,1.0,0.0,0.2879636287689209,0.2671563421142198,0.19010142625159443,-0.05908333510160446,0.08603544533252716,8.167734146118164,1.3632878065109253,0
physx,constant_forward,0,0,1059,10.589999763295054,1.0,0.0,0.28757449984550476,0.27179789282484595,0.18090632101254026,-0.06255995482206345,-1.997967004776001,7.516541481018066,0.951120913028717,0
physx,constant_forward,0,0,1060,10.599999763071537,1.0,0.0,0.2860585153102875,0.2577086278918171,0.17864084572340605,-0.11488932371139526,2.0231881141662598,7.995551586151123,1.2535910606384277,0
physx,constant_forward,0,0,1061,10.60999976284802,1.0,0.0,0.28469425439834595,0.25649580660038623,0.17756791180382625,-0.026648348197340965,-0.36328935623168945,8.668237686157227,2.0307528972625732,0
physx,constant_forward,0,0,1062,10.619999762624502,1.0,0.0,0.2848788797855377,0.2739913207394425,0.18739654946182013,0.05680307000875473,0.7525439262390137,9.217718124389648,3.8287947177886963,0
physx,constant_forward,0,0,1063,10.629999762400985,1.0,0.0,0.28640908002853394,0.2921180638682451,0.20739489637927594,0.09424599260091782,0.737910807132721,10.068146705627441,1.3514790534973145,0
physx,constant_forward,0,0,1064,10.639999762177467,1.0,0.0,0.2882204055786133,0.28925684590958933,0.23147876533197634,0.07300861179828644,-2.297058582305908,10.387621879577637,0.39692699909210205,0
physx,constant_forward,0,0,1065,10.64999976195395,1.0,0.0,0.28887373208999634,0.27299796113700026,0.2509831717324611,0.0154508575797081,-0.2009107917547226,9.285531044006348,3.3935933113098145,0
physx,constant_forward,0,0,1066,10.659999761730433,1.0,0.0,0.28919464349746704,0.26376517615913636,0.24817117847121214,-0.02275935187935829,-0.06620495021343231,9.203502655029297,0.4320133924484253,0
physx,constant_forward,0,0,1067,10.669999761506915,1.0,0.0,0.28916677832603455,0.2569644917657902,0.23560259999336639,-0.05184677988290787,0.22377660870552063,8.969855308532715,0.44346970319747925,0
physx,constant_forward,0,0,1068,10.679999761283398,1.0,0.0,0.28933343291282654,0.2632989202965534,0.21491786349380523,-0.04727362096309662,0.3091486692428589,8.100397109985352,2.0736396312713623,0
physx,constant_forward,0,0,1069,10.68999976105988,1.0,0.0,0.2892368733882904,0.2733936958647844,0.19074217795129084,-0.041134655475616455,0.328249454498291,7.1164116859436035,1.702085018157959,0
physx,constant_forward,0,0,1070,10.699999760836363,1.0,0.0,0.28805434703826904,0.2701949946586436,0.18125640832177645,-0.08082274347543716,0.060199372470378876,6.8556318283081055,0.32477495074272156,0
physx,constant_forward,0,0,1071,10.709999760612845,1.0,0.0,0.2859472632408142,0.255824923035535,0.17453055531512315,-0.0732496827840805,0.08118454366922379,7.699402332305908,1.306753396987915,0
physx,constant_forward,0,0,1072,10.719999760389328,1.0,0.0,0.2853310704231262,0.2606853744952418,0.18597448673569575,0.055131979286670685,-0.06267431378364563,8.676352500915527,2.250690460205078,0
physx,constant_forward,0,0,1073,10.72999976016581,1.0,0.0,0.2865750789642334,0.2786762763363064,0.20569605920512282,0.09984815865755081,1.0663127899169922,10.021116256713867,2.2121164798736572,0
physx,constant_forward,0,0,1074,10.739999759942293,1.0,0.0,0.28822001814842224,0.28586274627093355,0.2289281889454782,0.0749695748090744,0.7522450685501099,10.563396453857422,0.6011642217636108,0
physx,constant_forward,0,0,1075,10.749999759718776,1.0,0.0,0.28961434960365295,0.27100609882789034,0.25113861190331505,0.048768047243356705,-2.3984100818634033,10.454086303710938,0.7812521457672119,0
physx,constant_forward,0,0,1076,10.759999759495258,1.0,0.0,0.2899101674556732,0.25072547263151185,0.26470639594255174,-0.010419642552733421,0.15731684863567352,9.235311508178711,3.4211275577545166,0
physx,constant_forward,0,0,1077,10.769999759271741,1.0,0.0,0.2897530198097229,0.24134985248105478,0.2520274859045489,-0.06277117878198624,0.8968842029571533,8.90994644165039,0.9472138285636902,0
physx,constant_forward,0,0,1078,10.779999759048223,1.0,0.0,0.28956660628318787,0.24940760855190608,0.231677489563612,-0.038043227046728134,0.024562101811170578,8.263216972351074,2.0485010147094727,0
physx,constant_forward,0,0,1079,10.789999758824706,1.0,0.0,0.28933125734329224,0.26554273528341354,0.20697874336527136,-0.02145311050117016,0.4873269200325012,6.996020317077637,2.486151933670044,0
physx,constant_forward,0,0,1080,10.799999758601189,1.0,0.0,0.2885316014289856,0.2745458200873119,0.19259919182854113,-0.014341206289827824,-1.910934567451477,6.9364705085754395,0.5856307148933411,0
physx,constant_forward,0,0,1081,10.809999758377671,1.0,0.0,0.2866244316101074,0.2625886015076362,0.18882175786956965,-0.05768418312072754,1.3982082605361938,7.65433931350708,1.860243320465088,0
physx,constant_forward,0,0,1082,10.819999758154154,1.0,0.0,0.28472936153411865,0.2575522976136351,0.19143423588191077,0.004707658663392067,-0.1622910499572754,8.533785820007324,2.002903461456299,0
physx,constant_forward,0,0,1083,10.829999757930636,1.0,0.0,0.28415799140930176,0.26749453368969367,0.20757375492645036,0.07970036566257477,0.2841586768627167,9.474834442138672,3.356112480163574,0
physx,constant_forward,0,0,1084,10.839999757707119,1.0,0.0,0.2849509119987488,0.28120091673339226,0.23372048139975893,0.1090773493051529,0.5731691122055054,10.452757835388184,1.4388351440429688,0
physx,constant_forward,0,0,1085,10.849999757483602,1.0,0.0,0.2862199544906616,0.2866507753603477,0.2603983770704787,0.09057293832302094,0.3619585931301117,10.717537879943848,0.3141736388206482,0
physx,constant_forward,0,0,1086,10.859999757260084,1.0,0.0,0.2874138653278351,0.2717080081341418,0.2855343340220513,0.0632774755358696,-2.803284168243408,10.604817390441895,0.5993017554283142,0
physx,constant_forward,0,0,1087,10.869999757036567,1.0,0.0,0.28788453340530396,0.2610451096262957,0.29166598169449454,-0.002272740937769413,1.6011011600494385,9.235734939575195,3.488075017929077,0
physx,constant_forward,0,0,1088,10.87999975681305,1.0,0.0,0.2875599265098572,0.2531221240541436,0.27693002161996866,-0.04172225669026375,0.6179012656211853,9.027019500732422,1.6216251850128174,0
physx,constant_forward,0,0,1089,10.889999756589532,1.0,0.0,0.2875114977359772,0.26154758917241644,0.2553550172876656,-0.0290794987231493,0.49167317152023315,8.200174331665039,2.102776527404785,0
physx,constant_forward,0,0,1090,10.899999756366014,1.0,0.0,0.28719547390937805,0.27481013139947447,0.22857109040122306,-0.024780716747045517,0.6678546071052551,7.167575836181641,1.9545624256134033,0
physx,constant_forward,0,0,1091,10.909999756142497,1.0,0.0,0.2864464521408081,0.2836697131683548,0.2118823792360009,-0.00845368579030037,-1.6528818607330322,7.011538028717041,0.26297327876091003,0
physx,constant_forward,0,0,1092,10.91999975591898,1.0,0.0,0.28465843200683594,0.2728249762077631,0.2075141466861184,-0.046682603657245636,1.1590207815170288,7.751765727996826,1.7155985832214355,0
physx,constant_forward,0,0,1093,10.929999755695462,1.0,0.0,0.28269001841545105,0.2647969803411325,0.20854201987596693,0.024352457374334335,-0.8319475650787354,8.664421081542969,1.8475555181503296,0
physx,constant_forward,0,0,1094,10.939999755471945,1.0,0.0,0.28268441557884216,0.2799473092730829,0.22363115184635624,0.09902216494083405,0.6701306104660034,9.667810440063477,3.074092388153076,0
physx,constant_forward,0,0,1095,10.949999755248427,1.0,0.0,0.28398433327674866,0.2964881917583135,0.24717763664192793,0.11854352802038193,0.5535104274749756,10.625622749328613,1.5532623529434204,0
physx,constant_forward,0,0,1096,10.95999975502491,1.0,0.0,0.28550854325294495,0.2923762432494988,0.27231715492992525,0.08947251737117767,-1.8988827466964722,10.698321342468262,0.22814877331256866,0
physx,constant_forward,0,0,1097,10.969999754801393,1.0,0.0,0.2859228253364563,0.27483467484103097,0.2896874364451814,0.034110646694898605,-0.4031127393245697,9.548171043395996,3.3091399669647217,0
physx,constant_forward,0,0,1098,10.979999754577875,1.0,0.0,0.285824716091156,0.2641055741354367,0.28362889115653284,-0.041215069591999054,1.5803110599517822,9.354242324829102,0.44151246547698975,0
physx,constant_forward,0,0,1099,10.989999754354358,1.0,0.0,0.2853030860424042,0.26634852415157745,0.2656813352452554,-0.03606824576854706,0.020616427063941956,8.767746925354004,2.2976224422454834,0
physx,constant_forward,0,0,1100,10.99999975413084,1.0,0.0,0.28497254848480225,0.2823836446903739,0.2438969580054839,-0.006203558295965195,0.7354161143302917,7.26793909072876,2.865323305130005,0
physx,constant_forward,0,0,1101,11.009999753907323,1.0,0.0,0.28459036350250244,0.2991500756131653,0.22530942373947782,0.02562159299850464,0.4987179934978485,7.173357009887695,0.9879006743431091,0
physx,constant_forward,0,0,1102,11.019999753683805,1.0,0.0,0.28319498896598816,0.29710716509184354,0.22089742053528233,-0.00769426766782999,-0.6019967198371887,7.102779388427734,0.3773057162761688,0
physx,constant_forward,0,0,1103,11.029999753460288,1.0,0.0,0.28091347217559814,0.2830655317225734,0.21977040483787705,-0.00514364056289196,0.32624757289886475,8.14465618133545,1.889987826347351,0
physx,constant_forward,0,0,1104,11.03999975323677,1.0,0.0,0.28017088770866394,0.2872295918100435,0.23508265636441755,0.10835790634155273,-0.10055962204933167,9.408681869506836,2.467237710952759,0
physx,constant_forward,0,0,1105,11.049999753013253,1.0,0.0,0.28134652972221375,0.30541822460583457,0.2578961870155144,0.14334149658679962,0.7897090911865234,10.62989616394043,2.002830743789673,0
physx,constant_forward,0,0,1106,11.059999752789736,1.0,0.0,0.28317874670028687,0.308194874754066,0.2821278169462172,0.12486763298511505,-1.7634375095367432,10.952390670776367,0.46903443336486816,0
physx,constant_forward,0,0,1107,11.069999752566218,1.0,0.0,0.28390103578567505,0.29315068051118814,0.2993849819290728,0.07027885317802429,-0.6468162536621094,9.770431518554688,3.0793392658233643,0
physx,constant_forward,0,0,1108,11.079999752342701,1.0,0.0,0.2841015160083771,0.2826077814340205,0.2943460793650368,-0.005034460686147213,1.790197730064392,9.49375057220459,0.5649078488349915,0
physx,constant_forward,0,0,1109,11.089999752119184,1.0,0.0,0.2834916412830353,0.2785798433418852,0.2752716146795628,-0.0367959663271904,0.08989890664815903,8.913678169250488,2.313507556915283,0
physx,constant_forward,0,0,1110,11.099999751895666,1.0,0.0,0.2829265296459198,0.2884138803897092,0.25338096091519824,-0.01134764775633812,0.5538215041160583,7.476653575897217,2.403588056564331,0
physx,constant_forward,0,0,1111,11.109999751672149,1.0,0.0,0.2824879288673401,0.3038103238461486,0.23349548296691505,0.01930098980665207,0.558962881565094,7.153195381164551,1.2330561876296997,0
physx,constant_forward,0,0,1112,11.119999751448631,1.0,0.0,0.28109198808670044,0.3021933045104813,0.22703163430745926,0.0011283103376626968,-0.7042151689529419,7.13509464263916,0.2063005417585373,0
physx,constant_forward,0,0,1113,11.129999751225114,1.0,0.0,0.2791764736175537,0.28753510705320723,0.2303704363036466,0.00014674849808216095,0.2573625147342682,8.24860668182373,2.2396740913391113,0
physx,constant_forward,0,0,1114,11.139999751001596,1.0,0.0,0.2788626253604889,0.2900785909412717,0.24996949109211625,0.09913703799247742,-0.1780099868774414,9.55469799041748,1.8122689723968506,0
physx,constant_forward,0,0,1115,11.149999750778079,1.0,0.0,0.28025519847869873,0.30617172286417677,0.271803279104982,0.11934355646371841,0.7757203578948975,10.68817138671875,1.826048731803894,0
physx,constant_forward,0,0,1116,11.159999750554562,1.0,0.0,0.2822175621986389,0.3074426700760194,0.2924651623290381,0.10084852576255798,-1.6706194877624512,10.972607612609863,0.47175902128219604,0
physx,constant_forward,0,0,1117,11.169999750331044,1.0,0.0,0.2827872633934021,0.28844966538010314,0.30436913182527475,0.03102295659482479,-0.3196496367454529,9.753901481628418,3.088834524154663,0
physx,constant_forward,0,0,1118,11.179999750107527,1.0,0.0,0.28286609053611755,0.2803496355302602,0.2920351603858865,-0.04088766127824783,1.6631250381469727,9.20312213897705,1.7314614057540894,0
physx,constant_forward,0,0,1119,11.18999974988401,1.0,0.0,0.28183937072753906,0.2779123285697863,0.2689087484974577,-0.06246235594153404,-0.05823027342557907,8.254843711853027,1.7316930294036865,0
physx,constant_forward,0,0,1120,11.199999749660492,1.0,0.0,0.2810903489589691,0.29139253656186903,0.24774628864638643,-0.023151401430368423,0.6367562413215637,7.192578315734863,2.1576192378997803,0
physx,constant_forward,0,0,1121,11.209999749436975,1.0,0.0,0.28044843673706055,0.3079211521046507,0.22864819647228185,0.008207076229155064,0.09816547483205795,7.136307716369629,1.2088069915771484,0
physx,constant_forward,0,0,1122,11.219999749213457,1.0,0.0,0.2789838910102844,0.3019340946843862,0.2301065800141869,-0.008923646993935108,-1.4632601737976074,7.338345050811768,1.35749089717865,0
physx,constant_forward,0,0,1123,11.22999974898994,1.0,0.0,0.2775949239730835,0.2900005710646235,0.2423935455749174,0.007094617933034897,0.5751649737358093,8.723489761352539,2.267317295074463,0
physx,constant_forward,0,0,1124,11.239999748766422,1.0,0.0,0.27812352776527405,0.2997157182632517,0.2649420428182861,0.09542030096054077,0.07152329385280609,10.225181579589844,2.0214431285858154,0
physx,constant_forward,0,0,1125,11.249999748542905,1.0,0.0,0.2799374461174011,0.3146182391273181,0.2857033992936998,0.08804526180028915,0.7239618301391602,10.945834159851074,1.2487592697143555,0
physx,constant_forward,0,0,1126,11.259999748319387,1.0,0.0,0.28158900141716003,0.3053517202095471,0.30044724463226163,0.037114355713129044,-1.3730789422988892,10.869913101196289,0.18625472486019135,0
physx,constant_forward,0,0,1127,11.26999974809587,1.0,0.0,0.281873881816864,0.28391245265841886,0.30474462295289634,-0.024267839267849922,-0.27520039677619934,9.562973976135254,4.265910625457764,0
physx,constant_forward,0,0,1128,11.279999747872353,1.0,0.0,0.28142303228378296,0.2753159342531012,0.28470559151006014,-0.09452740848064423,1.7839654684066772,8.581372261047363,1.3284376859664917,0
physx,constant_forward,0,0,1129,11.289999747648835,1.0,0.0,0.2808455228805542,0.28631204409601896,0.2620815724013482,-0.04771307855844498,-0.11331558227539062,7.861962795257568,1.5876634120941162,0
physx,constant_forward,0,0,1130,11.299999747425318,1.0,0.0,0.28000345826148987,0.3003345844852888,0.23964193326704217,-0.03557371348142624,-0.29134783148765564,6.884184837341309,3.0934693813323975,0
physx,constant_forward,0,0,1131,11.3099997472018,1.0,0.0,0.2792693078517914,0.30485455017542057,0.2364016221839046,-0.00481657637283206,-2.2861077785491943,7.3192524909973145,1.3712886571884155,0
physx,constant_forward,0,0,1132,11.319999746978283,1.0,0.0,0.27839022874832153,0.29401412400370003,0.24996663421280108,-0.03450102359056473,0.7320705652236938,8.75025463104248,1.9834356307983398,0
physx,constant_forward,0,0,1133,11.329999746754766,1.0,0.0,0.27863970398902893,0.29376195889903745,0.271315192146714,0.037431906908750534,-0.11095763742923737,10.026309967041016,1.52489173412323,0
physx,constant_forward,0,0,1134,11.339999746531248,1.0,0.0,0.2799983620643616,0.3007297286103561,0.29109881652921565,0.0014575253007933497,1.3875105381011963,10.877496719360352,1.2229801416397095,0
physx,constant_forward,0,0,1135,11.34999974630773,1.0,0.0,0.2816569209098816,0.29575805259991284,0.30194607493771697,-0.000973062589764595,-1.537192940711975,10.656519889831543,1.493699550628662,0
physx,constant_forward,0,0,1136,11.359999746084213,1.0,0.0,0.2818429172039032,0.2782328523047437,0.29790944822059706,-0.05955423414707184,0.10740375518798828,9.422015190124512,3.132436990737915,0
physx,constant_forward,0,0,1137,11.369999745860696,1.0,0.0,0.28139135241508484,0.27304875311305205,0.2752927694603458,-0.08310230821371078,1.0364741086959839,8.513649940490723,1.2270236015319824,0
physx,constant_forward,0,0,1138,11.379999745637178,1.0,0.0,0.28090617060661316,0.2834635601910988,0.252254294511926,-0.03227599337697029,-1.0168858766555786,7.656918048858643,1.5259255170822144,0
physx,constant_forward,0,0,1139,11.389999745413661,1.0,0.0,0.2811828553676605,0.3006518714384776,0.23925205131980395,0.011065390892326832,0.09198468923568726,7.411769390106201,2.364488124847412,0
physx,constant_forward,0,0,1140,11.399999745190144,1.0,0.0,0.2816617488861084,0.30705420307301895,0.23773462727094838,0.011163473129272461,-1.4925962686538696,8.075434684753418,1.0275142192840576,0
physx,constant_forward,0,0,1141,11.409999744966626,1.0,0.0,0.2813158631324768,0.29303932510897424,0.24201695171978693,-0.04411976784467697,1.146674394607544,8.98473072052002,1.5570074319839478,0
physx,constant_forward,0,0,1142,11.419999744743109,1.0,0.0,0.28051048517227173,0.27850866627111937,0.2417788151842636,-0.05717025697231293,0.684792160987854,9.445014953613281,1.1167954206466675,0
physx,constant_forward,0,0,1143,11.429999744519591,1.0,0.0,0.28040292859077454,0.2792917532467798,0.24249685777459096,-0.011807682923972607,0.7781413197517395,9.52414321899414,1.003296971321106,0
physx,constant_forward,0,0,1144,11.439999744296074,1.0,0.0,0.2808409035205841,0.2854017670660251,0.23783554560122933,0.018142085522413254,0.7719342708587646,9.691222190856934,0.9961289167404175,0
physx,constant_forward,0,0,1145,11.449999744072556,1.0,0.0,0.28211021423339844,0.2834709096366069,0.24472661352951677,0.0672154352068901,-2.156062126159668,9.996978759765625,1.8194273710250854,0
physx,constant_forward,0,0,1146,11.459999743849039,1.0,0.0,0.28295454382896423,0.27393242273788826,0.2595654753594611,0.015344131737947464,-0.3611772656440735,9.323126792907715,2.3027613162994385,0
physx,constant_forward,0,0,1147,11.469999743625522,1.0,0.0,0.2835845351219177,0.2677974269584456,0.2609104852213255,-0.028051864355802536,0.47954341769218445,9.3372802734375,0.3709251880645752,0
physx,constant_forward,0,0,1148,11.479999743402004,1.0,0.0,0.2838105857372284,0.26149025836676965,0.2537962833049092,-0.0564635805785656,0.34583836793899536,9.316864013671875,0.3586736023426056,0
physx,constant_forward,0,0,1149,11.489999743178487,1.0,0.0,0.2842964828014374,0.26859532411234655,0.23817758534999514,-0.04838142544031143,0.49745655059814453,8.660808563232422,1.7954775094985962,0
physx,constant_forward,0,0,1150,11.49999974295497,1.0,0.0,0.284667432308197,0.28124354334089563,0.21724394381906184,-0.037177231162786484,0.6197159290313721,7.541474342346191,1.9710649251937866,0
physx,constant_forward,0,0,1151,11.509999742731452,1.0,0.0,0.28448933362960815,0.2877083624966809,0.2039070983635477,-0.03580184653401375,-1.9615657329559326,7.208018779754639,0.45746469497680664,0
physx,constant_forward,0,0,1152,11.519999742507935,1.0,0.0,0.28306207060813904,0.2721621229152797,0.20158388549861125,-0.0904124528169632,1.4782179594039917,7.8724446296691895,1.7400537729263306,0
physx,constant_forward,0,0,1153,11.529999742284417,1.0,0.0,0.2816137969493866,0.26535203795202067,0.20158364410677956,-0.03052368201315403,-0.08466562628746033,8.6922607421875,1.9873379468917847,0
physx,constant_forward,0,0,1154,11.5399997420609,1.0,0.0,0.2816419303417206,0.27719425193348035,0.21422253846702974,0.053679876029491425,0.38744211196899414,9.497438430786133,3.5494768619537354,0
physx,constant_forward,0,0,1155,11.549999741837382,1.0,0.0,0.2830890119075775,0.29295264249798947,0.23615472351962852,0.0850844606757164,0.5634117722511292,10.380128860473633,1.4518091678619385,0
physx,constant_forward,0,0,1156,11.559999741613865,1.0,0.0,0.28497251868247986,0.291266803692025,0.2607563768395963,0.06548711657524109,-1.7969948053359985,10.58830451965332,0.2548547089099884,0
physx,constant_forward,0,0,1157,11.569999741390347,1.0,0.0,0.28569433093070984,0.2748962637000641,0.2791823790163563,0.009847048670053482,-0.6235557198524475,9.518373489379883,3.131953716278076,0
physx,constant_forward,0,0,1158,11.57999974116683,1.0,0.0,0.2858336567878723,0.2628733259777861,0.2737639901041555,-0.06707542389631271,1.534799337387085,9.310149192810059,0.440982460975647,0
physx,constant_forward,0,0,1159,11.589999740943313,1.0,0.0,0.28531414270401,0.2616233590824639,0.25554238270952967,-0.07848791033029556,-0.035684734582901,8.723135948181152,2.2880868911743164,0
physx,constant_forward,0,0,1160,11.599999740719795,1.0,0.0,0.284980833530426,0.2756535550511145,0.23372968633706098,-0.04752178490161896,0.6959955096244812,7.232361316680908,2.653902769088745,0
physx,constant_forward,0,0,1161,11.609999740496278,1.0,0.0,0.2847302556037903,0.29339712622182584,0.21364617702215277,-0.012162626720964909,0.5762826204299927,7.089346408843994,1.185025691986084,0
physx,constant_forward,0,0,1162,11.61999974027276,1.0,0.0,0.28409871459007263,0.3022919757864129,0.20440312432917976,-0.004426073282957077,-1.9649198055267334,7.012909412384033,0.2843315005302429,0
physx,constant_forward,0,0,1163,11.629999740049243,1.0,0.0,0.2822574973106384,0.2871965351606769,0.20582596499738035,-0.039910100400447845,1.101692795753479,8.030807495117188,2.093329429626465,0
physx,constant_forward,0,0,1164,11.639999739825726,1.0,0.0,0.2808094024658203,0.2750474694636671,0.22060330482641533,0.03472178056836128,-0.7485851049423218,9.067814826965332,2.433776378631592,0
physx,constant_forward,0,0,1165,11.649999739602208,1.0,0.0,0.28144359588623047,0.28691271554065245,0.246699383088449,0.0911213681101799,0.722744345664978,10.227033615112305,1.7565315961837769,0
physx,constant_forward,0,0,1166,11.65999973937869,1.0,0.0,0.2831759750843048,0.30123294943868445,0.27189484384582946,0.09510836750268936,0.5810184478759766,10.922327995300293,1.3464672565460205,0
physx,constant_forward,0,0,1167,11.669999739155173,1.0,0.0,0.2850053906440735,0.2956440714232986,0.29226240506337975,0.06686819344758987,-1.7854416370391846,10.77722454071045,0.32488828897476196,0
physx,constant_forward,0,0,1168,11.679999738931656,1.0,0.0,0.2854253053665161,0.27348908605170574,0.30155259365678366,-0.0024532675743103027,-0.17054733633995056,9.415322303771973,3.2512927055358887,0
physx,constant_forward,0,0,1169,11.689999738708138,1.0,0.0,0.28518766164779663,0.26521729677934797,0.2832151207029802,-0.07519716769456863,1.7352865934371948,8.765127182006836,1.6920748949050903,0
physx,constant_forward,0,0,1170,11.699999738484621,1.0,0.0,0.2843223214149475,0.2711328939007252,0.258912710130199,-0.05163225904107094,0.18013286590576172,7.7914323806762695,1.875810980796814,0
physx,constant_forward,0,0,1171,11.709999738261104,1.0,0.0,0.28380846977233887,0.2920262630654307,0.2354988308497422,-0.0033099676948040724,0.803306519985199,6.745136260986328,2.879573345184326,0
physx,constant_forward,0,0,1172,11.719999738037586,1.0,0.0,0.2831127345561981,0.30848190964865635,0.21644929852521197,0.023406170308589935,-0.07107984274625778,7.093843936920166,0.7658370137214661,0
physx,constant_forward,0,0,1173,11.729999737814069,1.0,0.0,0.2813153564929962,0.29855959455223685,0.21811741246567562,-0.0012344969436526299,-1.5699485540390015,7.1463775634765625,1.4394508600234985,0
physx,constant_forward,0,0,1174,11.739999737590551,1.0,0.0,0.2796458601951599,0.28505519790772454,0.23194023231221836,0.025045378133654594,0.530318558216095,8.59632682800293,2.467822313308716,0
physx,constant_forward,0,0,1175,11.749999737367034,1.0,0.0,0.2799716889858246,0.29538959275053456,0.2565969475833289,0.11629030853509903,0.1285039633512497,10.220345497131348,2.3304502964019775,0
physx,constant_forward,0,0,1176,11.759999737143517,1.0,0.0,0.281599760055542,0.3110237058609648,0.28022498887438024,0.11120317131280899,0.6975885629653931,10.973288536071777,1.2876038551330566,0
physx,constant_forward,0,0,1177,11.76999973692,1.0,0.0,0.28304964303970337,0.30212239809260766,0.2975606814094049,0.06007586792111397,-1.299101710319519,10.904585838317871,0.18426142632961273,0
physx,constant_forward,0,0,1178,11.779999736696482,1.0,0.0,0.283163845539093,0.2815269596027499,0.302973583454244,-0.0007893480360507965,-0.40637922286987305,9.603516578674316,4.192807197570801,0
physx,constant_forward,0,0,1179,11.789999736472964,1.0,0.0,0.2825104594230652,0.27300918110275135,0.28431582076109874,-0.06839669495820999,1.7401295900344849,8.599967956542969,1.3601059913635254,0
physx,constant_forward,0,0,1180,11.799999736249447,1.0,0.0,0.2817639410495758,0.2846682174916322,0.2623875292217838,-0.017403537407517433,-0.0018646717071533203,7.876770973205566,1.6367766857147217,0
physx,constant_forward,0,0,1181,11.80999973602593,1.0,0.0,0.2810731828212738,0.30316477738100506,0.2405335652591444,0.0004749039653688669,0.3844410181045532,6.861903667449951,3.1576738357543945,0
physx,constant_forward,0,0,1182,11.819999735802412,1.0,0.0,0.28024426102638245,0.3105567697907766,0.23207405581703497,0.05323216691613197,-0.7124339938163757,7.233889102935791,1.2397572994232178,0
physx,constant_forward,0,0,1183,11.829999735578895,1.0,0.0,0.2795431315898895,0.30647112123466486,0.24295308525094836,0.03096769005060196,-1.0448272228240967,8.246002197265625,1.5841361284255981,0
physx,constant_forward,0,0,1184,11.839999735355377,1.0,0.0,0.27899274230003357,0.29743748670446224,0.2598179952865145,0.018186744302511215,0.6709712147712708,9.759517669677734,1.7846475839614868,0
physx,constant_forward,0,0,1185,11.84999973513186,1.0,0.0,0.27964311838150024,0.3002698753847441,0.2797846911773321,0.043116528540849686,1.1390882730484009,10.613714218139648,1.0847045183181763,0
physx,constant_forward,0,0,1186,11.859999734908342,1.0,0.0,0.2806820869445801,0.3021996043485176,0.2879948845009162,0.02677055634558201,0.9592706561088562,10.771965026855469,1.1215476989746094,0
physx,constant_forward,0,0,1187,11.869999734684825,1.0,0.0,0.2818811237812042,0.29416767376902264,0.28552523537566415,0.03285878151655197,-1.5902246236801147,10.151785850524902,1.1940447092056274,0
physx,constant_forward,0,0,1188,11.879999734461308,1.0,0.0,0.2817087173461914,0.27704342005269955,0.27388888675583917,-0.024676790460944176,0.3049471080303192,8.849942207336426,2.679370641708374,0
physx,constant_forward,0,0,1189,11.88999973423779,1.0,0.0,0.28065913915634155,0.2691392200297987,0.25068234139408874,-0.04168882966041565,-0.43133479356765747,8.04529857635498,1.2997492551803589,0
physx,constant_forward,0,0,1190,11.899999734014273,1.0,0.0,0.2804490625858307,0.2795375414664746,0.2401087901396852,0.03178898245096207,-0.2836173474788666,7.615538120269775,2.272779703140259,0
physx,constant_forward,0,0,1191,11.909999733790755,1.0,0.0,0.2812565863132477,0.29689910380257756,0.2361663182843306,0.0680285394191742,0.053287602961063385,8.261951446533203,1.330474853515625,0
physx,constant_forward,0,0,1192,11.919999733567238,1.0,0.0,0.28183484077453613,0.29825833450628725,0.2383725006621323,0.021434374153614044,-1.529787540435791,8.924849510192871,0.7233566045761108,0
physx,constant_forward,0,0,1193,11.92999973334372,1.0,0.0,0.2816566526889801,0.2827947763231535,0.2461529791589899,-0.03700445219874382,1.0165832042694092,9.646727561950684,1.866402506828308,0
physx,constant_forward,0,0,1194,11.939999733120203,1.0,0.0,0.28113824129104614,0.2699045483034374,0.2433344338883655,-0.06817381829023361,1.0526201725006104,9.829282760620117,0.7926102876663208,0
physx,constant_forward,0,0,1195,11.949999732896686,1.0,0.0,0.2811163067817688,0.27099892384806007,0.23903410630723296,-0.02098875865340233,0.5736553072929382,9.585362434387207,0.5973663330078125,0
physx,constant_forward,0,0,1196,11.959999732673168,1.0,0.0,0.2812963128089905,0.2744603294298839,0.22735402302284485,0.005678328685462475,0.3649282157421112,9.317058563232422,1.1920151710510254,0
physx,constant_forward,0,0,1197,11.96999973244965,1.0,0.0,0.28268295526504517,0.2754631839908648,0.22954696079379608,0.06617210805416107,-2.0873115062713623,9.504935264587402,1.8556934595108032,0
physx,constant_forward,0,0,1198,11.979999732226133,1.0,0.0,0.28361865878105164,0.2685807584854766,0.24146306130359071,0.012450335547327995,-0.24499627947807312,8.989380836486816,2.0897023677825928,0
physx,constant_forward,0,0,1199,11.989999732002616,1.0,0.0,0.2842249274253845,0.2615200198119573,0.24216333601056497,-0.030788728967308998,0.2978712022304535,9.159245491027832,0.4454551637172699,0
physx,constant_forward,0,0,1200,11.999999731779099,1.0,0.0,0.2844194769859314,0.254292862718859,0.23644448031170992,-0.06780058890581131,0.3638622760772705,9.24201488494873,0.24066993594169617,0
physx,constant_forward,0,0,1201,12.009999731555581,1.0,0.0,0.28480857610702515,0.2600072735705245,0.2228333273983914,-0.07240236550569534,0.4196520447731018,8.741523742675781,1.6592177152633667,0
physx,constant_forward,0,0,1202,12.019999731332064,1.0,0.0,0.2850373089313507,0.2712509376313307,0.20404791535309125,-0.07082415372133255,0.4929623007774353,7.687723636627197,1.7628947496414185,0
physx,constant_forward,0,0,1203,12.029999731108546,1.0,0.0,0.2847704589366913,0.27809644938012784,0.19306596044404475,-0.07044008374214172,-2.0324037075042725,7.317868709564209,0.5103256106376648,0
physx,constant_forward,0,0,1204,12.039999730885029,1.0,0.0,0.2833884358406067,0.26466833843931503,0.19301325324686255,-0.12594425678253174,1.473934531211853,8.033242225646973,1.635379433631897,0
physx,constant_forward,0,0,1205,12.049999730661511,1.0,0.0,0.2820030748844147,0.25877018314419614,0.1947985390239024,-0.06964333355426788,-0.14083772897720337,8.850923538208008,1.9795536994934082,0
physx,constant_forward,0,0,1206,12.059999730437994,1.0,0.0,0.28208687901496887,0.2707848769870761,0.2091164287949145,0.013997215777635574,0.39954155683517456,9.616246223449707,3.363234281539917,0
physx,constant_forward,0,0,1207,12.069999730214477,1.0,0.0,0.2836454212665558,0.28768004432442595,0.23218916087619912,0.05048524588346481,0.5603644251823425,10.403363227844238,1.3723664283752441,0
physx,constant_forward,0,0,1208,12.07999972999096,1.0,0.0,0.2856663465499878,0.2876002505516745,0.25709660603523143,0.03306404501199722,-1.7297440767288208,10.564330101013184,0.19761009514331818,0
physx,constant_forward,0,0,1209,12.089999729767442,1.0,0.0,0.28649652004241943,0.2721772649219723,0.275135013945334,-0.022009996697306633,-0.7239634394645691,9.483214378356934,3.074021339416504,0
physx,constant_forward,0,0,1210,12.099999729543924,1.0,0.0,0.28667986392974854,0.25973058582961894,0.26912418242415914,-0.09890595078468323,1.5537850856781006,9.23828125,0.5145365595817566,0
physx,constant_forward,0,0,1211,12.109999729320407,1.0,0.0,0.2863081097602844,0.26005470665892083,0.2505405149140298,-0.10029568523168564,-0.017077263444662094,8.648164749145508,2.311685085296631,0
physx,constant_forward,0,0,1212,12.11999972909689,1.0,0.0,0.2861342430114746,0.2753032634607366,0.22800566685752566,-0.06629624217748642,0.7188680171966553,7.13387393951416,2.785921096801758,0
physx,constant_forward,0,0,1213,12.129999728873372,1.0,0.0,0.2859952449798584,0.2929448615636611,0.20756170683690167,-0.02896326407790184,0.5519759654998779,7.052221775054932,1.1284517049789429,0
physx,constant_forward,0,0,1214,12.139999728649855,1.0,0.0,0.28550270199775696,0.30206289600672315,0.1980460787035585,-0.015964966267347336,-1.9148815870285034,6.954817771911621,0.3248825967311859,0
physx,constant_forward,0,0,1215,12.149999728426337,1.0,0.0,0.2837802469730377,0.28633846730130347,0.2001387066974957,-0.05293061584234238,1.1252528429031372,7.950327396392822,2.0619378089904785,0
physx,constant_forward,0,0,1216,12.15999972820282,1.0,0.0,0.28246963024139404,0.2752111285226726,0.21386225614781307,0.03681761771440506,-0.7009687423706055,8.897772789001465,2.3970654010772705,0
physx,constant_forward,0,0,1217,12.169999727979302,1.0,0.0,0.28315576910972595,0.2865410867900323,0.2394673299925033,0.08538081496953964,0.68607497215271,10.155922889709473,1.971990704536438,0
physx,constant_forward,0,0,1218,12.179999727755785,1.0,0.0,0.28483304381370544,0.29875391955855496,0.26462497142064123,0.08815006166696548,0.5184938311576843,10.834716796875,1.1785423755645752,0
physx,constant_forward,0,0,1219,12.189999727532268,1.0,0.0,0.2866635322570801,0.2927937990631545,0.2849780848161945,0.06197018548846245,-1.6788338422775269,10.720183372497559,0.341320663690567,0
physx,constant_forward,0,0,1220,12.19999972730875,1.0,0.0,0.2871549725532532,0.27169682186143307,0.29360353879503326,-0.008558163419365883,-0.12299300730228424,9.423429489135742,3.08432674407959,0
physx,constant_forward,0,0,1221,12.209999727085233,1.0,0.0,0.286950021982193,0.26288795512519886,0.2754216337623141,-0.08087515085935593,1.6857945919036865,8.760226249694824,1.7098760604858398,0
physx,constant_forward,0,0,1222,12.219999726861715,1.0,0.0,0.2861568331718445,0.26863715970293456,0.25132370012487976,-0.05526493862271309,0.2314765602350235,7.7903289794921875,1.8499257564544678,0
physx,constant_forward,0,0,1223,12.229999726638198,1.0,0.0,0.28567811846733093,0.28913683358942877,0.2282638123832746,-0.007398420944809914,0.7686195969581604,6.731272220611572,2.8571040630340576,0
physx,constant_forward,0,0,1224,12.23999972641468,1.0,0.0,0.285215824842453,0.30751766532600483,0.212042935050013,0.0276243407279253,0.49733027815818787,7.055301666259766,0.70843106508255,0
physx,constant_forward,0,0,1225,12.249999726191163,1.0,0.0,0.2833571434020996,0.3008736404094861,0.20909408476514676,-0.00835686270147562,-1.663625717163086,7.143137454986572,0.5776377320289612,0
physx,constant_forward,0,0,1226,12.259999725967646,1.0,0.0,0.2811058461666107,0.2839990960334367,0.21952152581319592,0.0013925107195973396,0.42358776926994324,8.217425346374512,2.524500846862793,0
physx,constant_forward,0,0,1227,12.269999725744128,1.0,0.0,0.28068453073501587,0.28958825276614236,0.2443405041443748,0.10944822430610657,-0.0905773788690567,9.843631744384766,2.2875237464904785,0
physx,constant_forward,0,0,1228,12.27999972552061,1.0,0.0,0.28205424547195435,0.3088333148944837,0.27174257060221013,0.13148406147956848,0.6848574876785278,10.87368392944336,1.7864582538604736,0
physx,constant_forward,0,0,1229,12.289999725297093,1.0,0.0,0.28386327624320984,0.310298569322522,0.2956690833216271,0.10608763247728348,-1.5709774494171143,11.020675659179688,0.3744715452194214,0
physx,constant_forward,0,0,1230,12.299999725073576,1.0,0.0,0.28430524468421936,0.2915376623193871,0.3071695301292937,0.037868693470954895,-0.31030210852622986,9.707998275756836,3.090933084487915,0
physx,constant_forward,0,0,1231,12.309999724850059,1.0,0.0,0.28425055742263794,0.2831939444883983,0.2958012010301237,-0.03059142269194126,1.7180954217910767,9.137802124023438,1.7098331451416016,0
physx,constant_forward,0,0,1232,12.319999724626541,1.0,0.0,0.28329998254776,0.28337535389287594,0.2731687759116601,-0.03597947210073471,0.17382577061653137,8.225037574768066,1.7041189670562744,0
physx,constant_forward,0,0,1233,12.329999724403024,1.0,0.0,0.2827070355415344,0.2995967472411121,0.25176476619998545,0.012439806014299393,0.8048540949821472,7.120018482208252,2.4282989501953125,0
physx,constant_forward,0,0,1234,12.339999724179506,1.0,0.0,0.2821052074432373,0.31600272645530414,0.2339228247209878,0.0423356294631958,0.16976416110992432,7.168971061706543,1.0364947319030762,0
physx,constant_forward,0,0,1235,12.349999723955989,1.0,0.0,0.2805020809173584,0.30705221476861605,0.234084882701455,0.020878087729215622,-1.5102205276489258,7.3223137855529785,1.4000811576843262,0
physx,constant_forward,0,0,1236,12.359999723732471,1.0,0.0,0.27900657057762146,0.2940112575471382,0.2460436207114935,0.03887804225087166,0.4902116358280182,8.688541412353516,2.338862895965576,0
physx,constant_forward,0,0,1237,12.369999723508954,1.0,0.0,0.27944257855415344,0.3033208458030597,0.2687529322812228,0.1252208650112152,0.053678080439567566,10.251847267150879,2.142305850982666,0
physx,constant_forward,0,0,1238,12.379999723285437,1.0,0.0,0.2811545431613922,0.31787506085661443,0.2900865543162647,0.11518111079931259,0.6877813339233398,10.98881721496582,1.2893952131271362,0
physx,constant_forward,0,0,1239,12.38999972306192,1.0,0.0,0.2824893295764923,0.30314613652689704,0.3075599404644526,0.06355205178260803,-2.278724193572998,10.908437728881836,0.19041156768798828,0
physx,constant_forward,0,0,1240,12.399999722838402,1.0,0.0,0.2828318774700165,0.2876953365044158,0.3077557209575815,-0.0018681847723200917,1.4099793434143066,9.466453552246094,4.798190593719482,0
physx,constant_forward,0,0,1241,12.409999722614884,1.0,0.0,0.2822105884552002,0.284192579000368,0.2870182478357996,-0.054055243730545044,0.7649539113044739,8.411084175109863,1.7536648511886597,0
physx,constant_forward,0,0,1242,12.419999722391367,1.0,0.0,0.28146451711654663,0.2948784644963978,0.26577770273916823,-0.01740596443414688,0.4961709678173065,7.506907939910889,1.41997230052948,0
physx,constant_forward,0,0,1243,12.42999972216785,1.0,0.0,0.28074702620506287,0.31053288068709684,0.2456865016382292,0.009038697928190231,0.11781392246484756,7.093550205230713,1.7626913785934448,0
physx,constant_forward,0,0,1244,12.439999721944332,1.0,0.0,0.2791827321052551,0.3031262213955327,0.2444449457479677,-0.009359726682305336,-1.4712190628051758,7.373714923858643,1.2940512895584106,0
physx,constant_forward,0,0,1245,12.449999721720815,1.0,0.0,0.27780187129974365,0.29236687241928433,0.2544766602640295,0.011106597259640694,0.48963871598243713,8.727681159973145,2.1939122676849365,0
physx,constant_forward,0,0,1246,12.459999721497297,1.0,0.0,0.278395414352417,0.3036757186415383,0.2748003890122473,0.09938450902700424,0.09677472710609436,10.204459190368652,2.058222532272339,0
physx,constant_forward,0,0,1247,12.46999972127378,1.0,0.0,0.2800337076187134,0.315944569556013,0.29286856127958416,0.06353411823511124,1.4051557779312134,10.926460266113281,1.2226204872131348,0
physx,constant_forward,0,0,1248,12.479999721050262,1.0,0.0,0.28119733929634094,0.29997971678121776,0.3043889002650634,0.029549721628427505,-2.595050096511841,10.598161697387695,1.4746984243392944,0
physx,constant_forward,0,0,1249,12.489999720826745,1.0,0.0,0.2810123860836029,0.2804312273363418,0.2989317112105287,-0.03495113551616669,1.3677819967269897,9.208620071411133,4.572444915771484,0
physx,constant_forward,0,0,1250,12.499999720603228,1.0,0.0,0.28021040558815,0.2793324096376742,0.2787202688759576,-0.04920465126633644,0.3031424283981323,8.332175254821777,1.6515856981277466,0
physx,constant_forward,0,0,1251,12.50999972037971,1.0,0.0,0.27984490990638733,0.29608163482132965,0.2618871794215114,-0.005297448486089706,0.6553012132644653,7.454689025878906,2.4567222595214844,0
physx,constant_forward,0,0,1252,12.519999720156193,1.0,0.0,0.2791265845298767,0.3087032671692942,0.24697689969543474,0.014207690954208374,-0.42834997177124023,7.411129951477051,1.0824335813522339,0
physx,constant_forward,0,0,1253,12.529999719932675,1.0,0.0,0.2779287099838257,0.3026103648706363,0.25133725062958545,0.0002468368038535118,-1.5012686252593994,7.6888604164123535,1.5919885635375977,0
physx,constant_forward,0,0,1254,12.539999719709158,1.0,0.0,0.27691105008125305,0.29318563374340656,0.2651633277581224,0.004097352735698223,0.6338849067687988,9.147619247436523,2.0692105293273926,0
physx,constant_forward,0,0,1255,12.54999971948564,1.0,0.0,0.27753567695617676,0.3018434154153739,0.2874812621783786,0.08031502366065979,0.08394040167331696,10.404157638549805,1.7335879802703857,0
physx,constant_forward,0,0,1256,12.559999719262123,1.0,0.0,0.2789630889892578,0.31050453898637514,0.3048691388812188,0.037647977471351624,1.442392349243164,10.95678424835205,1.0368398427963257,0
physx,constant_forward,0,0,1257,12.569999719038606,1.0,0.0,0.2801888883113861,0.29658478633148927,0.3161357744348899,0.016115520149469376,-2.4874956607818604,10.567222595214844,1.5653916597366333,0
physx,constant_forward,0,0,1258,12.579999718815088,1.0,0.0,0.28014323115348816,0.2809533796604784,0.3076066687638853,-0.04816024750471115,1.627407431602478,9.163366317749023,4.079172611236572,0
physx,constant_forward,0,0,1259,12.58999971859157,1.0,0.0,0.27972322702407837,0.28623422241616864,0.28518291523157646,-0.03606219217181206,0.5371918678283691,8.239473342895508,1.8708616495132446,0
physx,constant_forward,0,0,1260,12.599999718368053,1.0,0.0,0.2792149782180786,0.3002062891958137,0.26259914139239876,0.004561104346066713,-0.4894236922264099,7.271800994873047,3.049854040145874,0
physx,constant_forward,0,0,1261,12.609999718144536,1.0,0.0,0.278887540102005,0.30674103047589146,0.2557576068212101,0.020570088177919388,-1.853879451751709,7.4202141761779785,1.4410786628723145,0
physx,constant_forward,0,0,1262,12.619999717921019,1.0,0.0,0.2781827747821808,0.2946735380351509,0.2646052146021105,-0.014175822958350182,0.6915509104728699,8.702154159545898,1.8012336492538452,0
physx,constant_forward,0,0,1263,12.629999717697501,1.0,0.0,0.27801695466041565,0.28610904205354587,0.2790421049668169,-0.003060854971408844,1.2484924793243408,9.785961151123047,1.320733666419983,0
physx,constant_forward,0,0,1264,12.639999717473984,1.0,0.0,0.27887454628944397,0.2917413513941125,0.2883965990860527,0.023714261129498482,0.8692930340766907,10.353921890258789,1.0566112995147705,0
physx,constant_forward,0,0,1265,12.649999717250466,1.0,0.0,0.2803003191947937,0.2922482795340856,0.28891458294099925,0.03706550598144531,-1.4098275899887085,10.259087562561035,0.9586002230644226,0
physx,constant_forward,0,0,1266,12.659999717026949,1.0,0.0,0.28041863441467285,0.27907173173354166,0.2817863444789901,-0.020596588030457497,0.03954768180847168,9.20815372467041,2.6167569160461426,0
physx,constant_forward,0,0,1267,12.669999716803432,1.0,0.0,0.2797180712223053,0.2710141723659484,0.26290032598372454,-0.0605541430413723,0.4499877393245697,8.571429252624512,0.9673089385032654,0
physx,constant_forward,0,0,1268,12.679999716579914,1.0,0.0,0.27930912375450134,0.27430365774552334,0.25236976436691716,-0.004226897843182087,-0.7913301587104797,8.37480640411377,1.755704641342163,0
physx,constant_forward,0,0,1269,12.689999716356397,1.0,0.0,0.2802217900753021,0.2914316671853106,0.2508751461069179,0.02936093881726265,0.24444761872291565,8.8601713180542,0.9797292947769165,0
physx,constant_forward,0,0,1270,12.69999971613288,1.0,0.0,0.2814325988292694,0.30026417592477583,0.2542681008384596,0.004856640473008156,-1.4990407228469849,9.313271522521973,0.7815426588058472,0
physx,constant_forward,0,0,1271,12.709999715909362,1.0,0.0,0.28192684054374695,0.29029548940912875,0.25761940870637257,-0.05309774726629257,1.329002857208252,9.730497360229492,1.5653127431869507,0
physx,constant_forward,0,0,1272,12.719999715685844,1.0,0.0,0.28175321221351624,0.27679435147806963,0.2495465651443669,-0.10223262012004852,1.1560568809509277,9.645668983459473,1.2041321992874146,0
physx,constant_forward,0,0,1273,12.729999715462327,1.0,0.0,0.2816644310951233,0.2734856666754919,0.2400664579753902,-0.05323156714439392,0.3786720931529999,9.16311264038086,0.8366732597351074,0
physx,constant_forward,0,0,1274,12.73999971523881,1.0,0.0,0.281848281621933,0.2763343906248129,0.22551514772560438,-0.018350031226873398,0.2794094383716583,8.866122245788574,1.4282609224319458,0
physx,constant_forward,0,0,1275,12.749999715015292,1.0,0.0,0.2833395302295685,0.2788110623654926,0.22599230821644106,0.04707694798707962,-2.1574130058288574,9.203600883483887,2.067793607711792,0
physx,constant_forward,0,0,1276,12.759999714791775,1.0,0.0,0.28433647751808167,0.27194932666412336,0.23694922333597715,-0.005823234561830759,-0.16498100757598877,8.874545097351074,2.0852532386779785,0
physx,constant_forward,0,0,1277,12.769999714568257,1.0,0.0,0.285014808177948,0.2640201363466844,0.2388656785843699,-0.05051366984844208,0.2933143973350525,9.190009117126465,0.5478416681289673,0
physx,constant_forward,0,0,1278,12.77999971434474,1.0,0.0,0.2852029800415039,0.2544253233010922,0.23432961427042268,-0.0931272879242897,0.3548299968242645,9.34165096282959,0.23371055722236633,0
physx,constant_forward,0,0,1279,12.789999714121222,1.0,0.0,0.28563055396080017,0.25892270966488323,0.22230464555948634,-0.09420105069875717,0.371744841337204,8.859235763549805,1.6202086210250854,0
physx,constant_forward,0,0,1280,12.799999713897705,1.0,0.0,0.2859472930431366,0.2701211402359229,0.20474813506152362,-0.0909571498632431,0.5354886054992676,7.809772968292236,1.7506442070007324,0
physx,constant_forward,0,0,1281,12.809999713674188,1.0,0.0,0.28538742661476135,0.2706853031955498,0.19456967462878463,-0.13577790558338165,1.6624106168746948,7.402268886566162,0.6523274183273315,0
physx,constant_forward,0,0,1282,12.81999971345067,1.0,0.0,0.28387296199798584,0.26871143904096073,0.1938808054599345,-0.15303446352481842,-0.7629597783088684,7.379083156585693,1.7768069505691528,0
physx,constant_forward,0,0,1283,12.829999713227153,1.0,0.0,0.28230395913124084,0.26944370675140944,0.1981824230460898,-0.11036761850118637,0.9751177430152893,8.24617862701416,2.6186366081237793,0
physx,constant_forward,0,0,1284,12.839999713003635,1.0,0.0,0.28159740567207336,0.27768018500558284,0.20580443690900072,-0.011409071274101734,-0.4783276617527008,9.495408058166504,1.6866451501846313,0
physx,constant_forward,0,0,1285,12.849999712780118,1.0,0.0,0.2827404737472534,0.29595112239054777,0.2245305852884218,0.0529341921210289,0.6543627977371216,10.349833488464355,2.3978710174560547,0
physx,constant_forward,0,0,1286,12.8599997125566,1.0,0.0,0.2847656011581421,0.306940697219021,0.2483171573924255,0.04856627434492111,0.4294929504394531,10.713329315185547,0.7380217909812927,0
physx,constant_forward,0,0,1287,12.869999712333083,1.0,0.0,0.28657084703445435,0.29133696486628735,0.27258682258659783,0.013099992647767067,-2.770979404449463,10.52386474609375,0.5008634328842163,0
physx,constant_forward,0,0,1288,12.879999712109566,1.0,0.0,0.28746724128723145,0.2747094931655059,0.28253477755573725,-0.046217989176511765,1.2314038276672363,9.057209968566895,3.8447060585021973,0
physx,constant_forward,0,0,1289,12.889999711886048,1.0,0.0,0.2875167727470398,0.26174096110047124,0.2712287038303281,-0.09879723936319351,0.7777354121208191,8.94601821899414,1.3867188692092896,0
physx,constant_forward,0,0,1290,12.899999711662531,1.0,0.0,0.2877311706542969,0.26687500956409843,0.2525021443378153,-0.07050712406635284,0.4635353684425354,8.265741348266602,2.011430263519287,0
physx,constant_forward,0,0,1291,12.909999711439013,1.0,0.0,0.28794726729393005,0.28235839870095514,0.22818142171627703,-0.04685164615511894,0.7710088491439819,7.082992076873779,2.492919683456421,0
physx,constant_forward,0,0,1292,12.919999711215496,1.0,0.0,0.2876010835170746,0.29072442965734874,0.21167726120231592,-0.037628281861543655,-1.8896969556808472,6.9902262687683105,0.4711343050003052,0
physx,constant_forward,0,0,1293,12.929999710991979,1.0,0.0,0.28594380617141724,0.275361170857661,0.20700342901488455,-0.08494874835014343,1.289360523223877,7.59256649017334,1.9056143760681152,0
physx,constant_forward,0,0,1294,12.939999710768461,1.0,0.0,0.28398266434669495,0.2646479766542527,0.20720716542968326,-0.006561008282005787,-1.1998622417449951,8.490513801574707,2.044889211654663,0
physx,constant_forward,0,0,1295,12.949999710544944,1.0,0.0,0.28403595089912415,0.28029534481767177,0.221878633257201,0.0717782974243164,0.6515579223632812,9.445011138916016,3.3802945613861084,0
physx,constant_forward,0,0,1296,12.959999710321426,1.0,0.0,0.28548625111579895,0.29882261500933804,0.2451740546483751,0.09966655820608139,0.4432641267776489,10.510300636291504,1.7520310878753662,0
physx,constant_forward,0,0,1297,12.969999710097909,1.0,0.0,0.28690305352211,0.29990247794839975,0.26818826901999343,0.058065783232450485,0.3634355962276459,10.621289253234863,0.24218618869781494,0
physx,constant_forward,0,0,1298,12.979999709874392,1.0,0.0,0.2879613935947418,0.27742314502696264,0.2892678428197003,0.0272249523550272,-3.0065202713012695,10.352216720581055,1.0852047204971313,0
physx,constant_forward,0,0,1299,12.989999709650874,1.0,0.0,0.2882370948791504,0.2613345053584869,0.2928270653419191,-0.03163639456033707,1.6794116497039795,9.032306671142578,3.557309627532959,0
physx,constant_forward,0,0,1300,12.999999709427357,1.0,0.0,0.2879931330680847,0.2556125988359254,0.2777125781490054,-0.037946395576000214,0.2584841251373291,8.768654823303223,1.848925232887268,0
physx,constant_forward,0,0,1301,13.00999970920384,1.0,0.0,0.2882785201072693,0.26762761821524306,0.2563757983176565,-0.010599847882986069,0.7006697654724121,7.943994522094727,2.093653917312622,0
physx,constant_forward,0,0,1302,13.019999708980322,1.0,0.0,0.2881533205509186,0.28093301570379053,0.23044336923155648,0.00032913428731262684,0.7764214873313904,7.203104019165039,1.4738290309906006,0
physx,constant_forward,0,0,1303,13.029999708756804,1.0,0.0,0.28742682933807373,0.2875001405692806,0.214309333809255,0.008055088110268116,-1.9431333541870117,6.9692888259887695,0.2653590738773346,0
physx,constant_forward,0,0,1304,13.039999708533287,1.0,0.0,0.28546303510665894,0.2729494325641232,0.20975955790818607,-0.027839340269565582,0.9511808156967163,7.762101173400879,1.8835532665252686,0
physx,constant_forward,0,0,1305,13.04999970830977,1.0,0.0,0.28372469544410706,0.2609479494095456,0.218385059315748,0.0470547154545784,-0.7716845870018005,8.710676193237305,2.3945472240448,0
physx,constant_forward,0,0,1306,13.059999708086252,1.0,0.0,0.28418925404548645,0.2754780853690522,0.2411636920333915,0.11434971541166306,0.6459966897964478,10.017738342285156,1.848122239112854,0
physx,constant_forward,0,0,1307,13.069999707862735,1.0,0.0,0.28578245639801025,0.2924272763004817,0.2648839899381074,0.11337409913539886,0.5656024813652039,10.838956832885742,1.4727529287338257,0
physx,constant_forward,0,0,1308,13.079999707639217,1.0,0.0,0.2873702347278595,0.2873405046585221,0.28527303376077134,0.08239956945180893,-1.6768288612365723,10.738656997680664,0.3181876242160797,0
physx,constant_forward,0,0,1309,13.0899997074157,1.0,0.0,0.2877996861934662,0.2693514202624186,0.2958722458157522,0.02706952393054962,-0.4093855023384094,9.486467361450195,3.2331485748291016,0
physx,constant_forward,0,0,1310,13.099999707192183,1.0,0.0,0.2875852584838867,0.25773554415690947,0.2823084300393341,-0.04778802767395973,1.7316479682922363,9.133673667907715,0.4816424548625946,0
physx,constant_forward,0,0,1311,13.109999706968665,1.0,0.0,0.2870360314846039,0.2607074459519608,0.26100941842690445,-0.04074497148394585,0.15883925557136536,8.513280868530273,2.5028865337371826,0
physx,constant_forward,0,0,1312,13.119999706745148,1.0,0.0,0.2866409420967102,0.2782687133825473,0.23605897471780957,-0.007695981301367283,0.8506468534469604,7.027149200439453,2.941631555557251,0
physx,constant_forward,0,0,1313,13.12999970652163,1.0,0.0,0.2862139344215393,0.29652765621905736,0.2157246653300247,0.02682749554514885,0.5868809223175049,7.080219268798828,0.944033145904541,0
physx,constant_forward,0,0,1314,13.139999706298113,1.0,0.0,0.28473225235939026,0.2956599245054659,0.2098956178787563,0.007551630027592182,-1.0292283296585083,7.026604175567627,0.40883156657218933,0
physx,constant_forward,0,0,1315,13.149999706074595,1.0,0.0,0.28262248635292053,0.28025754604558023,0.21478138090408633,0.004873722791671753,0.2627468705177307,8.103363037109375,2.3251919746398926,0
physx,constant_forward,0,0,1316,13.159999705851078,1.0,0.0,0.28199416399002075,0.28154232475707175,0.2363770844912003,0.10148830711841583,-0.12757013738155365,9.516417503356934,1.9419143199920654,0
physx,constant_forward,0,0,1317,13.16999970562756,1.0,0.0,0.2831680476665497,0.29850131387843915,0.26123388402546044,0.13083165884017944,0.6862923502922058,10.718110084533691,1.916427493095398,0
physx,constant_forward,0,0,1318,13.179999705404043,1.0,0.0,0.2847735583782196,0.30646637112091724,0.2826475103732809,0.10122101753950119,0.4870976507663727,11.001423835754395,0.5526477098464966,0
physx,constant_forward,0,0,1319,13.189999705180526,1.0,0.0,0.28603270649909973,0.2883930097348493,0.3012099627642552,0.06865008175373077,-3.0391364097595215,10.655405044555664,0.7734572291374207,0
physx,constant_forward,0,0,1320,13.199999704957008,1.0,0.0,0.2861822247505188,0.26970324874882073,0.301196318630675,-0.009467694908380508,2.008193254470825,9.057785034179688,3.943631172180176,0
physx,constant_forward,0,0,1321,13.209999704733491,1.0,0.0,0.28558313846588135,0.26863483024999607,0.28080575914633027,-0.04636131972074509,0.2539703845977783,8.355509757995605,2.310009002685547,0
physx,constant_forward,0,0,1322,13.219999704509974,1.0,0.0,0.2848266661167145,0.28109339841864145,0.25828942315820125,-0.01215998362749815,0.6500778198242188,7.176150798797607,2.3241522312164307,0
physx,constant_forward,0,0,1323,13.229999704286456,1.0,0.0,0.2842584550380707,0.30052138312357063,0.23682084807836457,0.02596151828765869,0.7000894546508789,7.024090766906738,1.4287580251693726,0
physx,constant_forward,0,0,1324,13.239999704062939,1.0,0.0,0.2823658883571625,0.2969705090346431,0.22782368140898251,-0.006133897230029106,-1.4993219375610352,7.06247091293335,0.16152316331863403,0
physx,constant_forward,0,0,1325,13.249999703839421,1.0,0.0,0.2800537347793579,0.2829653380636723,0.23190646295152337,0.011807888746261597,0.37225499749183655,8.005311965942383,2.4379138946533203,0
physx,constant_forward,0,0,1326,13.259999703615904,1.0,0.0,0.2796909511089325,0.2914028711729194,0.2508516668918977,0.1239960640668869,-0.14867110550403595,9.57992935180664,2.2185463905334473,0
physx,constant_forward,0,0,1327,13.269999703392386,1.0,0.0,0.28106632828712463,0.3111616628830655,0.2736523876538318,0.14057427644729614,0.7200863361358643,10.747749328613281,1.8072487115859985,0
physx,constant_forward,0,0,1328,13.279999703168869,1.0,0.0,0.2825915217399597,0.3081006730928647,0.2945464717635387,0.09545912593603134,-1.3816866874694824,11.00228214263916,0.3115486204624176,0
physx,constant_forward,0,0,1329,13.289999702945352,1.0,0.0,0.2828499972820282,0.29180801810880547,0.3031996941290888,0.03281905874609947,-0.5040607452392578,9.855949401855469,4.0877604484558105,0
physx,constant_forward,0,0,1330,13.299999702721834,1.0,0.0,0.28240546584129333,0.28420012869452044,0.28982609293271056,-0.03583922237157822,1.708984136581421,8.996528625488281,1.220639944076538,0
physx,constant_forward,0,0,1331,13.309999702498317,1.0,0.0,0.2811589241027832,0.285255733430388,0.2693102597222387,-0.03877689689397812,0.06938506662845612,8.294565200805664,1.6653531789779663,0
physx,constant_forward,0,0,1332,13.3199997022748,1.0,0.0,0.28038308024406433,0.30261232520906767,0.2524569012112459,0.011504599824547768,0.7436694502830505,7.246403217315674,2.460146427154541,0
physx,constant_forward,0,0,1333,13.329999702051282,1.0,0.0,0.2792287766933441,0.3128460539627553,0.24243575731038788,0.024129923433065414,-2.1023738384246826,7.299587249755859,1.051167368888855,0
physx,constant_forward,0,0,1334,13.339999701827765,1.0,0.0,0.27741754055023193,0.30059717385072693,0.2514935834894538,0.0011415155604481697,0.7459709048271179,8.254559516906738,2.316488742828369,0
physx,constant_forward,0,0,1335,13.349999701604247,1.0,0.0,0.2768530249595642,0.30012669425534977,0.27120700490638666,0.09090641140937805,-0.2731318473815918,9.557019233703613,1.8815340995788574,0
physx,constant_forward,0,0,1336,13.35999970138073,1.0,0.0,0.27827906608581543,0.3182435336772352,0.29481256537501166,0.13035662472248077,0.6288615465164185,10.680533409118652,1.6788557767868042,0
physx,constant_forward,0,0,1337,13.369999701157212,1.0,0.0,0.2800479233264923,0.3183909126812705,0.3120432624612974,0.08278191089630127,-0.9567288756370544,11.05123519897461,0.7129167318344116,0
physx,constant_forward,0,0,1338,13.379999700933695,1.0,0.0,0.2804933190345764,0.30194252829818835,0.317612642230331,0.021179893985390663,-0.590691089630127,9.882490158081055,3.8699443340301514,0
physx,constant_forward,0,0,1339,13.389999700710177,1.0,0.0,0.2802356481552124,0.2931850527130628,0.30106243138763705,-0.04732277989387512,1.9375033378601074,8.999672889709473,1.3549119234085083,0
physx,constant_forward,0,0,1340,13.39999970048666,1.0,0.0,0.2794659435749054,0.2970606186831191,0.27729785068490737,-0.036408521234989166,0.16102027893066406,8.262360572814941,1.8511712551116943,0
physx,constant_forward,0,0,1341,13.409999700263143,1.0,0.0,0.2788718342781067,0.31177290038931876,0.2553014138681735,-0.007299259305000305,0.27422961592674255,7.161427974700928,2.822112560272217,0
physx,constant_forward,0,0,1342,13.419999700039625,1.0,0.0,0.2782507538795471,0.31750646333732185,0.24829762264342986,0.02597174234688282,-2.296043872833252,7.400187015533447,1.4226940870285034,0
physx,constant_forward,0,0,1343,13.429999699816108,1.0,0.0,0.27737390995025635,0.3054332779579261,0.2597376667483455,-0.00983670074492693,0.9320018887519836,8.69820499420166,1.8863694667816162,0
physx,constant_forward,0,0,1344,13.43999969959259,1.0,0.0,0.27743950486183167,0.30177728042328295,0.27853014321174513,0.05038072168827057,-0.050043702125549316,9.897771835327148,1.468465805053711,0
physx,constant_forward,0,0,1345,13.449999699369073,1.0,0.0,0.27863749861717224,0.30682634806154596,0.29602776086716626,0.026152577251195908,1.3221254348754883,10.693018913269043,1.1356931924819946,0
physx,constant_forward,0,0,1346,13.459999699145555,1.0,0.0,0.28028351068496704,0.30250354625587833,0.30485073675039326,0.026162512600421906,-1.5306987762451172,10.622920036315918,1.3742263317108154,0
physx,constant_forward,0,0,1347,13.469999698922038,1.0,0.0,0.28056517243385315,0.28640329817417765,0.29976130057980127,-0.03474774584174156,0.18029868602752686,9.47144603729248,2.9442977905273438,0
physx,constant_forward,0,0,1348,13.47999969869852,1.0,0.0,0.2801983058452606,0.28050556865461557,0.27776476781250525,-0.07150717079639435,1.077360987663269,8.620670318603516,1.160640835762024,0
physx,constant_forward,0,0,1349,13.489999698475003,1.0,0.0,0.279602974653244,0.28714008683408176,0.25503175649991194,-0.03268679976463318,-1.0189870595932007,7.873922348022461,1.224666953086853,0
physx,constant_forward,0,0,1350,13.499999698251486,1.0,0.0,0.27984219789505005,0.3025762428645675,0.2433735618734497,0.00615620706230402,0.06069377809762955,7.637277603149414,2.3687965869903564,0
physx,constant_forward,0,0,1351,13.509999698027968,1.0,0.0,0.2799491584300995,0.30146037906145823,0.2483189197136102,-0.017044760286808014,-1.3898342847824097,8.33483600616455,1.0360794067382812,0
physx,constant_forward,0,0,1352,13.519999697804451,1.0,0.0,0.27986040711402893,0.29049102099727503,0.2583863013732539,-0.05138088017702103,0.9783769845962524,9.4072847366333,1.5105342864990234,0
physx,constant_forward,0,0,1353,13.529999697580934,1.0,0.0,0.28039294481277466,0.2856661894026887,0.27030702803412937,-0.025215942412614822,0.7436724305152893,10.212908744812012,1.0320600271224976,0
physx,constant_forward,0,0,1354,13.539999697357416,1.0,0.0,0.2818800210952759,0.29081683803255653,0.2740547850442135,-0.005270364228636026,1.0612938404083252,10.261398315429688,1.3193148374557495,0
physx,constant_forward,0,0,1355,13.549999697133899,1.0,0.0,0.2831626832485199,0.279629461850593,0.2694707252876182,-0.019284378737211227,-2.098964214324951,9.797917366027832,1.0968271493911743,0
physx,constant_forward,0,0,1356,13.559999696910381,1.0,0.0,0.28282928466796875,0.2623813703194935,0.2519796733831015,-0.07399213314056396,1.0647590160369873,8.486129760742188,3.7068819999694824,0
physx,constant_forward,0,0,1357,13.569999696686864,1.0,0.0,0.2823736369609833,0.25912960821834063,0.2363922782718297,-0.023999609053134918,-1.0748927593231201,7.778921604156494,2.08665132522583,0
physx,constant_forward,0,0,1358,13.579999696463346,1.0,0.0,0.2831272780895233,0.27342495387585647,0.2306322879143765,0.013665666803717613,0.06257475912570953,8.230515480041504,1.480345368385315,0
physx,constant_forward,0,0,1359,13.589999696239829,1.0,0.0,0.284265398979187,0.2837902399992961,0.2276587315462239,-0.011914723552763462,0.7966216802597046,8.850717544555664,1.0540056228637695,0
physx,constant_forward,0,0,1360,13.599999696016312,1.0,0.0,0.2842353880405426,0.27550865772808814,0.22765665058112985,-0.07302739471197128,-1.77059006690979,8.832328796386719,1.9344582557678223,0
physx,constant_forward,0,0,1361,13.609999695792794,1.0,0.0,0.2833414077758789,0.2604594968854185,0.2210964302154271,-0.13961777091026306,1.8745256662368774,8.948786735534668,1.643810749053955,0
physx,constant_forward,0,0,1362,13.619999695569277,1.0,0.0,0.282564252614975,0.25938139355411627,0.2163403987576555,-0.08813232183456421,0.24692735075950623,9.29500961303711,1.5671253204345703,0
physx,constant_forward,0,0,1363,13.62999969534576,1.0,0.0,0.28275638818740845,0.2730903338107734,0.2126376502820132,-0.03817020356655121,1.1891664266586304,9.087464332580566,2.4399828910827637,0
physx,constant_forward,0,0,1364,13.639999695122242,1.0,0.0,0.2830080986022949,0.2780119615923726,0.20820614121536835,-0.005663306452333927,0.06816252321004868,9.473326683044434,0.8306037783622742,0
physx,constant_forward,0,0,1365,13.649999694898725,1.0,0.0,0.28391045331954956,0.26952806902486204,0.22249550852127367,0.004202052019536495,-2.742600917816162,9.697091102600098,1.8014839887619019,0
physx,constant_forward,0,0,1366,13.659999694675207,1.0,0.0,0.28423142433166504,0.25882398157170344,0.23571323755577694,-0.04996871575713158,1.0165443420410156,8.984587669372559,3.23994779586792,0
physx,constant_forward,0,0,1367,13.66999969445169,1.0,0.0,0.2847946882247925,0.2600123115186708,0.24177579139563438,-0.01592310331761837,-0.6624229550361633,9.31522274017334,1.3164565563201904,0
physx,constant_forward,0,0,1368,13.679999694228172,1.0,0.0,0.2857053577899933,0.2667291895962749,0.238796099598422,-0.0520472526550293,0.992108166217804,9.537224769592285,0.879707396030426,0
physx,constant_forward,0,0,1369,13.689999694004655,1.0,0.0,0.28653427958488464,0.2759269779315249,0.2272493113036056,-0.06487084180116653,0.3443228006362915,9.04666805267334,1.9480959177017212,0
physx,constant_forward,0,0,1370,13.699999693781137,1.0,0.0,0.286798357963562,0.2819810739337087,0.2105976155574589,-0.07623478770256042,0.3849388360977173,7.948986530303955,1.6082780361175537,0
physx,constant_forward,0,0,1371,13.70999969355762,1.0,0.0,0.28592172265052795,0.2753205644014073,0.20340967941990296,-0.11210361868143082,-0.9464324116706848,7.408259868621826,0.7819936871528625,0
physx,constant_forward,0,0,1372,13.719999693334103,1.0,0.0,0.2843989431858063,0.26344865507322107,0.19887553766975388,-0.10404573380947113,0.7133661508560181,7.943855285644531,1.1600757837295532,0
physx,constant_forward,0,0,1373,13.729999693110585,1.0,0.0,0.2835537791252136,0.2658179859532059,0.19967829809641208,0.0022577473428100348,-0.32372236251831055,8.619214057922363,1.0100778341293335,0
physx,constant_forward,0,0,1374,13.739999692887068,1.0,0.0,0.2844269871711731,0.2823119948177117,0.2111559884887493,0.07746576517820358,0.5035198926925659,9.50479793548584,2.9917752742767334,0
physx,constant_forward,0,0,1375,13.74999969266355,1.0,0.0,0.28622668981552124,0.29419131236007656,0.23060886820913326,0.08154270052909851,0.4495578408241272,10.20736312866211,1.1039438247680664,0
physx,constant_forward,0,0,1376,13.759999692440033,1.0,0.0,0.287834495306015,0.2802103736803052,0.2553458447929885,0.047339074313640594,-2.883822441101074,10.336326599121094,0.45815637707710266,0
physx,constant_forward,0,0,1377,13.769999692216516,1.0,0.0,0.2885529398918152,0.2652352909752099,0.2680653556144228,-0.014339402318000793,1.1860136985778809,9.119414329528809,3.8158836364746094,0
physx,constant_forward,0,0,1378,13.779999691992998,1.0,0.0,0.28839099407196045,0.25235400197946384,0.2602235376329729,-0.08236731588840485,0.7767527103424072,9.169095039367676,1.3950121402740479,0
physx,constant_forward,0,0,1379,13.78999969176948,1.0,0.0,0.28807130455970764,0.2535715299644381,0.2449591899428108,-0.07329470664262772,0.27612486481666565,8.5689115524292,2.0549187660217285,0
physx,constant_forward,0,0,1380,13.799999691545963,1.0,0.0,0.28782716393470764,0.2683190382488727,0.22415411623096732,-0.0477788932621479,0.7018281817436218,7.271473407745361,2.419342517852783,0
physx,constant_forward,0,0,1381,13.809999691322446,1.0,0.0,0.28751853108406067,0.28483027845091036,0.20710052976620308,-0.011367195285856724,0.5772042870521545,7.075283050537109,0.8129614591598511,0
physx,constant_forward,0,0,1382,13.819999691098928,1.0,0.0,0.2863217890262604,0.28531754032765994,0.20400035067651773,-0.04251760244369507,-0.8051658868789673,7.072385311126709,0.23579898476600647,0
physx,constant_forward,0,0,1383,13.829999690875411,1.0,0.0,0.2841411530971527,0.2719338521194288,0.2039614439981945,-0.039656829088926315,0.3178274631500244,8.079427719116211,1.9644639492034912,0
physx,constant_forward,0,0,1384,13.839999690651894,1.0,0.0,0.28336966037750244,0.27530778749247153,0.21985129776789988,0.07333987206220627,-0.20395921170711517,9.269675254821777,2.384807586669922,0
physx,constant_forward,0,0,1385,13.849999690428376,1.0,0.0,0.28447580337524414,0.29321594190513534,0.24357299443038485,0.11512759327888489,0.7113974690437317,10.485332489013672,1.9651342630386353,0
physx,constant_forward,0,0,1386,13.859999690204859,1.0,0.0,0.2861044704914093,0.30211600190710164,0.26714841784909665,0.09196896106004715,0.45638126134872437,10.840545654296875,0.5570590496063232,0
physx,constant_forward,0,0,1387,13.869999689981341,1.0,0.0,0.2873917520046234,0.28475967128355395,0.2882983143153245,0.05847420543432236,-2.7189552783966064,10.580162048339844,0.7517411112785339,0
physx,constant_forward,0,0,1388,13.879999689757824,1.0,0.0,0.28753745555877686,0.2654719353199655,0.2913609524462279,-0.017353467643260956,1.7439053058624268,9.095724105834961,3.738433837890625,0
physx,constant_forward,0,0,1389,13.889999689534307,1.0,0.0,0.2869962751865387,0.2634956279950191,0.2736548598485187,-0.04894109070301056,0.25730377435684204,8.484689712524414,2.0345418453216553,0
physx,constant_forward,0,0,1390,13.899999689310789,1.0,0.0,0.28642427921295166,0.2768716291810242,0.2529895152515917,-0.005183242727071047,0.6790049076080322,7.279122829437256,2.2430896759033203,0
physx,constant_forward,0,0,1391,13.909999689087272,1.0,0.0,0.28607192635536194,0.2978235080450707,0.23278143465316867,0.03861190378665924,0.7695881724357605,7.048192977905273,1.5244712829589844,0
physx,constant_forward,0,0,1392,13.919999688863754,1.0,0.0,0.2851410508155823,0.30706149739416105,0.2200550881509384,0.04512074962258339,-1.6218665838241577,7.0455827713012695,0.09135578572750092,0
physx,constant_forward,0,0,1393,13.929999688640237,1.0,0.0,0.2830052673816681,0.2887748258969478,0.22475075850437645,0.014424942433834076,0.6421299576759338,7.976325511932373,2.2737481594085693,0
physx,constant_forward,0,0,1394,13.93999968841672,1.0,0.0,0.2817877233028412,0.2806112629806671,0.24225361347213795,0.09739179164171219,-0.3620927631855011,9.190845489501953,1.9456639289855957,0
physx,constant_forward,0,0,1395,13.949999688193202,1.0,0.0,0.28269660472869873,0.2966964400785355,0.2663432133420591,0.14886873960494995,0.7069751024246216,10.494390487670898,1.98917818069458,0
physx,constant_forward,0,0,1396,13.959999687969685,1.0,0.0,0.28437331318855286,0.3096504327866452,0.286154304398727,0.1290656477212906,0.5689284801483154,11.0385160446167,1.0651439428329468,0
physx,constant_forward,0,0,1397,13.969999687746167,1.0,0.0,0.2855617105960846,0.29214453408436925,0.30256544558610005,0.08083033561706543,-2.6098687648773193,10.74064826965332,0.5320153832435608,0
physx,constant_forward,0,0,1398,13.97999968752265,1.0,0.0,0.28571489453315735,0.277107442156485,0.2989119098630671,0.014232693240046501,1.6285648345947266,9.248737335205078,4.879634380340576,0
physx,constant_forward,0,0,1399,13.989999687299132,1.0,0.0,0.2847279906272888,0.27357683321484283,0.27595552827999065,-0.039880186319351196,0.4912916421890259,8.105072021484375,2.052690267562866,0
physx,constant_forward,0,0,1400,13.999999687075615,1.0,0.0,0.28350305557250977,0.28382524181882157,0.25480361241424765,-0.0018407858442515135,0.5219841003417969,7.220565319061279,1.5518217086791992,0
physx,constant_forward,0,0,1401,14.009999686852098,1.0,0.0,0.2826751470565796,0.3043215115920931,0.2376338435111918,0.04274514690041542,0.7058930993080139,6.970718860626221,1.7302312850952148,0
physx,constant_forward,0,0,1402,14.01999968662858,1.0,0.0,0.2811436951160431,0.31048239056502724,0.22928110038359403,0.039385464042425156,-2.161376476287842,7.207036018371582,0.29144561290740967,0
physx,constant_forward,0,0,1403,14.029999686405063,1.0,0.0,0.27888262271881104,0.29463602466774264,0.240583620217483,0.0175276231020689,0.5301721096038818,8.261881828308105,2.469383478164673,0
physx,constant_forward,0,0,1404,14.039999686181545,1.0,0.0,0.2780108153820038,0.2939196858922407,0.2636134626492286,0.10670065134763718,-0.1722695678472519,9.748226165771484,2.07004976272583,0
physx,constant_forward,0,0,1405,14.049999685958028,1.0,0.0,0.279165118932724,0.3125263513040865,0.2910787528115286,0.1421440690755844,0.609305739402771,10.90450668334961,1.800777792930603,0
physx,constant_forward,0,0,1406,14.05999968573451,1.0,0.0,0.2807796597480774,0.31432295772735963,0.31284375269525755,0.10016030818223953,-1.183948040008545,11.182612419128418,0.7024230360984802,0
physx,constant_forward,0,0,1407,14.069999685510993,1.0,0.0,0.2811565697193146,0.3010340636741042,0.3201892699112888,0.038788534700870514,-0.4104406237602234,9.99254322052002,3.7944772243499756,0
physx,constant_forward,0,0,1408,14.079999685287476,1.0,0.0,0.28083527088165283,0.2947839357959029,0.305204849562425,-0.028907466679811478,1.8375556468963623,9.085618019104004,1.3177913427352905,0
physx,constant_forward,0,0,1409,14.089999685063958,1.0,0.0,0.27971920371055603,0.2956544676321421,0.2820062484410987,-0.033160965889692307,0.0717141404747963,8.319311141967773,1.8192272186279297,0
physx,constant_forward,0,0,1410,14.09999968484044,1.0,0.0,0.2790556848049164,0.31171521160510673,0.2626495198402426,0.014862067066133022,0.8223060369491577,7.22044038772583,2.495393753051758,0
physx,constant_forward,0,0,1411,14.109999684616923,1.0,0.0,0.2779681384563446,0.320229709301266,0.2502971072724397,0.023973433300852776,-2.0794453620910645,7.281345844268799,1.0360760688781738,0
physx,constant_forward,0,0,1412,14.119999684393406,1.0,0.0,0.2762112617492676,0.306449860162111,0.2577585181481328,0.001716462429612875,0.6130882501602173,8.208125114440918,2.356962203979492,0
physx,constant_forward,0,0,1413,14.129999684169888,1.0,0.0,0.2757033109664917,0.3049617873789197,0.27663008210793555,0.08855688571929932,-0.22685547173023224,9.503066062927246,1.8912352323532104,0
physx,constant_forward,0,0,1414,14.139999683946371,1.0,0.0,0.27716064453125,0.3217846396232257,0.2999821708967366,0.12499571591615677,0.5807245373725891,10.673383712768555,1.7607872486114502,0
physx,constant_forward,0,0,1415,14.149999683722854,1.0,0.0,0.2789396643638611,0.3206013461135522,0.3174408893945416,0.07616153359413147,-1.0090736150741577,11.062409400939941,0.7079942226409912,0
physx,constant_forward,0,0,1416,14.159999683499336,1.0,0.0,0.27941933274269104,0.3033003249389671,0.3233440323359016,0.014612582512199879,-0.5870159268379211,9.903097152709961,3.9073002338409424,0
physx,constant_forward,0,0,1417,14.169999683275819,1.0,0.0,0.27923357486724854,0.29481020691137944,0.3071488927012571,-0.05353817343711853,1.9462906122207642,9.042673110961914,1.300489068031311,0
physx,constant_forward,0,0,1418,14.179999683052301,1.0,0.0,0.2785237729549408,0.2986347841364051,0.28330451516661875,-0.04466738551855087,0.17412325739860535,8.316365242004395,1.8254330158233643,0
physx,constant_forward,0,0,1419,14.189999682828784,1.0,0.0,0.277983158826828,0.313195427273085,0.26117840969087003,-0.016263876110315323,0.2681010961532593,7.212863922119141,2.77651047706604,0
physx,constant_forward,0,0,1420,14.199999682605267,1.0,0.0,0.27743005752563477,0.3189335271541616,0.2539874081005065,0.015259725973010063,-2.2910287380218506,7.448083400726318,1.4515877962112427,0
physx,constant_forward,0,0,1421,14.20999968238175,1.0,0.0,0.2766377329826355,0.307118428613905,0.2648622569806968,-0.020177412778139114,0.9515487551689148,8.733064651489258,1.8788282871246338,0
physx,constant_forward,0,0,1422,14.219999682158232,1.0,0.0,0.276790052652359,0.30367016465151425,0.28320865632205183,0.03960500657558441,-0.061601728200912476,9.932210922241211,1.4625900983810425,0
physx,constant_forward,0,0,1423,14.229999681934714,1.0,0.0,0.2780739367008209,0.30878537643085613,0.30019424986115006,0.014901714399456978,1.337929129600525,10.697530746459961,1.0930123329162598,0
physx,constant_forward,0,0,1424,14.239999681711197,1.0,0.0,0.27941638231277466,0.2967883048704037,0.3112525527919519,-0.0029393001459538937,-2.2989931106567383,10.612837791442871,1.373652458190918,0
physx,constant_forward,0,0,1425,14.24999968148768,1.0,0.0,0.2794959247112274,0.28211207153032697,0.30274029075434766,-0.07026191055774689,1.5010535717010498,9.311339378356934,3.863621711730957,0
physx,constant_forward,0,0,1426,14.259999681264162,1.0,0.0,0.27935871481895447,0.2883446330652701,0.2805662924749472,-0.052906136959791183,0.5222892761230469,8.456913948059082,1.6773204803466797,0
physx,constant_forward,0,0,1427,14.269999681040645,1.0,0.0,0.2790718078613281,0.3011815194602758,0.25732919524974873,-0.028327133506536484,-0.4415073096752167,7.4110426902771,2.9576520919799805,0
physx,constant_forward,0,0,1428,14.279999680817127,1.0,0.0,0.2789178788661957,0.30589376535976476,0.2499763941995839,-0.01510729268193245,-1.9117863178253174,7.502413749694824,1.403623104095459,0
physx,constant_forward,0,0,1429,14.28999968059361,1.0,0.0,0.27836889028549194,0.2924378140330723,0.2585064035189783,-0.05289053916931152,0.7668651342391968,8.677715301513672,1.7021526098251343,0
physx,constant_forward,0,0,1430,14.299999680370092,1.0,0.0,0.27835649251937866,0.283211031461557,0.27251940387239754,-0.036137405782938004,1.1976895332336426,9.720090866088867,1.274025559425354,0
physx,constant_forward,0,0,1431,14.309999680146575,1.0,0.0,0.2793804705142975,0.2887890143606797,0.2815900306127025,-0.00617364514619112,0.8511297702789307,10.26025104522705,1.0598450899124146,0
physx,constant_forward,0,0,1432,14.319999679923058,1.0,0.0,0.2809683680534363,0.28932353080917594,0.2819859695313813,0.009954110719263554,-1.401279330253601,10.171819686889648,0.937578558921814,0
physx,constant_forward,0,0,1433,14.32999967969954,1.0,0.0,0.28120943903923035,0.2757862594108989,0.27496095566657097,-0.047731731086969376,-0.014731846749782562,9.129313468933105,2.600795030593872,0
physx,constant_forward,0,0,1434,14.339999679476023,1.0,0.0,0.2805865406990051,0.26689245720315713,0.25592449128243966,-0.08674555271863937,0.3824920654296875,8.511778831481934,0.9903080463409424,0
physx,constant_forward,0,0,1435,14.349999679252505,1.0,0.0,0.2803058624267578,0.27082656553378254,0.24546988822261115,-0.02670815773308277,-0.6206122040748596,8.2972412109375,1.7572216987609863,0
physx,constant_forward,0,0,1436,14.359999679028988,1.0,0.0,0.2812914550304413,0.2878511761368205,0.2435198365436625,0.01132792979478836,0.14908456802368164,8.782149314880371,1.0557974576950073,0
physx,constant_forward,0,0,1437,14.36999967880547,1.0,0.0,0.28252315521240234,0.2958209828449075,0.246837821198428,-0.014639881439507008,-1.4919685125350952,9.233243942260742,0.7027183771133423,0
physx,constant_forward,0,0,1438,14.379999678581953,1.0,0.0,0.2830190360546112,0.28544115450204494,0.24996883995468036,-0.07313410192728043,1.371511459350586,9.649579048156738,1.5708644390106201,0
physx,constant_forward,0,0,1439,14.389999678358436,1.0,0.0,0.2828405201435089,0.2719784653436513,0.24209137573031644,-0.11383865773677826,0.9747259616851807,9.584549903869629,1.2309147119522095,0
physx,constant_forward,0,0,1440,14.399999678134918,1.0,0.0,0.2828633785247803,0.27010692206104214,0.23321556598562934,-0.06421128660440445,0.5956949591636658,9.09941577911377,0.831969141960144,0
physx,constant_forward,0,0,1441,14.4099996779114,1.0,0.0,0.2831239700317383,0.27334857566811077,0.21942922634793616,-0.02434442937374115,0.22270441055297852,8.862199783325195,1.3169925212860107,0
physx,constant_forward,0,0,1442,14.419999677687883,1.0,0.0,0.2846587896347046,0.27587556021516324,0.22047862687567577,0.040189459919929504,-2.1166388988494873,9.15706729888916,2.060661792755127,0
physx,constant_forward,0,0,1443,14.429999677464366,1.0,0.0,0.28564730286598206,0.2685099923676338,0.2316159534623108,-0.012469733133912086,-0.318634957075119,8.839334487915039,2.1083526611328125,0
physx,constant_forward,0,0,1444,14.439999677240849,1.0,0.0,0.2863118648529053,0.2601747459970502,0.2336898163557801,-0.059835679829120636,0.5064458250999451,9.1638765335083,0.5769433975219727,0
physx,constant_forward,0,0,1445,14.449999677017331,1.0,0.0,0.2866811752319336,0.2528324038636001,0.2302031488921115,-0.0892338678240776,0.4435344934463501,9.343277931213379,0.31559833884239197,0
physx,constant_forward,0,0,1446,14.459999676793814,1.0,0.0,0.28703731298446655,0.25641760994837987,0.21629603972746958,-0.10210202634334564,0.413522332906723,8.851522445678711,1.589490532875061,0
physx,constant_forward,0,0,1447,14.469999676570296,1.0,0.0,0.28726834058761597,0.26674900819126224,0.19916555215814366,-0.09428255259990692,0.4542071521282196,7.838083744049072,1.6257857084274292,0
physx,constant_forward,0,0,1448,14.479999676346779,1.0,0.0,0.28707167506217957,0.2741547644232234,0.1887967116299461,-0.09067662060260773,-1.985893964767456,7.382378101348877,0.7448331117630005,0
physx,constant_forward,0,0,1449,14.489999676123261,1.0,0.0,0.2857104241847992,0.2606935462226531,0.18812032277277246,-0.1447179764509201,1.3490413427352905,7.993067264556885,1.4981310367584229,0
physx,constant_forward,0,0,1450,14.499999675899744,1.0,0.0,0.2843531668186188,0.2550117744244804,0.18916712252896328,-0.08124126493930817,0.00676412507891655,8.731590270996094,1.89415442943573,0
physx,constant_forward,0,0,1451,14.509999675676227,1.0,0.0,0.2845882177352905,0.26907409651093867,0.20251550050624112,0.01869584619998932,0.24442529678344727,9.511916160583496,3.4308266639709473,0
physx,constant_forward,0,0,1452,14.51999967545271,1.0,0.0,0.28630566596984863,0.2873143794451206,0.2249206806663683,0.04991770535707474,0.5449925661087036,10.288887023925781,1.3355287313461304,0
physx,constant_forward,0,0,1453,14.529999675229192,1.0,0.0,0.28811904788017273,0.29065062118927754,0.24755758069520117,0.01654757186770439,0.3767567574977875,10.488641738891602,0.24855488538742065,0
physx,constant_forward,0,0,1454,14.539999675005674,1.0,0.0,0.2895437180995941,0.2703585752951196,0.26906336087980726,-0.014531337656080723,-3.042128801345825,10.258109092712402,0.9401938915252686,0
physx,constant_forward,0,0,1455,14.549999674782157,1.0,0.0,0.29007887840270996,0.25426080775400456,0.27280778020156615,-0.07650181651115417,1.5455349683761597,8.933287620544434,3.652811050415039,0
physx,constant_forward,0,0,1456,14.55999967455864,1.0,0.0,0.28991496562957764,0.24560924256916603,0.2578854268566266,-0.09199059754610062,0.09439661353826523,8.65609359741211,1.7478431463241577,0
physx,constant_forward,0,0,1457,14.569999674335122,1.0,0.0,0.29017549753189087,0.25562052767256777,0.23650878747388293,-0.0692247599363327,0.6851677894592285,7.900706768035889,1.8061516284942627,0
physx,constant_forward,0,0,1458,14.579999674111605,1.0,0.0,0.2902454733848572,0.2711281827700295,0.21068669049658445,-0.0496550016105175,0.6329148411750793,7.144765853881836,1.7676401138305664,0
physx,constant_forward,0,0,1459,14.589999673888087,1.0,0.0,0.2898169457912445,0.2807403027463427,0.19468903544169525,-0.03408357501029968,-1.9128942489624023,6.879364967346191,0.3213532865047455,0
physx,constant_forward,0,0,1460,14.59999967366457,1.0,0.0,0.2881273627281189,0.26696732992202377,0.19117226140808044,-0.08394400775432587,1.3069279193878174,7.650160312652588,1.8630292415618896,0
physx,constant_forward,0,0,1461,14.609999673441052,1.0,0.0,0.2863626182079315,0.2598805251841102,0.1929923654528027,-0.02033175155520439,-0.22493691742420197,8.504144668579102,2.0708119869232178,0
physx,constant_forward,0,0,1462,14.619999673217535,1.0,0.0,0.2860845923423767,0.2715712955985235,0.2085305115172488,0.063697949051857,0.4185523986816406,9.473031044006348,3.425213575363159,0
physx,constant_forward,0,0,1463,14.629999672994018,1.0,0.0,0.2872774004936218,0.28812864711588515,0.23392951241488985,0.09608624130487442,0.46676409244537354,10.472681045532227,1.5462161302566528,0
physx,constant_forward,0,0,1464,14.6399996727705,1.0,0.0,0.28859952092170715,0.2906159069168578,0.25859492900557285,0.06125488877296448,0.36582428216934204,10.628010749816895,0.22780048847198486,0
physx,constant_forward,0,0,1465,14.649999672546983,1.0,0.0,0.2896072268486023,0.2704393920776252,0.2805989172728216,0.03205036371946335,-2.8407418727874756,10.36260986328125,0.9631146788597107,0
physx,constant_forward,0,0,1466,14.659999672323465,1.0,0.0,0.2897973656654358,0.2555585858098396,0.2843524428971025,-0.02524230256676674,1.5665931701660156,9.04170036315918,3.479121685028076,0
physx,constant_forward,0,0,1467,14.669999672099948,1.0,0.0,0.28954365849494934,0.25091564883658396,0.26966563019865186,-0.030455760657787323,0.21324393153190613,8.815410614013672,1.7606033086776733,0
physx,constant_forward,0,0,1468,14.67999967187643,1.0,0.0,0.28981614112854004,0.2644964523539837,0.24759038848059348,0.0027959442231804132,0.8670216202735901,7.982388496398926,1.976102352142334,0
physx,constant_forward,0,0,1469,14.689999671652913,1.0,0.0,0.2898678481578827,0.28162220062051335,0.22087204754641945,0.020856428891420364,0.7317506670951843,7.230767726898193,1.83424711227417,0
physx,constant_forward,0,0,1470,14.699999671429396,1.0,0.0,0.28919970989227295,0.2890624613251261,0.20374082807915925,0.02880922704935074,-1.9776146411895752,6.912994384765625,0.3476361632347107,0
physx,constant_forward,0,0,1471,14.709999671205878,1.0,0.0,0.2871633470058441,0.27321401843829346,0.19837539728045656,-0.008319854736328125,1.1597496271133423,7.6444501876831055,1.9720914363861084,0
physx,constant_forward,0,0,1472,14.71999967098236,1.0,0.0,0.2854488492012024,0.26251430777275164,0.20677090890553737,0.07756811380386353,-0.9325926899909973,8.509769439697266,2.3858978748321533,0
physx,constant_forward,0,0,1473,14.729999670758843,1.0,0.0,0.28574302792549133,0.27572652552950716,0.22830974100056822,0.13448265194892883,0.761850893497467,9.802804946899414,1.9380563497543335,0
physx,constant_forward,0,0,1474,14.739999670535326,1.0,0.0,0.28708505630493164,0.29014481058897035,0.25185990782151707,0.13794267177581787,0.5276788473129272,10.753214836120605,1.4675555229187012,0
physx,constant_forward,0,0,1475,14.749999670311809,1.0,0.0,0.2884928286075592,0.2843510400089419,0.27286285101885543,0.10776656866073608,-1.660649061203003,10.707895278930664,0.35191309452056885,0
physx,constant_forward,0,0,1476,14.759999670088291,1.0,0.0,0.28876855969429016,0.2668113806155106,0.28480096196163973,0.051211029291152954,-0.4442134499549866,9.523078918457031,3.137769937515259,0
physx,constant_forward,0,0,1477,14.769999669864774,1.0,0.0,0.2883850932121277,0.2549239770959509,0.272138394876334,-0.025518272072076797,1.6803275346755981,9.163304328918457,0.4774971008300781,0
physx,constant_forward,0,0,1478,14.779999669641256,1.0,0.0,0.28768375515937805,0.25814492732368477,0.2518222761918528,-0.020084191113710403,0.16389888525009155,8.523648262023926,2.4915287494659424,0
physx,constant_forward,0,0,1479,14.789999669417739,1.0,0.0,0.28711917996406555,0.2755763738621785,0.22727194592897418,0.009906592778861523,0.825517475605011,7.030453681945801,2.9201886653900146,0
physx,constant_forward,0,0,1480,14.799999669194221,1.0,0.0,0.28652313351631165,0.293693916725149,0.20707428788870444,0.042964909225702286,0.5989577770233154,7.056583404541016,0.9460061192512512,0
physx,constant_forward,0,0,1481,14.809999668970704,1.0,0.0,0.28496187925338745,0.2936905272427469,0.2032206189583776,0.009463907219469547,-0.8743327260017395,6.983355522155762,0.37460705637931824,0
physx,constant_forward,0,0,1482,14.819999668747187,1.0,0.0,0.28243517875671387,0.27901535688187373,0.20391202247325366,0.009111782535910606,0.23129165172576904,8.044492721557617,2.126549482345581,0
physx,constant_forward,0,0,1483,14.82999966852367,1.0,0.0,0.28130021691322327,0.281062139102664,0.22187159037106646,0.11563637107610703,-0.18285298347473145,9.330772399902344,2.516716480255127,0
physx,constant_forward,0,0,1484,14.839999668300152,1.0,0.0,0.2821173369884491,0.2986352269648065,0.24767113964590173,0.15494392812252045,0.6547379493713379,10.635649681091309,2.081967353820801,0
physx,constant_forward,0,0,1485,14.849999668076634,1.0,0.0,0.28350090980529785,0.3075780455255499,0.27338576340229315,0.12630902230739594,0.4932791590690613,11.000776290893555,0.591299831867218,0
physx,constant_forward,0,0,1486,14.859999667853117,1.0,0.0,0.2845938801765442,0.29050177804042127,0.2973379969094353,0.09258933365345001,-2.9575767517089844,10.739179611206055,0.7312188148498535,0
physx,constant_forward,0,0,1487,14.8699996676296,1.0,0.0,0.2846270203590393,0.2724450827546867,0.3033303322375537,0.01528218388557434,1.8168736696243286,9.20345687866211,3.866381883621216,0
physx,constant_forward,0,0,1488,14.879999667406082,1.0,0.0,0.2839815318584442,0.27165433641081865,0.2871525059060596,-0.030291659757494926,0.5369245409965515,8.543973922729492,2.0639216899871826,0
physx,constant_forward,0,0,1489,14.889999667182565,1.0,0.0,0.2831391394138336,0.2838501275365044,0.267453733211626,0.0027886335738003254,0.5889999866485596,7.385584354400635,2.0053560733795166,0
physx,constant_forward,0,0,1490,14.899999666959047,1.0,0.0,0.282470166683197,0.3033028229298774,0.2477388265709464,0.03950272500514984,0.7545555830001831,7.064533233642578,1.5555120706558228,0
physx,constant_forward,0,0,1491,14.90999966673553,1.0,0.0,0.28134822845458984,0.31252491853698866,0.23598261693483752,0.04619750380516052,-1.7347939014434814,7.1459197998046875,0.160797119140625,0
physx,constant_forward,0,0,1492,14.919999666512012,1.0,0.0,0.27920013666152954,0.2960558706398359,0.24206339253109352,0.014377281069755554,0.6129744052886963,8.167045593261719,2.3443527221679688,0
physx,constant_forward,0,0,1493,14.929999666288495,1.0,0.0,0.27797478437423706,0.28872828228278274,0.2606422693328409,0.09174337238073349,-0.3758513927459717,9.459212303161621,1.96873939037323,0
physx,constant_forward,0,0,1494,14.939999666064978,1.0,0.0,0.2789505422115326,0.30566631893404295,0.28548667507484043,0.13883242011070251,0.685446560382843,10.685251235961914,1.849817156791687,0
physx,constant_forward,0,0,1495,14.94999966584146,1.0,0.0,0.28068244457244873,0.31908616132677853,0.30514494586403157,0.11581583321094513,0.5793768167495728,11.159406661987305,1.041327714920044,0
physx,constant_forward,0,0,1496,14.959999665617943,1.0,0.0,0.2818819582462311,0.3012393526639759,0.32057760909245997,0.06517204642295837,-2.7049708366394043,10.8228120803833,0.549785315990448,0
physx,constant_forward,0,0,1497,14.969999665394425,1.0,0.0,0.2821333110332489,0.2859487366960163,0.3177740395386982,-0.0008299882174469531,1.7733553647994995,9.302096366882324,4.993444919586182,0
physx,constant_forward,0,0,1498,14.979999665170908,1.0,0.0,0.2813350558280945,0.2838716161003399,0.29454116049221224,-0.05324876680970192,0.6265597343444824,8.148200035095215,2.1121761798858643,0
physx,constant_forward,0,0,1499,14.98999966494739,1.0,0.0,0.2803049087524414,0.2941827929283812,0.27254165411052356,-0.020290862768888474,0.4301415979862213,7.2462687492370605,1.6667615175247192,0
physx,constant_forward,0,0,1500,14.999999664723873,1.0,0.0,0.27930328249931335,0.30974107418432906,0.2525811774718595,0.007696593180298805,0.07027807831764221,7.028676509857178,1.5315853357315063,0
physx,constant_forward,0,0,1501,15.009999664500356,1.0,0.0,0.277576208114624,0.30382753213991237,0.2524802898953213,-0.008004456758499146,-1.427500605583191,7.448100566864014,1.4150515794754028,0
physx,constant_forward,0,0,1502,15.019999664276838,1.0,0.0,0.27610915899276733,0.2950561461943079,0.26377164753490345,0.013549896888434887,0.4895927309989929,8.927024841308594,2.238008975982666,0
physx,constant_forward,0,0,1503,15.02999966405332,1.0,0.0,0.2766534686088562,0.3077942796180193,0.28532132055380355,0.09751231968402863,0.10114576667547226,10.397832870483398,2.020435094833374,0
physx,constant_forward,0,0,1504,15.039999663829803,1.0,0.0,0.278199166059494,0.32027140675324967,0.30412646654026887,0.05816468223929405,1.3791303634643555,11.040547370910645,1.1059789657592773,0
physx,constant_forward,0,0,1505,15.049999663606286,1.0,0.0,0.2793066203594208,0.30458206247842984,0.31619692946167605,0.02499981038272381,-2.7155954837799072,10.690262794494629,1.4544310569763184,0
physx,constant_forward,0,0,1506,15.059999663382769,1.0,0.0,0.27914467453956604,0.28620963531525595,0.31099485256910453,-0.03905101493000984,1.5543516874313354,9.263484954833984,4.609745502471924,0
physx,constant_forward,0,0,1507,15.069999663159251,1.0,0.0,0.2784218192100525,0.2869700891906022,0.2905678770091227,-0.05096631124615669,0.350457102060318,8.353899955749512,1.7657983303070068,0
physx,constant_forward,0,0,1508,15.079999662935734,1.0,0.0,0.2781161069869995,0.30415828611650725,0.27296848957799213,-0.009853791445493698,0.6786769032478333,7.4439592361450195,2.581876039505005,0
physx,constant_forward,0,0,1509,15.089999662712216,1.0,0.0,0.27723321318626404,0.31201415952627143,0.2600557474881345,-0.014748387038707733,-1.8916717767715454,7.4310383796691895,0.9957334995269775,0
physx,constant_forward,0,0,1510,15.099999662488699,1.0,0.0,0.275556355714798,0.29655094304197627,0.2662439292761247,-0.041402269154787064,0.6377589702606201,8.27266788482666,2.2007319927215576,0
physx,constant_forward,0,0,1511,15.109999662265182,1.0,0.0,0.2750464975833893,0.2940891984809179,0.28302410931511784,0.04666801542043686,-0.2781113386154175,9.449190139770508,1.746641755104065,0
physx,constant_forward,0,0,1512,15.119999662041664,1.0,0.0,0.27633172273635864,0.3087686584131355,0.30361148975254804,0.06111392006278038,1.4977684020996094,10.583276748657227,1.8071976900100708,0
physx,constant_forward,0,0,1513,15.129999661818147,1.0,0.0,0.2780402600765228,0.30943381133357656,0.3158223943703311,0.04873016104102135,-1.366421103477478,10.824152946472168,1.1408753395080566,0
physx,constant_forward,0,0,1514,15.13999966159463,1.0,0.0,0.2783007323741913,0.29263148260795513,0.31641771312666517,-0.011750157922506332,-0.276037335395813,9.738174438476562,3.4995412826538086,0
physx,constant_forward,0,0,1515,15.149999661371112,1.0,0.0,0.2779772877693176,0.2860050087778387,0.2988708060724391,-0.07458946853876114,1.746260166168213,8.931187629699707,0.9926812052726746,0
physx,constant_forward,0,0,1516,15.159999661147594,1.0,0.0,0.2773774266242981,0.2939010868831408,0.2767416716469177,-0.0445181168615818,-0.3266555368900299,8.339309692382812,1.3935800790786743,0
physx,constant_forward,0,0,1517,15.169999660924077,1.0,0.0,0.27724018692970276,0.3085256407471944,0.2633349342782377,-0.0047156233340501785,-0.12880650162696838,7.741384506225586,3.1286191940307617,0
physx,constant_forward,0,0,1518,15.17999966070056,1.0,0.0,0.2771807610988617,0.30887615575345995,0.26735266711154554,-0.02119913138449192,-1.1529721021652222,8.416895866394043,0.9940807223320007,0
physx,constant_forward,0,0,1519,15.189999660477042,1.0,0.0,0.2771669626235962,0.30115776921497406,0.27705485327409674,-0.04639511555433273,0.7859344482421875,9.557756423950195,1.3912278413772583,0
physx,constant_forward,0,0,1520,15.199999660253525,1.0,0.0,0.27784398198127747,0.2977873340564893,0.2887965274635903,-0.024882515892386436,0.6913567185401917,10.302009582519531,0.9017801284790039,0
physx,constant_forward,0,0,1521,15.209999660030007,1.0,0.0,0.2795449197292328,0.30281358103354417,0.2924718337119962,-0.011415926739573479,1.1023955345153809,10.310232162475586,1.4138603210449219,0
physx,constant_forward,0,0,1522,15.21999965980649,1.0,0.0,0.28136709332466125,0.2971725211917255,0.28380973994866177,-0.004974438808858395,-1.5411170721054077,9.871582984924316,0.9594007134437561,0
physx,constant_forward,0,0,1523,15.229999659582973,1.0,0.0,0.2815744876861572,0.2783210403272197,0.26856893271151666,-0.05097357928752899,-0.1595594733953476,8.600610733032227,2.799377679824829,0
physx,constant_forward,0,0,1524,15.239999659359455,1.0,0.0,0.28124865889549255,0.264294062735687,0.2504172682617499,-0.07220458984375,-0.12832435965538025,8.091641426086426,1.293845772743225,0
physx,constant_forward,0,0,1525,15.249999659135938,1.0,0.0,0.28174105286598206,0.26673526461556835,0.2438003666136514,-0.018965082243084908,-0.4872967302799225,8.464200973510742,0.7465041279792786,0
physx,constant_forward,0,0,1526,15.25999965891242,1.0,0.0,0.2828740179538727,0.27502166888832513,0.239254116918482,-0.04757222533226013,1.0544308423995972,8.946637153625488,1.1704835891723633,0
physx,constant_forward,0,0,1527,15.269999658688903,1.0,0.0,0.2830284833908081,0.2696186287962601,0.23714957084678814,-0.10487930476665497,-1.755133867263794,8.941621780395508,1.706997275352478,0
physx,constant_forward,0,0,1528,15.279999658465385,1.0,0.0,0.2823178470134735,0.2568729292933109,0.22959941958570834,-0.16937929391860962,1.8845629692077637,8.96446704864502,1.579081654548645,0
physx,constant_forward,0,0,1529,15.289999658241868,1.0,0.0,0.28179189562797546,0.25767869562158346,0.22347376496256346,-0.11174297332763672,0.3918643593788147,9.2763090133667,1.6002715826034546,0
physx,constant_forward,0,0,1530,15.29999965801835,1.0,0.0,0.2822803556919098,0.27310362038759645,0.2190253497733563,-0.05381200462579727,1.2141321897506714,9.054245948791504,2.3963098526000977,0
physx,constant_forward,0,0,1531,15.309999657794833,1.0,0.0,0.28279224038124084,0.2787930974026448,0.21372923504740568,-0.02086827903985977,0.07617455720901489,9.41741943359375,0.721919059753418,0
physx,constant_forward,0,0,1532,15.319999657571316,1.0,0.0,0.2838582694530487,0.26950255956197217,0.22661225980087754,-0.012502222321927547,-2.736262083053589,9.63231086730957,1.821506381034851,0
physx,constant_forward,0,0,1533,15.329999657347798,1.0,0.0,0.28431254625320435,0.25804582802867754,0.23826479062960576,-0.06611371040344238,1.0328458547592163,8.969599723815918,3.2452564239501953,0
physx,constant_forward,0,0,1534,15.339999657124281,1.0,0.0,0.28500741720199585,0.258881880529332,0.24290632690332395,-0.03053176775574684,-0.6702311635017395,9.307801246643066,1.3272818326950073,0
physx,constant_forward,0,0,1535,15.349999656900764,1.0,0.0,0.2860307991504669,0.26526427890130905,0.23885687418791754,-0.06505697220563889,0.9694356918334961,9.503626823425293,0.8762825727462769,0
physx,constant_forward,0,0,1536,15.359999656677246,1.0,0.0,0.28695788979530334,0.27409711596915665,0.22670203349600102,-0.07719087600708008,0.29757052659988403,9.010727882385254,1.939273715019226,0
physx,constant_forward,0,0,1537,15.369999656453729,1.0,0.0,0.28728994727134705,0.2796899758286591,0.20976209337423676,-0.08783088624477386,0.3736007511615753,7.915826320648193,1.5954140424728394,0
physx,constant_forward,0,0,1538,15.379999656230211,1.0,0.0,0.2864864468574524,0.2730093475729188,0.20214260098808626,-0.1223849207162857,-0.9889006614685059,7.380706787109375,0.7782870531082153,0
physx,constant_forward,0,0,1539,15.389999656006694,1.0,0.0,0.2850191593170166,0.261227498591175,0.19716776140896994,-0.11348536610603333,0.6886702179908752,7.900059223175049,1.1485556364059448,0
physx,constant_forward,0,0,1540,15.399999655783176,1.0,0.0,0.28421464562416077,0.263775645999499,0.19754327934930202,-0.004671166650950909,-0.3004303574562073,8.547338485717773,1.0016577243804932,0
physx,constant_forward,0,0,1541,15.409999655559659,1.0,0.0,0.2851105034351349,0.28048207673922976,0.2084294786869005,0.07479845732450485,0.4693151116371155,9.409048080444336,2.9973104000091553,0
physx,constant_forward,0,0,1542,15.419999655336142,1.0,0.0,0.2869492173194885,0.2928618206175785,0.22743900908858106,0.08095484972000122,0.453765869140625,10.133509635925293,1.1295636892318726,0
physx,constant_forward,0,0,1543,15.429999655112624,1.0,0.0,0.28878629207611084,0.2835608772428129,0.24934576093004157,0.050333548337221146,-1.8670817613601685,10.293228149414062,0.4490320086479187,0
physx,constant_forward,0,0,1544,15.439999654889107,1.0,0.0,0.28946128487586975,0.26338132489475863,0.2646592871547664,-0.006013646721839905,-0.4246915280818939,9.286760330200195,3.2070202827453613,0
physx,constant_forward,0,0,1545,15.44999965466559,1.0,0.0,0.28951823711395264,0.24936491639814404,0.2579547715582236,-0.08076409250497818,1.3411355018615723,9.160273551940918,0.4030989706516266,0
physx,constant_forward,0,0,1546,15.459999654442072,1.0,0.0,0.28902706503868103,0.24846950994272304,0.24092840447734026,-0.08800005912780762,0.04977937787771225,8.588809967041016,2.20243501663208,0
physx,constant_forward,0,0,1547,15.469999654218554,1.0,0.0,0.28859007358551025,0.2623062475882577,0.22072999186798395,-0.05891057476401329,0.6806184649467468,7.199941158294678,2.571629762649536,0
physx,constant_forward,0,0,1548,15.479999653995037,1.0,0.0,0.2882271409034729,0.280864478002783,0.20407321180597532,-0.01265679206699133,0.6392253041267395,7.041750907897949,1.0582271814346313,0
physx,constant_forward,0,0,1549,15.48999965377152,1.0,0.0,0.287667840719223,0.2938183671083893,0.19747407250870988,0.006726053077727556,-1.8303091526031494,7.016960144042969,0.33358854055404663,0
physx,constant_forward,0,0,1550,15.499999653548002,1.0,0.0,0.28587469458580017,0.2811801529100296,0.2001985984821456,-0.029416194185614586,1.1057724952697754,8.026850700378418,2.0030431747436523,0
physx,constant_forward,0,0,1551,15.509999653324485,1.0,0.0,0.2843709886074066,0.26992109877167997,0.21409707045114865,0.047251373529434204,-0.8423249125480652,9.056600570678711,2.376521348953247,0
physx,constant_forward,0,0,1552,15.519999653100967,1.0,0.0,0.284887433052063,0.2817779739163798,0.23934887416235792,0.10417851060628891,0.691924512386322,10.178630828857422,1.666799783706665,0
physx,constant_forward,0,0,1553,15.52999965287745,1.0,0.0,0.2865086793899536,0.29624874741822416,0.2639737514515176,0.10905597358942032,0.5014511346817017,10.881867408752441,1.3904521465301514,0
physx,constant_forward,0,0,1554,15.539999652653933,1.0,0.0,0.28802254796028137,0.2956950176517875,0.2818706891638357,0.07046284526586533,0.3606500029563904,10.732539176940918,0.33809608221054077,0
physx,constant_forward,0,0,1555,15.549999652430415,1.0,0.0,0.2892170548439026,0.2739916920012926,0.2958203121026982,0.043713200837373734,-2.96594500541687,10.264376640319824,0.9392620325088501,0
physx,constant_forward,0,0,1556,15.559999652206898,1.0,0.0,0.2892964780330658,0.2550842140253488,0.2889320270160096,-0.03646241873502731,2.2697715759277344,8.81789779663086,3.5556907653808594,0
physx,constant_forward,0,0,1557,15.56999965198338,1.0,0.0,0.28880947828292847,0.257982585467672,0.26560638177229684,-0.03939889743924141,0.013750620186328888,8.033537864685059,2.700023651123047,0
physx,constant_forward,0,0,1558,15.579999651759863,1.0,0.0,0.2883210778236389,0.2743633669076153,0.24069511254954665,-0.0073201777413487434,0.7262097001075745,6.738321304321289,3.2346608638763428,0
physx,constant_forward,0,0,1559,15.589999651536345,1.0,0.0,0.28748762607574463,0.28875734557481325,0.21820089418243654,0.01319950819015503,0.6653800010681152,6.971980094909668,1.1205739974975586,0
physx,constant_forward,0,0,1560,15.599999651312828,1.0,0.0,0.2860877811908722,0.2947487758101477,0.20679696796181737,0.020265337079763412,-1.816370964050293,6.928141117095947,0.5991559028625488,0
physx,constant_forward,0,0,1561,15.60999965108931,1.0,0.0,0.28378087282180786,0.2790080001506511,0.21479581971317427,-0.0038237227126955986,0.4981647729873657,8.099756240844727,2.4164295196533203,0
physx,constant_forward,0,0,1562,15.619999650865793,1.0,0.0,0.28260618448257446,0.27458745245235516,0.2368007001053595,0.07738814502954483,-0.1062154620885849,9.501789093017578,2.018434524536133,0
physx,constant_forward,0,0,1563,15.629999650642276,1.0,0.0,0.28351008892059326,0.29198976369571905,0.26474681049526977,0.1269989013671875,0.6264421343803406,10.746382713317871,1.8321900367736816,0
physx,constant_forward,0,0,1564,15.639999650418758,1.0,0.0,0.2850865125656128,0.3043881886022043,0.2875414675009774,0.10330547392368317,0.5139822363853455,11.105817794799805,0.8748727440834045,0
physx,constant_forward,0,0,1565,15.649999650195241,1.0,0.0,0.28638994693756104,0.28996841624860126,0.3065561075256399,0.07202373445034027,-2.75411319732666,10.739389419555664,0.599709689617157,0
physx,constant_forward,0,0,1566,15.659999649971724,1.0,0.0,0.28657805919647217,0.2726722650977747,0.30720475226989413,-0.0036052591167390347,1.9154727458953857,9.085463523864746,3.8956384658813477,0
physx,constant_forward,0,0,1567,15.669999649748206,1.0,0.0,0.28600013256073,0.2710089138898109,0.28676875567496063,-0.04590962082147598,0.4044640362262726,8.430644989013672,2.215102434158325,0
physx,constant_forward,0,0,1568,15.679999649524689,1.0,0.0,0.28523123264312744,0.2826296018288541,0.2636940164279799,-0.009418602101504803,0.66646409034729,7.265219211578369,2.0519561767578125,0
physx,constant_forward,0,0,1569,15.689999649301171,1.0,0.0,0.28463849425315857,0.30206430006345564,0.2418223916166814,0.030301209539175034,0.7346031665802002,7.0033369064331055,1.5668429136276245,0
physx,constant_forward,0,0,1570,15.699999649077654,1.0,0.0,0.2835615575313568,0.31094930105084156,0.22870259388490005,0.03749694675207138,-1.7427867650985718,7.0884270668029785,0.16449791193008423,0
physx,constant_forward,0,0,1571,15.709999648854136,1.0,0.0,0.2814139127731323,0.29375109871454286,0.23366884909918215,0.006737826392054558,0.6784089207649231,8.055450439453125,2.3066458702087402,0
physx,constant_forward,0,0,1572,15.719999648630619,1.0,0.0,0.2802315354347229,0.2864105208238036,0.2519127558708481,0.08922204375267029,-0.4200887382030487,9.360696792602539,1.9754663705825806,0
physx,constant_forward,0,0,1573,15.729999648407102,1.0,0.0,0.28121569752693176,0.30296569012838626,0.2767222758502377,0.13713443279266357,0.6966778039932251,10.602715492248535,1.8757344484329224,0
physx,constant_forward,0,0,1574,15.739999648183584,1.0,0.0,0.2829262614250183,0.3155685343092019,0.2967842726642734,0.1152096763253212,0.5503305792808533,11.100895881652832,1.032211422920227,0
physx,constant_forward,0,0,1575,15.749999647960067,1.0,0.0,0.2840777337551117,0.29706378035310055,0.31210906764857743,0.06404794007539749,-2.565570116043091,10.765210151672363,0.5793669819831848,0
physx,constant_forward,0,0,1576,15.75999964773655,1.0,0.0,0.28424882888793945,0.28108518620239364,0.3088653246726578,-0.0012533176923170686,1.7093636989593506,9.267701148986816,4.900345802307129,0
physx,constant_forward,0,0,1577,15.769999647513032,1.0,0.0,0.28338760137557983,0.27877097441112014,0.28584441396146315,-0.04375188425183296,0.49575141072273254,8.13652515411377,2.044034957885742,0
physx,constant_forward,0,0,1578,15.779999647289515,1.0,0.0,0.28244951367378235,0.29100831128177324,0.2640835956874195,-0.005284677259624004,0.5677840113639832,7.193221569061279,1.8443303108215332,0
physx,constant_forward,0,0,1579,15.789999647065997,1.0,0.0,0.28152358531951904,0.3076212377925653,0.24423257581024282,0.02499718964099884,0.09264758229255676,7.028559684753418,1.498233675956726,0
physx,constant_forward,0,0,1580,15.79999964684248,1.0,0.0,0.27977389097213745,0.3014134585385185,0.24373111368988035,0.00905245915055275,-1.4957982301712036,7.346649169921875,1.3525112867355347,0
physx,constant_forward,0,0,1581,15.809999646618962,1.0,0.0,0.2782047390937805,0.29152915647874567,0.25454104886064494,0.02951285056769848,0.48618629574775696,8.77426528930664,2.2769651412963867,0
physx,constant_forward,0,0,1582,15.819999646395445,1.0,0.0,0.2786075174808502,0.3032681162346281,0.2760095216140242,0.11566857993602753,0.12780189514160156,10.300739288330078,2.084475517272949,0
physx,constant_forward,0,0,1583,15.829999646171927,1.0,0.0,0.28007441759109497,0.3160760493656935,0.295053818724474,0.08026698976755142,1.4028476476669312,11.008896827697754,1.1923682689666748,0
physx,constant_forward,0,0,1584,15.83999964594841,1.0,0.0,0.2811049520969391,0.30089361269215903,0.3071940765781287,0.04675859585404396,-2.569031238555908,10.674226760864258,1.449317455291748,0
physx,constant_forward,0,0,1585,15.849999645724893,1.0,0.0,0.2808253765106201,0.28237292147677195,0.30205043585682123,-0.017853768542408943,1.475778579711914,9.260048866271973,4.539669036865234,0
physx,constant_forward,0,0,1586,15.859999645501375,1.0,0.0,0.27997031807899475,0.2825203958615387,0.28204619984131446,-0.030134819447994232,0.3209470510482788,8.354783058166504,1.7051477432250977,0
physx,constant_forward,0,0,1587,15.869999645277858,1.0,0.0,0.27954673767089844,0.29977536126403376,0.2650743165179954,0.012733434326946735,0.6897794008255005,7.437586784362793,2.5414979457855225,0
physx,constant_forward,0,0,1588,15.87999964505434,1.0,0.0,0.2787380516529083,0.31213968969260625,0.25011685490344593,0.0308663472533226,-0.4097999334335327,7.399814128875732,1.0426883697509766,0
physx,constant_forward,0,0,1589,15.889999644830823,1.0,0.0,0.2774260342121124,0.305449778876655,0.254459430096745,0.01650112494826317,-1.4579352140426636,7.670855522155762,1.6127318143844604,0
physx,constant_forward,0,0,1590,15.899999644607306,1.0,0.0,0.27631938457489014,0.29601563882064935,0.2685150741718712,0.02154615707695484,0.6385951042175293,9.160568237304688,2.0916860103607178,0
physx,constant_forward,0,0,1591,15.909999644383788,1.0,0.0,0.27662894129753113,0.3013284162997856,0.289651848892994,0.05755717679858208,1.1658855676651,10.442946434020996,1.7652419805526733,0
physx,constant_forward,0,0,1592,15.91999964416027,1.0,0.0,0.2777053415775299,0.3092367767443945,0.30300315096731056,0.04969896376132965,1.006273865699768,10.96141529083252,0.967889666557312,0
physx,constant_forward,0,0,1593,15.929999643936753,1.0,0.0,0.2786613404750824,0.2966584100990778,0.3092636384228933,0.029456477612257004,-2.2040858268737793,10.583067893981934,0.9035473465919495,0
physx,constant_forward,0,0,1594,15.939999643713236,1.0,0.0,0.2784789204597473,0.28264071032903837,0.2993566498053675,-0.034743502736091614,1.653790831565857,9.201923370361328,3.7707560062408447,0
physx,constant_forward,0,0,1595,15.949999643489718,1.0,0.0,0.27790600061416626,0.2875361335824858,0.2781728145569052,-0.019401974976062775,-0.35525819659233093,8.366116523742676,1.7363866567611694,0
physx,constant_forward,0,0,1596,15.959999643266201,1.0,0.0,0.2779270112514496,0.3033794558954493,0.2657625202302839,0.03256482258439064,-0.2622631788253784,7.806011199951172,3.3995418548583984,0
physx,constant_forward,0,0,1597,15.969999643042684,1.0,0.0,0.2784311771392822,0.31286431164013956,0.26587014836579276,0.029449068009853363,-1.5890461206436157,8.440272331237793,0.97758948802948,0
physx,constant_forward,0,0,1598,15.979999642819166,1.0,0.0,0.2785397469997406,0.30242976909004676,0.2775055225842634,-0.014938097447156906,0.6504690051078796,9.508024215698242,1.2913687229156494,0
physx,constant_forward,0,0,1599,15.989999642595649,1.0,0.0,0.27869683504104614,0.2890299323002962,0.287457711807245,-0.055382587015628815,1.5793827772140503,10.068944931030273,0.7323898077011108,0
physx,constant_forward,0,0,1600,15.999999642372131,1.0,0.0,0.2794414162635803,0.2888206977486147,0.2886609093434299,-0.024615159258246422,0.683314323425293,10.184500694274902,1.549052357673645,0
physx,constant_forward,0,0,1601,16.009999642148614,1.0,0.0,0.28064537048339844,0.2948811255094622,0.2769493933018669,-0.013497129082679749,1.1107895374298096,9.650103569030762,1.7132539749145508,0
physx,constant_forward,0,0,1602,16.019999641925097,1.0,0.0,0.28146520256996155,0.2823028487638874,0.2640717656426546,-0.01821419596672058,-1.824615716934204,9.306995391845703,0.9023707509040833,0
physx,constant_forward,0,0,1603,16.02999964170158,1.0,0.0,0.28114959597587585,0.2636991504913292,0.2506279960089043,-0.06119586154818535,0.5131880044937134,8.242645263671875,2.609941244125366,0
physx,constant_forward,0,0,1604,16.03999964147806,1.0,0.0,0.28117620944976807,0.2583263324808717,0.2438767035722994,-0.0221389327198267,-0.7770602703094482,8.53956127166748,1.2321795225143433,0
physx,constant_forward,0,0,1605,16.049999641254544,1.0,0.0,0.2823827564716339,0.2703993904974443,0.24257104394348109,-0.0040580881759524345,0.06412404030561447,9.033865928649902,1.3342565298080444,0
physx,constant_forward,0,0,1606,16.059999641031027,1.0,0.0,0.2833988666534424,0.27206983567012677,0.24273715723368874,-0.0621749609708786,-1.3801295757293701,9.458268165588379,0.8579003810882568,0
physx,constant_forward,0,0,1607,16.06999964080751,1.0,0.0,0.2837248742580414,0.25978780152807257,0.24634727632445175,-0.12095259130001068,0.7484532594680786,9.869359970092773,1.6095219850540161,0
physx,constant_forward,0,0,1608,16.079999640583992,1.0,0.0,0.2836293876171112,0.2495083642839242,0.23763183512017727,-0.1586078703403473,1.3044049739837646,9.708806991577148,0.9145554304122925,0
physx,constant_forward,0,0,1609,16.089999640360475,1.0,0.0,0.283904492855072,0.25330584729255506,0.22813453160146863,-0.10534659773111343,0.6463509202003479,9.220232009887695,0.9218724370002747,0
physx,constant_forward,0,0,1610,16.099999640136957,1.0,0.0,0.284529447555542,0.2622951934454628,0.21306875796282748,-0.07197771221399307,0.607105553150177,8.787592887878418,1.4452427625656128,0
physx,constant_forward,0,0,1611,16.10999963991344,1.0,0.0,0.2857901453971863,0.2617473577332445,0.21201106370275158,-0.006478117313235998,-2.2692983150482178,8.929986000061035,1.9086954593658447,0
physx,constant_forward,0,0,1612,16.119999639689922,1.0,0.0,0.2865857481956482,0.25425006634704567,0.2230256710252805,-0.05968131124973297,-0.07387427985668182,8.636741638183594,2.2906057834625244,0
physx,constant_forward,0,0,1613,16.129999639466405,1.0,0.0,0.2870646119117737,0.24705324585666522,0.22447984884875571,-0.08510781079530716,-0.23283642530441284,9.042726516723633,0.6123237013816833,0
physx,constant_forward,0,0,1614,16.139999639242887,1.0,0.0,0.28780126571655273,0.24819277734078599,0.2222550451223793,-0.09364131838083267,0.7152944207191467,9.30012321472168,0.3584662973880768,0
physx,constant_forward,0,0,1615,16.14999963901937,1.0,0.0,0.28845617175102234,0.25662991174499455,0.2080711759130287,-0.11021087318658829,0.4253779649734497,8.915409088134766,1.5867027044296265,0
physx,constant_forward,0,0,1616,16.159999638795853,1.0,0.0,0.28876927495002747,0.2662827214808661,0.1914745090901659,-0.11040497571229935,0.29263246059417725,7.915664196014404,1.4954555034637451,0
physx,constant_forward,0,0,1617,16.169999638572335,1.0,0.0,0.28850308060646057,0.27122922863452154,0.1812034880159586,-0.11119071394205093,-1.9449681043624878,7.401157855987549,0.6974694132804871,0
physx,constant_forward,0,0,1618,16.179999638348818,1.0,0.0,0.28706878423690796,0.2569358808966061,0.18031034412234542,-0.1618829071521759,1.4495394229888916,7.965676784515381,1.3724286556243896,0
physx,constant_forward,0,0,1619,16.1899996381253,1.0,0.0,0.2857302725315094,0.2530420249242665,0.18128970808027,-0.08309456706047058,-0.39110326766967773,8.688499450683594,1.837011694908142,0
physx,constant_forward,0,0,1620,16.199999637901783,1.0,0.0,0.28603601455688477,0.2692637440342622,0.1940396087124325,0.011144526302814484,0.32531630992889404,9.419832229614258,3.5052058696746826,0
physx,constant_forward,0,0,1621,16.209999637678266,1.0,0.0,0.2878033518791199,0.28857627359661836,0.21603797972872527,0.04492294788360596,0.4943024814128876,10.205056190490723,1.3266459703445435,0
physx,constant_forward,0,0,1622,16.219999637454748,1.0,0.0,0.28960779309272766,0.29165092722594416,0.2382182466387138,0.011079397983849049,0.34463798999786377,10.401613235473633,0.2520488500595093,0
physx,constant_forward,0,0,1623,16.22999963723123,1.0,0.0,0.291037917137146,0.27130908721656466,0.2594484681555272,-0.019734768196940422,-2.88814640045166,10.179286003112793,0.9532843828201294,0
physx,constant_forward,0,0,1624,16.239999637007713,1.0,0.0,0.29156044125556946,0.2544987043433495,0.2631162682201971,-0.07914173603057861,1.3329464197158813,8.873851776123047,3.592705249786377,0
physx,constant_forward,0,0,1625,16.249999636784196,1.0,0.0,0.29143062233924866,0.24518576816410279,0.2486613623163943,-0.09438788145780563,0.10751592367887497,8.626510620117188,1.6471291780471802,0
physx,constant_forward,0,0,1626,16.25999963656068,1.0,0.0,0.29171955585479736,0.2547026952211352,0.22726627366216426,-0.07068262994289398,0.6954098343849182,7.849483489990234,1.8754444122314453,0
physx,constant_forward,0,0,1627,16.26999963633716,1.0,0.0,0.2917978763580322,0.2696286554087472,0.2015673631390832,-0.050677862018346786,0.6086236238479614,7.093403339385986,1.7793041467666626,0
physx,constant_forward,0,0,1628,16.279999636113644,1.0,0.0,0.29156020283699036,0.282226994765097,0.1823300487592784,-0.016014602035284042,0.453939825296402,6.829026699066162,0.3118034601211548,0
physx,constant_forward,0,0,1629,16.289999635890126,1.0,0.0,0.2903318405151367,0.27918327675003685,0.17897944034902544,-0.053682900965213776,-0.9311643242835999,6.976830005645752,0.3593163788318634,0
physx,constant_forward,0,0,1630,16.29999963566661,1.0,0.0,0.28830939531326294,0.26525895284779016,0.18222608994730366,-0.04614586383104324,0.48916903138160706,8.011796951293945,2.0135061740875244,0
physx,constant_forward,0,0,1631,16.30999963544309,1.0,0.0,0.2869073152542114,0.26484014446919957,0.19210929635216734,0.037845004349946976,-0.37223362922668457,9.074289321899414,1.4620351791381836,0
physx,constant_forward,0,0,1632,16.319999635219574,1.0,0.0,0.2873190641403198,0.28035121417348785,0.21426789236363825,0.09511777758598328,0.7117676138877869,10.297514915466309,2.9949793815612793,0
physx,constant_forward,0,0,1633,16.329999634996057,1.0,0.0,0.288582444190979,0.29052624922325104,0.2412279482232085,0.0897923931479454,0.497542142868042,10.7500581741333,0.8043824434280396,0
physx,constant_forward,0,0,1634,16.33999963477254,1.0,0.0,0.2900266647338867,0.28274971986746233,0.26603336665652516,0.07110651582479477,-1.739121675491333,10.573622703552246,0.47687795758247375,0
physx,constant_forward,0,0,1635,16.34999963454902,1.0,0.0,0.2905263304710388,0.2666937154594848,0.27864412442275266,0.01615987904369831,-0.43025317788124084,9.390267372131348,2.9194087982177734,0
physx,constant_forward,0,0,1636,16.359999634325504,1.0,0.0,0.2903832495212555,0.2547830939678001,0.26907804378488076,-0.0550481379032135,1.454446792602539,9.068466186523438,0.4687674939632416,0
physx,constant_forward,0,0,1637,16.369999634101987,1.0,0.0,0.290086567401886,0.2604024959752677,0.24942984559778159,-0.03735736012458801,0.46269866824150085,8.38403034210205,2.391010046005249,0
physx,constant_forward,0,0,1638,16.37999963387847,1.0,0.0,0.2898889482021332,0.2786804277475738,0.22629223035711496,-0.008952968753874302,0.8551797866821289,7.04260778427124,2.9104652404785156,0
physx,constant_forward,0,0,1639,16.389999633654952,1.0,0.0,0.2892691195011139,0.2908303391828133,0.2108865762283836,0.007713476661592722,-1.7638999223709106,7.056768894195557,0.6922886371612549,0
physx,constant_forward,0,0,1640,16.399999633431435,1.0,0.0,0.28801754117012024,0.28828836649270584,0.20386189996015816,0.033950258046388626,1.181260108947754,7.582331657409668,1.8178526163101196,0
physx,constant_forward,0,0,1641,16.409999633207917,1.0,0.0,0.28671398758888245,0.2890988799175608,0.2092103970739738,0.040760088711977005,-0.8053553104400635,7.8079376220703125,2.059678316116333,0
physx,constant_forward,0,0,1642,16.4199996329844,1.0,0.0,0.285185307264328,0.2831782903128467,0.2223661105904416,0.04383804649114609,0.21531125903129578,9.037978172302246,3.3688669204711914,0
physx,constant_forward,0,0,1643,16.429999632760882,1.0,0.0,0.28503766655921936,0.2872654501052231,0.24931254002429726,0.10852429270744324,0.11927680671215057,10.126858711242676,1.546309232711792,0
physx,constant_forward,0,0,1644,16.439999632537365,1.0,0.0,0.28608137369155884,0.2978799192045403,0.27573522125237176,0.11986830830574036,0.6057868599891663,10.766925811767578,1.092274785041809,0
physx,constant_forward,0,0,1645,16.449999632313848,1.0,0.0,0.28752392530441284,0.30258909681686375,0.294908386397326,0.1041351854801178,0.4165511131286621,10.893073081970215,0.3457854092121124,0
physx,constant_forward,0,0,1646,16.45999963209033,1.0,0.0,0.2888163924217224,0.28596875929808485,0.30826737460175124,0.07853110134601593,-2.495762586593628,10.484396934509277,0.5726213455200195,0
physx,constant_forward,0,0,1647,16.469999631866813,1.0,0.0,0.28897106647491455,0.26824288909221455,0.30140501748660203,0.0014520329423248768,2.2234439849853516,8.948026657104492,3.535565137863159,0
physx,constant_forward,0,0,1648,16.479999631643295,1.0,0.0,0.2884950339794159,0.26930260693052,0.27678115169921225,-0.0041090925224125385,0.11247257143259048,8.169824600219727,2.675332546234131,0
physx,constant_forward,0,0,1649,16.489999631419778,1.0,0.0,0.28808918595314026,0.28441485629468044,0.24936756910346158,0.03473205491900444,0.8378507494926453,6.92983865737915,3.0357580184936523,0
physx,constant_forward,0,0,1650,16.49999963119626,1.0,0.0,0.2873173654079437,0.29778022054305225,0.2240266553173514,0.052526675164699554,0.6714711785316467,7.048750877380371,1.2632200717926025,0
physx,constant_forward,0,0,1651,16.509999630972743,1.0,0.0,0.2850770354270935,0.28975537961295156,0.21304061958852188,0.01864272728562355,-1.4679763317108154,6.9521074295043945,0.663947582244873,0
physx,constant_forward,0,0,1652,16.519999630749226,1.0,0.0,0.2825968563556671,0.2763947006648579,0.21723198322190726,0.053704261779785156,0.17356595396995544,7.969680309295654,2.347804546356201,0
physx,constant_forward,0,0,1653,16.529999630525708,1.0,0.0,0.28215932846069336,0.28646328751631667,0.23722155337837528,0.15972483158111572,0.11671776324510574,9.604434967041016,2.379879951477051,0
physx,constant_forward,0,0,1654,16.53999963030219,1.0,0.0,0.2834596633911133,0.30706426130434944,0.26146540724565104,0.18120400607585907,0.6751776337623596,10.790257453918457,1.784895658493042,0
physx,constant_forward,0,0,1655,16.549999630078673,1.0,0.0,0.28503847122192383,0.3068193478408319,0.2842685453960713,0.14890006184577942,-1.572052001953125,10.97964096069336,0.23026800155639648,0
physx,constant_forward,0,0,1656,16.559999629855156,1.0,0.0,0.2852093577384949,0.2868569951848412,0.2969362365590762,0.0786704272031784,-0.39706137776374817,9.723267555236816,3.1959598064422607,0
physx,constant_forward,0,0,1657,16.56999962963164,1.0,0.0,0.2849090099334717,0.2781753104265816,0.2872070547583316,0.007590445224195719,1.7664308547973633,9.216507911682129,1.647524356842041,0
physx,constant_forward,0,0,1658,16.57999962940812,1.0,0.0,0.28361353278160095,0.27753330281413496,0.2663137040989607,-0.008790301159024239,0.05854661017656326,8.327274322509766,1.6892887353897095,0
physx,constant_forward,0,0,1659,16.589999629184604,1.0,0.0,0.2826954126358032,0.2940631931818022,0.24675333515622574,0.04029296338558197,0.8217863440513611,7.267735004425049,2.3312082290649414,0
physx,constant_forward,0,0,1660,16.599999628961086,1.0,0.0,0.28172430396080017,0.30930880879945744,0.2329437744831466,0.0567757673561573,-1.2923332452774048,7.237893581390381,1.2356642484664917,0
physx,constant_forward,0,0,1661,16.60999962873757,1.0,0.0,0.27963054180145264,0.2961201296040767,0.23670961794971432,0.034117840230464935,0.2819086015224457,8.116080284118652,2.1490120887756348,0
physx,constant_forward,0,0,1662,16.61999962851405,1.0,0.0,0.2784814238548279,0.290708022485079,0.2526757264783685,0.11267255246639252,-0.21880966424942017,9.152222633361816,1.9010326862335205,0
physx,constant_forward,0,0,1663,16.629999628290534,1.0,0.0,0.27953067421913147,0.30879201228316216,0.27322087592765054,0.17171846330165863,0.7307234406471252,10.457209587097168,1.9626197814941406,0
physx,constant_forward,0,0,1664,16.639999628067017,1.0,0.0,0.28163042664527893,0.31867070792763724,0.29094420823854517,0.1637074500322342,-1.4003044366836548,10.97541332244873,0.9207203984260559,0
physx,constant_forward,0,0,1665,16.6499996278435,1.0,0.0,0.28241443634033203,0.30529513387386864,0.301884839263267,0.09292954206466675,-0.348171591758728,9.880157470703125,2.5617270469665527,0
physx,constant_forward,0,0,1666,16.65999962761998,1.0,0.0,0.2826926112174988,0.29713635561278307,0.29148229494198263,0.020208334550261497,1.7310525178909302,9.407017707824707,1.9504297971725464,0
physx,constant_forward,0,0,1667,16.669999627396464,1.0,0.0,0.28161880373954773,0.2898071594538108,0.26731039250372,-0.04726231470704079,0.4046440124511719,8.41213321685791,1.8693556785583496,0
physx,constant_forward,0,0,1668,16.679999627172947,1.0,0.0,0.28030720353126526,0.2948300109407897,0.24571779158222468,-0.022204924374818802,0.44469404220581055,7.474301338195801,1.319167971611023,0
physx,constant_forward,0,0,1669,16.68999962694943,1.0,0.0,0.27918893098831177,0.3070271832593424,0.23125250077241366,-0.0020285286009311676,-1.4140419960021973,7.117856979370117,1.7117764949798584,0
physx,constant_forward,0,0,1670,16.699999626725912,1.0,0.0,0.27723628282546997,0.2957269170270538,0.23654578507077567,-0.02215813472867012,0.35391148924827576,8.265503883361816,2.2657318115234375,0
physx,constant_forward,0,0,1671,16.709999626502395,1.0,0.0,0.27649185061454773,0.2941243327114753,0.2535473880105997,0.06279021501541138,-0.27758345007896423,9.354105949401855,1.777986764907837,0
physx,constant_forward,0,0,1672,16.719999626278877,1.0,0.0,0.277922123670578,0.31336946443840946,0.27441260549220775,0.1120246946811676,0.7704448103904724,10.574980735778809,1.8220382928848267,0
physx,constant_forward,0,0,1673,16.72999962605536,1.0,0.0,0.28028470277786255,0.32187198541134915,0.29212436447481044,0.10094783455133438,-1.5718698501586914,10.97500228881836,0.751704752445221,0
physx,constant_forward,0,0,1674,16.739999625831842,1.0,0.0,0.2813466489315033,0.3068070241257288,0.3046306232114107,0.029046399518847466,-0.362597793340683,9.8370943069458,2.707629919052124,0
physx,constant_forward,0,0,1675,16.749999625608325,1.0,0.0,0.28190258145332336,0.2987179242319242,0.293337840530738,-0.04346203804016113,1.7965543270111084,9.367904663085938,1.9286203384399414,0
physx,constant_forward,0,0,1676,16.759999625384808,1.0,0.0,0.2810916304588318,0.2911079177058631,0.2685162223338105,-0.11145157366991043,0.341938316822052,8.460588455200195,1.795034408569336,0
physx,constant_forward,0,0,1677,16.76999962516129,1.0,0.0,0.28000909090042114,0.2948928527031535,0.2460397431666941,-0.08629801869392395,0.32375943660736084,7.511833667755127,1.3996648788452148,0
physx,constant_forward,0,0,1678,16.779999624937773,1.0,0.0,0.2793107032775879,0.30770466402375707,0.232849864213525,-0.05781009793281555,-1.7589751482009888,7.142718315124512,1.586922526359558,0
physx,constant_forward,0,0,1679,16.789999624714255,1.0,0.0,0.2776637673377991,0.29844744784159977,0.23066962266675764,-0.08693646639585495,0.9430533647537231,8.104472160339355,1.5175118446350098,0
physx,constant_forward,0,0,1680,16.799999624490738,1.0,0.0,0.27663710713386536,0.2913446846409248,0.24119881957619427,-0.0022427982185035944,-0.7327216863632202,9.1004638671875,2.196910858154297,0
physx,constant_forward,0,0,1681,16.80999962426722,1.0,0.0,0.2777622640132904,0.30585893864623687,0.26154772550201916,0.05803069472312927,0.6680945158004761,10.16074275970459,1.5659586191177368,0
physx,constant_forward,0,0,1682,16.819999624043703,1.0,0.0,0.28017494082450867,0.3157430446403703,0.283258238670715,0.0673779621720314,-1.4397993087768555,10.821924209594727,1.1878300905227661,0
physx,constant_forward,0,0,1683,16.829999623820186,1.0,0.0,0.28138914704322815,0.3035127794557769,0.2987993566796288,-0.00238295691087842,-0.7395159602165222,9.856100082397461,2.4522993564605713,0
physx,constant_forward,0,0,1684,16.83999962359667,1.0,0.0,0.28212371468544006,0.2953865963176327,0.29346083585990335,-0.07168682664632797,1.6628508567810059,9.540928840637207,1.9934130907058716,0
physx,constant_forward,0,0,1685,16.84999962337315,1.0,0.0,0.2815983295440674,0.2891947013006409,0.27192161616836785,-0.1322549283504486,0.4572843313217163,8.66898250579834,1.6564358472824097,0
physx,constant_forward,0,0,1686,16.859999623149633,1.0,0.0,0.2809177041053772,0.29552777974496014,0.250480855335725,-0.09658972173929214,0.42152851819992065,7.638579845428467,1.4348385334014893,0
physx,constant_forward,0,0,1687,16.869999622926116,1.0,0.0,0.28053176403045654,0.31070205752046626,0.2307758776935549,-0.058518461883068085,0.09511718899011612,7.147924900054932,1.7492156028747559,0
physx,constant_forward,0,0,1688,16.8799996227026,1.0,0.0,0.2795298397541046,0.3062236510344841,0.22995585485085115,-0.06782829016447067,-1.4249228239059448,7.382912635803223,1.368021011352539,0
physx,constant_forward,0,0,1689,16.88999962247908,1.0,0.0,0.27866584062576294,0.295634938898633,0.24006516513161483,-0.04211534187197685,0.3630549907684326,8.617937088012695,2.077816963195801,0
physx,constant_forward,0,0,1690,16.899999622255564,1.0,0.0,0.2796712815761566,0.3051693278183199,0.2597537226613233,0.04296775162220001,0.1184585839509964,9.994772911071777,1.8994059562683105,0
physx,constant_forward,0,0,1691,16.909999622032046,1.0,0.0,0.2819092869758606,0.31912800876032926,0.27802709415953747,0.0425308458507061,0.623116672039032,10.726581573486328,1.221775770187378,0
physx,constant_forward,0,0,1692,16.91999962180853,1.0,0.0,0.28370076417922974,0.3034505797738914,0.2931993910453079,-0.01029067113995552,-2.273883104324341,10.659991264343262,0.21904903650283813,0
physx,constant_forward,0,0,1693,16.92999962158501,1.0,0.0,0.28433865308761597,0.28488653674211933,0.2919299083089782,-0.07647287845611572,1.2721630334854126,9.28874397277832,4.8955230712890625,0
physx,constant_forward,0,0,1694,16.939999621361494,1.0,0.0,0.28397002816200256,0.27888980657383305,0.27026759517591886,-0.11993848532438278,0.6529842615127563,8.336036682128906,1.6528369188308716,0
physx,constant_forward,0,0,1695,16.949999621137977,1.0,0.0,0.28360891342163086,0.28976741330636696,0.24850838205905046,-0.07683945447206497,0.4550160765647888,7.417054176330566,1.6300653219223022,0
physx,constant_forward,0,0,1696,16.95999962091446,1.0,0.0,0.2835516333580017,0.3081167578246382,0.2294234313903224,-0.035044874995946884,0.6933621168136597,7.076347827911377,1.7009375095367432,0
physx,constant_forward,0,0,1697,16.969999620690942,1.0,0.0,0.282207190990448,0.3028294882983638,0.22191982895612547,-0.06836136430501938,-1.6144808530807495,7.200483798980713,0.24115176498889923,0
physx,constant_forward,0,0,1698,16.979999620467424,1.0,0.0,0.28035983443260193,0.28612420614679546,0.2271459588493127,-0.05159950628876686,0.3855682611465454,7.973028659820557,2.38376522064209,0
physx,constant_forward,0,0,1699,16.989999620243907,1.0,0.0,0.28036272525787354,0.29205163797685707,0.24605706112949244,0.06407066434621811,-0.16751569509506226,9.426610946655273,2.155317544937134,0
physx,constant_forward,0,0,1700,16.99999962002039,1.0,0.0,0.2821463644504547,0.31133676794745024,0.2684680526912474,0.092813640832901,0.6741728186607361,10.55667781829834,1.8223310708999634,0
physx,constant_forward,0,0,1701,17.009999619796872,1.0,0.0,0.2839725613594055,0.30796680077155053,0.2870591609808316,0.043204955756664276,-0.8310585618019104,10.808611869812012,0.35544532537460327,0
physx,constant_forward,0,0,1702,17.019999619573355,1.0,0.0,0.2844162583351135,0.2899122372098998,0.2936190332981735,-0.0200804453343153,-0.8012813329696655,9.678949356079102,3.8891868591308594,0
physx,constant_forward,0,0,1703,17.029999619349837,1.0,0.0,0.2840241491794586,0.27822775019264906,0.279336686990298,-0.0870453342795372,1.7881090641021729,8.8368558883667,1.4007726907730103,0
physx,constant_forward,0,0,1704,17.03999961912632,1.0,0.0,0.28329068422317505,0.28428190559312994,0.25885625566485965,-0.06004149839282036,0.49124670028686523,8.172679901123047,1.730812907218933,0
physx,constant_forward,0,0,1705,17.049999618902802,1.0,0.0,0.28303471207618713,0.3055260230328521,0.24106439782923159,-0.011366598308086395,0.8599276542663574,7.102242946624756,3.106555700302124,0
physx,constant_forward,0,0,1706,17.059999618679285,1.0,0.0,0.282075434923172,0.3130756200853236,0.23031989032311712,-0.012120598927140236,-1.985620141029358,7.27150821685791,0.6671029925346375,0
physx,constant_forward,0,0,1707,17.069999618455768,1.0,0.0,0.2802733778953552,0.2966045593398724,0.23843893761310717,-0.03316471725702286,0.3098462224006653,8.089637756347656,2.3524932861328125,0
physx,constant_forward,0,0,1708,17.07999961823225,1.0,0.0,0.2797059416770935,0.2934129768660404,0.25906311562846696,0.05545060336589813,-0.3375468850135803,9.33108901977539,1.8932234048843384,0
physx,constant_forward,0,0,1709,17.089999618008733,1.0,0.0,0.2811611592769623,0.3111541052669154,0.2848068973672357,0.10095593333244324,0.4971487522125244,10.576542854309082,1.9378511905670166,0
physx,constant_forward,0,0,1710,17.099999617785215,1.0,0.0,0.28314992785453796,0.3140339596870395,0.305488202335435,0.06401234120130539,-0.8557239770889282,10.99616527557373,0.8249733448028564,0
physx,constant_forward,0,0,1711,17.109999617561698,1.0,0.0,0.28385213017463684,0.30128780761121843,0.3104365816265002,0.0020435487385839224,-0.6154206991195679,9.925788879394531,3.5503039360046387,0
physx,constant_forward,0,0,1712,17.11999961733818,1.0,0.0,0.28371748328208923,0.2917541815315558,0.29522781147339644,-0.062351126223802567,1.7330018281936646,9.06798267364502,1.3944728374481201,0
physx,constant_forward,0,0,1713,17.129999617114663,1.0,0.0,0.28269892930984497,0.2896418467724457,0.2713403326246252,-0.07445605844259262,0.3520647883415222,8.330511093139648,1.78825044631958,0
physx,constant_forward,0,0,1714,17.139999616891146,1.0,0.0,0.28222519159317017,0.30599823453767017,0.25229071286789273,-0.014921178109943867,0.8761582374572754,7.224145412445068,2.376788377761841,0
physx,constant_forward,0,0,1715,17.14999961666763,1.0,0.0,0.2817239761352539,0.3205593016350292,0.23995628218873785,0.0026905087288469076,-1.281615138053894,7.2188615798950195,1.1604984998703003,0
physx,constant_forward,0,0,1716,17.15999961644411,1.0,0.0,0.2800980806350708,0.3052920758546562,0.24428448077191345,-0.02327597327530384,0.013953791931271553,8.151792526245117,2.243067741394043,0
physx,constant_forward,0,0,1717,17.169999616220593,1.0,0.0,0.2792629599571228,0.29615803436669924,0.26176840000974705,0.04622924327850342,-0.3641141951084137,9.136453628540039,1.9769728183746338,0
physx,constant_forward,0,0,1718,17.179999615997076,1.0,0.0,0.28057238459587097,0.3117793877291647,0.2852783036855963,0.10652247071266174,0.44954848289489746,10.396472930908203,1.924755334854126,0
physx,constant_forward,0,0,1719,17.18999961577356,1.0,0.0,0.2829490303993225,0.3209464984011846,0.3057099581816668,0.09752792119979858,-1.17837393283844,10.970366477966309,1.1270334720611572,0
physx,constant_forward,0,0,1720,17.19999961555004,1.0,0.0,0.28403809666633606,0.3066548136797558,0.31504940926182684,0.029268929734826088,-0.5844728350639343,9.865758895874023,2.511354684829712,0
physx,constant_forward,0,0,1721,17.209999615326524,1.0,0.0,0.2845526933670044,0.29760652083125183,0.3031786299097965,-0.036063507199287415,1.8086870908737183,9.411913871765137,1.9351998567581177,0
physx,constant_forward,0,0,1722,17.219999615103006,1.0,0.0,0.2838099002838135,0.29096337866308664,0.277119876684643,-0.09160099178552628,0.4648876488208771,8.47340202331543,1.7958859205245972,0
physx,constant_forward,0,0,1723,17.22999961487949,1.0,0.0,0.2828265130519867,0.2961519654994576,0.2533458220343094,-0.06539609283208847,0.6151904463768005,7.409862041473389,1.5128085613250732,0
physx,constant_forward,0,0,1724,17.23999961465597,1.0,0.0,0.2822059094905853,0.31096578344194187,0.23855750737589884,-0.026000723242759705,-1.6022050380706787,7.036557674407959,1.5531772375106812,0
physx,constant_forward,0,0,1725,17.249999614432454,1.0,0.0,0.28059688210487366,0.3018194554327394,0.2351396609610181,-0.04854334890842438,0.1225520521402359,7.899653911590576,1.5426476001739502,0
physx,constant_forward,0,0,1726,17.259999614208937,1.0,0.0,0.2792722284793854,0.2914999255176012,0.2434766683714195,0.03071543201804161,-0.6594411134719849,8.681089401245117,2.148426055908203,0
physx,constant_forward,0,0,1727,17.26999961398542,1.0,0.0,0.2803478538990021,0.30795991612505813,0.2637933126343552,0.11124947667121887,0.4626518487930298,10.01281452178955,2.0185117721557617,0
physx,constant_forward,0,0,1728,17.279999613761902,1.0,0.0,0.2824905812740326,0.3240278265534308,0.2843630235049025,0.09861232340335846,0.44215214252471924,10.775972366333008,1.309574842453003,0
physx,constant_forward,0,0,1729,17.289999613538384,1.0,0.0,0.2842608392238617,0.30996234625756686,0.3036367372157843,0.05925184115767479,-2.700218439102173,10.65687370300293,0.4205430746078491,0
physx,constant_forward,0,0,1730,17.299999613314867,1.0,0.0,0.2848694920539856,0.28971905279084814,0.3086511983540064,-0.013169449754059315,1.486481785774231,9.191789627075195,3.927750825881958,0
physx,constant_forward,0,0,1731,17.30999961309135,1.0,0.0,0.2846427857875824,0.2828626301364981,0.2922666664043464,-0.0847746729850769,1.060103416442871,8.722464561462402,1.7498220205307007,0
physx,constant_forward,0,0,1732,17.319999612867832,1.0,0.0,0.283618301153183,0.2845003357453276,0.2702496819077379,-0.07504573464393616,0.35782378911972046,7.791874885559082,1.2592782974243164,0
physx,constant_forward,0,0,1733,17.329999612644315,1.0,0.0,0.2829480469226837,0.3015147300012157,0.2506799348404338,-0.023352351039648056,0.879279613494873,7.055697917938232,1.8668229579925537,0
physx,constant_forward,0,0,1734,17.339999612420797,1.0,0.0,0.2817060053348541,0.30626866731135527,0.24254606010306176,-0.02928278222680092,-1.1832802295684814,7.2030792236328125,0.8649294376373291,0
physx,constant_forward,0,0,1735,17.34999961219728,1.0,0.0,0.2798779308795929,0.2953279941534798,0.2452057664191865,-0.026612717658281326,0.27474141120910645,8.13123607635498,2.2832558155059814,0
physx,constant_forward,0,0,1736,17.359999611973763,1.0,0.0,0.2796262502670288,0.2998045736978377,0.26368551300815996,0.07896003127098083,-0.2674512267112732,9.463922500610352,1.8428045511245728,0
physx,constant_forward,0,0,1737,17.369999611750245,1.0,0.0,0.28117668628692627,0.31834463928112955,0.2861688611142407,0.1054827943444252,0.492564857006073,10.642250061035156,1.8069394826889038,0
physx,constant_forward,0,0,1738,17.379999611526728,1.0,0.0,0.2830328047275543,0.3152216981033845,0.30858472056251124,0.07786304503679276,-2.186084032058716,10.9535493850708,0.4501771628856659,0
physx,constant_forward,0,0,1739,17.38999961130321,1.0,0.0,0.2837369740009308,0.2993934797579673,0.3170896686458804,0.006541162729263306,0.9429103136062622,9.593385696411133,3.489058256149292,0
physx,constant_forward,0,0,1740,17.399999611079693,1.0,0.0,0.28373298048973083,0.29258766325997126,0.3034684508325561,-0.06252942234277725,1.306503176689148,9.147805213928223,1.5883829593658447,0
physx,constant_forward,0,0,1741,17.409999610856175,1.0,0.0,0.2828320562839508,0.2913744725585035,0.28012256397896207,-0.06659922003746033,0.4403488039970398,8.240778923034668,1.2939215898513794,0
physx,constant_forward,0,0,1742,17.419999610632658,1.0,0.0,0.28235021233558655,0.3070779810921152,0.25836679749082947,-0.01759851910173893,0.847076416015625,7.254888534545898,1.9686371088027954,0
physx,constant_forward,0,0,1743,17.42999961040914,1.0,0.0,0.281775563955307,0.32020165110769505,0.24307448339169777,-0.002169565297663212,-1.42156982421875,7.191101551055908,1.0660556554794312,0
physx,constant_forward,0,0,1744,17.439999610185623,1.0,0.0,0.28007596731185913,0.3044749373241317,0.24505493088481758,-0.027914009988307953,0.3062933683395386,8.063891410827637,2.192448854446411,0
physx,constant_forward,0,0,1745,17.449999609962106,1.0,0.0,0.27928006649017334,0.29657482120344714,0.2608855686915399,0.04881918430328369,-0.4455004930496216,9.13349723815918,1.8917274475097656,0
physx,constant_forward,0,0,1746,17.45999960973859,1.0,0.0,0.28062230348587036,0.3125295374240276,0.28330608140916824,0.1032874584197998,0.496027410030365,10.395670890808105,1.8885184526443481,0
physx,constant_forward,0,0,1747,17.46999960951507,1.0,0.0,0.28293973207473755,0.3203282631166563,0.3033710348974398,0.09104808419942856,-1.3026552200317383,10.966669082641602,1.0819460153579712,0
physx,constant_forward,0,0,1748,17.479999609291553,1.0,0.0,0.2839547097682953,0.30497000086829085,0.3134248195046146,0.021905729547142982,-0.4481573700904846,9.870077133178711,2.6277377605438232,0
physx,constant_forward,0,0,1749,17.489999609068036,1.0,0.0,0.2844407856464386,0.2965484653687313,0.30185699291877044,-0.04471782594919205,1.8331663608551025,9.422304153442383,1.8578224182128906,0
physx,constant_forward,0,0,1750,17.49999960884452,1.0,0.0,0.2836613655090332,0.2902218624721312,0.2764286407358818,-0.09640803933143616,0.3776320219039917,8.503028869628906,1.7589386701583862,0
physx,constant_forward,0,0,1751,17.509999608621,1.0,0.0,0.282700777053833,0.2961105759190094,0.25312099097573026,-0.07061178982257843,0.6126130819320679,7.414821147918701,1.615147352218628,0
physx,constant_forward,0,0,1752,17.519999608397484,1.0,0.0,0.2820611894130707,0.3105093861452243,0.23869680244648994,-0.03407029062509537,-1.718148946762085,7.070818901062012,1.4494153261184692,0
physx,constant_forward,0,0,1753,17.529999608173966,1.0,0.0,0.2804553508758545,0.3019011448540656,0.234834493731418,-0.05714956670999527,0.8977580666542053,7.9256086349487305,1.5648398399353027,0
physx,constant_forward,0,0,1754,17.53999960795045,1.0,0.0,0.2793586254119873,0.2941511975782534,0.24394865789719247,0.02792876772582531,-0.8037687540054321,8.89409351348877,2.2661166191101074,0
physx,constant_forward,0,0,1755,17.54999960772693,1.0,0.0,0.2804070711135864,0.30838023526724123,0.2646089397696929,0.09113885462284088,0.486729234457016,10.047176361083984,1.6546170711517334,0
physx,constant_forward,0,0,1756,17.559999607503414,1.0,0.0,0.28265857696533203,0.3168693698804703,0.287411281141487,0.09001704305410385,-1.2022006511688232,10.806086540222168,1.2586053609848022,0
physx,constant_forward,0,0,1757,17.569999607279897,1.0,0.0,0.28389596939086914,0.30605409254227167,0.3029866863212845,0.03568239510059357,-1.1856341361999512,9.887985229492188,2.479128122329712,0
physx,constant_forward,0,0,1758,17.57999960705638,1.0,0.0,0.2845228314399719,0.29352187062909946,0.3003436416297693,-0.03612988442182541,1.7513974905014038,9.588269233703613,1.0897189378738403,0
physx,constant_forward,0,0,1759,17.589999606832862,1.0,0.0,0.2842402458190918,0.28620259818822125,0.2806417486102823,-0.1035182774066925,0.6476486921310425,9.072732925415039,2.139415740966797,0
physx,constant_forward,0,0,1760,17.599999606609344,1.0,0.0,0.2834724485874176,0.28877901419595386,0.25742727158543494,-0.0872822254896164,0.5743153691291809,7.8378071784973145,1.6410976648330688,0
physx,constant_forward,0,0,1761,17.609999606385827,1.0,0.0,0.2832123339176178,0.3068684963319262,0.23703431683538753,-0.030377384275197983,0.8725951910018921,7.109618663787842,1.8407306671142578,0
physx,constant_forward,0,0,1762,17.61999960616231,1.0,0.0,0.2823580503463745,0.3109787360826848,0.2290908741411134,-0.05194128677248955,-0.9490773677825928,7.173509120941162,0.8114287257194519,0
physx,constant_forward,0,0,1763,17.629999605938792,1.0,0.0,0.2804267406463623,0.2966375945721035,0.22670114971537178,-0.052150458097457886,0.09380988776683807,7.951898097991943,2.013193368911743,0
physx,constant_forward,0,0,1764,17.639999605715275,1.0,0.0,0.2797897160053253,0.29681730657774874,0.24045214591575365,0.05770133063197136,-0.34659165143966675,9.085161209106445,2.322067975997925,0
physx,constant_forward,0,0,1765,17.649999605491757,1.0,0.0,0.2811741828918457,0.31406543060656106,0.2635100221466119,0.10030988603830338,0.48317429423332214,10.426589965820312,2.1638715267181396,0
physx,constant_forward,0,0,1766,17.65999960526824,1.0,0.0,0.28327256441116333,0.3170550867290466,0.2881362526339809,0.07914835959672928,-1.352548360824585,10.86095142364502,0.6502126455307007,0
physx,constant_forward,0,0,1767,17.669999605044723,1.0,0.0,0.2840571701526642,0.29858711172267915,0.3026900529832825,0.010377430357038975,-0.7561664581298828,9.8077974319458,2.8840835094451904,0
physx,constant_forward,0,0,1768,17.679999604821205,1.0,0.0,0.2843845784664154,0.28914238594587155,0.29606643990999865,-0.055026713758707047,1.786923885345459,9.448993682861328,1.7369078397750854,0
physx,constant_forward,0,0,1769,17.689999604597688,1.0,0.0,0.28360283374786377,0.28494731592117356,0.2751868624569381,-0.09220653772354126,0.23320284485816956,8.59129810333252,1.6177469491958618,0
physx,constant_forward,0,0,1770,17.69999960437417,1.0,0.0,0.28288766741752625,0.2950178141430386,0.2552600195750779,-0.05262694135308266,0.7859659194946289,7.504305362701416,1.8449093103408813,0
physx,constant_forward,0,0,1771,17.709999604150653,1.0,0.0,0.2825402319431305,0.3118871662729526,0.2424798870996812,-0.014623355120420456,-1.5926363468170166,7.23605489730835,1.4933010339736938,0
physx,constant_forward,0,0,1772,17.719999603927135,1.0,0.0,0.28099697828292847,0.30131434251613287,0.2390124504942917,-0.03983491659164429,0.12471659481525421,7.889267444610596,1.4769761562347412,0
physx,constant_forward,0,0,1773,17.729999603703618,1.0,0.0,0.27964067459106445,0.2895922331216834,0.24658524498374773,0.03848432004451752,-0.6721382141113281,8.584664344787598,2.139936923980713,0
physx,constant_forward,0,0,1774,17.7399996034801,1.0,0.0,0.280651718378067,0.3055295506854935,0.2660888170845301,0.12015196681022644,0.45999833941459656,9.931824684143066,2.0697715282440186,0
physx,constant_forward,0,0,1775,17.749999603256583,1.0,0.0,0.2827654778957367,0.322292683765907,0.2860023704109155,0.110039621591568,0.463742196559906,10.739545822143555,1.395580768585205,0
physx,constant_forward,0,0,1776,17.759999603033066,1.0,0.0,0.28451141715049744,0.3088889841748402,0.304582356955277,0.07105398178100586,-2.6331820487976074,10.653697967529297,0.3641905188560486,0
physx,constant_forward,0,0,1777,17.76999960280955,1.0,0.0,0.28508371114730835,0.2887805776315086,0.30899515273471545,-0.0012598494067788124,1.4605716466903687,9.202560424804688,3.902881383895874,0
physx,constant_forward,0,0,1778,17.77999960258603,1.0,0.0,0.28482210636138916,0.2818853719866755,0.2922065059478867,-0.07281961292028427,1.0721933841705322,8.733817100524902,1.7591166496276855,0
physx,constant_forward,0,0,1779,17.789999602362514,1.0,0.0,0.2837504744529724,0.2833616351676167,0.2699450672024277,-0.06555921584367752,0.37183910608291626,7.788910865783691,1.2715680599212646,0
physx,constant_forward,0,0,1780,17.799999602138996,1.0,0.0,0.2830228805541992,0.30035545286284315,0.25031249477061174,-0.013784358277916908,0.896579384803772,7.054632663726807,1.8400167226791382,0
physx,constant_forward,0,0,1781,17.80999960191548,1.0,0.0,0.28174006938934326,0.30549835285307375,0.2421930680836661,-0.0194263719022274,-1.1648650169372559,7.205865859985352,0.8948119878768921,0
physx,constant_forward,0,0,1782,17.81999960169196,1.0,0.0,0.27976325154304504,0.29311699053283796,0.24518575000017387,-0.02501407079398632,0.3727536201477051,8.13865852355957,2.285989999771118,0
physx,constant_forward,0,0,1783,17.829999601468444,1.0,0.0,0.27939608693122864,0.2975880384453403,0.26374914339830063,0.08786353468894958,-0.2978973984718323,9.49105453491211,1.8882580995559692,0
physx,constant_forward,0,0,1784,17.839999601244926,1.0,0.0,0.28103888034820557,0.3192108329125184,0.2864262699187449,0.12223643809556961,0.5371896624565125,10.686760902404785,1.9216557741165161,0
physx,constant_forward,0,0,1785,17.84999960102141,1.0,0.0,0.2829270660877228,0.3173473589927295,0.30855807597060636,0.09082569181919098,-2.2930502891540527,10.975543022155762,0.4704112410545349,0
physx,constant_forward,0,0,1786,17.85999960079789,1.0,0.0,0.2836461663246155,0.3019448027454996,0.31746360880451674,0.019738931208848953,0.9706303477287292,9.57972240447998,3.5483345985412598,0
physx,constant_forward,0,0,1787,17.869999600574374,1.0,0.0,0.2836615741252899,0.2954083908393099,0.30472376878800694,-0.04912138730287552,1.2868660688400269,9.152933120727539,1.5715081691741943,0
physx,constant_forward,0,0,1788,17.879999600350857,1.0,0.0,0.282586932182312,0.2914985748248904,0.28167382749635933,-0.06712660193443298,0.3999115228652954,8.266533851623535,1.2608309984207153,0
physx,constant_forward,0,0,1789,17.88999960012734,1.0,0.0,0.28195056319236755,0.3058508629955912,0.26092349157905137,-0.01597113348543644,0.8318965435028076,7.324496269226074,1.7168142795562744,0
physx,constant_forward,0,0,1790,17.899999599903822,1.0,0.0,0.2808396816253662,0.31032632507174257,0.2510898101270528,-0.03291672468185425,-1.3944675922393799,7.199960708618164,1.3045341968536377,0
physx,constant_forward,0,0,1791,17.909999599680305,1.0,0.0,0.278665155172348,0.2974042307226402,0.24655692806776605,-0.03732510656118393,0.6277815103530884,7.984606742858887,2.0115952491760254,0
physx,constant_forward,0,0,1792,17.919999599456787,1.0,0.0,0.27793750166893005,0.30083066368232514,0.257354782408847,0.074693463742733,-0.32063961029052734,9.207470893859863,2.4087131023406982,0
physx,constant_forward,0,0,1793,17.92999959923327,1.0,0.0,0.27922937273979187,0.31991357267108006,0.27771265252077326,0.12041381001472473,0.4319141209125519,10.476028442382812,1.9636183977127075,0
physx,constant_forward,0,0,1794,17.939999599009752,1.0,0.0,0.28106170892715454,0.31893970088317863,0.3020001093176162,0.09619395434856415,-2.3941829204559326,10.889697074890137,0.5916311740875244,0
physx,constant_forward,0,0,1795,17.949999598786235,1.0,0.0,0.2818535566329956,0.3057439920791171,0.3146578064499017,0.024615008383989334,1.0900684595108032,9.632819175720215,3.446281671524048,0
physx,constant_forward,0,0,1796,17.959999598562717,1.0,0.0,0.2820208668708801,0.300781669784614,0.3058599623529171,-0.04400087147951126,1.1860765218734741,9.322844505310059,1.4439022541046143,0
physx,constant_forward,0,0,1797,17.9699995983392,1.0,0.0,0.2810819447040558,0.2961026907291829,0.2852928302731496,-0.07493855804204941,0.39440736174583435,8.50273323059082,1.1244239807128906,0
physx,constant_forward,0,0,1798,17.979999598115683,1.0,0.0,0.2803857922554016,0.3061177247532906,0.2649671121554674,-0.038728017359972,0.8814597129821777,7.653470516204834,1.2980666160583496,0
physx,constant_forward,0,0,1799,17.989999597892165,1.0,0.0,0.27936673164367676,0.3100899622228885,0.2547722840853374,-0.053633883595466614,-0.8608205318450928,7.328283309936523,1.4438389539718628,0
physx,constant_forward,0,0,1800,17.999999597668648,1.0,0.0,0.2774450182914734,0.2990371456514847,0.2491532043493549,-0.05300991237163544,0.30357804894447327,8.055343627929688,1.6034785509109497,0
physx,constant_forward,0,0,1801,18.00999959744513,1.0,0.0,0.2771040201187134,0.3044687914928737,0.25897980197326065,0.06836693733930588,-0.31984835863113403,9.224100112915039,2.2463767528533936,0
physx,constant_forward,0,0,1802,18.019999597221613,1.0,0.0,0.2788733243942261,0.32546675486748566,0.27771323050747576,0.1108110100030899,0.4899469017982483,10.418149948120117,1.9709943532943726,0
physx,constant_forward,0,0,1803,18.029999596998096,1.0,0.0,0.2809450030326843,0.32215050033443415,0.3004734101751696,0.07902434468269348,-2.565479040145874,10.777816772460938,0.454545795917511,0
physx,constant_forward,0,0,1804,18.039999596774578,1.0,0.0,0.2819078266620636,0.3062912554403761,0.3127377059446199,0.008374566212296486,1.0516310930252075,9.470331192016602,3.6528232097625732,0
physx,constant_forward,0,0,1805,18.04999959655106,1.0,0.0,0.28222739696502686,0.300094041870582,0.3042887245998288,-0.05954911932349205,1.1234650611877441,9.196793556213379,1.3997981548309326,0
physx,constant_forward,0,0,1806,18.059999596327543,1.0,0.0,0.281295508146286,0.2932886291700836,0.2838211280501747,-0.10003438591957092,0.4224663972854614,8.451775550842285,1.0281699895858765,0
physx,constant_forward,0,0,1807,18.069999596104026,1.0,0.0,0.28056007623672485,0.30217932032448364,0.2644009819538225,-0.05853508785367012,0.7224390506744385,7.72243070602417,1.0284343957901,0
physx,constant_forward,0,0,1808,18.07999959588051,1.0,0.0,0.27959853410720825,0.3069616839022673,0.25522277313438174,-0.07018596678972244,-0.883914589881897,7.346138000488281,1.6847940683364868,0
physx,constant_forward,0,0,1809,18.08999959565699,1.0,0.0,0.27776527404785156,0.29702826384507536,0.24977552914264922,-0.06797931343317032,0.33324310183525085,8.113180160522461,1.5247814655303955,0
physx,constant_forward,0,0,1810,18.099999595433474,1.0,0.0,0.2775201201438904,0.3032508949210201,0.2595066750841001,0.05526256933808327,-0.36813318729400635,9.264479637145996,2.2091736793518066,0
physx,constant_forward,0,0,1811,18.109999595209956,1.0,0.0,0.27937012910842896,0.3247460268310883,0.2778455083416776,0.09894855320453644,0.5095361471176147,10.391294479370117,1.8796042203903198,0
physx,constant_forward,0,0,1812,18.11999959498644,1.0,0.0,0.2815328538417816,0.32210777106276434,0.2997084006510646,0.06904200464487076,-2.424750566482544,10.733993530273438,0.4315251410007477,0
physx,constant_forward,0,0,1813,18.12999959476292,1.0,0.0,0.28257399797439575,0.3058254735901862,0.3115966210989778,-0.001424312125891447,0.9041225910186768,9.453458786010742,3.5599355697631836,0
physx,constant_forward,0,0,1814,18.139999594539404,1.0,0.0,0.2829093933105469,0.29881347737105735,0.30165762593326945,-0.0689341127872467,1.2330050468444824,9.162422180175781,1.4352915287017822,0
physx,constant_forward,0,0,1815,18.149999594315886,1.0,0.0,0.28200745582580566,0.29196668324450725,0.28018112379272575,-0.10360704362392426,0.33472615480422974,8.410127639770508,1.076192855834961,0
physx,constant_forward,0,0,1816,18.15999959409237,1.0,0.0,0.2813587188720703,0.3015624352345323,0.26026927611541706,-0.059423208236694336,0.7648040652275085,7.593327045440674,1.2598929405212402,0
physx,constant_forward,0,0,1817,18.16999959386885,1.0,0.0,0.28044214844703674,0.30597496455331363,0.25103672722442577,-0.06883011758327484,-1.5238304138183594,7.298849582672119,1.6008021831512451,0
physx,constant_forward,0,0,1818,18.179999593645334,1.0,0.0,0.27860286831855774,0.29451042834285157,0.24654614105290965,-0.07397450506687164,0.7937402129173279,8.020768165588379,1.7977986335754395,0
physx,constant_forward,0,0,1819,18.189999593421817,1.0,0.0,0.27818992733955383,0.2989583252515405,0.25611380033760134,0.04176834598183632,-0.3237494230270386,9.225668907165527,2.385507583618164,0
physx,constant_forward,0,0,1820,18.1999995931983,1.0,0.0,0.27980268001556396,0.3185642937577637,0.2752148377818579,0.08770906180143356,0.5910407304763794,10.388810157775879,1.8207850456237793,0
physx,constant_forward,0,0,1821,18.209999592974782,1.0,0.0,0.2819369435310364,0.31779321814743416,0.29789191347103977,0.06689711660146713,-2.2893455028533936,10.805959701538086,0.552943766117096,0
physx,constant_forward,0,0,1822,18.219999592751265,1.0,0.0,0.2831747233867645,0.30586150527752115,0.3107182956670871,0.010927676223218441,0.48377349972724915,9.555543899536133,3.4081521034240723,0
physx,constant_forward,0,0,1823,18.229999592527747,1.0,0.0,0.2837287485599518,0.2937193322420818,0.30299299387586226,-0.058903686702251434,1.5328969955444336,9.560062408447266,0.6983690857887268,0
physx,constant_forward,0,0,1824,18.23999959230423,1.0,0.0,0.28351667523384094,0.2857354276678121,0.28209701930343906,-0.09341951459646225,0.43530309200286865,8.976553916931152,2.4443116188049316,0
physx,constant_forward,0,0,1825,18.249999592080712,1.0,0.0,0.28331682085990906,0.29235091964645904,0.25805730220399803,-0.06707592308521271,0.7448535561561584,7.5628132820129395,2.1740474700927734,0
physx,constant_forward,0,0,1826,18.259999591857195,1.0,0.0,0.282474547624588,0.2921513162213035,0.24379654106358553,-0.0841713398694992,-1.8660902976989746,7.118093967437744,1.4484513998031616,0
physx,constant_forward,0,0,1827,18.269999591633677,1.0,0.0,0.2807818353176117,0.27975421932671185,0.23577586736387696,-0.07568527013063431,0.3604441285133362,7.692358016967773,1.8788402080535889,0
physx,constant_forward,0,0,1828,18.27999959141016,1.0,0.0,0.2798794209957123,0.28284473481802846,0.2337166041780395,0.026574986055493355,-0.4657677412033081,8.537633895874023,1.3101800680160522,0
physx,constant_forward,0,0,1829,18.289999591186643,1.0,0.0,0.2810240685939789,0.30439053290622664,0.24359300827634237,0.10339879244565964,0.5459486842155457,9.627320289611816,3.0937976837158203,0
physx,constant_forward,0,0,1830,18.299999590963125,1.0,0.0,0.28319022059440613,0.31256811937339796,0.26257079502431835,0.09895295649766922,-1.3247276544570923,10.3643159866333,1.0930895805358887,0
physx,constant_forward,0,0,1831,18.309999590739608,1.0,0.0,0.2842347323894501,0.299479277344079,0.2808104511172965,0.04501225799322128,-1.5699858665466309,9.582590103149414,2.5513854026794434,0
physx,constant_forward,0,0,1832,18.31999959051609,1.0,0.0,0.2850700914859772,0.29011859334431844,0.28694838130563194,-0.010570382699370384,1.414570689201355,9.550512313842773,1.1759074926376343,0
physx,constant_forward,0,0,1833,18.329999590292573,1.0,0.0,0.28502196073532104,0.2763425198964232,0.2771333339969822,-0.07902153581380844,0.8471469283103943,9.63010025024414,1.077736735343933,0
physx,constant_forward,0,0,1834,18.339999590069056,1.0,0.0,0.28466954827308655,0.2718358831981785,0.2604039185438639,-0.08727284520864487,0.31622642278671265,8.778409004211426,2.3651556968688965,0
physx,constant_forward,0,0,1835,18.349999589845538,1.0,0.0,0.2845589518547058,0.28347833330224403,0.2413549613003245,-0.05512736365199089,0.8242843151092529,7.479769706726074,2.2988760471343994,0
physx,constant_forward,0,0,1836,18.35999958962202,1.0,0.0,0.2837432026863098,0.2857953416910313,0.23137807689790674,-0.07817060500383377,-1.0134152173995972,7.186166286468506,1.188743233680725,0
physx,constant_forward,0,0,1837,18.369999589398503,1.0,0.0,0.28202006220817566,0.2747021801816701,0.22606738923561046,-0.0737234354019165,0.9774851202964783,7.768852710723877,1.6119636297225952,0
physx,constant_forward,0,0,1838,18.379999589174986,1.0,0.0,0.28102344274520874,0.2778587600667008,0.22591468137554369,0.030562585219740868,-0.7209336757659912,8.694474220275879,1.2414973974227905,0
physx,constant_forward,0,0,1839,18.38999958895147,1.0,0.0,0.2820425033569336,0.29910688539403746,0.23752819929876837,0.10099031776189804,0.5887386798858643,9.729840278625488,2.936457633972168,0
physx,constant_forward,0,0,1840,18.39999958872795,1.0,0.0,0.284088671207428,0.3073667560225425,0.25778570845379517,0.09967983514070511,-1.268433928489685,10.447919845581055,1.09049654006958,0
physx,constant_forward,0,0,1841,18.409999588504434,1.0,0.0,0.2850760519504547,0.2953977925860177,0.27643851879253395,0.04641789197921753,-1.5449004173278809,9.660150527954102,2.502659320831299,0
physx,constant_forward,0,0,1842,18.419999588280916,1.0,0.0,0.2855771780014038,0.2825161357805563,0.2807240162712728,-0.024961955845355988,1.611498236656189,9.575090408325195,1.1772520542144775,0
physx,constant_forward,0,0,1843,18.4299995880574,1.0,0.0,0.285196453332901,0.276172374616455,0.26696380803612035,-0.09618978947401047,0.7739110589027405,9.17640209197998,1.8448652029037476,0
physx,constant_forward,0,0,1844,18.43999958783388,1.0,0.0,0.28417912125587463,0.27750535169153384,0.2485938809139918,-0.08528691530227661,0.4079939126968384,8.081535339355469,1.4113763570785522,0
physx,constant_forward,0,0,1845,18.449999587610364,1.0,0.0,0.28368282318115234,0.29487933416831946,0.2329387370119707,-0.03012843057513237,0.8193700909614563,7.275346279144287,1.752314567565918,0
physx,constant_forward,0,0,1846,18.459999587386847,1.0,0.0,0.28265824913978577,0.29982455332703073,0.22847433963426378,-0.0459415465593338,-1.744423508644104,7.221037864685059,0.9926121234893799,0
physx,constant_forward,0,0,1847,18.46999958716333,1.0,0.0,0.2807646691799164,0.28802842008806506,0.23015482923481997,-0.03924773633480072,0.3144000172615051,7.9877848625183105,2.1755220890045166,0
physx,constant_forward,0,0,1848,18.47999958693981,1.0,0.0,0.2796700894832611,0.2904786789204611,0.2359233514509856,0.060794271528720856,-0.3174780309200287,9.043584823608398,1.4183058738708496,0
physx,constant_forward,0,0,1849,18.489999586716294,1.0,0.0,0.28080251812934875,0.3131769715326392,0.25270328373034967,0.13898280262947083,0.5400865077972412,10.296833992004395,3.2124457359313965,0
physx,constant_forward,0,0,1850,18.499999586492777,1.0,0.0,0.2830260097980499,0.32291260441378034,0.27521025419660605,0.12917402386665344,-1.1831239461898804,10.743364334106445,0.7991641163825989,0
physx,constant_forward,0,0,1851,18.50999958626926,1.0,0.0,0.2841131389141083,0.3100740460428499,0.2920655531190358,0.07635089010000229,-1.4729418754577637,9.778036117553711,2.5158541202545166,0
physx,constant_forward,0,0,1852,18.519999586045742,1.0,0.0,0.28493526577949524,0.2999270602189011,0.2952159291438292,0.02078397013247013,1.5522994995117188,9.478216171264648,1.2414872646331787,0
physx,constant_forward,0,0,1853,18.529999585822225,1.0,0.0,0.28483301401138306,0.2853720254207929,0.28188280549838335,-0.049007780849933624,1.026177167892456,9.471742630004883,1.0520977973937988,0
physx,constant_forward,0,0,1854,18.539999585598707,1.0,0.0,0.2845243513584137,0.2822564173790131,0.2623662826539411,-0.04979255422949791,0.4674908518791199,8.525267601013184,2.5426807403564453,0
physx,constant_forward,0,0,1855,18.54999958537519,1.0,0.0,0.284402996301651,0.29406672275685125,0.24067801069251374,-0.01891971565783024,0.8951236605644226,7.2166829109191895,2.504183530807495,0
physx,constant_forward,0,0,1856,18.559999585151672,1.0,0.0,0.2835037112236023,0.29481186096679346,0.22954716664868358,-0.04345680773258209,-0.9437100291252136,7.0958781242370605,0.984325647354126,0
physx,constant_forward,0,0,1857,18.569999584928155,1.0,0.0,0.2816788852214813,0.28173135652766895,0.22459476459739686,-0.04219376668334007,0.9636736512184143,7.715372085571289,1.7943272590637207,0
physx,constant_forward,0,0,1858,18.579999584704638,1.0,0.0,0.2805425822734833,0.28269212586802467,0.22561752921141837,0.0567360557615757,-0.7559959292411804,8.674894332885742,1.3172789812088013,0
physx,constant_forward,0,0,1859,18.58999958448112,1.0,0.0,0.2813676595687866,0.3014819910063337,0.23873731591788153,0.11800295114517212,0.5889922380447388,9.789860725402832,3.012695074081421,0
physx,constant_forward,0,0,1860,18.599999584257603,1.0,0.0,0.2832062840461731,0.30754411998761716,0.26076079490140847,0.11505488306283951,-1.3283441066741943,10.567527770996094,1.1600027084350586,0
physx,constant_forward,0,0,1861,18.609999584034085,1.0,0.0,0.28404077887535095,0.2948602684583386,0.28113836410061427,0.06148367002606392,-1.5269460678100586,9.74226188659668,2.6216537952423096,0
physx,constant_forward,0,0,1862,18.619999583810568,1.0,0.0,0.28445324301719666,0.2828647392510728,0.28637954240895125,-0.010547942481935024,1.6878888607025146,9.6607027053833,1.0642814636230469,0
physx,constant_forward,0,0,1863,18.62999958358705,1.0,0.0,0.2840219736099243,0.2777271410225492,0.27332490032291235,-0.08194983005523682,0.8056390285491943,9.260405540466309,1.838536024093628,0
physx,constant_forward,0,0,1864,18.639999583363533,1.0,0.0,0.28299251198768616,0.280126891686137,0.2553553795809556,-0.07131598144769669,0.4013684391975403,8.166900634765625,1.4222235679626465,0
physx,constant_forward,0,0,1865,18.649999583140016,1.0,0.0,0.28245657682418823,0.2974766312953228,0.23951216423541707,-0.02074798196554184,0.8098310232162476,7.36129903793335,1.7392531633377075,0
physx,constant_forward,0,0,1866,18.659999582916498,1.0,0.0,0.2813882529735565,0.302163272708035,0.2347220964039447,-0.03991289064288139,-1.039360523223877,7.276095390319824,0.9383677244186401,0
physx,constant_forward,0,0,1867,18.66999958269298,1.0,0.0,0.2795254588127136,0.2913009472642608,0.23561609216759363,-0.032807618379592896,1.0286235809326172,8.061201095581055,1.9017267227172852,0
physx,constant_forward,0,0,1868,18.679999582469463,1.0,0.0,0.27853694558143616,0.29487040419863686,0.24086466239788942,0.06381736695766449,-0.4733968675136566,9.15791130065918,1.4237182140350342,0
physx,constant_forward,0,0,1869,18.689999582245946,1.0,0.0,0.27955037355422974,0.31486638402499795,0.25753726076330646,0.12613637745380402,0.5518047213554382,10.32496166229248,3.009171962738037,0
physx,constant_forward,0,0,1870,18.69999958202243,1.0,0.0,0.28162381052970886,0.32196497580083505,0.2807924861497295,0.11923106014728546,-1.3356001377105713,10.807879447937012,0.8271613121032715,0
physx,constant_forward,0,0,1871,18.70999958179891,1.0,0.0,0.2826635539531708,0.3087694516893524,0.29857638735589304,0.06598562747240067,-1.2328885793685913,9.838177680969238,2.624455690383911,0
physx,constant_forward,0,0,1872,18.719999581575394,1.0,0.0,0.2832717299461365,0.2964527691024575,0.3000116456087473,-0.0055022635497152805,1.8588460683822632,9.59631633758545,0.9891009330749512,0
physx,constant_forward,0,0,1873,18.729999581351876,1.0,0.0,0.2829664647579193,0.29024953868295483,0.28281482446723083,-0.07463598996400833,0.8663524985313416,9.125123977661133,2.0553901195526123,0
physx,constant_forward,0,0,1874,18.73999958112836,1.0,0.0,0.2821049392223358,0.29238326880655535,0.26177523117406687,-0.06225652992725372,0.45204025506973267,7.900694847106934,1.6088637113571167,0
physx,constant_forward,0,0,1875,18.74999958090484,1.0,0.0,0.2814106345176697,0.30347042451451056,0.2466902744164215,-0.03597074747085571,-1.7700191736221313,7.164062023162842,1.7475277185440063,0
physx,constant_forward,0,0,1876,18.759999580681324,1.0,0.0,0.27977317571640015,0.293338886378528,0.242059872713537,-0.0713268592953682,0.09111924469470978,7.858518600463867,1.271355152130127,0
physx,constant_forward,0,0,1877,18.769999580457807,1.0,0.0,0.27826112508773804,0.2873667630495009,0.24146113013570683,-0.019271302968263626,0.8113492131233215,8.63461685180664,1.8145935535430908,0
physx,constant_forward,0,0,1878,18.77999958023429,1.0,0.0,0.27871865034103394,0.3036342175843841,0.2518553676938833,0.09708806872367859,0.08573441952466965,9.773650169372559,3.2105138301849365,0
physx,constant_forward,0,0,1879,18.78999958001077,1.0,0.0,0.28090205788612366,0.3176885046875968,0.2717352862566948,0.11757174879312515,-1.1381384134292603,10.539907455444336,1.2190909385681152,0
physx,constant_forward,0,0,1880,18.799999579787254,1.0,0.0,0.2822313606739044,0.3111114854085494,0.2902718449687118,0.06508521735668182,-1.3404821157455444,9.82065486907959,2.0622217655181885,0
physx,constant_forward,0,0,1881,18.809999579563737,1.0,0.0,0.2833019196987152,0.30347894691678673,0.2951211154848363,0.00789576955139637,1.372119426727295,9.701034545898438,1.3471556901931763,0
physx,constant_forward,0,0,1882,18.81999957934022,1.0,0.0,0.28351953625679016,0.2895599921413144,0.2830136369032086,-0.06170230358839035,1.0012015104293823,9.700050354003906,0.808090329170227,0
physx,constant_forward,0,0,1883,18.829999579116702,1.0,0.0,0.2833196818828583,0.2824238920441668,0.26319710873262747,-0.08550763875246048,0.36363768577575684,8.788317680358887,2.5079989433288574,0
physx,constant_forward,0,0,1884,18.839999578893185,1.0,0.0,0.2830302119255066,0.28624595662443886,0.2445896208343415,-0.07346737384796143,-1.9999079704284668,7.387196063995361,2.2679951190948486,0
physx,constant_forward,0,0,1885,18.849999578669667,1.0,0.0,0.28172194957733154,0.27354640925099283,0.2337907012886581,-0.11443361639976501,0.031146645545959473,7.762698173522949,1.1542476415634155,0
physx,constant_forward,0,0,1886,18.85999957844615,1.0,0.0,0.28036195039749146,0.26513407169913505,0.22670465680336893,-0.0756678432226181,0.5580930709838867,8.249364852905273,1.4962072372436523,0
physx,constant_forward,0,0,1887,18.869999578222632,1.0,0.0,0.28074800968170166,0.2784358077546115,0.23081759824578932,0.03830663114786148,0.04917863756418228,9.140521049499512,2.978884220123291,0
physx,constant_forward,0,0,1888,18.879999577999115,1.0,0.0,0.28263652324676514,0.2963494371254429,0.24446856973829753,0.0619136318564415,0.38692963123321533,10.064373970031738,1.4715614318847656,0
physx,constant_forward,0,0,1889,18.889999577775598,1.0,0.0,0.2846212387084961,0.28885073065225964,0.2666581269408575,0.03290005028247833,-3.0531816482543945,10.36767578125,0.3866432309150696,0
physx,constant_forward,0,0,1890,18.89999957755208,1.0,0.0,0.28561222553253174,0.2739224892606644,0.2816566430248261,-0.025193816050887108,0.3256455957889557,9.151430130004883,3.9568254947662354,0
physx,constant_forward,0,0,1891,18.909999577328563,1.0,0.0,0.2860161066055298,0.2631246714453604,0.27561596577646336,-0.09531773626804352,1.170708179473877,9.319035530090332,1.1827467679977417,0
physx,constant_forward,0,0,1892,18.919999577105045,1.0,0.0,0.2854611873626709,0.25541972879824815,0.25753220829954027,-0.14133048057556152,0.23082971572875977,8.799052238464355,2.2067787647247314,0
physx,constant_forward,0,0,1893,18.929999576881528,1.0,0.0,0.2848195731639862,0.2619127068534812,0.23762665962231114,-0.1118021160364151,0.2605634927749634,7.6310038566589355,1.7547783851623535,0
physx,constant_forward,0,0,1894,18.93999957665801,1.0,0.0,0.28454720973968506,0.2795551622411596,0.21932229604710368,-0.06686923652887344,0.7126976251602173,7.113073348999023,1.4826135635375977,0
physx,constant_forward,0,0,1895,18.949999576434493,1.0,0.0,0.2842112183570862,0.2931867431805674,0.21033456938030023,-0.04536309093236923,-1.9619559049606323,7.1028313636779785,0.5530990362167358,0
physx,constant_forward,0,0,1896,18.959999576210976,1.0,0.0,0.28306111693382263,0.28598908734611006,0.2105174641146133,-0.05662655085325241,-1.251253366470337,8.044750213623047,1.963481068611145,0
physx,constant_forward,0,0,1897,18.96999957598746,1.0,0.0,0.2819800078868866,0.2789172404100503,0.21630256408763163,-0.013765836134552956,-1.414014220237732,8.839284896850586,1.7257447242736816,0
physx,constant_forward,0,0,1898,18.97999957576394,1.0,0.0,0.28122538328170776,0.27125002819255245,0.23283466705507644,-0.024640681222081184,0.21324297785758972,9.812371253967285,2.358380079269409,0
physx,constant_forward,0,0,1899,18.989999575540423,1.0,0.0,0.2818743586540222,0.27734625801009494,0.25384716012446457,0.046884410083293915,0.23528781533241272,10.397156715393066,0.9160898923873901,0
physx,constant_forward,0,0,1900,18.999999575316906,1.0,0.0,0.28393757343292236,0.29272681924108956,0.2730812737075239,0.05968593806028366,0.6871109008789062,10.771896362304688,1.2993775606155396,0
physx,constant_forward,0,0,1901,19.00999957509339,1.0,0.0,0.28613197803497314,0.29678476345378896,0.28450320291487263,0.03645672649145126,0.44009503722190857,10.510708808898926,0.43390271067619324,0
physx,constant_forward,0,0,1902,19.01999957486987,1.0,0.0,0.2882820665836334,0.2836837522392313,0.28947375365509725,0.026499653235077858,-1.8182941675186157,10.01097297668457,0.730159342288971,0
physx,constant_forward,0,0,1903,19.029999574646354,1.0,0.0,0.2890724837779999,0.2591222103987677,0.285232017456088,-0.04062188044190407,0.1529330313205719,8.694856643676758,2.834075450897217,0
physx,constant_forward,0,0,1904,19.039999574422836,1.0,0.0,0.2889583110809326,0.24784320140009697,0.25521190795707377,-0.10994943976402283,1.5793808698654175,7.7973480224609375,2.2607765197753906,0
physx,constant_forward,0,0,1905,19.04999957419932,1.0,0.0,0.28840556740760803,0.2542225858420137,0.22635409483811916,-0.07303778827190399,0.02737712860107422,7.129486083984375,1.1117675304412842,0
physx,constant_forward,0,0,1906,19.0599995739758,1.0,0.0,0.2879325747489929,0.27078353898048296,0.20012029832388292,-0.04687829688191414,0.7550954818725586,6.416337013244629,2.6141788959503174,0
physx,constant_forward,0,0,1907,19.069999573752284,1.0,0.0,0.28739362955093384,0.285214632328829,0.18318195227825199,-0.01730097457766533,0.251139760017395,6.893370628356934,0.7559725642204285,0
physx,constant_forward,0,0,1908,19.079999573528767,1.0,0.0,0.28557640314102173,0.2788808886888882,0.18292755930640697,-0.053344421088695526,-1.7145863771438599,7.06845235824585,0.8404446840286255,0
physx,constant_forward,0,0,1909,19.08999957330525,1.0,0.0,0.2833365201950073,0.2611568418869399,0.19466014270345433,-0.06081826239824295,0.4197852313518524,8.226479530334473,2.5235626697540283,0
physx,constant_forward,0,0,1910,19.099999573081732,1.0,0.0,0.28285765647888184,0.2654575670236973,0.22141131498968294,0.04377579316496849,0.05206363648176193,9.815312385559082,2.178069591522217,0
physx,constant_forward,0,0,1911,19.109999572858214,1.0,0.0,0.28399357199668884,0.28201746498706964,0.250047398022376,0.0652654692530632,0.47748976945877075,10.821948051452637,1.8111522197723389,0
physx,constant_forward,0,0,1912,19.119999572634697,1.0,0.0,0.28553834557533264,0.2893881175547599,0.27472070937762594,0.037909045815467834,0.5876233577728271,10.894915580749512,0.39109745621681213,0
physx,constant_forward,0,0,1913,19.12999957241118,1.0,0.0,0.2872093915939331,0.2802342716124582,0.2931377149985652,0.02493847906589508,-1.8134801387786865,10.506440162658691,0.6677501201629639,0
physx,constant_forward,0,0,1914,19.139999572187662,1.0,0.0,0.2878464162349701,0.2619911157334262,0.3000626348428171,-0.02714036963880062,-0.2870784401893616,9.152441024780273,2.928002119064331,0
physx,constant_forward,0,0,1915,19.149999571964145,1.0,0.0,0.2881510555744171,0.25484169415840896,0.2846717681975018,-0.049297213554382324,0.2710118889808655,8.726054191589355,0.5936054587364197,0
physx,constant_forward,0,0,1916,19.159999571740627,1.0,0.0,0.28863540291786194,0.2565883138495144,0.26289007607722426,-0.04274055361747742,0.786797821521759,8.430463790893555,0.7283648252487183,0
physx,constant_forward,0,0,1917,19.16999957151711,1.0,0.0,0.2891405522823334,0.2665172438653412,0.23528331121930499,-0.04293224215507507,0.704620897769928,7.7575812339782715,2.4000935554504395,0
physx,constant_forward,0,0,1918,19.179999571293592,1.0,0.0,0.289059042930603,0.27448386734520863,0.2080413653209512,-0.039785388857126236,0.5218697190284729,6.983063697814941,1.05901300907135,0
physx,constant_forward,0,0,1919,19.189999571070075,1.0,0.0,0.2878369987010956,0.2684871135184758,0.19689185435024492,-0.07514239102602005,-0.8138034343719482,6.95697021484375,0.22668294608592987,0
physx,constant_forward,0,0,1920,19.199999570846558,1.0,0.0,0.28569358587265015,0.25284496384011096,0.18965328092062375,-0.08350089192390442,0.12186237424612045,7.8077850341796875,1.6401338577270508,0
physx,constant_forward,0,0,1921,19.20999957062304,1.0,0.0,0.2848794162273407,0.2548204204000166,0.20101931462519412,0.02753603644669056,-0.26935333013534546,8.902955055236816,2.330188512802124,0
physx,constant_forward,0,0,1922,19.219999570399523,1.0,0.0,0.28601449728012085,0.2727239065245254,0.2224681033973357,0.07191590964794159,0.6777269840240479,10.217083930969238,2.0941338539123535,0
physx,constant_forward,0,0,1923,19.229999570176005,1.0,0.0,0.2877053916454315,0.28213128912670954,0.24571314475535752,0.05080609768629074,0.6549455523490906,10.681069374084473,0.650894820690155,0
physx,constant_forward,0,0,1924,19.239999569952488,1.0,0.0,0.2891603410243988,0.26783737753525433,0.2675709007830602,0.015509024262428284,-2.3039093017578125,10.488923072814941,0.6318371891975403,0
physx,constant_forward,0,0,1925,19.24999956972897,1.0,0.0,0.2894785404205322,0.2481965835252373,0.2763513547514239,-0.041354935616254807,0.13667841255664825,9.114907264709473,3.5605387687683105,0
physx,constant_forward,0,0,1926,19.259999569505453,1.0,0.0,0.2895355224609375,0.24167897613704153,0.2642223163335444,-0.051200512796640396,0.007360026240348816,8.805353164672852,1.0149773359298706,0
physx,constant_forward,0,0,1927,19.269999569281936,1.0,0.0,0.28995436429977417,0.24709775192953817,0.24498947280888403,-0.034956641495227814,0.8953787088394165,8.529906272888184,0.7560269236564636,0
physx,constant_forward,0,0,1928,19.27999956905842,1.0,0.0,0.29051458835601807,0.261838655746239,0.21965251178971779,-0.02198425680398941,0.6756450533866882,7.857119560241699,2.4012110233306885,0
physx,constant_forward,0,0,1929,19.2899995688349,1.0,0.0,0.29051703214645386,0.2734256239722313,0.19444879956982872,-0.0107131227850914,0.5161029100418091,6.981066703796387,1.2580552101135254,0
physx,constant_forward,0,0,1930,19.299999568611383,1.0,0.0,0.2892551124095917,0.268472819567186,0.18581458195740494,-0.04566041752696037,-1.642111897468567,6.857107639312744,0.32921090722084045,0
physx,constant_forward,0,0,1931,19.309999568387866,1.0,0.0,0.2871478199958801,0.25351433714806126,0.18148957254372033,-0.04824003577232361,1.151229739189148,7.718528747558594,2.057154893875122,0
physx,constant_forward,0,0,1932,19.31999956816435,1.0,0.0,0.28572964668273926,0.25549218288396447,0.1840641204695918,0.05383148416876793,-0.6152832508087158,8.629585266113281,1.393691897392273,0
physx,constant_forward,0,0,1933,19.32999956794083,1.0,0.0,0.28598058223724365,0.2718266267102378,0.1986601345195791,0.10879631340503693,0.704796314239502,9.766812324523926,3.2179858684539795,0
physx,constant_forward,0,0,1934,19.339999567717314,1.0,0.0,0.28724563121795654,0.2842279041562276,0.22165543216067002,0.12151813507080078,0.5447686314582825,10.401756286621094,1.1116315126419067,0
physx,constant_forward,0,0,1935,19.349999567493796,1.0,0.0,0.28875160217285156,0.2779555939251645,0.24615731657246837,0.09786385297775269,-1.5317573547363281,10.416611671447754,0.28972363471984863,0
physx,constant_forward,0,0,1936,19.35999956727028,1.0,0.0,0.28916656970977783,0.2603229032913883,0.263690252583165,0.044505804777145386,-1.6836013793945312,9.381136894226074,2.9798433780670166,0
physx,constant_forward,0,0,1937,19.36999956704676,1.0,0.0,0.2890056371688843,0.24743746043138218,0.25995598453647806,-0.031874626874923706,1.7921299934387207,9.078675270080566,0.6872870326042175,0
physx,constant_forward,0,0,1938,19.379999566823244,1.0,0.0,0.28809407353401184,0.24628892769347738,0.24154067352411143,-0.05725814402103424,0.08743645995855331,8.537517547607422,2.2241995334625244,0
physx,constant_forward,0,0,1939,19.389999566599727,1.0,0.0,0.2872389853000641,0.2597057116597221,0.22280539555268525,-0.020047858357429504,0.5955342054367065,7.223244667053223,2.338937759399414,0
physx,constant_forward,0,0,1940,19.39999956637621,1.0,0.0,0.2867128849029541,0.28118776520876954,0.20597936298273228,0.03876488655805588,0.800579309463501,7.026495456695557,1.2654465436935425,0
physx,constant_forward,0,0,1941,19.409999566152692,1.0,0.0,0.28615403175354004,0.2975595695851226,0.19871773313760038,0.06231334060430527,-1.5669115781784058,7.0456461906433105,0.3167937695980072,0
physx,constant_forward,0,0,1942,19.419999565929174,1.0,0.0,0.2842707633972168,0.28459806025810697,0.2029957170351898,0.02755827084183693,0.5664701461791992,8.024138450622559,1.9386417865753174,0
physx,constant_forward,0,0,1943,19.429999565705657,1.0,0.0,0.2824142575263977,0.2684660824834343,0.21562816124870282,0.07342714071273804,-0.4296662211418152,8.907625198364258,2.266774892807007,0
physx,constant_forward,0,0,1944,19.43999956548214,1.0,0.0,0.2825499176979065,0.2766804572570897,0.2405239278894126,0.14073291420936584,0.44224780797958374,10.118871688842773,1.7043685913085938,0
physx,constant_forward,0,0,1945,19.449999565258622,1.0,0.0,0.2839590013027191,0.2914446357806432,0.2640610886749783,0.14799514412879944,0.7493158578872681,10.824450492858887,1.5439198017120361,0
physx,constant_forward,0,0,1946,19.459999565035105,1.0,0.0,0.2857888638973236,0.29059499883203455,0.2838528451646318,0.1299515962600708,-1.3251739740371704,10.747200012207031,0.2268371731042862,0
physx,constant_forward,0,0,1947,19.469999564811587,1.0,0.0,0.2862585186958313,0.27162539611196723,0.2936631596721784,0.06186894699931145,-1.153678297996521,9.485796928405762,2.8995323181152344,0
physx,constant_forward,0,0,1948,19.47999956458807,1.0,0.0,0.2860773801803589,0.2618056918532459,0.27874166428609454,-0.007071034517139196,1.9164105653762817,8.835487365722656,1.8945316076278687,0
physx,constant_forward,0,0,1949,19.489999564364552,1.0,0.0,0.28478288650512695,0.2603703168220295,0.25321485511230735,-0.02800092287361622,0.15324658155441284,7.886502265930176,2.07446551322937,0
physx,constant_forward,0,0,1950,19.499999564141035,1.0,0.0,0.2837250232696533,0.27536436844351453,0.23315415650955137,0.01648363471031189,0.5761606693267822,6.877185821533203,2.3504128456115723,0
physx,constant_forward,0,0,1951,19.509999563917518,1.0,0.0,0.28298893570899963,0.2958546625015164,0.21776466365858407,0.06455320119857788,0.7435721755027771,7.008486747741699,1.037577509880066,0
physx,constant_forward,0,0,1952,19.519999563694,1.0,0.0,0.2820380926132202,0.30805987490186226,0.21210910306310232,0.0759231448173523,-1.5644887685775757,7.180673599243164,0.2765982151031494,0
physx,constant_forward,0,0,1953,19.529999563470483,1.0,0.0,0.2800392508506775,0.2923852781730108,0.22524028006605,0.03999202698469162,0.18300847709178925,8.403611183166504,2.468366861343384,0
physx,constant_forward,0,0,1954,19.539999563246965,1.0,0.0,0.2786075174808502,0.27972755582156206,0.24690155769142763,0.07860312610864639,-0.029782705008983612,9.592061996459961,2.0339038372039795,0
physx,constant_forward,0,0,1955,19.549999563023448,1.0,0.0,0.27925240993499756,0.29223476107191954,0.27411058190488297,0.14030821621418,0.4702909588813782,10.598162651062012,1.5401229858398438,0
physx,constant_forward,0,0,1956,19.55999956279993,1.0,0.0,0.280958890914917,0.3077468211226378,0.2948159920215039,0.12996643781661987,0.8338618278503418,10.986820220947266,1.2796070575714111,0
physx,constant_forward,0,0,1957,19.569999562576413,1.0,0.0,0.2823183536529541,0.29472390725859215,0.31098258731854406,0.08450952172279358,-2.39736270904541,10.695433616638184,0.38270631432533264,0
physx,constant_forward,0,0,1958,19.579999562352896,1.0,0.0,0.2824970781803131,0.2781761645250313,0.3102080157121647,0.019028328359127045,1.148398518562317,9.20079517364502,4.848496437072754,0
physx,constant_forward,0,0,1959,19.58999956212938,1.0,0.0,0.28168895840644836,0.2743534675126533,0.28629977160148995,-0.04645511507987976,1.343016266822815,8.089795112609863,1.8035563230514526,0
physx,constant_forward,0,0,1960,19.59999956190586,1.0,0.0,0.2806438207626343,0.28601717526389175,0.26347843806888616,-0.0025998500641435385,0.24622030556201935,7.29880952835083,1.0311965942382812,0
physx,constant_forward,0,0,1961,19.609999561682343,1.0,0.0,0.2799859642982483,0.3070646738693374,0.24464127946077355,0.03414559364318848,0.7845407724380493,6.826309680938721,2.3338348865509033,0
physx,constant_forward,0,0,1962,19.619999561458826,1.0,0.0,0.2781383693218231,0.3050897408709008,0.24026904386356512,0.005763736553490162,-1.8584555387496948,7.190057754516602,0.6233627796173096,0
physx,constant_forward,0,0,1963,19.62999956123531,1.0,0.0,0.2757626175880432,0.2894068955350152,0.24739641532748644,-0.010564394295215607,0.8805550336837769,8.161153793334961,2.5530223846435547,0
physx,constant_forward,0,0,1964,19.63999956101179,1.0,0.0,0.27525070309638977,0.29591632016518943,0.2674259342404838,0.11395378410816193,-0.3685991168022156,9.754361152648926,2.2092761993408203,0
physx,constant_forward,0,0,1965,19.649999560788274,1.0,0.0,0.27672600746154785,0.3173896972195231,0.2913916784544185,0.12944456934928894,0.9906018376350403,10.915066719055176,1.9025667905807495,0
physx,constant_forward,0,0,1966,19.659999560564756,1.0,0.0,0.27821412682533264,0.31142036389491295,0.314215319841353,0.08474612981081009,-2.406747579574585,11.066122055053711,0.39997783303260803,0
physx,constant_forward,0,0,1967,19.66999956034124,1.0,0.0,0.27868416905403137,0.29810188474512694,0.3226068016460816,0.022190477699041367,0.653684675693512,9.654671669006348,4.740929126739502,0
physx,constant_forward,0,0,1968,19.67999956011772,1.0,0.0,0.2784006595611572,0.2946742298092692,0.3081119190019684,-0.04670530930161476,1.5065298080444336,8.866960525512695,1.242903232574463,0
physx,constant_forward,0,0,1969,19.689999559894204,1.0,0.0,0.27730220556259155,0.29629523525856566,0.28678994563948784,-0.046807143837213516,0.1412879228591919,8.206686019897461,1.0571634769439697,0
physx,constant_forward,0,0,1970,19.699999559670687,1.0,0.0,0.27669817209243774,0.3115049262242162,0.2701379360638761,-0.004813874140381813,0.5895718932151794,7.373196601867676,2.0585713386535645,0
physx,constant_forward,0,0,1971,19.70999955944717,1.0,0.0,0.27517974376678467,0.3097814906204449,0.26390818028575735,-0.030360877513885498,-1.6280741691589355,7.396913528442383,0.7710530161857605,0
physx,constant_forward,0,0,1972,19.719999559223652,1.0,0.0,0.27324336767196655,0.29621580017077037,0.2680542829472444,-0.03739039972424507,0.5795444250106812,8.34970760345459,2.213789463043213,0
physx,constant_forward,0,0,1973,19.729999559000134,1.0,0.0,0.27319222688674927,0.30380475869737117,0.2844669921750707,0.06746728718280792,-0.0035528838634490967,9.71934986114502,1.887316107749939,0
physx,constant_forward,0,0,1974,19.739999558776617,1.0,0.0,0.27502360939979553,0.3245358443525505,0.3040373914167045,0.09121402353048325,0.7791639566421509,10.766594886779785,1.7575339078903198,0
physx,constant_forward,0,0,1975,19.7499995585531,1.0,0.0,0.2768584191799164,0.31683435901487883,0.3232751971921169,0.04531768709421158,-2.8803791999816895,10.96402645111084,0.311000257730484,0
physx,constant_forward,0,0,1976,19.759999558329582,1.0,0.0,0.2778066396713257,0.3053585606008561,0.32802937172883934,-0.01777130737900734,1.4263193607330322,9.517746925354004,4.976154327392578,0
physx,constant_forward,0,0,1977,19.769999558106065,1.0,0.0,0.2778747081756592,0.3031551501733089,0.3101219497528589,-0.086115762591362,1.1631629467010498,8.703227996826172,1.555860161781311,0
physx,constant_forward,0,0,1978,19.779999557882547,1.0,0.0,0.2770284116268158,0.30194887271924375,0.28735613644043256,-0.09693075716495514,-0.0789002776145935,8.006654739379883,0.8546912670135498,0
physx,constant_forward,0,0,1979,19.78999955765903,1.0,0.0,0.27619171142578125,0.306153434605621,0.27206424357088543,-0.08553634583950043,-1.8835984468460083,7.444575786590576,1.2299013137817383,0
physx,constant_forward,0,0,1980,19.799999557435513,1.0,0.0,0.2747395634651184,0.2975349825394452,0.2649095671740045,-0.11385469138622284,1.1304067373275757,8.264633178710938,1.2020773887634277,0
physx,constant_forward,0,0,1981,19.809999557211995,1.0,0.0,0.2741936147212982,0.2949097443750476,0.26972538547575414,-0.02862231433391571,-0.5482221841812134,9.365232467651367,2.0154237747192383,0
physx,constant_forward,0,0,1982,19.819999556988478,1.0,0.0,0.27591821551322937,0.3119726942808549,0.28532128818019825,0.024910885840654373,0.8006924390792847,10.205828666687012,1.2650320529937744,0
physx,constant_forward,0,0,1983,19.82999955676496,1.0,0.0,0.27877527475357056,0.3201218232548437,0.30217950831867696,0.02535356394946575,-1.641724705696106,10.68281078338623,0.807948887348175,0
physx,constant_forward,0,0,1984,19.839999556541443,1.0,0.0,0.2803213894367218,0.30422527197823446,0.3128472325907425,-0.04191894456744194,-0.5925223231315613,9.607067108154297,2.7492733001708984,0
physx,constant_forward,0,0,1985,19.849999556317925,1.0,0.0,0.28152358531951904,0.2969622437542667,0.30290313085453163,-0.10606512427330017,1.7274105548858643,9.291121482849121,1.6310350894927979,0
physx,constant_forward,0,0,1986,19.859999556094408,1.0,0.0,0.28140512108802795,0.2891395785592971,0.27781795810318044,-0.17412742972373962,0.5242577791213989,8.565403938293457,1.5113272666931152,0
physx,constant_forward,0,0,1987,19.86999955587089,1.0,0.0,0.280789852142334,0.28910297132610135,0.25408968782291724,-0.15346531569957733,-0.008451849222183228,7.596020221710205,1.2032907009124756,0
physx,constant_forward,0,0,1988,19.879999555647373,1.0,0.0,0.2804006040096283,0.2974340910107563,0.23948711316458715,-0.12971855700016022,-1.8055833578109741,7.083470821380615,1.4991745948791504,0
physx,constant_forward,0,0,1989,19.889999555423856,1.0,0.0,0.27918198704719543,0.28803776664969083,0.23375688589051213,-0.15532569587230682,1.0048880577087402,7.980204105377197,1.3462969064712524,0
physx,constant_forward,0,0,1990,19.89999955520034,1.0,0.0,0.27874061465263367,0.28318895673617756,0.24056831407836166,-0.06165487319231033,-0.6495408415794373,9.026168823242188,2.0759432315826416,0
physx,constant_forward,0,0,1991,19.90999955497682,1.0,0.0,0.2804665267467499,0.29844792018071387,0.25775129007266345,-0.004326437599956989,0.7744858264923096,9.965115547180176,1.411364197731018,0
physx,constant_forward,0,0,1992,19.919999554753304,1.0,0.0,0.2830727994441986,0.3104310279331939,0.27494201879441205,-0.008918472565710545,0.6175036430358887,10.567638397216797,0.9596043825149536,0
physx,constant_forward,0,0,1993,19.929999554529786,1.0,0.0,0.2851889729499817,0.2910795403065069,0.2907882240608968,-0.057096727192401886,-2.989485025405884,10.399480819702148,0.42029327154159546,0
physx,constant_forward,0,0,1994,19.93999955430627,1.0,0.0,0.28617924451828003,0.2725005038235474,0.28832937322302765,-0.1186503991484642,1.433910846710205,8.991883277893066,5.0968523025512695,0
physx,constant_forward,0,0,1995,19.94999955408275,1.0,0.0,0.2860342264175415,0.2662285210260138,0.26577414870267135,-0.17434507608413696,0.7608650326728821,8.08143138885498,1.7842551469802856,0
physx,constant_forward,0,0,1996,19.959999553859234,1.0,0.0,0.28547585010528564,0.2721469922492682,0.24463777995728198,-0.13644680380821228,0.09384158253669739,7.258079528808594,1.2747374773025513,0
physx,constant_forward,0,0,1997,19.969999553635716,1.0,0.0,0.285188764333725,0.28805756637008695,0.22810724998821474,-0.09247075021266937,0.6940829157829285,6.816555500030518,1.6489875316619873,0
physx,constant_forward,0,0,1998,19.9799995534122,1.0,0.0,0.28481563925743103,0.3014788480952552,0.217428967223649,-0.05408667027950287,-0.10921457409858704,7.078224182128906,0.4561716318130493,0
physx,constant_forward,0,0,1999,19.98999955318868,1.0,0.0,0.2835935950279236,0.29222092169573805,0.22196506238735217,-0.07451754063367844,-1.994516372680664,7.555319786071777,1.6526011228561401,0
physx,constant_forward,0,0,2000,19.999999552965164,1.0,0.0,0.28245851397514343,0.27843784752469825,0.2352972006706434,-0.08219748735427856,0.7892085909843445,9.131604194641113,2.430319309234619,0
