engine,scenario_id,repeat_id,seed,step,time_s,cmd_vx,cmd_yaw,base_z,base_roll,base_pitch,base_lin_vx,base_ang_yaw,action_l2,action_delta_l2,fallen_flag
physx,constant_forward,1,1,1,0.009999999776482582,1.0,0.0,0.30416518449783325,-0.0060449107861654545,0.05004404777046937,0.38033729791641235,7.082604885101318,3.8149185180664062,0.0,0
physx,constant_forward,1,1,2,0.019999999552965164,1.0,0.0,0.3061485290527344,0.0045818492100951685,0.06485633602314674,0.5106511116027832,3.025057554244995,3.1519834995269775,6.094058036804199,0
physx,constant_forward,1,1,3,0.029999999329447746,1.0,0.0,0.309055894613266,0.02055729663074562,0.05256055544426296,0.6987777352333069,6.865886211395264,2.729675769805908,4.278777599334717,0
physx,constant_forward,1,1,4,0.03999999910593033,1.0,0.0,0.3123247027397156,0.0430872493974021,0.05172278917300364,0.9447500109672546,5.645523548126221,5.879453182220459,4.152375221252441,0
physx,constant_forward,1,1,5,0.04999999888241291,1.0,0.0,0.3163203299045563,0.05939919230466067,0.047473540397172935,1.173810362815857,0.6741602420806885,4.607610702514648,4.719974994659424,0
physx,constant_forward,1,1,6,0.05999999865889549,1.0,0.0,0.3201451003551483,0.07086965461373847,0.03800773342369354,1.3100183010101318,-0.32465028762817383,4.108499526977539,0.7933802604675293,0
physx,constant_forward,1,1,7,0.06999999843537807,1.0,0.0,0.3237301707267761,0.07373242022829922,0.018628322978172896,1.4343434572219849,-0.8279703259468079,4.220062255859375,1.602251648902893,0
physx,constant_forward,1,1,8,0.07999999821186066,1.0,0.0,0.326645165681839,0.08494891673290565,0.011604688036042414,1.5078198909759521,0.21531158685684204,4.052804470062256,3.3787379264831543,0
physx,constant_forward,1,1,9,0.08999999798834324,1.0,0.0,0.32851552963256836,0.10787744761745144,-0.0007789196873669228,1.5423134565353394,-0.7643229961395264,4.369192600250244,1.0312142372131348,0
physx,constant_forward,1,1,10,0.09999999776482582,1.0,0.0,0.32931283116340637,0.13474056251797764,0.009383342656650856,1.5684607028961182,0.213034987449646,4.463942527770996,0.25835540890693665,0
physx,constant_forward,1,1,11,0.1099999975413084,1.0,0.0,0.3279743492603302,0.15293851878253018,0.036091515958825725,1.4554603099822998,3.0601320266723633,4.803697109222412,0.6215564012527466,0
physx,constant_forward,1,1,12,0.11999999731779099,1.0,0.0,0.3241230845451355,0.16356847265575533,0.06262563435633277,1.2743597030639648,-1.4121843576431274,3.965894937515259,1.2914586067199707,0
physx,constant_forward,1,1,13,0.12999999709427357,1.0,0.0,0.31740567088127136,0.17507806102717943,0.0787059370640522,1.135837435722351,-4.490614414215088,5.155627250671387,2.0996696949005127,0
physx,constant_forward,1,1,14,0.13999999687075615,1.0,0.0,0.3097260594367981,0.1867031341509845,0.09032448387037185,1.036931037902832,0.6493448615074158,6.3670854568481445,1.669118881225586,0
physx,constant_forward,1,1,15,0.14999999664723873,1.0,0.0,0.30111557245254517,0.20205604896029777,0.09041223905992883,0.9030228853225708,1.2310898303985596,6.683858394622803,2.5056798458099365,0
physx,constant_forward,1,1,16,0.1599999964237213,1.0,0.0,0.29192569851875305,0.22028690175257445,0.09640632317458656,0.8000473380088806,1.0452772378921509,6.89810848236084,0.8204910159111023,0
physx,constant_forward,1,1,17,0.1699999962002039,1.0,0.0,0.2824908494949341,0.23958683271569056,0.11937413884556312,0.7229204773902893,0.9599055647850037,7.108672142028809,0.5006575584411621,0
physx,constant_forward,1,1,18,0.17999999597668648,1.0,0.0,0.272980660200119,0.25965799599794753,0.12936006734049837,0.666587769985199,2.686769723892212,7.648985385894775,0.8051732778549194,0
physx,constant_forward,1,1,19,0.18999999575316906,1.0,0.0,0.2641718089580536,0.2778041007669294,0.13814451246111106,0.6022534966468811,2.814626693725586,8.403488159179688,1.7367572784423828,0
physx,constant_forward,1,1,20,0.19999999552965164,1.0,0.0,0.2567976117134094,0.2884098376897599,0.16182879013747173,0.6098411679267883,-1.2443537712097168,8.730725288391113,0.7410863041877747,0
physx,constant_forward,1,1,21,0.20999999530613422,1.0,0.0,0.24983195960521698,0.2997298886105487,0.1921505776541439,0.5517621636390686,-0.6604297161102295,7.594471454620361,2.6941494941711426,0
physx,constant_forward,1,1,22,0.2199999950826168,1.0,0.0,0.24447517096996307,0.30954479468171286,0.18994337287627372,0.4570035934448242,0.451786071062088,8.144014358520508,0.8477419018745422,0
physx,constant_forward,1,1,23,0.2299999948590994,1.0,0.0,0.24148698151111603,0.3210089884626379,0.1715813791458085,0.3613070249557495,1.520644187927246,7.789169788360596,0.8288947939872742,0
physx,constant_forward,1,1,24,0.23999999463558197,1.0,0.0,0.24057307839393616,0.33646998910960607,0.15352968194586952,0.2802792191505432,-0.8443092703819275,6.59846305847168,2.096970319747925,0
physx,constant_forward,1,1,25,0.24999999441206455,1.0,0.0,0.24053451418876648,0.3476449675534203,0.11538773539294245,0.2222641557455063,-0.328803151845932,6.130400657653809,2.039569854736328,0
physx,constant_forward,1,1,26,0.25999999418854713,1.0,0.0,0.24034909904003143,0.3436251374876541,0.10823825741842479,0.07648085057735443,-0.7495559453964233,4.581845760345459,1.7032642364501953,0
physx,constant_forward,1,1,27,0.2699999939650297,1.0,0.0,0.24055850505828857,0.33067544247957376,0.09835225354234062,-0.049912042915821075,1.2525979280471802,5.620063781738281,2.9160633087158203,0
physx,constant_forward,1,1,28,0.2799999937415123,1.0,0.0,0.2396838515996933,0.3394414971763382,0.1335520615171653,-0.11854975670576096,-0.9234154224395752,6.43173360824585,1.2719295024871826,0
physx,constant_forward,1,1,29,0.2899999935179949,1.0,0.0,0.2381749451160431,0.3418043336357583,0.18492489102740653,-0.1650598645210266,0.29631131887435913,7.784853458404541,3.919092893600464,0
physx,constant_forward,1,1,30,0.29999999329447746,1.0,0.0,0.23739156126976013,0.33658022661548287,0.2063883485510984,-0.271295428276062,1.3805428743362427,8.456650733947754,1.8925117254257202,0
physx,constant_forward,1,1,31,0.30999999307096004,1.0,0.0,0.23822592198848724,0.3433996639762539,0.18679286856886546,-0.2625245153903961,1.6466755867004395,8.247641563415527,1.443298101425171,0
physx,constant_forward,1,1,32,0.3199999928474426,1.0,0.0,0.2401362657546997,0.34022475158789617,0.18794045294537773,-0.21841707825660706,-1.303961992263794,7.339439868927002,3.178377628326416,0
physx,constant_forward,1,1,33,0.3299999926239252,1.0,0.0,0.24181237816810608,0.34067328122665885,0.21600774642028406,-0.2364863008260727,-1.0933014154434204,5.572341442108154,4.600010395050049,0
physx,constant_forward,1,1,34,0.3399999924004078,1.0,0.0,0.2441653311252594,0.3434594646228547,0.2166210771403702,-0.26435914635658264,0.30013373494148254,6.712067604064941,2.125765323638916,0
physx,constant_forward,1,1,35,0.3499999921768904,1.0,0.0,0.2467818409204483,0.34572453320710683,0.24883534642168073,-0.24544985592365265,-0.8480730056762695,6.978636741638184,1.0178141593933105,0
physx,constant_forward,1,1,36,0.35999999195337296,1.0,0.0,0.24915941059589386,0.33960414195329175,0.29503750414686614,-0.2969115376472473,0.5636296272277832,7.777085304260254,1.4066338539123535,0
physx,constant_forward,1,1,37,0.36999999172985554,1.0,0.0,0.2516562342643738,0.3364248207660983,0.2901538445524447,-0.2626208961009979,0.14613693952560425,7.8830437660217285,0.49367666244506836,0
physx,constant_forward,1,1,38,0.3799999915063381,1.0,0.0,0.2549855411052704,0.33527901509389246,0.26690381902440763,-0.3304535150527954,0.9119303226470947,7.588318347930908,1.7385320663452148,0
physx,constant_forward,1,1,39,0.3899999912828207,1.0,0.0,0.25854814052581787,0.3247783234396822,0.2590231476291446,-0.24560074508190155,-2.4565589427948,6.732098579406738,1.5953439474105835,0
physx,constant_forward,1,1,40,0.3999999910593033,1.0,0.0,0.2609585225582123,0.30537247666781236,0.29071326883045145,-0.31166064739227295,-0.6946730613708496,5.453762054443359,2.914666175842285,0
physx,constant_forward,1,1,41,0.40999999083578587,1.0,0.0,0.2628307342529297,0.29832409777109403,0.2883374433182187,-0.3464563488960266,0.020949572324752808,6.9990668296813965,3.132018566131592,0
physx,constant_forward,1,1,42,0.41999999061226845,1.0,0.0,0.2650281488895416,0.31420474762938144,0.2508377935554876,-0.35301846265792847,1.3312522172927856,6.942638397216797,2.418889284133911,0
physx,constant_forward,1,1,43,0.42999999038875103,1.0,0.0,0.2667434811592102,0.31870905858308024,0.2524226529476689,-0.334575891494751,-0.4727497100830078,6.625534534454346,2.6954140663146973,0
physx,constant_forward,1,1,44,0.4399999901652336,1.0,0.0,0.2679372727870941,0.30478877753232275,0.28193098531604555,-0.4061029851436615,0.6704851388931274,7.384003162384033,1.7979254722595215,0
physx,constant_forward,1,1,45,0.4499999899417162,1.0,0.0,0.26928308606147766,0.29869156763496335,0.28382206185977726,-0.4270302355289459,0.9375109672546387,7.832136154174805,1.8975862264633179,0
physx,constant_forward,1,1,46,0.4599999897181988,1.0,0.0,0.27129584550857544,0.30823623557117696,0.24262401952309495,-0.3662802577018738,1.591947078704834,7.823249816894531,1.6386919021606445,0
physx,constant_forward,1,1,47,0.46999998949468136,1.0,0.0,0.27420705556869507,0.31056058054070584,0.23051750690443945,-0.28062132000923157,-1.7673819065093994,7.194238662719727,2.9004549980163574,0
physx,constant_forward,1,1,48,0.47999998927116394,1.0,0.0,0.27626362442970276,0.30058336757144555,0.27179774346199204,-0.28269684314727783,-1.7726242542266846,6.096712589263916,3.2538137435913086,0
physx,constant_forward,1,1,49,0.4899999890476465,1.0,0.0,0.277812659740448,0.2947306261829991,0.30034885846682163,-0.2718498110771179,-0.7365419268608093,7.151660919189453,2.127387285232544,0
physx,constant_forward,1,1,50,0.4999999888241291,1.0,0.0,0.279564768075943,0.3033930130006209,0.2835581522513996,-0.2760823369026184,0.5354470610618591,8.084704399108887,1.8204606771469116,0
physx,constant_forward,1,1,51,0.5099999886006117,1.0,0.0,0.28153669834136963,0.30984661528394464,0.25931466200744574,-0.24468360841274261,-0.22772888839244843,7.803813457489014,1.6486637592315674,0
physx,constant_forward,1,1,52,0.5199999883770943,1.0,0.0,0.28357627987861633,0.30594296164545,0.2753388449043271,-0.24192370474338531,-0.7338736653327942,7.910249710083008,0.8787691593170166,0
physx,constant_forward,1,1,53,0.5299999881535769,1.0,0.0,0.28456854820251465,0.2859970676940836,0.2948908798926145,-0.26608118414878845,0.40179502964019775,7.918365478515625,1.2114931344985962,0
physx,constant_forward,1,1,54,0.5399999879300594,1.0,0.0,0.28588372468948364,0.2827216051450681,0.27179322933928945,-0.3046807646751404,0.8674165606498718,8.370457649230957,0.8915708661079407,0
physx,constant_forward,1,1,55,0.549999987706542,1.0,0.0,0.2870870530605316,0.27727665758215586,0.22202950788787756,-0.30761659145355225,1.7485814094543457,7.373117446899414,2.491663932800293,0
physx,constant_forward,1,1,56,0.5599999874830246,1.0,0.0,0.2888624966144562,0.28065972807198647,0.17834741177835503,-0.27032628655433655,1.52899968624115,6.811164855957031,1.638783574104309,0
physx,constant_forward,1,1,57,0.5699999872595072,1.0,0.0,0.29031339287757874,0.26931071064177475,0.16087333336793852,-0.3246302902698517,-5.867262363433838,6.2148027420043945,0.7740553021430969,0
physx,constant_forward,1,1,58,0.5799999870359898,1.0,0.0,0.29019778966903687,0.24808528884557252,0.16249941420137273,-0.3648660182952881,-3.7061233520507812,4.9244585037231445,4.125574111938477,0
physx,constant_forward,1,1,59,0.5899999868124723,1.0,0.0,0.2895004451274872,0.22891122324723787,0.15335764040916125,-0.46784737706184387,0.8799104690551758,5.726437091827393,1.5778390169143677,0
physx,constant_forward,1,1,60,0.5999999865889549,1.0,0.0,0.2883499562740326,0.2268707251090659,0.12740720668614888,-0.4876382350921631,2.328676700592041,6.442912578582764,1.8398305177688599,0
physx,constant_forward,1,1,61,0.6099999863654375,1.0,0.0,0.28684213757514954,0.23633579268488322,0.10538575548318221,-0.49789726734161377,-2.5117454528808594,6.440484523773193,1.905768871307373,0
physx,constant_forward,1,1,62,0.6199999861419201,1.0,0.0,0.2861241400241852,0.2494701728373105,0.08523693636536343,-0.5081326365470886,-1.1925150156021118,6.347509384155273,1.1692445278167725,0
physx,constant_forward,1,1,63,0.6299999859184027,1.0,0.0,0.2858898341655731,0.26169877492377286,0.05260165194020267,-0.4514830708503723,0.9314408898353577,6.0969085693359375,0.7710448503494263,0
physx,constant_forward,1,1,64,0.6399999856948853,1.0,0.0,0.28622812032699585,0.2676871722808119,0.03004288625049092,-0.4178105294704437,0.2864580452442169,6.04722785949707,0.8652830719947815,0
physx,constant_forward,1,1,65,0.6499999854713678,1.0,0.0,0.2870212197303772,0.26798434549453565,0.014314718658163354,-0.3861711323261261,0.198451429605484,5.970194339752197,0.3113313615322113,0
physx,constant_forward,1,1,66,0.6599999852478504,1.0,0.0,0.2882443964481354,0.2643891039218291,-0.0006421611566221496,-0.34749385714530945,0.10067881643772125,5.547728061676025,0.6169813275337219,0
physx,constant_forward,1,1,67,0.669999985024333,1.0,0.0,0.2897205352783203,0.2590604234711204,-0.017965976250622358,-0.3109162747859955,-0.396038293838501,5.466463565826416,0.274722158908844,0
physx,constant_forward,1,1,68,0.6799999848008156,1.0,0.0,0.2911955714225769,0.2493254000099577,-0.03631324994705979,-0.331603080034256,-0.5551554560661316,5.181949615478516,0.5492607951164246,0
physx,constant_forward,1,1,69,0.6899999845772982,1.0,0.0,0.2925836741924286,0.23505284968591122,-0.04920359962664829,-0.34405872225761414,-0.9848101735115051,4.827874660491943,0.4854261875152588,0
physx,constant_forward,1,1,70,0.6999999843537807,1.0,0.0,0.29433712363243103,0.2253294397248184,-0.0485524636699653,-0.23621541261672974,-1.3014527559280396,4.683774471282959,0.4491766393184662,0
physx,constant_forward,1,1,71,0.7099999841302633,1.0,0.0,0.2968303859233856,0.22735754985420262,-0.03721061343786269,-0.08049555867910385,-1.190129041671753,4.390949249267578,0.5944798588752747,0
physx,constant_forward,1,1,72,0.7199999839067459,1.0,0.0,0.2997492253780365,0.2369405651436591,-0.02872086800559218,0.03712952509522438,-1.0766756534576416,3.9683547019958496,0.7385969161987305,0
physx,constant_forward,1,1,73,0.7299999836832285,1.0,0.0,0.3024161756038666,0.2416914406742957,-0.026905246549664103,0.04007366672158241,-0.1082797572016716,4.0549139976501465,0.6703668832778931,0
physx,constant_forward,1,1,74,0.7399999834597111,1.0,0.0,0.3042008578777313,0.23633674796362505,-0.03450261417229021,-0.024748463183641434,-0.06934244930744171,4.139876842498779,0.45652928948402405,0
physx,constant_forward,1,1,75,0.7499999832361937,1.0,0.0,0.3050263226032257,0.22443159975538518,-0.045821683694440604,-0.09704834967851639,-0.2568705081939697,4.14859676361084,0.3173918128013611,0
physx,constant_forward,1,1,76,0.7599999830126762,1.0,0.0,0.3051994740962982,0.21214084957910906,-0.05423387510458713,-0.1339765340089798,-0.6541756987571716,4.030527591705322,0.3808661997318268,0
physx,constant_forward,1,1,77,0.7699999827891588,1.0,0.0,0.3051769435405731,0.2033626075687489,-0.05690720763148241,-0.10848786681890488,-0.8879979848861694,3.8891818523406982,0.4758857190608978,0
physx,constant_forward,1,1,78,0.7799999825656414,1.0,0.0,0.3053183853626251,0.1994680226508716,-0.05404337913385363,-0.04067042097449303,-0.9456779956817627,3.862764596939087,0.6071867942810059,0
physx,constant_forward,1,1,79,0.789999982342124,1.0,0.0,0.3056601583957672,0.1989173228297898,-0.05012773290144184,0.0277300663292408,-0.8869737982749939,3.951725721359253,0.45769003033638,0
physx,constant_forward,1,1,80,0.7999999821186066,1.0,0.0,0.3060823678970337,0.1993704541204829,-0.047679829491102076,0.07515568286180496,-0.7390211820602417,4.034406661987305,0.14409296214580536,0
physx,constant_forward,1,1,81,0.8099999818950891,1.0,0.0,0.30634739995002747,0.19808845776070366,-0.050228792123571696,0.08453668653964996,-0.6864566802978516,4.092458724975586,0.14657148718833923,0
physx,constant_forward,1,1,82,0.8199999816715717,1.0,0.0,0.306304395198822,0.1937389054122113,-0.05004474398694054,0.07303974032402039,-0.5583094358444214,4.109097003936768,0.25040385127067566,0
physx,constant_forward,1,1,83,0.8299999814480543,1.0,0.0,0.3058588206768036,0.18849551802138143,-0.05073216624811552,0.05129777267575264,-0.5624333620071411,3.971376657485962,0.5818289518356323,0
physx,constant_forward,1,1,84,0.8399999812245369,1.0,0.0,0.3051081597805023,0.18483491775769295,-0.055015840906966165,0.03918616473674774,-0.5735448002815247,3.9947993755340576,0.16717849671840668,0
physx,constant_forward,1,1,85,0.8499999810010195,1.0,0.0,0.30427753925323486,0.18369701180001688,-0.058369216108840924,0.05443326011300087,-0.6720176935195923,4.05959939956665,0.35598111152648926,0
physx,constant_forward,1,1,86,0.8599999807775021,1.0,0.0,0.30346614122390747,0.18434293959464126,-0.0580513424038989,0.07611914724111557,-0.5405719876289368,3.9669222831726074,0.20591869950294495,0
physx,constant_forward,1,1,87,0.8699999805539846,1.0,0.0,0.30265504121780396,0.18711507222685375,-0.05933088607220986,0.0926164910197258,-0.41257721185684204,3.985591411590576,0.12928152084350586,0
physx,constant_forward,1,1,88,0.8799999803304672,1.0,0.0,0.30185648798942566,0.19237229106502643,-0.04234589520981259,0.13162195682525635,-0.9467200040817261,4.0350141525268555,0.19373643398284912,0
physx,constant_forward,1,1,89,0.8899999801069498,1.0,0.0,0.30077072978019714,0.19022141329486558,0.014418075643388565,0.13105934858322144,0.6384569406509399,3.994748592376709,2.5275163650512695,0
physx,constant_forward,1,1,90,0.8999999798834324,1.0,0.0,0.2993629574775696,0.19493375807157143,0.020463373629102694,0.1979120820760727,0.09062221646308899,4.568742752075195,1.0820552110671997,0
physx,constant_forward,1,1,91,0.909999979659915,1.0,0.0,0.2980955243110657,0.19802184469343032,0.014695792972326944,0.19607298076152802,0.02450823038816452,5.196205139160156,2.5704212188720703,0
physx,constant_forward,1,1,92,0.9199999794363976,1.0,0.0,0.2967137396335602,0.19174383899888559,0.002484109058746836,0.15067818760871887,0.7816541194915771,5.066627502441406,0.33211106061935425,0
physx,constant_forward,1,1,93,0.9299999792128801,1.0,0.0,0.2954728305339813,0.18466769022474552,0.02544699123227831,0.15247511863708496,0.935492753982544,4.660652160644531,1.0187612771987915,0
physx,constant_forward,1,1,94,0.9399999789893627,1.0,0.0,0.2938055396080017,0.17088592825715865,0.027097285694328736,0.12821556627750397,0.08103029429912567,4.709481239318848,1.4029864072799683,0
physx,constant_forward,1,1,95,0.9499999787658453,1.0,0.0,0.29229575395584106,0.16111452813383662,0.021380806548752046,0.13716216385364532,-0.3924912214279175,5.250339508056641,1.1890404224395752,0
physx,constant_forward,1,1,96,0.9599999785423279,1.0,0.0,0.2910609841346741,0.15204374892006306,0.023405316263333035,0.13228948414325714,-0.18098977208137512,5.090726375579834,0.6173831820487976,0
physx,constant_forward,1,1,97,0.9699999783188105,1.0,0.0,0.2900809943675995,0.14636988444949875,0.011999680143006118,0.11783142387866974,0.5340192317962646,5.215332508087158,0.5616421699523926,0
physx,constant_forward,1,1,98,0.979999978095293,1.0,0.0,0.2895445227622986,0.14720947227025982,0.03241062263679599,0.12277648597955704,1.369202733039856,4.9287495613098145,0.957059383392334,0
physx,constant_forward,1,1,99,0.9899999778717756,1.0,0.0,0.2887301743030548,0.1433502938638621,0.03777229204094895,0.10119514167308807,0.8247731328010559,5.043162822723389,1.0910959243774414,0
physx,constant_forward,1,1,100,0.9999999776482582,1.0,0.0,0.288116991519928,0.1479181213091462,0.022988286515322642,0.08699968457221985,1.2040205001831055,5.203025817871094,0.9440955519676208,0
physx,constant_forward,1,1,101,1.0099999774247408,1.0,0.0,0.2875010073184967,0.1490556890545974,0.015094642236252672,0.03870591148734093,1.3861864805221558,5.087818622589111,0.5367521047592163,0
physx,constant_forward,1,1,102,1.0199999772012234,1.0,0.0,0.2867516875267029,0.14891448178040856,0.014608271451867197,0.0053481063805520535,0.6245244145393372,5.056546211242676,0.7716202139854431,0
physx,constant_forward,1,1,103,1.029999976977706,1.0,0.0,0.28605154156684875,0.15053774540871181,0.02762505413149355,-0.009857648983597755,1.0871926546096802,4.971217632293701,0.9527354836463928,0
physx,constant_forward,1,1,104,1.0399999767541885,1.0,0.0,0.2854556143283844,0.1506487660911153,0.0435705226646585,-0.004779140464961529,0.7520485520362854,5.53903865814209,1.014497995376587,0
physx,constant_forward,1,1,105,1.0499999765306711,1.0,0.0,0.28508099913597107,0.15465703422794894,0.027524131117381726,0.008773081935942173,0.4212729334831238,5.78410530090332,0.42040449380874634,0
physx,constant_forward,1,1,106,1.0599999763071537,1.0,0.0,0.2849772572517395,0.15391553347048456,0.03727798823436991,-0.030739905312657356,1.183072805404663,5.543223857879639,1.168217658996582,0
physx,constant_forward,1,1,107,1.0699999760836363,1.0,0.0,0.2848304808139801,0.15109661908583644,0.02880949404418841,-0.026680290699005127,0.17740324139595032,5.456313610076904,0.410875529050827,0
physx,constant_forward,1,1,108,1.0799999758601189,1.0,0.0,0.2847590446472168,0.14566432784476938,0.026479444034888597,-0.08911216259002686,1.2885316610336304,5.234647750854492,0.4003414511680603,0
physx,constant_forward,1,1,109,1.0899999756366014,1.0,0.0,0.2848370671272278,0.14332483719288086,0.014730622631820305,-0.09412726759910583,0.7676899433135986,4.993913650512695,0.9480662941932678,0
physx,constant_forward,1,1,110,1.099999975413084,1.0,0.0,0.28510648012161255,0.14219669260251117,0.025477229161360318,-0.08059701323509216,1.087289571762085,4.885569095611572,0.5393591523170471,0
physx,constant_forward,1,1,111,1.1099999751895666,1.0,0.0,0.28543511033058167,0.14218557214421068,0.019032342987836067,-0.01667804829776287,-0.38642406463623047,5.134788513183594,1.2897645235061646,0
physx,constant_forward,1,1,112,1.1199999749660492,1.0,0.0,0.2860879898071289,0.14305396509382481,0.020086576671142543,-0.010915211401879787,0.7917026877403259,5.37828254699707,0.8130075335502625,0
physx,constant_forward,1,1,113,1.1299999747425318,1.0,0.0,0.2870132029056549,0.149124583618541,0.02866876754421907,0.017748894169926643,1.178055763244629,5.090571880340576,0.9467344880104065,0
physx,constant_forward,1,1,114,1.1399999745190144,1.0,0.0,0.2877601385116577,0.14982270140905307,0.030180002664978486,0.01531926728785038,0.805281937122345,5.260645866394043,1.0499014854431152,0
physx,constant_forward,1,1,115,1.149999974295497,1.0,0.0,0.2885400950908661,0.15367992344803375,0.03243894602334794,0.014479194767773151,0.8501966595649719,5.1726508140563965,1.2409358024597168,0
physx,constant_forward,1,1,116,1.1599999740719795,1.0,0.0,0.28906261920928955,0.15267793611581157,0.022840678744294636,0.012112349271774292,0.10155050456523895,4.961418628692627,1.0608322620391846,0
physx,constant_forward,1,1,117,1.169999973848462,1.0,0.0,0.28950580954551697,0.15020761372032554,0.016394512587384724,-0.01101700123399496,-0.2376469075679779,5.229735374450684,0.393799751996994,0
physx,constant_forward,1,1,118,1.1799999736249447,1.0,0.0,0.2897926867008209,0.1443480469275512,0.02504785757454999,-0.05737421289086342,1.0353046655654907,5.127973556518555,0.341158002614975,0
physx,constant_forward,1,1,119,1.1899999734014273,1.0,0.0,0.2900947332382202,0.1462411956144174,0.03435494552348009,-0.0435689315199852,0.6729082465171814,4.955897331237793,0.9221959114074707,0
physx,constant_forward,1,1,120,1.1999999731779099,1.0,0.0,0.29026779532432556,0.14769570554594255,0.025187277891869368,-0.03216644749045372,0.23479177057743073,5.148032188415527,0.9851827621459961,0
physx,constant_forward,1,1,121,1.2099999729543924,1.0,0.0,0.29057204723358154,0.1489365529817977,0.018297733446733574,-0.030584847554564476,-0.10167564451694489,5.303561687469482,0.9308327436447144,0
physx,constant_forward,1,1,122,1.219999972730875,1.0,0.0,0.29081013798713684,0.14583923477716979,0.026642798267550633,-0.0714467242360115,1.1500370502471924,5.048142910003662,0.4706328511238098,0
physx,constant_forward,1,1,123,1.2299999725073576,1.0,0.0,0.29109489917755127,0.14858669344066344,0.03549274310801115,-0.049498144537210464,0.6947441101074219,4.941119194030762,0.8652545809745789,0
physx,constant_forward,1,1,124,1.2399999722838402,1.0,0.0,0.29131487011909485,0.15027367101824746,0.027283307581196223,-0.015323596075177193,-0.09363007545471191,5.156198978424072,0.8158288598060608,0
physx,constant_forward,1,1,125,1.2499999720603228,1.0,0.0,0.29172483086586,0.15230097077400992,0.020904459127409472,-0.0032644232269376516,-0.13007515668869019,5.154125213623047,0.6396790742874146,0
physx,constant_forward,1,1,126,1.2599999718368053,1.0,0.0,0.29222577810287476,0.15286186235294313,0.023915847019867247,0.012195635586977005,-0.23321352899074554,4.968652725219727,0.29430994391441345,0
physx,constant_forward,1,1,127,1.269999971613288,1.0,0.0,0.2927680015563965,0.15412933644069768,0.029074060562330202,0.01962466537952423,-0.20232275128364563,5.082925319671631,0.3685900866985321,0
physx,constant_forward,1,1,128,1.2799999713897705,1.0,0.0,0.29336047172546387,0.1557215148887151,0.03325065194342819,0.02184279076755047,-0.14108142256736755,5.157965183258057,0.35983675718307495,0
physx,constant_forward,1,1,129,1.289999971166253,1.0,0.0,0.2939736545085907,0.1566392352801099,0.035911354491836946,0.01675337180495262,-0.12120449542999268,5.125253677368164,0.10398107767105103,0
physx,constant_forward,1,1,130,1.2999999709427357,1.0,0.0,0.2945573925971985,0.1564231131477663,0.037489861217172404,0.008168990723788738,-0.11613024771213531,5.148291110992432,0.1894962042570114,0
physx,constant_forward,1,1,131,1.3099999707192183,1.0,0.0,0.29510220885276794,0.15536073844923098,0.039061354947154854,0.002966230036690831,-0.11246927082538605,5.158273220062256,0.1216956377029419,0
physx,constant_forward,1,1,132,1.3199999704957008,1.0,0.0,0.2956448197364807,0.15416610023843655,0.0413796800809847,0.005938432179391384,-0.06657020002603531,5.152241230010986,0.1549272984266281,0
physx,constant_forward,1,1,133,1.3299999702721834,1.0,0.0,0.29620304703712463,0.153560244347781,0.043512845310656995,0.012986645102500916,-0.021193852648139,5.128603458404541,0.06664939969778061,0
physx,constant_forward,1,1,134,1.339999970048666,1.0,0.0,0.29676562547683716,0.15333441577677293,0.04541669347855826,0.01879185624420643,-0.011552127078175545,5.154996395111084,0.13314050436019897,0
physx,constant_forward,1,1,135,1.3499999698251486,1.0,0.0,0.297281950712204,0.15285241315123704,0.047076259031545484,0.017533710226416588,-0.04827205091714859,5.144031524658203,0.032023169100284576,0
physx,constant_forward,1,1,136,1.3599999696016312,1.0,0.0,0.29757535457611084,0.1496300384934131,0.055132235083669864,-0.024282345548272133,1.2072983980178833,5.138012409210205,0.01931099221110344,0
physx,constant_forward,1,1,137,1.3699999693781137,1.0,0.0,0.29776450991630554,0.15140416122304218,0.06182340374518241,-0.007155436556786299,0.7567167282104492,4.987811088562012,0.7926732897758484,0
physx,constant_forward,1,1,138,1.3799999691545963,1.0,0.0,0.29761746525764465,0.15045871673212033,0.06049082342460252,-0.012385223060846329,0.8418217897415161,5.164409637451172,0.7048760056495667,0
physx,constant_forward,1,1,139,1.389999968931079,1.0,0.0,0.29742804169654846,0.1517971640607377,0.0621826476859748,-0.012013603001832962,0.9372207522392273,5.070842742919922,0.8780199289321899,0
physx,constant_forward,1,1,140,1.3999999687075615,1.0,0.0,0.2970065474510193,0.14994152429016888,0.06170319461802037,0.006740284152328968,0.7794488072395325,5.178308486938477,0.8633021712303162,0
physx,constant_forward,1,1,141,1.409999968484044,1.0,0.0,0.29654592275619507,0.15370966942862194,0.05345678265422003,0.03345274180173874,0.18138502538204193,5.075213432312012,0.9120859503746033,0
physx,constant_forward,1,1,142,1.4199999682605267,1.0,0.0,0.29589441418647766,0.15283374039858752,0.050851971097535545,-0.027209656313061714,0.7325690388679504,5.1458306312561035,1.644976019859314,0
physx,constant_forward,1,1,143,1.4299999680370092,1.0,0.0,0.294628769159317,0.15005461386480357,0.04667228657937972,-0.0643002986907959,0.2987785041332245,5.366386413574219,0.5810633301734924,0
physx,constant_forward,1,1,144,1.4399999678134918,1.0,0.0,0.2930680513381958,0.14898829939508088,0.04233672279725234,-0.0706845223903656,0.324392169713974,5.412388801574707,0.5099567770957947,0
physx,constant_forward,1,1,145,1.4499999675899744,1.0,0.0,0.2915183901786804,0.15111310660799232,0.03636646578040363,-0.058402255177497864,0.3892160654067993,5.449726104736328,0.17425009608268738,0
physx,constant_forward,1,1,146,1.459999967366457,1.0,0.0,0.2900581657886505,0.15490606393889722,0.0289753553286995,-0.039027340710163116,0.3276478052139282,5.460210800170898,0.18606369197368622,0
physx,constant_forward,1,1,147,1.4699999671429396,1.0,0.0,0.28875285387039185,0.15935901120521756,0.021781006566866802,-0.01365947537124157,0.17309854924678802,5.356991291046143,0.22260937094688416,0
physx,constant_forward,1,1,148,1.4799999669194221,1.0,0.0,0.28762003779411316,0.1634839604045317,0.015606205818155902,0.01771203987300396,0.2746349275112152,5.291927814483643,0.2294692099094391,0
physx,constant_forward,1,1,149,1.4899999666959047,1.0,0.0,0.2866697907447815,0.16706468742973668,0.012081526667559286,0.052724506705999374,0.15517555177211761,5.219414234161377,0.12002062797546387,0
physx,constant_forward,1,1,150,1.4999999664723873,1.0,0.0,0.285842627286911,0.16990745165807564,0.009610580610345469,0.07062842696905136,0.2774091064929962,5.297298431396484,0.16669447720050812,0
physx,constant_forward,1,1,151,1.50999996624887,1.0,0.0,0.2850823700428009,0.17205420988094627,0.0037185339104515527,0.07478205114603043,0.18157951533794403,5.371377468109131,0.21782976388931274,0
physx,constant_forward,1,1,152,1.5199999660253525,1.0,0.0,0.28436845541000366,0.17295342799377567,-0.003036322553988619,0.06420360505580902,0.16561231017112732,5.351401329040527,0.13196636736392975,0
physx,constant_forward,1,1,153,1.529999965801835,1.0,0.0,0.2836911678314209,0.17213712195811362,-0.009513465542732259,0.04548488184809685,0.17667268216609955,5.317773818969727,0.08290725201368332,0
physx,constant_forward,1,1,154,1.5399999655783176,1.0,0.0,0.2830624580383301,0.1700786607881769,-0.015404389859566124,0.022013146430253983,0.22950392961502075,5.289162635803223,0.058747872710227966,0
physx,constant_forward,1,1,155,1.5499999653548002,1.0,0.0,0.2825036644935608,0.16722099685860084,-0.02083630186220006,-0.002505336655303836,0.2376202791929245,5.2551069259643555,0.04662410914897919,0
physx,constant_forward,1,1,156,1.5599999651312828,1.0,0.0,0.2823881506919861,0.16125560988180954,0.01162954286540065,0.05169844254851341,-2.298339366912842,5.219991207122803,0.047669511288404465,0
physx,constant_forward,1,1,157,1.5699999649077654,1.0,0.0,0.28161123394966125,0.15990536639242028,0.07700351481985324,0.037857819348573685,0.10371195524930954,5.437838077545166,4.64850378036499,0
physx,constant_forward,1,1,158,1.579999964684248,1.0,0.0,0.28032898902893066,0.1785412334419672,0.06504531043204877,0.06938677281141281,-1.1830800771713257,6.377009868621826,2.490809440612793,0
physx,constant_forward,1,1,159,1.5899999644607306,1.0,0.0,0.2794523537158966,0.20106146762531868,0.0471533128920072,0.061463095247745514,-1.481987476348877,5.57696008682251,2.4744739532470703,0
physx,constant_forward,1,1,160,1.5999999642372131,1.0,0.0,0.2787063419818878,0.213103064383728,0.04803887316179791,0.03369525447487831,-1.7289670705795288,5.227965354919434,0.6439224481582642,0
physx,constant_forward,1,1,161,1.6099999640136957,1.0,0.0,0.27782338857650757,0.21946935570257078,0.053525840808774046,0.010313774459064007,-1.644362449645996,5.1973042488098145,1.1632122993469238,0
physx,constant_forward,1,1,162,1.6199999637901783,1.0,0.0,0.27701303362846375,0.22736796387448918,0.05405725681949528,0.016209203749895096,-1.5852973461151123,5.19412899017334,0.16881106793880463,0
physx,constant_forward,1,1,163,1.6299999635666609,1.0,0.0,0.2764785587787628,0.23691001602937173,0.05213380534991705,0.021441077813506126,-1.5946372747421265,5.106730937957764,0.45035335421562195,0
physx,constant_forward,1,1,164,1.6399999633431435,1.0,0.0,0.27614626288414,0.24546662862635263,0.03318484237736415,0.023637404665350914,-2.018319606781006,5.209848403930664,0.17194554209709167,0
physx,constant_forward,1,1,165,1.649999963119626,1.0,0.0,0.27604225277900696,0.25022114057278955,0.03558625142064799,-0.01706598699092865,-1.8791841268539429,4.949973106384277,0.6276540756225586,0
physx,constant_forward,1,1,166,1.6599999628961086,1.0,0.0,0.275788813829422,0.24858151350687613,0.04623401079499929,-0.06369663029909134,-1.5410165786743164,5.176535129547119,1.0804699659347534,0
physx,constant_forward,1,1,167,1.6699999626725912,1.0,0.0,0.27543991804122925,0.25054997224856573,0.028395727559190335,-0.04588455334305763,-2.373853921890259,5.329459190368652,0.4671730101108551,0
physx,constant_forward,1,1,168,1.6799999624490738,1.0,0.0,0.2750324010848999,0.25869165858809007,0.028193994829348576,-0.11511977016925812,1.5843523740768433,5.058149814605713,0.9616346955299377,0
physx,constant_forward,1,1,169,1.6899999622255564,1.0,0.0,0.2750777006149292,0.25596568799662034,0.025870337687627875,-0.10275312513113022,1.151872158050537,5.654120922088623,2.5354177951812744,0
physx,constant_forward,1,1,170,1.699999962002039,1.0,0.0,0.27568867802619934,0.24558624615535593,0.032842242409920876,-0.049735333770513535,-2.754788637161255,5.368378162384033,0.4756704270839691,0
physx,constant_forward,1,1,171,1.7099999617785215,1.0,0.0,0.2759625315666199,0.23792576777098537,0.031070465171974426,-0.03226388618350029,-2.0700058937072754,4.7008843421936035,3.215247631072998,0
physx,constant_forward,1,1,172,1.7199999615550041,1.0,0.0,0.2761070132255554,0.24130235386494747,0.031833234315656773,-0.07182464748620987,1.7133641242980957,4.808895111083984,1.130825161933899,0
physx,constant_forward,1,1,173,1.7299999613314867,1.0,0.0,0.27706319093704224,0.23564584011968745,0.03268382783521133,-0.014854107983410358,-2.3976640701293945,5.621737003326416,2.550508737564087,0
physx,constant_forward,1,1,174,1.7399999611079693,1.0,0.0,0.2772543132305145,0.23480064554708696,0.04426896601677499,-0.06211047247052193,1.7834755182266235,4.661961078643799,3.0663204193115234,0
physx,constant_forward,1,1,175,1.7499999608844519,1.0,0.0,0.27814504504203796,0.22964810346140602,0.037947786555880374,-0.013521645218133926,-2.297851800918579,5.713893890380859,2.989534616470337,0
physx,constant_forward,1,1,176,1.7599999606609344,1.0,0.0,0.278308629989624,0.23052273750572028,0.04244954914531598,-0.06128285825252533,1.8292680978775024,4.635826110839844,2.866138219833374,0
physx,constant_forward,1,1,177,1.769999960437417,1.0,0.0,0.27919334173202515,0.2255320939248339,0.035557932697360205,-0.007716074585914612,-2.2968366146087646,5.69568395614624,3.2198996543884277,0
physx,constant_forward,1,1,178,1.7799999602138996,1.0,0.0,0.27932071685791016,0.2252865621214233,0.041934996413679725,-0.050960663706064224,1.707634449005127,4.54466438293457,3.225076675415039,0
physx,constant_forward,1,1,179,1.7899999599903822,1.0,0.0,0.2801242470741272,0.21976232231549664,0.03554946551767143,0.0004972724709659815,-2.246656656265259,5.601812362670898,3.016401529312134,0
physx,constant_forward,1,1,180,1.7999999597668648,1.0,0.0,0.28055471181869507,0.21642584221237984,0.047603105762870856,0.008986511267721653,-1.6465827226638794,4.607234954833984,2.9221386909484863,0
physx,constant_forward,1,1,181,1.8099999595433474,1.0,0.0,0.28089791536331177,0.2200367275298894,0.03125588106026116,0.02514573745429516,-2.1971945762634277,5.001202583312988,0.8553624153137207,0
physx,constant_forward,1,1,182,1.81999995931983,1.0,0.0,0.28138765692710876,0.22559204441889127,0.03753521281295051,0.01421530544757843,-1.9035836458206177,4.671093463897705,1.1396390199661255,0
physx,constant_forward,1,1,183,1.8299999590963125,1.0,0.0,0.28158295154571533,0.22914990801292018,0.030480625530064056,0.009091092273592949,-2.263754367828369,4.95378303527832,1.1676141023635864,0
physx,constant_forward,1,1,184,1.839999958872795,1.0,0.0,0.2817644476890564,0.23457188761663986,0.037689525409226966,-0.024203574284911156,-1.841131329536438,4.845827102661133,0.7112663388252258,0
physx,constant_forward,1,1,185,1.8499999586492777,1.0,0.0,0.2817115783691406,0.23850585252194204,0.028343303892460647,-0.02193421870470047,-2.217756509780884,5.019250392913818,0.791667103767395,0
physx,constant_forward,1,1,186,1.8599999584257603,1.0,0.0,0.2817402780056,0.24428573072991486,0.034952406742354794,-0.04183179885149002,-1.899916648864746,4.695826530456543,0.9882490038871765,0
physx,constant_forward,1,1,187,1.8699999582022429,1.0,0.0,0.2815917730331421,0.24794461175218244,0.02677333634910533,-0.030719762668013573,-2.218902826309204,4.904220104217529,0.918316125869751,0
physx,constant_forward,1,1,188,1.8799999579787254,1.0,0.0,0.2815616726875305,0.25293038274912893,0.03427710010499191,-0.047493040561676025,-1.9348464012145996,4.617339134216309,0.9643048048019409,0
physx,constant_forward,1,1,189,1.889999957755208,1.0,0.0,0.28136372566223145,0.2551319387727704,0.027414836764293484,-0.03210851550102234,-2.0803587436676025,4.791624069213867,0.8517200350761414,0
physx,constant_forward,1,1,190,1.8999999575316906,1.0,0.0,0.2809355556964874,0.2627591180468084,0.02838885432831858,-0.08927733451128006,1.4897154569625854,4.686631202697754,0.9248083233833313,0
physx,constant_forward,1,1,191,1.9099999573081732,1.0,0.0,0.2811758518218994,0.25556952789941123,0.032147844190484776,-0.04159338399767876,-2.815448045730591,5.506684303283691,2.5121397972106934,0
physx,constant_forward,1,1,192,1.9199999570846558,1.0,0.0,0.280994713306427,0.24981374255038466,0.029842822492472887,-0.03163345903158188,-2.01436710357666,4.5074872970581055,3.474036455154419,0
physx,constant_forward,1,1,193,1.9299999568611383,1.0,0.0,0.2806486487388611,0.2533133215760368,0.032837488091601016,-0.052677400410175323,1.6698651313781738,4.559530258178711,1.194753885269165,0
physx,constant_forward,1,1,194,1.939999956637621,1.0,0.0,0.2811320126056671,0.24854330261235186,0.033794267838660276,0.010799940675497055,-2.2368760108947754,5.525447368621826,2.331807851791382,0
physx,constant_forward,1,1,195,1.9499999564141035,1.0,0.0,0.2809440493583679,0.24876236061995938,0.04380464294787673,-0.01126689463853836,1.8428928852081299,4.533746242523193,2.8720099925994873,0
physx,constant_forward,1,1,196,1.959999956190586,1.0,0.0,0.2815406918525696,0.24432947365698818,0.0376465382929142,0.041223037987947464,-2.2298777103424072,5.709286212921143,2.9921536445617676,0
physx,constant_forward,1,1,197,1.9699999559670687,1.0,0.0,0.2813999354839325,0.24379531612083022,0.04349796752934768,0.0008170371293090284,1.8506540060043335,4.503664016723633,2.9141294956207275,0
physx,constant_forward,1,1,198,1.9799999557435513,1.0,0.0,0.2819492518901825,0.2374616966844609,0.03754007127336552,0.041584305465221405,-2.4245970249176025,5.68084192276001,3.035019636154175,0
physx,constant_forward,1,1,199,1.9899999555200338,1.0,0.0,0.28205639123916626,0.23113355326509188,0.050002957144234264,0.03254179283976555,-1.5598371028900146,4.508986473083496,3.097562789916992,0
physx,constant_forward,1,1,200,1.9999999552965164,1.0,0.0,0.28198233246803284,0.23146198352277766,0.034385699864879736,0.04388144612312317,-2.097123146057129,5.060960292816162,1.1151132583618164,0
physx,constant_forward,1,1,201,2.009999955072999,1.0,0.0,0.28205204010009766,0.2355709844508828,0.039491435252881596,0.02711029164493084,-1.8793920278549194,4.68168830871582,1.301040768623352,0
physx,constant_forward,1,1,202,2.0199999548494816,1.0,0.0,0.2818956673145294,0.2379962746641692,0.0319636445867194,0.0269696656614542,-2.167860984802246,4.990469455718994,1.1055012941360474,0
physx,constant_forward,1,1,203,2.029999954625964,1.0,0.0,0.28181660175323486,0.24278000453224075,0.038726094229752,0.0015665809623897076,-1.8947068452835083,4.894631385803223,0.7368218898773193,0
physx,constant_forward,1,1,204,2.0399999544024467,1.0,0.0,0.28155627846717834,0.24614614100889776,0.029727213153379905,0.0029289668891578913,-2.1307077407836914,5.047058582305908,0.8627553582191467,0
physx,constant_forward,1,1,205,2.0499999541789293,1.0,0.0,0.28141576051712036,0.25125429992505643,0.035814956101757486,-0.01687731221318245,-1.9198188781738281,4.738034248352051,1.0107423067092896,0
physx,constant_forward,1,1,206,2.059999953955412,1.0,0.0,0.28074774146080017,0.25647888105605116,0.042970468905890354,-0.06007394939661026,2.0820722579956055,4.944514751434326,0.9467891454696655,0
physx,constant_forward,1,1,207,2.0699999537318945,1.0,0.0,0.2808277904987335,0.2559543173527026,0.03699482872109571,-0.020400725305080414,-2.6999666690826416,5.799715518951416,3.2879621982574463,0
physx,constant_forward,1,1,208,2.079999953508377,1.0,0.0,0.28047415614128113,0.25278610692733866,0.031224403193134808,-0.02562025561928749,-2.015244722366333,4.455984592437744,3.0803332328796387,0
physx,constant_forward,1,1,209,2.0899999532848597,1.0,0.0,0.2798353433609009,0.25496959871901076,0.03469097260998671,-0.07725868374109268,1.5418696403503418,4.567118167877197,0.6976954936981201,0
physx,constant_forward,1,1,210,2.0999999530613422,1.0,0.0,0.2795785069465637,0.25074500539958056,0.031110616680553184,-0.0703015848994255,0.957042396068573,5.523667335510254,2.374452829360962,0
physx,constant_forward,1,1,211,2.109999952837825,1.0,0.0,0.27979719638824463,0.2385595675128775,0.03734461660951366,-0.01608206145465374,-2.3003969192504883,5.197326183319092,0.5214706659317017,0
physx,constant_forward,1,1,212,2.1199999526143074,1.0,0.0,0.2796759605407715,0.23036146249938724,0.036184107698576835,0.01536661759018898,-2.1344199180603027,4.62984037399292,3.1876220703125,0
physx,constant_forward,1,1,213,2.12999995239079,1.0,0.0,0.2798656225204468,0.23110722192989572,0.04422769686222563,0.050941433757543564,-1.7617801427841187,4.827779293060303,0.9798005223274231,0
physx,constant_forward,1,1,214,2.1399999521672726,1.0,0.0,0.2800857424736023,0.2366634019900125,0.03382561231494559,0.0630122572183609,-2.290977954864502,5.094875335693359,0.7289636135101318,0
physx,constant_forward,1,1,215,2.149999951943755,1.0,0.0,0.280464231967926,0.24179225236796456,0.042384210055617044,0.052043717354536057,-1.846531867980957,4.9010210037231445,1.112066626548767,0
physx,constant_forward,1,1,216,2.1599999517202377,1.0,0.0,0.2801610231399536,0.24715869684070874,0.05047420164073699,-0.030982378870248795,1.8658994436264038,5.07373571395874,1.2949527502059937,0
physx,constant_forward,1,1,217,2.1699999514967203,1.0,0.0,0.2803342044353485,0.24534578607977026,0.04331690983269749,-0.008273052051663399,-2.7100231647491455,5.740712642669678,3.4024999141693115,0
physx,constant_forward,1,1,218,2.179999951273203,1.0,0.0,0.27969902753829956,0.24634962960101042,0.048462378422779166,-0.05011191964149475,2.102966547012329,4.524684429168701,3.119802236557007,0
physx,constant_forward,1,1,219,2.1899999510496855,1.0,0.0,0.27993887662887573,0.24396067332098806,0.04061856698142753,0.022381775081157684,-2.382052421569824,5.779382228851318,3.0230867862701416,0
physx,constant_forward,1,1,220,2.199999950826168,1.0,0.0,0.27997517585754395,0.24233192538137052,0.05158654796852506,0.037522852420806885,-1.5168426036834717,4.544811725616455,2.739422559738159,0
physx,constant_forward,1,1,221,2.2099999506026506,1.0,0.0,0.27997466921806335,0.24505749267885624,0.03708785692376209,0.049334995448589325,-2.187405824661255,4.932066917419434,0.9014641046524048,0
physx,constant_forward,1,1,222,2.2199999503791332,1.0,0.0,0.28007304668426514,0.24689838122087393,0.042112811651091285,0.012787982821464539,-1.9554252624511719,4.671973705291748,1.0492041110992432,0
physx,constant_forward,1,1,223,2.229999950155616,1.0,0.0,0.27948352694511414,0.24754057887710648,0.04891006625438009,-0.0738513395190239,1.9527899026870728,5.0215606689453125,1.2530708312988281,0
physx,constant_forward,1,1,224,2.2399999499320984,1.0,0.0,0.27949628233909607,0.2428811383224873,0.04280586798796142,-0.04007277265191078,-2.7595789432525635,5.889835357666016,3.151648998260498,0
physx,constant_forward,1,1,225,2.249999949708581,1.0,0.0,0.27913838624954224,0.2392343000925525,0.05473582374424843,-0.0521053820848465,-1.3812129497528076,4.634702205657959,3.2849979400634766,0
physx,constant_forward,1,1,226,2.2599999494850636,1.0,0.0,0.2788343131542206,0.2434144090280903,0.03735776979327746,-0.01147165521979332,-2.163261651992798,5.113447189331055,1.208574891090393,0
physx,constant_forward,1,1,227,2.269999949261546,1.0,0.0,0.2789538502693176,0.25055456053526065,0.043698988421665315,0.005881635472178459,-1.8959563970565796,4.66247034072876,1.3659923076629639,0
physx,constant_forward,1,1,228,2.2799999490380287,1.0,0.0,0.27902325987815857,0.255145383967209,0.037981192364931124,0.022248299792408943,-2.150362968444824,4.9228315353393555,1.0334608554840088,0
physx,constant_forward,1,1,229,2.2899999488145113,1.0,0.0,0.27923744916915894,0.25981432860415016,0.04564161485904102,0.005567525047808886,-1.830327033996582,4.827450275421143,0.9114872813224792,0
physx,constant_forward,1,1,230,2.299999948590994,1.0,0.0,0.27930164337158203,0.2619816935820346,0.03823089057763619,0.010249740444123745,-2.055047035217285,4.986079692840576,1.0157917737960815,0
physx,constant_forward,1,1,231,2.3099999483674765,1.0,0.0,0.279479056596756,0.2651007458626272,0.04360788625190444,-0.012164040468633175,-1.8731598854064941,4.839632987976074,1.0674731731414795,0
physx,constant_forward,1,1,232,2.319999948143959,1.0,0.0,0.27914461493492126,0.2680569317703604,0.05009863255831472,-0.05373651906847954,2.143976926803589,5.0550642013549805,1.104469656944275,0
physx,constant_forward,1,1,233,2.3299999479204416,1.0,0.0,0.279585063457489,0.26618362164872356,0.042569070634806305,-0.012348892167210579,-2.68823504447937,5.870779037475586,3.222365140914917,0
physx,constant_forward,1,1,234,2.339999947696924,1.0,0.0,0.27963513135910034,0.26102427669645367,0.05634887665269741,-0.022952845320105553,-1.485149621963501,4.514014720916748,2.9700660705566406,0
physx,constant_forward,1,1,235,2.349999947473407,1.0,0.0,0.2795763909816742,0.2606466481967203,0.041853995736009626,0.0021335554774850607,-2.143167734146118,5.023592948913574,1.1773157119750977,0
physx,constant_forward,1,1,236,2.3599999472498894,1.0,0.0,0.2793644666671753,0.26580868504370514,0.03989000786479591,-0.056838784366846085,1.6024821996688843,4.6313276290893555,1.4216915369033813,0
physx,constant_forward,1,1,237,2.369999947026372,1.0,0.0,0.27981117367744446,0.25655786631097494,0.043689940684678685,-0.02385083958506584,-2.843348979949951,5.518537998199463,2.1658120155334473,0
physx,constant_forward,1,1,238,2.3799999468028545,1.0,0.0,0.27940770983695984,0.2519102377534809,0.05483494833926714,-0.07246662676334381,1.978817343711853,4.6399383544921875,3.280583381652832,0
physx,constant_forward,1,1,239,2.389999946579337,1.0,0.0,0.27981001138687134,0.24615702387030833,0.04675488496307431,-0.01271473802626133,-2.2924187183380127,5.777141571044922,3.13916277885437,0
physx,constant_forward,1,1,240,2.3999999463558197,1.0,0.0,0.2800152599811554,0.2432423597292584,0.0563077889804657,0.0016137172933667898,-1.5515104532241821,4.601714611053467,2.6003472805023193,0
physx,constant_forward,1,1,241,2.4099999461323023,1.0,0.0,0.2798766493797302,0.24888983757064734,0.052714900341522326,-0.028081558644771576,1.806457757949829,5.062674045562744,0.8741455078125,0
physx,constant_forward,1,1,242,2.419999945908785,1.0,0.0,0.28051674365997314,0.24638864281255277,0.04031670995493123,0.013644296675920486,-2.2057998180389404,5.731877326965332,2.979771137237549,0
physx,constant_forward,1,1,243,2.4299999456852674,1.0,0.0,0.2807389497756958,0.24068800156030556,0.056128407035141506,0.012922821566462517,-1.7754931449890137,4.613305568695068,2.76904034614563,0
physx,constant_forward,1,1,244,2.43999994546175,1.0,0.0,0.28075721859931946,0.24070317527757798,0.04235423464146033,0.017997294664382935,-2.0736329555511475,5.117023468017578,1.1319233179092407,0
physx,constant_forward,1,1,245,2.4499999452382326,1.0,0.0,0.2809720039367676,0.24435236028815938,0.046449286266436345,0.01593712717294693,-1.8410428762435913,4.723647117614746,1.2658854722976685,0
physx,constant_forward,1,1,246,2.459999945014715,1.0,0.0,0.2810354232788086,0.2470990461797368,0.039433549464847256,0.02281850576400757,-2.2437374591827393,5.044062614440918,0.9464470744132996,0
physx,constant_forward,1,1,247,2.4699999447911978,1.0,0.0,0.2812049090862274,0.25181788991458803,0.04629701971905542,0.00361465010792017,-1.8516489267349243,4.947544097900391,0.7183412313461304,0
physx,constant_forward,1,1,248,2.4799999445676804,1.0,0.0,0.2808208167552948,0.25742754573478416,0.05272721787239599,-0.043946824967861176,2.0346357822418213,5.093111038208008,0.8722322583198547,0
physx,constant_forward,1,1,249,2.489999944344163,1.0,0.0,0.28110843896865845,0.25674191357263665,0.04367898889150932,-0.012173954397439957,-2.564049482345581,5.840852737426758,3.4381539821624756,0
physx,constant_forward,1,1,250,2.4999999441206455,1.0,0.0,0.2809726595878601,0.25245278284990164,0.0570899531252923,-0.021789677441120148,-1.5467827320098877,4.561095237731934,3.1735363006591797,0
physx,constant_forward,1,1,251,2.509999943897128,1.0,0.0,0.28070172667503357,0.25318387247033275,0.042671658849829326,-0.00331085454672575,-2.221384048461914,5.119619369506836,1.2088595628738403,0
physx,constant_forward,1,1,252,2.5199999436736107,1.0,0.0,0.2802640497684479,0.2596094921242267,0.041074250672798664,-0.063307024538517,1.5997649431228638,4.661530017852783,1.3208487033843994,0
physx,constant_forward,1,1,253,2.5299999434500933,1.0,0.0,0.28047531843185425,0.25191105389420404,0.044928845685815316,-0.02714724652469158,-2.8469629287719727,5.558992385864258,2.391932249069214,0
physx,constant_forward,1,1,254,2.539999943226576,1.0,0.0,0.2798548638820648,0.248589401557497,0.05650748483531836,-0.07361249625682831,1.898285150527954,4.627751350402832,3.3188674449920654,0
physx,constant_forward,1,1,255,2.5499999430030584,1.0,0.0,0.2800535559654236,0.24380602822466765,0.04823928836921244,-0.012388892471790314,-2.202531576156616,5.769582748413086,3.142163038253784,0
physx,constant_forward,1,1,256,2.559999942779541,1.0,0.0,0.2801051437854767,0.24201040990591385,0.05707064534002225,0.008798398077487946,-1.5690406560897827,4.598340034484863,2.543619394302368,0
physx,constant_forward,1,1,257,2.5699999425560236,1.0,0.0,0.2798541784286499,0.2484349644061327,0.05376209639080668,-0.018747378140687943,1.827640175819397,5.065834045410156,0.8605048656463623,0
physx,constant_forward,1,1,258,2.579999942332506,1.0,0.0,0.28038179874420166,0.24632610819050016,0.04118892850794514,0.02135568857192993,-2.1479945182800293,5.757846832275391,2.8989250659942627,0
physx,constant_forward,1,1,259,2.5899999421089888,1.0,0.0,0.28051695227622986,0.2411241945466664,0.0570578079214869,0.02194860763847828,-1.7916765213012695,4.645391941070557,2.76680850982666,0
physx,constant_forward,1,1,260,2.5999999418854713,1.0,0.0,0.2804572284221649,0.24152986138389615,0.04298460601066282,0.022661617025732994,-2.0929388999938965,5.158558368682861,1.1071360111236572,0
physx,constant_forward,1,1,261,2.609999941661954,1.0,0.0,0.280605673789978,0.2451581742213602,0.0469291556229815,0.021343393251299858,-1.8251338005065918,4.748438358306885,1.2461583614349365,0
physx,constant_forward,1,1,262,2.6199999414384365,1.0,0.0,0.28026083111763,0.2506754245804553,0.05519975143596054,-0.019915245473384857,1.8645297288894653,5.070095062255859,0.9424787759780884,0
physx,constant_forward,1,1,263,2.629999941214919,1.0,0.0,0.28060322999954224,0.25034646318972625,0.047154399796747654,0.015583394095301628,-2.5368854999542236,5.834586143493652,2.8760693073272705,0
physx,constant_forward,1,1,264,2.6399999409914017,1.0,0.0,0.2805333137512207,0.24735318698132644,0.05953326607623804,0.0033178962767124176,-1.4948644638061523,4.660645961761475,2.8135766983032227,0
physx,constant_forward,1,1,265,2.6499999407678843,1.0,0.0,0.2803219258785248,0.24942919441318961,0.04433043975841983,0.016232162714004517,-2.2246921062469482,5.111772060394287,0.9944028258323669,0
physx,constant_forward,1,1,266,2.659999940544367,1.0,0.0,0.2803054451942444,0.2529755907541695,0.048051553739797845,-0.006064068991690874,-1.8713713884353638,4.753545761108398,1.118966817855835,0
physx,constant_forward,1,1,267,2.6699999403208494,1.0,0.0,0.28008973598480225,0.25309816026923526,0.04082141663512828,-0.016436930745840073,-2.0814192295074463,5.018777370452881,0.8873234987258911,0
physx,constant_forward,1,1,268,2.679999940097332,1.0,0.0,0.2799341082572937,0.2548474127284852,0.046622139374988124,-0.04233292117714882,-1.8328157663345337,4.885496616363525,0.7105475068092346,0
physx,constant_forward,1,1,269,2.6899999398738146,1.0,0.0,0.27931368350982666,0.2586356638301939,0.05258219412136212,-0.07723590731620789,1.9957163333892822,5.097491264343262,0.9029192328453064,0
physx,constant_forward,1,1,270,2.699999939650297,1.0,0.0,0.2795536518096924,0.2581643473213859,0.04477790909312966,-0.020403651520609856,-2.5057928562164307,5.864975929260254,3.5835177898406982,0
physx,constant_forward,1,1,271,2.7099999394267797,1.0,0.0,0.27952995896339417,0.25573027635581635,0.05920739034014067,-0.010329671204090118,-1.5404239892959595,4.585817337036133,3.2255337238311768,0
physx,constant_forward,1,1,272,2.7199999392032623,1.0,0.0,0.2795109152793884,0.2588242215954314,0.04457805156091856,0.016547489911317825,-2.107999801635742,5.094790458679199,1.1561158895492554,0
physx,constant_forward,1,1,273,2.729999938979745,1.0,0.0,0.2797437906265259,0.262160916400093,0.04925834208101794,0.01107995305210352,-1.880359411239624,4.634045124053955,1.463545799255371,0
physx,constant_forward,1,1,274,2.7399999387562275,1.0,0.0,0.2794170081615448,0.26440821965702493,0.057950054247942806,-0.041415195912122726,1.800636649131775,4.91652250289917,1.1646606922149658,0
physx,constant_forward,1,1,275,2.74999993853271,1.0,0.0,0.279746413230896,0.2598654775610384,0.05017356474640116,-0.010623191483318806,-2.5620710849761963,5.823882579803467,3.026528835296631,0
physx,constant_forward,1,1,276,2.7599999383091927,1.0,0.0,0.27972128987312317,0.2541351925313721,0.062278380790884776,-0.014404312707483768,-1.444065809249878,4.612403869628906,3.0140743255615234,0
physx,constant_forward,1,1,277,2.7699999380856752,1.0,0.0,0.2796511650085449,0.2552722633619223,0.04617940602794393,0.007295764517039061,-2.1226162910461426,5.081558704376221,1.139837384223938,0
physx,constant_forward,1,1,278,2.779999937862158,1.0,0.0,0.27987992763519287,0.2585405573042508,0.0503030103911437,0.012064269743859768,-1.8467485904693604,4.695898056030273,1.2979577779769897,0
physx,constant_forward,1,1,279,2.7899999376386404,1.0,0.0,0.2796124815940857,0.2623563021854309,0.05898103093557482,-0.030502578243613243,1.7955414056777954,4.9597272872924805,1.0471856594085693,0
physx,constant_forward,1,1,280,2.799999937415123,1.0,0.0,0.280017226934433,0.25938622965495933,0.050565811431942734,0.0010625188006088138,-2.4594173431396484,5.80139684677124,3.0103254318237305,0
physx,constant_forward,1,1,281,2.8099999371916056,1.0,0.0,0.280049204826355,0.25444598913865024,0.06327985758392404,-0.0030571201350539923,-1.5020520687103271,4.5975260734558105,2.908644914627075,0
physx,constant_forward,1,1,282,2.819999936968088,1.0,0.0,0.27998054027557373,0.25553394061055107,0.04818034265876573,0.014895813539624214,-2.2192485332489014,5.064300060272217,1.0842279195785522,0
physx,constant_forward,1,1,283,2.8299999367445707,1.0,0.0,0.28014689683914185,0.2583613286117135,0.051842283534123526,0.004678888712078333,-1.8502541780471802,4.725265979766846,1.1978776454925537,0
physx,constant_forward,1,1,284,2.8399999365210533,1.0,0.0,0.27977171540260315,0.26129131396358485,0.05997496001557493,-0.04603965952992439,1.8542113304138184,4.982578277587891,0.9640463590621948,0
physx,constant_forward,1,1,285,2.849999936297536,1.0,0.0,0.28006094694137573,0.2579972472644439,0.05136569729130443,-0.014081659726798534,-2.499377965927124,5.825638771057129,2.9931089878082275,0
physx,constant_forward,1,1,286,2.8599999360740185,1.0,0.0,0.2799939811229706,0.25312564602592885,0.06396764885688416,-0.01656135357916355,-1.4918138980865479,4.609787940979004,2.9372432231903076,0
physx,constant_forward,1,1,287,2.869999935850501,1.0,0.0,0.279863178730011,0.25466495480546225,0.04848004408200516,0.0039673903957009315,-2.200493812561035,5.073372840881348,1.0767124891281128,0
physx,constant_forward,1,1,288,2.8799999356269836,1.0,0.0,0.28001073002815247,0.2579072967839443,0.05233356058976698,0.003550891764461994,-1.8308837413787842,4.711551666259766,1.2505561113357544,0
physx,constant_forward,1,1,289,2.8899999354034662,1.0,0.0,0.27965497970581055,0.26170848297610083,0.06041740655799078,-0.0415186733007431,1.734942078590393,4.975500583648682,1.0082166194915771,0
physx,constant_forward,1,1,290,2.899999935179949,1.0,0.0,0.27996841073036194,0.2585358894643053,0.05159920492577911,-0.011168628931045532,-2.401764392852783,5.794772624969482,3.0185506343841553,0
physx,constant_forward,1,1,291,2.9099999349564314,1.0,0.0,0.27994397282600403,0.25371714311904187,0.06351827306291369,-0.00926573108881712,-1.5259801149368286,4.612381935119629,2.8939807415008545,0
physx,constant_forward,1,1,292,2.919999934732914,1.0,0.0,0.27986979484558105,0.2551428531505479,0.04787956693664624,0.007855444215238094,-2.1784181594848633,5.052225589752197,1.0281912088394165,0
physx,constant_forward,1,1,293,2.9299999345093966,1.0,0.0,0.28006118535995483,0.25797924546386425,0.05168071900196447,0.008590602315962315,-1.826637625694275,4.7018208503723145,1.2182860374450684,0
physx,constant_forward,1,1,294,2.939999934285879,1.0,0.0,0.2797383666038513,0.2615021075914888,0.0599133020597077,-0.03801336511969566,1.7490344047546387,4.9746856689453125,1.0607444047927856,0
physx,constant_forward,1,1,295,2.9499999340623617,1.0,0.0,0.2800705134868622,0.25818062907226097,0.0510618592313236,-0.009008867666125298,-2.408454656600952,5.799166679382324,3.032453775405884,0
physx,constant_forward,1,1,296,2.9599999338388443,1.0,0.0,0.280049592256546,0.25319410615432497,0.06354296950166585,-0.008564933203160763,-1.5319764614105225,4.6184539794921875,2.9166507720947266,0
physx,constant_forward,1,1,297,2.969999933615327,1.0,0.0,0.2799628973007202,0.25465842641221254,0.048133066524740614,0.009206489659845829,-2.2139954566955566,5.071186065673828,1.0341904163360596,0
physx,constant_forward,1,1,298,2.9799999333918095,1.0,0.0,0.2801345884799957,0.2576108615469918,0.05188115530904144,0.006863016169518232,-1.8281817436218262,4.711166858673096,1.2348744869232178,0
physx,constant_forward,1,1,299,2.989999933168292,1.0,0.0,0.27978599071502686,0.2611600030429922,0.059984166249748984,-0.040493037551641464,1.7248107194900513,4.968380451202393,1.010350227355957,0
physx,constant_forward,1,1,300,2.9999999329447746,1.0,0.0,0.28008779883384705,0.2577451188037597,0.051226747265607366,-0.012172012589871883,-2.401036024093628,5.786167144775391,3.004115581512451,0
physx,constant_forward,1,1,301,3.009999932721257,1.0,0.0,0.2800365686416626,0.25269934583197423,0.0635129679737385,-0.012059973552823067,-1.525349736213684,4.615662097930908,2.905898094177246,0
physx,constant_forward,1,1,302,3.01999993249774,1.0,0.0,0.2795507311820984,0.2567656821676711,0.06129468498549119,-0.04168311506509781,1.749541997909546,5.067977428436279,1.0310382843017578,0
physx,constant_forward,1,1,303,3.0299999322742224,1.0,0.0,0.2798905670642853,0.2543562913217277,0.04760209087317063,-0.004610743373632431,-2.1815056800842285,5.718064785003662,3.1489670276641846,0
physx,constant_forward,1,1,304,3.039999932050705,1.0,0.0,0.27990609407424927,0.24876363592089148,0.062325433496284985,0.002257930114865303,-1.7571600675582886,4.571018695831299,2.531956434249878,0
physx,constant_forward,1,1,305,3.0499999318271875,1.0,0.0,0.2797881066799164,0.24850001318154352,0.04869354993926161,0.004742603749036789,-2.0965957641601562,5.142267227172852,1.198955774307251,0
physx,constant_forward,1,1,306,3.05999993160367,1.0,0.0,0.2799006402492523,0.2508397968767662,0.05201991589615041,0.006691999267786741,-1.796796441078186,4.693322658538818,1.2470102310180664,0
physx,constant_forward,1,1,307,3.0699999313801527,1.0,0.0,0.27953919768333435,0.2551802211867718,0.05903525113391038,-0.039288051426410675,1.720144510269165,4.97968864440918,0.8619258999824524,0
physx,constant_forward,1,1,308,3.0799999311566353,1.0,0.0,0.2798554301261902,0.2525548061293996,0.05010244123645965,-0.005426286719739437,-2.3972082138061523,5.778947353363037,2.7806217670440674,0
physx,constant_forward,1,1,309,3.089999930933118,1.0,0.0,0.27983903884887695,0.2486248416395426,0.06258367121489077,-0.0015568428207188845,-1.5316905975341797,4.672760963439941,2.809352397918701,0
physx,constant_forward,1,1,310,3.0999999307096004,1.0,0.0,0.27940574288368225,0.25410828300558513,0.06056634461678083,-0.027904659509658813,1.7904784679412842,5.087934494018555,0.9452154040336609,0
physx,constant_forward,1,1,311,3.109999930486083,1.0,0.0,0.27979621291160583,0.25291826107515364,0.04685685486872814,0.007577997632324696,-2.215303421020508,5.727901458740234,3.189420700073242,0
physx,constant_forward,1,1,312,3.1199999302625656,1.0,0.0,0.27982550859451294,0.24751655034540757,0.061581539476813114,0.006366539280861616,-1.7282253503799438,4.56444787979126,2.512073040008545,0
physx,constant_forward,1,1,313,3.129999930039048,1.0,0.0,0.2796700596809387,0.2468472642098618,0.04821266536359972,0.007400296628475189,-2.128477096557617,5.161258697509766,1.2854506969451904,0
physx,constant_forward,1,1,314,3.1399999298155308,1.0,0.0,0.2797253131866455,0.24923197490145704,0.051603571239464414,0.0014385359827429056,-1.8174819946289062,4.7388811111450195,1.1865531206130981,0
physx,constant_forward,1,1,315,3.1499999295920134,1.0,0.0,0.27930083870887756,0.2534327175588775,0.05881407789617591,-0.04698433354496956,1.7650046348571777,5.029998302459717,0.8031710386276245,0
physx,constant_forward,1,1,316,3.159999929368496,1.0,0.0,0.2795698046684265,0.2512066337083087,0.04978154133745571,-0.01249796524643898,-2.4143903255462646,5.801632881164551,2.793861150741577,0
physx,constant_forward,1,1,317,3.1699999291449785,1.0,0.0,0.2795122265815735,0.24754662286866694,0.06240510082942349,-0.008335273712873459,-1.5180903673171997,4.680367469787598,2.8130927085876465,0
physx,constant_forward,1,1,318,3.179999928921461,1.0,0.0,0.2790519595146179,0.25331993733536656,0.06032164774497257,-0.03295706957578659,1.7535679340362549,5.085472106933594,0.9414171576499939,0
physx,constant_forward,1,1,319,3.1899999286979437,1.0,0.0,0.2794269919395447,0.25223247123489617,0.04689298965509501,0.002533616963773966,-2.215238571166992,5.714608669281006,3.192631244659424,0
physx,constant_forward,1,1,320,3.1999999284744263,1.0,0.0,0.2794492542743683,0.24690600843862937,0.06159894381105946,0.0026152513455599546,-1.7235935926437378,4.562594890594482,2.507263422012329,0
physx,constant_forward,1,1,321,3.209999928250909,1.0,0.0,0.27930501103401184,0.24636503056559195,0.0480083762810247,0.004014373291283846,-2.127244472503662,5.160860538482666,1.281810998916626,0
physx,constant_forward,1,1,322,3.2199999280273914,1.0,0.0,0.2793833017349243,0.248881691268682,0.05166070507123109,0.0007898822077549994,-1.8156903982162476,4.743714332580566,1.1657376289367676,0
physx,constant_forward,1,1,323,3.229999927803874,1.0,0.0,0.27899816632270813,0.2534505087039807,0.058876423333701376,-0.04588963836431503,1.76607346534729,5.043264865875244,0.8173783421516418,0
physx,constant_forward,1,1,324,3.2399999275803566,1.0,0.0,0.2793119251728058,0.2514163465280646,0.04991288734926134,-0.010957121849060059,-2.4146158695220947,5.809511184692383,2.8166937828063965,0
physx,constant_forward,1,1,325,3.249999927356839,1.0,0.0,0.2793000042438507,0.247882140687371,0.06255072680543644,-0.00688342796638608,-1.5180175304412842,4.6862592697143555,2.814984083175659,0
physx,constant_forward,1,1,326,3.2599999271333218,1.0,0.0,0.2788817882537842,0.2536793480907303,0.060317540062431715,-0.03232942521572113,1.7923954725265503,5.0845184326171875,0.9342199563980103,0
physx,constant_forward,1,1,327,3.2699999269098043,1.0,0.0,0.27929893136024475,0.2525683337900837,0.046766235096987845,0.003045581514015794,-2.2156717777252197,5.725561618804932,3.1995699405670166,0
physx,constant_forward,1,1,328,3.279999926686287,1.0,0.0,0.2793567180633545,0.24713063471183278,0.061735472163013755,0.002187347738072276,-1.7257726192474365,4.5664873123168945,2.5403339862823486,0
physx,constant_forward,1,1,329,3.2899999264627695,1.0,0.0,0.279236763715744,0.24646232116732772,0.04817511673626554,0.003215435892343521,-2.139301061630249,5.173320770263672,1.291233777999878,0
physx,constant_forward,1,1,330,3.299999926239252,1.0,0.0,0.2793346345424652,0.2489068785731528,0.05168437440936138,-0.002012725220993161,-1.8264471292495728,4.75069522857666,1.177310585975647,0
physx,constant_forward,1,1,331,3.3099999260157347,1.0,0.0,0.2789609432220459,0.2532734862684469,0.059002837044132644,-0.04934748634696007,1.7358075380325317,5.045253753662109,0.8024736642837524,0
physx,constant_forward,1,1,332,3.3199999257922173,1.0,0.0,0.2792816758155823,0.2510592726729434,0.0501181778514156,-0.015079588629305363,-2.4015636444091797,5.797330856323242,2.7999424934387207,0
physx,constant_forward,1,1,333,3.3299999255687,1.0,0.0,0.27927669882774353,0.24745855529438776,0.06262773152891896,-0.010515065863728523,-1.5255844593048096,4.686814308166504,2.7975597381591797,0
physx,constant_forward,1,1,334,3.3399999253451824,1.0,0.0,0.2788739502429962,0.2532975700457416,0.060392968474117556,-0.034439925104379654,1.7976950407028198,5.075582981109619,0.9202462434768677,0
physx,constant_forward,1,1,335,3.349999925121665,1.0,0.0,0.2793104946613312,0.25229462054915697,0.046795695134407074,0.0017973536159843206,-2.2149455547332764,5.7254815101623535,3.2073633670806885,0
physx,constant_forward,1,1,336,3.3599999248981476,1.0,0.0,0.27938640117645264,0.2468791690776826,0.061772528333420534,0.0011832087766379118,-1.7317538261413574,4.560714244842529,2.539544105529785,0
physx,constant_forward,1,1,337,3.36999992467463,1.0,0.0,0.27927881479263306,0.2461390722415314,0.048375140271503206,0.0011446153512224555,-2.103804588317871,5.164849758148193,1.2974244356155396,0
physx,constant_forward,1,1,338,3.3799999244511127,1.0,0.0,0.2793859541416168,0.24854863549219697,0.051498339007600986,-0.003250194014981389,-1.809551477432251,4.748610019683838,1.1757479906082153,0
physx,constant_forward,1,1,339,3.3899999242275953,1.0,0.0,0.2790287733078003,0.2529845088668147,0.058429580132154275,-0.049764275550842285,1.756083369255066,5.036904811859131,0.7892856001853943,0
physx,constant_forward,1,1,340,3.399999924004078,1.0,0.0,0.2793695628643036,0.25081638678758444,0.04947123617379151,-0.01443452388048172,-2.4144232273101807,5.800168514251709,2.7986373901367188,0
physx,constant_forward,1,1,341,3.4099999237805605,1.0,0.0,0.2793816030025482,0.24717595514414611,0.062209020773053264,-0.009610448963940144,-1.5125491619110107,4.677163600921631,2.8173763751983643,0
physx,constant_forward,1,1,342,3.419999923557043,1.0,0.0,0.2789895236492157,0.2530314608042802,0.06002751608648272,-0.03338700160384178,1.808434009552002,5.076620578765869,0.9414997696876526,0
physx,constant_forward,1,1,343,3.4299999233335257,1.0,0.0,0.27943292260169983,0.25209631507718677,0.04643656062035531,0.002463575918227434,-2.2244274616241455,5.725358486175537,3.220367670059204,0
physx,constant_forward,1,1,344,3.4399999231100082,1.0,0.0,0.2795073091983795,0.24663631214094758,0.06155592996181615,0.0010104847606271505,-1.7279555797576904,4.561076641082764,2.5485901832580566,0
physx,constant_forward,1,1,345,3.449999922886491,1.0,0.0,0.2793916165828705,0.24590620142762074,0.048097492715547994,0.0016040003392845392,-2.1313564777374268,5.169053554534912,1.3059430122375488,0
physx,constant_forward,1,1,346,3.4599999226629734,1.0,0.0,0.27948904037475586,0.24832461650135812,0.05145510965817051,-0.002950696973130107,-1.8146984577178955,4.744630813598633,1.1813368797302246,0
physx,constant_forward,1,1,347,3.469999922439456,1.0,0.0,0.27911823987960815,0.2528123046955039,0.058523203259626184,-0.04954202100634575,1.7533464431762695,5.035614967346191,0.7885055541992188,0
physx,constant_forward,1,1,348,3.4799999222159386,1.0,0.0,0.2794433832168579,0.2506760333304471,0.04952189420164849,-0.014316516928374767,-2.3881442546844482,5.800014019012451,2.809363603591919,0
physx,constant_forward,1,1,349,3.489999921992421,1.0,0.0,0.27944090962409973,0.24710161708909628,0.062271619040072446,-0.009016407653689384,-1.5404235124588013,4.681033611297607,2.819084405899048,0
physx,constant_forward,1,1,350,3.4999999217689037,1.0,0.0,0.27940651774406433,0.25023334910609235,0.04642434135236984,0.012422222644090652,-2.227290391921997,5.072467803955078,0.9179738163948059,0
physx,constant_forward,1,1,351,3.5099999215453863,1.0,0.0,0.2796412408351898,0.25442919737248915,0.050438841017774606,0.01039721816778183,-1.828195571899414,4.690930366516113,1.2801289558410645,0
physx,constant_forward,1,1,352,3.519999921321869,1.0,0.0,0.2793359160423279,0.25841463663555875,0.05903722704841276,-0.03992634266614914,1.7958507537841797,4.945696830749512,1.030395746231079,0
physx,constant_forward,1,1,353,3.5299999210983515,1.0,0.0,0.2796739935874939,0.25542089865778084,0.05078063826547555,-0.012776849791407585,-2.4887661933898926,5.798993110656738,2.946288824081421,0
physx,constant_forward,1,1,354,3.539999920874834,1.0,0.0,0.27963390946388245,0.25055273354084334,0.06334327906608456,-0.018323050811886787,-1.4793063402175903,4.6180877685546875,2.9358997344970703,0
physx,constant_forward,1,1,355,3.5499999206513166,1.0,0.0,0.27913928031921387,0.2547709224571357,0.061074452236829745,-0.04688794165849686,1.745964527130127,5.102815628051758,1.099819302558899,0
physx,constant_forward,1,1,356,3.5599999204277992,1.0,0.0,0.279483824968338,0.25283340336490706,0.04746155726626999,-0.010898682288825512,-2.2120518684387207,5.730367660522461,3.178842782974243,0
physx,constant_forward,1,1,357,3.569999920204282,1.0,0.0,0.2795013189315796,0.2474898068916355,0.06197408206864337,-0.005499199498444796,-1.72677481174469,4.574185371398926,2.5188705921173096,0
physx,constant_forward,1,1,358,3.5799999199807644,1.0,0.0,0.27939197421073914,0.24739082236943113,0.048317891223442315,-0.0008436247007921338,-2.110041379928589,5.134338855743408,1.2026054859161377,0
physx,constant_forward,1,1,359,3.589999919757247,1.0,0.0,0.27952200174331665,0.24998642862682383,0.05183692158018834,0.0013669871259480715,-1.8079057931900024,4.690862655639648,1.2235279083251953,0
physx,constant_forward,1,1,360,3.5999999195337296,1.0,0.0,0.2791883051395416,0.25458720040015875,0.058570504133634516,-0.043777886778116226,1.7294533252716064,4.975982666015625,0.8305360674858093,0
physx,constant_forward,1,1,361,3.609999919310212,1.0,0.0,0.2795442044734955,0.2520647216536259,0.049539701696577634,-0.009329278022050858,-2.3784468173980713,5.775477409362793,2.7898168563842773,0
physx,constant_forward,1,1,362,3.6199999190866947,1.0,0.0,0.27956825494766235,0.24812831734293547,0.06219274954154015,-0.0046669612638652325,-1.5411484241485596,4.668903350830078,2.8237056732177734,0
physx,constant_forward,1,1,363,3.6299999188631773,1.0,0.0,0.27917367219924927,0.2535657610586434,0.05982933662862668,-0.03263462707400322,1.7840200662612915,5.080774784088135,0.9463981986045837,0
physx,constant_forward,1,1,364,3.63999991863966,1.0,0.0,0.2796041667461395,0.2521827074402256,0.04606948207653259,0.00420194398611784,-2.2024753093719482,5.720951080322266,3.1984636783599854,0
physx,constant_forward,1,1,365,3.6499999184161425,1.0,0.0,0.2796807289123535,0.24679122736797587,0.060976028332426845,0.00577716575935483,-1.7316715717315674,4.5609822273254395,2.524538993835449,0
physx,constant_forward,1,1,366,3.659999918192625,1.0,0.0,0.27958592772483826,0.24635341618120501,0.04753443018888608,0.008145347237586975,-2.130439519882202,5.153641223907471,1.273393988609314,0
physx,constant_forward,1,1,367,3.6699999179691076,1.0,0.0,0.27970120310783386,0.24884773685001804,0.05101994362455829,0.002681745681911707,-1.8196260929107666,4.720033645629883,1.2105708122253418,0
physx,constant_forward,1,1,368,3.67999991774559,1.0,0.0,0.27932465076446533,0.25300951907119124,0.05842498235036643,-0.04633087292313576,1.7338638305664062,5.008603096008301,0.8144306540489197,0
physx,constant_forward,1,1,369,3.689999917522073,1.0,0.0,0.2796221077442169,0.2505601964882189,0.049691944910243195,-0.013731707818806171,-2.4264004230499268,5.785326957702637,2.7733047008514404,0
physx,constant_forward,1,1,370,3.6999999172985554,1.0,0.0,0.2795778810977936,0.24669202637044096,0.06224529888731492,-0.010948636569082737,-1.5092476606369019,4.675230026245117,2.8120994567871094,0
physx,constant_forward,1,1,371,3.709999917075038,1.0,0.0,0.27912402153015137,0.25241736916476754,0.05994284735741931,-0.0356723815202713,1.7990014553070068,5.081289291381836,0.948215901851654,0
physx,constant_forward,1,1,372,3.7199999168515205,1.0,0.0,0.2795105576515198,0.2515027754398956,0.04633984683079173,0.0013306341134011745,-2.2198562622070312,5.720310688018799,3.2284162044525146,0
physx,constant_forward,1,1,373,3.729999916628003,1.0,0.0,0.27953970432281494,0.24621625843357037,0.061343009835212146,0.0012334404746070504,-1.7313570976257324,4.552007675170898,2.5339736938476562,0
physx,constant_forward,1,1,374,3.7399999164044857,1.0,0.0,0.27939146757125854,0.24562870194290976,0.048011956932278624,0.0025194366462528706,-2.1075875759124756,5.15440034866333,1.3014285564422607,0
physx,constant_forward,1,1,375,3.7499999161809683,1.0,0.0,0.2794632613658905,0.24823201357418642,0.05142407749353459,-0.0009102011099457741,-1.8133130073547363,4.743476390838623,1.1720436811447144,0
physx,constant_forward,1,1,376,3.759999915957451,1.0,0.0,0.2790754437446594,0.25289719932673377,0.058351610441314435,-0.04676224663853645,1.7624675035476685,5.033274173736572,0.7888789772987366,0
physx,constant_forward,1,1,377,3.7699999157339334,1.0,0.0,0.2793926000595093,0.2509054133690107,0.04953078870709463,-0.010051044635474682,-2.4205949306488037,5.803126335144043,2.8031067848205566,0
physx,constant_forward,1,1,378,3.779999915510416,1.0,0.0,0.27938351035118103,0.24745763343435231,0.06237058276342345,-0.005657800007611513,-1.5248994827270508,4.677435398101807,2.8183438777923584,0
physx,constant_forward,1,1,379,3.7899999152868986,1.0,0.0,0.2793384790420532,0.2506539177946892,0.04667620770904167,0.014946775510907173,-2.2360761165618896,5.078680992126465,0.9385167956352234,0
physx,constant_forward,1,1,380,3.799999915063381,1.0,0.0,0.27955886721611023,0.25482774217901777,0.05059589874052618,0.011965498328208923,-1.8228741884231567,4.6981353759765625,1.2799444198608398,0
physx,constant_forward,1,1,381,3.8099999148398638,1.0,0.0,0.2792420983314514,0.2588111603070369,0.05901308054255723,-0.038530826568603516,1.8042035102844238,4.948671817779541,1.0112380981445312,0
physx,constant_forward,1,1,382,3.8199999146163464,1.0,0.0,0.27957719564437866,0.25582556186002864,0.05075569203778627,-0.010955818928778172,-2.5109782218933105,5.802002906799316,2.932565212249756,0
physx,constant_forward,1,1,383,3.829999914392829,1.0,0.0,0.27953752875328064,0.25097360318735057,0.06292756737012159,-0.018058020621538162,-1.4774852991104126,4.616724491119385,2.9262232780456543,0
physx,constant_forward,1,1,384,3.8399999141693115,1.0,0.0,0.27903687953948975,0.2549697072560247,0.060806024373631216,-0.048065319657325745,1.7484986782073975,5.099410057067871,1.1067191362380981,0
physx,constant_forward,1,1,385,3.849999913945794,1.0,0.0,0.2793716788291931,0.25284885529511547,0.047501028813092934,-0.012662277556955814,-2.23456072807312,5.730730056762695,3.161259889602661,0
physx,constant_forward,1,1,386,3.8599999137222767,1.0,0.0,0.27937814593315125,0.24742233503048167,0.06193315071632908,-0.008194396272301674,-1.707621693611145,4.576169490814209,2.5352258682250977,0
physx,constant_forward,1,1,387,3.8699999134987593,1.0,0.0,0.27926427125930786,0.24735199719070539,0.04791564182330407,-0.002460099756717682,-2.1056110858917236,5.139764785766602,1.1976209878921509,0
physx,constant_forward,1,1,388,3.879999913275242,1.0,0.0,0.27940264344215393,0.250077501310997,0.05151526606012023,0.0008381268125958741,-1.8214091062545776,4.690412521362305,1.238930344581604,0
physx,constant_forward,1,1,389,3.8899999130517244,1.0,0.0,0.2790796160697937,0.2547261161266595,0.05855305032536626,-0.04388568550348282,1.708301305770874,4.975505352020264,0.8473303318023682,0
physx,constant_forward,1,1,390,3.899999912828207,1.0,0.0,0.2794441878795624,0.2522144513735051,0.04965790434690017,-0.00976587925106287,-2.3679633140563965,5.769713878631592,2.787238121032715,0
physx,constant_forward,1,1,391,3.9099999126046896,1.0,0.0,0.2794809341430664,0.2483585017116634,0.06181203260347212,-0.00512061920017004,-1.5382061004638672,4.671663761138916,2.802142858505249,0
physx,constant_forward,1,1,392,3.919999912381172,1.0,0.0,0.27910709381103516,0.25378512208801374,0.0594294794936272,-0.033041127026081085,1.7815955877304077,5.070904731750488,0.9292831420898438,0
physx,constant_forward,1,1,393,3.9299999121576548,1.0,0.0,0.27955812215805054,0.25232085975250135,0.04575084836267097,0.0037174683529883623,-2.2153236865997314,5.7186384201049805,3.173943042755127,0
physx,constant_forward,1,1,394,3.9399999119341373,1.0,0.0,0.27965304255485535,0.24681792882822923,0.06047949637109059,0.004555658437311649,-1.7253450155258179,4.555010795593262,2.5207359790802,0
physx,constant_forward,1,1,395,3.94999991171062,1.0,0.0,0.2795732617378235,0.2462387351985637,0.047044447206294394,0.0067087216302752495,-2.156360626220703,5.148907661437988,1.284590721130371,0
physx,constant_forward,1,1,396,3.9599999114871025,1.0,0.0,0.2796969413757324,0.2486004830520838,0.050824131437073025,0.0011668875813484192,-1.831488847732544,4.714526653289795,1.2018436193466187,0
physx,constant_forward,1,1,397,3.969999911263585,1.0,0.0,0.27932727336883545,0.25276895218968837,0.058293239144607545,-0.04735435172915459,1.7717094421386719,5.005932331085205,0.8222360014915466,0
physx,constant_forward,1,1,398,3.9799999110400677,1.0,0.0,0.2796398103237152,0.25053744148628737,0.04952334719248047,-0.012491008266806602,-2.444326400756836,5.7949090003967285,2.812593936920166,0
physx,constant_forward,1,1,399,3.9899999108165503,1.0,0.0,0.2796097993850708,0.24684292909581299,0.06223430247527107,-0.010135598480701447,-1.517307996749878,4.666998863220215,2.833252429962158,0
physx,constant_forward,1,1,400,3.999999910593033,1.0,0.0,0.27953267097473145,0.2498694634980295,0.04646339909025693,0.010784170590341091,-2.243485689163208,5.076275825500488,0.9539017677307129,0
physx,constant_forward,1,1,401,4.009999910369515,1.0,0.0,0.27972328662872314,0.25411680935500236,0.05055598161876627,0.00828860979527235,-1.839565396308899,4.690136909484863,1.289784550666809,0
physx,constant_forward,1,1,402,4.019999910145998,1.0,0.0,0.2793792486190796,0.2582281538295819,0.0591558661174348,-0.04100504890084267,1.7606801986694336,4.940301895141602,1.0083177089691162,0
physx,constant_forward,1,1,403,4.029999909922481,1.0,0.0,0.2796842157840729,0.25529129749870283,0.05093428543037352,-0.01278908085078001,-2.4616613388061523,5.786431312561035,2.955965518951416,0
physx,constant_forward,1,1,404,4.039999909698963,1.0,0.0,0.2796252369880676,0.2506160213000688,0.0631748787037239,-0.015751665458083153,-1.4880305528640747,4.611146450042725,2.9236180782318115,0
physx,constant_forward,1,1,405,4.049999909475446,1.0,0.0,0.2791312038898468,0.25499574794257424,0.060813178968010514,-0.044421080499887466,1.774877667427063,5.079563140869141,1.0754246711730957,0
physx,constant_forward,1,1,406,4.059999909251928,1.0,0.0,0.27947884798049927,0.25307000906455684,0.04716172223729586,-0.007371855434030294,-2.2206597328186035,5.7346086502075195,3.1685330867767334,0
physx,constant_forward,1,1,407,4.069999909028411,1.0,0.0,0.27949851751327515,0.24766427208330086,0.06178864805768935,-0.0031158970668911934,-1.7240973711013794,4.566985130310059,2.538231134414673,0
physx,constant_forward,1,1,408,4.0799999088048935,1.0,0.0,0.2793847918510437,0.24744642342595008,0.04815179842678332,0.001486712135374546,-2.100156307220459,5.138031005859375,1.2256710529327393,0
physx,constant_forward,1,1,409,4.089999908581376,1.0,0.0,0.2795106768608093,0.2500750056823712,0.05163123092374866,0.0027873064391314983,-1.8191862106323242,4.6977458000183105,1.2272571325302124,0
physx,constant_forward,1,1,410,4.099999908357859,1.0,0.0,0.27916786074638367,0.25456531207011857,0.05867810471506991,-0.04336440563201904,1.7152445316314697,4.982942581176758,0.8367030024528503,0
physx,constant_forward,1,1,411,4.109999908134341,1.0,0.0,0.27950894832611084,0.25203125906526425,0.049814625840884745,-0.009187290444970131,-2.3809025287628174,5.771443843841553,2.778484582901001,0
physx,constant_forward,1,1,412,4.119999907910824,1.0,0.0,0.27952152490615845,0.2482020643905597,0.062172075016576296,-0.004567006602883339,-1.539818525314331,4.673458576202393,2.8064966201782227,0
physx,constant_forward,1,1,413,4.129999907687306,1.0,0.0,0.27912449836730957,0.25375114954888606,0.059921185503838154,-0.03139834105968475,1.7783119678497314,5.072391986846924,0.9275974035263062,0
physx,constant_forward,1,1,414,4.139999907463789,1.0,0.0,0.2795538306236267,0.25242961766854044,0.046281986765095644,0.005152942147105932,-2.2070069313049316,5.718723773956299,3.1792244911193848,0
physx,constant_forward,1,1,415,4.149999907240272,1.0,0.0,0.2796263098716736,0.24699948765163382,0.060968281661743055,0.0049127875827252865,-1.7261370420455933,4.558257102966309,2.516038179397583,0
physx,constant_forward,1,1,416,4.159999907016754,1.0,0.0,0.2795211970806122,0.2463782563937497,0.04759940129507445,0.006598465610295534,-2.1349124908447266,5.154533386230469,1.2857141494750977,0
physx,constant_forward,1,1,417,4.169999906793237,1.0,0.0,0.2796230912208557,0.24877444604051188,0.051086242159400184,0.00019977090414613485,-1.8209378719329834,4.7297587394714355,1.1915863752365112,0
physx,constant_forward,1,1,418,4.179999906569719,1.0,0.0,0.27923783659935,0.25292764124012684,0.05836295914487601,-0.048491429537534714,1.7654855251312256,5.018733501434326,0.8068547248840332,0
physx,constant_forward,1,1,419,4.189999906346202,1.0,0.0,0.2795391380786896,0.25063467475120743,0.0494943733992767,-0.01421304140239954,-2.4250729084014893,5.796687602996826,2.8004260063171387,0
physx,constant_forward,1,1,420,4.1999999061226845,1.0,0.0,0.27950289845466614,0.2468866917051907,0.06226685385707464,-0.010735164396464825,-1.5219693183898926,4.673056125640869,2.8328232765197754,0
physx,constant_forward,1,1,421,4.209999905899167,1.0,0.0,0.2794293463230133,0.24994225415222526,0.0464207613078681,0.01100170984864235,-2.2430732250213623,5.074894905090332,0.9436531662940979,0
physx,constant_forward,1,1,422,4.21999990567565,1.0,0.0,0.27962803840637207,0.25418425360566627,0.050562016639987765,0.009150654077529907,-1.831400990486145,4.691558361053467,1.2802932262420654,0
physx,constant_forward,1,1,423,4.229999905452132,1.0,0.0,0.279296338558197,0.25837526390392246,0.05905710138034301,-0.03975289687514305,1.7542940378189087,4.944110870361328,1.0098365545272827,0
physx,constant_forward,1,1,424,4.239999905228615,1.0,0.0,0.27961596846580505,0.2554247257951818,0.05088391868839408,-0.01180292945355177,-2.466480255126953,5.786412715911865,2.9527695178985596,0
physx,constant_forward,1,1,425,4.249999905005097,1.0,0.0,0.2795684039592743,0.25069379718474266,0.06293967469988826,-0.016399841755628586,-1.4955449104309082,4.61495304107666,2.920347213745117,0
physx,constant_forward,1,1,426,4.25999990478158,1.0,0.0,0.2790764570236206,0.2548827300269375,0.060538081724191374,-0.046319376677274704,1.7746012210845947,5.083776950836182,1.0740875005722046,0
physx,constant_forward,1,1,427,4.2699999045580626,1.0,0.0,0.27942633628845215,0.25281186316830995,0.04701134139226722,-0.00918219331651926,-2.2221555709838867,5.735461711883545,3.16671085357666,0
physx,constant_forward,1,1,428,4.279999904334545,1.0,0.0,0.2794485092163086,0.247390691398118,0.061666396508167534,-0.004557776264846325,-1.7198563814163208,4.568752765655518,2.5486767292022705,0
physx,constant_forward,1,1,429,4.289999904111028,1.0,0.0,0.2793422043323517,0.24724968354173166,0.04811161742370108,0.0008698871824890375,-2.08656644821167,5.141724586486816,1.2208586931228638,0
physx,constant_forward,1,1,430,4.29999990388751,1.0,0.0,0.27947965264320374,0.25000076043773684,0.051446109394841726,0.0022795810364186764,-1.8025932312011719,4.700550079345703,1.2341848611831665,0
physx,constant_forward,1,1,431,4.309999903663993,1.0,0.0,0.27915292978286743,0.254605725322159,0.05824142973927253,-0.043188005685806274,1.7036685943603516,4.981815814971924,0.8197176456451416,0
physx,constant_forward,1,1,432,4.3199999034404755,1.0,0.0,0.27951350808143616,0.25203018770847635,0.04956388903547396,-0.008028889074921608,-2.3859972953796387,5.765866756439209,2.7623136043548584,0
physx,constant_forward,1,1,433,4.329999903216958,1.0,0.0,0.27954137325286865,0.24815336696406712,0.06210841189600105,-0.004179760813713074,-1.5293697118759155,4.671244144439697,2.804959535598755,0
physx,constant_forward,1,1,434,4.339999902993441,1.0,0.0,0.27915066480636597,0.25361558506773657,0.05990450662368634,-0.03171442821621895,1.7423075437545776,5.07757043838501,0.9385088086128235,0
physx,constant_forward,1,1,435,4.349999902769923,1.0,0.0,0.279578298330307,0.25215550741415693,0.0463889403560853,0.003844026941806078,-2.2031993865966797,5.709761142730713,3.177328109741211,0
physx,constant_forward,1,1,436,4.359999902546406,1.0,0.0,0.2796490490436554,0.24672591491797893,0.06100983214970724,0.004251454956829548,-1.7297999858856201,4.560807228088379,2.505715847015381,0
physx,constant_forward,1,1,437,4.369999902322888,1.0,0.0,0.27954792976379395,0.24620506569512807,0.047445034713335846,0.006160243414342403,-2.1517982482910156,5.149726390838623,1.2617274522781372,0
physx,constant_forward,1,1,438,4.379999902099371,1.0,0.0,0.27965542674064636,0.24858250972168586,0.05109650936278649,0.0008866034331731498,-1.8250701427459717,4.718506813049316,1.1929912567138672,0
physx,constant_forward,1,1,439,4.3899999018758535,1.0,0.0,0.27927374839782715,0.2528051595921553,0.05837230047075501,-0.04793586954474449,1.7582857608795166,5.008270263671875,0.8204436302185059,0
physx,constant_forward,1,1,440,4.399999901652336,1.0,0.0,0.27957457304000854,0.25049423611994914,0.049419504837301315,-0.014157045632600784,-2.421095609664917,5.793809413909912,2.8133883476257324,0
physx,constant_forward,1,1,441,4.409999901428819,1.0,0.0,0.2795385420322418,0.24673445197059204,0.06206951997111278,-0.010892408899962902,-1.52433443069458,4.667839527130127,2.828988552093506,0
physx,constant_forward,1,1,442,4.419999901205301,1.0,0.0,0.2790929079055786,0.25244844082270684,0.05993236418645848,-0.034780897200107574,1.7782464027404785,5.0727858543396,0.9461106657981873,0
physx,constant_forward,1,1,443,4.429999900981784,1.0,0.0,0.2794869542121887,0.2515083377579351,0.04649469808762516,0.0019051926210522652,-2.2101938724517822,5.715775489807129,3.2159433364868164,0
physx,constant_forward,1,1,444,4.4399999007582664,1.0,0.0,0.27952319383621216,0.2462652047800827,0.06127646324297414,0.0018490045331418514,-1.7334280014038086,4.554106712341309,2.523502826690674,0
physx,constant_forward,1,1,445,4.449999900534749,1.0,0.0,0.2793854773044586,0.24569169489006085,0.04793271753255698,0.003116586245596409,-2.0969135761260986,5.148056507110596,1.2817339897155762,0
physx,constant_forward,1,1,446,4.459999900311232,1.0,0.0,0.27946707606315613,0.24828003137512247,0.05123163196652886,-0.00042273697908967733,-1.8140228986740112,4.740065574645996,1.1631149053573608,0
physx,constant_forward,1,1,447,4.469999900087714,1.0,0.0,0.2790846526622772,0.2528632257628633,0.05810549021858136,-0.04719739034771919,1.7602957487106323,5.026954174041748,0.7899454832077026,0
physx,constant_forward,1,1,448,4.479999899864197,1.0,0.0,0.2794014513492584,0.2507267684919588,0.04921711534769185,-0.011817539110779762,-2.408695697784424,5.798919200897217,2.796542167663574,0
physx,constant_forward,1,1,449,4.489999899640679,1.0,0.0,0.27938881516456604,0.2471396399052311,0.0619407212517655,-0.00763653963804245,-1.5262603759765625,4.677384853363037,2.82153582572937,0
physx,constant_forward,1,1,450,4.499999899417162,1.0,0.0,0.27897295355796814,0.2529740436036975,0.05977279116532673,-0.031741913408041,1.8150203227996826,5.0772480964660645,0.9348333477973938,0
physx,constant_forward,1,1,451,4.5099998991936445,1.0,0.0,0.2793988287448883,0.2520927649868204,0.04621435717837594,0.004925951361656189,-2.2305359840393066,5.727409362792969,3.216012954711914,0
physx,constant_forward,1,1,452,4.519999898970127,1.0,0.0,0.2794603109359741,0.2467386173392705,0.06119013069652205,0.0027447715401649475,-1.724530816078186,4.557311058044434,2.5417068004608154,0
physx,constant_forward,1,1,453,4.52999989874661,1.0,0.0,0.2793336808681488,0.24600401204442257,0.047730561279011686,0.003699896391481161,-2.124898910522461,5.165605545043945,1.308720588684082,0
physx,constant_forward,1,1,454,4.539999898523092,1.0,0.0,0.27942079305648804,0.24846566690998367,0.05114035049467565,-0.0022904847282916307,-1.8203204870224,4.748057842254639,1.1764724254608154,0
physx,constant_forward,1,1,455,4.549999898299575,1.0,0.0,0.279036283493042,0.25283177664826234,0.0582831777725297,-0.04983267933130264,1.7759860754013062,5.039799213409424,0.7953358292579651,0
physx,constant_forward,1,1,456,4.559999898076057,1.0,0.0,0.2793515920639038,0.2507453100007398,0.049370566267845396,-0.014265512116253376,-2.422861337661743,5.805794715881348,2.812164306640625,0
physx,constant_forward,1,1,457,4.56999989785254,1.0,0.0,0.2793380618095398,0.24718374859578282,0.06211193801657325,-0.009924487210810184,-1.5324136018753052,4.677542209625244,2.8309900760650635,0
physx,constant_forward,1,1,458,4.579999897629023,1.0,0.0,0.27929243445396423,0.2503103219944809,0.0461193683238234,0.011678604409098625,-2.257164478302002,5.070528984069824,0.9298986196517944,0
physx,constant_forward,1,1,459,4.589999897405505,1.0,0.0,0.2795165777206421,0.2544634270388394,0.05042061771531065,0.009896475821733475,-1.8343943357467651,4.689953804016113,1.2778416872024536,0
physx,constant_forward,1,1,460,4.599999897181988,1.0,0.0,0.27920445799827576,0.2585410072455742,0.059124197177756355,-0.03919290751218796,1.770876407623291,4.946784973144531,1.042277455329895,0
physx,constant_forward,1,1,461,4.60999989695847,1.0,0.0,0.27954307198524475,0.2556491337519686,0.050997004137172966,-0.011864956468343735,-2.4930176734924316,5.793365478515625,2.9615819454193115,0
physx,constant_forward,1,1,462,4.619999896734953,1.0,0.0,0.2795071601867676,0.2508728930660385,0.06329924707133405,-0.01826610043644905,-1.4781954288482666,4.618330001831055,2.921313762664795,0
physx,constant_forward,1,1,463,4.6299998965114355,1.0,0.0,0.27939659357070923,0.2524317776610217,0.04736909524509013,0.0014279424212872982,-2.2550666332244873,5.097318649291992,1.0990179777145386,0
physx,constant_forward,1,1,464,4.639999896287918,1.0,0.0,0.27956315875053406,0.25583417960927585,0.051331274282708374,-0.002348126843571663,-1.844262719154358,4.756271839141846,1.2138670682907104,0
physx,constant_forward,1,1,465,4.649999896064401,1.0,0.0,0.2792235314846039,0.25979557031093514,0.05937091238950517,-0.04966907948255539,1.7482291460037231,4.998272895812988,0.9678968787193298,0
physx,constant_forward,1,1,466,4.659999895840883,1.0,0.0,0.2795615494251251,0.25687897885207017,0.05066796276955574,-0.018157504498958588,-2.4207046031951904,5.792555809020996,3.049762725830078,0
physx,constant_forward,1,1,467,4.669999895617366,1.0,0.0,0.2795625329017639,0.25226585271553326,0.06304663331763109,-0.016427263617515564,-1.5259350538253784,4.599800109863281,2.928459644317627,0
physx,constant_forward,1,1,468,4.679999895393848,1.0,0.0,0.27913615107536316,0.25656277533139,0.06064922377851334,-0.046251870691776276,1.714805245399475,5.039801597595215,1.031098484992981,0
physx,constant_forward,1,1,469,4.689999895170331,1.0,0.0,0.2795361578464508,0.25400077236329227,0.04714811425369239,-0.008516287431120872,-2.178434371948242,5.701842784881592,3.138556480407715,0
physx,constant_forward,1,1,470,4.699999894946814,1.0,0.0,0.27961617708206177,0.24834100462033498,0.06181021886232718,-0.0007167221046984196,-1.7525079250335693,4.56417989730835,2.5385115146636963,0
physx,constant_forward,1,1,471,4.709999894723296,1.0,0.0,0.2795681953430176,0.24808292848874466,0.047997072610542466,0.0018703811801970005,-2.1163041591644287,5.136682510375977,1.2005245685577393,0
physx,constant_forward,1,1,472,4.719999894499779,1.0,0.0,0.2797475755214691,0.2503455248489492,0.05163878384453696,0.004893118981271982,-1.8073078393936157,4.684981822967529,1.2420406341552734,0
physx,constant_forward,1,1,473,4.729999894276261,1.0,0.0,0.2794455885887146,0.2547199721272896,0.05860257536755049,-0.041890714317560196,1.7192764282226562,4.970408916473389,0.8752118349075317,0
physx,constant_forward,1,1,474,4.739999894052744,1.0,0.0,0.27981123328208923,0.2520153749092481,0.04947296649227641,-0.008839043788611889,-2.367955207824707,5.7738871574401855,2.8161332607269287,0
physx,constant_forward,1,1,475,4.7499998938292265,1.0,0.0,0.27983731031417847,0.24796849473024946,0.06217144127543591,-0.003309472231194377,-1.5484174489974976,4.661924839019775,2.823593854904175,0
physx,constant_forward,1,1,476,4.759999893605709,1.0,0.0,0.27944424748420715,0.25345113075858744,0.06026926506159022,-0.028908465057611465,1.7655483484268188,5.070465087890625,0.9360924363136292,0
physx,constant_forward,1,1,477,4.769999893382192,1.0,0.0,0.27986660599708557,0.2522220272189043,0.04667791010268703,0.006274032406508923,-2.200701951980591,5.714114665985107,3.1960742473602295,0
physx,constant_forward,1,1,478,4.779999893158674,1.0,0.0,0.27991899847984314,0.24679976473343807,0.06131880726169707,0.005168739706277847,-1.7344541549682617,4.556002616882324,2.5093321800231934,0
physx,constant_forward,1,1,479,4.789999892935157,1.0,0.0,0.2797856330871582,0.24614067237872886,0.04794679839708885,0.00696807075291872,-2.139299154281616,5.148845195770264,1.2776669263839722,0
physx,constant_forward,1,1,480,4.799999892711639,1.0,0.0,0.2798546254634857,0.24851786766213307,0.05145347779086153,0.0003355146909598261,-1.827484369277954,4.726390361785889,1.1831845045089722,0
physx,constant_forward,1,1,481,4.809999892488122,1.0,0.0,0.27943459153175354,0.2526640924039533,0.058844937538337014,-0.04810548573732376,1.732768177986145,5.015129089355469,0.8040434718132019,0
physx,constant_forward,1,1,482,4.819999892264605,1.0,0.0,0.27969688177108765,0.25035745580987373,0.04998618914372135,-0.01372922770678997,-2.403562068939209,5.785338878631592,2.7894318103790283,0
physx,constant_forward,1,1,483,4.829999892041087,1.0,0.0,0.27963101863861084,0.24673967727960355,0.0624257662560366,-0.008796757087111473,-1.5341708660125732,4.674711227416992,2.807213068008423,0
physx,constant_forward,1,1,484,4.83999989181757,1.0,0.0,0.2795388698577881,0.2499174970284496,0.04643136177589757,0.012458402663469315,-2.2399580478668213,5.068032264709473,0.9225135445594788,0
physx,constant_forward,1,1,485,4.849999891594052,1.0,0.0,0.2797194719314575,0.2541475281932499,0.05066143417878995,0.011386994272470474,-1.8412485122680664,4.686537742614746,1.2739192247390747,0
physx,constant_forward,1,1,486,4.859999891370535,1.0,0.0,0.27936941385269165,0.2583488053960488,0.05923771770941709,-0.03754054754972458,1.7863317728042603,4.94044828414917,1.030368447303772,0
physx,constant_forward,1,1,487,4.8699998911470175,1.0,0.0,0.279671311378479,0.25552575797962,0.05092164550862507,-0.009653134271502495,-2.476179599761963,5.800120830535889,2.9702067375183105,0
physx,constant_forward,1,1,488,4.8799998909235,1.0,0.0,0.2796069383621216,0.2508635389379507,0.06331401047452567,-0.013872560113668442,-1.4862815141677856,4.615171432495117,2.9389877319335938,0
physx,constant_forward,1,1,489,4.889999890699983,1.0,0.0,0.279098242521286,0.25520959934931214,0.06111988887331341,-0.04300052300095558,1.7772817611694336,5.096763610839844,1.091039776802063,0
physx,constant_forward,1,1,490,4.899999890476465,1.0,0.0,0.27942970395088196,0.25330566886486794,0.04758213643579122,-0.007001338992267847,-2.2215359210968018,5.742362022399902,3.1695218086242676,0
physx,constant_forward,1,1,491,4.909999890252948,1.0,0.0,0.2794320583343506,0.24794390195994856,0.06226183634144918,-0.0029975397046655416,-1.7190382480621338,4.578851222991943,2.5441408157348633,0
physx,constant_forward,1,1,492,4.91999989002943,1.0,0.0,0.2793019115924835,0.24780307386137015,0.048620495048327786,0.0011097434908151627,-2.0870025157928467,5.150163650512695,1.2130851745605469,0
physx,constant_forward,1,1,493,4.929999889805913,1.0,0.0,0.2794155478477478,0.25045851432718186,0.05182574475967538,0.00201431754976511,-1.7982430458068848,4.70481538772583,1.2330777645111084,0
physx,constant_forward,1,1,494,4.9399998895823956,1.0,0.0,0.27906855940818787,0.25498079948025865,0.0586471675093269,-0.04336516186594963,1.69877290725708,4.988604545593262,0.8222412467002869,0
physx,constant_forward,1,1,495,4.949999889358878,1.0,0.0,0.27941226959228516,0.25236509330310525,0.04981893812861836,-0.00957129243761301,-2.3917696475982666,5.768224239349365,2.7595229148864746,0
physx,constant_forward,1,1,496,4.959999889135361,1.0,0.0,0.27942943572998047,0.24841671129387907,0.062220293295415695,-0.005246325396001339,-1.5263845920562744,4.67437744140625,2.7967920303344727,0
physx,constant_forward,1,1,497,4.969999888911843,1.0,0.0,0.279033362865448,0.2538627440465348,0.059921846450057714,-0.033061761409044266,1.7356420755386353,5.082268714904785,0.9454894661903381,0
physx,constant_forward,1,1,498,4.979999888688326,1.0,0.0,0.2794584631919861,0.2523296938326597,0.04635666886957291,0.0024331146851181984,-2.1923460960388184,5.710318565368652,3.175358772277832,0
physx,constant_forward,1,1,499,4.9899998884648085,1.0,0.0,0.27953416109085083,0.24690626281156425,0.0609465039360749,0.004002842586487532,-1.7318989038467407,4.566269874572754,2.5016191005706787,0
physx,constant_forward,1,1,500,4.999999888241291,1.0,0.0,0.2794460952281952,0.24641229838710532,0.04758155490192354,0.005786774680018425,-2.113623857498169,5.152299880981445,1.2543083429336548,0
physx,constant_forward,1,1,501,5.009999888017774,1.0,0.0,0.2795698642730713,0.24885673134349892,0.05085706386402964,0.00048736477037891746,-1.8084768056869507,4.728420257568359,1.1904343366622925,0
physx,constant_forward,1,1,502,5.019999887794256,1.0,0.0,0.27921152114868164,0.2530755788139059,0.0579823057387074,-0.04779244586825371,1.7538715600967407,5.010442733764648,0.8008775115013123,0
physx,constant_forward,1,1,503,5.029999887570739,1.0,0.0,0.279535174369812,0.25065204023661897,0.04922535415588951,-0.01397764403373003,-2.42110276222229,5.790165424346924,2.784576892852783,0
physx,constant_forward,1,1,504,5.039999887347221,1.0,0.0,0.2795169949531555,0.24677547651029022,0.06206553532563806,-0.010755419731140137,-1.5200201272964478,4.673581600189209,2.8364670276641846,0
physx,constant_forward,1,1,505,5.049999887123704,1.0,0.0,0.2790854573249817,0.2524443505398064,0.059791846564100255,-0.03557102754712105,1.7722382545471191,5.079692840576172,0.9454305171966553,0
physx,constant_forward,1,1,506,5.0599998869001865,1.0,0.0,0.2794901132583618,0.2514200353754041,0.0462655327253908,0.00101895397529006,-2.2151095867156982,5.712493419647217,3.2208633422851562,0
physx,constant_forward,1,1,507,5.069999886676669,1.0,0.0,0.27953624725341797,0.24611640567635895,0.06100810217376472,0.0009270213195122778,-1.728899359703064,4.5515570640563965,2.5190834999084473,0
physx,constant_forward,1,1,508,5.079999886453152,1.0,0.0,0.27940818667411804,0.24551256543453934,0.047734636116664064,0.002727027516812086,-2.106227397918701,5.148012638092041,1.2894240617752075,0
physx,constant_forward,1,1,509,5.089999886229634,1.0,0.0,0.27949830889701843,0.24810094054419404,0.05110291114487931,-0.001041825977154076,-1.819627285003662,4.736654281616211,1.1730719804763794,0
physx,constant_forward,1,1,510,5.099999886006117,1.0,0.0,0.27912256121635437,0.2526652006737338,0.05816186446621303,-0.04733452945947647,1.732740879058838,5.025088787078857,0.7941626310348511,0
physx,constant_forward,1,1,511,5.1099998857825994,1.0,0.0,0.27944228053092957,0.2505224627874114,0.049526280483744585,-0.011343634687364101,-2.4155945777893066,5.790412425994873,2.787706136703491,0
physx,constant_forward,1,1,512,5.119999885559082,1.0,0.0,0.2794334590435028,0.24703041810237117,0.062201670302831934,-0.006567933596670628,-1.5144134759902954,4.677717685699463,2.807840585708618,0
physx,constant_forward,1,1,513,5.129999885335565,1.0,0.0,0.2790236473083496,0.25300864979882587,0.059981330660637315,-0.0311055276542902,1.8032007217407227,5.076046466827393,0.9324513077735901,0
physx,constant_forward,1,1,514,5.139999885112047,1.0,0.0,0.27944788336753845,0.25208607528406085,0.046396094700152025,0.004266178701072931,-2.2289533615112305,5.723939418792725,3.2189478874206543,0
physx,constant_forward,1,1,515,5.14999988488853,1.0,0.0,0.27950191497802734,0.2466148324069684,0.06143409988594017,0.0027040846180170774,-1.714705467224121,4.55630350112915,2.545929193496704,0
physx,constant_forward,1,1,516,5.159999884665012,1.0,0.0,0.27936890721321106,0.24589069120943352,0.048100036235169744,0.003781456034630537,-2.133343458175659,5.169936656951904,1.3207910060882568,0
physx,constant_forward,1,1,517,5.169999884441495,1.0,0.0,0.2794509828090668,0.2484065551781375,0.051464202909562995,-0.001581419026479125,-1.8145630359649658,4.751143932342529,1.1769123077392578,0
physx,constant_forward,1,1,518,5.1799998842179775,1.0,0.0,0.2790665030479431,0.25292756913248254,0.05840656470874591,-0.04840606451034546,1.765772819519043,5.037956237792969,0.7710159420967102,0
physx,constant_forward,1,1,519,5.18999988399446,1.0,0.0,0.27938252687454224,0.25084773156832557,0.04941521709660546,-0.013464094139635563,-2.420991897583008,5.803544521331787,2.803215742111206,0
physx,constant_forward,1,1,520,5.199999883770943,1.0,0.0,0.27936995029449463,0.24723365642415354,0.06216312019097669,-0.009381383657455444,-1.520082712173462,4.675448417663574,2.821336269378662,0
physx,constant_forward,1,1,521,5.209999883547425,1.0,0.0,0.27894991636276245,0.25302602647245825,0.060067790782387,-0.03362809866666794,1.8092941045761108,5.076075553894043,0.9419463872909546,0
physx,constant_forward,1,1,522,5.219999883323908,1.0,0.0,0.27936869859695435,0.2520819718367972,0.04649841562747752,0.0021258315537124872,-2.2247486114501953,5.727206707000732,3.2221508026123047,0
physx,constant_forward,1,1,523,5.22999988310039,1.0,0.0,0.2794228792190552,0.24665305213286434,0.061540888771844215,0.0010794486152008176,-1.7236859798431396,4.561409950256348,2.5471034049987793,0
physx,constant_forward,1,1,524,5.239999882876873,1.0,0.0,0.27929529547691345,0.24595681646741424,0.04821181983817644,0.002014847006648779,-2.1089134216308594,5.171217441558838,1.3078826665878296,0
physx,constant_forward,1,1,525,5.249999882653356,1.0,0.0,0.2793848216533661,0.248488886083754,0.05141306985518357,-0.002589614363387227,-1.8086650371551514,4.7532525062561035,1.1751670837402344,0
physx,constant_forward,1,1,526,5.259999882429838,1.0,0.0,0.2790150046348572,0.25302708374190996,0.058406198458859276,-0.04813734441995621,1.7412922382354736,5.041346549987793,0.778040885925293,0
physx,constant_forward,1,1,527,5.269999882206321,1.0,0.0,0.2793472707271576,0.2509471745274597,0.04960907502230966,-0.012888825498521328,-2.4105310440063477,5.796019554138184,2.788025379180908,0
physx,constant_forward,1,1,528,5.279999881982803,1.0,0.0,0.27935194969177246,0.2473825268010551,0.061953545980063474,-0.008939241990447044,-1.5213758945465088,4.680525779724121,2.7976138591766357,0
physx,constant_forward,1,1,529,5.289999881759286,1.0,0.0,0.27895301580429077,0.2531406123537998,0.05982082707588068,-0.033508263528347015,1.76023530960083,5.0689005851745605,0.9249762892723083,0
physx,constant_forward,1,1,530,5.2999998815357685,1.0,0.0,0.27938392758369446,0.25194901445444423,0.046470026943056256,0.0015212682774290442,-2.22009015083313,5.712552070617676,3.1829006671905518,0
physx,constant_forward,1,1,531,5.309999881312251,1.0,0.0,0.27945277094841003,0.24648225922833739,0.06125536192631364,0.00117458775639534,-1.7245979309082031,4.56009578704834,2.5260212421417236,0
physx,constant_forward,1,1,532,5.319999881088734,1.0,0.0,0.27934569120407104,0.24583537048664872,0.047686694234996,0.002492642030119896,-2.11946964263916,5.162703990936279,1.2892485857009888,0
physx,constant_forward,1,1,533,5.329999880865216,1.0,0.0,0.2794538736343384,0.24832544490004024,0.05111076738420658,-0.0024585933424532413,-1.8185186386108398,4.7428388595581055,1.176559567451477,0
physx,constant_forward,1,1,534,5.339999880641699,1.0,0.0,0.2790904939174652,0.2527459998411797,0.058399287649990056,-0.049051061272621155,1.7309268712997437,5.035711765289307,0.8042537569999695,0
physx,constant_forward,1,1,535,5.349999880418181,1.0,0.0,0.279418408870697,0.25057833628945825,0.04964757034790316,-0.01425628736615181,-2.4089367389678955,5.791868209838867,2.8020315170288086,0
physx,constant_forward,1,1,536,5.359999880194664,1.0,0.0,0.27941498160362244,0.24698536682544645,0.06227080943172921,-0.009612319059669971,-1.5178877115249634,4.678770065307617,2.808558225631714,0
physx,constant_forward,1,1,537,5.369999879971147,1.0,0.0,0.27901068329811096,0.2528733961924114,0.06004539922698222,-0.03302812948822975,1.780314326286316,5.070452690124512,0.9284703731536865,0
physx,constant_forward,1,1,538,5.379999879747629,1.0,0.0,0.27944353222846985,0.2519446644841359,0.04651300789751,0.0031011272221803665,-2.2190091609954834,5.716206073760986,3.2051730155944824,0
physx,constant_forward,1,1,539,5.389999879524112,1.0,0.0,0.2795115113258362,0.24654297208364614,0.06119795121165688,0.0011810041032731533,-1.7149059772491455,4.552615642547607,2.519263505935669,0
physx,constant_forward,1,1,540,5.399999879300594,1.0,0.0,0.2793947458267212,0.24578620523219066,0.04771820360213253,0.002694186754524708,-2.1161270141601562,5.158313751220703,1.3103954792022705,0
physx,constant_forward,1,1,541,5.409999879077077,1.0,0.0,0.27949345111846924,0.2482793635173294,0.051221951102960475,-0.002169060055166483,-1.8272705078125,4.747416019439697,1.1656759977340698,0
physx,constant_forward,1,1,542,5.4199998788535595,1.0,0.0,0.27912187576293945,0.25274438356042855,0.05839278661427197,-0.04921909421682358,1.7699174880981445,5.038969039916992,0.7979821562767029,0
physx,constant_forward,1,1,543,5.429999878630042,1.0,0.0,0.2794460356235504,0.25068831205916176,0.049421262044534495,-0.013593088835477829,-2.414090156555176,5.804080486297607,2.8193821907043457,0
physx,constant_forward,1,1,544,5.439999878406525,1.0,0.0,0.2794409990310669,0.24715404627864912,0.0622311960791054,-0.008723797276616096,-1.527011513710022,4.67627477645874,2.826650857925415,0
physx,constant_forward,1,1,545,5.449999878183007,1.0,0.0,0.2790324091911316,0.25305033824783413,0.060071288721186784,-0.032291922718286514,1.8186371326446533,5.070738792419434,0.9303945899009705,0
physx,constant_forward,1,1,546,5.45999987795949,1.0,0.0,0.279461532831192,0.2521689835196948,0.046533151816671815,0.003896659007295966,-2.23091983795166,5.727294445037842,3.2163259983062744,0
physx,constant_forward,1,1,547,5.469999877735972,1.0,0.0,0.2795219421386719,0.24675227897556598,0.061680101752297885,0.0025376607663929462,-1.7208956480026245,4.558441638946533,2.557605266571045,0
physx,constant_forward,1,1,548,5.479999877512455,1.0,0.0,0.2793959379196167,0.2460767181705528,0.04821661798724906,0.0038446453399956226,-2.1402289867401123,5.171542167663574,1.3125383853912354,0
physx,constant_forward,1,1,549,5.489999877288938,1.0,0.0,0.2794828712940216,0.24856529599732982,0.0516869978719487,-0.0014951331540942192,-1.8177731037139893,4.747727870941162,1.182291865348816,0
physx,constant_forward,1,1,550,5.49999987706542,1.0,0.0,0.27909770607948303,0.252998842292386,0.05885379853425162,-0.04909417778253555,1.768211007118225,5.042166233062744,0.7913296818733215,0
physx,constant_forward,1,1,551,5.509999876841903,1.0,0.0,0.27940741181373596,0.2508888970860472,0.049883792846108665,-0.013837953098118305,-2.4174885749816895,5.805751323699951,2.8078320026397705,0
physx,constant_forward,1,1,552,5.519999876618385,1.0,0.0,0.27938973903656006,0.2473175159489678,0.06266648075152931,-0.009200560860335827,-1.51412832736969,4.680931091308594,2.8237674236297607,0
physx,constant_forward,1,1,553,5.529999876394868,1.0,0.0,0.27934232354164124,0.25055890770513883,0.04667020822353981,0.012600245885550976,-2.24695086479187,5.081022262573242,0.9390671849250793,0
physx,constant_forward,1,1,554,5.5399998761713505,1.0,0.0,0.27956730127334595,0.2547811695648694,0.050636003264101385,0.010689704678952694,-1.8294270038604736,4.692297458648682,1.301856517791748,0
physx,constant_forward,1,1,555,5.549999875947833,1.0,0.0,0.27925312519073486,0.2587716227776719,0.05917646900712214,-0.040006861090660095,1.7890087366104126,4.944855213165283,1.0323749780654907,0
physx,constant_forward,1,1,556,5.559999875724316,1.0,0.0,0.27958589792251587,0.25572504254818024,0.05086800085202343,-0.01238882727921009,-2.4830405712127686,5.799205780029297,2.9475297927856445,0
physx,constant_forward,1,1,557,5.569999875500798,1.0,0.0,0.279548317193985,0.25088746757436925,0.06321752212046929,-0.01766478456556797,-1.4840033054351807,4.621725559234619,2.935255527496338,0
physx,constant_forward,1,1,558,5.579999875277281,1.0,0.0,0.27905985713005066,0.2550533923134254,0.060980733255634925,-0.04765186831355095,1.7628380060195923,5.102396488189697,1.0919557809829712,0
physx,constant_forward,1,1,559,5.589999875053763,1.0,0.0,0.279410183429718,0.253021972707134,0.0474107598860858,-0.01093751098960638,-2.22751522064209,5.735151767730713,3.1747751235961914,0
physx,constant_forward,1,1,560,5.599999874830246,1.0,0.0,0.27943387627601624,0.24762670888415073,0.0620184686653405,-0.006184073630720377,-1.7158880233764648,4.572253227233887,2.533228635787964,0
physx,constant_forward,1,1,561,5.6099998746067286,1.0,0.0,0.2793278992176056,0.24749606279815586,0.04829322668641108,-0.0018692988669499755,-2.1186928749084473,5.139918327331543,1.2133498191833496,0
physx,constant_forward,1,1,562,5.619999874383211,1.0,0.0,0.27946382761001587,0.25006421592329736,0.05186501557095562,0.0009363068966194987,-1.809586763381958,4.689330101013184,1.2373709678649902,0
physx,constant_forward,1,1,563,5.629999874159694,1.0,0.0,0.2791365683078766,0.2546932397876908,0.05859913606566114,-0.04437398537993431,1.7227137088775635,4.974853992462158,0.8364290595054626,0
physx,constant_forward,1,1,564,5.639999873936176,1.0,0.0,0.2794986069202423,0.25215910159644794,0.04949714668627419,-0.009694509208202362,-2.3642964363098145,5.77453088760376,2.798003911972046,0
physx,constant_forward,1,1,565,5.649999873712659,1.0,0.0,0.279531866312027,0.24824273819993553,0.06213491108730643,-0.004605553112924099,-1.5538326501846313,4.669045448303223,2.8227648735046387,0
physx,constant_forward,1,1,566,5.6599998734891415,1.0,0.0,0.2791476249694824,0.25366270865084556,0.05991556614854899,-0.032596901059150696,1.751839518547058,5.077556610107422,0.9370587468147278,0
physx,constant_forward,1,1,567,5.669999873265624,1.0,0.0,0.27958351373672485,0.2521897261584263,0.046161317253720614,0.003749702824279666,-2.194892168045044,5.712316036224365,3.1856255531311035,0
physx,constant_forward,1,1,568,5.679999873042107,1.0,0.0,0.27966681122779846,0.24676118777152287,0.06074052453651873,0.0050889584235847,-1.7287256717681885,4.558775424957275,2.5005881786346436,0
physx,constant_forward,1,1,569,5.689999872818589,1.0,0.0,0.2795802354812622,0.24625031648126422,0.04726497172394255,0.007032478228211403,-2.151510000228882,5.147857666015625,1.2706187963485718,0
physx,constant_forward,1,1,570,5.699999872595072,1.0,0.0,0.2796998918056488,0.24863928656390508,0.05097579003679553,0.0022666538134217262,-1.822764277458191,4.715210914611816,1.1959365606307983,0
physx,constant_forward,1,1,571,5.709999872371554,1.0,0.0,0.2793278694152832,0.25283932302264706,0.058411343336151625,-0.046309638768434525,1.7333334684371948,5.004603862762451,0.8200254440307617,0
physx,constant_forward,1,1,572,5.719999872148037,1.0,0.0,0.2796298861503601,0.25045700268045296,0.04963147083038226,-0.013944209553301334,-2.4217357635498047,5.7851972579956055,2.7919528484344482,0
physx,constant_forward,1,1,573,5.7299998719245195,1.0,0.0,0.2795882821083069,0.24662098823050732,0.0621566134164432,-0.011011325754225254,-1.5185832977294922,4.672492027282715,2.8125619888305664,0
physx,constant_forward,1,1,574,5.739999871701002,1.0,0.0,0.2791363000869751,0.2523095648369234,0.05997355934878346,-0.035689499229192734,1.7944878339767456,5.0750041007995605,0.9434862732887268,0
physx,constant_forward,1,1,575,5.749999871477485,1.0,0.0,0.2795209586620331,0.25136793737528795,0.046471487865828096,0.0008511395426467061,-2.2298147678375244,5.719142913818359,3.2252490520477295,0
physx,constant_forward,1,1,576,5.759999871253967,1.0,0.0,0.2795470952987671,0.24608368847386772,0.061416606590817414,0.0013612371403723955,-1.7190029621124268,4.548678398132324,2.538147211074829,0
physx,constant_forward,1,1,577,5.76999987103045,1.0,0.0,0.2794005870819092,0.24558349158186257,0.04805994636508507,0.0033273352310061455,-2.11913800239563,5.152128219604492,1.3049384355545044,0
physx,constant_forward,1,1,578,5.7799998708069324,1.0,0.0,0.27947431802749634,0.2482259664786637,0.051491529899168983,-0.0001346161006949842,-1.8206084966659546,4.736369609832764,1.1802846193313599,0
physx,constant_forward,1,1,579,5.789999870583415,1.0,0.0,0.2790858745574951,0.252889489349515,0.05845050089591858,-0.04622834548354149,1.7667187452316284,5.027401924133301,0.7905943989753723,0
physx,constant_forward,1,1,580,5.799999870359898,1.0,0.0,0.2793990969657898,0.25087623472522885,0.049564094784982346,-0.010534924454987049,-2.423336982727051,5.803394794464111,2.800070285797119,0
physx,constant_forward,1,1,581,5.80999987013638,1.0,0.0,0.2793836295604706,0.24735478761139207,0.06235332818161894,-0.00652519054710865,-1.51474130153656,4.676202774047852,2.824450969696045,0
physx,constant_forward,1,1,582,5.819999869912863,1.0,0.0,0.2793322205543518,0.2505268129492732,0.046418443073529415,0.014407223090529442,-2.256080389022827,5.082385540008545,0.9497858285903931,0
physx,constant_forward,1,1,583,5.829999869689345,1.0,0.0,0.27955082058906555,0.2547461036694117,0.050594024154023726,0.012343484908342361,-1.826033115386963,4.69395112991333,1.2878425121307373,0
physx,constant_forward,1,1,584,5.839999869465828,1.0,0.0,0.27922987937927246,0.2588038808538478,0.059105938640900614,-0.038157325237989426,1.8101835250854492,4.948640823364258,1.0234071016311646,0
physx,constant_forward,1,1,585,5.8499998692423105,1.0,0.0,0.2795613408088684,0.2559009570787836,0.050888852229001635,-0.010512354783713818,-2.5047647953033447,5.805438041687012,2.948625326156616,0
physx,constant_forward,1,1,586,5.859999869018793,1.0,0.0,0.2795169949531555,0.25110073606652383,0.06323636703503822,-0.017439616844058037,-1.4757788181304932,4.620049953460693,2.937084674835205,0
physx,constant_forward,1,1,587,5.869999868795276,1.0,0.0,0.27939358353614807,0.25261644477550155,0.047617713069040835,0.002142152516171336,-2.246718168258667,5.104509353637695,1.103402853012085,0
physx,constant_forward,1,1,588,5.879999868571758,1.0,0.0,0.27954503893852234,0.2560430212283735,0.05128768344593556,-0.003949965350329876,-1.8383657932281494,4.766644477844238,1.2056926488876343,0
physx,constant_forward,1,1,589,5.889999868348241,1.0,0.0,0.27919065952301025,0.25987397976845306,0.059189635600529464,-0.05208401009440422,1.7902523279190063,5.002429962158203,0.9319301247596741,0
physx,constant_forward,1,1,590,5.899999868124723,1.0,0.0,0.27951908111572266,0.25695271747867304,0.050475655094518235,-0.019824661314487457,-2.429452419281006,5.804520130157471,3.0348517894744873,0
physx,constant_forward,1,1,591,5.909999867901206,1.0,0.0,0.27950888872146606,0.25230645433856,0.06311091875634277,-0.017969682812690735,-1.5264571905136108,4.603582859039307,2.957794427871704,0
physx,constant_forward,1,1,592,5.919999867677689,1.0,0.0,0.2790769636631012,0.256689072442948,0.06058194033633283,-0.046474240720272064,1.7239978313446045,5.045875549316406,1.0342042446136475,0
physx,constant_forward,1,1,593,5.929999867454171,1.0,0.0,0.2794837951660156,0.2542782185289679,0.04703202706869791,-0.006975618656724691,-2.1787776947021484,5.703235149383545,3.14754581451416,0
physx,constant_forward,1,1,594,5.939999867230654,1.0,0.0,0.2795756459236145,0.24874110125868087,0.06168958900011757,0.00018535341951064765,-1.754822850227356,4.564887523651123,2.5241312980651855,0
physx,constant_forward,1,1,595,5.949999867007136,1.0,0.0,0.2795354723930359,0.2484196023975259,0.04796801444757099,0.0026860986836254597,-2.0945847034454346,5.13638162612915,1.2064237594604492,0
physx,constant_forward,1,1,596,5.959999866783619,1.0,0.0,0.27972254157066345,0.250666293721505,0.0513664263829184,0.004263856913894415,-1.8090401887893677,4.695888996124268,1.2305132150650024,0
physx,constant_forward,1,1,597,5.9699998665601015,1.0,0.0,0.2794271409511566,0.25488782245814523,0.058313433923542685,-0.04277634620666504,1.727993130683899,4.975272178649902,0.8588663339614868,0
physx,constant_forward,1,1,598,5.979999866336584,1.0,0.0,0.27980250120162964,0.2521166584838046,0.04941811551862579,-0.008880341425538063,-2.3896632194519043,5.775456428527832,2.792839527130127,0
physx,constant_forward,1,1,599,5.989999866113067,1.0,0.0,0.27983683347702026,0.24807043190703473,0.062158717624937326,-0.0039086295291781425,-1.5396990776062012,4.665751934051514,2.8244757652282715,0
physx,constant_forward,1,1,600,5.999999865889549,1.0,0.0,0.2794530987739563,0.253588779285883,0.06023618067820057,-0.028627147898077965,1.7999252080917358,5.071737766265869,0.9355759024620056,0
physx,constant_forward,1,1,601,6.009999865666032,1.0,0.0,0.279889315366745,0.25251059074133225,0.046624887212395855,0.006881348323076963,-2.2241625785827637,5.72291898727417,3.201479196548462,0
physx,constant_forward,1,1,602,6.019999865442514,1.0,0.0,0.2799507677555084,0.24705851256817574,0.0614497888089714,0.004467856604605913,-1.7264333963394165,4.553856372833252,2.525840997695923,0
physx,constant_forward,1,1,603,6.029999865218997,1.0,0.0,0.2798140347003937,0.24627502817332403,0.04812616476165355,0.005853712093085051,-2.147308826446533,5.15129280090332,1.292781114578247,0
physx,constant_forward,1,1,604,6.03999986499548,1.0,0.0,0.27987515926361084,0.24859166412430572,0.05167346877731437,-0.0015143698547035456,-1.8295176029205322,4.731690883636475,1.1770458221435547,0
physx,constant_forward,1,1,605,6.049999864771962,1.0,0.0,0.27944836020469666,0.2527129256974242,0.059029119386180294,-0.049417443573474884,1.7758816480636597,5.022546291351318,0.7963669896125793,0
physx,constant_forward,1,1,606,6.059999864548445,1.0,0.0,0.27971455454826355,0.25061169173986303,0.05004176233472172,-0.013695826753973961,-2.422288417816162,5.800156116485596,2.80840802192688,0
physx,constant_forward,1,1,607,6.069999864324927,1.0,0.0,0.27965158224105835,0.2470590839513173,0.06269941913197934,-0.008987442590296268,-1.512475848197937,4.670217514038086,2.820821523666382,0
physx,constant_forward,1,1,608,6.07999986410141,1.0,0.0,0.27956101298332214,0.250295991208901,0.04685628777542297,0.013323569670319557,-2.2316572666168213,5.075419902801514,0.9491391181945801,0
physx,constant_forward,1,1,609,6.0899998638778925,1.0,0.0,0.2797485888004303,0.25465034198595393,0.05087599841996281,0.012743452563881874,-1.8325209617614746,4.686586856842041,1.297872543334961,0
physx,constant_forward,1,1,610,6.099999863654375,1.0,0.0,0.2794031500816345,0.25880795657304134,0.059390178196942096,-0.036824099719524384,1.7810372114181519,4.942008018493652,1.022618055343628,0
physx,constant_forward,1,1,611,6.109999863430858,1.0,0.0,0.27970609068870544,0.25584179782381106,0.05109297682621985,-0.009334073401987553,-2.4796297550201416,5.799161434173584,2.947472095489502,0
physx,constant_forward,1,1,612,6.11999986320734,1.0,0.0,0.2796398997306824,0.25105549648714176,0.0632762392108694,-0.01470322534441948,-1.4876948595046997,4.6182732582092285,2.930110216140747,0
physx,constant_forward,1,1,613,6.129999862983823,1.0,0.0,0.2791249454021454,0.25520889314167616,0.06104716944576073,-0.044303048402071,1.7768750190734863,5.098515033721924,1.092374563217163,0
physx,constant_forward,1,1,614,6.139999862760305,1.0,0.0,0.27945268154144287,0.25325294152918604,0.04744835126376163,-0.0076746633276343346,-2.223947763442993,5.740711688995361,3.165144681930542,0
physx,constant_forward,1,1,615,6.149999862536788,1.0,0.0,0.2794569432735443,0.2479204806457527,0.062034877320234716,-0.0032674630638211966,-1.7138547897338867,4.576764106750488,2.5318613052368164,0
physx,constant_forward,1,1,616,6.159999862313271,1.0,0.0,0.27933162450790405,0.2478167683330137,0.048357986076509374,0.0012803387362509966,-2.104276418685913,5.1466217041015625,1.2157025337219238,0
physx,constant_forward,1,1,617,6.169999862089753,1.0,0.0,0.2794494330883026,0.25046634769385756,0.05182055158301095,0.002847145777195692,-1.8089286088943481,4.701549530029297,1.2250182628631592,0
physx,constant_forward,1,1,618,6.179999861866236,1.0,0.0,0.27910324931144714,0.25502688333974244,0.058676782086059455,-0.04305657744407654,1.698441505432129,4.9865875244140625,0.8248101472854614,0
physx,constant_forward,1,1,619,6.189999861642718,1.0,0.0,0.27944478392601013,0.25240879037108377,0.049825289570132374,-0.009290194138884544,-2.3859877586364746,5.768961429595947,2.76932430267334,0
physx,constant_forward,1,1,620,6.199999861419201,1.0,0.0,0.27945947647094727,0.24848675789540262,0.06223884799404266,-0.004817964509129524,-1.5326573848724365,4.67479133605957,2.798757553100586,0
physx,constant_forward,1,1,621,6.2099998611956835,1.0,0.0,0.27906280755996704,0.25396337739250396,0.059977441217321986,-0.031521935015916824,1.7576924562454224,5.08268404006958,0.9426020383834839,0
physx,constant_forward,1,1,622,6.219999860972166,1.0,0.0,0.2794938087463379,0.25259091459832905,0.04635761255987178,0.004244217649102211,-2.2120375633239746,5.716007709503174,3.180534601211548,0
physx,constant_forward,1,1,623,6.229999860748649,1.0,0.0,0.2795717120170593,0.2471645565416054,0.06092476976714403,0.004362508654594421,-1.718055248260498,4.561709403991699,2.498116970062256,0
physx,constant_forward,1,1,624,6.239999860525131,1.0,0.0,0.279095858335495,0.24927990756222657,0.060642027087150246,-0.04508470743894577,1.7068026065826416,5.155102729797363,1.2825822830200195,0
physx,constant_forward,1,1,625,6.249999860301614,1.0,0.0,0.2793777585029602,0.2455539690641894,0.04752160474417102,-0.008600413799285889,-2.2301933765411377,5.694242000579834,3.275346040725708,0
physx,constant_forward,1,1,626,6.259999860078096,1.0,0.0,0.27935993671417236,0.2407295724198452,0.061181385382696504,-0.003677134867757559,-1.6741739511489868,4.643130779266357,2.4951171875,0
physx,constant_forward,1,1,627,6.269999859854579,1.0,0.0,0.27926361560821533,0.24229118206885755,0.04648520572535414,0.0020092858467251062,-2.1537272930145264,5.2902421951293945,1.294402003288269,0
physx,constant_forward,1,1,628,6.2799998596310616,1.0,0.0,0.27943480014801025,0.2465243631397581,0.05019371744729461,0.004803233779966831,-1.7974756956100464,4.780838489532471,1.2987483739852905,0
physx,constant_forward,1,1,629,6.289999859407544,1.0,0.0,0.2791345417499542,0.25252022408716257,0.057201789949072615,-0.04178339242935181,1.7281270027160645,5.013527870178223,0.819897472858429,0
physx,constant_forward,1,1,630,6.299999859184027,1.0,0.0,0.2795112133026123,0.2507919495535228,0.04842377665609402,-0.006436590105295181,-2.4112000465393066,5.773645401000977,2.84851336479187,0
physx,constant_forward,1,1,631,6.309999858960509,1.0,0.0,0.2795375883579254,0.2470789647987562,0.06147373265705111,-0.003833021270111203,-1.5376936197280884,4.652785301208496,2.8318042755126953,0
physx,constant_forward,1,1,632,6.319999858736992,1.0,0.0,0.27949991822242737,0.24986024744881846,0.04602881090124106,0.01700063794851303,-2.2868850231170654,5.08596134185791,0.9585493803024292,0
physx,constant_forward,1,1,633,6.3299998585134745,1.0,0.0,0.27970778942108154,0.2539745145394637,0.05023289578879908,0.007724327966570854,-1.850576639175415,4.721442222595215,1.237046718597412,0
physx,constant_forward,1,1,634,6.339999858289957,1.0,0.0,0.27935779094696045,0.25770230474315947,0.058768001952945854,-0.047377172857522964,1.825600504875183,4.979920387268066,0.9779284000396729,0
physx,constant_forward,1,1,635,6.34999985806644,1.0,0.0,0.2796447277069092,0.254695328291126,0.050616404553858275,-0.019989129155874252,-2.533691644668579,5.823416709899902,2.938122510910034,0
physx,constant_forward,1,1,636,6.359999857842922,1.0,0.0,0.2795618176460266,0.2500729885505596,0.0627226358666612,-0.025981904938817024,-1.4647815227508545,4.6223320960998535,2.931208848953247,0
physx,constant_forward,1,1,637,6.369999857619405,1.0,0.0,0.2794207036495209,0.2519317853258651,0.04680779674002923,-0.0037628323771059513,-2.239938974380493,5.083952903747559,1.0855233669281006,0
physx,constant_forward,1,1,638,6.379999857395887,1.0,0.0,0.2795747220516205,0.2556207340195827,0.050750560365577846,-0.004475143272429705,-1.8383322954177856,4.736959457397461,1.2330846786499023,0
physx,constant_forward,1,1,639,6.38999985717237,1.0,0.0,0.27924129366874695,0.259930538615953,0.058697721636649505,-0.048161376267671585,1.732521414756775,4.975344657897949,0.9647980332374573,0
physx,constant_forward,1,1,640,6.3999998569488525,1.0,0.0,0.27959567308425903,0.25713497610385433,0.050125901136229147,-0.015952445566654205,-2.407745838165283,5.785210609436035,3.042099952697754,0
physx,constant_forward,1,1,641,6.409999856725335,1.0,0.0,0.2796107828617096,0.2525056928663642,0.06240357678861307,-0.014420631341636181,-1.5302166938781738,4.597285747528076,2.9262917041778564,0
physx,constant_forward,1,1,642,6.419999856501818,1.0,0.0,0.27919426560401917,0.25665417536344703,0.059909200200576135,-0.045836471021175385,1.7443292140960693,5.040655612945557,1.036647915840149,0
physx,constant_forward,1,1,643,6.4299998562783,1.0,0.0,0.2796069085597992,0.25400548360088293,0.04650923590773491,-0.006291575264185667,-2.199855089187622,5.712252616882324,3.1381163597106934,0
physx,constant_forward,1,1,644,6.439999856054783,1.0,0.0,0.27970072627067566,0.2483853095811817,0.06134248311242373,0.0011130733182653785,-1.7434475421905518,4.560966968536377,2.551832675933838,0
physx,constant_forward,1,1,645,6.4499998558312654,1.0,0.0,0.27966171503067017,0.24814173252894667,0.04784162266961562,0.004500030539929867,-2.104475259780884,5.135781764984131,1.2092914581298828,0
physx,constant_forward,1,1,646,6.459999855607748,1.0,0.0,0.27984482049942017,0.2505012135633854,0.0512502087362782,0.005805308930575848,-1.7962136268615723,4.688141822814941,1.2408543825149536,0
physx,constant_forward,1,1,647,6.469999855384231,1.0,0.0,0.2795443534851074,0.2548264221891544,0.05810129465335365,-0.04069657251238823,1.7282830476760864,4.9652581214904785,0.8441312909126282,0
physx,constant_forward,1,1,648,6.479999855160713,1.0,0.0,0.2799135744571686,0.252087627079292,0.04931691742758457,-0.006631694734096527,-2.40128231048584,5.7703022956848145,2.7890825271606445,0
physx,constant_forward,1,1,649,6.489999854937196,1.0,0.0,0.27993345260620117,0.24799357955711404,0.06223081893393258,-0.002966574626043439,-1.5380418300628662,4.659938335418701,2.83541202545166,0
physx,constant_forward,1,1,650,6.499999854713678,1.0,0.0,0.27989453077316284,0.2507434102145743,0.04662812662352965,0.016618067398667336,-2.2282583713531494,5.078213691711426,0.9505736827850342,0
physx,constant_forward,1,1,651,6.509999854490161,1.0,0.0,0.2801090180873871,0.2547640554040322,0.05062198721882954,0.013308580033481121,-1.8269250392913818,4.681673526763916,1.2967385053634644,0
physx,constant_forward,1,1,652,6.5199998542666435,1.0,0.0,0.2797725200653076,0.2585865432478544,0.05931391864385725,-0.036895278841257095,1.7896934747695923,4.9386444091796875,1.0180671215057373,0
physx,constant_forward,1,1,653,6.529999854043126,1.0,0.0,0.2800711989402771,0.25554364486391035,0.05115370210663472,-0.009841907769441605,-2.4995901584625244,5.787790775299072,2.924074411392212,0
physx,constant_forward,1,1,654,6.539999853819609,1.0,0.0,0.27998825907707214,0.2506639571216831,0.06327350814803,-0.016268135979771614,-1.4772053956985474,4.608727931976318,2.9078962802886963,0
physx,constant_forward,1,1,655,6.549999853596091,1.0,0.0,0.27982255816459656,0.2521597523821633,0.04753221082058059,0.003341621719300747,-2.2524728775024414,5.082223892211914,1.0874024629592896,0
physx,constant_forward,1,1,656,6.559999853372574,1.0,0.0,0.2804945409297943,0.25420707577791957,0.11554817652949909,0.09736162424087524,-1.1916301250457764,4.738160133361816,1.2113442420959473,0
physx,constant_forward,1,1,657,6.569999853149056,1.0,0.0,0.27949926257133484,0.25604653557680385,0.14216619111201825,0.018772954121232033,1.1574201583862305,5.315150737762451,3.5789055824279785,0
physx,constant_forward,1,1,658,6.579999852925539,1.0,0.0,0.27874016761779785,0.2721387851924779,0.09686881928296637,0.09414395689964294,0.9950367212295532,6.142986297607422,4.0099568367004395,0
physx,constant_forward,1,1,659,6.589999852702022,1.0,0.0,0.27870088815689087,0.28606568154806367,0.07085351016500159,0.10343025624752045,0.7768459320068359,5.180055141448975,3.8336148262023926,0
physx,constant_forward,1,1,660,6.599999852478504,1.0,0.0,0.2786736786365509,0.28302103938867457,0.06695792919172908,0.05153793841600418,-1.3204574584960938,5.164888381958008,0.7008978724479675,0
physx,constant_forward,1,1,661,6.609999852254987,1.0,0.0,0.2784813344478607,0.2731429996014174,0.06505914056355923,0.008557109162211418,-1.4000508785247803,5.1383514404296875,3.175565719604492,0
physx,constant_forward,1,1,662,6.619999852031469,1.0,0.0,0.2781749665737152,0.2656281307746349,0.05591100639405161,-0.008818887174129486,-0.2485255002975464,5.397345066070557,0.8064985275268555,0
physx,constant_forward,1,1,663,6.629999851807952,1.0,0.0,0.2780684530735016,0.2603041781642234,0.058910683509774193,-0.026261646300554276,-1.4244147539138794,5.463855266571045,0.9970771670341492,0
physx,constant_forward,1,1,664,6.6399998515844345,1.0,0.0,0.27810776233673096,0.24947436272061593,0.08736587915268552,-0.06873879581689835,0.6938295364379883,5.8204755783081055,1.2153724431991577,0
physx,constant_forward,1,1,665,6.649999851360917,1.0,0.0,0.2782789468765259,0.23325257500719254,0.1040201360236813,-0.14514629542827606,1.4804717302322388,6.409767150878906,0.9143020510673523,0
physx,constant_forward,1,1,666,6.6599998511374,1.0,0.0,0.2789444625377655,0.22201829812302626,0.12382631604400807,-0.06438981741666794,0.2154981940984726,6.438266277313232,0.364727646112442,0
physx,constant_forward,1,1,667,6.669999850913882,1.0,0.0,0.28030040860176086,0.22227563169594305,0.12904398981510803,0.015297248028218746,0.7962148189544678,6.1278839111328125,0.9937362670898438,0
physx,constant_forward,1,1,668,6.679999850690365,1.0,0.0,0.28236138820648193,0.2251349915638593,0.13001924615664218,0.07518818229436874,0.9527627825737,6.378714084625244,1.4945124387741089,0
physx,constant_forward,1,1,669,6.689999850466847,1.0,0.0,0.28465786576271057,0.22338521378294016,0.13115314508332893,0.10011278092861176,0.6170322895050049,6.21304178237915,0.38936224579811096,0
physx,constant_forward,1,1,670,6.69999985024333,1.0,0.0,0.28679242730140686,0.2140937221657787,0.13205532498415473,0.07841573655605316,0.9580652713775635,6.113494873046875,0.20075833797454834,0
physx,constant_forward,1,1,671,6.709999850019813,1.0,0.0,0.28879469633102417,0.20059968998967262,0.13746731596900985,0.06496068090200424,0.77979975938797,6.253536701202393,0.25210872292518616,0
physx,constant_forward,1,1,672,6.719999849796295,1.0,0.0,0.29052868485450745,0.18509442690591538,0.14437487920543596,0.026190390810370445,0.7606943249702454,6.189847946166992,0.7287440299987793,0
physx,constant_forward,1,1,673,6.729999849572778,1.0,0.0,0.29203543066978455,0.17114891590756517,0.15346980151763664,0.012781109660863876,0.9787952899932861,6.325849533081055,0.49388158321380615,0
physx,constant_forward,1,1,674,6.73999984934926,1.0,0.0,0.29360127449035645,0.15622435074726296,0.17253356092234684,0.026553940027952194,-3.4536101818084717,6.462883949279785,0.3710491359233856,0
physx,constant_forward,1,1,675,6.749999849125743,1.0,0.0,0.29438138008117676,0.15320021789051777,0.19677607511754272,-0.024368423968553543,-0.6438499689102173,6.578010559082031,3.8820385932922363,0
physx,constant_forward,1,1,676,6.7599998489022255,1.0,0.0,0.29400527477264404,0.1515149352395871,0.18197859105544092,-0.117284394800663,-0.3707368075847626,7.185967445373535,2.0335500240325928,0
physx,constant_forward,1,1,677,6.769999848678708,1.0,0.0,0.2938268780708313,0.15678492005050385,0.14743245950630327,-0.17809291183948517,-0.5992758870124817,6.423022747039795,1.7478485107421875,0
physx,constant_forward,1,1,678,6.779999848455191,1.0,0.0,0.2937332093715668,0.1710555714468861,0.11855516710251557,-0.12814563512802124,-0.6147870421409607,5.92341423034668,1.4340566396713257,0
physx,constant_forward,1,1,679,6.789999848231673,1.0,0.0,0.2938392162322998,0.1876253216661063,0.10087999910179923,-0.11853042989969254,-0.3782501816749573,5.3998517990112305,1.8181395530700684,0
physx,constant_forward,1,1,680,6.799999848008156,1.0,0.0,0.2940760552883148,0.20202334229421937,0.08904209584334549,-0.11049449443817139,-0.522014319896698,5.895437717437744,0.791508674621582,0
physx,constant_forward,1,1,681,6.809999847784638,1.0,0.0,0.29439520835876465,0.21282653447488623,0.07698649207996507,-0.11774971336126328,-1.3365789651870728,6.261648178100586,0.4972549378871918,0
physx,constant_forward,1,1,682,6.819999847561121,1.0,0.0,0.29490479826927185,0.21929727436417618,0.07431970721201142,-0.12255089730024338,-1.0871800184249878,5.944347858428955,0.8065465688705444,0
physx,constant_forward,1,1,683,6.829999847337604,1.0,0.0,0.2952459156513214,0.22315197179986146,0.06304279248030556,-0.16051602363586426,-0.3713694214820862,5.969873905181885,0.2527276873588562,0
physx,constant_forward,1,1,684,6.839999847114086,1.0,0.0,0.2955734431743622,0.22413951556721895,0.04701207275193868,-0.18772484362125397,-0.42396771907806396,6.1176981925964355,0.29030904173851013,0
physx,constant_forward,1,1,685,6.849999846890569,1.0,0.0,0.29604262113571167,0.2240363835906604,0.03231838875292866,-0.20059624314308167,-0.5608927607536316,5.96697473526001,0.26029881834983826,0
physx,constant_forward,1,1,686,6.859999846667051,1.0,0.0,0.29655271768569946,0.22096197093459766,0.019005306631328735,-0.2254863679409027,-0.4766676127910614,5.759198188781738,0.29787304997444153,0
physx,constant_forward,1,1,687,6.869999846443534,1.0,0.0,0.2971309423446655,0.21760602512666702,0.010597297052627757,-0.21453553438186646,-0.8309666514396667,5.529858112335205,0.5466820001602173,0
physx,constant_forward,1,1,688,6.8799998462200165,1.0,0.0,0.2979152202606201,0.22010363161131555,0.04343166391470248,-0.15603891015052795,-1.3252499103546143,5.255302429199219,0.33568596839904785,0
physx,constant_forward,1,1,689,6.889999845996499,1.0,0.0,0.2990128695964813,0.21942049829224375,0.0906840915624147,-0.14420130848884583,1.5163127183914185,5.642366886138916,1.1062463521957397,0
physx,constant_forward,1,1,690,6.899999845772982,1.0,0.0,0.30054178833961487,0.2276207175549242,0.14903179169610412,-0.04892447218298912,0.40344637632369995,6.44706392288208,1.2995940446853638,0
physx,constant_forward,1,1,691,6.909999845549464,1.0,0.0,0.3021039664745331,0.23578804172516213,0.21693990732411012,0.05233848839998245,0.3486146032810211,6.87903356552124,0.8438242673873901,0
physx,constant_forward,1,1,692,6.919999845325947,1.0,0.0,0.303455114364624,0.24521849857393072,0.2567026775353316,0.05401572957634926,0.39467543363571167,7.224477291107178,0.7150644063949585,0
physx,constant_forward,1,1,693,6.929999845102429,1.0,0.0,0.3049091696739197,0.2604895535742206,0.24353453441171669,0.14324840903282166,1.267493486404419,7.946994304656982,1.7788480520248413,0
physx,constant_forward,1,1,694,6.939999844878912,1.0,0.0,0.3066398501396179,0.2735393108288658,0.20579748300787457,0.11979483813047409,1.632818341255188,7.49396276473999,1.7323771715164185,0
physx,constant_forward,1,1,695,6.9499998446553946,1.0,0.0,0.3073553442955017,0.26665119685228855,0.18154215157268194,0.0829164907336235,0.881690263748169,6.954779148101807,1.3168470859527588,0
physx,constant_forward,1,1,696,6.959999844431877,1.0,0.0,0.30682656168937683,0.24006476461626614,0.178235238455154,0.030732758343219757,1.071416974067688,6.887228488922119,1.7840955257415771,0
physx,constant_forward,1,1,697,6.96999984420836,1.0,0.0,0.30611488223075867,0.21679966628360678,0.18594231432953864,0.037185847759246826,-2.769516706466675,7.170066833496094,2.9430387020111084,0
physx,constant_forward,1,1,698,6.979999843984842,1.0,0.0,0.30458348989486694,0.20582806829282274,0.20923717888217697,0.013117743656039238,-0.6314506530761719,7.027788162231445,2.1632492542266846,0
physx,constant_forward,1,1,699,6.989999843761325,1.0,0.0,0.30282068252563477,0.2157937836176033,0.20711834024784737,0.04467630386352539,-0.2558639645576477,7.534641742706299,0.893558144569397,0
physx,constant_forward,1,1,700,6.9999998435378075,1.0,0.0,0.3017527759075165,0.2385360932031533,0.19174088992282487,0.08970413357019424,-0.32670027017593384,7.940623760223389,2.788262367248535,0
physx,constant_forward,1,1,701,7.00999984331429,1.0,0.0,0.30143144726753235,0.25748423004853627,0.18126584891480063,0.10649968683719635,-0.2727832794189453,8.056095123291016,0.42740240693092346,0
physx,constant_forward,1,1,702,7.019999843090773,1.0,0.0,0.30122536420822144,0.26452534821760737,0.1694042201294915,0.0989830419421196,-0.06746822595596313,8.07261848449707,0.5581634044647217,0
physx,constant_forward,1,1,703,7.029999842867255,1.0,0.0,0.3013482987880707,0.27279992954275534,0.14406412017388923,0.06943652778863907,0.051351599395275116,8.293696403503418,0.9539160132408142,0
physx,constant_forward,1,1,704,7.039999842643738,1.0,0.0,0.30142882466316223,0.27655671773292034,0.11817587801581765,0.03087923303246498,-0.06625291705131531,7.841603755950928,0.6748718619346619,0
physx,constant_forward,1,1,705,7.04999984242022,1.0,0.0,0.3013671338558197,0.2760512641412429,0.13013479105951428,0.01147522497922182,-1.241413950920105,7.527628421783447,0.5583168268203735,0
physx,constant_forward,1,1,706,7.059999842196703,1.0,0.0,0.30025309324264526,0.2610021510374251,0.14548399748052823,-0.03704255819320679,1.6286839246749878,7.855093002319336,0.9711483120918274,0
physx,constant_forward,1,1,707,7.0699998419731855,1.0,0.0,0.2993890643119812,0.25997650584581,0.1320736705181182,-0.00390677759423852,1.077964425086975,8.372802734375,1.5098719596862793,0
physx,constant_forward,1,1,708,7.079999841749668,1.0,0.0,0.2994031012058258,0.2720194523333152,0.107095059199888,0.07012774795293808,0.7980546355247498,7.82990837097168,1.629366397857666,0
physx,constant_forward,1,1,709,7.089999841526151,1.0,0.0,0.3004550039768219,0.28446552252947244,0.0943060110990173,0.09836313128471375,1.7075910568237305,6.938569068908691,2.0524051189422607,0
physx,constant_forward,1,1,710,7.099999841302633,1.0,0.0,0.301195353269577,0.2775852538376092,0.09995583615168445,0.1011187806725502,0.7123745679855347,6.983936309814453,0.5633848905563354,0
physx,constant_forward,1,1,711,7.109999841079116,1.0,0.0,0.3018220067024231,0.2627359785998115,0.1083694799520747,0.133700892329216,0.4150572121143341,7.007859230041504,0.6765809655189514,0
physx,constant_forward,1,1,712,7.1199998408555984,1.0,0.0,0.30293771624565125,0.25138290997916873,0.11705011224316986,0.11414093524217606,1.1154003143310547,7.242523193359375,0.3603281080722809,0
physx,constant_forward,1,1,713,7.129999840632081,1.0,0.0,0.3039553463459015,0.23562660361115378,0.1176040946742876,0.06853889673948288,1.5261884927749634,7.439332962036133,0.2775323987007141,0
physx,constant_forward,1,1,714,7.139999840408564,1.0,0.0,0.30519822239875793,0.2251669707616816,0.13871087595854711,0.12603595852851868,-3.5869596004486084,7.489004135131836,1.5526723861694336,0
physx,constant_forward,1,1,715,7.149999840185046,1.0,0.0,0.3050447404384613,0.2117995405393849,0.15835334421252376,0.043831657618284225,0.12259260565042496,6.925054550170898,2.782834768295288,0
physx,constant_forward,1,1,716,7.159999839961529,1.0,0.0,0.30454587936401367,0.20643845789462384,0.15382525854570395,-0.000447942380560562,-0.6283941864967346,7.818220138549805,1.640135645866394,0
physx,constant_forward,1,1,717,7.169999839738011,1.0,0.0,0.3043268024921417,0.21293446199161548,0.13496046457942343,0.0023904568515717983,-0.546960711479187,7.957226276397705,0.5419127941131592,0
physx,constant_forward,1,1,718,7.179999839514494,1.0,0.0,0.3045708239078522,0.2228135391929165,0.11774908633934769,-0.01222130749374628,0.018749097362160683,7.7065253257751465,0.7519460320472717,0
physx,constant_forward,1,1,719,7.1899998392909765,1.0,0.0,0.30472517013549805,0.2342110228549566,0.09850259793911692,0.02003365382552147,-0.46046438813209534,7.202549457550049,1.4321755170822144,0
physx,constant_forward,1,1,720,7.199999839067459,1.0,0.0,0.3048833906650543,0.24589095522670362,0.08723630689385731,-0.016482321545481682,-0.42679110169410706,6.556910514831543,1.0376063585281372,0
physx,constant_forward,1,1,721,7.209999838843942,1.0,0.0,0.30450373888015747,0.2491895284399187,0.08125870773539187,-0.04082079976797104,-0.21998906135559082,6.605983257293701,1.0165627002716064,0
physx,constant_forward,1,1,722,7.219999838620424,1.0,0.0,0.3044610023498535,0.2524182467801068,0.08730423620476599,0.055278051644563675,-0.7514653205871582,7.264293193817139,0.8560742735862732,0
physx,constant_forward,1,1,723,7.229999838396907,1.0,0.0,0.3045685887336731,0.26483914949385146,0.11321245105403098,0.12215553224086761,-1.8842768669128418,7.464563369750977,1.060829520225525,0
physx,constant_forward,1,1,724,7.239999838173389,1.0,0.0,0.30403757095336914,0.26132453355737895,0.12951087543197418,0.028358327224850655,1.8562849760055542,7.931295871734619,1.6395255327224731,0
physx,constant_forward,1,1,725,7.249999837949872,1.0,0.0,0.3033648729324341,0.2594769247496363,0.12698169616706548,0.010533548891544342,0.44615936279296875,8.239283561706543,1.7927532196044922,0
physx,constant_forward,1,1,726,7.259999837726355,1.0,0.0,0.30275169014930725,0.2584667601971565,0.1183318840900329,0.04544072225689888,0.7545105814933777,7.493627071380615,1.8347924947738647,0
physx,constant_forward,1,1,727,7.269999837502837,1.0,0.0,0.30260711908340454,0.2593041858832263,0.10560268797496518,0.02484717220067978,1.2932313680648804,7.423342227935791,1.2190977334976196,0
physx,constant_forward,1,1,728,7.27999983727932,1.0,0.0,0.30236706137657166,0.25784009452054435,0.09407182613918709,0.00359045946970582,0.9688525795936584,6.946649074554443,0.8934885263442993,0
physx,constant_forward,1,1,729,7.289999837055802,1.0,0.0,0.301672101020813,0.2443456476285226,0.09293609775965023,0.02716987393796444,0.8014054298400879,6.783076763153076,1.4556496143341064,0
physx,constant_forward,1,1,730,7.299999836832285,1.0,0.0,0.3016085624694824,0.24246882634294975,0.08752164735799915,0.021611135452985764,1.1855590343475342,6.9975199699401855,1.3940566778182983,0
physx,constant_forward,1,1,731,7.3099998366087675,1.0,0.0,0.30202555656433105,0.2315719572044525,0.11305912157500958,0.13874764740467072,-2.005934715270996,6.967626571655273,1.4788758754730225,0
physx,constant_forward,1,1,732,7.31999983638525,1.0,0.0,0.3019869327545166,0.23411491720485092,0.1554379610269169,0.15871627628803253,-2.7777414321899414,6.845685958862305,3.418668270111084,0
physx,constant_forward,1,1,733,7.329999836161733,1.0,0.0,0.30172300338745117,0.23649635027404725,0.18343905825021753,0.09359811246395111,0.05026264488697052,8.324639320373535,2.097452163696289,0
physx,constant_forward,1,1,734,7.339999835938215,1.0,0.0,0.3006240129470825,0.2382848663400566,0.153400105450001,-0.021653909236192703,-1.5934388637542725,8.679006576538086,1.3382998704910278,0
physx,constant_forward,1,1,735,7.349999835714698,1.0,0.0,0.29959309101104736,0.2402672523169738,0.09811174840442671,-0.1292198896408081,-1.210905909538269,6.806180953979492,2.474350690841675,0
physx,constant_forward,1,1,736,7.35999983549118,1.0,0.0,0.2989314794540405,0.2413361204272123,0.08230001725163857,-0.10141057521104813,0.24887217581272125,5.426415920257568,2.1677658557891846,0
physx,constant_forward,1,1,737,7.369999835267663,1.0,0.0,0.2970515787601471,0.23457819442452696,0.07893041817459961,-0.16722612082958221,-0.0756201446056366,4.657174110412598,1.5816504955291748,0
physx,constant_forward,1,1,738,7.379999835044146,1.0,0.0,0.2951815724372864,0.23056458262436738,0.08231761665637038,-0.0651201531291008,-1.7402573823928833,5.501410007476807,1.4594776630401611,0
physx,constant_forward,1,1,739,7.389999834820628,1.0,0.0,0.2942526936531067,0.24657868537218355,0.0703572490454149,-0.050404008477926254,-0.11954132467508316,6.78621768951416,1.813788890838623,0
physx,constant_forward,1,1,740,7.399999834597111,1.0,0.0,0.29390180110931396,0.261433049238972,0.06497096292542405,-0.048811327666044235,-0.127165287733078,7.330591678619385,0.7094570994377136,0
physx,constant_forward,1,1,741,7.409999834373593,1.0,0.0,0.2932671010494232,0.26333797515750645,0.06043897853923161,-0.06436578184366226,-1.0212146043777466,7.506622791290283,0.8319257497787476,0
physx,constant_forward,1,1,742,7.419999834150076,1.0,0.0,0.2930716574192047,0.26473058702870067,0.05456196976303708,-0.09776637703180313,-0.8715998530387878,7.436056137084961,1.2844687700271606,0
physx,constant_forward,1,1,743,7.4299998339265585,1.0,0.0,0.2928544580936432,0.2648427517083671,0.049583277723883726,-0.11746401339769363,-1.129865288734436,6.861765384674072,0.7475656867027283,0
physx,constant_forward,1,1,744,7.439999833703041,1.0,0.0,0.2928641438484192,0.267757608294011,0.04938156064639295,-0.11232595890760422,-0.008469203487038612,6.583924293518066,0.32595643401145935,0
physx,constant_forward,1,1,745,7.449999833479524,1.0,0.0,0.2930465042591095,0.27180371679918286,0.06085428998191601,-0.06951392441987991,-0.9929037690162659,6.475504398345947,1.224352478981018,0
physx,constant_forward,1,1,746,7.459999833256006,1.0,0.0,0.2935452461242676,0.2758146497034476,0.06156521271864694,-0.05043218657374382,-0.5425934791564941,6.961757183074951,0.82121741771698,0
physx,constant_forward,1,1,747,7.469999833032489,1.0,0.0,0.2945372462272644,0.2792312102416082,0.06102266565328063,-0.07432002574205399,-0.9017049074172974,6.851778030395508,1.1704598665237427,0
physx,constant_forward,1,1,748,7.479999832808971,1.0,0.0,0.2953847646713257,0.2800989997105491,0.09761637669814038,-0.056496068835258484,-1.0925711393356323,6.639656066894531,0.5612290501594543,0
physx,constant_forward,1,1,749,7.489999832585454,1.0,0.0,0.29534709453582764,0.2646587477579373,0.1335252859207952,-0.10766632109880447,0.6896831393241882,7.3311614990234375,1.8564671277999878,0
physx,constant_forward,1,1,750,7.499999832361937,1.0,0.0,0.2956630289554596,0.2606646897104519,0.1264437278390842,-0.10133729875087738,1.248656988143921,7.866139888763428,1.3171629905700684,0
physx,constant_forward,1,1,751,7.509999832138419,1.0,0.0,0.29671511054039,0.2629678349129942,0.11412693616284257,-0.07241353392601013,0.9254623651504517,7.492547512054443,1.2898974418640137,0
physx,constant_forward,1,1,752,7.519999831914902,1.0,0.0,0.2981480658054352,0.2610966973221336,0.132606164690638,0.026387248188257217,-0.41502681374549866,6.852623462677002,2.001666784286499,0
physx,constant_forward,1,1,753,7.529999831691384,1.0,0.0,0.2997690737247467,0.2589857810530886,0.1480779738345301,0.04069290682673454,0.7033729553222656,6.6029863357543945,0.5322003960609436,0
physx,constant_forward,1,1,754,7.539999831467867,1.0,0.0,0.30113130807876587,0.24971322951287395,0.15354164348311225,-0.02808564156293869,1.2429529428482056,6.9990997314453125,1.3135206699371338,0
physx,constant_forward,1,1,755,7.5499998312443495,1.0,0.0,0.30184125900268555,0.23911699677913542,0.14728213179150026,-0.03818746656179428,0.49161750078201294,7.161006450653076,1.2221903800964355,0
physx,constant_forward,1,1,756,7.559999831020832,1.0,0.0,0.30243146419525146,0.22766282106965582,0.14574014846629352,-0.06443224847316742,0.6259005069732666,7.049400806427002,1.5831291675567627,0
physx,constant_forward,1,1,757,7.569999830797315,1.0,0.0,0.30299443006515503,0.21437616640131532,0.14768537831913875,-0.08010289818048477,0.5205070972442627,7.061448097229004,0.34897223114967346,0
physx,constant_forward,1,1,758,7.579999830573797,1.0,0.0,0.303690642118454,0.20375915142031417,0.14400180194044157,-0.088753342628479,0.6127651333808899,7.123753070831299,0.13967831432819366,0
physx,constant_forward,1,1,759,7.58999983035028,1.0,0.0,0.304592490196228,0.19662980072816774,0.1368297910153092,-0.09656648337841034,0.5679504871368408,7.121218204498291,0.2590152323246002,0
physx,constant_forward,1,1,760,7.599999830126762,1.0,0.0,0.3057869076728821,0.18510204928969418,0.13825939403673404,-0.05408377945423126,-2.7963263988494873,6.895211219787598,0.40867409110069275,0
physx,constant_forward,1,1,761,7.609999829903245,1.0,0.0,0.3065490126609802,0.17852627959624698,0.16796896498978106,-0.08761495351791382,-1.130471110343933,6.509260654449463,2.513855218887329,0
physx,constant_forward,1,1,762,7.6199998296797276,1.0,0.0,0.3064744770526886,0.17540045363037723,0.1819040444024872,-0.10910312086343765,-1.248849630355835,7.619811534881592,1.4952442646026611,0
physx,constant_forward,1,1,763,7.62999982945621,1.0,0.0,0.3066597580909729,0.18551477544290743,0.17230503630459956,-0.1204136535525322,-0.4037856161594391,8.09605598449707,0.9928215146064758,0
physx,constant_forward,1,1,764,7.639999829232693,1.0,0.0,0.3074052333831787,0.20876072764583314,0.1480045786657486,-0.09652464836835861,0.5780660510063171,7.808501720428467,1.1589698791503906,0
physx,constant_forward,1,1,765,7.649999829009175,1.0,0.0,0.3077630400657654,0.22115269963926482,0.12833635313207797,-0.07163896411657333,-1.411236047744751,7.522793292999268,1.2031968832015991,0
physx,constant_forward,1,1,766,7.659999828785658,1.0,0.0,0.3085585832595825,0.23313013076354216,0.1127941680497986,-0.07824182510375977,-0.1275763362646103,6.906625270843506,0.8447548151016235,0
physx,constant_forward,1,1,767,7.6699998285621405,1.0,0.0,0.3091276288032532,0.23604315822625618,0.09812898504741935,-0.09587369859218597,-1.1821657419204712,7.222667694091797,0.5319213271141052,0
physx,constant_forward,1,1,768,7.679999828338623,1.0,0.0,0.3098512589931488,0.23824349696615002,0.08487361673871235,-0.09942641854286194,-0.4242818355560303,7.1442389488220215,0.4584193825721741,0
physx,constant_forward,1,1,769,7.689999828115106,1.0,0.0,0.31074121594429016,0.24113525215965184,0.07577830151550607,-0.08501807600259781,-0.8778032064437866,7.204869747161865,0.19005034863948822,0
physx,constant_forward,1,1,770,7.699999827891588,1.0,0.0,0.31171518564224243,0.24299289395787543,0.0788524088010071,-0.08955688774585724,-1.224652886390686,7.159151554107666,0.16882209479808807,0
physx,constant_forward,1,1,771,7.709999827668071,1.0,0.0,0.3122795522212982,0.23378593343628873,0.10916286678069036,-0.13271358609199524,-0.31667613983154297,7.375080585479736,0.5863281488418579,0
physx,constant_forward,1,1,772,7.719999827444553,1.0,0.0,0.3123672902584076,0.22202824478637267,0.11186236801143534,-0.1976373791694641,2.062295436859131,7.484484672546387,0.47228550910949707,0
physx,constant_forward,1,1,773,7.729999827221036,1.0,0.0,0.31305792927742004,0.22264841872812316,0.12826611170382304,-0.07063404470682144,-0.7885441184043884,7.623170375823975,0.856120228767395,0
physx,constant_forward,1,1,774,7.7399998269975185,1.0,0.0,0.314105361700058,0.2316805196981787,0.12026284633730731,-0.03236303851008415,0.6669270992279053,6.983879566192627,1.1344349384307861,0
physx,constant_forward,1,1,775,7.749999826774001,1.0,0.0,0.31539642810821533,0.23768564821040822,0.1072891771890671,-0.05546163395047188,1.2528094053268433,6.775292873382568,1.4274094104766846,0
physx,constant_forward,1,1,776,7.759999826550484,1.0,0.0,0.3156683146953583,0.2302907300473669,0.10083836693764367,-0.048897888511419296,-0.13834573328495026,6.597992897033691,2.2705588340759277,0
physx,constant_forward,1,1,777,7.769999826326966,1.0,0.0,0.31553712487220764,0.221221521887973,0.09480588913920264,-0.040668994188308716,0.6095934510231018,6.3304290771484375,1.446806788444519,0
physx,constant_forward,1,1,778,7.779999826103449,1.0,0.0,0.31531041860580444,0.2112090857643743,0.09092505787301654,-0.024721024557948112,0.5446938276290894,6.50691032409668,0.6316453218460083,0
physx,constant_forward,1,1,779,7.7899998258799314,1.0,0.0,0.31542325019836426,0.2029784383947494,0.10906464796048947,0.027950774878263474,1.341345191001892,6.583022594451904,0.2407057136297226,0
physx,constant_forward,1,1,780,7.799999825656414,1.0,0.0,0.31561407446861267,0.19894498643099656,0.15021374558983236,-0.002856046427041292,0.6647250652313232,6.910614967346191,0.7859360575675964,0
physx,constant_forward,1,1,781,7.809999825432897,1.0,0.0,0.3151010274887085,0.19225837388816006,0.2022047123193983,0.13928909599781036,2.7301905155181885,7.57603645324707,1.6704659461975098,0
physx,constant_forward,1,1,782,7.819999825209379,1.0,0.0,0.3150233030319214,0.2064326056858387,0.23393724745483727,0.20032618939876556,-0.5598810911178589,8.120556831359863,1.098052740097046,0
physx,constant_forward,1,1,783,7.829999824985862,1.0,0.0,0.3151744604110718,0.2299182574070654,0.22022904044225158,0.19639313220977783,1.7369358539581299,8.444581985473633,1.1157206296920776,0
physx,constant_forward,1,1,784,7.839999824762344,1.0,0.0,0.3146277666091919,0.23603683192750688,0.1984836800404128,0.14779876172542572,0.6707341074943542,8.209671974182129,1.3158982992172241,0
physx,constant_forward,1,1,785,7.849999824538827,1.0,0.0,0.31356754899024963,0.22368319310033127,0.20018340159971096,0.15901564061641693,-3.2087647914886475,7.966867446899414,0.9697911739349365,0
physx,constant_forward,1,1,786,7.8599998243153095,1.0,0.0,0.3112919330596924,0.204386428366231,0.2232984885320221,0.12378464639186859,-2.2539448738098145,7.469686031341553,2.2236440181732178,0
physx,constant_forward,1,1,787,7.869999824091792,1.0,0.0,0.3089528977870941,0.20332267723938777,0.21727999046055996,0.03412724658846855,2.0038328170776367,8.785065650939941,1.4121259450912476,0
physx,constant_forward,1,1,788,7.879999823868275,1.0,0.0,0.3061825633049011,0.21019283061059416,0.19439518564372874,-0.027918845415115356,-0.25790268182754517,8.451194763183594,1.7403836250305176,0
physx,constant_forward,1,1,789,7.889999823644757,1.0,0.0,0.3033379912376404,0.2197069368843849,0.17761611937287403,-0.020388714969158173,-0.7945568561553955,8.03839111328125,1.5944719314575195,0
physx,constant_forward,1,1,790,7.89999982342124,1.0,0.0,0.30142655968666077,0.2416114274268215,0.15023921106087168,0.01306861825287342,0.022409867495298386,8.079408645629883,0.31967782974243164,0
physx,constant_forward,1,1,791,7.909999823197722,1.0,0.0,0.3005119860172272,0.2689935892974183,0.11715557443723228,0.04647405073046684,0.04213695973157883,7.731284141540527,0.9700892567634583,0
physx,constant_forward,1,1,792,7.919999822974205,1.0,0.0,0.30041810870170593,0.2843294572543452,0.1104372208690156,0.05812302604317665,0.19005469977855682,7.433213710784912,1.1047965288162231,0
physx,constant_forward,1,1,793,7.929999822750688,1.0,0.0,0.3001413345336914,0.2930163270241575,0.10018766852686617,0.10926149785518646,-2.6247990131378174,7.874616622924805,1.9514756202697754,0
physx,constant_forward,1,1,794,7.93999982252717,1.0,0.0,0.3004920780658722,0.2932188507218965,0.11231214278746841,0.07712635397911072,1.4535086154937744,7.436269760131836,1.7326138019561768,0
physx,constant_forward,1,1,795,7.949999822303653,1.0,0.0,0.3007749617099762,0.2795371331436013,0.11810527613611663,0.019077463075518608,0.6488902568817139,8.052726745605469,1.114575982093811,0
physx,constant_forward,1,1,796,7.959999822080135,1.0,0.0,0.30141088366508484,0.2653568873472743,0.11166581693973121,-0.003980000037699938,0.11110343039035797,7.862810134887695,0.6110188961029053,0
physx,constant_forward,1,1,797,7.969999821856618,1.0,0.0,0.30248159170150757,0.2589595414956982,0.09151498130356839,0.007651304826140404,0.8930928707122803,7.500575065612793,1.4602370262145996,0
physx,constant_forward,1,1,798,7.9799998216331005,1.0,0.0,0.30383139848709106,0.2531923414762664,0.0782464739008791,0.012923186644911766,0.7809260487556458,6.6514105796813965,2.285412073135376,0
physx,constant_forward,1,1,799,7.989999821409583,1.0,0.0,0.3052782714366913,0.2420716310584316,0.08077393709182269,-0.008209263905882835,1.4610475301742554,6.4158101081848145,0.4813282787799835,0
physx,constant_forward,1,1,800,7.999999821186066,1.0,0.0,0.30620408058166504,0.22423564711648616,0.08922425777894694,0.04231448844075203,-0.68851238489151,6.18553352355957,0.9628791213035583,0
physx,constant_forward,1,1,801,8.009999820962548,1.0,0.0,0.30723458528518677,0.2117661713251795,0.07799656237102856,-0.003563755424693227,1.178246021270752,6.220946788787842,0.4797021448612213,0
physx,constant_forward,1,1,802,8.01999982073903,1.0,0.0,0.3078876733779907,0.19479723372413416,0.07084970756799903,-0.04262600094079971,0.6602821946144104,6.296265125274658,0.7149723768234253,0
physx,constant_forward,1,1,803,8.029999820515513,1.0,0.0,0.30785906314849854,0.17239351459787206,0.07032039548458717,-0.11898932605981827,0.6032941341400146,6.068603515625,0.5107602477073669,0
physx,constant_forward,1,1,804,8.039999820291996,1.0,0.0,0.3071928918361664,0.15008483354619157,0.06563082057734905,-0.18710997700691223,0.16301947832107544,5.9689741134643555,0.7450602054595947,0
physx,constant_forward,1,1,805,8.049999820068479,1.0,0.0,0.30624350905418396,0.13383014962187556,0.04982411070418594,-0.2374310940504074,0.21423907577991486,5.970431804656982,0.14556942880153656,0
physx,constant_forward,1,1,806,8.059999819844961,1.0,0.0,0.3052641451358795,0.12069770750083728,0.03527248777788352,-0.26759397983551025,1.9162319898605347,5.639019966125488,0.677544116973877,0
physx,constant_forward,1,1,807,8.069999819621444,1.0,0.0,0.3046456575393677,0.12223759673933318,0.05003585535440167,-0.27765679359436035,1.2383521795272827,5.933206558227539,1.726374864578247,0
physx,constant_forward,1,1,808,8.079999819397926,1.0,0.0,0.3034150302410126,0.12543745888228058,0.09628315626220407,-0.07653059810400009,-1.2614567279815674,5.671205520629883,1.956919550895691,0
physx,constant_forward,1,1,809,8.089999819174409,1.0,0.0,0.3029370605945587,0.15464767000071322,0.09840057143624285,-0.04199086129665375,0.010871995240449905,6.730835437774658,1.2710932493209839,0
physx,constant_forward,1,1,810,8.099999818950891,1.0,0.0,0.3025486469268799,0.17417878354314892,0.0705238835029996,-0.10496094077825546,0.9838213920593262,6.177426338195801,2.1347298622131348,0
physx,constant_forward,1,1,811,8.109999818727374,1.0,0.0,0.30177149176597595,0.1746936880178385,0.05754447504087099,-0.16218191385269165,0.3948626220226288,5.986947059631348,0.8105282187461853,0
physx,constant_forward,1,1,812,8.119999818503857,1.0,0.0,0.30057480931282043,0.16247310895466427,0.05873010680801545,-0.22853350639343262,0.3242149353027344,5.769533634185791,0.764541745185852,0
physx,constant_forward,1,1,813,8.12999981828034,1.0,0.0,0.29901590943336487,0.14406543675992,0.0556044441832483,-0.30592620372772217,0.9603382349014282,5.838687896728516,0.813396155834198,0
physx,constant_forward,1,1,814,8.139999818056822,1.0,0.0,0.2975083887577057,0.12650017608702002,0.06289898704142073,-0.31739866733551025,-0.16879905760288239,5.842980861663818,0.5970500707626343,0
physx,constant_forward,1,1,815,8.149999817833304,1.0,0.0,0.2960966229438782,0.11719488253181011,0.046151415382295724,-0.33494892716407776,0.08487021178007126,5.964954376220703,0.4685107171535492,0
physx,constant_forward,1,1,816,8.159999817609787,1.0,0.0,0.29518935084342957,0.11237048397354377,0.018858074293805413,-0.33060401678085327,0.7086917161941528,5.20656156539917,1.5060248374938965,0
physx,constant_forward,1,1,817,8.16999981738627,1.0,0.0,0.2947997450828552,0.10940885553121947,0.011441647364321395,-0.2505345642566681,-0.030008438974618912,4.9361653327941895,0.9120498299598694,0
physx,constant_forward,1,1,818,8.179999817162752,1.0,0.0,0.29494303464889526,0.11228861204236618,0.024404189065267295,-0.13542042672634125,0.5099634528160095,4.738955020904541,0.6099948883056641,0
physx,constant_forward,1,1,819,8.189999816939235,1.0,0.0,0.29546818137168884,0.12147405173864022,0.047760552700122215,-0.017026640474796295,-0.054511185735464096,4.699255466461182,0.4429730176925659,0
physx,constant_forward,1,1,820,8.199999816715717,1.0,0.0,0.2959582209587097,0.13102561411984706,0.06407949936236515,0.04839981719851494,0.7330350875854492,5.1556806564331055,0.630332887172699,0
physx,constant_forward,1,1,821,8.2099998164922,1.0,0.0,0.29717954993247986,0.14177345337184954,0.0769809810411051,0.12784598767757416,-1.8374006748199463,5.775498390197754,1.1090340614318848,0
physx,constant_forward,1,1,822,8.219999816268682,1.0,0.0,0.2973267436027527,0.15042572130276666,0.09705791371488476,0.06317679584026337,0.8163710236549377,5.753542900085449,1.9787445068359375,0
physx,constant_forward,1,1,823,8.229999816045165,1.0,0.0,0.2971755266189575,0.15193147184414468,0.08227775187491021,0.042273566126823425,1.0451244115829468,6.007645606994629,1.5332159996032715,0
physx,constant_forward,1,1,824,8.239999815821648,1.0,0.0,0.29704901576042175,0.145629605249134,0.08381415019186736,0.027124561369419098,0.03534505516290665,5.989822864532471,0.7600346803665161,0
physx,constant_forward,1,1,825,8.24999981559813,1.0,0.0,0.2966245114803314,0.13407244108848712,0.08848839682483796,0.03451748937368393,0.6252234578132629,5.938634395599365,0.7990424036979675,0
physx,constant_forward,1,1,826,8.259999815374613,1.0,0.0,0.2964828312397003,0.13449154683034226,0.07867368958919618,0.03260606899857521,0.7892954349517822,6.095664978027344,1.274553656578064,0
physx,constant_forward,1,1,827,8.269999815151095,1.0,0.0,0.2965013384819031,0.13933319348127338,0.08144106184321959,0.08425520360469818,0.16634601354599,6.088909149169922,0.8896422982215881,0
physx,constant_forward,1,1,828,8.279999814927578,1.0,0.0,0.2962867319583893,0.14413219230087015,0.09248722093895054,0.07010546326637268,1.5006839036941528,6.399388790130615,1.0917494297027588,0
physx,constant_forward,1,1,829,8.28999981470406,1.0,0.0,0.2961135804653168,0.15478352071266424,0.0736046326654283,0.07332982867956161,0.8011124134063721,6.909786701202393,1.074104905128479,0
physx,constant_forward,1,1,830,8.299999814480543,1.0,0.0,0.29610687494277954,0.16070052725508446,0.07835952817934722,0.1262645125389099,0.18688414990901947,5.994927406311035,1.5934516191482544,0
physx,constant_forward,1,1,831,8.309999814257026,1.0,0.0,0.2959708869457245,0.1584222173145745,0.1015245597939556,0.11250558495521545,0.8338513374328613,6.144637584686279,0.4863083064556122,0
physx,constant_forward,1,1,832,8.319999814033508,1.0,0.0,0.2956848442554474,0.16162609523670385,0.08158460740547534,0.09291420876979828,1.090537428855896,6.973084926605225,1.3461613655090332,0
physx,constant_forward,1,1,833,8.32999981380999,1.0,0.0,0.29567286372184753,0.17165003958858419,0.05798273868676674,0.11537404358386993,0.21322396397590637,6.932420253753662,0.6505018472671509,0
physx,constant_forward,1,1,834,8.339999813586473,1.0,0.0,0.2960200309753418,0.1795095868724885,0.05784122645936577,0.12404093146324158,0.2633853554725647,6.612645626068115,0.5576346516609192,0
physx,constant_forward,1,1,835,8.349999813362956,1.0,0.0,0.2960638403892517,0.17856291390079282,0.07111790145237692,0.15222638845443726,0.1456512063741684,6.454415798187256,1.2761105298995972,0
physx,constant_forward,1,1,836,8.359999813139439,1.0,0.0,0.296354204416275,0.17980666296238923,0.059231258195811445,0.09772156178951263,0.6806176900863647,7.013301372528076,0.9543092250823975,0
physx,constant_forward,1,1,837,8.369999812915921,1.0,0.0,0.29658061265945435,0.17893271583409887,0.05216729587308332,0.048614099621772766,1.497428059577942,6.784285545349121,0.8180116415023804,0
physx,constant_forward,1,1,838,8.379999812692404,1.0,0.0,0.29672735929489136,0.16803289592384366,0.08238202159848702,0.0975564569234848,1.2186152935028076,6.482553005218506,1.2210090160369873,0
physx,constant_forward,1,1,839,8.389999812468886,1.0,0.0,0.29675284028053284,0.1685643532837529,0.11399482899857855,0.10956855118274689,-0.8544257879257202,6.712647914886475,1.9644370079040527,0
physx,constant_forward,1,1,840,8.399999812245369,1.0,0.0,0.2964703440666199,0.16857767619327266,0.10604936927882783,0.07295714318752289,0.24728579819202423,7.172685146331787,2.1418492794036865,0
physx,constant_forward,1,1,841,8.409999812021852,1.0,0.0,0.29672205448150635,0.17361985089295806,0.08403921331839344,0.03540818393230438,0.6597076058387756,6.882602214813232,1.6638857126235962,0
physx,constant_forward,1,1,842,8.419999811798334,1.0,0.0,0.29662957787513733,0.16857331785381097,0.07781700159406253,-0.03464212268590927,0.2252827286720276,6.7957234382629395,0.5293551087379456,0
physx,constant_forward,1,1,843,8.429999811574817,1.0,0.0,0.2962797284126282,0.15482740431410966,0.08307076613164574,-0.05773645266890526,-2.707639455795288,6.597214698791504,0.8704079389572144,0
physx,constant_forward,1,1,844,8.4399998113513,1.0,0.0,0.2951568067073822,0.14886191537767457,0.10657686467966272,-0.1315401792526245,0.3712218999862671,6.6265387535095215,2.2072010040283203,0
physx,constant_forward,1,1,845,8.449999811127782,1.0,0.0,0.29369404911994934,0.15617014906042773,0.09241702620481203,-0.20155958831310272,0.15786702930927277,6.851113796234131,1.010728120803833,0
physx,constant_forward,1,1,846,8.459999810904264,1.0,0.0,0.29184383153915405,0.15880923792102797,0.07575178033872075,-0.2690316438674927,-1.3430265188217163,7.090287208557129,2.22904372215271,0
physx,constant_forward,1,1,847,8.469999810680747,1.0,0.0,0.29057541489601135,0.16669091272770642,0.04156453192890282,-0.329210489988327,-1.5819664001464844,6.239966869354248,2.250441551208496,0
physx,constant_forward,1,1,848,8.47999981045723,1.0,0.0,0.28994545340538025,0.17673234121516784,0.0251334438840528,-0.27645257115364075,-1.3869848251342773,5.018746852874756,1.5615496635437012,0
physx,constant_forward,1,1,849,8.489999810233712,1.0,0.0,0.28979140520095825,0.1896965451195021,0.03114744402333541,-0.24164049327373505,-0.9199474453926086,5.15757942199707,0.8206271529197693,0
physx,constant_forward,1,1,850,8.499999810010195,1.0,0.0,0.2895302474498749,0.2084545857315324,0.029909555488307173,-0.2663896083831787,1.6388425827026367,5.716152667999268,0.9598217010498047,0
physx,constant_forward,1,1,851,8.509999809786677,1.0,0.0,0.28983238339424133,0.21713961504224863,0.015839190838780923,-0.24283257126808167,1.3400770425796509,6.0374250411987305,2.3221349716186523,0
physx,constant_forward,1,1,852,8.51999980956316,1.0,0.0,0.29027366638183594,0.215702286289338,-0.0036054535757177393,-0.22959256172180176,1.693633794784546,5.935266971588135,0.37983542680740356,0
physx,constant_forward,1,1,853,8.529999809339643,1.0,0.0,0.2911340892314911,0.213999873166679,-0.009855522224839035,-0.15008237957954407,0.056338682770729065,5.780548095703125,0.4067050814628601,0
physx,constant_forward,1,1,854,8.539999809116125,1.0,0.0,0.2924533486366272,0.20850000344520261,0.005458183891572158,-0.12317744642496109,0.41542690992355347,4.951935291290283,1.2626382112503052,0
physx,constant_forward,1,1,855,8.549999808892608,1.0,0.0,0.293705016374588,0.1997660356628327,0.018267027239004835,-0.08202660083770752,0.2926645278930664,5.488317966461182,1.5704567432403564,0
physx,constant_forward,1,1,856,8.55999980866909,1.0,0.0,0.29518452286720276,0.19060050994309125,0.026742222792685923,-0.05770066753029823,0.5887194275856018,5.407456874847412,1.6588222980499268,0
physx,constant_forward,1,1,857,8.569999808445573,1.0,0.0,0.2967390716075897,0.18353761092996593,0.032295297349485184,-0.0317063070833683,0.4726778566837311,5.484645843505859,1.6019574403762817,0
physx,constant_forward,1,1,858,8.579999808222055,1.0,0.0,0.29804664850234985,0.176393107434338,0.03323640767114077,-0.04191089794039726,0.5017731189727783,5.575796604156494,0.4213309586048126,0
physx,constant_forward,1,1,859,8.589999807998538,1.0,0.0,0.29905495047569275,0.17104061659080927,0.03202584738386774,-0.015470764599740505,0.46701401472091675,5.571377277374268,0.32713279128074646,0
physx,constant_forward,1,1,860,8.59999980777502,1.0,0.0,0.30000439286231995,0.16455414459603857,0.0369659049508661,-0.014768769033253193,0.2455189824104309,5.225613594055176,1.5493075847625732,0
physx,constant_forward,1,1,861,8.609999807551503,1.0,0.0,0.300750732421875,0.1576839221159772,0.05721191031279658,-0.002066714223474264,1.4798545837402344,5.518122673034668,1.5401766300201416,0
physx,constant_forward,1,1,862,8.619999807327986,1.0,0.0,0.3009018301963806,0.15694115556060337,0.04096160578405435,-0.015474648214876652,0.22498607635498047,5.976755619049072,0.9611811637878418,0
physx,constant_forward,1,1,863,8.629999807104468,1.0,0.0,0.3010902404785156,0.1615595005941437,0.02361036043245511,0.02603239193558693,0.4562312364578247,5.552382946014404,1.1244596242904663,0
physx,constant_forward,1,1,864,8.639999806880951,1.0,0.0,0.3014879524707794,0.16654916796712804,0.026214813266029223,0.04272307828068733,0.4873190224170685,5.742908000946045,0.6193766593933105,0
physx,constant_forward,1,1,865,8.649999806657434,1.0,0.0,0.3015907406806946,0.1602888730709999,0.062439539354360425,0.11887399107217789,0.05702580511569977,5.650905609130859,1.0039840936660767,0
physx,constant_forward,1,1,866,8.659999806433916,1.0,0.0,0.3014060854911804,0.15844843718450433,0.07580545389347856,0.09016834944486618,1.0485974550247192,6.239465236663818,1.576926350593567,0
physx,constant_forward,1,1,867,8.669999806210399,1.0,0.0,0.3009515702724457,0.15989594038485086,0.06735488446666332,0.08734245598316193,0.6366419196128845,7.077575206756592,1.1557884216308594,0
physx,constant_forward,1,1,868,8.679999805986881,1.0,0.0,0.30046549439430237,0.1610758677521087,0.0651904042296754,0.08365483582019806,0.5479275584220886,6.909971237182617,0.588244616985321,0
physx,constant_forward,1,1,869,8.689999805763364,1.0,0.0,0.29990893602371216,0.16088516072735642,0.06432281608174498,0.07144127041101456,0.6818149089813232,6.9796576499938965,0.2810123860836029,0
physx,constant_forward,1,1,870,8.699999805539846,1.0,0.0,0.2994873523712158,0.16078720231475496,0.06787268173913497,0.04835263639688492,0.5688660144805908,7.005458354949951,0.1644633263349533,0
physx,constant_forward,1,1,871,8.709999805316329,1.0,0.0,0.299191951751709,0.15597540432566426,0.10032921425146414,0.14022435247898102,-0.4101451635360718,6.919034957885742,0.9101535081863403,0
physx,constant_forward,1,1,872,8.719999805092812,1.0,0.0,0.29915159940719604,0.15781496843447057,0.11269751383678213,0.1288539320230484,0.7505285143852234,7.437355995178223,1.1386429071426392,0
physx,constant_forward,1,1,873,8.729999804869294,1.0,0.0,0.2999303638935089,0.1597771261756026,0.11958000938335339,0.15677058696746826,-1.9357597827911377,7.380660057067871,1.5187737941741943,0
physx,constant_forward,1,1,874,8.739999804645777,1.0,0.0,0.30029475688934326,0.16314877724030796,0.13864348637786905,0.11471737921237946,1.4739307165145874,7.1218061447143555,2.1863608360290527,0
physx,constant_forward,1,1,875,8.74999980442226,1.0,0.0,0.2997671961784363,0.16863960038880912,0.13698960741591407,0.046276237815618515,0.11847379803657532,7.460157871246338,0.722113847732544,0
physx,constant_forward,1,1,876,8.759999804198742,1.0,0.0,0.29890620708465576,0.1770103810867283,0.11978117120144224,-0.008662022650241852,0.44946667551994324,7.47540283203125,0.999683678150177,0
physx,constant_forward,1,1,877,8.769999803975224,1.0,0.0,0.297576367855072,0.18137397204965489,0.07975609474698797,-0.10393959283828735,-1.57523775100708,7.5543646812438965,0.4344151020050049,0
physx,constant_forward,1,1,878,8.779999803751707,1.0,0.0,0.29703545570373535,0.19045564505745816,0.03880751017443791,-0.12751825153827667,-1.0523674488067627,5.68247127532959,2.4515933990478516,0
physx,constant_forward,1,1,879,8.78999980352819,1.0,0.0,0.29655691981315613,0.19780959421232344,0.010971787727046134,-0.1921999305486679,-1.6086606979370117,5.552051067352295,0.7859752178192139,0
physx,constant_forward,1,1,880,8.799999803304672,1.0,0.0,0.2959381937980652,0.19831712216734113,-0.012112581351470543,-0.24432797729969025,-1.4014638662338257,5.263434410095215,0.4403110146522522,0
physx,constant_forward,1,1,881,8.809999803081155,1.0,0.0,0.29544559121131897,0.19748158189951168,-0.013656295992325115,-0.23231591284275055,-2.02951979637146,5.543195724487305,0.5714932680130005,0
physx,constant_forward,1,1,882,8.819999802857637,1.0,0.0,0.2954297661781311,0.20635530931653556,-0.013777144784752048,-0.20322836935520172,-1.3309801816940308,5.966944217681885,0.6551421284675598,0
physx,constant_forward,1,1,883,8.82999980263412,1.0,0.0,0.295754075050354,0.21531394638301407,-0.01249710324412197,-0.20854419469833374,-1.9826112985610962,6.021194934844971,0.5573225021362305,0
physx,constant_forward,1,1,884,8.839999802410603,1.0,0.0,0.2959216833114624,0.2206660235443342,-0.012927026454605176,-0.23143357038497925,-0.06423979997634888,5.874412536621094,0.582828938961029,0
physx,constant_forward,1,1,885,8.849999802187085,1.0,0.0,0.2965123653411865,0.22041859879584888,-0.005550855803709906,-0.1853606253862381,-2.7293033599853516,5.373623371124268,1.0817750692367554,0
physx,constant_forward,1,1,886,8.859999801963568,1.0,0.0,0.2971400320529938,0.22143206872733914,0.009825875398065974,-0.1697930246591568,-1.297196388244629,5.307591438293457,1.4662821292877197,0
physx,constant_forward,1,1,887,8.86999980174005,1.0,0.0,0.2977471947669983,0.22543653421989357,0.015153632250532081,-0.149718776345253,-1.0031384229660034,5.050933361053467,0.8962889313697815,0
physx,constant_forward,1,1,888,8.879999801516533,1.0,0.0,0.2982853353023529,0.22876883280470175,0.018461584210733448,-0.12581253051757812,-1.326692819595337,5.087369441986084,0.17511920630931854,0
physx,constant_forward,1,1,889,8.889999801293015,1.0,0.0,0.2987772524356842,0.23162551928390332,0.019929125979310146,-0.10470151901245117,-1.164731502532959,5.019618034362793,0.11158264428377151,0
physx,constant_forward,1,1,890,8.899999801069498,1.0,0.0,0.2991044223308563,0.23225795864544427,0.01946544667718996,-0.104129359126091,-0.9651541709899902,4.961817741394043,0.21364715695381165,0
physx,constant_forward,1,1,891,8.90999980084598,1.0,0.0,0.2992458641529083,0.23159473744434894,0.019024999536622594,-0.08182025700807571,-0.8783481121063232,5.027431488037109,0.23487742245197296,0
physx,constant_forward,1,1,892,8.919999800622463,1.0,0.0,0.30003008246421814,0.23741257602697116,0.04255052191295925,0.0523516871035099,-0.7218905091285706,5.063787937164307,0.10258182138204575,0
physx,constant_forward,1,1,893,8.929999800398946,1.0,0.0,0.30086642503738403,0.2426945336893666,0.08633281484333105,0.14275330305099487,-1.4856679439544678,5.6157917976379395,1.6038435697555542,0
physx,constant_forward,1,1,894,8.939999800175428,1.0,0.0,0.30220773816108704,0.2593916435133031,0.08924080718990735,0.13378259539604187,0.7106980085372925,6.917303085327148,1.3789855241775513,0
physx,constant_forward,1,1,895,8.949999799951911,1.0,0.0,0.3034745156764984,0.2638058972816474,0.09610812248542328,0.1798790693283081,-2.2103075981140137,6.9146409034729,1.4088101387023926,0
physx,constant_forward,1,1,896,8.959999799728394,1.0,0.0,0.30495908856391907,0.26274777172547403,0.10949562821149587,0.14332528412342072,0.19403909146785736,6.57545280456543,1.1238038539886475,0
physx,constant_forward,1,1,897,8.969999799504876,1.0,0.0,0.3060067594051361,0.2543928307386721,0.11287083850964606,0.1855660080909729,-1.5544428825378418,6.941415786743164,0.7548725605010986,0
physx,constant_forward,1,1,898,8.979999799281359,1.0,0.0,0.30733874440193176,0.2505534068497664,0.0738806852343832,0.09559781849384308,0.8790294528007507,6.399314880371094,0.9313867688179016,0
physx,constant_forward,1,1,899,8.989999799057841,1.0,0.0,0.30861300230026245,0.23690891662655314,0.04294506766293156,0.0734749361872673,0.26030874252319336,5.176413059234619,1.933821201324463,0
physx,constant_forward,1,1,900,8.999999798834324,1.0,0.0,0.3097720742225647,0.22222697940618819,0.0794513203821926,0.09370564669370651,-1.4328925609588623,6.124828338623047,2.4525911808013916,0
physx,constant_forward,1,1,901,9.009999798610806,1.0,0.0,0.30974599719047546,0.21586623136333274,0.12005967897181385,0.0603870153427124,0.5773166418075562,6.233386516571045,2.327594041824341,0
physx,constant_forward,1,1,902,9.019999798387289,1.0,0.0,0.3091225028038025,0.21834192789103596,0.15726396002223925,0.13115748763084412,0.7102271318435669,7.311487674713135,2.911801338195801,0
physx,constant_forward,1,1,903,9.029999798163772,1.0,0.0,0.3090820014476776,0.24432396492765815,0.17573883392267348,0.14903974533081055,-1.0452743768692017,8.827095985412598,1.8333306312561035,0
physx,constant_forward,1,1,904,9.039999797940254,1.0,0.0,0.30925774574279785,0.26678157687529913,0.15084729044301742,0.1074553057551384,0.5969057083129883,8.153553009033203,2.2604873180389404,0
physx,constant_forward,1,1,905,9.049999797716737,1.0,0.0,0.3100039064884186,0.2827564341767432,0.12712753947535502,0.10346329212188721,-0.3357878625392914,7.536248207092285,1.963201642036438,0
physx,constant_forward,1,1,906,9.05999979749322,1.0,0.0,0.31036674976348877,0.27749137851311545,0.10129184510097194,0.03819692134857178,0.4261072278022766,7.055935859680176,1.212403655052185,0
physx,constant_forward,1,1,907,9.069999797269702,1.0,0.0,0.3102256953716278,0.25676411414682604,0.09450556102105692,0.01804959960281849,-1.4819729328155518,6.768500328063965,1.4879106283187866,0
physx,constant_forward,1,1,908,9.079999797046185,1.0,0.0,0.30986785888671875,0.24038447433799068,0.07136328628170173,-0.054923996329307556,-0.2942679822444916,7.235409736633301,0.8445083498954773,0
physx,constant_forward,1,1,909,9.089999796822667,1.0,0.0,0.3100473880767822,0.23831686377013425,0.03577351720106335,-0.08729088306427002,-0.8972597122192383,6.642579555511475,1.302085518836975,0
physx,constant_forward,1,1,910,9.09999979659915,1.0,0.0,0.3104130029678345,0.23801761159925283,0.02760271196652517,-0.0643685981631279,0.17467285692691803,6.04450798034668,1.1755250692367554,0
physx,constant_forward,1,1,911,9.109999796375632,1.0,0.0,0.3105546832084656,0.23964526273148942,0.05289600397393314,0.013968439772725105,-1.7302519083023071,6.098029136657715,1.237815499305725,0
physx,constant_forward,1,1,912,9.119999796152115,1.0,0.0,0.3113653361797333,0.25594863097049375,0.04292224150469873,-0.007440211717039347,0.7725380063056946,7.103821277618408,1.410852074623108,0
physx,constant_forward,1,1,913,9.129999795928597,1.0,0.0,0.3120799660682678,0.25924497288967974,0.052007309385100835,0.005261414684355259,-2.4131455421447754,7.412781238555908,1.2283077239990234,0
physx,constant_forward,1,1,914,9.13999979570508,1.0,0.0,0.31230616569519043,0.2555703133878224,0.07535750202827103,-0.046988215297460556,-1.625257968902588,7.420714378356934,1.3426052331924438,0
physx,constant_forward,1,1,915,9.149999795481563,1.0,0.0,0.31234464049339294,0.25157984672789807,0.05362402741407717,-0.12888966500759125,2.150916814804077,7.435537338256836,1.278389573097229,0
physx,constant_forward,1,1,916,9.159999795258045,1.0,0.0,0.31268101930618286,0.24418080725364963,0.07158859479679214,-0.02589217945933342,-1.1183196306228638,7.256885051727295,2.5589144229888916,0
physx,constant_forward,1,1,917,9.169999795034528,1.0,0.0,0.3132280111312866,0.2414722163105187,0.07307208569511563,-0.05709927901625633,1.0699186325073242,7.09467887878418,1.9279543161392212,0
physx,constant_forward,1,1,918,9.17999979481101,1.0,0.0,0.31354090571403503,0.2370159769786722,0.060065906571051125,-0.0676373839378357,0.3787238299846649,7.252236843109131,1.2123806476593018,0
physx,constant_forward,1,1,919,9.189999794587493,1.0,0.0,0.31348657608032227,0.22609255232073047,0.06491912057312973,-0.037860237061977386,0.421987384557724,6.8320417404174805,0.885829746723175,0
physx,constant_forward,1,1,920,9.199999794363976,1.0,0.0,0.3132539391517639,0.21968385296277002,0.06658034152363913,-0.03712835535407066,0.5640052556991577,6.899228096008301,0.4849476218223572,0
physx,constant_forward,1,1,921,9.209999794140458,1.0,0.0,0.31301167607307434,0.21375977525540105,0.06321257710073433,0.006257019937038422,0.4707051217556,7.05317497253418,0.640527069568634,0
physx,constant_forward,1,1,922,9.21999979391694,1.0,0.0,0.31282734870910645,0.20969022914382676,0.07854892078260525,-0.026304535567760468,0.2808341085910797,7.364151954650879,0.8755099773406982,0
physx,constant_forward,1,1,923,9.229999793693423,1.0,0.0,0.31221088767051697,0.19715816553637186,0.09060419803183106,0.002699709963053465,-0.1747591644525528,7.505236625671387,1.089003086090088,0
physx,constant_forward,1,1,924,9.239999793469906,1.0,0.0,0.3120725154876709,0.19424654432888305,0.09017394710896075,-0.03422659635543823,0.6471269130706787,7.724122524261475,0.8827931880950928,0
physx,constant_forward,1,1,925,9.249999793246388,1.0,0.0,0.31194496154785156,0.18731367201902155,0.09425265086519266,-0.021555263549089432,-0.2838898003101349,7.6893815994262695,1.0711712837219238,0
physx,constant_forward,1,1,926,9.259999793022871,1.0,0.0,0.3119388520717621,0.17940508487519866,0.08922916405809944,-0.03204667568206787,0.3679303228855133,7.474122047424316,0.3509635925292969,0
physx,constant_forward,1,1,927,9.269999792799354,1.0,0.0,0.3122839629650116,0.1745489045872883,0.08306170939281704,-0.04743403568863869,-0.0773037001490593,7.295459747314453,1.0162643194198608,0
physx,constant_forward,1,1,928,9.279999792575836,1.0,0.0,0.312460720539093,0.16999332672885187,0.08684214307694943,-0.07337325066328049,0.45098671317100525,7.211581707000732,0.3743074834346771,0
physx,constant_forward,1,1,929,9.289999792352319,1.0,0.0,0.31200942397117615,0.1600986928771982,0.08925615181345246,-0.06216149404644966,-0.050842296332120895,7.3152337074279785,1.007226824760437,0
physx,constant_forward,1,1,930,9.299999792128801,1.0,0.0,0.31204572319984436,0.16276029710033477,0.07230283698712973,-0.07267079502344131,0.5607183575630188,7.406380653381348,0.7953207492828369,0
physx,constant_forward,1,1,931,9.309999791905284,1.0,0.0,0.31237536668777466,0.16792106950206137,0.06705473613002934,-0.0928933322429657,0.382109135389328,7.154618263244629,0.6855975985527039,0
physx,constant_forward,1,1,932,9.319999791681767,1.0,0.0,0.31194034218788147,0.15660395144986303,0.09869738463820585,-0.03724370151758194,0.9504560828208923,7.010481834411621,1.0743341445922852,0
physx,constant_forward,1,1,933,9.329999791458249,1.0,0.0,0.31144964694976807,0.1619015705261172,0.1040195727275226,-0.024158962070941925,0.1025419533252716,7.723739147186279,1.5111421346664429,0
physx,constant_forward,1,1,934,9.339999791234732,1.0,0.0,0.31124570965766907,0.17596842921177022,0.06779336948048394,-0.07122590392827988,-0.027310173958539963,7.318637371063232,1.7129175662994385,0
physx,constant_forward,1,1,935,9.349999791011214,1.0,0.0,0.3108149766921997,0.17825006505181498,0.049916087912899226,-0.08707088232040405,-0.7677266597747803,6.41987419128418,1.474686861038208,0
physx,constant_forward,1,1,936,9.359999790787697,1.0,0.0,0.3095838725566864,0.16832219491792114,0.037147475852142224,-0.17135518789291382,0.07910677790641785,6.398237705230713,0.7064683437347412,0
physx,constant_forward,1,1,937,9.36999979056418,1.0,0.0,0.30778852105140686,0.1561413863797251,0.027921171035383687,-0.2381616085767746,-0.2767863869667053,6.116815090179443,0.9612342715263367,0
physx,constant_forward,1,1,938,9.379999790340662,1.0,0.0,0.3061530292034149,0.15192617880986536,0.031054284007012014,-0.2466050088405609,0.30105847120285034,6.175501346588135,0.5585171580314636,0
physx,constant_forward,1,1,939,9.389999790117145,1.0,0.0,0.30500754714012146,0.14873473655390268,0.09507829817285247,-0.02319209650158882,2.126267671585083,6.543485641479492,1.5465972423553467,0
physx,constant_forward,1,1,940,9.399999789893627,1.0,0.0,0.3041302561759949,0.16575206362967626,0.13887667145088467,0.036416392773389816,0.08854547142982483,7.518002986907959,1.8338215351104736,0
physx,constant_forward,1,1,941,9.40999978967011,1.0,0.0,0.3037998080253601,0.19166860015068835,0.11810033970918543,0.03248600289225578,0.4857863783836365,8.584922790527344,2.2710866928100586,0
physx,constant_forward,1,1,942,9.419999789446592,1.0,0.0,0.3038133382797241,0.2056143348099405,0.09817687442667912,0.03264053538441658,0.31631454825401306,7.466625690460205,2.0233981609344482,0
physx,constant_forward,1,1,943,9.429999789223075,1.0,0.0,0.30353742837905884,0.20263095603765918,0.09171598971254888,-0.003419338958337903,0.4325268268585205,7.3216233253479,0.44831591844558716,0
physx,constant_forward,1,1,944,9.439999788999557,1.0,0.0,0.30316680669784546,0.19836931279396802,0.09129699645970622,0.021318230777978897,0.08630099147558212,7.2697625160217285,1.0375632047653198,0
physx,constant_forward,1,1,945,9.44999978877604,1.0,0.0,0.30319246649742126,0.19430560822129106,0.09423545770304072,0.0007243696600198746,0.4008834660053253,7.298198699951172,1.5353885889053345,0
physx,constant_forward,1,1,946,9.459999788552523,1.0,0.0,0.30347105860710144,0.19219438224646382,0.09298040118355033,0.016151493415236473,0.19535450637340546,7.580436706542969,1.4319126605987549,0
physx,constant_forward,1,1,947,9.469999788329005,1.0,0.0,0.3039412498474121,0.1868081074069106,0.0862689826466586,-0.023808380588889122,0.08533105999231339,7.671335220336914,1.4839439392089844,0
physx,constant_forward,1,1,948,9.479999788105488,1.0,0.0,0.30479657649993896,0.18020430216826203,0.07805196548441057,-0.023307643830776215,0.047668375074863434,7.178382873535156,0.7375376224517822,0
physx,constant_forward,1,1,949,9.48999978788197,1.0,0.0,0.3059563636779785,0.1718859027830338,0.07655821376052889,-0.03070606291294098,0.04842766374349594,6.914840221405029,0.2924920916557312,0
physx,constant_forward,1,1,950,9.499999787658453,1.0,0.0,0.3075011968612671,0.16222425821433067,0.08933652778872875,-0.06251783668994904,1.0973807573318481,7.1189398765563965,0.3220764398574829,0
physx,constant_forward,1,1,951,9.509999787434936,1.0,0.0,0.3085460960865021,0.1523294678943818,0.11677729833004781,-0.05342131108045578,1.1568782329559326,7.492611885070801,1.5661358833312988,0
physx,constant_forward,1,1,952,9.519999787211418,1.0,0.0,0.3089485466480255,0.15450298597753717,0.1093674313063739,-0.03648776188492775,1.1308982372283936,7.603259086608887,1.0266238451004028,0
physx,constant_forward,1,1,953,9.5299997869879,1.0,0.0,0.3098013401031494,0.1696581423251346,0.07768812321686132,-0.04233935475349426,-0.3366223871707916,7.355027675628662,1.3749608993530273,0
physx,constant_forward,1,1,954,9.539999786764383,1.0,0.0,0.31027674674987793,0.1743217926433129,0.049752221499704784,-0.09080544859170914,0.4242139160633087,6.668995380401611,0.9966661334037781,0
physx,constant_forward,1,1,955,9.549999786540866,1.0,0.0,0.31033867597579956,0.16107686671064408,0.06413723219627125,-0.07257407903671265,0.6935863494873047,5.9844183921813965,1.0615156888961792,0
physx,constant_forward,1,1,956,9.559999786317348,1.0,0.0,0.30967962741851807,0.14994432098502755,0.09336451394667557,-0.0039785197004675865,-1.4053447246551514,6.4562458992004395,2.1768429279327393,0
physx,constant_forward,1,1,957,9.569999786093831,1.0,0.0,0.30971354246139526,0.16674007489817988,0.07298932580826144,-0.01702822558581829,0.9247628450393677,7.1891188621521,2.1052703857421875,0
physx,constant_forward,1,1,958,9.579999785870314,1.0,0.0,0.3101285994052887,0.16686017335300227,0.07837207536161865,0.07297879457473755,-1.3885225057601929,6.537459373474121,1.8822011947631836,0
physx,constant_forward,1,1,959,9.589999785646796,1.0,0.0,0.31007808446884155,0.17146060277965805,0.07917541353111944,-0.006276508793234825,-0.7898441553115845,6.876473903656006,1.9239400625228882,0
physx,constant_forward,1,1,960,9.599999785423279,1.0,0.0,0.3089682161808014,0.17612907419649948,0.05016698127732914,-0.12784558534622192,0.25883811712265015,6.8931989669799805,0.2982337474822998,0
physx,constant_forward,1,1,961,9.609999785199761,1.0,0.0,0.3077270984649658,0.17228937021580412,0.023961555431621512,-0.16792502999305725,-0.22159840166568756,5.7213873863220215,2.1542727947235107,0
physx,constant_forward,1,1,962,9.619999784976244,1.0,0.0,0.30632033944129944,0.16460391112356382,0.03361916740847587,-0.13153930008411407,-0.4085744023323059,5.838785648345947,0.5454787611961365,0
physx,constant_forward,1,1,963,9.629999784752727,1.0,0.0,0.305023193359375,0.16595641963774946,0.04375413478411583,-0.13090671598911285,0.44790536165237427,6.419937610626221,1.4688477516174316,0
physx,constant_forward,1,1,964,9.63999978452921,1.0,0.0,0.3038581311702728,0.16567596491251724,0.03645619565432476,-0.1078873947262764,0.007318025454878807,6.560997009277344,1.375386357307434,0
physx,constant_forward,1,1,965,9.649999784305692,1.0,0.0,0.3033941686153412,0.1646444858658049,0.0595296583986583,-0.010979676619172096,-0.5041300058364868,6.323696136474609,0.5308026075363159,0
physx,constant_forward,1,1,966,9.659999784082174,1.0,0.0,0.30337849259376526,0.17060144094287932,0.05769744678864138,-0.01868363656103611,0.7944332361221313,6.9724531173706055,1.0947092771530151,0
physx,constant_forward,1,1,967,9.669999783858657,1.0,0.0,0.3037693500518799,0.17643264922064955,0.053578999572480523,0.021019726991653442,1.6170403957366943,7.0797929763793945,0.6250838041305542,0
physx,constant_forward,1,1,968,9.67999978363514,1.0,0.0,0.30449366569519043,0.17216344727844587,0.08859122432179206,0.039203107357025146,1.6479301452636719,7.179293632507324,1.3119397163391113,0
physx,constant_forward,1,1,969,9.689999783411622,1.0,0.0,0.3047407567501068,0.16651065707986973,0.1451551789952237,0.10183044523000717,-0.20750552415847778,7.706007480621338,2.117581605911255,0
physx,constant_forward,1,1,970,9.699999783188105,1.0,0.0,0.30488601326942444,0.17502379733059217,0.15193978770283667,0.10426440834999084,0.5472584962844849,8.790321350097656,2.0331523418426514,0
physx,constant_forward,1,1,971,9.709999782964587,1.0,0.0,0.3060856759548187,0.1986589001351325,0.12202028120595826,0.10315414518117905,0.5742822885513306,7.985464096069336,1.862189769744873,0
physx,constant_forward,1,1,972,9.71999978274107,1.0,0.0,0.30678579211235046,0.195410796651026,0.11275158194570971,0.08504467457532883,-0.27731844782829285,7.155361652374268,1.0306490659713745,0
physx,constant_forward,1,1,973,9.729999782517552,1.0,0.0,0.30732500553131104,0.18944992308351355,0.09645932726664454,0.03371421992778778,0.26834234595298767,7.066946506500244,1.2781391143798828,0
physx,constant_forward,1,1,974,9.739999782294035,1.0,0.0,0.3076280355453491,0.18641365270039292,0.07575478137369576,0.01857905648648739,0.4818674623966217,6.736930847167969,0.5780612826347351,0
physx,constant_forward,1,1,975,9.749999782070518,1.0,0.0,0.3077424466609955,0.17594293962510396,0.068644635362624,0.016039006412029266,-2.9628219604492188,6.936209678649902,0.6726659536361694,0
physx,constant_forward,1,1,976,9.759999781847,1.0,0.0,0.3070446848869324,0.17105401852485158,0.07147429769914003,-0.03079812228679657,-0.17519326508045197,6.4784135818481445,2.563488721847534,0
physx,constant_forward,1,1,977,9.769999781623483,1.0,0.0,0.30596446990966797,0.17326050832382223,0.07240060340766633,-0.029385171830654144,-0.9541069865226746,6.636220932006836,0.839724063873291,0
physx,constant_forward,1,1,978,9.779999781399965,1.0,0.0,0.3049495816230774,0.18757106568380233,0.056373305082827604,-0.061863772571086884,-0.4150516986846924,7.179459571838379,1.264451265335083,0
physx,constant_forward,1,1,979,9.789999781176448,1.0,0.0,0.30420804023742676,0.2017184481077073,0.02947272409113573,-0.07272465527057648,-0.6577879786491394,6.4593825340271,1.1437132358551025,0
physx,constant_forward,1,1,980,9.79999978095293,1.0,0.0,0.30382633209228516,0.21182350473430447,0.03904015577832938,-0.03363519534468651,-0.12041544914245605,6.249168872833252,0.4773198068141937,0
physx,constant_forward,1,1,981,9.809999780729413,1.0,0.0,0.3035159409046173,0.22232387786049815,0.07053190231203905,0.0011763065122067928,-0.324972540140152,6.9589457511901855,1.7645341157913208,0
physx,constant_forward,1,1,982,9.819999780505896,1.0,0.0,0.30376407504081726,0.23585843388765812,0.08634776902678037,0.03136879578232765,-0.43899863958358765,7.573123931884766,0.9044334888458252,0
physx,constant_forward,1,1,983,9.829999780282378,1.0,0.0,0.3043266534805298,0.2447693281405434,0.08640455279837503,-0.007419047877192497,-0.12634360790252686,7.866171836853027,0.399964839220047,0
physx,constant_forward,1,1,984,9.83999978005886,1.0,0.0,0.30541035532951355,0.2473316463832338,0.0794504920423826,0.012705791741609573,2.303095817565918,7.397769451141357,0.7255859971046448,0
physx,constant_forward,1,1,985,9.849999779835343,1.0,0.0,0.3064093589782715,0.24470081126360407,0.0991930498352546,0.027528487145900726,-2.4844844341278076,8.196859359741211,1.662764072418213,0
physx,constant_forward,1,1,986,9.859999779611826,1.0,0.0,0.3086916506290436,0.25542480821248986,0.1295826740084698,0.1234426349401474,2.887786388397217,7.291609764099121,1.7038952112197876,0
physx,constant_forward,1,1,987,9.869999779388309,1.0,0.0,0.30985161662101746,0.2587237282096954,0.17660400482255373,0.14416976273059845,-3.2425596714019775,8.052976608276367,1.6617399454116821,0
physx,constant_forward,1,1,988,9.879999779164791,1.0,0.0,0.31126609444618225,0.2788536857767215,0.15747175844014935,0.047335535287857056,1.6749826669692993,8.479730606079102,1.5045539140701294,0
physx,constant_forward,1,1,989,9.889999778941274,1.0,0.0,0.312265545129776,0.2873253880025233,0.12522812716235537,0.02181028202176094,-0.8499006032943726,7.541262149810791,2.1137020587921143,0
physx,constant_forward,1,1,990,9.899999778717756,1.0,0.0,0.31265753507614136,0.28167151053004386,0.11196472845687311,-0.012932662852108479,0.29747068881988525,6.7353925704956055,1.3172327280044556,0
physx,constant_forward,1,1,991,9.909999778494239,1.0,0.0,0.31224486231803894,0.2731598295016473,0.09566794310672944,-0.06404958665370941,-0.27910321950912476,6.344676494598389,0.9785129427909851,0
physx,constant_forward,1,1,992,9.919999778270721,1.0,0.0,0.3116037845611572,0.2595355076207648,0.11322242129345418,0.013080931268632412,-1.4187895059585571,6.147188186645508,1.2601276636123657,0
physx,constant_forward,1,1,993,9.929999778047204,1.0,0.0,0.3109453022480011,0.2582304917618204,0.1277181255980946,-0.019038192927837372,-0.009863607585430145,7.413522720336914,1.8205567598342896,0
physx,constant_forward,1,1,994,9.939999777823687,1.0,0.0,0.31059667468070984,0.2715825853306337,0.0900778754039763,-0.0006852135993540287,0.8016771078109741,7.67182731628418,1.5322461128234863,0
physx,constant_forward,1,1,995,9.94999977760017,1.0,0.0,0.3110082447528839,0.28423855662416087,0.05804853419659014,-0.00840021762996912,-1.2131227254867554,6.83198356628418,1.919615626335144,0
physx,constant_forward,1,1,996,9.959999777376652,1.0,0.0,0.3109501004219055,0.28163438822369463,0.037833003921214775,-0.058052413165569305,0.19192220270633698,6.173514366149902,1.443994402885437,0
physx,constant_forward,1,1,997,9.969999777153134,1.0,0.0,0.3108188211917877,0.26723707064137964,0.047361257784903917,0.014372843317687511,1.1698976755142212,6.121877193450928,0.7638222575187683,0
physx,constant_forward,1,1,998,9.979999776929617,1.0,0.0,0.31133919954299927,0.2616265696506571,0.14733867642892445,0.17116020619869232,-0.692113995552063,7.356017589569092,2.0498950481414795,0
physx,constant_forward,1,1,999,9.9899997767061,1.0,0.0,0.31148549914360046,0.27004430724464024,0.21925034996154177,0.14706318080425262,0.3388533890247345,7.593145370483398,1.3320412635803223,0
physx,constant_forward,1,1,1000,9.999999776482582,1.0,0.0,0.31071409583091736,0.27426147691127367,0.26637226357355276,0.08698732405900955,-0.8121689558029175,9.472230911254883,2.2032270431518555,0
physx,constant_forward,1,1,1001,10.009999776259065,1.0,0.0,0.3089820444583893,0.2702418637938888,0.25290774712729786,-0.0329289548099041,0.5185468196868896,8.967388153076172,1.5972124338150024,0
physx,constant_forward,1,1,1002,10.019999776035547,1.0,0.0,0.307280033826828,0.26481628472280094,0.20906242960762117,-0.11862758547067642,-1.462842345237732,7.648725509643555,1.5891207456588745,0
physx,constant_forward,1,1,1003,10.02999977581203,1.0,0.0,0.30690616369247437,0.2612125173247562,0.19614741932752863,-0.1454351246356964,-0.5758758783340454,7.484841346740723,2.451077461242676,0
physx,constant_forward,1,1,1004,10.039999775588512,1.0,0.0,0.30747556686401367,0.25796637969286806,0.17609365693867524,-0.21932737529277802,1.2312339544296265,7.450155258178711,0.9921414256095886,0
physx,constant_forward,1,1,1005,10.049999775364995,1.0,0.0,0.30885589122772217,0.2528554728426984,0.16746732550580148,-0.24579966068267822,0.3079055845737457,7.470914363861084,0.618357241153717,0
physx,constant_forward,1,1,1006,10.059999775141478,1.0,0.0,0.3103606700897217,0.24172802346745087,0.14983755334418278,-0.30087369680404663,0.5144653916358948,8.050507545471191,0.7808026075363159,0
physx,constant_forward,1,1,1007,10.06999977491796,1.0,0.0,0.31173577904701233,0.22828466795201763,0.12432737432397283,-0.32014772295951843,-0.108869768679142,7.614579200744629,1.9139442443847656,0
physx,constant_forward,1,1,1008,10.079999774694443,1.0,0.0,0.31295743584632874,0.21391662794824953,0.09350170565384947,-0.3505239486694336,-0.06633905321359634,6.893042087554932,0.9394994974136353,0
physx,constant_forward,1,1,1009,10.089999774470925,1.0,0.0,0.314136803150177,0.19453335721257797,0.07130110903086731,-0.33483967185020447,-1.2911009788513184,6.394701957702637,0.8007455468177795,0
physx,constant_forward,1,1,1010,10.099999774247408,1.0,0.0,0.314591646194458,0.18244944074873765,0.05235727160100799,-0.36257651448249817,-1.187053918838501,6.981212139129639,1.9552851915359497,0
physx,constant_forward,1,1,1011,10.10999977402389,1.0,0.0,0.3147149980068207,0.1745224076109389,0.03133105491032572,-0.3634200394153595,-1.2604153156280518,7.164547920227051,0.9925816655158997,0
physx,constant_forward,1,1,1012,10.119999773800373,1.0,0.0,0.31462931632995605,0.17083804122867174,0.012929629873691315,-0.37853261828422546,-1.0089666843414307,7.33709192276001,0.3766563832759857,0
physx,constant_forward,1,1,1013,10.129999773576856,1.0,0.0,0.3144718408584595,0.16928466955805138,-0.010076749885349685,-0.38662004470825195,-0.7603501081466675,7.480241775512695,0.43920865654945374,0
physx,constant_forward,1,1,1014,10.139999773353338,1.0,0.0,0.314314603805542,0.16940322473393046,-0.02445146207697923,-0.3730805814266205,-1.0823016166687012,7.221242904663086,0.3095116913318634,0
physx,constant_forward,1,1,1015,10.14999977312982,1.0,0.0,0.3139846622943878,0.16936349240297585,-0.038333587612675656,-0.38979247212409973,-0.9777887463569641,7.049830913543701,0.3942665457725525,0
physx,constant_forward,1,1,1016,10.159999772906303,1.0,0.0,0.31359413266181946,0.16779363672183514,-0.052748935005519346,-0.39266178011894226,-0.9378283023834229,6.7854838371276855,0.5087016224861145,0
physx,constant_forward,1,1,1017,10.169999772682786,1.0,0.0,0.31339237093925476,0.16559536860961663,-0.06712221766497099,-0.3940623700618744,-1.0233566761016846,6.7995710372924805,0.48313823342323303,0
physx,constant_forward,1,1,1018,10.179999772459269,1.0,0.0,0.31347301602363586,0.16297660054349955,-0.08086659324653384,-0.38608911633491516,-1.1969385147094727,6.847130298614502,0.3863159418106079,0
physx,constant_forward,1,1,1019,10.189999772235751,1.0,0.0,0.3136419355869293,0.16184955294217768,-0.09403465411941021,-0.3801868259906769,-1.32229483127594,6.707138538360596,0.5093802809715271,0
physx,constant_forward,1,1,1020,10.199999772012234,1.0,0.0,0.31402260065078735,0.16239999042467995,-0.10539230479745185,-0.3762926459312439,-1.1629656553268433,6.369684219360352,0.6703091263771057,0
physx,constant_forward,1,1,1021,10.209999771788716,1.0,0.0,0.3148251175880432,0.16455474570732254,-0.12094549256864465,-0.3490382134914398,-1.10901939868927,5.938384056091309,0.9754224419593811,0
physx,constant_forward,1,1,1022,10.219999771565199,1.0,0.0,0.3162264823913574,0.16979019467368053,-0.13189376240984102,-0.3186194598674774,-1.0292482376098633,5.1557841300964355,1.431945562362671,0
physx,constant_forward,1,1,1023,10.229999771341681,1.0,0.0,0.31800469756126404,0.1817215321966558,-0.1445770193770495,-0.30509960651397705,-0.35137829184532166,5.1145148277282715,0.9793321490287781,0
physx,constant_forward,1,1,1024,10.239999771118164,1.0,0.0,0.3206568956375122,0.18338055725667224,-0.1631559998654897,-0.22950758039951324,-0.11041073501110077,3.2194128036499023,2.992738723754883,0
physx,constant_forward,1,1,1025,10.249999770894647,1.0,0.0,0.3237912952899933,0.18574652899036742,-0.1526358378364281,-0.17874139547348022,-0.4839410185813904,3.4692912101745605,1.5469117164611816,0
physx,constant_forward,1,1,1026,10.25999977067113,1.0,0.0,0.32682421803474426,0.18809253347085622,-0.14747293224485003,-0.155852809548378,-0.27807703614234924,2.3834476470947266,1.327074646949768,0
physx,constant_forward,1,1,1027,10.269999770447612,1.0,0.0,0.329480916261673,0.190912499654893,-0.13508397757482674,-0.12808853387832642,-0.2772405743598938,2.457899808883667,1.3828303813934326,0
physx,constant_forward,1,1,1028,10.279999770224094,1.0,0.0,0.3312899172306061,0.19330178749856705,-0.1258961367302042,-0.13115373253822327,-0.025602087378501892,2.720599412918091,0.9579755663871765,0
physx,constant_forward,1,1,1029,10.289999770000577,1.0,0.0,0.331989049911499,0.1918367884478711,-0.13801895364380545,-0.101356640458107,1.6038076877593994,2.80996036529541,0.6012131571769714,0
physx,constant_forward,1,1,1030,10.29999976977706,1.0,0.0,0.3321681618690491,0.19371277547408491,-0.11626387105843054,-0.03922148421406746,0.4176846146583557,1.7686508893966675,2.297853469848633,0
physx,constant_forward,1,1,1031,10.309999769553542,1.0,0.0,0.33157265186309814,0.20141037444690096,-0.09856900175808535,-0.029583726078271866,0.04685423523187637,2.3735430240631104,1.1980220079421997,0
physx,constant_forward,1,1,1032,10.319999769330025,1.0,0.0,0.33060353994369507,0.20945290901225394,-0.0936618244456679,-0.013501116074621677,-0.07889333367347717,3.1905806064605713,1.401001214981079,0
physx,constant_forward,1,1,1033,10.329999769106507,1.0,0.0,0.32990384101867676,0.22016156172618645,-0.08777473626457469,0.0074136992916464806,-0.382061630487442,4.703968524932861,1.8625545501708984,0
physx,constant_forward,1,1,1034,10.33999976888299,1.0,0.0,0.3297595679759979,0.2343449928744424,-0.0889928109006728,0.025670820847153664,-0.6898094415664673,4.7183613777160645,0.595646321773529,0
physx,constant_forward,1,1,1035,10.349999768659472,1.0,0.0,0.33048978447914124,0.2515565638371862,-0.09316485635730576,0.048215292394161224,-0.8105789422988892,5.497354984283447,1.0677382946014404,0
physx,constant_forward,1,1,1036,10.359999768435955,1.0,0.0,0.3318451941013336,0.27125846999686454,-0.10506143294747423,0.07215069234371185,-0.43458977341651917,5.357081413269043,0.6375186443328857,0
physx,constant_forward,1,1,1037,10.369999768212438,1.0,0.0,0.333519846200943,0.29105813105636247,-0.10997973348988407,0.13379864394664764,-0.5460291504859924,5.116488933563232,0.9567849636077881,0
physx,constant_forward,1,1,1038,10.37999976798892,1.0,0.0,0.3353815972805023,0.30873557205391267,-0.11894349498702143,0.15082420408725739,0.19990332424640656,5.295402526855469,0.6629995107650757,0
physx,constant_forward,1,1,1039,10.389999767765403,1.0,0.0,0.3376225233078003,0.3204771763675697,-0.121344404154417,0.2222437858581543,-0.622847855091095,4.872971534729004,1.5250449180603027,0
physx,constant_forward,1,1,1040,10.399999767541885,1.0,0.0,0.3401816487312317,0.32726480724812895,-0.1203848709525987,0.24810460209846497,-0.5908628106117249,5.741617679595947,1.4793978929519653,0
physx,constant_forward,1,1,1041,10.409999767318368,1.0,0.0,0.342563658952713,0.3361780669328739,-0.1381139876530042,0.2075304090976715,1.3424737453460693,5.508967399597168,0.6052236557006836,0
physx,constant_forward,1,1,1042,10.41999976709485,1.0,0.0,0.3460194766521454,0.3317296860699936,-0.14012183430838487,0.28439632058143616,0.43023544549942017,3.3366477489471436,3.2531847953796387,0
physx,constant_forward,1,1,1043,10.429999766871333,1.0,0.0,0.34945160150527954,0.3224762100163458,-0.1272337657435817,0.271543025970459,0.28808099031448364,2.4991824626922607,2.763305902481079,0
physx,constant_forward,1,1,1044,10.439999766647816,1.0,0.0,0.3519008457660675,0.31133622454628207,-0.11497459065917195,0.24896705150604248,0.11323706805706024,2.1533005237579346,2.154597759246826,0
physx,constant_forward,1,1,1045,10.449999766424298,1.0,0.0,0.3529946506023407,0.29777412298349126,-0.10405077715038327,0.22008942067623138,-0.005187037400901318,2.249135971069336,0.6036912202835083,0
physx,constant_forward,1,1,1046,10.45999976620078,1.0,0.0,0.35266900062561035,0.279989804380287,-0.11981218963512272,0.09168102592229843,3.1886649131774902,2.1669740676879883,0.840819776058197,0
physx,constant_forward,1,1,1047,10.469999765977263,1.0,0.0,0.35183990001678467,0.26376123513383215,-0.11384035437646581,0.2246309518814087,-0.31198179721832275,1.3678251504898071,2.179732084274292,0
physx,constant_forward,1,1,1048,10.479999765753746,1.0,0.0,0.35029372572898865,0.25660809620489017,-0.1036675707356284,0.19017182290554047,-0.5359389781951904,3.87880277633667,3.963402271270752,0
physx,constant_forward,1,1,1049,10.489999765530229,1.0,0.0,0.3485200107097626,0.2566934485955915,-0.09704886970176718,0.18778425455093384,-0.3575162887573242,3.638798952102661,1.8382785320281982,0
physx,constant_forward,1,1,1050,10.499999765306711,1.0,0.0,0.3469558656215668,0.2642764789803329,-0.09696012598446076,0.19681896269321442,-0.7042856216430664,5.84094762802124,2.9519734382629395,0
physx,constant_forward,1,1,1051,10.509999765083194,1.0,0.0,0.34585684537887573,0.27776412937390177,-0.09447180650139272,0.20236937701702118,-0.8004208207130432,4.884703636169434,1.7894065380096436,0
physx,constant_forward,1,1,1052,10.519999764859676,1.0,0.0,0.34513506293296814,0.28770804974512115,-0.09845475807983849,0.20260392129421234,-0.5065943598747253,6.081419467926025,2.7487215995788574,0
physx,constant_forward,1,1,1053,10.529999764636159,1.0,0.0,0.34473538398742676,0.29320105082812603,-0.1034597271448585,0.2092081755399704,-0.13102303445339203,6.802871227264404,1.3636418581008911,0
physx,constant_forward,1,1,1054,10.539999764412642,1.0,0.0,0.34441351890563965,0.2927474595760064,-0.10423224687132768,0.2163611203432083,0.1327047348022461,7.343198776245117,1.729312777519226,0
physx,constant_forward,1,1,1055,10.549999764189124,1.0,0.0,0.34390002489089966,0.28899141255416827,-0.10260966129538301,0.21992570161819458,0.1560518741607666,7.679606914520264,0.7856563925743103,0
physx,constant_forward,1,1,1056,10.559999763965607,1.0,0.0,0.34319397807121277,0.2838220589346397,-0.09655833410514146,0.23279452323913574,0.04165355861186981,7.990589618682861,1.0650591850280762,0
physx,constant_forward,1,1,1057,10.56999976374209,1.0,0.0,0.3423856496810913,0.2767075062706316,-0.08466838248008067,0.23933856189250946,-0.0421043336391449,7.578979015350342,0.46820467710494995,0
physx,constant_forward,1,1,1058,10.579999763518572,1.0,0.0,0.34144482016563416,0.26783081435325296,-0.0757018495404275,0.23571260273456573,0.0542941689491272,7.360196590423584,0.30861783027648926,0
physx,constant_forward,1,1,1059,10.589999763295054,1.0,0.0,0.34033653140068054,0.2576715976357714,-0.06771681864643347,0.23499400913715363,0.11833524703979492,6.974934101104736,0.48546260595321655,0
physx,constant_forward,1,1,1060,10.599999763071537,1.0,0.0,0.3389832079410553,0.24661349688826087,-0.06073878145756017,0.23159417510032654,0.0924547016620636,6.893730640411377,0.23566092550754547,0
physx,constant_forward,1,1,1061,10.60999976284802,1.0,0.0,0.3374518156051636,0.23612014835571846,-0.05572126367076762,0.2273326963186264,0.029880762100219727,7.011346340179443,0.31283482909202576,0
physx,constant_forward,1,1,1062,10.619999762624502,1.0,0.0,0.33589303493499756,0.22658055137396735,-0.052914580705197056,0.22384095191955566,-0.03485013172030449,7.289623260498047,0.509547770023346,0
physx,constant_forward,1,1,1063,10.629999762400985,1.0,0.0,0.33450472354888916,0.21839851330419063,-0.05130954626046618,0.22111907601356506,-0.07225201278924942,7.652125358581543,0.6166956424713135,0
physx,constant_forward,1,1,1064,10.639999762177467,1.0,0.0,0.3334304988384247,0.21156039792981335,-0.05010394036827806,0.21999593079090118,-0.06658938527107239,7.7912726402282715,0.3132740557193756,0
physx,constant_forward,1,1,1065,10.64999976195395,1.0,0.0,0.3327263295650482,0.20591072134067195,-0.047258466568260986,0.22579240798950195,-0.30477309226989746,7.826840877532959,0.1645253300666809,0
physx,constant_forward,1,1,1066,10.659999761730433,1.0,0.0,0.3323689103126526,0.20082176052714637,-0.04550217926703988,0.2203785628080368,-0.308099627494812,7.835006237030029,0.14736983180046082,0
physx,constant_forward,1,1,1067,10.669999761506915,1.0,0.0,0.3323594331741333,0.1960644178352411,-0.04599744192391126,0.2191060334444046,-0.22621653974056244,7.930530548095703,0.3506597578525543,0
physx,constant_forward,1,1,1068,10.679999761283398,1.0,0.0,0.3326914608478546,0.19156837533891083,-0.04709089407597097,0.2194751650094986,-0.19602277874946594,8.02225399017334,0.2956206798553467,0
physx,constant_forward,1,1,1069,10.68999976105988,1.0,0.0,0.33330073952674866,0.18711674762039995,-0.04795772711719987,0.22201970219612122,-0.17014183104038239,7.975863456726074,0.17831453680992126,0
physx,constant_forward,1,1,1070,10.699999760836363,1.0,0.0,0.33409082889556885,0.18260746958028654,-0.04784910795752169,0.22686167061328888,-0.2656991183757782,7.837343692779541,0.2298530638217926,0
physx,constant_forward,1,1,1071,10.709999760612845,1.0,0.0,0.33498936891555786,0.17804561423079024,-0.04493075734643848,0.22665606439113617,-0.31477057933807373,7.696935176849365,0.28935688734054565,0
physx,constant_forward,1,1,1072,10.719999760389328,1.0,0.0,0.3358939290046692,0.17318054753186193,-0.043310868831698185,0.2210867553949356,-0.2405567318201065,7.4860405921936035,0.3874875605106354,0
physx,constant_forward,1,1,1073,10.72999976016581,1.0,0.0,0.33668869733810425,0.16828477126215793,-0.042276082100564445,0.2132677435874939,-0.1933593600988388,7.240331649780273,0.3722100257873535,0
physx,constant_forward,1,1,1074,10.739999759942293,1.0,0.0,0.3372504413127899,0.16355845679349598,-0.04105178725223272,0.20231375098228455,-0.15346843004226685,6.911427974700928,0.46412745118141174,0
physx,constant_forward,1,1,1075,10.749999759718776,1.0,0.0,0.3374616205692291,0.15905818688630968,-0.039748599011031734,0.18679074943065643,-0.1369663029909134,6.527461528778076,0.5313519835472107,0
physx,constant_forward,1,1,1076,10.759999759495258,1.0,0.0,0.33724281191825867,0.15507553300284613,-0.037098746919030735,0.1723615676164627,-0.34471336007118225,6.241482734680176,0.547197163105011,0
physx,constant_forward,1,1,1077,10.769999759271741,1.0,0.0,0.3365224003791809,0.15135484245480274,-0.0364153869546691,0.1412581354379654,-0.297247052192688,6.030527114868164,0.5900512933731079,0
physx,constant_forward,1,1,1078,10.779999759048223,1.0,0.0,0.33524709939956665,0.1479522006330549,-0.03859908110346216,0.10706555098295212,-0.32723116874694824,5.809842586517334,0.7261971831321716,0
physx,constant_forward,1,1,1079,10.789999758824706,1.0,0.0,0.33341193199157715,0.1449156216525761,-0.04191817809889553,0.06662869453430176,-0.36650460958480835,5.408531188964844,0.7929753065109253,0
physx,constant_forward,1,1,1080,10.799999758601189,1.0,0.0,0.33105722069740295,0.1413327849750643,-0.04608106556718832,0.02635170891880989,-0.4341948926448822,4.952946662902832,0.7281221151351929,0
physx,constant_forward,1,1,1081,10.809999758377671,1.0,0.0,0.3282795548439026,0.1366881748976314,-0.04968161780176893,-0.015302903018891811,-0.4425104856491089,4.717046737670898,0.5944851040840149,0
physx,constant_forward,1,1,1082,10.819999758154154,1.0,0.0,0.3251870572566986,0.1308754467016019,-0.05171392940984003,-0.05886954814195633,-0.37442341446876526,4.596531867980957,0.48701798915863037,0
physx,constant_forward,1,1,1083,10.829999757930636,1.0,0.0,0.3217253088951111,0.1263968573514513,-0.05038270864989862,-0.12111977487802505,0.05738918483257294,4.484577655792236,0.43723031878471375,0
physx,constant_forward,1,1,1084,10.839999757707119,1.0,0.0,0.31820619106292725,0.1158316236270888,-0.06576680711394077,-0.2652188241481781,2.895857810974121,4.237232208251953,0.8127948641777039,0
physx,constant_forward,1,1,1085,10.849999757483602,1.0,0.0,0.31546956300735474,0.0986568409378939,-0.07808598544378885,-0.2035142183303833,1.1355860233306885,4.121506214141846,1.2239285707473755,0
physx,constant_forward,1,1,1086,10.859999757260084,1.0,0.0,0.3126954436302185,0.08220725004953688,-0.05985430600917625,-0.2335924357175827,0.09908627718687057,4.1797404289245605,1.6013656854629517,0
physx,constant_forward,1,1,1087,10.869999757036567,1.0,0.0,0.3095763623714447,0.06459482055067933,-0.059047246908048315,-0.30174729228019714,-0.011712943203747272,4.587988376617432,0.6996283531188965,0
physx,constant_forward,1,1,1088,10.87999975681305,1.0,0.0,0.30641889572143555,0.047040875715408034,-0.061706021792514575,-0.35162103176116943,-0.15488652884960175,4.377845764160156,0.7008035778999329,0
physx,constant_forward,1,1,1089,10.889999756589532,1.0,0.0,0.30332526564598083,0.030339778945316653,-0.061920188514978526,-0.40312057733535767,-0.19560927152633667,4.326868057250977,0.6189429759979248,0
physx,constant_forward,1,1,1090,10.899999756366014,1.0,0.0,0.3003661334514618,0.014760621728218393,-0.0643091848484489,-0.46662652492523193,0.08732464909553528,4.1212568283081055,0.37391284108161926,0
physx,constant_forward,1,1,1091,10.909999756142497,1.0,0.0,0.2977471649646759,0.0006924077121167684,-0.06750154716589654,-0.5103029012680054,0.294180303812027,3.6583328247070312,0.9625788927078247,0
physx,constant_forward,1,1,1092,10.91999975591898,1.0,0.0,0.29563185572624207,-0.011591058125212035,-0.0734223664211428,-0.5242085456848145,0.2247180938720703,3.244349241256714,0.8956141471862793,0
physx,constant_forward,1,1,1093,10.929999755695462,1.0,0.0,0.29400166869163513,-0.018681617834509907,-0.06919778445380356,-0.5351462364196777,-0.15218278765678406,3.2228448390960693,1.417728304862976,0
physx,constant_forward,1,1,1094,10.939999755471945,1.0,0.0,0.29278308153152466,-0.022349383169270223,-0.07014689035283,-0.5546799302101135,-0.39770081639289856,3.5764706134796143,1.4241507053375244,0
physx,constant_forward,1,1,1095,10.949999755248427,1.0,0.0,0.29209962487220764,-0.02412236224835163,-0.08197820906101727,-0.5754359364509583,-0.47586509585380554,3.929060459136963,0.6988341212272644,0
physx,constant_forward,1,1,1096,10.95999975502491,1.0,0.0,0.2919681668281555,-0.02150628905093863,-0.08685604109629852,-0.5910143256187439,-0.4438110888004303,4.335337162017822,0.5910211205482483,0
physx,constant_forward,1,1,1097,10.969999754801393,1.0,0.0,0.29226696491241455,-0.017249544069065655,-0.09819741813322333,-0.5221078395843506,-0.04390457645058632,3.9765472412109375,0.4995008111000061,0
physx,constant_forward,1,1,1098,10.979999754577875,1.0,0.0,0.292900949716568,-0.01067995942793755,-0.10085728286648578,-0.3387117087841034,0.397845059633255,3.691938638687134,0.404857873916626,0
physx,constant_forward,1,1,1099,10.989999754354358,1.0,0.0,0.29370978474617004,-0.0006959501040375654,-0.09552172534324863,-0.15118077397346497,0.5272113084793091,4.07074499130249,0.9253574013710022,0
physx,constant_forward,1,1,1100,10.99999975413084,1.0,0.0,0.29459384083747864,0.01450477528739269,-0.08485143888012284,0.01563730277121067,0.462708979845047,5.063967227935791,1.2072536945343018,0
physx,constant_forward,1,1,1101,11.009999753907323,1.0,0.0,0.295691579580307,0.03469982308016241,-0.07392779892665041,0.16160628199577332,0.4447554349899292,6.007354259490967,1.3427908420562744,0
physx,constant_forward,1,1,1102,11.019999753683805,1.0,0.0,0.2971917688846588,0.0573856193139767,-0.0658027915672572,0.27322420477867126,0.3404485285282135,6.39870023727417,1.4641441106796265,0
physx,constant_forward,1,1,1103,11.029999753460288,1.0,0.0,0.2992226481437683,0.07896577442675737,-0.05800946165238895,0.31892552971839905,-0.1376110315322876,6.338251113891602,1.6328063011169434,0
physx,constant_forward,1,1,1104,11.03999975323677,1.0,0.0,0.30183687806129456,0.09620388874505442,-0.05422823128652782,0.3149046003818512,-0.34503406286239624,6.285765647888184,1.285850167274475,0
physx,constant_forward,1,1,1105,11.049999753013253,1.0,0.0,0.30517470836639404,0.10734317275032582,-0.056528047431671634,0.30883926153182983,-0.19077925384044647,6.445929050445557,1.1177855730056763,0
physx,constant_forward,1,1,1106,11.059999752789736,1.0,0.0,0.3096679151058197,0.10863046119732679,-0.06245598909780314,0.3477717936038971,-0.42465099692344666,6.759283065795898,0.9658668041229248,0
physx,constant_forward,1,1,1107,11.069999752566218,1.0,0.0,0.31456616520881653,0.11246611833897846,-0.06480435008634661,0.3435405194759369,-0.46806296706199646,7.489433765411377,2.7779927253723145,0
physx,constant_forward,1,1,1108,11.079999752342701,1.0,0.0,0.31968414783477783,0.11751970971843555,-0.06880325217970383,0.3465789258480072,-0.2624571919441223,7.43748140335083,1.6021124124526978,0
physx,constant_forward,1,1,1109,11.089999752119184,1.0,0.0,0.3248332440853119,0.12286097136872705,-0.07138138204870012,0.3560521900653839,-0.27325841784477234,7.323453426361084,0.9541264176368713,0
physx,constant_forward,1,1,1110,11.099999751895666,1.0,0.0,0.32966771721839905,0.12768156143493123,-0.07272758730615994,0.35527196526527405,-0.28782525658607483,6.325643539428711,1.1963603496551514,0
physx,constant_forward,1,1,1111,11.109999751672149,1.0,0.0,0.3337637484073639,0.13182857034206452,-0.07178364868982273,0.3418896496295929,-0.38956746459007263,5.243879795074463,1.5310417413711548,0
physx,constant_forward,1,1,1112,11.119999751448631,1.0,0.0,0.3367486298084259,0.1344290119044688,-0.07209863826605614,0.3101775646209717,-0.42054376006126404,4.0977396965026855,1.8381173610687256,0
physx,constant_forward,1,1,1113,11.129999751225114,1.0,0.0,0.33836454153060913,0.13722775167742005,-0.0727167088589904,0.267985999584198,-0.5054482817649841,3.277585506439209,1.5184639692306519,0
physx,constant_forward,1,1,1114,11.139999751001596,1.0,0.0,0.3386511504650116,0.14161303857288365,-0.07533917189899228,0.21448653936386108,-0.5113989114761353,3.215938091278076,1.0277079343795776,0
physx,constant_forward,1,1,1115,11.149999750778079,1.0,0.0,0.3377653956413269,0.14620489037744241,-0.07789021511464125,0.1593320369720459,-0.4406367838382721,3.6915526390075684,0.7841483950614929,0
physx,constant_forward,1,1,1116,11.159999750554562,1.0,0.0,0.33594393730163574,0.14822504528642155,-0.07658993931412644,0.10365374386310577,-0.10195883363485336,3.769965648651123,0.7181015610694885,0
physx,constant_forward,1,1,1117,11.169999750331044,1.0,0.0,0.33339783549308777,0.14611334523780775,-0.08031311498655913,0.049309562891721725,0.20044296979904175,4.213604927062988,0.6771289706230164,0
physx,constant_forward,1,1,1118,11.179999750107527,1.0,0.0,0.33032581210136414,0.14202540082025716,-0.07696911868415639,0.020002154633402824,-0.09693668782711029,4.374572277069092,0.30408087372779846,0
physx,constant_forward,1,1,1119,11.18999974988401,1.0,0.0,0.3268222212791443,0.13598702191186604,-0.07401212427100466,-0.01891160011291504,-0.28868743777275085,4.407121181488037,0.19895240664482117,0
physx,constant_forward,1,1,1120,11.199999749660492,1.0,0.0,0.3230469822883606,0.12882475991973488,-0.0727981705043465,-0.05924607068300247,-0.3941301703453064,4.492969512939453,0.4648357927799225,0
physx,constant_forward,1,1,1121,11.209999749436975,1.0,0.0,0.31927675008773804,0.12124535563956283,-0.07034410672118234,-0.10445529967546463,-0.33088403940200806,4.669765472412109,0.5005314350128174,0
physx,constant_forward,1,1,1122,11.219999749213457,1.0,0.0,0.3158722221851349,0.11369712412163653,-0.06703483643436632,-0.1199055165052414,-0.5431948900222778,5.34318208694458,1.2298877239227295,0
physx,constant_forward,1,1,1123,11.22999974898994,1.0,0.0,0.3129016160964966,0.10588526080653679,-0.06544114539584257,-0.13932566344738007,-0.665045440196991,6.05625057220459,1.4233916997909546,0
physx,constant_forward,1,1,1124,11.239999748766422,1.0,0.0,0.3105856478214264,0.09746780323887617,-0.06859333869133885,-0.1607893705368042,-0.5051157474517822,6.663397312164307,0.8458365201950073,0
physx,constant_forward,1,1,1125,11.249999748542905,1.0,0.0,0.30909836292266846,0.08994346601696471,-0.07316458702716208,-0.17706702649593353,-0.39279401302337646,6.779621601104736,0.5193963050842285,0
physx,constant_forward,1,1,1126,11.259999748319387,1.0,0.0,0.3084840774536133,0.0850653427153627,-0.07593940458946025,-0.17427489161491394,-0.602009117603302,6.846818923950195,0.5160918235778809,0
physx,constant_forward,1,1,1127,11.26999974809587,1.0,0.0,0.30882686376571655,0.08081071580280598,-0.07437196817357494,-0.16782046854496002,-0.7597110867500305,6.75115442276001,0.3526301681995392,0
physx,constant_forward,1,1,1128,11.279999747872353,1.0,0.0,0.3090762794017792,0.09018217533071517,-0.08147835945394698,-0.18023613095283508,-1.1418099403381348,6.659080505371094,0.5072775483131409,0
physx,constant_forward,1,1,1129,11.289999747648835,1.0,0.0,0.3097717761993408,0.09953940966238672,-0.10883451974659462,-0.22815918922424316,-0.2315511405467987,6.322533130645752,0.7939080595970154,0
physx,constant_forward,1,1,1130,11.299999747425318,1.0,0.0,0.31226038932800293,0.10130770876271486,-0.1219761225091217,-0.1554807424545288,-0.5323890447616577,6.170830249786377,2.8733127117156982,0
physx,constant_forward,1,1,1131,11.3099997472018,1.0,0.0,0.3162364661693573,0.09928212219220295,-0.1106323586630469,-0.08673974126577377,-1.4316719770431519,6.993776321411133,1.5593631267547607,0
physx,constant_forward,1,1,1132,11.319999746978283,1.0,0.0,0.3202519118785858,0.1074677601997865,-0.11804211487905371,-0.13863106071949005,-0.8336282968521118,6.478816986083984,2.129322052001953,0
physx,constant_forward,1,1,1133,11.329999746754766,1.0,0.0,0.32527339458465576,0.11103111122029857,-0.12955673592562633,-0.11447088420391083,-0.4205271303653717,6.141872406005859,1.962316870689392,0
physx,constant_forward,1,1,1134,11.339999746531248,1.0,0.0,0.33107665181159973,0.11292757065539764,-0.13359398505081127,-0.09222428500652313,-0.579565703868866,4.939990043640137,1.4327583312988281,0
physx,constant_forward,1,1,1135,11.34999974630773,1.0,0.0,0.3370544910430908,0.11235291838349509,-0.1397833410490733,-0.09063035249710083,-0.5563580393791199,3.4417355060577393,1.600589394569397,0
physx,constant_forward,1,1,1136,11.359999746084213,1.0,0.0,0.3426368832588196,0.11276205628533893,-0.1450892472783324,-0.09019992500543594,-0.475678026676178,3.867288112640381,3.2310969829559326,0
physx,constant_forward,1,1,1137,11.369999745860696,1.0,0.0,0.3475571572780609,0.11534753364742109,-0.14625534290774672,-0.10726877301931381,-0.1567450761795044,3.5081067085266113,0.9686744213104248,0
physx,constant_forward,1,1,1138,11.379999745637178,1.0,0.0,0.3514142334461212,0.11916728043444366,-0.14839241970534772,-0.12911055982112885,0.0038101552054286003,3.258770704269409,0.8876432776451111,0
physx,constant_forward,1,1,1139,11.389999745413661,1.0,0.0,0.35393089056015015,0.122976645401666,-0.1477114988768073,-0.1522904932498932,-0.07745473086833954,2.436622381210327,1.4756803512573242,0
physx,constant_forward,1,1,1140,11.399999745190144,1.0,0.0,0.35503098368644714,0.127263772153331,-0.14466525233232774,-0.17954176664352417,-0.26363205909729004,2.1179089546203613,1.2675666809082031,0
physx,constant_forward,1,1,1141,11.409999744966626,1.0,0.0,0.35477936267852783,0.13142420266844687,-0.14716230333707825,-0.22413772344589233,0.5875483155250549,2.561317205429077,0.8426977396011353,0
physx,constant_forward,1,1,1142,11.419999744743109,1.0,0.0,0.3535728454589844,0.13137118458675348,-0.14734356954225014,-0.17216698825359344,0.2477012574672699,2.842902660369873,1.1506755352020264,0
physx,constant_forward,1,1,1143,11.429999744519591,1.0,0.0,0.35171860456466675,0.12779597076356208,-0.13413449342378517,-0.09545718133449554,0.29405277967453003,2.383512020111084,1.336641788482666,0
physx,constant_forward,1,1,1144,11.439999744296074,1.0,0.0,0.34927427768707275,0.12037002512835696,-0.11976799083343291,0.0007348786457441747,0.5025916695594788,1.9998944997787476,0.9081209897994995,0
physx,constant_forward,1,1,1145,11.449999744072556,1.0,0.0,0.34638938307762146,0.11079922282788068,-0.10209563426494289,0.11064248532056808,0.7108217477798462,2.391019344329834,1.8779842853546143,0
physx,constant_forward,1,1,1146,11.459999743849039,1.0,0.0,0.34326329827308655,0.10690449234984413,-0.08246359473074748,0.1953621208667755,0.6872050166130066,3.6685245037078857,2.1522445678710938,0
physx,constant_forward,1,1,1147,11.469999743625522,1.0,0.0,0.34014657139778137,0.11373819512368245,-0.06624666809063448,0.24094334244728088,0.5575278401374817,4.8527631759643555,2.336329936981201,0
physx,constant_forward,1,1,1148,11.479999743402004,1.0,0.0,0.3374667167663574,0.1262329667253931,-0.054231221603659396,0.2726239860057831,0.44981077313423157,6.39250373840332,2.8052659034729004,0
physx,constant_forward,1,1,1149,11.489999743178487,1.0,0.0,0.33514997363090515,0.13693619156161957,-0.04636597603900873,0.2753673791885376,0.3253547251224518,7.2539520263671875,1.6457351446151733,0
physx,constant_forward,1,1,1150,11.49999974295497,1.0,0.0,0.3331412971019745,0.1468331465906102,-0.04228778348427027,0.27644452452659607,0.009804337285459042,7.388426303863525,1.0189507007598877,0
physx,constant_forward,1,1,1151,11.509999742731452,1.0,0.0,0.331351637840271,0.1565304910009976,-0.04167993604273907,0.272685706615448,-0.20438231527805328,7.134970664978027,0.858737587928772,0
physx,constant_forward,1,1,1152,11.519999742507935,1.0,0.0,0.3299245536327362,0.1664646574133806,-0.045612085180594376,0.2640288770198822,-0.3778276741504669,6.980835437774658,0.6933738589286804,0
physx,constant_forward,1,1,1153,11.529999742284417,1.0,0.0,0.32895728945732117,0.1755915964244926,-0.05166915840294208,0.2568795084953308,-0.43570905923843384,6.826305866241455,0.4865800738334656,0
physx,constant_forward,1,1,1154,11.5399997420609,1.0,0.0,0.32845985889434814,0.18238293072135597,-0.057687234553584585,0.25401949882507324,-0.3748432397842407,6.992374420166016,0.691588819026947,0
physx,constant_forward,1,1,1155,11.549999741837382,1.0,0.0,0.3284316658973694,0.18664193570582396,-0.06304877558670595,0.25587198138237,-0.29778996109962463,7.1238694190979,0.5004480481147766,0
physx,constant_forward,1,1,1156,11.559999741613865,1.0,0.0,0.328908234834671,0.18914875215138208,-0.06720051370795221,0.26134634017944336,-0.23051901161670685,7.230095386505127,0.31570732593536377,0
physx,constant_forward,1,1,1157,11.569999741390347,1.0,0.0,0.3299182653427124,0.19027877118185646,-0.07014485560898906,0.26925215125083923,-0.1832653135061264,7.3321404457092285,0.2269950658082962,0
physx,constant_forward,1,1,1158,11.57999974116683,1.0,0.0,0.33145812153816223,0.19005061358436637,-0.07212606356340202,0.27894705533981323,-0.14303289353847504,7.474260330200195,0.28149276971817017,0
physx,constant_forward,1,1,1159,11.589999740943313,1.0,0.0,0.3334529399871826,0.18893591327158327,-0.07375029793611129,0.2880735993385315,-0.13138219714164734,7.621938228607178,0.30926552414894104,0
physx,constant_forward,1,1,1160,11.599999740719795,1.0,0.0,0.33578166365623474,0.18782220020261006,-0.07471667585633336,0.29462018609046936,-0.10643648356199265,7.662490367889404,0.30612486600875854,0
physx,constant_forward,1,1,1161,11.609999740496278,1.0,0.0,0.33835071325302124,0.18714632709905465,-0.07324800193248669,0.2994531989097595,-0.20237953960895538,7.493674278259277,0.4803493916988373,0
physx,constant_forward,1,1,1162,11.61999974027276,1.0,0.0,0.3408530354499817,0.18580229417097574,-0.0708712072926727,0.29625484347343445,-0.14962808787822723,7.243712902069092,0.5569902658462524,0
physx,constant_forward,1,1,1163,11.629999740049243,1.0,0.0,0.34323328733444214,0.1838818547643161,-0.06756812048885492,0.29453524947166443,-0.15655165910720825,7.025949954986572,0.36609765887260437,0
physx,constant_forward,1,1,1164,11.639999739825726,1.0,0.0,0.3452722430229187,0.18103446003303508,-0.06454139406426199,0.28864437341690063,-0.11188160628080368,6.8063836097717285,0.30646100640296936,0
physx,constant_forward,1,1,1165,11.649999739602208,1.0,0.0,0.34663620591163635,0.18161544836992238,-0.06369778901155039,0.2628370523452759,0.10383709520101547,6.539905548095703,0.3723803162574768,0
physx,constant_forward,1,1,1166,11.65999973937869,1.0,0.0,0.34785857796669006,0.1756898420853126,-0.05781860022015083,0.26152849197387695,0.022965678945183754,4.296761989593506,2.9622395038604736,0
physx,constant_forward,1,1,1167,11.669999739155173,1.0,0.0,0.3485841751098633,0.16712706867457927,-0.05425797671465075,0.23656904697418213,0.25040197372436523,3.3755879402160645,1.6094343662261963,0
physx,constant_forward,1,1,1168,11.679999738931656,1.0,0.0,0.34850427508354187,0.15748577253308174,-0.05093065355523162,0.21069452166557312,0.3200813829898834,3.161332130432129,0.7085794806480408,0
physx,constant_forward,1,1,1169,11.689999738708138,1.0,0.0,0.3474368155002594,0.14776082793504863,-0.046101400969216694,0.179676815867424,0.3281191885471344,3.509701728820801,0.566937267780304,0
physx,constant_forward,1,1,1170,11.699999738484621,1.0,0.0,0.34530678391456604,0.13851254553300107,-0.04138990915263526,0.1412302553653717,0.2412245124578476,3.988241195678711,0.9712379574775696,0
physx,constant_forward,1,1,1171,11.709999738261104,1.0,0.0,0.34222230315208435,0.12810477426948824,-0.03753417982165982,0.09810493141412735,0.14575093984603882,4.668802261352539,1.526168704032898,0
physx,constant_forward,1,1,1172,11.719999738037586,1.0,0.0,0.33848923444747925,0.11585616176344966,-0.03253719445369753,0.05645199865102768,0.11222483217716217,4.740660667419434,0.38026612997055054,0
physx,constant_forward,1,1,1173,11.729999737814069,1.0,0.0,0.3344411551952362,0.10280071401012829,-0.026144909498799964,0.014909164980053902,0.12427574396133423,4.636049270629883,0.3004121482372284,0
physx,constant_forward,1,1,1174,11.739999737590551,1.0,0.0,0.3303137421607971,0.08958999864724825,-0.019528706992906736,-0.028560616075992584,0.15775331854820251,4.599985122680664,0.1306290626525879,0
physx,constant_forward,1,1,1175,11.749999737367034,1.0,0.0,0.3262493312358856,0.07649518378401537,-0.013794149613955056,-0.07481672614812851,0.16811883449554443,4.550852298736572,0.1130763366818428,0
physx,constant_forward,1,1,1176,11.759999737143517,1.0,0.0,0.3223360776901245,0.0635164450450103,-0.009962697641970645,-0.12285097688436508,0.16538165509700775,4.373579978942871,0.3208804726600647,0
physx,constant_forward,1,1,1177,11.76999973692,1.0,0.0,0.31857287883758545,0.050769049534593,-0.008156823958507824,-0.1710471212863922,0.16099312901496887,4.247981548309326,0.39349427819252014,0
physx,constant_forward,1,1,1178,11.779999736696482,1.0,0.0,0.31491175293922424,0.03588968216140137,-0.004910039367671782,-0.19312803447246552,-0.10990522801876068,4.180805683135986,0.4292990267276764,0
physx,constant_forward,1,1,1179,11.789999736472964,1.0,0.0,0.3108322024345398,0.02845406052106146,-0.004986670833473906,-0.2341100126504898,-0.45378315448760986,3.810105800628662,1.2121870517730713,0
physx,constant_forward,1,1,1180,11.799999736249447,1.0,0.0,0.3066699504852295,0.02439863354355686,-0.007540309087809407,-0.2778513729572296,-0.6417037844657898,3.9332799911499023,0.7127665877342224,0
physx,constant_forward,1,1,1181,11.80999973602593,1.0,0.0,0.3022414743900299,0.026032910818728373,-0.0143502362184447,-0.346785306930542,-0.5006168484687805,3.9593796730041504,0.46372807025909424,0
physx,constant_forward,1,1,1182,11.819999735802412,1.0,0.0,0.29831722378730774,0.02138672582027697,-0.018009816154804778,-0.39085423946380615,-0.36529648303985596,3.8888063430786133,0.9510513544082642,0
physx,constant_forward,1,1,1183,11.829999735578895,1.0,0.0,0.2946912944316864,0.01428755533743773,-0.022152414102674944,-0.43850213289260864,-0.2993839383125305,3.925896406173706,0.44603437185287476,0
physx,constant_forward,1,1,1184,11.839999735355377,1.0,0.0,0.29139474034309387,0.006068857474980459,-0.02626931576561675,-0.4807398021221161,-0.23166143894195557,3.6961631774902344,0.3680237829685211,0
physx,constant_forward,1,1,1185,11.84999973513186,1.0,0.0,0.2884644567966461,-0.0021415206220032294,-0.03087745777719417,-0.5188412666320801,-0.24349144101142883,3.520099401473999,0.4550952613353729,0
physx,constant_forward,1,1,1186,11.859999734908342,1.0,0.0,0.2860419452190399,-0.009736363546338932,-0.035533019481599606,-0.5434157848358154,-0.33384618163108826,3.4380745887756348,1.154021143913269,0
physx,constant_forward,1,1,1187,11.869999734684825,1.0,0.0,0.28432828187942505,-0.01614637275714855,-0.0381901598557877,-0.5525723099708557,-0.4435572028160095,3.956826686859131,1.6252738237380981,0
physx,constant_forward,1,1,1188,11.879999734461308,1.0,0.0,0.2830485999584198,-0.017999089611627737,-0.028328560089496913,-0.3113483190536499,-0.5053930282592773,4.573609352111816,1.0392308235168457,0
physx,constant_forward,1,1,1189,11.88999973423779,1.0,0.0,0.28206518292427063,-0.013944138441047508,-0.018552915086513574,-0.12423594295978546,-0.45447346568107605,4.799195766448975,2.1165931224823,0
physx,constant_forward,1,1,1190,11.899999734014273,1.0,0.0,0.28132912516593933,-0.004185504343754703,-0.006101811416870454,0.009864469058811665,-0.8919777870178223,4.834566593170166,1.6639529466629028,0
physx,constant_forward,1,1,1191,11.909999733790755,1.0,0.0,0.2807144522666931,0.010773085800567584,-0.012109966098194874,0.05437641963362694,-1.1988775730133057,5.664368152618408,1.8999011516571045,0
physx,constant_forward,1,1,1192,11.919999733567238,1.0,0.0,0.28025296330451965,0.03002904867322192,-0.030314262190066166,0.12078894674777985,-1.3765920400619507,5.641119480133057,0.8524466156959534,0
physx,constant_forward,1,1,1193,11.92999973334372,1.0,0.0,0.2799399793148041,0.054737227978756325,-0.05583264529700739,0.0565190427005291,-0.866239070892334,5.3925604820251465,0.6756972074508667,0
physx,constant_forward,1,1,1194,11.939999733120203,1.0,0.0,0.2809401750564575,0.07007411826254219,-0.05115292165550375,0.08894459158182144,-0.9161027669906616,4.5220818519592285,2.238903045654297,0
physx,constant_forward,1,1,1195,11.949999732896686,1.0,0.0,0.28332215547561646,0.07749520247806427,-0.042877205886549745,0.10237036645412445,-1.0043182373046875,5.537197113037109,1.8858567476272583,0
physx,constant_forward,1,1,1196,11.959999732673168,1.0,0.0,0.2870366871356964,0.08064859740881032,-0.04716205445190865,0.09625918418169022,-0.7547899484634399,5.958522319793701,0.7161341905593872,0
physx,constant_forward,1,1,1197,11.96999973244965,1.0,0.0,0.2920978367328644,0.08081315045580284,-0.06559860269725071,0.17016254365444183,-0.8946017026901245,6.000621318817139,0.9704071879386902,0
physx,constant_forward,1,1,1198,11.979999732226133,1.0,0.0,0.2985292375087738,0.08593444856414402,-0.056331311473118144,0.03282495215535164,0.5093770027160645,7.224412441253662,2.586657762527466,0
physx,constant_forward,1,1,1199,11.989999732002616,1.0,0.0,0.30626180768013,0.08653406605317693,-0.07238547066272526,0.21258336305618286,-0.5961161255836487,5.480461597442627,4.245967864990234,0
physx,constant_forward,1,1,1200,11.999999731779099,1.0,0.0,0.3152521848678589,0.0915198990843743,-0.06811794714129864,0.22355645895004272,-1.0087074041366577,7.632501602172852,4.339013576507568,0
physx,constant_forward,1,1,1201,12.009999731555581,1.0,0.0,0.32471251487731934,0.1016594697023353,-0.07062445599503218,0.2359258234500885,-0.7777581810951233,5.985030651092529,2.751206636428833,0
physx,constant_forward,1,1,1202,12.019999731332064,1.0,0.0,0.33403536677360535,0.11264721167266388,-0.08319918274646504,0.2535799443721771,-0.8055117726325989,4.714728355407715,4.071867942810059,0
physx,constant_forward,1,1,1203,12.029999731108546,1.0,0.0,0.3426877558231354,0.12056222354604991,-0.09488467727756988,0.2588895261287689,-0.7929826974868774,3.518132209777832,2.2378363609313965,0
physx,constant_forward,1,1,1204,12.039999730885029,1.0,0.0,0.3499469459056854,0.12562871166344972,-0.10803492243282292,0.24351242184638977,-0.8122596740722656,2.6782257556915283,2.261679172515869,0
physx,constant_forward,1,1,1205,12.049999730661511,1.0,0.0,0.3553970158100128,0.13234462583284892,-0.12015834224814882,0.20534095168113708,-0.8221107125282288,2.335127115249634,1.5745866298675537,0
physx,constant_forward,1,1,1206,12.059999730437994,1.0,0.0,0.35897013545036316,0.14035889825132414,-0.12871846826978003,0.16364020109176636,-0.844372570514679,2.378711700439453,0.6641349196434021,0
physx,constant_forward,1,1,1207,12.069999730214477,1.0,0.0,0.3605552613735199,0.1481173453237814,-0.13909010462841206,0.10992033779621124,-0.8066856861114502,3.0923726558685303,1.1290194988250732,0
physx,constant_forward,1,1,1208,12.07999972999096,1.0,0.0,0.36031466722488403,0.15408314521659897,-0.14493228272804815,0.059149764478206635,-0.7615487575531006,3.3014373779296875,0.9095237851142883,0
physx,constant_forward,1,1,1209,12.089999729767442,1.0,0.0,0.3585408329963684,0.15708542663542446,-0.14903532845230577,0.01856801100075245,-0.7425692677497864,3.0585227012634277,1.1657078266143799,0
physx,constant_forward,1,1,1210,12.099999729543924,1.0,0.0,0.35552743077278137,0.15721655498726603,-0.14927599698785535,-0.016111116856336594,-0.6364756226539612,3.518663167953491,0.8380635976791382,0
physx,constant_forward,1,1,1211,12.109999729320407,1.0,0.0,0.35145193338394165,0.15396524845157356,-0.14757094991496375,-0.04638500511646271,-0.5249204635620117,3.2530975341796875,0.6917076110839844,0
physx,constant_forward,1,1,1212,12.11999972909689,1.0,0.0,0.34657546877861023,0.14832071322128637,-0.14370260233176493,-0.06329546868801117,-0.4732086956501007,2.7510266304016113,0.8835135698318481,0
physx,constant_forward,1,1,1213,12.129999728873372,1.0,0.0,0.3412359356880188,0.14268765653277773,-0.13990531703930845,-0.07133808732032776,-0.40160781145095825,2.734750509262085,1.104495644569397,0
physx,constant_forward,1,1,1214,12.139999728649855,1.0,0.0,0.3360655903816223,0.1416981212634059,-0.1376681969971342,-0.17094969749450684,1.696501612663269,4.112381458282471,1.7897104024887085,0
physx,constant_forward,1,1,1215,12.149999728426337,1.0,0.0,0.3312687873840332,0.13192439910960008,-0.15638365832698467,-0.17178048193454742,2.338855743408203,3.245929002761841,4.246279716491699,0
physx,constant_forward,1,1,1216,12.15999972820282,1.0,0.0,0.32714396715164185,0.11415012939783453,-0.13059014239294164,-0.04511042311787605,-0.06516608595848083,4.35911750793457,2.29193377494812,0
physx,constant_forward,1,1,1217,12.169999727979302,1.0,0.0,0.32290685176849365,0.1032861440347881,-0.10672741502968384,-0.0578857883810997,-0.9605000019073486,5.328822612762451,4.739531517028809,0
physx,constant_forward,1,1,1218,12.179999727755785,1.0,0.0,0.31869056820869446,0.10119737871828333,-0.10315058780157298,-0.07972884178161621,-0.995703399181366,6.136281490325928,3.38197660446167,0
physx,constant_forward,1,1,1219,12.189999727532268,1.0,0.0,0.31513017416000366,0.09940153596999375,-0.1303583243679072,-0.2265598028898239,1.7356826066970825,7.198755264282227,2.1199564933776855,0
physx,constant_forward,1,1,1220,12.19999972730875,1.0,0.0,0.3133598268032074,0.09053855839506783,-0.13363695737842543,-0.04693107679486275,-0.5154348611831665,5.580902576446533,4.0980916023254395,0
physx,constant_forward,1,1,1221,12.209999727085233,1.0,0.0,0.3130706548690796,0.08160823329967931,-0.10855383166740906,-0.060862597078084946,-1.3691060543060303,7.669425010681152,4.471965789794922,0
physx,constant_forward,1,1,1222,12.219999726861715,1.0,0.0,0.31321144104003906,0.07904090719667554,-0.10546582884276849,-0.09929163753986359,-1.1305180788040161,6.37606954574585,2.4338138103485107,0
physx,constant_forward,1,1,1223,12.229999726638198,1.0,0.0,0.31323927640914917,0.08920640615232092,-0.11734644277739502,-0.11572617292404175,-0.8756867051124573,6.531242847442627,2.477898597717285,0
physx,constant_forward,1,1,1224,12.23999972641468,1.0,0.0,0.3146494925022125,0.09175223651790147,-0.12602508915487207,-0.09330599755048752,-0.8225514888763428,6.3807573318481445,3.359466314315796,0
physx,constant_forward,1,1,1225,12.249999726191163,1.0,0.0,0.3171161413192749,0.09415890039585216,-0.13608783534650074,-0.07944044470787048,-0.8042593598365784,6.935673713684082,0.9057130813598633,0
physx,constant_forward,1,1,1226,12.259999725967646,1.0,0.0,0.32035374641418457,0.0865848690567479,-0.17141728662270292,0.018059581518173218,1.307362675666809,5.784021377563477,1.9312793016433716,0
physx,constant_forward,1,1,1227,12.269999725744128,1.0,0.0,0.3251242935657501,0.07131116076002808,-0.1739601296899582,0.12682348489761353,0.6852689981460571,5.04329252243042,2.3223533630371094,0
physx,constant_forward,1,1,1228,12.27999972552061,1.0,0.0,0.3301295042037964,0.057254721154092525,-0.1652556093191064,0.15667331218719482,-0.19993142783641815,3.865659713745117,2.3461835384368896,0
physx,constant_forward,1,1,1229,12.289999725297093,1.0,0.0,0.3349592685699463,0.0413782119400567,-0.15404203362111085,0.1575804203748703,-0.5705924034118652,2.1225087642669678,2.0997939109802246,0
physx,constant_forward,1,1,1230,12.299999725073576,1.0,0.0,0.3384663462638855,0.03269618291222105,-0.1901693369695934,0.07038894295692444,1.6189534664154053,3.213099479675293,2.5708470344543457,0
physx,constant_forward,1,1,1231,12.309999724850059,1.0,0.0,0.3412817418575287,0.035543487735504885,-0.19024178053504326,0.06016235053539276,1.0356125831604004,2.3821825981140137,2.216557741165161,0
physx,constant_forward,1,1,1232,12.319999724626541,1.0,0.0,0.343436062335968,0.03696145780693608,-0.17015583324764375,0.040127240121364594,0.2775287330150604,2.1511406898498535,1.5839040279388428,0
physx,constant_forward,1,1,1233,12.329999724403024,1.0,0.0,0.34434372186660767,0.036597494361919176,-0.15231833323474273,0.007313642185181379,0.05544022470712662,2.188194751739502,0.6432673931121826,0
physx,constant_forward,1,1,1234,12.339999724179506,1.0,0.0,0.34410756826400757,0.034920326466602945,-0.13684701601774596,-0.023481233045458794,-0.047668710350990295,2.396186590194702,0.5481158494949341,0
physx,constant_forward,1,1,1235,12.349999723955989,1.0,0.0,0.3428688943386078,0.03248572679717083,-0.12216345850450508,-0.04586733505129814,-0.2740964889526367,2.6323766708374023,0.3638042211532593,0
physx,constant_forward,1,1,1236,12.359999723732471,1.0,0.0,0.3407481908798218,0.02835395807860957,-0.11260215691906268,-0.06643462181091309,-0.009019517339766026,2.648770332336426,0.3474395275115967,0
physx,constant_forward,1,1,1237,12.369999723508954,1.0,0.0,0.3380948305130005,0.021937879159608695,-0.10819666777559113,-0.0547090508043766,0.3740435540676117,2.3298985958099365,1.1292386054992676,0
physx,constant_forward,1,1,1238,12.379999723285437,1.0,0.0,0.33540719747543335,0.013088901561683608,-0.0987264641166207,0.005056279245764017,0.3563622832298279,2.7329812049865723,1.68068528175354,0
physx,constant_forward,1,1,1239,12.38999972306192,1.0,0.0,0.3329145312309265,0.0035407430090026756,-0.08688791709554163,0.06605706363916397,0.36758336424827576,3.990273952484131,1.9286236763000488,0
physx,constant_forward,1,1,1240,12.399999722838402,1.0,0.0,0.33063527941703796,-0.002550183135410775,-0.07798518306835138,0.1045820564031601,0.247768372297287,4.884350776672363,1.277042269706726,0
physx,constant_forward,1,1,1241,12.409999722614884,1.0,0.0,0.3285676836967468,-0.0007438353978033273,-0.0739055659151477,0.1204797551035881,-0.04008207470178604,5.57921838760376,1.0343844890594482,0
physx,constant_forward,1,1,1242,12.419999722391367,1.0,0.0,0.32684484124183655,0.0069277308075699215,-0.07623457913193953,0.13172119855880737,-0.2976940870285034,5.800446033477783,1.0672733783721924,0
physx,constant_forward,1,1,1243,12.42999972216785,1.0,0.0,0.32636627554893494,0.008874390961006198,-0.07470384985366361,0.1484309881925583,-0.4984915554523468,6.1285552978515625,1.2940294742584229,0
physx,constant_forward,1,1,1244,12.439999721944332,1.0,0.0,0.3257324993610382,0.024858458007477907,-0.08160062802542158,0.12281662225723267,-0.5291756391525269,6.286491394042969,2.24713397026062,0
physx,constant_forward,1,1,1245,12.449999721720815,1.0,0.0,0.3259294033050537,0.036538501445007095,-0.09337023531688837,0.12347843497991562,0.6708068251609802,6.594688415527344,2.3835318088531494,0
physx,constant_forward,1,1,1246,12.459999721497297,1.0,0.0,0.32787492871284485,0.03474328962291391,-0.10817298455337249,0.19760027527809143,0.2785792052745819,6.940037250518799,1.3053327798843384,0
physx,constant_forward,1,1,1247,12.46999972127378,1.0,0.0,0.33155158162117004,0.0248738530339356,-0.1066267552875163,0.24414199590682983,-0.1953268051147461,6.820274353027344,1.0479214191436768,0
physx,constant_forward,1,1,1248,12.479999721050262,1.0,0.0,0.33541107177734375,0.021862921300349166,-0.1369530529326755,0.2108679562807083,1.5638378858566284,6.622254848480225,2.8576033115386963,0
physx,constant_forward,1,1,1249,12.489999720826745,1.0,0.0,0.33985990285873413,0.01630328040744315,-0.12839059755045054,0.24347011744976044,0.13777346909046173,3.1631579399108887,4.269712448120117,0
physx,constant_forward,1,1,1250,12.499999720603228,1.0,0.0,0.3433443605899811,0.010980494804765397,-0.11673049382486085,0.202161505818367,-0.2277148813009262,1.9787966012954712,3.1050591468811035,0
physx,constant_forward,1,1,1251,12.50999972037971,1.0,0.0,0.34613528847694397,0.001836687694319568,-0.09973044527173949,0.18965159356594086,-0.6001032590866089,1.957321286201477,0.6070788502693176,0
physx,constant_forward,1,1,1252,12.519999720156193,1.0,0.0,0.34726184606552124,0.00918088656192681,-0.0923235544433096,0.1306995004415512,-0.49815624952316284,1.8188587427139282,1.447251319885254,0
physx,constant_forward,1,1,1253,12.529999719932675,1.0,0.0,0.34762048721313477,0.020092634770160336,-0.08175908025833553,0.09580978006124496,-0.21018412709236145,2.371738910675049,1.4780267477035522,0
physx,constant_forward,1,1,1254,12.539999719709158,1.0,0.0,0.3468550741672516,0.032189289058681646,-0.06756752655009284,0.07929293066263199,-0.33061540126800537,2.6670682430267334,1.9867748022079468,0
physx,constant_forward,1,1,1255,12.54999971948564,1.0,0.0,0.34473249316215515,0.04933190115403018,-0.06760725520300447,-0.03048125095665455,1.9332278966903687,2.2481446266174316,1.0272246599197388,0
physx,constant_forward,1,1,1256,12.559999719262123,1.0,0.0,0.341383695602417,0.06336281408616991,-0.0816273181243064,-0.04296848922967911,1.4616477489471436,3.12974214553833,2.1174533367156982,0
physx,constant_forward,1,1,1257,12.569999719038606,1.0,0.0,0.33776676654815674,0.06732541252775892,-0.0614150501716527,-0.03252087160944939,0.3183493912220001,2.9098825454711914,1.545971393585205,0
physx,constant_forward,1,1,1258,12.579999718815088,1.0,0.0,0.3334869146347046,0.06808124092186463,-0.04072716337961237,-0.053557995706796646,0.03693408519029617,2.807434558868408,0.48837006092071533,0
physx,constant_forward,1,1,1259,12.58999971859157,1.0,0.0,0.32858335971832275,0.06549780681445429,-0.024770772974052786,-0.06592179089784622,-0.278970867395401,3.3728017807006836,1.3484622240066528,0
physx,constant_forward,1,1,1260,12.599999718368053,1.0,0.0,0.3233475387096405,0.06288054308147518,-0.015563850615867758,-0.08744238317012787,-0.37704339623451233,3.02840518951416,1.70722234249115,0
physx,constant_forward,1,1,1261,12.609999718144536,1.0,0.0,0.31809040904045105,0.062232230832898174,-0.00978327692083843,-0.10094699263572693,-0.390741229057312,3.858217477798462,1.2285274267196655,0
physx,constant_forward,1,1,1262,12.619999717921019,1.0,0.0,0.3130975067615509,0.06282531942558799,-0.0030504649391232424,-0.11007945239543915,-0.3088727295398712,4.821012020111084,1.1809794902801514,0
physx,constant_forward,1,1,1263,12.629999717697501,1.0,0.0,0.307635098695755,0.07192695282178753,-0.01947091965037703,-0.22793319821357727,2.1061208248138428,5.148501396179199,0.9210891127586365,0
physx,constant_forward,1,1,1264,12.639999717473984,1.0,0.0,0.30338501930236816,0.06872305534369728,-0.020841025796102943,-0.11874443292617798,-0.9895243644714355,4.075847625732422,2.678560733795166,0
physx,constant_forward,1,1,1265,12.649999717250466,1.0,0.0,0.29963362216949463,0.06532580291505856,-0.008388592462610523,-0.12298127263784409,-2.060025691986084,5.454223155975342,3.9001359939575195,0
physx,constant_forward,1,1,1266,12.659999717026949,1.0,0.0,0.29623323678970337,0.06480107777702442,-0.006310446656780387,-0.26263993978500366,0.5430607795715332,5.411246299743652,0.8465960025787354,0
physx,constant_forward,1,1,1267,12.669999716803432,1.0,0.0,0.29373955726623535,0.06568310410177214,-0.036248212120587306,-0.29801100492477417,2.0777554512023926,4.387077808380127,3.4407622814178467,0
physx,constant_forward,1,1,1268,12.679999716579914,1.0,0.0,0.29267531633377075,0.05931424736085885,-0.03118518833895856,-0.15980249643325806,-1.0674891471862793,3.994920253753662,1.323325753211975,0
physx,constant_forward,1,1,1269,12.689999716356397,1.0,0.0,0.2920834720134735,0.05388752982966483,-0.02231191523120296,-0.17389142513275146,-1.7800037860870361,5.910374641418457,3.555776357650757,0
physx,constant_forward,1,1,1270,12.69999971613288,1.0,0.0,0.2917617857456207,0.053368437734049756,-0.020845210009386023,-0.18401581048965454,-1.8312487602233887,4.953031539916992,1.1620547771453857,0
physx,constant_forward,1,1,1271,12.709999715909362,1.0,0.0,0.2919440269470215,0.05725507095622693,-0.025561130367658464,-0.22657547891139984,-1.0029373168945312,5.253406524658203,0.655059814453125,0
physx,constant_forward,1,1,1272,12.719999715685844,1.0,0.0,0.29300656914711,0.060938772748855397,-0.031754375282242266,-0.24064505100250244,-0.5549478530883789,5.832795143127441,1.8639637231826782,0
physx,constant_forward,1,1,1273,12.729999715462327,1.0,0.0,0.29451125860214233,0.06384883383491788,-0.07023499597015903,-0.15374426543712616,1.0721333026885986,5.585719585418701,1.003633737564087,0
physx,constant_forward,1,1,1274,12.73999971523881,1.0,0.0,0.2977603077888489,0.05880616696937488,-0.0788427429534861,-0.030890632420778275,0.37221845984458923,4.61695671081543,1.5946543216705322,0
physx,constant_forward,1,1,1275,12.749999715015292,1.0,0.0,0.3020108640193939,0.053628594666901286,-0.07461299177289836,0.022513670846819878,-0.24688681960105896,5.0510406494140625,1.4193092584609985,0
physx,constant_forward,1,1,1276,12.759999714791775,1.0,0.0,0.30692702531814575,0.04998079452706864,-0.07694074874997589,0.050105981528759,-0.5392435193061829,5.384045600891113,0.7843998670578003,0
physx,constant_forward,1,1,1277,12.769999714568257,1.0,0.0,0.31267058849334717,0.046342992872232286,-0.08242491182137276,0.07795830816030502,-0.5866119861602783,5.348952293395996,0.9645634889602661,0
physx,constant_forward,1,1,1278,12.77999971434474,1.0,0.0,0.3193332552909851,0.039441728677773916,-0.09109403098709437,0.10153559595346451,-0.4774056375026703,5.612919330596924,0.8403745293617249,0
physx,constant_forward,1,1,1279,12.789999714121222,1.0,0.0,0.3272855877876282,0.025867131121640942,-0.09138773787276817,0.13531741499900818,-0.5672070384025574,5.445684909820557,0.7277586460113525,0
physx,constant_forward,1,1,1280,12.799999713897705,1.0,0.0,0.33542099595069885,0.014257300355660715,-0.09299367290249758,0.14424575865268707,-0.4045944809913635,4.23052978515625,1.8175394535064697,0
physx,constant_forward,1,1,1281,12.809999713674188,1.0,0.0,0.3431229591369629,0.0029081399203535925,-0.09453234479654438,0.15110747516155243,-0.2743619382381439,1.6760220527648926,3.33546781539917,0
physx,constant_forward,1,1,1282,12.81999971345067,1.0,0.0,0.34958991408348083,-0.0015261590330527617,-0.09712825397359665,0.12876467406749725,-0.4721069037914276,2.245715618133545,1.6163761615753174,0
physx,constant_forward,1,1,1283,12.829999713227153,1.0,0.0,0.3548573851585388,0.0006577005573374387,-0.09419939921083822,0.11534054577350616,-0.7936567664146423,1.6078300476074219,1.0526423454284668,0
physx,constant_forward,1,1,1284,12.839999713003635,1.0,0.0,0.35879823565483093,0.012190342456470837,-0.0915355411326947,0.012970871292054653,1.0453559160232544,1.6861752271652222,0.7731701135635376,0
physx,constant_forward,1,1,1285,12.849999712780118,1.0,0.0,0.36047932505607605,0.028161925831405428,-0.10589559808537408,0.011124585755169392,1.1374982595443726,3.0425362586975098,2.3984973430633545,0
physx,constant_forward,1,1,1286,12.8599997125566,1.0,0.0,0.3608957827091217,0.031958062440042644,-0.11622146028085388,-0.030372070148587227,1.965375542640686,2.4159491062164307,1.83091402053833,0
physx,constant_forward,1,1,1287,12.869999712333083,1.0,0.0,0.3607131540775299,0.028771962451073243,-0.09625764882682598,-0.012021266855299473,0.48026859760284424,2.8170087337493896,0.835199236869812,0
physx,constant_forward,1,1,1288,12.879999712109566,1.0,0.0,0.3593469262123108,0.023327856812910604,-0.07698766641702524,-0.04748152568936348,0.47053849697113037,2.824782371520996,0.75662761926651,0
physx,constant_forward,1,1,1289,12.889999711886048,1.0,0.0,0.35701295733451843,0.015526583822604254,-0.06459109769276103,-0.06586866825819016,0.7293828725814819,2.8516786098480225,0.9576736688613892,0
physx,constant_forward,1,1,1290,12.899999711662531,1.0,0.0,0.3544071614742279,0.004246737047478419,-0.04198634501082995,-0.02524798922240734,-0.38367724418640137,2.807032346725464,1.3136903047561646,0
physx,constant_forward,1,1,1291,12.909999711439013,1.0,0.0,0.351045697927475,0.0026231128782780748,-0.030041995156447912,-0.054150667041540146,-0.36044609546661377,3.6735317707061768,2.845482349395752,0
physx,constant_forward,1,1,1292,12.919999711215496,1.0,0.0,0.3479171097278595,0.004878980304949584,-0.01397171856720318,-0.03685007616877556,-0.5095247030258179,4.378776550292969,1.879040241241455,0
physx,constant_forward,1,1,1293,12.929999710991979,1.0,0.0,0.3452643156051636,0.009142552487508828,0.002062653598498986,-0.04284300282597542,-0.440355509519577,5.735049724578857,1.778738021850586,0
physx,constant_forward,1,1,1294,12.939999710768461,1.0,0.0,0.34185341000556946,0.029130455761485038,-0.02905797757051457,-0.20701147615909576,3.0557668209075928,6.373957633972168,1.1519646644592285,0
physx,constant_forward,1,1,1295,12.949999710544944,1.0,0.0,0.3393504321575165,0.04092721476088786,-0.05062425524473736,-0.10665447264909744,1.2626423835754395,3.9782142639160156,5.67979097366333,0
physx,constant_forward,1,1,1296,12.959999710321426,1.0,0.0,0.3373866379261017,0.04563342040739781,-0.045174635933153476,-0.09971809387207031,0.08636082708835602,4.160642623901367,3.3285179138183594,0
physx,constant_forward,1,1,1297,12.969999710097909,1.0,0.0,0.3353845775127411,0.052845421074603806,-0.04594437587538844,-0.11227099597454071,-0.31955912709236145,4.324570178985596,1.8486539125442505,0
physx,constant_forward,1,1,1298,12.979999709874392,1.0,0.0,0.3337347209453583,0.06290158336099486,-0.04649570954587101,-0.12352468818426132,-0.36011049151420593,4.168593883514404,1.0615864992141724,0
physx,constant_forward,1,1,1299,12.989999709650874,1.0,0.0,0.3320083022117615,0.06990270570306621,-0.04975340113551732,0.013060436584055424,0.6389767527580261,4.276810169219971,2.243140935897827,0
physx,constant_forward,1,1,1300,12.999999709427357,1.0,0.0,0.3308030366897583,0.07278762395176985,-0.05205722013357385,0.10104061663150787,0.17976674437522888,5.055649280548096,2.586812734603882,0
physx,constant_forward,1,1,1301,13.00999970920384,1.0,0.0,0.3303977847099304,0.0681182113814866,-0.05287509328038673,0.19723844528198242,0.46938517689704895,5.158482551574707,1.7088180780410767,0
physx,constant_forward,1,1,1302,13.019999708980322,1.0,0.0,0.3308861255645752,0.0602207307596382,-0.050203326759867675,0.28026705980300903,0.48217546939849854,6.13578462600708,1.5190743207931519,0
physx,constant_forward,1,1,1303,13.029999708756804,1.0,0.0,0.33206501603126526,0.05450968676817294,-0.05551217206885461,0.39419203996658325,0.13355936110019684,7.01925802230835,1.6213308572769165,0
physx,constant_forward,1,1,1304,13.039999708533287,1.0,0.0,0.33468130230903625,0.0469990035346834,-0.06559473798536622,0.4654686450958252,-0.0022610335145145655,7.834896564483643,1.196689486503601,0
physx,constant_forward,1,1,1305,13.04999970830977,1.0,0.0,0.33858948945999146,0.04359820899453233,-0.06833468328056276,0.5033584833145142,-0.27824848890304565,8.104706764221191,2.490076780319214,0
physx,constant_forward,1,1,1306,13.059999708086252,1.0,0.0,0.3425714671611786,0.055927362662291126,-0.06886388743123582,0.5039454698562622,-0.19886264204978943,6.352903842926025,2.510648488998413,0
physx,constant_forward,1,1,1307,13.069999707862735,1.0,0.0,0.3463759422302246,0.064337702046894,-0.08546438504746459,0.4842711389064789,1.4750475883483887,4.555661678314209,2.309035539627075,0
physx,constant_forward,1,1,1308,13.079999707639217,1.0,0.0,0.35040906071662903,0.06331953210464811,-0.08015349509697085,0.5231881737709045,0.36779335141181946,3.356973648071289,1.865608811378479,0
physx,constant_forward,1,1,1309,13.0899997074157,1.0,0.0,0.35342854261398315,0.061689561707394536,-0.0641229125190936,0.4877660274505615,0.22949372231960297,1.728836178779602,3.111325979232788,0
physx,constant_forward,1,1,1310,13.099999707192183,1.0,0.0,0.35488462448120117,0.060895774190858426,-0.052840042687285226,0.4443785548210144,0.27209436893463135,2.1450281143188477,0.7090215682983398,0
physx,constant_forward,1,1,1311,13.109999706968665,1.0,0.0,0.3548339903354645,0.06053306729101401,-0.041515267262649126,0.40969252586364746,0.28301823139190674,2.7141406536102295,1.1421562433242798,0
physx,constant_forward,1,1,1312,13.119999706745148,1.0,0.0,0.35342785716056824,0.06288027373173757,-0.02925031733600582,0.3775583505630493,0.3532738983631134,3.2727043628692627,0.7521523237228394,0
physx,constant_forward,1,1,1313,13.12999970652163,1.0,0.0,0.35084012150764465,0.06980613328386635,-0.015784688726081787,0.34590932726860046,0.41912928223609924,3.729292869567871,0.6055144667625427,0
physx,constant_forward,1,1,1314,13.139999706298113,1.0,0.0,0.34723716974258423,0.07848227906843387,-0.0007549481616053009,0.3193982243537903,0.456662118434906,3.951622486114502,0.5736426711082458,0
physx,constant_forward,1,1,1315,13.149999706074595,1.0,0.0,0.34285208582878113,0.08614119495624722,0.014407706919800976,0.2918020784854889,0.4708104133605957,4.542206287384033,0.7545837163925171,0
physx,constant_forward,1,1,1316,13.159999705851078,1.0,0.0,0.3378918468952179,0.09132882494523842,0.02985078521137528,0.2654448449611664,0.42538905143737793,4.953939437866211,0.4760207533836365,0
physx,constant_forward,1,1,1317,13.16999970562756,1.0,0.0,0.33270132541656494,0.0926688467005087,0.04522783939018727,0.2460961788892746,0.20689897239208221,5.188155174255371,0.36772868037223816,0
physx,constant_forward,1,1,1318,13.179999705404043,1.0,0.0,0.3275894224643707,0.08958446915100128,0.05685339812633625,0.2041516900062561,0.24544860422611237,5.345732688903809,0.32064002752304077,0
physx,constant_forward,1,1,1319,13.189999705180526,1.0,0.0,0.3223924934864044,0.08491447063277645,0.06326768577971907,0.16624419391155243,0.2253979742527008,5.437081813812256,0.3782940208911896,0
physx,constant_forward,1,1,1320,13.199999704957008,1.0,0.0,0.31732457876205444,0.07888457354208621,0.06979150252261124,0.12970446050167084,0.15235166251659393,5.5347490310668945,0.24357351660728455,0
physx,constant_forward,1,1,1321,13.209999704733491,1.0,0.0,0.3126698434352875,0.07055309613886157,0.07589246933389836,0.09312472492456436,-0.02003890834748745,5.551068305969238,0.2119276523590088,0
physx,constant_forward,1,1,1322,13.219999704509974,1.0,0.0,0.3087143003940582,0.06048025300735311,0.08150927312800879,0.049822207540273666,-0.1651063859462738,5.597474575042725,0.269799143075943,0
physx,constant_forward,1,1,1323,13.229999704286456,1.0,0.0,0.3055490553379059,0.04976901255791154,0.08496714010759203,0.0004066314431838691,-0.3594021499156952,5.660812854766846,0.27791133522987366,0
physx,constant_forward,1,1,1324,13.239999704062939,1.0,0.0,0.3031076490879059,0.039597537076249856,0.08553482703472996,-0.05267239362001419,-0.49973735213279724,5.646814346313477,0.15548940002918243,0
physx,constant_forward,1,1,1325,13.249999703839421,1.0,0.0,0.30121731758117676,0.03111952930585457,0.0819074329250084,-0.11550562083721161,-0.4784221947193146,5.540866851806641,0.20178887248039246,0
physx,constant_forward,1,1,1326,13.259999703615904,1.0,0.0,0.29961511492729187,0.02524131281379031,0.07462024434570179,-0.1769072711467743,-0.36549296975135803,5.242607116699219,0.5935805439949036,0
physx,constant_forward,1,1,1327,13.269999703392386,1.0,0.0,0.2980688214302063,0.021769203244619634,0.06516613132869643,-0.23323215544223785,-0.3167751431465149,4.994600296020508,0.5166658163070679,0
physx,constant_forward,1,1,1328,13.279999703168869,1.0,0.0,0.29642653465270996,0.019456152601404392,0.053875828464847335,-0.28542041778564453,-0.28756093978881836,4.804244041442871,0.3964407444000244,0
physx,constant_forward,1,1,1329,13.289999702945352,1.0,0.0,0.294674277305603,0.0175270452755549,0.04282403208566599,-0.3320167362689972,-0.25403475761413574,4.6005988121032715,0.34554073214530945,0
physx,constant_forward,1,1,1330,13.299999702721834,1.0,0.0,0.2932208776473999,0.010664456935116435,0.0269095821457127,-0.3935193717479706,0.22132593393325806,4.505861282348633,0.2170398086309433,0
physx,constant_forward,1,1,1331,13.309999702498317,1.0,0.0,0.2917676568031311,0.009649427727344489,0.013236705977751744,-0.39045149087905884,-0.5895867347717285,4.270231246948242,1.7091070413589478,0
physx,constant_forward,1,1,1332,13.3199997022748,1.0,0.0,0.29029470682144165,0.011212279878097111,0.0019584171455016086,-0.4440985321998596,-0.6160102486610413,3.800835609436035,1.0645681619644165,0
physx,constant_forward,1,1,1333,13.329999702051282,1.0,0.0,0.28881803154945374,0.01475523299463927,-0.00908110751182083,-0.48140236735343933,-0.652090311050415,3.6165826320648193,0.40265092253685,0
physx,constant_forward,1,1,1334,13.339999701827765,1.0,0.0,0.287424772977829,0.019393400789308308,-0.021229066112117886,-0.5157303214073181,-0.7192463278770447,3.4892375469207764,0.3547080457210541,0
physx,constant_forward,1,1,1335,13.349999701604247,1.0,0.0,0.2861810028553009,0.024365108038854243,-0.0337678350911214,-0.5479460954666138,-0.7506564855575562,3.541484832763672,0.26956865191459656,0
physx,constant_forward,1,1,1336,13.35999970138073,1.0,0.0,0.28514397144317627,0.02921806458452319,-0.0458714500624309,-0.576159656047821,-0.7229210734367371,3.389641046524048,0.30349594354629517,0
physx,constant_forward,1,1,1337,13.369999701157212,1.0,0.0,0.28436192870140076,0.03380177852963998,-0.05716314913433848,-0.5990374088287354,-0.6808027029037476,3.286137819290161,0.30233675241470337,0
physx,constant_forward,1,1,1338,13.379999700933695,1.0,0.0,0.2838740348815918,0.037721827832120136,-0.06882381571957963,-0.614838719367981,-0.6991069316864014,3.3278002738952637,0.6312502026557922,0
physx,constant_forward,1,1,1339,13.389999700710177,1.0,0.0,0.2836953401565552,0.041733646082126916,-0.0802522808979604,-0.5639681816101074,-0.1666487604379654,3.52902889251709,1.0588057041168213,0
physx,constant_forward,1,1,1340,13.39999970048666,1.0,0.0,0.28369781374931335,0.05084852808244038,-0.0870569669035781,-0.4473196268081665,0.33169159293174744,3.9087350368499756,1.005190372467041,0
physx,constant_forward,1,1,1341,13.409999700263143,1.0,0.0,0.28386569023132324,0.06540221087844648,-0.08450718627167676,-0.27491775155067444,0.20840878784656525,4.122204780578613,0.5164211988449097,0
physx,constant_forward,1,1,1342,13.419999700039625,1.0,0.0,0.28427842259407043,0.08084695247685769,-0.07787326859543045,-0.11786984652280807,0.1588566154241562,4.406949520111084,1.5582220554351807,0
physx,constant_forward,1,1,1343,13.429999699816108,1.0,0.0,0.28481337428092957,0.09557619994349155,-0.07342390319606759,0.013751803897321224,0.2831345200538635,4.51037073135376,0.8595851063728333,0
physx,constant_forward,1,1,1344,13.43999969959259,1.0,0.0,0.28557154536247253,0.11011207674640452,-0.0711767055597084,0.13618378341197968,0.12927183508872986,4.587284564971924,0.38817766308784485,0
physx,constant_forward,1,1,1345,13.449999699369073,1.0,0.0,0.28659337759017944,0.12474895810399239,-0.069456692059746,0.1955537497997284,-0.5054308772087097,4.984811305999756,0.545061469078064,0
physx,constant_forward,1,1,1346,13.459999699145555,1.0,0.0,0.28795960545539856,0.1368684253806123,-0.07475502721981157,0.18938004970550537,-0.7232471704483032,5.279055595397949,0.5945581793785095,0
physx,constant_forward,1,1,1347,13.469999698922038,1.0,0.0,0.2898736000061035,0.14522913852119823,-0.08450845734486069,0.19221974909305573,-0.7775819301605225,5.303440093994141,0.5720786452293396,0
physx,constant_forward,1,1,1348,13.47999969869852,1.0,0.0,0.2923591434955597,0.15087008554408657,-0.09370841973456144,0.19424888491630554,-0.8028990626335144,5.90846061706543,0.7553146481513977,0
physx,constant_forward,1,1,1349,13.489999698475003,1.0,0.0,0.2954181134700775,0.15510740280385252,-0.10323871002477304,0.19442206621170044,-0.6096253991127014,6.2087554931640625,0.4431706368923187,0
physx,constant_forward,1,1,1350,13.499999698251486,1.0,0.0,0.299096018075943,0.15932368011647685,-0.11255304766593907,0.21220025420188904,-0.6120790839195251,6.579055309295654,0.7921091318130493,0
physx,constant_forward,1,1,1351,13.509999698027968,1.0,0.0,0.3033851683139801,0.1639524953514621,-0.12088681576109217,0.22138957679271698,-0.537913978099823,6.848528861999512,0.5987521409988403,0
physx,constant_forward,1,1,1352,13.519999697804451,1.0,0.0,0.30820053815841675,0.16897976918134847,-0.12921799327262112,0.2333371788263321,-0.49341368675231934,7.116647720336914,0.5215082764625549,0
physx,constant_forward,1,1,1353,13.529999697580934,1.0,0.0,0.3134388327598572,0.17417510412057963,-0.13589004422358794,0.24152275919914246,-0.28683242201805115,7.244482040405273,0.5782997012138367,0
physx,constant_forward,1,1,1354,13.539999697357416,1.0,0.0,0.318463534116745,0.1844119756861882,-0.14143092636596608,0.24038323760032654,0.013538578525185585,7.285038948059082,0.7739658355712891,0
physx,constant_forward,1,1,1355,13.549999697133899,1.0,0.0,0.3239538073539734,0.18802000270927835,-0.13634211297497492,0.27567532658576965,-0.06897129118442535,6.425857067108154,2.505074977874756,0
physx,constant_forward,1,1,1356,13.559999696910381,1.0,0.0,0.3300074338912964,0.18639712314638196,-0.1283150560365066,0.27821803092956543,0.16153259575366974,5.929393768310547,1.0202505588531494,0
physx,constant_forward,1,1,1357,13.569999696686864,1.0,0.0,0.33611398935317993,0.18057797716353155,-0.12385196607300612,0.27327045798301697,0.4449908435344696,4.517396926879883,1.4909411668777466,0
physx,constant_forward,1,1,1358,13.579999696463346,1.0,0.0,0.34170010685920715,0.17228236500535174,-0.1175519579881173,0.258758008480072,0.5939325094223022,2.7031450271606445,2.1299996376037598,0
physx,constant_forward,1,1,1359,13.589999696239829,1.0,0.0,0.34614700078964233,0.16350523051970978,-0.10830451069840948,0.23052889108657837,0.6075811982154846,1.9350602626800537,1.519974946975708,0
physx,constant_forward,1,1,1360,13.599999696016312,1.0,0.0,0.34908732771873474,0.1559455982088007,-0.09753005640991273,0.19627787172794342,0.44389277696609497,2.034132242202759,1.0552763938903809,0
physx,constant_forward,1,1,1361,13.609999695792794,1.0,0.0,0.3504367768764496,0.1503882748569039,-0.08695828784558107,0.1541541963815689,0.38131627440452576,2.463157892227173,0.8114218711853027,0
physx,constant_forward,1,1,1362,13.619999695569277,1.0,0.0,0.35040825605392456,0.14588539142223095,-0.07592128891392355,0.12564916908740997,0.22500672936439514,2.978548765182495,0.9501339793205261,0
physx,constant_forward,1,1,1363,13.62999969534576,1.0,0.0,0.3492662310600281,0.14263395575734442,-0.06373151117630338,0.09470271319150925,0.09862823039293289,3.5390853881835938,0.7865203619003296,0
physx,constant_forward,1,1,1364,13.639999695122242,1.0,0.0,0.3473080098628998,0.13986316265637386,-0.05165770573453313,0.057360365986824036,0.16229380667209625,4.1135969161987305,0.7451700568199158,0
physx,constant_forward,1,1,1365,13.649999694898725,1.0,0.0,0.34478098154067993,0.13590432164814,-0.04091112457734117,0.013087572529911995,0.22133144736289978,4.47393798828125,0.46089741587638855,0
physx,constant_forward,1,1,1366,13.659999694675207,1.0,0.0,0.3415379226207733,0.13165945476988744,-0.029852500387926924,-0.011357034556567669,-0.016158411279320717,4.482487678527832,0.3567381501197815,0
physx,constant_forward,1,1,1367,13.66999969445169,1.0,0.0,0.33779072761535645,0.12548799422209322,-0.022079833755938236,-0.05026207119226456,-0.044259704649448395,4.370525360107422,0.549737811088562,0
physx,constant_forward,1,1,1368,13.679999694228172,1.0,0.0,0.33399730920791626,0.11602976994086897,-0.017795466410894318,-0.08979888260364532,-0.06501198559999466,4.206044673919678,0.7708163857460022,0
physx,constant_forward,1,1,1369,13.689999694004655,1.0,0.0,0.33049002289772034,0.1042742659521947,-0.01514171189189114,-0.12590575218200684,-0.1302347183227539,4.040524482727051,0.7361101508140564,0
physx,constant_forward,1,1,1370,13.699999693781137,1.0,0.0,0.3274378180503845,0.09219122139318829,-0.013574593980995288,-0.16530479490756989,-0.11318101733922958,4.1021199226379395,0.4419954717159271,0
physx,constant_forward,1,1,1371,13.70999969355762,1.0,0.0,0.32483163475990295,0.08091435143633428,-0.013354697314262923,-0.2085782289505005,-0.10057110339403152,4.181829452514648,0.14190490543842316,0
physx,constant_forward,1,1,1372,13.719999693334103,1.0,0.0,0.32255983352661133,0.07083338491510084,-0.014403699103631672,-0.25316956639289856,-0.0926666259765625,4.110987663269043,0.10213795304298401,0
physx,constant_forward,1,1,1373,13.729999693110585,1.0,0.0,0.32046622037887573,0.06236970283226106,-0.017220981275900275,-0.29959774017333984,-0.045828141272068024,4.001441955566406,0.17308573424816132,0
physx,constant_forward,1,1,1374,13.739999692887068,1.0,0.0,0.3183900713920593,0.05567672909264667,-0.02186335215660318,-0.34435489773750305,0.013859167695045471,3.878483772277832,0.2135983556509018,0
physx,constant_forward,1,1,1375,13.74999969266355,1.0,0.0,0.31622588634490967,0.05058816686721748,-0.026861645077487846,-0.3839157521724701,0.026229649782180786,3.6644506454467773,0.3244512379169464,0
physx,constant_forward,1,1,1376,13.759999692440033,1.0,0.0,0.3139820396900177,0.04651144376940504,-0.0298448239086884,-0.41216471791267395,-0.11221630871295929,3.5394809246063232,0.3692517876625061,0
physx,constant_forward,1,1,1377,13.769999692216516,1.0,0.0,0.31200721859931946,0.03882910180004831,-0.04088393387413563,-0.4616037607192993,0.20067662000656128,3.563803195953369,0.5634860992431641,0
physx,constant_forward,1,1,1378,13.779999691992998,1.0,0.0,0.3095646798610687,0.043145444802558,-0.049977328206416094,-0.4694145917892456,-0.3471579849720001,4.118327617645264,2.6179959774017334,0
physx,constant_forward,1,1,1379,13.78999969176948,1.0,0.0,0.3073216676712036,0.046975631039345836,-0.04855502056069721,-0.48778605461120605,-0.2915821075439453,3.2643167972564697,2.8291847705841064,0
physx,constant_forward,1,1,1380,13.799999691545963,1.0,0.0,0.3051213026046753,0.053052741054390146,-0.052717820121828934,-0.4707608222961426,-0.36908993124961853,4.219146251678467,1.2337226867675781,0
physx,constant_forward,1,1,1381,13.809999691322446,1.0,0.0,0.30333882570266724,0.06068568570393642,-0.05587942361264526,-0.3765885531902313,-0.4023134708404541,5.194139003753662,1.4180750846862793,0
physx,constant_forward,1,1,1382,13.819999691098928,1.0,0.0,0.30255573987960815,0.06823531788180008,-0.05817825098333001,-0.2527308762073517,-0.34399980306625366,6.260571479797363,1.424452781677246,0
physx,constant_forward,1,1,1383,13.829999690875411,1.0,0.0,0.30285531282424927,0.0766338002965207,-0.06058983295246343,-0.11652050912380219,-0.3334892988204956,6.564554691314697,0.7604042887687683,0
physx,constant_forward,1,1,1384,13.839999690651894,1.0,0.0,0.30422112345695496,0.0850425337648564,-0.06258964561030518,0.0193505696952343,-0.2286311537027359,6.501718521118164,1.124482274055481,0
physx,constant_forward,1,1,1385,13.849999690428376,1.0,0.0,0.3065185248851776,0.09416368074860011,-0.06365721529671355,0.14745943248271942,-0.3466292917728424,7.176703453063965,1.2486133575439453,0
physx,constant_forward,1,1,1386,13.859999690204859,1.0,0.0,0.3100336492061615,0.10058350503021685,-0.062087024314507425,0.2278835028409958,-0.4850787818431854,7.488888740539551,0.641223669052124,0
physx,constant_forward,1,1,1387,13.869999689981341,1.0,0.0,0.31374889612197876,0.1163220238679619,-0.08004066277019112,0.2001945525407791,0.12364590913057327,6.451614856719971,2.636444091796875,0
physx,constant_forward,1,1,1388,13.879999689757824,1.0,0.0,0.3186032176017761,0.1220940491598335,-0.08194952829678999,0.2848110795021057,-0.27970945835113525,6.383608341217041,2.1577651500701904,0
physx,constant_forward,1,1,1389,13.889999689534307,1.0,0.0,0.3243715167045593,0.12805010240160722,-0.07614102217462693,0.311614066362381,-0.35502445697784424,6.833973407745361,1.6456670761108398,0
physx,constant_forward,1,1,1390,13.899999689310789,1.0,0.0,0.3310692608356476,0.13398749957527417,-0.07301729186975095,0.3335361182689667,-0.3333370089530945,6.075490951538086,1.4372868537902832,0
physx,constant_forward,1,1,1391,13.909999689087272,1.0,0.0,0.33810320496559143,0.13699876023628424,-0.07472272924579912,0.32751384377479553,-0.11355563998222351,2.582523822784424,3.723764181137085,0
physx,constant_forward,1,1,1392,13.919999688863754,1.0,0.0,0.3444594740867615,0.13244292086704046,-0.08844487299280385,0.25583502650260925,1.5065724849700928,2.4310624599456787,4.35881233215332,0
physx,constant_forward,1,1,1393,13.929999688640237,1.0,0.0,0.3491687774658203,0.1314546670734189,-0.10574852392366653,0.2702571153640747,0.8528382778167725,2.9448864459991455,1.5254237651824951,0
physx,constant_forward,1,1,1394,13.93999968841672,1.0,0.0,0.3520439863204956,0.13880095247693972,-0.09926458286994298,0.22233076393604279,0.06182323396205902,2.370922088623047,1.144634485244751,0
physx,constant_forward,1,1,1395,13.949999688193202,1.0,0.0,0.35341450572013855,0.14134491572418642,-0.09011428582437313,0.18946415185928345,0.12492617219686508,2.4134154319763184,1.7629474401474,0
physx,constant_forward,1,1,1396,13.959999687969685,1.0,0.0,0.35338160395622253,0.1405668729203144,-0.08050374074731145,0.16018229722976685,0.3794691264629364,2.7851877212524414,0.8370776176452637,0
physx,constant_forward,1,1,1397,13.969999687746167,1.0,0.0,0.35202667117118835,0.13865113803791235,-0.07094052829356774,0.12764868140220642,0.4045317471027374,3.5769717693328857,1.1207973957061768,0
physx,constant_forward,1,1,1398,13.97999968752265,1.0,0.0,0.349528431892395,0.13506206414869482,-0.06049409430291712,0.0969390943646431,0.3256794512271881,4.299709796905518,1.0131845474243164,0
physx,constant_forward,1,1,1399,13.989999687299132,1.0,0.0,0.346133828163147,0.12790896949033861,-0.05098133897625151,0.06296968460083008,0.24406537413597107,4.702200412750244,0.7586714029312134,0
physx,constant_forward,1,1,1400,13.999999687075615,1.0,0.0,0.3421710431575775,0.1178890063331009,-0.043246939754346195,0.03238210454583168,0.09844819456338882,4.732050895690918,0.6873977184295654,0
physx,constant_forward,1,1,1401,14.009999686852098,1.0,0.0,0.3386317193508148,0.10452745610400936,-0.03480547067455125,0.014079910703003407,0.15912064909934998,4.550992965698242,1.1322585344314575,0
physx,constant_forward,1,1,1402,14.01999968662858,1.0,0.0,0.33564522862434387,0.09085588064214424,-0.02329937186622876,0.004078986123204231,-0.08064752072095871,4.089395523071289,2.557922840118408,0
physx,constant_forward,1,1,1403,14.029999686405063,1.0,0.0,0.3323696255683899,0.0924459004794174,-0.019420134192195865,-0.03416647017002106,-0.15148471295833588,6.04000997543335,2.3172707557678223,0
physx,constant_forward,1,1,1404,14.039999686181545,1.0,0.0,0.3292546570301056,0.09936723574904933,-0.022862899705354156,-0.040190793573856354,-0.11114849150180817,6.81304931640625,1.3147568702697754,0
physx,constant_forward,1,1,1405,14.049999685958028,1.0,0.0,0.3262244462966919,0.1094135055407699,-0.037386474294021727,-0.14775805175304413,1.389001488685608,7.135062217712402,1.0884003639221191,0
physx,constant_forward,1,1,1406,14.05999968573451,1.0,0.0,0.32463693618774414,0.10648909027061064,-0.04306189697612585,0.0013166173594072461,-0.7783408761024475,5.513197898864746,2.1903889179229736,0
physx,constant_forward,1,1,1407,14.069999685510993,1.0,0.0,0.32342591881752014,0.10664823271249411,-0.03795674308096375,-0.01243176031857729,-1.7836337089538574,7.850157737731934,3.674992799758911,0
physx,constant_forward,1,1,1408,14.079999685287476,1.0,0.0,0.3222058117389679,0.11066527560846764,-0.042202630845808525,-0.031774796545505524,-1.8847057819366455,7.395194053649902,1.7276639938354492,0
physx,constant_forward,1,1,1409,14.089999685063958,1.0,0.0,0.3211703300476074,0.11603531542099375,-0.06368281234589286,-0.05233976989984512,-1.1766406297683716,7.660818099975586,1.6781872510910034,0
physx,constant_forward,1,1,1410,14.09999968484044,1.0,0.0,0.3207506537437439,0.12212835130550352,-0.07933830677509766,-0.026433715596795082,-1.18297278881073,7.75965690612793,0.6218924522399902,0
physx,constant_forward,1,1,1411,14.109999684616923,1.0,0.0,0.32074105739593506,0.12749513167860327,-0.09220573603645998,-0.01713738590478897,-1.0077285766601562,7.457925796508789,0.954826831817627,0
physx,constant_forward,1,1,1412,14.119999684393406,1.0,0.0,0.3209581673145294,0.1313089546846742,-0.10407033325984241,0.026881707832217216,-1.427874207496643,7.117761611938477,0.47436758875846863,0
physx,constant_forward,1,1,1413,14.129999684169888,1.0,0.0,0.3210917115211487,0.13827075555706697,-0.11551288869312804,-0.036960311233997345,-0.035951822996139526,6.824275016784668,0.7733066082000732,0
physx,constant_forward,1,1,1414,14.139999683946371,1.0,0.0,0.32217031717300415,0.13578349204266926,-0.1065131120773174,0.022994160652160645,-0.495309978723526,6.2554473876953125,2.4351212978363037,0
physx,constant_forward,1,1,1415,14.149999683722854,1.0,0.0,0.3237922191619873,0.12839571131926591,-0.10168753392529223,0.041196584701538086,-0.6275818347930908,6.312751293182373,1.1000263690948486,0
physx,constant_forward,1,1,1416,14.159999683499336,1.0,0.0,0.32572951912879944,0.11734309563526608,-0.10629027980829917,0.025177694857120514,0.07816720753908157,5.437749862670898,1.7849266529083252,0
physx,constant_forward,1,1,1417,14.169999683275819,1.0,0.0,0.32839465141296387,0.10198687227456027,-0.10666803148494146,0.06980763375759125,-0.5071349143981934,5.108068466186523,1.3624529838562012,0
physx,constant_forward,1,1,1418,14.179999683052301,1.0,0.0,0.33100923895835876,0.09503649411307126,-0.13277051501463666,0.022836582735180855,0.5699266195297241,6.255364418029785,1.7820680141448975,0
physx,constant_forward,1,1,1419,14.189999682828784,1.0,0.0,0.33426952362060547,0.09074138571019316,-0.12694332804414163,0.051464565098285675,-0.13947845995426178,4.9744086265563965,2.168921947479248,0
physx,constant_forward,1,1,1420,14.199999682605267,1.0,0.0,0.3371678590774536,0.08500916529246043,-0.14912583925790313,0.030473005026578903,0.8205972909927368,4.619053840637207,1.6206315755844116,0
physx,constant_forward,1,1,1421,14.20999968238175,1.0,0.0,0.3409765064716339,0.07235519993264687,-0.13061392916699777,0.09843853116035461,-0.9886199831962585,4.160740852355957,1.1036133766174316,0
physx,constant_forward,1,1,1422,14.219999682158232,1.0,0.0,0.3436753749847412,0.0695896099242201,-0.14866100570627708,0.015432940796017647,0.5799189209938049,4.969778060913086,2.5805041790008545,0
physx,constant_forward,1,1,1423,14.229999681934714,1.0,0.0,0.3463273048400879,0.06510870800358663,-0.13971325189570746,0.0345553383231163,-0.44960591197013855,2.606050968170166,2.924656867980957,0
physx,constant_forward,1,1,1424,14.239999681711197,1.0,0.0,0.3482096195220947,0.05496702795286149,-0.14222687696149092,-0.04417622461915016,1.408678650856018,2.145329713821411,2.693021297454834,0
physx,constant_forward,1,1,1425,14.24999968148768,1.0,0.0,0.3489898443222046,0.05066365154557065,-0.14611804186932925,-0.02002597041428089,-0.18787264823913574,2.1351661682128906,1.3807734251022339,0
physx,constant_forward,1,1,1426,14.259999681264162,1.0,0.0,0.3486146032810211,0.05616982158877429,-0.1432985132636075,-0.09838112443685532,0.41385385394096375,2.100618839263916,1.357357382774353,0
physx,constant_forward,1,1,1427,14.269999681040645,1.0,0.0,0.34760403633117676,0.05540051273158244,-0.13436864359901976,-0.08195547759532928,0.09815710037946701,2.3608238697052,1.5835371017456055,0
physx,constant_forward,1,1,1428,14.279999680817127,1.0,0.0,0.34605342149734497,0.048685982232475646,-0.1192498662585873,-0.03372605890035629,0.16285668313503265,2.470992088317871,1.2375757694244385,0
physx,constant_forward,1,1,1429,14.28999968059361,1.0,0.0,0.34403151273727417,0.03861415066661879,-0.10556994803127515,0.014886312186717987,0.39212772250175476,2.6827211380004883,0.6533293128013611,0
physx,constant_forward,1,1,1430,14.299999680370092,1.0,0.0,0.34160029888153076,0.027099481984369178,-0.09261832479239542,0.06202659383416176,0.5305973887443542,2.7335562705993652,0.6600424647331238,0
physx,constant_forward,1,1,1431,14.309999680146575,1.0,0.0,0.338903546333313,0.015674905869084814,-0.07936571305404463,0.10934223234653473,0.481846421957016,2.6067214012145996,1.1486589908599854,0
physx,constant_forward,1,1,1432,14.319999679923058,1.0,0.0,0.3360617160797119,0.006570966941720491,-0.06293675192136781,0.15808093547821045,0.08611641079187393,2.7194650173187256,1.1895966529846191,0
physx,constant_forward,1,1,1433,14.32999967969954,1.0,0.0,0.3331960141658783,-2.6653643614974782e-08,-0.04781052873174693,0.19439974427223206,0.01865941844880581,3.9347097873687744,1.773235559463501,0
physx,constant_forward,1,1,1434,14.339999679476023,1.0,0.0,0.33044588565826416,-0.0034343287471479784,-0.035801566869506266,0.21659021079540253,-0.09108224511146545,4.846220016479492,1.1544135808944702,0
physx,constant_forward,1,1,1435,14.349999679252505,1.0,0.0,0.32795894145965576,-0.0010492223819826834,-0.030831244398971492,0.2223241627216339,-0.2596835792064667,5.981311321258545,1.3355568647384644,0
physx,constant_forward,1,1,1436,14.359999679028988,1.0,0.0,0.3262440860271454,0.0022380979885651075,-0.029055285685024013,0.23005495965480804,-0.35274311900138855,6.378664016723633,0.9442585706710815,0
physx,constant_forward,1,1,1437,14.36999967880547,1.0,0.0,0.32464826107025146,0.012345808260309503,-0.06383770577391476,0.14881426095962524,1.4227080345153809,6.0474772453308105,2.7773072719573975,0
physx,constant_forward,1,1,1438,14.379999678581953,1.0,0.0,0.32357895374298096,0.029699002124077337,-0.06922593268123817,0.16793356835842133,0.15187068283557892,5.343947410583496,2.1882143020629883,0
physx,constant_forward,1,1,1439,14.389999678358436,1.0,0.0,0.32357242703437805,0.03663784087607284,-0.06337297785522371,0.1832209676504135,-0.19090238213539124,5.616741180419922,2.47951340675354,0
physx,constant_forward,1,1,1440,14.399999678134918,1.0,0.0,0.32374581694602966,0.047061591124211,-0.06675724403132097,0.16954755783081055,-0.311282753944397,6.580268383026123,2.1181836128234863,0
physx,constant_forward,1,1,1441,14.4099996779114,1.0,0.0,0.3243190050125122,0.06030338267492867,-0.07233758576282298,0.16432765126228333,-0.3969724774360657,6.082855701446533,1.1230388879776,0
physx,constant_forward,1,1,1442,14.419999677687883,1.0,0.0,0.32527443766593933,0.07190258015607667,-0.08171039060982149,0.1003730371594429,1.593897819519043,5.784793376922607,0.964733362197876,0
physx,constant_forward,1,1,1443,14.429999677464366,1.0,0.0,0.32696297764778137,0.07441996197598356,-0.09919842667703521,0.15554127097129822,0.8251354098320007,4.911992073059082,1.7616511583328247,0
physx,constant_forward,1,1,1444,14.439999677240849,1.0,0.0,0.3292633891105652,0.06995404208557594,-0.09439323264012835,0.1789490133523941,-0.12041880935430527,5.140773773193359,1.3282744884490967,0
physx,constant_forward,1,1,1445,14.449999677017331,1.0,0.0,0.33199840784072876,0.06363116136146828,-0.1029473661956322,0.12344273924827576,1.3801124095916748,6.446719169616699,2.6911656856536865,0
physx,constant_forward,1,1,1446,14.459999676793814,1.0,0.0,0.3344082236289978,0.06941711613892093,-0.11516883784564211,0.13952161371707916,0.38508397340774536,5.645341396331787,2.157022714614868,0
physx,constant_forward,1,1,1447,14.469999676570296,1.0,0.0,0.33752527832984924,0.06459335963595533,-0.10378636288160768,0.15787330269813538,-0.23873035609722137,3.47279691696167,3.3316659927368164,0
physx,constant_forward,1,1,1448,14.479999676346779,1.0,0.0,0.33959752321243286,0.06787314067107114,-0.09976062718917456,0.12269900739192963,-0.3942631185054779,4.802513599395752,2.0869107246398926,0
physx,constant_forward,1,1,1449,14.489999676123261,1.0,0.0,0.34063443541526794,0.07620198192958759,-0.1044737766562469,0.023062225431203842,1.81460440158844,4.33453893661499,1.03715980052948,0
physx,constant_forward,1,1,1450,14.499999675899744,1.0,0.0,0.3414422571659088,0.07543212095720368,-0.1217789840418063,0.05491470918059349,1.0078580379486084,2.729994297027588,2.4549949169158936,0
physx,constant_forward,1,1,1451,14.509999675676227,1.0,0.0,0.3412356674671173,0.07463256958376253,-0.12306063996301025,-0.011637534014880657,1.636196255683899,3.127103805541992,1.3753883838653564,0
physx,constant_forward,1,1,1452,14.51999967545271,1.0,0.0,0.3407503068447113,0.0643723361923802,-0.1062210913561306,-0.007930728606879711,0.34425869584083557,3.8897151947021484,1.2183958292007446,0
physx,constant_forward,1,1,1453,14.529999675229192,1.0,0.0,0.3389251232147217,0.05715525516162031,-0.09795534776360951,-0.07010354846715927,0.5475273728370667,3.7327828407287598,0.8025442957878113,0
physx,constant_forward,1,1,1454,14.539999675005674,1.0,0.0,0.3359181582927704,0.054472603424133334,-0.11897690321978309,-0.21908119320869446,3.582656145095825,3.461007833480835,1.326974630355835,0
physx,constant_forward,1,1,1455,14.549999674782157,1.0,0.0,0.33350762724876404,0.0416810418377838,-0.12539699233286117,-0.16885292530059814,2.363417148590088,4.042820930480957,1.9015133380889893,0
physx,constant_forward,1,1,1456,14.55999967455864,1.0,0.0,0.3303426504135132,0.035886756857221834,-0.09597178738384067,-0.13709715008735657,-0.17180606722831726,4.0667033195495605,1.764926791191101,0
physx,constant_forward,1,1,1457,14.569999674335122,1.0,0.0,0.3258795738220215,0.033054884139955436,-0.10343988120659,-0.2940118908882141,1.4061501026153564,3.435537099838257,1.3506906032562256,0
physx,constant_forward,1,1,1458,14.579999674111605,1.0,0.0,0.321772038936615,0.026366453749235654,-0.08056802371026876,-0.19616104662418365,-1.2908666133880615,3.645249366760254,1.7089016437530518,0
physx,constant_forward,1,1,1459,14.589999673888087,1.0,0.0,0.31701332330703735,0.026572188473727765,-0.051501536876252724,-0.22641101479530334,-2.037417411804199,3.5421524047851562,2.1066734790802,0
physx,constant_forward,1,1,1460,14.59999967366457,1.0,0.0,0.31233811378479004,0.022188529817062968,-0.026131146538237438,-0.22917141020298004,-2.3537535667419434,4.122838020324707,1.7965402603149414,0
physx,constant_forward,1,1,1461,14.609999673441052,1.0,0.0,0.3076704740524292,0.016496157009063213,-0.00036647206258537206,-0.21991117298603058,-2.8930470943450928,3.913393497467041,0.6232153177261353,0
physx,constant_forward,1,1,1462,14.619999673217535,1.0,0.0,0.3026896119117737,0.01337703296627632,0.006507981236729114,-0.2517227232456207,-3.2012553215026855,4.6215410232543945,2.063035249710083,0
physx,constant_forward,1,1,1463,14.629999672994018,1.0,0.0,0.29764071106910706,0.013365570783616979,-0.006964873963110729,-0.3237518072128296,-2.2377216815948486,5.052330493927002,1.5627821683883667,0
physx,constant_forward,1,1,1464,14.6399996727705,1.0,0.0,0.29370975494384766,0.010434797856413854,-0.019488994345203473,-0.3417297303676605,-1.14241623878479,5.257261276245117,2.340581178665161,0
physx,constant_forward,1,1,1465,14.649999672546983,1.0,0.0,0.29035675525665283,0.01536839488845172,-0.028557463054867296,-0.3502216339111328,-0.7420133352279663,5.586016654968262,1.2044155597686768,0
physx,constant_forward,1,1,1466,14.659999672323465,1.0,0.0,0.287420392036438,0.02101838536755794,-0.05391592532413218,-0.23745720088481903,0.6513211131095886,4.392757415771484,2.4583184719085693,0
physx,constant_forward,1,1,1467,14.669999672099948,1.0,0.0,0.2855086922645569,0.02406846578439482,-0.04888744679528303,-0.08214513212442398,0.7021716237068176,3.9613184928894043,0.931632399559021,0
physx,constant_forward,1,1,1468,14.67999967187643,1.0,0.0,0.28403791785240173,0.03107097116247454,-0.037154210659047414,-0.05828756093978882,-0.011229539290070534,4.882894515991211,1.7540127038955688,0
physx,constant_forward,1,1,1469,14.689999671652913,1.0,0.0,0.2827807366847992,0.040775391244264166,-0.031630484980348775,0.07777146250009537,0.19390125572681427,5.452345371246338,0.8984198570251465,0
physx,constant_forward,1,1,1470,14.699999671429396,1.0,0.0,0.28187617659568787,0.05376209639460575,-0.026061753878179907,0.1409839391708374,-0.18936540186405182,5.437143802642822,1.9840753078460693,0
physx,constant_forward,1,1,1471,14.709999671205878,1.0,0.0,0.28145715594291687,0.06759852981735745,-0.02648024984977317,0.126193106174469,-0.7004414796829224,5.849379062652588,1.0826815366744995,0
physx,constant_forward,1,1,1472,14.71999967098236,1.0,0.0,0.2817322313785553,0.08086985084466021,-0.03245470401113913,0.11926744133234024,-1.0025802850723267,5.579904556274414,0.5479946136474609,0
physx,constant_forward,1,1,1473,14.729999670758843,1.0,0.0,0.2828196585178375,0.092865469908365,-0.03921609421875849,0.12484653294086456,-1.0918681621551514,5.636015892028809,1.1603363752365112,0
physx,constant_forward,1,1,1474,14.739999670535326,1.0,0.0,0.28476977348327637,0.10415783218180462,-0.04707355994518117,0.12636873126029968,-0.983644425868988,6.106234550476074,0.9269037842750549,0
physx,constant_forward,1,1,1475,14.749999670311809,1.0,0.0,0.28769317269325256,0.1150433753977343,-0.0572272660612415,0.13883626461029053,-0.7803529500961304,6.65567684173584,1.0311092138290405,0
physx,constant_forward,1,1,1476,14.759999670088291,1.0,0.0,0.2916452884674072,0.12562208865022087,-0.0670802132129102,0.1593923270702362,-0.6737421154975891,6.910442352294922,0.6304569244384766,0
physx,constant_forward,1,1,1477,14.769999669864774,1.0,0.0,0.29658299684524536,0.13654936946008514,-0.07499648005771907,0.18064343929290771,-0.5212064385414124,7.1095147132873535,0.5183719992637634,0
physx,constant_forward,1,1,1478,14.779999669641256,1.0,0.0,0.3024415373802185,0.1471238874064264,-0.08154587014571352,0.20745044946670532,-0.34993261098861694,7.219647407531738,0.46901029348373413,0
physx,constant_forward,1,1,1479,14.789999669417739,1.0,0.0,0.3091055750846863,0.15609996444448418,-0.08661411519920613,0.23656992614269257,-0.25183746218681335,7.292948246002197,0.33538419008255005,0
physx,constant_forward,1,1,1480,14.799999669194221,1.0,0.0,0.31627118587493896,0.1617333606321533,-0.09054656020008388,0.2610055208206177,-0.14558158814907074,7.0085906982421875,0.6941429376602173,0
physx,constant_forward,1,1,1481,14.809999668970704,1.0,0.0,0.32363876700401306,0.16495329859484728,-0.09309513555062655,0.27901482582092285,-0.14678414165973663,6.441253185272217,1.1714242696762085,0
physx,constant_forward,1,1,1482,14.819999668747187,1.0,0.0,0.33076661825180054,0.16509138998052475,-0.09516434190070217,0.28159213066101074,-0.12407000362873077,5.178735733032227,1.6326889991760254,0
physx,constant_forward,1,1,1483,14.82999966852367,1.0,0.0,0.33713996410369873,0.1628913133085965,-0.09800749445209794,0.27053821086883545,-0.12873509526252747,3.920250177383423,1.7656614780426025,0
physx,constant_forward,1,1,1484,14.839999668300152,1.0,0.0,0.34232378005981445,0.1599013711404008,-0.09738796387389184,0.24525125324726105,-0.19380488991737366,3.0000128746032715,1.6773406267166138,0
physx,constant_forward,1,1,1485,14.849999668076634,1.0,0.0,0.3460874855518341,0.157138414915821,-0.09731328531936015,0.20247067511081696,-0.02727837860584259,2.316988706588745,1.1585540771484375,0
physx,constant_forward,1,1,1486,14.859999667853117,1.0,0.0,0.348379909992218,0.15592963997914505,-0.09618321534782774,0.1650688201189041,-0.045307327061891556,2.238276243209839,0.42405205965042114,0
physx,constant_forward,1,1,1487,14.8699996676296,1.0,0.0,0.34934094548225403,0.15754553970772506,-0.09472326209122921,0.12831540405750275,-0.054580263793468475,2.3586971759796143,0.44498297572135925,0
physx,constant_forward,1,1,1488,14.879999667406082,1.0,0.0,0.3490917384624481,0.1602152987885414,-0.09266843141932671,0.08814520388841629,-0.07532211393117905,2.898834228515625,0.8627060651779175,0
physx,constant_forward,1,1,1489,14.889999667182565,1.0,0.0,0.34779590368270874,0.16236045697348003,-0.09014707742350242,0.04719908908009529,-0.07400956749916077,3.2808146476745605,0.5737655162811279,0
physx,constant_forward,1,1,1490,14.899999666959047,1.0,0.0,0.34567418694496155,0.16262766343122884,-0.08685881655895403,0.011709501966834068,-0.05674654245376587,3.4648075103759766,0.6458029747009277,0
physx,constant_forward,1,1,1491,14.90999966673553,1.0,0.0,0.3429546654224396,0.1611291006227292,-0.08296941170752242,-0.020769789814949036,-0.03583630174398422,3.7933595180511475,0.6827347278594971,0
physx,constant_forward,1,1,1492,14.919999666512012,1.0,0.0,0.33988380432128906,0.15821734898026796,-0.07864694769578567,-0.04757041111588478,-0.020627811551094055,3.8290934562683105,0.5948293805122375,0
physx,constant_forward,1,1,1493,14.929999666288495,1.0,0.0,0.3367856740951538,0.15391998106249102,-0.07417594428411192,-0.05668915435671806,0.028092527762055397,4.5648369789123535,1.8437248468399048,0
physx,constant_forward,1,1,1494,14.939999666064978,1.0,0.0,0.3340069055557251,0.1512815525131901,-0.06991741343045763,-0.0594744011759758,0.03082858771085739,5.797994136810303,1.9129124879837036,0
physx,constant_forward,1,1,1495,14.94999966584146,1.0,0.0,0.3317451477050781,0.15218277628980317,-0.06829667626795753,-0.06367209553718567,-0.14549878239631653,6.105633735656738,0.8660675287246704,0
physx,constant_forward,1,1,1496,14.959999665617943,1.0,0.0,0.3300682008266449,0.1547783078417537,-0.06887331701698025,-0.06792362034320831,-0.25689786672592163,6.512489318847656,0.757918655872345,0
physx,constant_forward,1,1,1497,14.969999665394425,1.0,0.0,0.32900914549827576,0.15797999115845351,-0.07177261075207636,-0.0702882930636406,-0.3713303506374359,6.780288219451904,0.6652432084083557,0
physx,constant_forward,1,1,1498,14.979999665170908,1.0,0.0,0.328593909740448,0.16232951921145872,-0.07693955582713559,-0.07033149898052216,-0.49743708968162537,6.932219982147217,0.5622003078460693,0
physx,constant_forward,1,1,1499,14.98999966494739,1.0,0.0,0.32884931564331055,0.16780713898988273,-0.08391124490432088,-0.06738302111625671,-0.5570542812347412,6.970644950866699,0.4815088212490082,0
physx,constant_forward,1,1,1500,14.999999664723873,1.0,0.0,0.3298146426677704,0.17355543222221875,-0.09163517385277396,-0.05885890871286392,-0.5299099087715149,6.996397495269775,0.5085437893867493,0
physx,constant_forward,1,1,1501,15.009999664500356,1.0,0.0,0.3314966857433319,0.17872018755101313,-0.09893066908050172,-0.0436905138194561,-0.44138026237487793,7.026385307312012,0.521847665309906,0
physx,constant_forward,1,1,1502,15.019999664276838,1.0,0.0,0.3338235020637512,0.1829094689885423,-0.10486156866169437,-0.024246983230113983,-0.31073254346847534,7.030113697052002,0.594806969165802,0
physx,constant_forward,1,1,1503,15.02999966405332,1.0,0.0,0.3366500437259674,0.18619786876932962,-0.10899275327512364,-0.004875879734754562,-0.17517809569835663,6.959068298339844,0.5862132906913757,0
physx,constant_forward,1,1,1504,15.039999663829803,1.0,0.0,0.33975306153297424,0.1886399907343395,-0.11205836279022692,0.011275042779743671,-0.12356100976467133,6.878518104553223,0.23311376571655273,0
physx,constant_forward,1,1,1505,15.049999663606286,1.0,0.0,0.3429265022277832,0.1903109414892481,-0.11485802863530653,0.02407805621623993,-0.1544773131608963,6.615721702575684,0.3987736999988556,0
physx,constant_forward,1,1,1506,15.059999663382769,1.0,0.0,0.3463650941848755,0.18710948271723224,-0.11159166361326482,0.038866087794303894,-0.1652987003326416,6.2441253662109375,0.4519447684288025,0
physx,constant_forward,1,1,1507,15.069999663159251,1.0,0.0,0.3490302264690399,0.18854222418902933,-0.13306366096100533,-0.006590844132006168,1.0160340070724487,5.7983293533325195,0.49581724405288696,0
physx,constant_forward,1,1,1508,15.079999662935734,1.0,0.0,0.3517683148384094,0.183552393027883,-0.13833417513454302,-0.0039047207683324814,1.060590386390686,5.858886241912842,2.017460346221924,0
physx,constant_forward,1,1,1509,15.089999662712216,1.0,0.0,0.3546403646469116,0.1718080139084236,-0.12886300119761554,0.034637898206710815,0.45849108695983887,3.0927133560180664,3.7667598724365234,0
physx,constant_forward,1,1,1510,15.099999662488699,1.0,0.0,0.35633403062820435,0.16367426125857581,-0.13643561307976532,0.02167634293437004,0.4106382429599762,2.684448719024658,1.989333152770996,0
physx,constant_forward,1,1,1511,15.109999662265182,1.0,0.0,0.35752221941947937,0.15666001267269933,-0.12268099305966246,0.00516950897872448,-0.03922097384929657,3.4842000007629395,2.2143988609313965,0
physx,constant_forward,1,1,1512,15.119999662041664,1.0,0.0,0.3577572703361511,0.15391965532693153,-0.11226032375197545,-0.02438097447156906,-0.090920589864254,3.6035616397857666,0.7988739609718323,0
physx,constant_forward,1,1,1513,15.129999661818147,1.0,0.0,0.3572481572628021,0.15398012628839639,-0.10724589019451879,-0.05890722945332527,-0.08600884675979614,4.052414894104004,0.9593508243560791,0
physx,constant_forward,1,1,1514,15.13999966159463,1.0,0.0,0.3562973737716675,0.15418658217554523,-0.10453086305007576,-0.08492255955934525,-0.19819141924381256,4.3711113929748535,1.1666053533554077,0
physx,constant_forward,1,1,1515,15.149999661371112,1.0,0.0,0.3552183210849762,0.14971448528634024,-0.09728757946391554,-0.08047564327716827,-0.3915049433708191,3.436927080154419,2.272895574569702,0
physx,constant_forward,1,1,1516,15.159999661147594,1.0,0.0,0.3544333279132843,0.14198527978319142,-0.09211994621217252,-0.094084732234478,-0.34130585193634033,5.759149074554443,2.8735625743865967,0
physx,constant_forward,1,1,1517,15.169999660924077,1.0,0.0,0.35311344265937805,0.14305286146031537,-0.10539088229118537,-0.14411863684654236,0.21585486829280853,5.270550727844238,1.359786033630371,0
physx,constant_forward,1,1,1518,15.17999966070056,1.0,0.0,0.35213860869407654,0.14064838953489053,-0.10612811406231719,-0.1369728446006775,-0.3859713077545166,5.61982536315918,1.6922987699508667,0
physx,constant_forward,1,1,1519,15.189999660477042,1.0,0.0,0.35112062096595764,0.13871880101483397,-0.10418258815438161,-0.155954048037529,-0.4110203981399536,5.012084007263184,0.9071527719497681,0
physx,constant_forward,1,1,1520,15.199999660253525,1.0,0.0,0.34997451305389404,0.13732095234568092,-0.1040090812992168,-0.17405487596988678,-0.32915881276130676,4.484991550445557,1.0921630859375,0
physx,constant_forward,1,1,1521,15.209999660030007,1.0,0.0,0.3486655354499817,0.13667284204097366,-0.10405232212302311,-0.1848205178976059,-0.2384643405675888,3.950970411300659,1.263806700706482,0
physx,constant_forward,1,1,1522,15.21999965980649,1.0,0.0,0.34718549251556396,0.13694940153275137,-0.10261355086829455,-0.18953756988048553,-0.16913552582263947,3.742436170578003,1.2721866369247437,0
physx,constant_forward,1,1,1523,15.229999659582973,1.0,0.0,0.34552016854286194,0.13772769333356916,-0.0987566245598002,-0.18963858485221863,-0.09635484218597412,3.6470723152160645,1.45243239402771,0
physx,constant_forward,1,1,1524,15.239999659359455,1.0,0.0,0.3437676727771759,0.13897901354750186,-0.09466638189508425,-0.18230187892913818,0.1558958739042282,4.361904621124268,0.9773639440536499,0
physx,constant_forward,1,1,1525,15.249999659135938,1.0,0.0,0.3419160842895508,0.1402686471525073,-0.09180582708521605,-0.14971375465393066,0.34752756357192993,3.892357110977173,0.8748751878738403,0
physx,constant_forward,1,1,1526,15.25999965891242,1.0,0.0,0.3400024175643921,0.14205023467827127,-0.08770539070608904,-0.09793196618556976,0.36331766843795776,3.6824755668640137,1.0742449760437012,0
physx,constant_forward,1,1,1527,15.269999658688903,1.0,0.0,0.337988942861557,0.14409409847323726,-0.08285629304875694,-0.04314595088362694,0.2942866086959839,3.3911120891571045,1.1926559209823608,0
physx,constant_forward,1,1,1528,15.279999658465385,1.0,0.0,0.33571505546569824,0.14835686992671138,-0.07738255372349365,0.09406547248363495,0.4253048598766327,3.3322012424468994,0.6624295711517334,0
physx,constant_forward,1,1,1529,15.289999658241868,1.0,0.0,0.3341226875782013,0.14140374090483082,-0.06294697320582097,0.2435101568698883,0.5992327332496643,2.508845090866089,1.8980954885482788,0
physx,constant_forward,1,1,1530,15.29999965801835,1.0,0.0,0.33268439769744873,0.1320357796493298,-0.041590962842251125,0.3083925247192383,-0.2544109523296356,3.07513165473938,1.2007521390914917,0
physx,constant_forward,1,1,1531,15.309999657794833,1.0,0.0,0.3312349319458008,0.12518430169971206,-0.025274834135069937,0.31334051489830017,-0.42033112049102783,4.033754348754883,1.320715069770813,0
physx,constant_forward,1,1,1532,15.319999657571316,1.0,0.0,0.32993656396865845,0.12122033604365548,-0.019017528251238168,0.2950727641582489,-0.31795915961265564,4.834839820861816,1.0285636186599731,0
physx,constant_forward,1,1,1533,15.329999657347798,1.0,0.0,0.3291758894920349,0.11602413885180018,-0.028659777599937472,0.2494446039199829,1.0391957759857178,5.2461090087890625,0.6879496574401855,0
physx,constant_forward,1,1,1534,15.339999657124281,1.0,0.0,0.3284507691860199,0.12220554163823659,-0.04140111306017615,0.26620760560035706,0.056494735181331635,5.445568561553955,2.6002817153930664,0
physx,constant_forward,1,1,1535,15.349999656900764,1.0,0.0,0.3290466070175171,0.12122893878908746,-0.034880313812834254,0.29947859048843384,-0.32832708954811096,6.131213665008545,2.4412670135498047,0
physx,constant_forward,1,1,1536,15.359999656677246,1.0,0.0,0.33005523681640625,0.12599327154494916,-0.038266573685679726,0.2926943600177765,-0.3651793301105499,6.911792278289795,1.9200708866119385,0
physx,constant_forward,1,1,1537,15.369999656453729,1.0,0.0,0.33123183250427246,0.13842564774630645,-0.04525194828725086,0.2767878472805023,-0.3504748046398163,6.5023627281188965,0.8314151763916016,0
physx,constant_forward,1,1,1538,15.379999656230211,1.0,0.0,0.33360984921455383,0.13948951699984868,-0.043507034954433116,0.31503164768218994,-0.39034727215766907,5.943871974945068,1.9453445672988892,0
physx,constant_forward,1,1,1539,15.389999656006694,1.0,0.0,0.33615630865097046,0.14465715969088325,-0.053111838247347734,0.3091454803943634,-0.08156019449234009,7.166062831878662,2.3474037647247314,0
physx,constant_forward,1,1,1540,15.399999655783176,1.0,0.0,0.3395926356315613,0.14168657722728695,-0.055620405959497986,0.32220736145973206,0.21912486851215363,6.129281997680664,1.6527141332626343,0
physx,constant_forward,1,1,1541,15.409999655559659,1.0,0.0,0.34321022033691406,0.13191811155002361,-0.05052885282933039,0.3355889618396759,-0.011381878517568111,4.546792984008789,1.8766255378723145,0
physx,constant_forward,1,1,1542,15.419999655336142,1.0,0.0,0.34625256061553955,0.11926156529634249,-0.043457131175016726,0.31529003381729126,0.05588832497596741,3.1163227558135986,2.187767505645752,0
physx,constant_forward,1,1,1543,15.429999655112624,1.0,0.0,0.34822210669517517,0.1096535018708278,-0.03543297154678319,0.27940040826797485,0.13464128971099854,2.211155414581299,1.90461266040802,0
physx,constant_forward,1,1,1544,15.439999654889107,1.0,0.0,0.3489494323730469,0.10432021861292694,-0.02645642070569147,0.24442486464977264,0.16105301678180695,2.4081132411956787,0.518500566482544,0
physx,constant_forward,1,1,1545,15.44999965466559,1.0,0.0,0.3485381603240967,0.10170910511059515,-0.016433332572160494,0.21655422449111938,0.20210802555084229,2.9448025226593018,0.8497239947319031,0
physx,constant_forward,1,1,1546,15.459999654442072,1.0,0.0,0.34708237648010254,0.10076107713475016,-0.006438759754937109,0.187279611825943,0.12768134474754333,3.6631972789764404,0.934537410736084,0
physx,constant_forward,1,1,1547,15.469999654218554,1.0,0.0,0.34468695521354675,0.10106091416492859,0.001757975469386137,0.15894931554794312,0.038355570286512375,3.942171812057495,0.39847898483276367,0
physx,constant_forward,1,1,1548,15.479999653995037,1.0,0.0,0.34158575534820557,0.10204424678102819,0.010080709302220974,0.12836845219135284,0.07345522195100784,4.217355251312256,0.3769192397594452,0
physx,constant_forward,1,1,1549,15.48999965377152,1.0,0.0,0.33799055218696594,0.10233764116082973,0.019044992744324682,0.09752549231052399,0.11519326269626617,4.452822208404541,0.3840222954750061,0
physx,constant_forward,1,1,1550,15.499999653548002,1.0,0.0,0.3339955508708954,0.10098483531137747,0.027764660620228237,0.06239001080393791,0.17021484673023224,4.497617721557617,0.3563452363014221,0
physx,constant_forward,1,1,1551,15.509999653324485,1.0,0.0,0.3296278715133667,0.09763932810719884,0.034020796749475724,0.02505955845117569,0.23150582611560822,4.521592140197754,0.4472452402114868,0
physx,constant_forward,1,1,1552,15.519999653100967,1.0,0.0,0.3251500427722931,0.09184105098037298,0.03930240622519836,-0.005683710798621178,0.11715234071016312,4.5070343017578125,0.41625458002090454,0
physx,constant_forward,1,1,1553,15.52999965287745,1.0,0.0,0.32067495584487915,0.08413504804280429,0.04146552554214996,-0.051074378192424774,0.10974499583244324,4.571647644042969,0.310626745223999,0
physx,constant_forward,1,1,1554,15.539999652653933,1.0,0.0,0.31620359420776367,0.07605032931171826,0.042188767930631706,-0.09228590130805969,0.03317710757255554,4.604114532470703,0.17854125797748566,0
physx,constant_forward,1,1,1555,15.549999652430415,1.0,0.0,0.31194138526916504,0.06745363438989145,0.04210948755064431,-0.13303209841251373,-0.0361948199570179,4.591331958770752,0.13950420916080475,0
physx,constant_forward,1,1,1556,15.559999652206898,1.0,0.0,0.30793726444244385,0.05849161241354857,0.040028767305813194,-0.18436212837696075,-0.010643769055604935,4.623662948608398,0.2107483148574829,0
physx,constant_forward,1,1,1557,15.56999965198338,1.0,0.0,0.3041014075279236,0.05034324333631789,0.03785894411498298,-0.22995460033416748,-0.08191327005624771,4.617622375488281,0.15597723424434662,0
physx,constant_forward,1,1,1558,15.579999651759863,1.0,0.0,0.3005734980106354,0.0420878420862159,0.035013832508549024,-0.2755328416824341,-0.21195216476917267,4.584192752838135,0.21526563167572021,0
physx,constant_forward,1,1,1559,15.589999651536345,1.0,0.0,0.29736605286598206,0.03398479602148259,0.029567891688883283,-0.32858893275260925,-0.2789457142353058,4.532301902770996,0.2270263284444809,0
physx,constant_forward,1,1,1560,15.599999651312828,1.0,0.0,0.29439714550971985,0.027388108864770645,0.023764956229916024,-0.3759729862213135,-0.3629114031791687,4.498867034912109,0.07902521640062332,0
physx,constant_forward,1,1,1561,15.60999965108931,1.0,0.0,0.29181423783302307,0.02110738119898418,0.01753869612270922,-0.4211823642253876,-0.46808332204818726,4.4569525718688965,0.1201399639248848,0
physx,constant_forward,1,1,1562,15.619999650865793,1.0,0.0,0.2897300720214844,0.014335893070215556,0.010906072976224148,-0.4654688239097595,-0.6067323684692383,4.391234874725342,0.13783204555511475,0
physx,constant_forward,1,1,1563,15.629999650642276,1.0,0.0,0.2880943715572357,0.007814228777616273,0.002117813797920283,-0.5153838992118835,-0.657965362071991,4.250508785247803,0.17840684950351715,0
physx,constant_forward,1,1,1564,15.639999650418758,1.0,0.0,0.2867576479911804,0.0032666511745472254,-0.007013216741649338,-0.5592464208602905,-0.7396657466888428,4.0864481925964355,0.20378325879573822,0
physx,constant_forward,1,1,1565,15.649999650195241,1.0,0.0,0.2858332395553589,-0.00039120965876605543,-0.02669880274188649,-0.6437467336654663,-0.44353559613227844,3.827122688293457,0.39165908098220825,0
physx,constant_forward,1,1,1566,15.659999649971724,1.0,0.0,0.2854960858821869,-0.0024435574134360613,-0.02824980344124631,-0.6175130605697632,-0.888860821723938,3.2822651863098145,0.8541721105575562,0
physx,constant_forward,1,1,1567,15.669999649748206,1.0,0.0,0.28546765446662903,-0.002600564196462567,-0.0388312805880497,-0.6523237228393555,-1.0978397130966187,3.406778335571289,2.3508663177490234,0
physx,constant_forward,1,1,1568,15.679999649524689,1.0,0.0,0.28611406683921814,-0.00041839427325925197,-0.05371063156535419,-0.6680457592010498,-1.1761342287063599,3.8448565006256104,1.1588351726531982,0
physx,constant_forward,1,1,1569,15.689999649301171,1.0,0.0,0.2876017689704895,0.005021009202459507,-0.06971210341724339,-0.679399311542511,-1.2339810132980347,4.267941474914551,1.078369379043579,0
physx,constant_forward,1,1,1570,15.699999649077654,1.0,0.0,0.29024362564086914,0.009730676264312663,-0.08131548364506655,-0.6611191034317017,-1.3609603643417358,4.388374328613281,0.6208656430244446,0
physx,constant_forward,1,1,1571,15.709999648854136,1.0,0.0,0.2934657037258148,0.020664098268023845,-0.12979324220383973,-0.6848480105400085,-0.6079168319702148,4.845280170440674,2.3871052265167236,0
physx,constant_forward,1,1,1572,15.719999648630619,1.0,0.0,0.297549843788147,0.0411561184048134,-0.14565172795699924,-0.5738890767097473,-0.5514332056045532,4.256124973297119,1.2402784824371338,0
physx,constant_forward,1,1,1573,15.729999648407102,1.0,0.0,0.3024478852748871,0.06486492315828796,-0.14637916148132363,-0.38413017988204956,0.39570745825767517,5.686586856842041,3.084162712097168,0
physx,constant_forward,1,1,1574,15.739999648183584,1.0,0.0,0.30798614025115967,0.09190270206876651,-0.1398751768695159,-0.19994227588176727,0.23021367192268372,5.27056360244751,1.3620326519012451,0
physx,constant_forward,1,1,1575,15.749999647960067,1.0,0.0,0.3139081597328186,0.11933760464476736,-0.13163094427149058,-0.05713596194982529,0.38183435797691345,5.439836502075195,0.584695041179657,0
physx,constant_forward,1,1,1576,15.75999964773655,1.0,0.0,0.3202223777770996,0.14501073551014101,-0.12223745042374141,0.08019565045833588,0.1433601826429367,5.18989372253418,0.9716025590896606,0
physx,constant_forward,1,1,1577,15.769999647513032,1.0,0.0,0.32672300934791565,0.16702468126042272,-0.11229620197354934,0.18716061115264893,-0.15594562888145447,4.6995768547058105,1.404068946838379,0
physx,constant_forward,1,1,1578,15.779999647289515,1.0,0.0,0.3332207202911377,0.18420484316273733,-0.1040045615917396,0.2736015021800995,-0.38791513442993164,4.75304651260376,0.6429917216300964,0
physx,constant_forward,1,1,1579,15.789999647065997,1.0,0.0,0.3395622968673706,0.19700834982239704,-0.10114685714569029,0.31479039788246155,-0.2954128384590149,4.553900241851807,0.45780447125434875,0
physx,constant_forward,1,1,1580,15.79999964684248,1.0,0.0,0.34573855996131897,0.2071431031923667,-0.10288262129192767,0.33274024724960327,-0.10959620773792267,4.719736576080322,0.5410969257354736,0
physx,constant_forward,1,1,1581,15.809999646618962,1.0,0.0,0.3519349992275238,0.214926413792219,-0.1050649644260508,0.3127814829349518,0.16874144971370697,4.619304656982422,0.77657550573349,0
physx,constant_forward,1,1,1582,15.819999646395445,1.0,0.0,0.3580632209777832,0.22067098078200356,-0.10314239384661418,0.2897026240825653,0.28862446546554565,3.9007763862609863,0.9390755295753479,0
physx,constant_forward,1,1,1583,15.829999646171927,1.0,0.0,0.3637202978134155,0.22516503652402164,-0.09781079301412558,0.2600867748260498,0.3271700143814087,3.211470365524292,0.8949823379516602,0
physx,constant_forward,1,1,1584,15.83999964594841,1.0,0.0,0.36848828196525574,0.2288166718530287,-0.0903583431519587,0.22553464770317078,0.37970811128616333,2.5901803970336914,1.1356233358383179,0
physx,constant_forward,1,1,1585,15.849999645724893,1.0,0.0,0.3720141053199768,0.23121381543649458,-0.0805799866916078,0.18872155249118805,0.43653324246406555,2.7571773529052734,1.0090421438217163,0
physx,constant_forward,1,1,1586,15.859999645501375,1.0,0.0,0.3741178810596466,0.23224272293350273,-0.06848760330854581,0.15161171555519104,0.4546719491481781,3.4386494159698486,0.9742201566696167,0
physx,constant_forward,1,1,1587,15.869999645277858,1.0,0.0,0.3747589886188507,0.2317425506406921,-0.05560598327710009,0.11589588969945908,0.3848702609539032,4.260216236114502,1.060001015663147,0
physx,constant_forward,1,1,1588,15.87999964505434,1.0,0.0,0.3740035891532898,0.228913870256914,-0.04254716670123466,0.08439145237207413,0.2695048451423645,4.805228233337402,0.7033733129501343,0
physx,constant_forward,1,1,1589,15.889999644830823,1.0,0.0,0.3719569146633148,0.2229551366268142,-0.03089951097203289,0.055195052176713943,0.19168008863925934,5.1012349128723145,0.36832836270332336,0
physx,constant_forward,1,1,1590,15.899999644607306,1.0,0.0,0.3687828779220581,0.213397351364852,-0.020800919748769388,0.030779074877500534,0.13052769005298615,5.336673736572266,0.28678590059280396,0
physx,constant_forward,1,1,1591,15.909999644383788,1.0,0.0,0.36467835307121277,0.20040931350646404,-0.011408233169685767,0.009913749992847443,0.10366356372833252,5.433271884918213,0.16527289152145386,0
physx,constant_forward,1,1,1592,15.91999964416027,1.0,0.0,0.3600960969924927,0.18789989504743615,-0.0007412166843022915,-0.010136858560144901,0.27076253294944763,5.390012741088867,0.21562068164348602,0
physx,constant_forward,1,1,1593,15.929999643936753,1.0,0.0,0.35534489154815674,0.17692877003854576,0.0106214078945605,-0.03087342157959938,0.263504296541214,4.991302490234375,1.3932912349700928,0
physx,constant_forward,1,1,1594,15.939999643713236,1.0,0.0,0.35058265924453735,0.1659527381217442,0.018380155047095156,-0.04777848348021507,0.023280184715986252,4.9981231689453125,0.7138527631759644,0
physx,constant_forward,1,1,1595,15.949999643489718,1.0,0.0,0.34595340490341187,0.1551072459616394,0.021826612059586543,-0.07488756626844406,-0.05405285581946373,5.018313884735107,0.9043022394180298,0
physx,constant_forward,1,1,1596,15.959999643266201,1.0,0.0,0.34145599603652954,0.14611686613754546,0.021657770534699333,-0.10236025601625443,-0.15346132218837738,5.12852668762207,0.9849910140037537,0
physx,constant_forward,1,1,1597,15.969999643042684,1.0,0.0,0.33744943141937256,0.13857645358844592,0.020162213831753734,-0.12071940302848816,-0.19158360362052917,5.844769477844238,1.5337845087051392,0
physx,constant_forward,1,1,1598,15.979999642819166,1.0,0.0,0.3343721032142639,0.1333443561032807,0.0173277715154774,-0.12672433257102966,-0.32772988080978394,6.950619220733643,1.7151248455047607,0
physx,constant_forward,1,1,1599,15.989999642595649,1.0,0.0,0.33246177434921265,0.1303209263437876,0.012416896403031513,-0.12685167789459229,-0.5137418508529663,7.8518147468566895,1.3045843839645386,0
physx,constant_forward,1,1,1600,15.999999642372131,1.0,0.0,0.3316342532634735,0.13016498249209796,0.004471221218567261,-0.12416470795869827,-0.7044901847839355,8.194595336914062,1.234864592552185,0
physx,constant_forward,1,1,1601,16.009999642148614,1.0,0.0,0.33171916007995605,0.13462719213596652,-0.005468053043439197,-0.11916134506464005,-0.6910839080810547,7.83811092376709,1.8698573112487793,0
physx,constant_forward,1,1,1602,16.019999641925097,1.0,0.0,0.33263587951660156,0.14317290406672625,-0.014679382369654407,-0.0997314602136612,-0.5361047983169556,7.170302391052246,1.74580717086792,0
physx,constant_forward,1,1,1603,16.02999964170158,1.0,0.0,0.33431610465049744,0.14876278291537437,-0.020004930538423553,-0.05763189122080803,-0.5718618631362915,5.8027873039245605,1.987601399421692,0
physx,constant_forward,1,1,1604,16.03999964147806,1.0,0.0,0.3366815447807312,0.1419750115684491,-0.020709352938696284,-0.03419345244765282,-0.26013511419296265,3.3089911937713623,3.158416509628296,0
physx,constant_forward,1,1,1605,16.049999641254544,1.0,0.0,0.3388780653476715,0.1236055923420168,-0.037855958889073685,-0.08071207255125046,1.4230760335922241,1.9174635410308838,3.2911274433135986,0
physx,constant_forward,1,1,1606,16.059999641031027,1.0,0.0,0.34005606174468994,0.11792271587180826,-0.058963277578660246,-0.013422862626612186,0.5467037558555603,2.7754034996032715,2.0528619289398193,0
physx,constant_forward,1,1,1607,16.06999964080751,1.0,0.0,0.34073665738105774,0.1103677535348018,-0.04853587916423125,0.04339194670319557,0.07450927048921585,1.763667106628418,2.643904209136963,0
physx,constant_forward,1,1,1608,16.079999640583992,1.0,0.0,0.340549498796463,0.10013131715147398,-0.03764543106929235,0.06480740010738373,0.24383266270160675,1.8066966533660889,0.6626219153404236,0
physx,constant_forward,1,1,1609,16.089999640360475,1.0,0.0,0.33922627568244934,0.10113656529461969,-0.029800643006803428,0.05532865598797798,0.13746385276317596,1.5626901388168335,0.9091603755950928,0
physx,constant_forward,1,1,1610,16.099999640136957,1.0,0.0,0.337133526802063,0.10607196809050681,-0.02075136335875371,0.05627435818314552,0.1849319338798523,2.2967112064361572,1.4505646228790283,0
physx,constant_forward,1,1,1611,16.10999963991344,1.0,0.0,0.3343254029750824,0.11063750005557707,-0.012461246002785531,0.05989782512187958,0.2874973714351654,2.1076321601867676,0.45500436425209045,0
physx,constant_forward,1,1,1612,16.119999639689922,1.0,0.0,0.3309115171432495,0.11301431416087036,-0.005515409723062421,0.07945019751787186,0.21584929525852203,1.7138653993606567,0.8723036050796509,0
physx,constant_forward,1,1,1613,16.129999639466405,1.0,0.0,0.32685616612434387,0.11705358177738148,0.004104655160854889,0.20428501069545746,0.2711576223373413,1.869742751121521,1.353471040725708,0
physx,constant_forward,1,1,1614,16.139999639242887,1.0,0.0,0.3230189383029938,0.11118206124357705,0.021841412254759385,0.35403162240982056,0.42494118213653564,2.3313727378845215,1.6460963487625122,0
physx,constant_forward,1,1,1615,16.14999963901937,1.0,0.0,0.3191087245941162,0.1047009726380574,0.04073267164088353,0.45140931010246277,0.5738213658332825,3.6141419410705566,1.7554248571395874,0
physx,constant_forward,1,1,1616,16.159999638795853,1.0,0.0,0.31548792123794556,0.09996544788417527,0.04504311412155456,0.4382423162460327,0.9836746454238892,4.888900279998779,1.5809521675109863,0
physx,constant_forward,1,1,1617,16.169999638572335,1.0,0.0,0.31267547607421875,0.10415852884063041,0.048627707128651755,0.4351174235343933,0.570320725440979,6.010478973388672,1.9335886240005493,0
physx,constant_forward,1,1,1618,16.179999638348818,1.0,0.0,0.3097347319126129,0.12052058604136502,0.03283863034686919,0.4044852554798126,0.27194923162460327,6.670392990112305,1.8657405376434326,0
physx,constant_forward,1,1,1619,16.1899996381253,1.0,0.0,0.3086254596710205,0.12236825649685242,0.03278845451589717,0.422279953956604,-0.38065651059150696,6.8827948570251465,0.5642181634902954,0
physx,constant_forward,1,1,1620,16.199999637901783,1.0,0.0,0.30886194109916687,0.12140214135762477,0.027844200576075003,0.42087453603744507,-0.5714647173881531,7.411393642425537,0.6104010939598083,0
physx,constant_forward,1,1,1621,16.209999637678266,1.0,0.0,0.31049275398254395,0.11746532245066324,0.02015876925269995,0.42835041880607605,-0.4679868519306183,7.825228691101074,1.5973085165023804,0
physx,constant_forward,1,1,1622,16.219999637454748,1.0,0.0,0.3133660554885864,0.1106370692091685,0.012357457962976047,0.4453827142715454,-0.23408354818820953,8.188642501831055,1.8606421947479248,0
physx,constant_forward,1,1,1623,16.22999963723123,1.0,0.0,0.31716468930244446,0.09964164526507945,0.0075000719894225696,0.47338688373565674,0.09770172834396362,7.9897332191467285,1.715415120124817,0
physx,constant_forward,1,1,1624,16.239999637007713,1.0,0.0,0.3214662969112396,0.08462656162949186,0.005901908231749784,0.5013875961303711,0.24771611392498016,6.419777870178223,1.9031007289886475,0
physx,constant_forward,1,1,1625,16.249999636784196,1.0,0.0,0.3255091607570648,0.06803076722116207,0.006948152882743009,0.5089032053947449,0.38655516505241394,3.712264060974121,3.2637076377868652,0
physx,constant_forward,1,1,1626,16.25999963656068,1.0,0.0,0.32871460914611816,0.05449394129930889,0.013643891267065849,0.5030718445777893,0.08130516111850739,2.487318992614746,2.5306546688079834,0
physx,constant_forward,1,1,1627,16.26999963633716,1.0,0.0,0.3308175504207611,0.04779550983690731,0.018446577644822784,0.4683223068714142,0.10132000595331192,2.3036513328552246,1.4170045852661133,0
physx,constant_forward,1,1,1628,16.279999636113644,1.0,0.0,0.3317980170249939,0.047950351920919385,0.023580967465478234,0.43590977787971497,0.19984477758407593,2.8997480869293213,1.1685550212860107,0
physx,constant_forward,1,1,1629,16.289999635890126,1.0,0.0,0.3317096531391144,0.053493327619711976,0.030633057068527883,0.40071168541908264,0.32061851024627686,3.553391456604004,0.7758816480636597,0
physx,constant_forward,1,1,1630,16.29999963566661,1.0,0.0,0.3306155800819397,0.06332355953619115,0.03952160238205164,0.36378413438796997,0.33879998326301575,4.11277961730957,0.6682842969894409,0
physx,constant_forward,1,1,1631,16.30999963544309,1.0,0.0,0.32863134145736694,0.07505222134758828,0.04904190789161707,0.32993224263191223,0.2795064449310303,4.616082191467285,0.7005932331085205,0
physx,constant_forward,1,1,1632,16.319999635219574,1.0,0.0,0.32596707344055176,0.08586346579720325,0.05837305400241527,0.29766133427619934,0.21112458407878876,4.983306407928467,0.48285332322120667,0
physx,constant_forward,1,1,1633,16.329999634996057,1.0,0.0,0.32279396057128906,0.09250615755208871,0.06521025196689,0.2648073732852936,0.07115587592124939,5.310953140258789,0.5988926887512207,0
physx,constant_forward,1,1,1634,16.33999963477254,1.0,0.0,0.319209486246109,0.09615796286727807,0.069053208981356,0.23311856389045715,-0.07572709023952484,4.474006175994873,1.0661882162094116,0
physx,constant_forward,1,1,1635,16.34999963454902,1.0,0.0,0.3155316710472107,0.09911098272266539,0.07498879961969113,0.23791365325450897,-0.9273372292518616,4.3568549156188965,0.5072101950645447,0
physx,constant_forward,1,1,1636,16.359999634325504,1.0,0.0,0.31188398599624634,0.10176874006454786,0.09055096985245893,0.2129514217376709,-1.442878246307373,4.630152702331543,0.8020745515823364,0
physx,constant_forward,1,1,1637,16.369999634101987,1.0,0.0,0.30795398354530334,0.10668824911463355,0.09797928220747286,0.16614960134029388,-1.5501434803009033,4.8773064613342285,0.6838846802711487,0
physx,constant_forward,1,1,1638,16.37999963387847,1.0,0.0,0.30397719144821167,0.11285299969713777,0.0897578253535367,0.09102919697761536,-1.0306257009506226,4.787136554718018,0.33087921142578125,0
physx,constant_forward,1,1,1639,16.389999633654952,1.0,0.0,0.3002873957157135,0.11808920082342271,0.0710331953775006,0.03846367076039314,-0.8573338985443115,4.429678440093994,0.881496250629425,0
physx,constant_forward,1,1,1640,16.399999633431435,1.0,0.0,0.29715049266815186,0.12064615107847806,0.0598954544342628,0.004349072929471731,-0.9333696961402893,4.465264320373535,0.834821343421936,0
physx,constant_forward,1,1,1641,16.409999633207917,1.0,0.0,0.2946016192436218,0.11967639268598002,0.04974181549126603,-0.04647204652428627,-0.8336845636367798,4.446346282958984,0.3126358091831207,0
physx,constant_forward,1,1,1642,16.4199996329844,1.0,0.0,0.29264548420906067,0.115782609259527,0.04002891811222417,-0.09185147285461426,-0.8603855967521667,4.443025588989258,0.3056243658065796,0
physx,constant_forward,1,1,1643,16.429999632760882,1.0,0.0,0.2912276089191437,0.10942236216832048,0.03229916540212206,-0.13502785563468933,-1.0101779699325562,4.460444450378418,0.1452784687280655,0
physx,constant_forward,1,1,1644,16.439999632537365,1.0,0.0,0.2902064919471741,0.10160594539253578,0.019585306157882048,-0.1960068941116333,-0.8385404348373413,4.354883193969727,0.21013705432415009,0
physx,constant_forward,1,1,1645,16.449999632313848,1.0,0.0,0.28938913345336914,0.09425364075180157,0.008524612031060355,-0.24913457036018372,-0.6851375102996826,4.282988548278809,0.4845285415649414,0
physx,constant_forward,1,1,1646,16.45999963209033,1.0,0.0,0.2890602946281433,0.08346639811764613,0.00703859198038041,-0.2526973783969879,-0.9993178248405457,4.270539283752441,0.47645890712738037,0
physx,constant_forward,1,1,1647,16.469999631866813,1.0,0.0,0.28885573148727417,0.07427439850494269,0.01513887543729304,-0.28351810574531555,-1.1937669515609741,4.228431701660156,0.8485963344573975,0
physx,constant_forward,1,1,1648,16.479999631643295,1.0,0.0,0.28791165351867676,0.07572910311167948,0.008032816212224545,-0.3669379949569702,-0.7851564288139343,4.166317462921143,0.27654311060905457,0
physx,constant_forward,1,1,1649,16.489999631419778,1.0,0.0,0.28737834095954895,0.07009563646514123,0.005592989652972792,-0.3946685194969177,-0.6342496871948242,4.021504878997803,1.0773100852966309,0
physx,constant_forward,1,1,1650,16.49999963119626,1.0,0.0,0.2869957685470581,0.0615810888132726,0.00454935524820166,-0.42298421263694763,-0.560982346534729,3.832439422607422,0.6555120348930359,0
physx,constant_forward,1,1,1651,16.509999630972743,1.0,0.0,0.2864179313182831,0.05618587104863909,-0.0005428440573073716,-0.4596257209777832,-0.6517660617828369,3.768998622894287,0.7034880518913269,0
physx,constant_forward,1,1,1652,16.519999630749226,1.0,0.0,0.28628087043762207,0.04542425309094369,-0.003792438905118293,-0.48115092515945435,-0.6631741523742676,3.5234687328338623,0.5307676196098328,0
physx,constant_forward,1,1,1653,16.529999630525708,1.0,0.0,0.286096453666687,0.04038959592888457,-0.010708366011410732,-0.5081648826599121,-0.7844831943511963,3.709954261779785,1.0039138793945312,0
physx,constant_forward,1,1,1654,16.53999963030219,1.0,0.0,0.28661057353019714,0.03176158502729014,-0.03655222548470586,-0.5663895606994629,0.3080065846443176,3.822317600250244,0.5332404375076294,0
physx,constant_forward,1,1,1655,16.549999630078673,1.0,0.0,0.2880038619041443,0.024187171604767185,-0.06092696299337234,-0.5878196358680725,0.7648992538452148,3.1823441982269287,0.9809297323226929,0
physx,constant_forward,1,1,1656,16.559999629855156,1.0,0.0,0.28984546661376953,0.018510757126004737,-0.07762478520820405,-0.5203688740730286,0.29093417525291443,2.667527437210083,0.7491379976272583,0
physx,constant_forward,1,1,1657,16.56999962963164,1.0,0.0,0.29177889227867126,0.020020023530906768,-0.08402332143362821,-0.3818901777267456,0.0811607763171196,3.3548433780670166,1.6419285535812378,0
physx,constant_forward,1,1,1658,16.57999962940812,1.0,0.0,0.2938045561313629,0.027211472007690377,-0.09109193415663912,-0.21175771951675415,0.2088908553123474,3.4648208618164062,0.8245101571083069,0
physx,constant_forward,1,1,1659,16.589999629184604,1.0,0.0,0.29612672328948975,0.03748357653417888,-0.09308642624540683,-0.03541931137442589,-0.06511682271957397,4.166758060455322,0.9093014001846313,0
physx,constant_forward,1,1,1660,16.599999628961086,1.0,0.0,0.29871484637260437,0.05038620010491915,-0.0947727256990972,0.10425698757171631,-0.3794991970062256,5.183975696563721,1.2584203481674194,0
physx,constant_forward,1,1,1661,16.60999962873757,1.0,0.0,0.30160075426101685,0.06551099590955099,-0.0961519785980644,0.2222861349582672,-0.7997485399246216,5.924567699432373,0.9040692448616028,0
physx,constant_forward,1,1,1662,16.61999962851405,1.0,0.0,0.3047924339771271,0.08198005674754301,-0.09941813420099348,0.2869868576526642,-1.3680901527404785,6.490503787994385,0.7159299850463867,0
physx,constant_forward,1,1,1663,16.629999628290534,1.0,0.0,0.30820226669311523,0.09908531286850089,-0.11482969161376956,0.24206635355949402,-0.48426705598831177,6.494901180267334,0.4738158583641052,0
physx,constant_forward,1,1,1664,16.639999628067017,1.0,0.0,0.31212958693504333,0.11334486107026061,-0.1315431947722902,0.27728432416915894,-0.9342811703681946,6.24297571182251,1.299523949623108,0
physx,constant_forward,1,1,1665,16.6499996278435,1.0,0.0,0.31690019369125366,0.11996451656847701,-0.15614571528781904,0.23731130361557007,0.618944525718689,6.714630603790283,0.8909929990768433,0
physx,constant_forward,1,1,1666,16.65999962761998,1.0,0.0,0.3217564523220062,0.13217215061456447,-0.17395075010754818,0.20696274936199188,1.7792389392852783,6.307724475860596,1.4443753957748413,0
physx,constant_forward,1,1,1667,16.669999627396464,1.0,0.0,0.3278959393501282,0.12748810649169326,-0.1818959425983585,0.30235129594802856,0.07062745094299316,5.301527976989746,2.0818915367126465,0
physx,constant_forward,1,1,1668,16.679999627172947,1.0,0.0,0.3343173563480377,0.12852275783982298,-0.1760206533301045,0.2766989469528198,-0.1038278266787529,7.1961894035339355,2.917310953140259,0
physx,constant_forward,1,1,1669,16.68999962694943,1.0,0.0,0.34086787700653076,0.11895761944642863,-0.19628858670623495,0.27392488718032837,1.221326470375061,5.369544506072998,2.3625707626342773,0
physx,constant_forward,1,1,1670,16.699999626725912,1.0,0.0,0.3468770384788513,0.11895532788951349,-0.2044962558741622,0.19395862519741058,2.8960788249969482,6.052667617797852,3.3722939491271973,0
physx,constant_forward,1,1,1671,16.709999626502395,1.0,0.0,0.3519841432571411,0.11330849793784746,-0.20392429587435804,0.2509171664714813,0.3045371472835541,2.952423095703125,3.9912943840026855,0
physx,constant_forward,1,1,1672,16.719999626278877,1.0,0.0,0.3558102250099182,0.10395491411969841,-0.19328858354964043,0.17955434322357178,-0.19934462010860443,2.7834432125091553,2.0261013507843018,0
physx,constant_forward,1,1,1673,16.72999962605536,1.0,0.0,0.357998251914978,0.10018455436501458,-0.18674518470383103,0.1138981282711029,-0.016527198255062103,2.28820538520813,1.1359062194824219,0
physx,constant_forward,1,1,1674,16.739999625831842,1.0,0.0,0.3595278561115265,0.09661629114473932,-0.16833400180131075,0.08968272060155869,-0.3134078085422516,2.135352373123169,1.2250404357910156,0
physx,constant_forward,1,1,1675,16.749999625608325,1.0,0.0,0.3593270480632782,0.10363920189808169,-0.1545382583629545,-0.04497986286878586,1.8715038299560547,2.723402976989746,1.2720167636871338,0
physx,constant_forward,1,1,1676,16.759999625384808,1.0,0.0,0.3577815294265747,0.09971819907601691,-0.16235251260169623,-0.057202406227588654,1.946601152420044,3.5274317264556885,2.111523389816284,0
physx,constant_forward,1,1,1677,16.76999962516129,1.0,0.0,0.35494697093963623,0.09220004950390005,-0.16797953103390642,-0.19983626902103424,4.633051872253418,3.5059401988983154,1.117168664932251,0
physx,constant_forward,1,1,1678,16.779999624937773,1.0,0.0,0.3510184586048126,0.07301043373240095,-0.20934119193013428,-0.265388160943985,5.323855400085449,4.0638837814331055,2.4388184547424316,0
physx,constant_forward,1,1,1679,16.789999624714255,1.0,0.0,0.347267210483551,0.053541102990013544,-0.18901583159582586,-0.18810975551605225,1.548262357711792,4.557626724243164,1.1212748289108276,0
physx,constant_forward,1,1,1680,16.799999624490738,1.0,0.0,0.3427392244338989,0.04181963574588326,-0.14969570351570574,-0.24597907066345215,0.6117284893989563,3.8234245777130127,2.672041177749634,0
physx,constant_forward,1,1,1681,16.80999962426722,1.0,0.0,0.3378663659095764,0.027871268263788447,-0.1371378371506468,-0.29926246404647827,0.2381826490163803,3.982426643371582,1.5370595455169678,0
physx,constant_forward,1,1,1682,16.819999624043703,1.0,0.0,0.3331702649593353,0.012951825995715071,-0.13233793697649418,-0.3415229916572571,0.2642531394958496,4.057410717010498,1.5111613273620605,0
physx,constant_forward,1,1,1683,16.829999623820186,1.0,0.0,0.3288007378578186,-0.0012185649573805623,-0.12866385446819664,-0.383388876914978,0.22743670642375946,4.255254745483398,0.5540276765823364,0
physx,constant_forward,1,1,1684,16.83999962359667,1.0,0.0,0.3246843218803406,-0.012834858065958634,-0.12545977779188272,-0.42226001620292664,0.1012115329504013,3.578202724456787,0.8084082007408142,0
physx,constant_forward,1,1,1685,16.84999962337315,1.0,0.0,0.3207809627056122,-0.021199900566514274,-0.12394347611177296,-0.45270073413848877,-0.14645057916641235,3.3875532150268555,0.6938120722770691,0
physx,constant_forward,1,1,1686,16.859999623149633,1.0,0.0,0.3170628249645233,-0.026359719432793936,-0.12524504046452734,-0.48597079515457153,-0.34573569893836975,3.870513916015625,0.9049196839332581,0
physx,constant_forward,1,1,1687,16.869999622926116,1.0,0.0,0.31348374485969543,-0.028632680321823308,-0.12662992011772856,-0.5161934494972229,-0.5275673270225525,4.162905216217041,0.6944948434829712,0
physx,constant_forward,1,1,1688,16.8799996227026,1.0,0.0,0.30986738204956055,-0.02925916886244278,-0.13209426527896045,-0.5562365055084229,-0.36264532804489136,3.8902502059936523,0.6243784427642822,0
physx,constant_forward,1,1,1689,16.88999962247908,1.0,0.0,0.3062460720539093,-0.027108946419884167,-0.12906706846991708,-0.5592767000198364,-0.7227397561073303,3.7603490352630615,0.924959659576416,0
physx,constant_forward,1,1,1690,16.899999622255564,1.0,0.0,0.3027835488319397,-0.029796560850846185,-0.15662106550959476,-0.537721574306488,0.9660894870758057,4.4825615882873535,1.0219545364379883,0
physx,constant_forward,1,1,1691,16.909999622032046,1.0,0.0,0.30003225803375244,-0.028426189020511805,-0.15615287011271345,-0.3894857168197632,0.45130041241645813,3.712937593460083,3.1230945587158203,0
physx,constant_forward,1,1,1692,16.91999962180853,1.0,0.0,0.2977471649646759,-0.02211744231670275,-0.15009178219052915,-0.2179197520017624,0.5192177891731262,3.0003859996795654,1.5531290769577026,0
physx,constant_forward,1,1,1693,16.92999962158501,1.0,0.0,0.2958853840827942,-0.012174877267122072,-0.14362534182826564,-0.044323939830064774,0.4529730975627899,3.4298720359802246,0.95849609375,0
physx,constant_forward,1,1,1694,16.939999621361494,1.0,0.0,0.294545978307724,0.0002513464221905506,-0.1365109505003321,0.13342389464378357,0.5136726498603821,3.373624801635742,1.0829118490219116,0
physx,constant_forward,1,1,1695,16.949999621137977,1.0,0.0,0.29377463459968567,0.015106165894422607,-0.1265359897755037,0.2656274437904358,0.10553465783596039,3.786343574523926,0.997940182685852,0
physx,constant_forward,1,1,1696,16.95999962091446,1.0,0.0,0.29348766803741455,0.03399522824338788,-0.11901975397315093,0.31373849511146545,-0.7035346627235413,4.533318519592285,1.3765337467193604,0
physx,constant_forward,1,1,1697,16.969999620690942,1.0,0.0,0.29354992508888245,0.0539113303542973,-0.12568564445390637,0.276123583316803,-0.26180723309516907,4.844608306884766,0.6826390624046326,0
physx,constant_forward,1,1,1698,16.979999620467424,1.0,0.0,0.2943132221698761,0.06775163819070408,-0.13325071036243066,0.3067725896835327,-1.0016618967056274,4.750184535980225,1.783267617225647,0
physx,constant_forward,1,1,1699,16.989999620243907,1.0,0.0,0.2957525849342346,0.078890143007545,-0.1356935223140429,0.28504133224487305,-0.6205699443817139,5.904868125915527,1.4572629928588867,0
physx,constant_forward,1,1,1700,16.99999962002039,1.0,0.0,0.2982167601585388,0.08221826288926533,-0.14313831582420228,0.31697580218315125,-0.7231056690216064,6.521971225738525,1.6033298969268799,0
physx,constant_forward,1,1,1701,17.009999619796872,1.0,0.0,0.30169814825057983,0.08408893038224699,-0.14727583274876233,0.3199365735054016,-0.5358118414878845,7.134732723236084,1.787528395652771,0
physx,constant_forward,1,1,1702,17.019999619573355,1.0,0.0,0.30574703216552734,0.08782517894258313,-0.16054961074004892,0.2898932695388794,0.4433704614639282,7.0914835929870605,0.8010352253913879,0
physx,constant_forward,1,1,1703,17.029999619349837,1.0,0.0,0.3107955753803253,0.09187047195100025,-0.156988740619641,0.31736040115356445,0.07374496757984161,7.108971118927002,0.8358383178710938,0
physx,constant_forward,1,1,1704,17.03999961912632,1.0,0.0,0.3167714476585388,0.0916425660052406,-0.15294789441265755,0.34151917695999146,-0.07963022589683533,6.774933815002441,2.0570826530456543,0
physx,constant_forward,1,1,1705,17.049999618902802,1.0,0.0,0.3235135078430176,0.08727960116795487,-0.15532275791219566,0.35886484384536743,0.12273336201906204,6.794519901275635,0.21048596501350403,0
physx,constant_forward,1,1,1706,17.059999618679285,1.0,0.0,0.33083537220954895,0.0857144580213317,-0.14931528303095612,0.3647896349430084,-0.30700045824050903,7.180619239807129,3.119133234024048,0
physx,constant_forward,1,1,1707,17.069999618455768,1.0,0.0,0.33799540996551514,0.08353321113812552,-0.14344072307360328,0.34409210085868835,0.010396570898592472,3.9084227085113525,3.665130376815796,0
physx,constant_forward,1,1,1708,17.07999961823225,1.0,0.0,0.3442579209804535,0.07655893638574088,-0.14054520758234818,0.30743032693862915,0.29650864005088806,2.3570826053619385,3.062598943710327,0
physx,constant_forward,1,1,1709,17.089999618008733,1.0,0.0,0.3491787016391754,0.06752496506007688,-0.1320108786079985,0.2640773355960846,0.15703018009662628,1.8992935419082642,1.3527165651321411,0
physx,constant_forward,1,1,1710,17.099999617785215,1.0,0.0,0.35231250524520874,0.060125367913422545,-0.1263894605997037,0.20313064754009247,0.4038136601448059,2.15138578414917,0.5514820218086243,0
physx,constant_forward,1,1,1711,17.109999617561698,1.0,0.0,0.35361236333847046,0.054370937656688226,-0.1216745078138617,0.1738174557685852,0.2118341624736786,2.8251330852508545,1.3929951190948486,0
physx,constant_forward,1,1,1712,17.11999961733818,1.0,0.0,0.3535846769809723,0.056119236052326306,-0.11216946791007386,0.1485053300857544,-0.3195870518684387,3.218755006790161,1.3227843046188354,0
physx,constant_forward,1,1,1713,17.129999617114663,1.0,0.0,0.3526356518268585,0.06480575450294586,-0.09434243830264134,0.09405326843261719,-0.2632006108760834,3.3422625064849854,0.9065865278244019,0
physx,constant_forward,1,1,1714,17.139999616891146,1.0,0.0,0.35052821040153503,0.0743609636418023,-0.08591706847635265,0.044780075550079346,-0.05656436085700989,3.5277206897735596,0.8872537612915039,0
physx,constant_forward,1,1,1715,17.14999961666763,1.0,0.0,0.34710440039634705,0.0868061940141653,-0.08149065006696467,-0.0635245144367218,1.9246710538864136,3.269904613494873,1.0001373291015625,0
physx,constant_forward,1,1,1716,17.15999961644411,1.0,0.0,0.34362325072288513,0.08307950345193976,-0.08518471991387266,-0.0288462582975626,1.3391531705856323,3.7825329303741455,1.2621564865112305,0
physx,constant_forward,1,1,1717,17.169999616220593,1.0,0.0,0.3391609489917755,0.08434811088949302,-0.06877176821317049,-0.04109662026166916,0.27247846126556396,3.266216278076172,1.6849772930145264,0
physx,constant_forward,1,1,1718,17.179999615997076,1.0,0.0,0.3344428837299347,0.08398067104058536,-0.04400575488908301,-0.0605398453772068,-0.21273507177829742,3.354828119277954,0.7533010244369507,0
physx,constant_forward,1,1,1719,17.18999961577356,1.0,0.0,0.3295353949069977,0.07520356561964339,-0.031963973255636546,-0.08291782438755035,0.04300182685256004,4.3427839279174805,1.382200837135315,0
physx,constant_forward,1,1,1720,17.19999961555004,1.0,0.0,0.3239153325557709,0.07469928051864672,-0.02908544473491015,-0.14033173024654388,-0.08586634695529938,4.246260166168213,1.6411231756210327,0
physx,constant_forward,1,1,1721,17.209999615326524,1.0,0.0,0.3186241388320923,0.06975395992189858,-0.02025217006090482,-0.16662150621414185,-0.09817148000001907,5.063234329223633,1.8736613988876343,0
physx,constant_forward,1,1,1722,17.219999615103006,1.0,0.0,0.313505083322525,0.060878747766875525,-0.01592673141584158,-0.20079900324344635,-0.039539530873298645,4.963597297668457,1.3690009117126465,0
physx,constant_forward,1,1,1723,17.22999961487949,1.0,0.0,0.3091551959514618,0.04548685154663918,-0.046671129509585296,-0.2710806131362915,0.8887990713119507,5.31040096282959,1.2981610298156738,0
physx,constant_forward,1,1,1724,17.23999961465597,1.0,0.0,0.3060961961746216,0.03527795696282426,-0.04489516501923127,-0.26812636852264404,0.2008843719959259,5.452404022216797,2.7850112915039062,0
physx,constant_forward,1,1,1725,17.249999614432454,1.0,0.0,0.30370762944221497,0.029006605146034342,-0.041564117573839675,-0.282531201839447,-0.10979451984167099,5.476728439331055,2.853302001953125,0
physx,constant_forward,1,1,1726,17.259999614208937,1.0,0.0,0.3022753894329071,0.023165601097758497,-0.043709737350667154,-0.29474592208862305,-0.11673703044652939,5.82765007019043,1.1218105554580688,0
physx,constant_forward,1,1,1727,17.26999961398542,1.0,0.0,0.3019222021102905,0.019353984264988924,-0.048335029615281806,-0.29887479543685913,-0.02199283242225647,6.057882785797119,0.6334934830665588,0
physx,constant_forward,1,1,1728,17.279999613761902,1.0,0.0,0.30264490842819214,0.019235815273941855,-0.05457862852630314,-0.2930896282196045,0.013122554868459702,6.352640628814697,0.707850456237793,0
physx,constant_forward,1,1,1729,17.289999613538384,1.0,0.0,0.30431991815567017,0.022273334366997008,-0.06224952030365443,-0.2777669131755829,-0.09126100689172745,6.357669830322266,0.5642518401145935,0
physx,constant_forward,1,1,1730,17.299999613314867,1.0,0.0,0.306781142950058,0.02743525269837404,-0.07027432232200745,-0.2562542259693146,-0.11976123601198196,6.319660663604736,0.7751069068908691,0
physx,constant_forward,1,1,1731,17.30999961309135,1.0,0.0,0.30991291999816895,0.03325292449844613,-0.07887060026623707,-0.22805148363113403,-0.211674302816391,6.746550559997559,1.067847728729248,0
physx,constant_forward,1,1,1732,17.319999612867832,1.0,0.0,0.31359174847602844,0.03922702664821823,-0.08757640108192337,-0.1988155096769333,-0.23069852590560913,6.996936798095703,0.8575659990310669,0
physx,constant_forward,1,1,1733,17.329999612644315,1.0,0.0,0.3176881670951843,0.04527703043039075,-0.09572348830714737,-0.16932718455791473,-0.24001877009868622,7.075756072998047,0.6156496405601501,0
physx,constant_forward,1,1,1734,17.339999612420797,1.0,0.0,0.3221772611141205,0.051429093332714414,-0.10086664060642522,-0.1367444097995758,-0.10604850947856903,6.401175022125244,0.8398769497871399,0
physx,constant_forward,1,1,1735,17.34999961219728,1.0,0.0,0.32702237367630005,0.057119699054904896,-0.10214865077029224,-0.10221125930547714,0.0015330202877521515,5.188665390014648,1.340544581413269,0
physx,constant_forward,1,1,1736,17.359999611973763,1.0,0.0,0.3318680226802826,0.06193227928062444,-0.10066895521271742,-0.08662015199661255,0.01832856610417366,3.4019391536712646,1.9819239377975464,0
physx,constant_forward,1,1,1737,17.369999611750245,1.0,0.0,0.3361652195453644,0.0669399090357932,-0.09736821294402273,-0.0905848816037178,0.02999197691679001,1.890955924987793,2.157047748565674,0
physx,constant_forward,1,1,1738,17.379999611526728,1.0,0.0,0.33947616815567017,0.07257601830725662,-0.09340695986596578,-0.10448889434337616,0.051493048667907715,1.7447327375411987,1.5977410078048706,0
physx,constant_forward,1,1,1739,17.38999961130321,1.0,0.0,0.3416813910007477,0.0770635882980115,-0.08891808810751771,-0.12742313742637634,0.01238764263689518,2.151291847229004,1.1212376356124878,0
physx,constant_forward,1,1,1740,17.399999611079693,1.0,0.0,0.34296128153800964,0.07906988923178446,-0.08498170093494284,-0.14963190257549286,-0.00421952223405242,2.184328556060791,0.5187203288078308,0
physx,constant_forward,1,1,1741,17.409999610856175,1.0,0.0,0.3436385691165924,0.07801859694927886,-0.08022854997474045,-0.16903826594352722,0.05812055990099907,2.202314615249634,0.39524298906326294,0
physx,constant_forward,1,1,1742,17.419999610632658,1.0,0.0,0.34392791986465454,0.07394466794460258,-0.0746807346351436,-0.19048015773296356,0.15090033411979675,2.3493809700012207,0.41725727915763855,0
physx,constant_forward,1,1,1743,17.42999961040914,1.0,0.0,0.34394609928131104,0.06662670679702812,-0.06933470759594305,-0.21836355328559875,0.30845606327056885,2.548901319503784,0.5680856704711914,0
physx,constant_forward,1,1,1744,17.439999610185623,1.0,0.0,0.34418803453445435,0.053102503775742084,-0.06060732859845292,-0.22287417948246002,0.24432368576526642,2.38895845413208,1.1396738290786743,0
physx,constant_forward,1,1,1745,17.449999609962106,1.0,0.0,0.3440522253513336,0.049473366541179786,-0.054675790331131326,-0.2289157509803772,0.01925315149128437,2.6290078163146973,2.2181782722473145,0
physx,constant_forward,1,1,1746,17.45999960973859,1.0,0.0,0.3435972034931183,0.05827003311615602,-0.052572584141123944,-0.23316793143749237,0.14036095142364502,4.2325639724731445,1.9333997964859009,0
physx,constant_forward,1,1,1747,17.46999960951507,1.0,0.0,0.3429368734359741,0.07998968528444364,-0.052440341580057184,-0.24944347143173218,0.31476157903671265,5.555701732635498,1.5454201698303223,0
physx,constant_forward,1,1,1748,17.479999609291553,1.0,0.0,0.3427349030971527,0.09990629355415657,-0.053170679145269635,-0.23009586334228516,0.07460512965917587,5.923812389373779,1.898883581161499,0
physx,constant_forward,1,1,1749,17.489999609068036,1.0,0.0,0.3428748846054077,0.12013069343191517,-0.05493712064740544,-0.22609218955039978,-0.2053232192993164,6.001507759094238,0.6448370814323425,0
physx,constant_forward,1,1,1750,17.49999960884452,1.0,0.0,0.3433326482772827,0.13748880113752676,-0.05996495222808252,-0.22000402212142944,-0.32533302903175354,5.919150352478027,1.198522925376892,0
physx,constant_forward,1,1,1751,17.509999608621,1.0,0.0,0.3441962003707886,0.1483462695841428,-0.06606525042581723,-0.2041964828968048,-0.321172833442688,5.861124515533447,1.4137687683105469,0
physx,constant_forward,1,1,1752,17.519999608397484,1.0,0.0,0.3455261290073395,0.1521097992915525,-0.07185666135181751,-0.1796114146709442,-0.2821933627128601,5.918459892272949,0.9463787078857422,0
physx,constant_forward,1,1,1753,17.529999608173966,1.0,0.0,0.3474455773830414,0.1504308153107463,-0.07482080400700511,-0.15191730856895447,-0.12510946393013,5.636009216308594,0.7125267386436462,0
physx,constant_forward,1,1,1754,17.53999960795045,1.0,0.0,0.3499778211116791,0.14439006498303017,-0.07517301278735639,-0.12294252961874008,0.004704446066170931,4.735001564025879,1.060374140739441,0
physx,constant_forward,1,1,1755,17.54999960772693,1.0,0.0,0.35259297490119934,0.1357396580796625,-0.07733621815995904,-0.09579895436763763,0.04886047542095184,2.3110618591308594,2.5761067867279053,0
physx,constant_forward,1,1,1756,17.559999607503414,1.0,0.0,0.3542748689651489,0.13324619232174834,-0.07895370039092423,-0.09292170405387878,-0.11750360578298569,2.9811885356903076,3.110055685043335,0
physx,constant_forward,1,1,1757,17.569999607279897,1.0,0.0,0.35462313890457153,0.13716666354810075,-0.07981026979331546,-0.09275707602500916,-0.26817581057548523,2.5507237911224365,1.4588485956192017,0
physx,constant_forward,1,1,1758,17.57999960705638,1.0,0.0,0.35372474789619446,0.14435902034882817,-0.08127550847930329,-0.10069382935762405,-0.24325881898403168,2.1457457542419434,0.9820201992988586,0
physx,constant_forward,1,1,1759,17.589999606832862,1.0,0.0,0.35194048285484314,0.15158919639786436,-0.08078404619118892,-0.10589057952165604,-0.062282074242830276,2.0471951961517334,0.4132896661758423,0
physx,constant_forward,1,1,1760,17.599999606609344,1.0,0.0,0.34960946440696716,0.156993825911887,-0.07872407657916226,-0.11073806881904602,0.10302340984344482,2.0183842182159424,0.40647631883621216,0
physx,constant_forward,1,1,1761,17.609999606385827,1.0,0.0,0.3470059633255005,0.16038153543692044,-0.08072039168441363,-0.15729694068431854,0.947060763835907,1.970504641532898,0.5240377187728882,0
physx,constant_forward,1,1,1762,17.61999960616231,1.0,0.0,0.3446701765060425,0.1583313777455794,-0.08307064139517108,-0.1415226310491562,0.6813738346099854,1.9755315780639648,1.1364392042160034,0
physx,constant_forward,1,1,1763,17.629999605938792,1.0,0.0,0.3427622318267822,0.15133899889510502,-0.07829196605046562,-0.14374597370624542,0.5193053483963013,1.6443544626235962,0.8880043625831604,0
physx,constant_forward,1,1,1764,17.639999605715275,1.0,0.0,0.3413658142089844,0.14289822522345802,-0.05864095481096315,-0.13564063608646393,-0.03758908435702324,1.7455737590789795,1.0921381711959839,0
physx,constant_forward,1,1,1765,17.649999605491757,1.0,0.0,0.33948948979377747,0.1346067450140877,-0.0498795797933801,-0.15033458173274994,0.4329061508178711,1.5721139907836914,0.7044118046760559,0
physx,constant_forward,1,1,1766,17.65999960526824,1.0,0.0,0.33714374899864197,0.12719827169949355,-0.03960659210012813,-0.14674046635627747,0.48973292112350464,1.4195789098739624,0.5254364013671875,0
physx,constant_forward,1,1,1767,17.669999605044723,1.0,0.0,0.33420324325561523,0.11996397401990119,-0.03408200612644736,-0.10339673608541489,0.05730966478586197,1.3174090385437012,0.2720648944377899,0
physx,constant_forward,1,1,1768,17.679999604821205,1.0,0.0,0.33095961809158325,0.1209632737066204,-0.02384244731236612,-0.0784875825047493,0.08806618303060532,2.5491037368774414,2.370600700378418,0
physx,constant_forward,1,1,1769,17.689999604597688,1.0,0.0,0.3277025818824768,0.12605902987948045,-0.019351992686979052,-0.023312900215387344,-0.009968778118491173,2.459934949874878,1.300499677658081,0
physx,constant_forward,1,1,1770,17.69999960437417,1.0,0.0,0.3246249258518219,0.13396242047082857,-0.01560777111625521,0.005070112179964781,-0.08198010921478271,3.1592981815338135,0.9509215950965881,0
physx,constant_forward,1,1,1771,17.709999604150653,1.0,0.0,0.32202208042144775,0.13895524191471095,-0.01452563495813207,-0.0016826929058879614,-0.26506608724594116,2.734612226486206,1.0022245645523071,0
physx,constant_forward,1,1,1772,17.719999603927135,1.0,0.0,0.31961679458618164,0.1408338979646657,-0.012194471028835053,3.958377055823803e-05,-0.27407604455947876,1.6598206758499146,1.5286346673965454,0
physx,constant_forward,1,1,1773,17.729999603703618,1.0,0.0,0.31723153591156006,0.1397665909792325,-0.009661625383974531,-0.0002968513872474432,-0.22026076912879944,1.4606629610061646,0.9945715665817261,0
physx,constant_forward,1,1,1774,17.7399996034801,1.0,0.0,0.3147253394126892,0.13698199103589348,-0.007334117649169813,0.00345102371647954,-0.10112413763999939,1.699723482131958,0.5082306265830994,0
physx,constant_forward,1,1,1775,17.749999603256583,1.0,0.0,0.3121364414691925,0.13318754040350986,-0.004002408693887758,0.01122044213116169,0.024288639426231384,1.7706514596939087,0.36939284205436707,0
physx,constant_forward,1,1,1776,17.759999603033066,1.0,0.0,0.3094744086265564,0.127994778009656,-0.00024280636518538007,0.02528304234147072,0.10043233633041382,1.7327944040298462,0.4568761885166168,0
physx,constant_forward,1,1,1777,17.76999960280955,1.0,0.0,0.30678680539131165,0.12204053674233295,0.005674717099389438,0.03999188169836998,0.20447228848934174,1.8096038103103638,0.4927498400211334,0
physx,constant_forward,1,1,1778,17.77999960258603,1.0,0.0,0.3040708005428314,0.11552161897434328,0.011455645231629199,0.053808148950338364,0.18850906193256378,2.0261330604553223,0.6640469431877136,0
physx,constant_forward,1,1,1779,17.789999602362514,1.0,0.0,0.3013780117034912,0.10870342764829609,0.016598802696242154,0.06327453255653381,0.19046840071678162,2.0896034240722656,0.19679369032382965,0
physx,constant_forward,1,1,1780,17.799999602138996,1.0,0.0,0.29876983165740967,0.1018677046459828,0.021002694617506347,0.07152997702360153,0.17172455787658691,2.2576119899749756,0.22795778512954712,0
physx,constant_forward,1,1,1781,17.80999960191548,1.0,0.0,0.29656660556793213,0.09096521356513093,0.022501436192419903,0.07310442626476288,0.35749223828315735,2.4045839309692383,0.34216225147247314,0
physx,constant_forward,1,1,1782,17.81999960169196,1.0,0.0,0.29458534717559814,0.08964619030072978,0.023511354953121528,0.070118248462677,0.19444119930267334,3.4984381198883057,2.3145108222961426,0
physx,constant_forward,1,1,1783,17.829999601468444,1.0,0.0,0.29386529326438904,0.09014785500881303,0.022846047353461133,0.06772802025079727,-0.04278779402375221,4.250683784484863,0.9569408297538757,0
physx,constant_forward,1,1,1784,17.839999601244926,1.0,0.0,0.29470163583755493,0.0916728506003114,0.021773048738444527,0.06664660573005676,-0.11518538743257523,4.699484348297119,0.6465767025947571,0
physx,constant_forward,1,1,1785,17.84999960102141,1.0,0.0,0.29527735710144043,0.10948845538273633,0.018697854159802667,0.06192031130194664,-0.5428181886672974,4.417525768280029,0.8189378976821899,0
physx,constant_forward,1,1,1786,17.85999960079789,1.0,0.0,0.2968062162399292,0.11618568838742886,0.010927442277979708,0.06288815289735794,-0.4512724280357361,3.7428245544433594,1.4818068742752075,0
physx,constant_forward,1,1,1787,17.869999600574374,1.0,0.0,0.2987787127494812,0.12960816159879093,0.016655153906569298,0.09140525758266449,-1.3497003316879272,4.507475852966309,1.3863986730575562,0
physx,constant_forward,1,1,1788,17.879999600350857,1.0,0.0,0.30074092745780945,0.13943632388631735,0.012721507394312215,0.07553866505622864,-0.7805114984512329,4.336611747741699,1.3931562900543213,0
physx,constant_forward,1,1,1789,17.88999960012734,1.0,0.0,0.30259329080581665,0.15841682276266014,0.026734857268286033,0.1269473135471344,-2.1441903114318848,4.60630464553833,1.2906830310821533,0
physx,constant_forward,1,1,1790,17.899999599903822,1.0,0.0,0.3047923445701599,0.16618448656910106,0.02806276215091506,0.0945773795247078,-1.2714554071426392,4.042119979858398,0.9729739427566528,0
physx,constant_forward,1,1,1791,17.909999599680305,1.0,0.0,0.30711615085601807,0.17166950764065217,0.015397877800874517,0.10919312387704849,-0.8367591500282288,4.539458274841309,1.302940845489502,0
physx,constant_forward,1,1,1792,17.919999599456787,1.0,0.0,0.30999135971069336,0.17785022639138157,0.00497781660939446,0.12490348517894745,-0.45962226390838623,4.293600082397461,1.2672502994537354,0
physx,constant_forward,1,1,1793,17.92999959923327,1.0,0.0,0.31348156929016113,0.18465070661753416,-0.003663941651339886,0.1428227722644806,-0.20953436195850372,4.293375492095947,0.49265924096107483,0
physx,constant_forward,1,1,1794,17.939999599009752,1.0,0.0,0.3174979090690613,0.1915895778101463,-0.0117302337960912,0.1620350331068039,-0.09849483519792557,4.0687255859375,0.6461796164512634,0
physx,constant_forward,1,1,1795,17.949999598786235,1.0,0.0,0.3220187723636627,0.1989885793558287,-0.018569247681895544,0.18311139941215515,-0.030750388279557228,4.091994762420654,0.4592512845993042,0
physx,constant_forward,1,1,1796,17.959999598562717,1.0,0.0,0.32695239782333374,0.2060361780102948,-0.02542137388202311,0.20236220955848694,-0.02685488574206829,3.9389381408691406,0.49233517050743103,0
physx,constant_forward,1,1,1797,17.9699995983392,1.0,0.0,0.3322814702987671,0.21324217566972684,-0.030531540543814233,0.21696172654628754,-0.13322137296199799,3.9434144496917725,0.6121477484703064,0
physx,constant_forward,1,1,1798,17.979999598115683,1.0,0.0,0.3380007743835449,0.21659231964789966,-0.0317261283306423,0.2292184978723526,-0.17206420004367828,2.979598045349121,1.679834246635437,0
physx,constant_forward,1,1,1799,17.989999597892165,1.0,0.0,0.34378552436828613,0.21330895890438878,-0.03119700959101274,0.22936879098415375,-0.1724676489830017,2.737229347229004,1.3100225925445557,0
physx,constant_forward,1,1,1800,17.999999597668648,1.0,0.0,0.34922584891319275,0.20376506384481569,-0.028428226942316528,0.2237640768289566,-0.17521102726459503,2.3179783821105957,1.130159854888916,0
physx,constant_forward,1,1,1801,18.00999959744513,1.0,0.0,0.3540167808532715,0.1897894022241622,-0.023145876231314987,0.2148531973361969,-0.24694398045539856,2.0096962451934814,0.8872632384300232,0
physx,constant_forward,1,1,1802,18.019999597221613,1.0,0.0,0.3582552969455719,0.17051563525507665,-0.013781051036598945,0.21901732683181763,-0.23563309013843536,2.2801918983459473,1.286962628364563,0
physx,constant_forward,1,1,1803,18.029999596998096,1.0,0.0,0.3613100051879883,0.16563310183504434,-0.008597717951256929,0.19280914962291718,-0.2787603735923767,3.6107571125030518,2.0695066452026367,0
physx,constant_forward,1,1,1804,18.039999596774578,1.0,0.0,0.3633165955543518,0.16505692655729767,-0.017930647375275197,0.19868019223213196,0.5830408930778503,2.5712060928344727,2.1475157737731934,0
physx,constant_forward,1,1,1805,18.04999959655106,1.0,0.0,0.36549249291419983,0.14579760702696856,-0.007842325676398414,0.3674512207508087,0.6420955061912537,1.9009158611297607,1.6734668016433716,0
physx,constant_forward,1,1,1806,18.059999596327543,1.0,0.0,0.36719760298728943,0.1280636593108912,0.007371564228723751,0.43458297848701477,0.15670253336429596,3.064960241317749,1.6986191272735596,0
physx,constant_forward,1,1,1807,18.069999596104026,1.0,0.0,0.36776870489120483,0.12283372846578028,0.020675411561699136,0.42730194330215454,0.1582024097442627,2.752206325531006,0.7556864619255066,0
physx,constant_forward,1,1,1808,18.07999959588051,1.0,0.0,0.36717119812965393,0.1258734085860557,0.030830728065168393,0.41994985938072205,0.22579115629196167,2.3926751613616943,0.786903440952301,0
physx,constant_forward,1,1,1809,18.08999959565699,1.0,0.0,0.3656681478023529,0.13199650185229483,0.04072502110839102,0.4187960922718048,0.2836994230747223,1.8959012031555176,1.13564932346344,0
physx,constant_forward,1,1,1810,18.099999595433474,1.0,0.0,0.36354967951774597,0.13983189943275764,0.051299202972973,0.41984280943870544,0.401533842086792,3.2735276222229004,1.551438331604004,0
physx,constant_forward,1,1,1811,18.109999595209956,1.0,0.0,0.3611169755458832,0.14672867529106337,0.06083186617590241,0.42077451944351196,0.3727409243583679,4.950831413269043,1.9222725629806519,0
physx,constant_forward,1,1,1812,18.11999959498644,1.0,0.0,0.35867470502853394,0.15239531788635058,0.06897115453604138,0.42561057209968567,0.21163682639598846,6.418840408325195,1.5865577459335327,0
physx,constant_forward,1,1,1813,18.12999959476292,1.0,0.0,0.3563610017299652,0.15821231296166924,0.07645682440912963,0.4282982349395752,0.14604701101779938,7.881754398345947,1.5322577953338623,0
physx,constant_forward,1,1,1814,18.139999594539404,1.0,0.0,0.35407695174217224,0.1641990224029424,0.08052246697515739,0.42888516187667847,0.27526119351387024,8.094761848449707,0.8382278680801392,0
physx,constant_forward,1,1,1815,18.149999594315886,1.0,0.0,0.35181179642677307,0.17025168518751083,0.08562890224501035,0.43707549571990967,0.2716413140296936,8.067188262939453,0.9320144057273865,0
physx,constant_forward,1,1,1816,18.15999959409237,1.0,0.0,0.34949278831481934,0.1761529860310951,0.09154288732517074,0.4437008798122406,0.2563875913619995,7.80116605758667,0.39413967728614807,0
physx,constant_forward,1,1,1817,18.16999959386885,1.0,0.0,0.347042441368103,0.18132709007069936,0.09817202840333074,0.45067504048347473,0.24960948526859283,7.381793975830078,0.4763525128364563,0
physx,constant_forward,1,1,1818,18.179999593645334,1.0,0.0,0.34439247846603394,0.1850396174213372,0.10486863179899691,0.45676353573799133,0.23797757923603058,7.072760581970215,0.3797623813152313,0
physx,constant_forward,1,1,1819,18.189999593421817,1.0,0.0,0.34155789017677307,0.1876108586635649,0.11100809681909872,0.4616312086582184,0.22184474766254425,7.1439595222473145,0.24707002937793732,0
physx,constant_forward,1,1,1820,18.1999995931983,1.0,0.0,0.3386005163192749,0.18914604982618924,0.11611470075759524,0.4649799168109894,0.1826140284538269,7.315378189086914,0.40760329365730286,0
physx,constant_forward,1,1,1821,18.209999592974782,1.0,0.0,0.3355869650840759,0.18937730368928493,0.12069409852100038,0.46646517515182495,0.15305103361606598,7.431936740875244,0.43827348947525024,0
physx,constant_forward,1,1,1822,18.219999592751265,1.0,0.0,0.33258605003356934,0.18869340661654913,0.12490050067025579,0.46361663937568665,0.1181996688246727,7.324260234832764,0.5370718240737915,0
physx,constant_forward,1,1,1823,18.229999592527747,1.0,0.0,0.3296821117401123,0.18829397219531782,0.1288789067099235,0.4553016722202301,0.09779791533946991,7.077637195587158,0.5612861514091492,0
physx,constant_forward,1,1,1824,18.23999959230423,1.0,0.0,0.3270006477832794,0.1893496309029631,0.13173208291529048,0.437915176153183,0.014768490567803383,6.945723533630371,0.7708133459091187,0
physx,constant_forward,1,1,1825,18.249999592080712,1.0,0.0,0.3246051073074341,0.19111067300341497,0.1320021465543907,0.4122510552406311,-0.10687552392482758,6.767158031463623,0.6924603581428528,0
physx,constant_forward,1,1,1826,18.259999591857195,1.0,0.0,0.32243600487709045,0.1920528025513799,0.12931097579934758,0.38548099994659424,-0.41305840015411377,6.480005264282227,0.5062070488929749,0
physx,constant_forward,1,1,1827,18.269999591633677,1.0,0.0,0.3205604553222656,0.19207304211315035,0.1245925804152134,0.3463890254497528,-0.31091663241386414,6.444656848907471,0.6634783744812012,0
physx,constant_forward,1,1,1828,18.27999959141016,1.0,0.0,0.31879377365112305,0.1912476153644199,0.11776110382268887,0.3062792122364044,-0.3068627119064331,5.8198676109313965,1.1517813205718994,0
physx,constant_forward,1,1,1829,18.289999591186643,1.0,0.0,0.3168376386165619,0.18967000549658827,0.107791091245644,0.2619619369506836,-0.3627317249774933,5.185076713562012,1.0421497821807861,0
physx,constant_forward,1,1,1830,18.299999590963125,1.0,0.0,0.31453827023506165,0.18762865144227667,0.09645529896393483,0.21618972718715668,-0.348839670419693,4.899562835693359,0.5761536955833435,0
physx,constant_forward,1,1,1831,18.309999590739608,1.0,0.0,0.3120032250881195,0.18549431852422446,0.08547413886192001,0.16739828884601593,-0.2823425233364105,4.898395538330078,0.3413289189338684,0
physx,constant_forward,1,1,1832,18.31999959051609,1.0,0.0,0.30931201577186584,0.18262358889796337,0.076396301237372,0.11728882789611816,-0.2279587686061859,4.937606334686279,0.2469739019870758,0
physx,constant_forward,1,1,1833,18.329999590292573,1.0,0.0,0.3065192997455597,0.17854000552417376,0.06863360379867812,0.06728456169366837,-0.23378302156925201,4.990201950073242,0.12167469412088394,0
physx,constant_forward,1,1,1834,18.339999590069056,1.0,0.0,0.30366069078445435,0.17295246336594047,0.059294583826100554,0.01208464801311493,-0.24282486736774445,5.023372173309326,0.11958268284797668,0
physx,constant_forward,1,1,1835,18.349999589845538,1.0,0.0,0.3007510304450989,0.1662467875272355,0.05024083504945104,-0.03864647448062897,-0.36275535821914673,5.027620315551758,0.36366990208625793,0
physx,constant_forward,1,1,1836,18.35999958962202,1.0,0.0,0.2979716956615448,0.15871269828089457,0.04050317459982622,-0.09188149869441986,-0.3768002986907959,5.015341758728027,0.39384615421295166,0
physx,constant_forward,1,1,1837,18.369999589398503,1.0,0.0,0.29541102051734924,0.14995658467895787,0.030236373667458877,-0.14752164483070374,-0.40617042779922485,5.020820617675781,0.27226096391677856,0
physx,constant_forward,1,1,1838,18.379999589174986,1.0,0.0,0.29307493567466736,0.1407472883016388,0.020180039753467997,-0.19795683026313782,-0.4787049889564514,5.058270454406738,0.31752222776412964,0
physx,constant_forward,1,1,1839,18.38999958895147,1.0,0.0,0.2909940183162689,0.1318812712818636,0.010540355964076209,-0.24738045036792755,-0.49701347947120667,5.134210109710693,0.2753005921840668,0
physx,constant_forward,1,1,1840,18.39999958872795,1.0,0.0,0.2892759442329407,0.12337732425966977,0.0019448903405829918,-0.2881682515144348,-0.5984706878662109,5.188028335571289,0.24675118923187256,0
physx,constant_forward,1,1,1841,18.409999588504434,1.0,0.0,0.28813737630844116,0.1141393701792718,-0.0059014915777011465,-0.3269117772579193,-0.7112208604812622,5.109031677246094,0.20016758143901825,0
physx,constant_forward,1,1,1842,18.419999588280916,1.0,0.0,0.2874475419521332,0.10565092596504483,-0.014615742406269035,-0.3623344600200653,-0.8051888346672058,5.086552143096924,0.19698618352413177,0
physx,constant_forward,1,1,1843,18.4299995880574,1.0,0.0,0.2873590588569641,0.09732997116717226,-0.024125005697790934,-0.39554324746131897,-0.882325291633606,5.0562663078308105,0.2075367122888565,0
physx,constant_forward,1,1,1844,18.43999958783388,1.0,0.0,0.28783077001571655,0.08990625513085534,-0.036348542116499315,-0.4322107136249542,-0.8478893041610718,5.035965442657471,0.3208976984024048,0
physx,constant_forward,1,1,1845,18.449999587610364,1.0,0.0,0.2885988652706146,0.08617678192094555,-0.04890914626405492,-0.4452173113822937,-0.8357314467430115,5.28018856048584,0.627312421798706,0
physx,constant_forward,1,1,1846,18.459999587386847,1.0,0.0,0.289715439081192,0.08519688271960167,-0.0603587816689682,-0.4530743956565857,-0.8450841903686523,5.559769153594971,0.7489995360374451,0
physx,constant_forward,1,1,1847,18.46999958716333,1.0,0.0,0.2912312150001526,0.08621573687004519,-0.07165996861680542,-0.452730655670166,-0.8106080889701843,5.908350944519043,0.6303545236587524,0
physx,constant_forward,1,1,1848,18.47999958693981,1.0,0.0,0.2931528091430664,0.08948428725883316,-0.08319583449647568,-0.4461458921432495,-0.8228480815887451,6.1700921058654785,0.5398696064949036,0
physx,constant_forward,1,1,1849,18.489999586716294,1.0,0.0,0.2954617142677307,0.09532418306646454,-0.09569802863015345,-0.4351082444190979,-0.8861268758773804,6.249757766723633,0.42947089672088623,0
physx,constant_forward,1,1,1850,18.499999586492777,1.0,0.0,0.298106849193573,0.10326940761237798,-0.1094617263564265,-0.4198678731918335,-0.9450732469558716,6.171227931976318,0.3249965012073517,0
physx,constant_forward,1,1,1851,18.50999958626926,1.0,0.0,0.3010218143463135,0.1128674539395653,-0.12413396817536902,-0.39813151955604553,-0.9749361276626587,5.915909767150879,0.48449578881263733,0
physx,constant_forward,1,1,1852,18.519999586045742,1.0,0.0,0.3041853606700897,0.12434509662848171,-0.13948687033924978,-0.37085822224617004,-1.0202583074569702,5.658731460571289,0.5823931097984314,0
physx,constant_forward,1,1,1853,18.529999585822225,1.0,0.0,0.3072526156902313,0.1422408314911687,-0.15874951312260815,-0.34848710894584656,-0.9201164245605469,5.310725212097168,0.6979421973228455,0
physx,constant_forward,1,1,1854,18.539999585598707,1.0,0.0,0.3108728229999542,0.15839354736148267,-0.16274052274660078,-0.3195863962173462,-0.5185394883155823,5.720926284790039,3.306812047958374,0
physx,constant_forward,1,1,1855,18.54999958537519,1.0,0.0,0.3148306608200073,0.17717859213496287,-0.16347665875051434,-0.28430870175361633,-0.3203246295452118,5.6816277503967285,1.1315433979034424,0
physx,constant_forward,1,1,1856,18.559999585151672,1.0,0.0,0.31912627816200256,0.19491172792268857,-0.16556593144432336,-0.2784790098667145,0.17261500656604767,5.410008907318115,1.0757111310958862,0
physx,constant_forward,1,1,1857,18.569999584928155,1.0,0.0,0.3238501250743866,0.20928163604901162,-0.1651933067566398,-0.27501949667930603,0.4396017789840698,4.928215503692627,1.0238701105117798,0
physx,constant_forward,1,1,1858,18.579999584704638,1.0,0.0,0.3288937211036682,0.22195898390262933,-0.16122267512406752,-0.29021182656288147,0.5420950055122375,4.359823226928711,0.8904881477355957,0
physx,constant_forward,1,1,1859,18.58999958448112,1.0,0.0,0.3339322507381439,0.23410310771658488,-0.15630590478479514,-0.3160335421562195,0.4932534396648407,3.5314719676971436,1.0488582849502563,0
physx,constant_forward,1,1,1860,18.599999584257603,1.0,0.0,0.33865484595298767,0.24617345366760868,-0.15182393011628492,-0.3450137674808502,0.3741322457790375,2.9002256393432617,0.8573613166809082,0
physx,constant_forward,1,1,1861,18.609999584034085,1.0,0.0,0.3429127335548401,0.25758836975606136,-0.1475464494246014,-0.3718189299106598,0.2884271442890167,2.5024478435516357,0.5050115585327148,0
physx,constant_forward,1,1,1862,18.619999583810568,1.0,0.0,0.3466137647628784,0.2684302477544306,-0.14357955404152645,-0.4007149934768677,0.1967887431383133,2.5117034912109375,0.3097173273563385,0
physx,constant_forward,1,1,1863,18.62999958358705,1.0,0.0,0.3497169613838196,0.2793690428892743,-0.14008391632289996,-0.42975521087646484,0.09898757934570312,2.830857038497925,0.39762991666793823,0
physx,constant_forward,1,1,1864,18.639999583363533,1.0,0.0,0.3523397445678711,0.29046752805907017,-0.13669615081540712,-0.4577007591724396,0.03352109715342522,3.0358407497406006,0.4757148325443268,0
physx,constant_forward,1,1,1865,18.649999583140016,1.0,0.0,0.3547266125679016,0.30121437752959496,-0.13339087528589194,-0.4833334684371948,0.014008201658725739,3.915950298309326,1.2353118658065796,0
physx,constant_forward,1,1,1866,18.659999582916498,1.0,0.0,0.3572840988636017,0.31175730101001126,-0.1296997102641837,-0.5049881339073181,0.047847528010606766,5.113831520080566,1.4868708848953247,0
physx,constant_forward,1,1,1867,18.66999958269298,1.0,0.0,0.36026731133461,0.3219592066610987,-0.1267725442823646,-0.524505615234375,0.04263534024357796,5.822842121124268,0.8418658375740051,0
physx,constant_forward,1,1,1868,18.679999582469463,1.0,0.0,0.3636704385280609,0.3306547549601401,-0.12559806023147796,-0.5416763424873352,0.024664897471666336,5.9568023681640625,0.64039546251297,0
physx,constant_forward,1,1,1869,18.689999582245946,1.0,0.0,0.36743563413619995,0.3373037976386217,-0.12565793480706794,-0.5533868074417114,0.09939732402563095,6.270375728607178,1.151985764503479,0
physx,constant_forward,1,1,1870,18.69999958202243,1.0,0.0,0.37187865376472473,0.3392958290169916,-0.13869140670056715,-0.6022924780845642,2.249302387237549,7.060632705688477,1.566196322441101,0
physx,constant_forward,1,1,1871,18.70999958179891,1.0,0.0,0.37658196687698364,0.34115409438128513,-0.14961340108242424,-0.5035455822944641,0.5257261991500854,6.939718246459961,3.1658437252044678,0
physx,constant_forward,1,1,1872,18.719999581575394,1.0,0.0,0.3825855255126953,0.33142776155760406,-0.13456243470730328,-0.5051891207695007,1.181573748588562,7.7603960037231445,4.3900604248046875,0
physx,constant_forward,1,1,1873,18.729999581351876,1.0,0.0,0.3891451954841614,0.32841797308336473,-0.13424847993796377,-0.5217410922050476,1.6202383041381836,7.096240043640137,1.935051441192627,0
physx,constant_forward,1,1,1874,18.73999958112836,1.0,0.0,0.39551201462745667,0.3313522531785352,-0.12563490169538333,-0.5088476538658142,0.9733485579490662,4.634591579437256,2.8749442100524902,0
physx,constant_forward,1,1,1875,18.74999958090484,1.0,0.0,0.4007042646408081,0.33593674115514616,-0.11383794805782087,-0.5182186961174011,-0.032333213835954666,2.109902858734131,5.192231178283691,0
physx,constant_forward,1,1,1876,18.759999580681324,1.0,0.0,0.4040835499763489,0.3246946757592917,-0.11015963275501123,-0.531844437122345,0.5460037589073181,3.09635853767395,2.0002634525299072,0
physx,constant_forward,1,1,1877,18.769999580457807,1.0,0.0,0.40540611743927,0.3239208492865366,-0.06727942770764309,-0.41861119866371155,-4.025102138519287,2.86163067817688,1.8746639490127563,0
physx,constant_forward,1,1,1878,18.77999958023429,1.0,0.0,0.40386083722114563,0.3308192764098898,-0.0487558602646494,-0.49308308959007263,-1.8963161706924438,2.547963857650757,2.529805898666382,0
physx,constant_forward,1,1,1879,18.78999958001077,1.0,0.0,0.400820255279541,0.33592609849085747,-0.05433738779388347,-0.4938434362411499,-1.2670620679855347,2.7158162593841553,2.1322414875030518,0
physx,constant_forward,1,1,1880,18.799999579787254,1.0,0.0,0.39612877368927,0.35396820942227686,-0.008146679627518966,-0.37540754675865173,-4.298776149749756,1.9749575853347778,1.3161953687667847,0
physx,constant_forward,1,1,1881,18.809999579563737,1.0,0.0,0.3900127112865448,0.35927278513931193,0.0016966496656206352,-0.4132140874862671,-2.6677401065826416,2.1276028156280518,0.7206060290336609,0
physx,constant_forward,1,1,1882,18.81999957934022,1.0,0.0,0.38173675537109375,0.3701622952945151,-0.00840290466847265,-0.4310348629951477,-1.9247024059295654,2.584937810897827,1.9296441078186035,0
physx,constant_forward,1,1,1883,18.829999579116702,1.0,0.0,0.3724817633628845,0.3697544102708627,-0.02197516371871711,-0.435950368642807,-1.0415654182434082,1.969681978225708,1.5315881967544556,0
physx,constant_forward,1,1,1884,18.839999578893185,1.0,0.0,0.3633098900318146,0.3664246673539584,-0.030461815488109736,-0.4400106370449066,-0.9077619314193726,3.18607497215271,2.633928060531616,0
physx,constant_forward,1,1,1885,18.849999578669667,1.0,0.0,0.35438546538352966,0.3677836203588668,-0.03824393884519876,-0.4452363848686218,-0.8848028182983398,3.736358642578125,1.2316694259643555,0
physx,constant_forward,1,1,1886,18.85999957844615,1.0,0.0,0.345941424369812,0.37156803088869145,-0.044592287764630874,-0.4474993646144867,-1.1318104267120361,3.54874587059021,1.7350172996520996,0
physx,constant_forward,1,1,1887,18.869999578222632,1.0,0.0,0.33802950382232666,0.3763431451724363,-0.05151374235755413,-0.45018211007118225,-1.3096072673797607,4.262235641479492,1.9691303968429565,0
physx,constant_forward,1,1,1888,18.879999577999115,1.0,0.0,0.33050301671028137,0.3862534246455313,-0.056789518243106,-0.4491250514984131,-2.02750563621521,5.312233924865723,2.046764373779297,0
physx,constant_forward,1,1,1889,18.889999577775598,1.0,0.0,0.3233228325843811,0.3902788688929695,-0.06819376683123847,-0.4419494867324829,-2.34187388420105,5.158880710601807,1.503608226776123,0
physx,constant_forward,1,1,1890,18.89999957755208,1.0,0.0,0.31991252303123474,0.343325653697428,-0.055193936669412344,0.02036796510219574,-1.011494517326355,4.736008644104004,0.7033079862594604,0
physx,constant_forward,1,1,1891,18.909999577328563,1.0,0.0,0.3198421001434326,0.3012814995237849,-0.0012806081849225724,0.17780396342277527,-3.273252487182617,5.541057586669922,4.9215803146362305,0
physx,constant_forward,1,1,1892,18.919999577105045,1.0,0.0,0.3190699815750122,0.296150971331974,-0.02692537221454417,0.07654661685228348,-2.015296220779419,1.789505958557129,5.226680755615234,0
physx,constant_forward,1,1,1893,18.929999576881528,1.0,0.0,0.31839001178741455,0.29525132542619104,-0.04894278546083242,0.07047272473573685,-1.3838483095169067,2.986664295196533,2.3002030849456787,0
physx,constant_forward,1,1,1894,18.93999957665801,1.0,0.0,0.3174322247505188,0.29707579950026014,-0.06483037652723472,0.07294956594705582,-0.8646849393844604,2.7236483097076416,1.6883398294448853,0
physx,constant_forward,1,1,1895,18.949999576434493,1.0,0.0,0.31665608286857605,0.29393240446068586,-0.05067970606972637,0.0077756792306900024,0.10181277245283127,2.539170026779175,1.6207126379013062,0
physx,constant_forward,1,1,1896,18.959999576210976,1.0,0.0,0.31517258286476135,0.2872735679708398,-0.056708493324068916,-0.0066183870658278465,0.6462017297744751,3.777062177658081,2.193892240524292,0
physx,constant_forward,1,1,1897,18.96999957598746,1.0,0.0,0.31372013688087463,0.27654722706708407,-0.058670329300214964,-0.031586289405822754,1.065444827079773,3.3814218044281006,1.519680142402649,0
physx,constant_forward,1,1,1898,18.97999957576394,1.0,0.0,0.31250709295272827,0.26566707873727413,-0.058184293868376126,-0.054138071835041046,1.3636434078216553,3.7616302967071533,0.7383806705474854,0
physx,constant_forward,1,1,1899,18.989999575540423,1.0,0.0,0.31189650297164917,0.2502239579627704,-0.05405737883810989,-0.02192738838493824,1.7019169330596924,3.782181978225708,1.6261115074157715,0
physx,constant_forward,1,1,1900,18.999999575316906,1.0,0.0,0.31188949942588806,0.2369535293547845,-0.05139275007194581,-0.00377286272123456,1.4596699476242065,4.774225234985352,2.307055950164795,0
physx,constant_forward,1,1,1901,19.00999957509339,1.0,0.0,0.3123321235179901,0.2322004525460484,-0.053756155620565904,0.031167805194854736,0.8715611100196838,5.136749267578125,0.8359887003898621,0
physx,constant_forward,1,1,1902,19.01999957486987,1.0,0.0,0.31283673644065857,0.23300054552579924,-0.05978137432684815,0.012152671813964844,0.9400894045829773,4.420044422149658,1.3140615224838257,0
physx,constant_forward,1,1,1903,19.029999574646354,1.0,0.0,0.3131224811077118,0.23458316552488173,-0.06695864151714843,0.020506426692008972,0.8970702886581421,4.377773284912109,0.8485708832740784,0
physx,constant_forward,1,1,1904,19.039999574422836,1.0,0.0,0.31310582160949707,0.23514895479055725,-0.07377891942504487,0.025807343423366547,1.0445560216903687,4.338553428649902,0.5015171766281128,0
physx,constant_forward,1,1,1905,19.04999957419932,1.0,0.0,0.31245607137680054,0.23081671652919816,-0.07770436236412276,0.031207961961627007,0.9348572492599487,3.9923958778381348,0.5459097623825073,0
physx,constant_forward,1,1,1906,19.0599995739758,1.0,0.0,0.31170639395713806,0.22476082172327336,-0.06321675610660897,0.1433936208486557,-0.836067259311676,4.0757880210876465,1.340537428855896,0
physx,constant_forward,1,1,1907,19.069999573752284,1.0,0.0,0.3112596273422241,0.21659632864966702,-0.047066816501079474,0.20524543523788452,-1.1908257007598877,4.518877029418945,2.422025203704834,0
physx,constant_forward,1,1,1908,19.079999573528767,1.0,0.0,0.3105241656303406,0.21231256019459066,-0.03979066101983433,0.2591906189918518,-0.8796790242195129,5.495797157287598,1.0718039274215698,0
physx,constant_forward,1,1,1909,19.08999957330525,1.0,0.0,0.3096942901611328,0.21052281890234667,-0.029496432477660695,0.3196362257003784,-1.2514524459838867,5.424545764923096,0.5163550972938538,0
physx,constant_forward,1,1,1910,19.099999573081732,1.0,0.0,0.308771014213562,0.2093527144494339,-0.0197779694907218,0.35641705989837646,-1.689670443534851,4.969600677490234,0.6907342076301575,0
physx,constant_forward,1,1,1911,19.109999572858214,1.0,0.0,0.3077937066555023,0.20846353944713786,-0.01088609878219448,0.38840195536613464,-1.2145256996154785,4.860323429107666,0.42405256628990173,0
physx,constant_forward,1,1,1912,19.119999572634697,1.0,0.0,0.306597501039505,0.21274672400872086,-0.021248661966366107,0.3357957601547241,0.07531393319368362,4.92705774307251,0.4418148696422577,0
physx,constant_forward,1,1,1913,19.12999957241118,1.0,0.0,0.30526062846183777,0.2212349015936123,-0.03747532534403051,0.3200331926345825,0.6703740954399109,4.84306001663208,0.896518886089325,0
physx,constant_forward,1,1,1914,19.139999572187662,1.0,0.0,0.30400824546813965,0.22490083674243647,-0.018365102497865236,0.4977118968963623,-2.7147860527038574,4.7251200675964355,0.47722408175468445,0
physx,constant_forward,1,1,1915,19.149999571964145,1.0,0.0,0.3024023473262787,0.21382546792033041,-0.01077848115922268,0.45151978731155396,-0.497480183839798,3.2040622234344482,2.8091626167297363,0
physx,constant_forward,1,1,1916,19.159999571740627,1.0,0.0,0.29998651146888733,0.21878935737215152,-0.0014118394332871156,0.4324689507484436,-2.0096991062164307,4.521270751953125,2.512463092803955,0
physx,constant_forward,1,1,1917,19.16999957151711,1.0,0.0,0.2971419095993042,0.22198634470468717,-0.011789406030052341,0.3589777648448944,-0.6260685324668884,3.2750983238220215,2.947319746017456,0
physx,constant_forward,1,1,1918,19.179999571293592,1.0,0.0,0.29433631896972656,0.2207503088318774,-0.02626226912564262,0.3521207869052887,-0.07059838622808456,3.00365948677063,1.5959266424179077,0
physx,constant_forward,1,1,1919,19.189999571070075,1.0,0.0,0.29193300008773804,0.21385740676902198,-0.024965267471857937,0.37196671962738037,-0.32634437084198,2.517947196960449,0.9971537590026855,0
physx,constant_forward,1,1,1920,19.199999570846558,1.0,0.0,0.2899245619773865,0.20361423909996829,-0.015550432894043056,0.38125723600387573,-0.4294750988483429,2.0063765048980713,0.6801342964172363,0
physx,constant_forward,1,1,1921,19.20999957062304,1.0,0.0,0.2881472110748291,0.19142033494921207,-0.00722815337353938,0.371866911649704,-0.2840493619441986,2.039259672164917,0.4992416501045227,0
physx,constant_forward,1,1,1922,19.219999570399523,1.0,0.0,0.2864498496055603,0.17896107035223902,-0.0061357070308873515,0.34546130895614624,0.8120789527893066,1.9158110618591309,0.6258102059364319,0
physx,constant_forward,1,1,1923,19.229999570176005,1.0,0.0,0.285480260848999,0.16774723499645688,-0.008642498516631104,0.33077800273895264,0.7500756978988647,3.3509864807128906,3.371514081954956,0
physx,constant_forward,1,1,1924,19.239999569952488,1.0,0.0,0.2858906686306,0.15855222151251977,-0.00851312470661443,0.32949379086494446,0.527552604675293,4.328927040100098,1.1808671951293945,0
physx,constant_forward,1,1,1925,19.24999956972897,1.0,0.0,0.2875608205795288,0.1521105404166666,-0.007572950452803543,0.3326038122177124,0.18682947754859924,3.8354365825653076,0.7420905828475952,0
physx,constant_forward,1,1,1926,19.259999569505453,1.0,0.0,0.29010310769081116,0.15030743645242087,-0.01000786424839727,0.32352951169013977,0.2463715523481369,3.61405873298645,0.7079006433486938,0
physx,constant_forward,1,1,1927,19.269999569281936,1.0,0.0,0.29283881187438965,0.15861755724055202,-0.014930669214989867,0.31988173723220825,-0.1594511866569519,3.5692503452301025,0.7509604692459106,0
physx,constant_forward,1,1,1928,19.27999956905842,1.0,0.0,0.2956942915916443,0.1597206650534497,-0.015699246300103473,0.3220827877521515,-0.47067198157310486,2.8079583644866943,3.1843905448913574,0
physx,constant_forward,1,1,1929,19.2899995688349,1.0,0.0,0.2980751395225525,0.15805439074701094,-0.012803337101197304,0.2984253466129303,-0.14802198112010956,2.243760108947754,1.0804458856582642,0
physx,constant_forward,1,1,1930,19.299999568611383,1.0,0.0,0.29985541105270386,0.15481076569385238,-0.015215411322482263,0.27583903074264526,0.22509171068668365,2.254390001296997,0.27879202365875244,0
physx,constant_forward,1,1,1931,19.309999568387866,1.0,0.0,0.30117836594581604,0.14852430855502155,-0.0150246758146237,0.26607224345207214,0.3872147798538208,2.178236246109009,0.5586398839950562,0
physx,constant_forward,1,1,1932,19.31999956816435,1.0,0.0,0.3021167814731598,0.13869135048238887,-0.009019482378322079,0.2605397701263428,0.374784916639328,1.9683833122253418,0.5944485664367676,0
physx,constant_forward,1,1,1933,19.32999956794083,1.0,0.0,0.30271756649017334,0.12782523655749528,0.0020312180431257226,0.2597521245479584,0.2167801707983017,1.7463040351867676,0.494423508644104,0
physx,constant_forward,1,1,1934,19.339999567717314,1.0,0.0,0.3027843236923218,0.11738111632591332,0.012114908757195264,0.25514349341392517,0.2646631896495819,1.801010251045227,0.37859010696411133,0
physx,constant_forward,1,1,1935,19.349999567493796,1.0,0.0,0.30242401361465454,0.11445606792593327,0.015278605568413936,0.2308284193277359,0.2422725260257721,2.2471671104431152,2.3850479125976562,0
physx,constant_forward,1,1,1936,19.35999956727028,1.0,0.0,0.3023759722709656,0.11785480804914143,0.012383295342120015,0.21713344752788544,0.2240462601184845,3.0320260524749756,1.371023178100586,0
physx,constant_forward,1,1,1937,19.36999956704676,1.0,0.0,0.3030620217323303,0.12215125468068201,0.008122813626763807,0.21176116168498993,0.1854402869939804,3.7426350116729736,0.9676064848899841,0
physx,constant_forward,1,1,1938,19.379999566823244,1.0,0.0,0.3045836389064789,0.1271665065413817,0.0013652161210353825,0.20638318359851837,0.01535065844655037,4.139288902282715,0.7694888114929199,0
physx,constant_forward,1,1,1939,19.389999566599727,1.0,0.0,0.3068842887878418,0.13445009561669258,-0.007639121845732529,0.20543314516544342,-0.12968185544013977,3.8082330226898193,0.6403003931045532,0
physx,constant_forward,1,1,1940,19.39999956637621,1.0,0.0,0.30984142422676086,0.14329714640468846,-0.01761066128812228,0.2083798050880432,-0.1473393738269806,3.3360795974731445,0.653775155544281,0
physx,constant_forward,1,1,1941,19.409999566152692,1.0,0.0,0.3131800591945648,0.15227884478899587,-0.028187058138598488,0.21022047102451324,-0.03485007956624031,2.6381022930145264,1.0931873321533203,0
physx,constant_forward,1,1,1942,19.419999565929174,1.0,0.0,0.3163319528102875,0.1644226308016394,-0.03630204119203449,0.23279374837875366,-0.6860731840133667,2.259033203125,0.8151137232780457,0
physx,constant_forward,1,1,1943,19.429999565705657,1.0,0.0,0.3191588222980499,0.16379000917621422,-0.038011843671541506,0.2755306363105774,-0.21176500618457794,2.116684675216675,2.0388920307159424,0
physx,constant_forward,1,1,1944,19.43999956548214,1.0,0.0,0.3213481903076172,0.15752655683835012,-0.03516172364547682,0.2822212874889374,0.016567200422286987,1.7390927076339722,0.7966484427452087,0
physx,constant_forward,1,1,1945,19.449999565258622,1.0,0.0,0.3229355216026306,0.149389531676236,-0.03108093343278513,0.2757199704647064,0.2100387066602707,1.5785492658615112,0.4243214428424835,0
physx,constant_forward,1,1,1946,19.459999565035105,1.0,0.0,0.32399797439575195,0.14035039808953476,-0.024331888538424502,0.27249467372894287,0.22298859059810638,1.4510993957519531,0.5012730360031128,0
physx,constant_forward,1,1,1947,19.469999564811587,1.0,0.0,0.32456058263778687,0.1303385833499203,-0.013942104689265218,0.26719385385513306,0.16413772106170654,1.5966508388519287,0.6853837370872498,0
physx,constant_forward,1,1,1948,19.47999956458807,1.0,0.0,0.3246813714504242,0.12054599641210745,-0.002819807626588786,0.2571144104003906,0.2015322595834732,1.8463678359985352,0.7572070360183716,0
physx,constant_forward,1,1,1949,19.489999564364552,1.0,0.0,0.32447293400764465,0.11094702389997362,0.008947433519981384,0.24876266717910767,0.1493043452501297,2.4391725063323975,0.8171423673629761,0
physx,constant_forward,1,1,1950,19.499999564141035,1.0,0.0,0.3240059018135071,0.10293766372249828,0.01880831506388711,0.23650643229484558,0.21433335542678833,2.8953421115875244,0.6626476049423218,0
physx,constant_forward,1,1,1951,19.509999563917518,1.0,0.0,0.3233661353588104,0.0972287700049051,0.024962273307867888,0.22615490853786469,0.2004939168691635,3.288980007171631,0.698200523853302,0
physx,constant_forward,1,1,1952,19.519999563694,1.0,0.0,0.32281580567359924,0.09406490740825484,0.028550436320580474,0.21756243705749512,0.07471343874931335,4.284783840179443,1.3898626565933228,0
physx,constant_forward,1,1,1953,19.529999563470483,1.0,0.0,0.3227224051952362,0.09302940167146488,0.028144941522630217,0.20926165580749512,-0.1032615378499031,5.507519721984863,1.4524766206741333,0
physx,constant_forward,1,1,1954,19.539999563246965,1.0,0.0,0.323405921459198,0.09249060212992492,0.020208508723155938,0.20529912412166595,-0.10117986798286438,6.657098293304443,1.3769137859344482,0
physx,constant_forward,1,1,1955,19.549999563023448,1.0,0.0,0.3250011205673218,0.09466169565823684,0.008658588007552898,0.20412003993988037,-0.2190026491880417,6.927713394165039,1.788002610206604,0
physx,constant_forward,1,1,1956,19.55999956279993,1.0,0.0,0.3274872303009033,0.09927930410202124,-0.00189373894591266,0.2129354029893875,-0.31536540389060974,6.871506690979004,1.6599915027618408,0
physx,constant_forward,1,1,1957,19.569999562576413,1.0,0.0,0.33084389567375183,0.10467801401183886,-0.011711840326481095,0.22455455362796783,-0.17779918015003204,7.224191188812256,1.208121657371521,0
physx,constant_forward,1,1,1958,19.579999562352896,1.0,0.0,0.33504194021224976,0.10958346390507166,-0.020878721677786066,0.24240605533123016,-0.09858979284763336,7.383010387420654,0.8109449148178101,0
physx,constant_forward,1,1,1959,19.58999956212938,1.0,0.0,0.3399505913257599,0.11285035337718337,-0.028307074936950137,0.26008695363998413,0.03099926933646202,7.2238264083862305,0.775983989238739,0
physx,constant_forward,1,1,1960,19.59999956190586,1.0,0.0,0.34528735280036926,0.11498079876913413,-0.034570390342131815,0.27666938304901123,0.08034853637218475,6.425619602203369,0.9385858178138733,0
physx,constant_forward,1,1,1961,19.609999561682343,1.0,0.0,0.35059893131256104,0.11641931757896029,-0.03956846002388509,0.2863168716430664,0.06970351934432983,5.042047023773193,1.5945441722869873,0
physx,constant_forward,1,1,1962,19.619999561458826,1.0,0.0,0.3551943898200989,0.11755585112956878,-0.04308667230321382,0.2797321677207947,0.016039665788412094,3.370997667312622,2.32774019241333,0
physx,constant_forward,1,1,1963,19.62999956123531,1.0,0.0,0.35828012228012085,0.12319768229261381,-0.04657864335995796,0.25057852268218994,-0.006263707764446735,2.5254883766174316,1.5526416301727295,0
physx,constant_forward,1,1,1964,19.63999956101179,1.0,0.0,0.3601691722869873,0.12310145430953758,-0.04523647476060204,0.23447571694850922,0.1927003711462021,2.028961658477783,1.6904017925262451,0
physx,constant_forward,1,1,1965,19.649999560788274,1.0,0.0,0.3609018623828888,0.11976380617029293,-0.0358236140212157,0.2230423092842102,0.052390508353710175,2.028498649597168,0.7600910663604736,0
physx,constant_forward,1,1,1966,19.659999560564756,1.0,0.0,0.36059609055519104,0.11410470969030968,-0.02303657231331432,0.20424412190914154,0.2712797224521637,2.2977840900421143,0.5668644309043884,0
physx,constant_forward,1,1,1967,19.66999956034124,1.0,0.0,0.3592968285083771,0.10755658370943429,-0.00947376292391023,0.18864552676677704,0.3289492130279541,2.679352045059204,0.4975349009037018,0
physx,constant_forward,1,1,1968,19.67999956011772,1.0,0.0,0.3570467531681061,0.10014851032364139,0.005576817254702867,0.17452441155910492,0.23451168835163116,2.963235378265381,0.4461490511894226,0
physx,constant_forward,1,1,1969,19.689999559894204,1.0,0.0,0.35391682386398315,0.091550295403679,0.019604372059802658,0.16222719848155975,0.10915824770927429,3.1153297424316406,0.30349722504615784,0
physx,constant_forward,1,1,1970,19.699999559670687,1.0,0.0,0.3500758111476898,0.08165090087052353,0.0328554786246519,0.15078888833522797,0.04508001357316971,3.2851622104644775,0.3578462302684784,0
physx,constant_forward,1,1,1971,19.70999955944717,1.0,0.0,0.3457418978214264,0.07081169565594074,0.04382068670066627,0.14170265197753906,-0.09089016914367676,3.308915615081787,0.7656779289245605,0
physx,constant_forward,1,1,1972,19.719999559223652,1.0,0.0,0.3412892818450928,0.06003872734707589,0.05360833158421515,0.1334763765335083,-0.10000244528055191,3.8798913955688477,1.5895696878433228,0
physx,constant_forward,1,1,1973,19.729999559000134,1.0,0.0,0.3370114266872406,0.05085060567446054,0.05842895134527229,0.1188262328505516,-7.930875290185213e-05,5.084127426147461,1.5380395650863647,0
physx,constant_forward,1,1,1974,19.739999558776617,1.0,0.0,0.3332222104072571,0.04421879641366284,0.05936154115286501,0.11089249700307846,-0.03830140456557274,6.033423900604248,1.112051248550415,0
physx,constant_forward,1,1,1975,19.7499995585531,1.0,0.0,0.33020004630088806,0.039173987239035986,0.055849863787813744,0.10069841146469116,-0.04902280122041702,6.668793678283691,0.8340466022491455,0
physx,constant_forward,1,1,1976,19.759999558329582,1.0,0.0,0.32824093103408813,0.03319522767335777,0.04898799979773146,0.1020873636007309,-0.27916136384010315,7.170915603637695,1.2476435899734497,0
physx,constant_forward,1,1,1977,19.769999558106065,1.0,0.0,0.32757988572120667,0.026138263656982425,0.03992709768119302,0.10999856144189835,-0.3747064769268036,7.792823314666748,1.5445585250854492,0
physx,constant_forward,1,1,1978,19.779999557882547,1.0,0.0,0.3283032178878784,0.019395098964050336,0.029731512033757443,0.1232965961098671,-0.33671873807907104,8.07228946685791,1.267711877822876,0
physx,constant_forward,1,1,1979,19.78999955765903,1.0,0.0,0.3303033113479614,0.010123505309223324,0.018669202865742862,0.14387951791286469,-0.24604745209217072,7.392679214477539,1.288277268409729,0
physx,constant_forward,1,1,1980,19.799999557435513,1.0,0.0,0.3332480192184448,-0.00561580290466751,0.00986395204433098,0.17883287370204926,-0.17559970915317535,5.456165313720703,2.163623094558716,0
physx,constant_forward,1,1,1981,19.809999557211995,1.0,0.0,0.33626383543014526,-0.016943182928439292,0.0038742675920632147,0.17598454654216766,-0.17860177159309387,4.682546615600586,3.7356390953063965,0
physx,constant_forward,1,1,1982,19.819999556988478,1.0,0.0,0.3385067582130432,-0.01617500567992882,-0.0037502651264160088,0.15803587436676025,-0.02270607091486454,3.0715882778167725,2.327913522720337,0
physx,constant_forward,1,1,1983,19.82999955676496,1.0,0.0,0.339812308549881,-0.004421893442730072,-0.008082922593666102,0.13668213784694672,0.010690012946724892,2.0216755867004395,2.1031765937805176,0
physx,constant_forward,1,1,1984,19.839999556541443,1.0,0.0,0.3401418626308441,0.01183905612079423,-0.008040020928517758,0.11136507242918015,-0.009202850982546806,2.3662617206573486,2.0289952754974365,0
physx,constant_forward,1,1,1985,19.849999556317925,1.0,0.0,0.3393969237804413,0.027395225731344095,-0.006266500457595317,0.0767054632306099,0.057781532406806946,3.29624342918396,1.2364051342010498,0
physx,constant_forward,1,1,1986,19.859999556094408,1.0,0.0,0.33753323554992676,0.0410829756827827,-0.003621160362371968,0.03808457404375076,0.06456030160188675,3.5825111865997314,0.5545711517333984,0
physx,constant_forward,1,1,1987,19.86999955587089,1.0,0.0,0.334703266620636,0.05378682988379515,0.0008789979648199869,0.006940160878002644,-0.13734953105449677,3.185638427734375,0.7906008362770081,0
physx,constant_forward,1,1,1988,19.879999555647373,1.0,0.0,0.3310393691062927,0.06590768266647543,0.0046539825882276585,-0.01804671250283718,-0.209330752491951,2.4761271476745605,1.2600939273834229,0
physx,constant_forward,1,1,1989,19.889999555423856,1.0,0.0,0.3267223834991455,0.07629290552320635,0.008099036863099245,-0.0339377298951149,-0.25357484817504883,2.4174916744232178,0.6914694309234619,0
physx,constant_forward,1,1,1990,19.89999955520034,1.0,0.0,0.321980744600296,0.08347403889482519,0.01266468850313021,-0.04768843576312065,0.006922991015017033,2.6506571769714355,1.0276449918746948,0
physx,constant_forward,1,1,1991,19.90999955497682,1.0,0.0,0.3170182704925537,0.08788140908212758,0.019393692058489374,-0.060574907809495926,0.15760329365730286,3.4707205295562744,1.2883156538009644,0
physx,constant_forward,1,1,1992,19.919999554753304,1.0,0.0,0.3119959533214569,0.09124352421420565,0.028320459105387802,-0.05921034514904022,-0.24222859740257263,3.6808371543884277,0.9694124460220337,0
physx,constant_forward,1,1,1993,19.929999554529786,1.0,0.0,0.30707791447639465,0.09456657875331026,0.03579254312281625,-0.06907101720571518,-0.3091667890548706,4.343226432800293,1.41542649269104,0
physx,constant_forward,1,1,1994,19.93999955430627,1.0,0.0,0.3024597764015198,0.09824623287421608,0.03972009696334102,-0.07886464148759842,-0.3451201021671295,4.830580711364746,0.924144983291626,0
physx,constant_forward,1,1,1995,19.94999955408275,1.0,0.0,0.2979907989501953,0.10580526348392055,0.04146817740717795,-0.09649927169084549,-0.36486199498176575,5.098097324371338,0.7919270396232605,0
physx,constant_forward,1,1,1996,19.959999553859234,1.0,0.0,0.29448747634887695,0.10617580428974381,0.04170683142274856,-0.10276130586862564,-0.24802657961845398,5.9404215812683105,1.6903393268585205,0
physx,constant_forward,1,1,1997,19.969999553635716,1.0,0.0,0.29192793369293213,0.10243388468565481,0.04023264526081243,-0.09558484703302383,-0.4194938838481903,6.457437992095947,0.7353208065032959,0
physx,constant_forward,1,1,1998,19.9799995534122,1.0,0.0,0.29034918546676636,0.09582039490044392,0.03619335723318282,-0.09269821643829346,-0.514386773109436,6.617453575134277,0.25354376435279846,0
physx,constant_forward,1,1,1999,19.98999955318868,1.0,0.0,0.28981879353523254,0.08800715354821766,0.029592430436056746,-0.0892169252038002,-0.5350309014320374,6.680765151977539,0.40978875756263733,0
physx,constant_forward,1,1,2000,19.999999552965164,1.0,0.0,0.29054611921310425,0.07738146759521007,0.03193585896309432,-0.08534452319145203,-0.21172204613685608,5.9480133056640625,1.7121745347976685,0
