engine,scenario_id,repeat_id,seed,step,time_s,cmd_vx,cmd_yaw,base_z,base_roll,base_pitch,base_lin_vx,base_ang_yaw,action_l2,action_delta_l2,fallen_flag
mujoco,flat_forward,1,1,1,0.010000000000000002,1.0,0.0,0.49950350742521515,0.00030846059617301876,0.002815644745651683,-0.007019230687439046,-0.12252237153534645,1.0941307544708252,0.0,0
mujoco,flat_forward,1,1,2,0.02000000000000001,1.0,0.0,0.49815164964133507,0.0005453669875607792,0.004583687079525238,-0.001245825531848365,-0.08794533484919431,1.1012639999389648,0.36028820276260376,0
mujoco,flat_forward,1,1,3,0.03000000000000002,1.0,0.0,0.495952947620903,0.0004403358783502202,0.007384949637690816,-0.006195635786605271,-0.07460336686296494,1.0665452480316162,0.2261641025543213,0
mujoco,flat_forward,1,1,4,0.04000000000000003,1.0,0.0,0.4928173025344276,0.0004083364444983392,0.008914462480286848,-0.002567495079858827,-0.0641461846234064,0.8686951994895935,0.24044035375118256,0
mujoco,flat_forward,1,1,5,0.05000000000000004,1.0,0.0,0.4887175176301777,0.00015377571189806322,0.011001027174119125,-0.006454082569563741,-0.05561579571265923,0.737203061580658,0.21610547602176666,0
mujoco,flat_forward,1,1,6,0.060000000000000046,1.0,0.0,0.4835968862659607,5.0607958454535726e-06,0.01223785938893679,-0.0049235305845907575,-0.05248706488734757,0.6464539766311646,0.1301906555891037,0
mujoco,flat_forward,1,1,7,0.07000000000000005,1.0,0.0,0.4774564915290849,-0.0002816892784241068,0.013557613002552286,-0.007300532714994453,-0.04982586118758964,0.6264263987541199,0.09406904876232147,0
mujoco,flat_forward,1,1,8,0.08000000000000006,1.0,0.0,0.4702900124036484,-0.00019022924717129622,0.014310591974442474,-0.006402102885375026,-0.03562748845826292,0.6436262130737305,0.11163302510976791,0
mujoco,flat_forward,1,1,9,0.09000000000000007,1.0,0.0,0.462121392082439,-0.00019567755879544435,0.015176080014917577,-0.008125851994544223,-0.03973704464714768,0.6760652661323547,0.09199193865060806,0
mujoco,flat_forward,1,1,10,0.10000000000000007,1.0,0.0,0.4529494627024404,-0.00028325696602859063,0.015665368422202373,-0.007578630152791998,-0.0400977065287094,0.7171056270599365,0.06122426688671112,0
mujoco,flat_forward,1,1,11,0.11000000000000008,1.0,0.0,0.4427911086680281,-0.000369871560299046,0.016096391025064063,-0.00826755460344876,-0.03561782059376889,0.7361913919448853,0.05693531781435013,0
mujoco,flat_forward,1,1,12,0.12000000000000009,1.0,0.0,0.43164978814928856,-0.0005256441244764021,0.01633938449582573,-0.008270396523079015,-0.030578758987608253,0.7454989552497864,0.02992355450987816,0
mujoco,flat_forward,1,1,13,0.1300000000000001,1.0,0.0,0.41952863434113663,-0.0006383651187326302,0.016449611212169816,-0.008382940969622122,-0.021340026300746887,0.7312387228012085,0.025123054161667824,0
mujoco,flat_forward,1,1,14,0.1400000000000001,1.0,0.0,0.4064319125269182,-0.0007493122344887708,0.016524039139744567,-0.008623269902915408,-0.01756063355798772,0.7416558861732483,0.03200570493936539,0
mujoco,flat_forward,1,1,15,0.1500000000000001,1.0,0.0,0.39235944077052176,-0.0008157330532169821,0.016462160127999285,-0.008277467558356897,-0.008608386250885981,0.7391355633735657,0.023733489215373993,0
mujoco,flat_forward,1,1,16,0.16000000000000011,1.0,0.0,0.37772689936100373,0.0012259227995252452,0.023354162093874375,-0.017097983993348293,0.07397746030515462,0.7567119598388672,0.02685524709522724,0
mujoco,flat_forward,1,1,17,0.17000000000000012,1.0,0.0,0.364623106243466,0.005397318288961438,0.045156774380352316,-0.029383076539462816,0.15628933525522543,1.0852445363998413,0.9290622472763062,0
mujoco,flat_forward,1,1,18,0.18000000000000013,1.0,0.0,0.35440810732728834,0.007916575558321252,0.06631545192352795,-0.024543394572875774,0.06638750776675396,2.1044692993164062,1.0846657752990723,0
mujoco,flat_forward,1,1,19,0.19000000000000014,1.0,0.0,0.3472470246949444,0.01091464929953692,0.07947080048106252,-0.012888266888747817,-0.014682788205893254,2.5239980220794678,0.520720362663269,0
mujoco,flat_forward,1,1,20,0.20000000000000015,1.0,0.0,0.34271625451036886,0.01335942848574981,0.08263342392232666,0.007537276892177262,-0.14360998380984846,2.628298759460449,0.30830129981040955,0
mujoco,flat_forward,1,1,21,0.21000000000000016,1.0,0.0,0.34019040195201133,0.016835705915273714,0.08070021223367771,0.017822868442168953,-0.14175813995842146,2.0645956993103027,0.7515897750854492,0
mujoco,flat_forward,1,1,22,0.22000000000000017,1.0,0.0,0.33894082289961575,0.02030264835612943,0.07689577354653417,0.02503297520008893,-0.19853577133609962,1.5494236946105957,0.8867793679237366,0
mujoco,flat_forward,1,1,23,0.23000000000000018,1.0,0.0,0.3383868885909603,0.023162294372585653,0.07290754144609755,0.03060669480523131,-0.16743770131790858,1.4568829536437988,0.5233170986175537,0
mujoco,flat_forward,1,1,24,0.24000000000000019,1.0,0.0,0.3381539966007698,0.025485467823967035,0.06898455104130335,0.0359570409789792,-0.12043997613213936,1.5063831806182861,0.24640275537967682,0
mujoco,flat_forward,1,1,25,0.25000000000000017,1.0,0.0,0.3380608866552448,0.02736076092183753,0.06554945845759867,0.04018797275618263,-0.060118440786152666,1.5485894680023193,0.13248226046562195,0
mujoco,flat_forward,1,1,26,0.2600000000000002,1.0,0.0,0.3380299035056225,0.02902285010055374,0.06205379248985517,0.045398109848463736,-0.02521732773030156,1.552259087562561,0.1345081478357315,0
mujoco,flat_forward,1,1,27,0.2700000000000002,1.0,0.0,0.3380358287333678,0.030439204220083695,0.05904260352004147,0.048997826993303246,-0.015471024604818842,1.5312488079071045,0.0852874368429184,0
mujoco,flat_forward,1,1,28,0.2800000000000002,1.0,0.0,0.33805692679976235,0.03185761945615774,0.05615259776154321,0.053812082431346046,-0.008841213646484155,1.5101559162139893,0.10029279440641403,0
mujoco,flat_forward,1,1,29,0.2900000000000002,1.0,0.0,0.33808804121145847,0.03336846263570844,0.053464634219267566,0.057102732848058155,-0.005491999307593489,1.48941171169281,0.07631465792655945,0
mujoco,flat_forward,1,1,30,0.3000000000000002,1.0,0.0,0.33811761104393045,0.034977873253451336,0.05122820450513847,0.059800002940040675,0.011664067841727752,1.4836270809173584,0.06418077647686005,0
mujoco,flat_forward,1,1,31,0.3100000000000002,1.0,0.0,0.3381336944730203,0.03672482605216409,0.049257278943901056,0.06282001281297213,0.032006075922537944,1.5035902261734009,0.06376421451568604,0
mujoco,flat_forward,1,1,32,0.32000000000000023,1.0,0.0,0.33813303569319053,0.03843548352364016,0.047508585807423814,0.06579129625063533,0.05154869656459469,1.507215142250061,0.0413675382733345,0
mujoco,flat_forward,1,1,33,0.33000000000000024,1.0,0.0,0.33811442267683595,0.0400603248967307,0.0458171041344419,0.0689264655240544,0.06302915491743138,1.510859727859497,0.03295978903770447,0
mujoco,flat_forward,1,1,34,0.34000000000000025,1.0,0.0,0.33808167829532837,0.04157694255564538,0.04439668084039942,0.07014922876946315,0.04600232450516262,1.5043220520019531,0.02266727201640606,0
mujoco,flat_forward,1,1,35,0.35000000000000026,1.0,0.0,0.33804046442224595,0.04301703501540496,0.04304914647487097,0.07206222857398159,0.03157209688333971,1.50662100315094,0.02709124982357025,0
mujoco,flat_forward,1,1,36,0.36000000000000026,1.0,0.0,0.3379997140584519,0.04441489790272809,0.04185879778710921,0.07382588358479578,0.01940172189030736,1.50298273563385,0.012812810949981213,0
mujoco,flat_forward,1,1,37,0.3700000000000003,1.0,0.0,0.33795779048647173,0.04579855432174944,0.040673348986539085,0.07623992003831827,0.014575347779492157,1.5032957792282104,0.015872906893491745,0
mujoco,flat_forward,1,1,38,0.3800000000000003,1.0,0.0,0.33791439300595116,0.04715491357675486,0.03961770139260451,0.0785156585679938,0.012114885468812097,1.501383662223816,0.010822541080415249,0
mujoco,flat_forward,1,1,39,0.3900000000000003,1.0,0.0,0.33786624336042215,0.04845739658337183,0.0385795921103061,0.08136353570051535,0.012007203284015873,1.5039019584655762,0.007807419169694185,0
mujoco,flat_forward,1,1,40,0.4000000000000003,1.0,0.0,0.3378121232984546,0.04969679934619465,0.037616075465252335,0.0842064575893705,0.011669545410624291,1.5039050579071045,0.013499969616532326,0
mujoco,flat_forward,1,1,41,0.4100000000000003,1.0,0.0,0.33775003586152064,0.05087563096768952,0.036688526518389074,0.0874529899896824,0.011385888921744065,1.5084031820297241,0.011997195892035961,0
mujoco,flat_forward,1,1,42,0.4200000000000003,1.0,0.0,0.3376795059567882,0.05200119801324958,0.03581262370139896,0.09084156578111437,0.01104468804518776,1.5132906436920166,0.015310772694647312,0
mujoco,flat_forward,1,1,43,0.4300000000000003,1.0,0.0,0.33759994286815237,0.05307686394325633,0.03496740662022087,0.09457287733592967,0.01088401851940462,1.5195879936218262,0.01463257521390915,0
mujoco,flat_forward,1,1,44,0.44000000000000034,1.0,0.0,0.3375105088182802,0.054103284681123846,0.034169206422119194,0.09813317025947095,0.015293365702127405,1.5250385999679565,0.015466151759028435,0
mujoco,flat_forward,1,1,45,0.45000000000000034,1.0,0.0,0.33741181800145786,0.05510583669294616,0.03361519244098414,0.09959871425823764,0.025575163655457336,1.5324660539627075,0.012681759893894196,0
mujoco,flat_forward,1,1,46,0.46000000000000035,1.0,0.0,0.3373129787742133,0.05606842099529753,0.03324573068464723,0.10081936259829426,0.022692196424537854,1.5437091588974,0.020519768819212914,0
mujoco,flat_forward,1,1,47,0.47000000000000036,1.0,0.0,0.3372258745040178,0.056982723711176755,0.03296529862975971,0.1022776156714778,0.019923854159525585,1.5537177324295044,0.0158859733492136,0
mujoco,flat_forward,1,1,48,0.48000000000000037,1.0,0.0,0.3371529874838612,0.057865361709390585,0.0326804693928112,0.10418602512912338,0.018378636098258367,1.5611003637313843,0.011979332193732262,0
mujoco,flat_forward,1,1,49,0.4900000000000004,1.0,0.0,0.33709361762035406,0.05870655016766171,0.0323999121126899,0.10631997277401256,0.016795836887330134,1.5656099319458008,0.008126473054289818,0
mujoco,flat_forward,1,1,50,0.5000000000000003,1.0,0.0,0.3370450156211692,0.05949782574607422,0.03208934081101844,0.108856575229257,0.015617952221491465,1.5703034400939941,0.008759179152548313,0
mujoco,flat_forward,1,1,51,0.5100000000000003,1.0,0.0,0.3370040849464986,0.060235808099312234,0.031763152581225876,0.11165256481808504,0.014261917687047395,1.5743324756622314,0.008239376358687878,0
mujoco,flat_forward,1,1,52,0.5200000000000004,1.0,0.0,0.3369670212240392,0.060920919915538024,0.03140705182908225,0.1148295401146113,0.013362911617741297,1.5785890817642212,0.00884450413286686,0
mujoco,flat_forward,1,1,53,0.5300000000000004,1.0,0.0,0.3369305715277741,0.06155122779578009,0.03103568499351814,0.118293982773052,0.012237580522563952,1.5824830532073975,0.009007350541651249,0
mujoco,flat_forward,1,1,54,0.5400000000000004,1.0,0.0,0.33689156265508224,0.062125332663303244,0.03063507492078553,0.1221182903164253,0.010906607023075584,1.586439609527588,0.008822075091302395,0
mujoco,flat_forward,1,1,55,0.5500000000000004,1.0,0.0,0.33684943109777016,0.06267476731805818,0.030377739554941902,0.12447382741474756,0.03009914310936875,1.5907491445541382,0.008158115670084953,0
mujoco,flat_forward,1,1,56,0.5600000000000004,1.0,0.0,0.3368065700490858,0.06327062835133689,0.03022377732705939,0.12587621086100168,0.028423943855123823,1.5981966257095337,0.0207306407392025,0
mujoco,flat_forward,1,1,57,0.5700000000000004,1.0,0.0,0.33677452556420073,0.06381133318908859,0.030162158805118862,0.12726687291301325,0.020241339436775987,1.6041460037231445,0.017144015058875084,0
mujoco,flat_forward,1,1,58,0.5800000000000004,1.0,0.0,0.33676152750589156,0.06428864067652268,0.03012677905066014,0.12919284991828053,0.015908804667389427,1.6122376918792725,0.019509635865688324,0
mujoco,flat_forward,1,1,59,0.5900000000000004,1.0,0.0,0.3367661966572299,0.06472286357345024,0.03005364818902394,0.13163294335826525,0.012998196628225989,1.6156450510025024,0.013889172114431858,0
mujoco,flat_forward,1,1,60,0.6000000000000004,1.0,0.0,0.33678514257457925,0.06511536424376065,0.02992720490582079,0.13449436631717515,0.011251511182697805,1.6173402070999146,0.012617427855730057,0
mujoco,flat_forward,1,1,61,0.6100000000000004,1.0,0.0,0.3368143384751363,0.06546827788393252,0.029740253166326308,0.13776603244867436,0.009388233484643892,1.6188174486160278,0.010607465170323849,0
mujoco,flat_forward,1,1,62,0.6200000000000004,1.0,0.0,0.33684922447274374,0.06578328344846235,0.029490691973828382,0.14146125602297255,0.007870449633746482,1.6202081441879272,0.009221771731972694,0
mujoco,flat_forward,1,1,63,0.6300000000000004,1.0,0.0,0.3368847812643193,0.06605645693352569,0.029195145811782473,0.14533344641235194,0.008015627464826985,1.62119460105896,0.009385975077748299,0
mujoco,flat_forward,1,1,64,0.6400000000000005,1.0,0.0,0.33691997391072026,0.06633490261154792,0.029008400452219394,0.14805564217719602,0.027650749104414805,1.6245437860488892,0.011464946903288364,0
mujoco,flat_forward,1,1,65,0.6500000000000005,1.0,0.0,0.33695803780145417,0.06666086942520692,0.02886712564942784,0.1502200603998676,0.028552406908279142,1.6308614015579224,0.023669015616178513,0
mujoco,flat_forward,1,1,66,0.6600000000000005,1.0,0.0,0.337007261770318,0.06692933155679551,0.028816723742555728,0.15198062116662708,0.01729038129361327,1.6366627216339111,0.020735038444399834,0
mujoco,flat_forward,1,1,67,0.6700000000000005,1.0,0.0,0.3370751467756025,0.06712958469308093,0.028794262320341303,0.15444906283483667,0.011374016926119017,1.644761323928833,0.023710429668426514,0
mujoco,flat_forward,1,1,68,0.6800000000000005,1.0,0.0,0.33716103880486836,0.06730134161733822,0.028710688798414992,0.157555068489393,0.00772087659817402,1.6475098133087158,0.017547912895679474,0
mujoco,flat_forward,1,1,69,0.6900000000000005,1.0,0.0,0.33726071254971957,0.06744782304547933,0.028546312508022743,0.16114462916480693,0.005444779031396378,1.6472879648208618,0.014778001233935356,0
mujoco,flat_forward,1,1,70,0.7000000000000005,1.0,0.0,0.33736753677809367,0.06756340239955695,0.028295511264162708,0.1652293663453697,0.0035212253898169624,1.6472231149673462,0.01196324173361063,0
mujoco,flat_forward,1,1,71,0.7100000000000005,1.0,0.0,0.3374733454098763,0.06764623549183917,0.02798272620911604,0.16916799638328678,0.008242645208930548,1.6472690105438232,0.010001890361309052,0
mujoco,flat_forward,1,1,72,0.7200000000000005,1.0,0.0,0.33757439434582825,0.06775032329114938,0.02778096740777077,0.17246732669264353,0.027979472414982116,1.6511423587799072,0.014818982221186161,0
mujoco,flat_forward,1,1,73,0.7300000000000005,1.0,0.0,0.3376735241806568,0.06790723617251722,0.027690669362727825,0.17456487525263628,0.020222493265451683,1.6574559211730957,0.024715164676308632,0
mujoco,flat_forward,1,1,74,0.7400000000000005,1.0,0.0,0.3377827686989939,0.06800463564915234,0.0276519336582065,0.17715477891764428,0.010030804435439878,1.6667604446411133,0.02589736320078373,0
mujoco,flat_forward,1,1,75,0.7500000000000006,1.0,0.0,0.3379088557831588,0.06804575092377234,0.027575644069915417,0.18050627687372547,0.005130300296957451,1.6744413375854492,0.021271491423249245,0
mujoco,flat_forward,1,1,76,0.7600000000000006,1.0,0.0,0.3380474300245147,0.06806509586194635,0.027392516366148503,0.18449022704237894,0.0031099741807565882,1.6747208833694458,0.015702713280916214,0
mujoco,flat_forward,1,1,77,0.7700000000000006,1.0,0.0,0.33819011371809465,0.06807415723100199,0.027091651486633783,0.18901733339444174,0.0027470884892441686,1.6726154088974,0.014337276108562946,0
mujoco,flat_forward,1,1,78,0.7800000000000006,1.0,0.0,0.338326056743921,0.06807148495904819,0.026731459534854733,0.19309001687705848,0.013125873482815313,1.670816421508789,0.011170380748808384,0
mujoco,flat_forward,1,1,79,0.7900000000000006,1.0,0.0,0.3384521247067275,0.06808608773976349,0.026515199225936262,0.19599777547178163,0.021729998095239515,1.6758651733398438,0.017106913030147552,0
mujoco,flat_forward,1,1,80,0.8000000000000006,1.0,0.0,0.3385797983039245,0.0681057489568316,0.02646010926222527,0.19852519580626773,0.011094706170351456,1.6868486404418945,0.028120996430516243,0
mujoco,flat_forward,1,1,81,0.8100000000000006,1.0,0.0,0.3387198421041788,0.06810197948067599,0.026417822490584816,0.2019595625317404,0.005033142091384031,1.6973903179168701,0.025704707950353622,0
mujoco,flat_forward,1,1,82,0.8200000000000006,1.0,0.0,0.33887101943057574,0.06807810727758278,0.02626235231564898,0.2061768085991904,0.00224688228422438,1.7017661333084106,0.018575819209218025,0
mujoco,flat_forward,1,1,83,0.8300000000000006,1.0,0.0,0.33902470193922923,0.06804460803832806,0.025959274511685834,0.21100514336731427,0.0014624506344312121,1.6994361877441406,0.014824870973825455,0
mujoco,flat_forward,1,1,84,0.8400000000000006,1.0,0.0,0.3391680614335792,0.06799213701960746,0.02561043825364172,0.21515782596841318,0.013911396683680015,1.6947463750839233,0.014551706612110138,0
mujoco,flat_forward,1,1,85,0.8500000000000006,1.0,0.0,0.33929879676934843,0.0679629528569907,0.025463566199554928,0.2177775669223449,0.013462311246839442,1.7008916139602661,0.020841451361775398,0
mujoco,flat_forward,1,1,86,0.8600000000000007,1.0,0.0,0.33943127643077375,0.06792952843522344,0.025441184780714436,0.221009894894454,0.005963241994689179,1.7146470546722412,0.03038155473768711,0
mujoco,flat_forward,1,1,87,0.8700000000000007,1.0,0.0,0.3395736324334162,0.06785629302669194,0.025337628942678107,0.22515180101185847,0.0029327229140337784,1.7243317365646362,0.023200377821922302,0
mujoco,flat_forward,1,1,88,0.8800000000000007,1.0,0.0,0.339720756092543,0.06774376688512646,0.025076799358049136,0.23002399550269922,0.002170396667382207,1.7262786626815796,0.016638675704598427,0
mujoco,flat_forward,1,1,89,0.8900000000000007,1.0,0.0,0.3398605876481407,0.06759188652584852,0.024704881886958685,0.2348343517732061,0.007576137815541987,1.7226656675338745,0.014570944011211395,0
mujoco,flat_forward,1,1,90,0.9000000000000007,1.0,0.0,0.33998626213066774,0.06748384776792324,0.024553142817729343,0.23745880225555518,0.009272040560116239,1.725285291671753,0.016988513991236687,0
mujoco,flat_forward,1,1,91,0.9100000000000007,1.0,0.0,0.340111231832064,0.0673586096266902,0.02453430251700682,0.24099286715289037,0.004701845391057473,1.740641474723816,0.03496742248535156,0
mujoco,flat_forward,1,1,92,0.9200000000000007,1.0,0.0,0.3402453321789385,0.06719113291506289,0.024405564972345296,0.24544537534974067,0.003378905010170588,1.7517415285110474,0.022616520524024963,0
mujoco,flat_forward,1,1,93,0.9300000000000007,1.0,0.0,0.34038290837285645,0.06698939259917824,0.024128082020541616,0.25057123862677266,0.002736298106002216,1.7538470029830933,0.01822524704039097,0
mujoco,flat_forward,1,1,94,0.9400000000000007,1.0,0.0,0.3405088155330468,0.06674499185548446,0.02373725744937923,0.25508932405216894,0.009264374323270036,1.751067876815796,0.01557998824864626,0
mujoco,flat_forward,1,1,95,0.9500000000000007,1.0,0.0,0.3406235176314175,0.0665501008311327,0.023628467700150306,0.2577705461503708,0.004208927297821486,1.7579081058502197,0.021726194769144058,0
mujoco,flat_forward,1,1,96,0.9600000000000007,1.0,0.0,0.34074301171331217,0.06631858594720196,0.0235603247275389,0.2619167448477011,0.001556892414417314,1.7742751836776733,0.033522654324769974,0
mujoco,flat_forward,1,1,97,0.9700000000000008,1.0,0.0,0.3408695317049145,0.0660487249086015,0.023333840925208082,0.2669438479610091,0.0009641111671172414,1.78049898147583,0.018002409487962723,0
mujoco,flat_forward,1,1,98,0.9800000000000008,1.0,0.0,0.3409896743653795,0.06573713750270094,0.022921851488224107,0.2722537665108046,0.00448447240299534,1.7792599201202393,0.01892537996172905,0
mujoco,flat_forward,1,1,99,0.9900000000000008,1.0,0.0,0.3410943363008596,0.06547592246075379,0.02274382453588117,0.27481005555640486,0.0028843767180829257,1.7796697616577148,0.01542057003825903,0
mujoco,flat_forward,1,1,100,1.0000000000000007,1.0,0.0,0.34119858051728935,0.0651775817259942,0.022643058192420944,0.27894070757331985,0.001162674706508826,1.7982085943222046,0.03799963742494583,0
mujoco,flat_forward,1,1,101,1.0099999999999996,1.0,0.0,0.3413094845687185,0.0648367184029084,0.02237973223748412,0.28405601447268414,0.0006896815158878302,1.8054405450820923,0.016929294914007187,0
mujoco,flat_forward,1,1,102,1.0199999999999985,1.0,0.0,0.34141266116203134,0.06446004212790273,0.021915513431615047,0.28935345596472223,0.003338372463767585,1.800866961479187,0.01803511008620262,0
mujoco,flat_forward,1,1,103,1.0299999999999974,1.0,0.0,0.3415014450666666,0.06411500428030839,0.021740968928390163,0.2919930066941807,0.001480442869337041,1.8024916648864746,0.014884242787957191,0
mujoco,flat_forward,1,1,104,1.0399999999999963,1.0,0.0,0.3415902735440676,0.0637453684513618,0.021621900931313442,0.29636590554549175,0.0004211595186722804,1.8227638006210327,0.03931722790002823,0
mujoco,flat_forward,1,1,105,1.0499999999999952,1.0,0.0,0.3416829454920733,0.06333436282969723,0.021283235115848072,0.30178259486925707,-0.00024469470655713013,1.828039288520813,0.016385452821850777,0
mujoco,flat_forward,1,1,106,1.059999999999994,1.0,0.0,0.34176380239364557,0.0629213265968089,0.020897984066557598,0.30569988109371893,0.0030633335769793537,1.819413423538208,0.02088860608637333,0
mujoco,flat_forward,1,1,107,1.069999999999993,1.0,0.0,0.3418358401536775,0.06252163085002291,0.02076181486686652,0.30919858330061095,0.00044913082071279184,1.8323203325271606,0.02862948179244995,0
mujoco,flat_forward,1,1,108,1.0799999999999919,1.0,0.0,0.3419098513418086,0.06208992028049976,0.020506977849846744,0.3141293576183902,-0.0009275649214906254,1.845698595046997,0.025337282568216324,0
mujoco,flat_forward,1,1,109,1.0899999999999908,1.0,0.0,0.3419788701725388,0.06161531769617136,0.020029899566850678,0.3195599229098885,-0.000367898385267282,1.8410502672195435,0.016747603192925453,0
mujoco,flat_forward,1,1,110,1.0999999999999897,1.0,0.0,0.3420323897634178,0.06117428406977805,0.019772004259651626,0.32221986597345614,-0.0008066486316632611,1.8345085382461548,0.01571289263665676,0
mujoco,flat_forward,1,1,111,1.1099999999999886,1.0,0.0,0.34208230391426575,0.06068265799005988,0.019564430238239727,0.32665376288050285,-0.0015742905207497293,1.855839490890503,0.03880432993173599,0
mujoco,flat_forward,1,1,112,1.1199999999999875,1.0,0.0,0.3421304693923375,0.06013058489538341,0.019129681025089953,0.3321825755337015,-0.0018201997182357105,1.859756350517273,0.014546080492436886,0
mujoco,flat_forward,1,1,113,1.1299999999999863,1.0,0.0,0.3421623403858578,0.05958267031089024,0.018788971802990696,0.33510609152943394,0.0005276325063957112,1.8468822240829468,0.024174686521291733,0
mujoco,flat_forward,1,1,114,1.1399999999999852,1.0,0.0,0.34218728016071653,0.05903216722848244,0.018545069077874055,0.33928986612881323,-0.0021322492291269393,1.8653287887573242,0.03423596918582916,0
mujoco,flat_forward,1,1,115,1.1499999999999841,1.0,0.0,0.34221013983029286,0.0584218277537597,0.0181268809962794,0.34455394909581494,-0.0040717992343713705,1.8707401752471924,0.016205253079533577,0
mujoco,flat_forward,1,1,116,1.159999999999983,1.0,0.0,0.3422183867123652,0.05779906132347581,0.017775568385170845,0.3476521721979315,-0.0005817551378844097,1.8599154949188232,0.02235599048435688,0
mujoco,flat_forward,1,1,117,1.169999999999982,1.0,0.0,0.3422205087868848,0.05718839647255848,0.017504606622281697,0.35174848913210127,-0.004366525583206036,1.8745704889297485,0.028427431359887123,0
mujoco,flat_forward,1,1,118,1.1799999999999808,1.0,0.0,0.3422199585319436,0.05651745052756587,0.017066073243388064,0.356811505954107,-0.007063955206686475,1.8790574073791504,0.01683405600488186,0
mujoco,flat_forward,1,1,119,1.1899999999999797,1.0,0.0,0.34220664488446173,0.05585988618880014,0.01672875329399842,0.3599000949762865,-0.0015974326375215787,1.8712791204452515,0.017512952908873558,0
mujoco,flat_forward,1,1,120,1.1999999999999786,1.0,0.0,0.34218899821007964,0.05519864408238398,0.016427356558717607,0.36406155076002084,-0.005538306484294687,1.885535717010498,0.028162213042378426,0
mujoco,flat_forward,1,1,121,1.2099999999999775,1.0,0.0,0.3421676423347114,0.05446800783157251,0.01597760859031023,0.3686560845867143,-0.004987567976723825,1.8873584270477295,0.015962766483426094,0
mujoco,flat_forward,1,1,122,1.2199999999999764,1.0,0.0,0.34213582348116395,0.05379253440054182,0.015666743595135726,0.37165499045148137,-0.003988329147190843,1.8854693174362183,0.011523841880261898,0
mujoco,flat_forward,1,1,123,1.2299999999999753,1.0,0.0,0.34210257353922585,0.05307296898278017,0.015290403186352237,0.37602095752537135,-0.008158155920851971,1.8964017629623413,0.0239829383790493,0
mujoco,flat_forward,1,1,124,1.2399999999999742,1.0,0.0,0.34206313225456436,0.05229269129560329,0.014824154901613455,0.3800617105471268,-0.0011649263425429072,1.892603874206543,0.018205318599939346,0
mujoco,flat_forward,1,1,125,1.2499999999999731,1.0,0.0,0.34201355584427257,0.05161016379439149,0.014490286864077223,0.383123690133929,-0.005598381826660518,1.8945369720458984,0.013393283821642399,0
mujoco,flat_forward,1,1,126,1.259999999999972,1.0,0.0,0.3419606325049898,0.05083424386791823,0.01400030011512097,0.38768747040099705,-0.011122939771894096,1.899759292602539,0.017657823860645294,0
mujoco,flat_forward,1,1,127,1.269999999999971,1.0,0.0,0.3418951953301376,0.05002607718515023,0.013535943717588421,0.3907224063163018,-0.002228576454393243,1.891558289527893,0.022719861939549446,0
mujoco,flat_forward,1,1,128,1.2799999999999698,1.0,0.0,0.3418232795661763,0.049274107238309474,0.013156216313918974,0.3942758448132325,-0.008574160413504365,1.9000688791275024,0.021648680791258812,0
mujoco,flat_forward,1,1,129,1.2899999999999687,1.0,0.0,0.34174587742728013,0.048431671547985604,0.012635939122540253,0.39807830640052955,-0.006900853293023076,1.899193286895752,0.01329354289919138,0
mujoco,flat_forward,1,1,130,1.2999999999999676,1.0,0.0,0.3416599293842943,0.04769963181639005,0.012212795538572966,0.4010638537354772,-0.006293218684497734,1.8997724056243896,0.009487856179475784,0
mujoco,flat_forward,1,1,131,1.3099999999999665,1.0,0.0,0.34157201985376845,0.0468755849555568,0.011699668270582015,0.4051486036312609,-0.014706405595230437,1.903306484222412,0.021737482398748398,0
mujoco,flat_forward,1,1,132,1.3199999999999654,1.0,0.0,0.34147206445631423,0.04599895997873586,0.011182783492807253,0.40802733516395745,-0.005016609575674069,1.8941670656204224,0.02190650813281536,0
mujoco,flat_forward,1,1,133,1.3299999999999643,1.0,0.0,0.34136563830912187,0.045209763293279456,0.010771133998837754,0.41110410364133776,-0.013669618884669945,1.9004628658294678,0.018134625628590584,0
mujoco,flat_forward,1,1,134,1.3399999999999632,1.0,0.0,0.3412532232051761,0.04431105936657155,0.010224468820976445,0.41446281680310865,-0.010167291338982401,1.8975605964660645,0.016585830599069595,0
mujoco,flat_forward,1,1,135,1.3499999999999621,1.0,0.0,0.3411327559497133,0.04354483214235166,0.009743289504231692,0.41723131012505676,-0.011367244466001989,1.89814293384552,0.010106735862791538,0
mujoco,flat_forward,1,1,136,1.359999999999961,1.0,0.0,0.341009774294134,0.042675290298123426,0.00919346556657426,0.4205177585344625,-0.016826016598061294,1.8992750644683838,0.02300400286912918,0
mujoco,flat_forward,1,1,137,1.36999999999996,1.0,0.0,0.340880260429661,0.0418582243060905,0.008672962457130413,0.42328479433467014,-0.007244583889169648,1.894422173500061,0.014400589279830456,0
mujoco,flat_forward,1,1,138,1.3799999999999588,1.0,0.0,0.3407486979265656,0.04104656366568607,0.008172884330967571,0.4263046537990989,-0.019378215466423907,1.8958100080490112,0.021543750539422035,0
mujoco,flat_forward,1,1,139,1.3899999999999577,1.0,0.0,0.34060906616338577,0.04014566439524858,0.007663054113493403,0.42883634534169207,-0.006891096243919549,1.8878116607666016,0.021307548508048058,0
mujoco,flat_forward,1,1,140,1.3999999999999566,1.0,0.0,0.34046065130366865,0.039397918896764,0.0071486845049258,0.43130197003685433,-0.01590931951140005,1.8894468545913696,0.017764655873179436,0
mujoco,flat_forward,1,1,141,1.4099999999999555,1.0,0.0,0.3403059965182876,0.03849865267290528,0.00657930767861613,0.43376542600963314,-0.013762121283917171,1.8862494230270386,0.024229565635323524,0
mujoco,flat_forward,1,1,142,1.4199999999999544,1.0,0.0,0.340143838816075,0.037744112344146576,0.00596369015164526,0.4364833916030333,-0.011049687282330191,1.8853368759155273,0.012653334997594357,0
mujoco,flat_forward,1,1,143,1.4299999999999533,1.0,0.0,0.3399768994177633,0.036896717794856225,0.005381891335740325,0.4385836838908681,-0.01717959382732903,1.878925085067749,0.027583641931414604,0
mujoco,flat_forward,1,1,144,1.4399999999999522,1.0,0.0,0.3398044283703091,0.03612569441912039,0.0047685586843466965,0.4413856695829271,-0.007019693374459368,1.8790518045425415,0.014767308719456196,0
mujoco,flat_forward,1,1,145,1.449999999999951,1.0,0.0,0.3396271864170449,0.03535376760804066,0.004221763060216871,0.44294107046215586,-0.01717479465337573,1.8697575330734253,0.02950236201286316,0
mujoco,flat_forward,1,1,146,1.45999999999995,1.0,0.0,0.3394492712900565,0.03458196433725122,0.0036955287651838174,0.44548418381741317,-0.005881278419077742,1.8742334842681885,0.01658552885055542,0
mujoco,flat_forward,1,1,147,1.469999999999949,1.0,0.0,0.3392659242476211,0.03388861891112437,0.003104301848376748,0.4471928156554652,-0.017315512430930408,1.864632248878479,0.027735771611332893,0
mujoco,flat_forward,1,1,148,1.4799999999999478,1.0,0.0,0.3390796372900755,0.033109505591115015,0.00261769749233991,0.4488945274119004,-0.00800639883631788,1.863718867301941,0.01682063192129135,0
mujoco,flat_forward,1,1,149,1.4899999999999467,1.0,0.0,0.33888888020347707,0.03243045454538025,0.0019887206228146373,0.45097980502591667,-0.016198498043878767,1.8617660999298096,0.014262554235756397,0
mujoco,flat_forward,1,1,150,1.4999999999999456,1.0,0.0,0.3386928473349529,0.03162353469205947,0.0014752636282768213,0.45198892404155283,-0.011587563965013703,1.8522303104400635,0.02573905698955059,0
mujoco,flat_forward,1,1,151,1.5099999999999445,1.0,0.0,0.33849187637885486,0.03096519778177259,0.0008104979145553111,0.45409341211751003,-0.01314612628260358,1.853901743888855,0.014826256781816483,0
mujoco,flat_forward,1,1,152,1.5199999999999434,1.0,0.0,0.33828685409608955,0.030214252393581418,0.00028871875870228035,0.4546680080887853,-0.014281711580870899,1.8402683734893799,0.034084122627973557,0
mujoco,flat_forward,1,1,153,1.5299999999999423,1.0,0.0,0.33808026451312717,0.029591162980733696,-0.0003783106204519586,0.45682454659996585,-0.010350256239283793,1.8443732261657715,0.01879551075398922,0
mujoco,flat_forward,1,1,154,1.5399999999999412,1.0,0.0,0.3378689449286386,0.028911411317724747,-0.0009044407203056647,0.45695519764545667,-0.01618457755538963,1.8275679349899292,0.04120287299156189,0
mujoco,flat_forward,1,1,155,1.54999999999994,1.0,0.0,0.33765753318445885,0.02832057694785578,-0.0015425173022213948,0.45913101570881715,-0.007692130138021239,1.8331687450408936,0.023671694099903107,0
mujoco,flat_forward,1,1,156,1.559999999999939,1.0,0.0,0.3374386849974734,0.027717217214035,-0.002092897374157443,0.45904911945556914,-0.01932788198029875,1.8149335384368896,0.045728374272584915,0
mujoco,flat_forward,1,1,157,1.569999999999938,1.0,0.0,0.3372175798381892,0.0271417544413958,-0.0026608106769294643,0.4607919177350583,-0.010874638947501753,1.8214901685714722,0.02627439610660076,0
mujoco,flat_forward,1,1,158,1.5799999999999368,1.0,0.0,0.3369883559152077,0.026620330940867958,-0.0032267577716199643,0.46076835704193875,-0.019476331045101,1.8072073459625244,0.03962086886167526,0
mujoco,flat_forward,1,1,159,1.5899999999999357,1.0,0.0,0.3367581094164936,0.02610158637752682,-0.0037255929391824803,0.461866383852765,-0.012766772515755526,1.8101447820663452,0.02106749452650547,0
mujoco,flat_forward,1,1,160,1.5999999999999346,1.0,0.0,0.336523071787631,0.02564782403538782,-0.004316806747223964,0.46217748433695854,-0.01671871274946806,1.8003402948379517,0.03029824048280716,0
mujoco,flat_forward,1,1,161,1.6099999999999335,1.0,0.0,0.33628835462329587,0.025188999021296093,-0.004748652615969543,0.4625853566531595,-0.012533104547099994,1.7974542379379272,0.017735905945301056,0
mujoco,flat_forward,1,1,162,1.6199999999999324,1.0,0.0,0.3360517357421204,0.024797322393836405,-0.005349314628263456,0.4632482348581259,-0.013752391809463745,1.7921338081359863,0.02075107768177986,0
mujoco,flat_forward,1,1,163,1.6299999999999313,1.0,0.0,0.3358150677184978,0.024402615617867676,-0.005714777562224096,0.4629262972676292,-0.011983012744845322,1.7838289737701416,0.022950492799282074,0
mujoco,flat_forward,1,1,164,1.6399999999999302,1.0,0.0,0.3355790981789052,0.024066506775718668,-0.0062925338866302435,0.4639500617701451,-0.01117059331297259,1.7841311693191528,0.014124606736004353,0
mujoco,flat_forward,1,1,165,1.649999999999929,1.0,0.0,0.3353418928480237,0.023744954294524258,-0.0066117010659318964,0.46282013470259514,-0.010970430490009349,1.7710819244384766,0.03344690799713135,0
mujoco,flat_forward,1,1,166,1.659999999999928,1.0,0.0,0.33510775296876044,0.023465094049350335,-0.007117993888965084,0.4642811144305405,-0.009097268500763308,1.7759907245635986,0.01821061037480831,0
mujoco,flat_forward,1,1,167,1.6699999999999269,1.0,0.0,0.334865091805603,0.023173302096460232,-0.007460287989878163,0.4624512986197732,-0.01260913850924669,1.7578762769699097,0.04896074905991554,0
mujoco,flat_forward,1,1,168,1.6799999999999258,1.0,0.0,0.3346244114517987,0.022912546930566366,-0.007852602019913781,0.46340048924102756,-0.010759821584313042,1.7651007175445557,0.029950158670544624,0
mujoco,flat_forward,1,1,169,1.6899999999999247,1.0,0.0,0.33437674419067764,0.022701331844686624,-0.008174806797894302,0.46168876085938615,-0.012960000101599686,1.7520835399627686,0.04560801014304161,0
mujoco,flat_forward,1,1,170,1.6999999999999236,1.0,0.0,0.3341341331838422,0.022509315949829713,-0.008460164225854227,0.4620144818822917,-0.01246176991166966,1.7555409669876099,0.02752644754946232,0
mujoco,flat_forward,1,1,171,1.7099999999999225,1.0,0.0,0.33388858527417414,0.022331606699975238,-0.008787580756787407,0.46077321711460595,-0.014103084440175868,1.7480807304382324,0.038294337689876556,0
mujoco,flat_forward,1,1,172,1.7199999999999214,1.0,0.0,0.3336483704006595,0.022185320604293367,-0.008983848851883953,0.46044129454494226,-0.013935025350259032,1.7474887371063232,0.02474944479763508,0
mujoco,flat_forward,1,1,173,1.7299999999999203,1.0,0.0,0.3334088541645411,0.02205920378788214,-0.009292800430230902,0.45963762688714693,-0.015405743312987693,1.744228482246399,0.029278241097927094,0
mujoco,flat_forward,1,1,174,1.7399999999999192,1.0,0.0,0.3331736431062561,0.021983198931634536,-0.009389248117426538,0.4585559358315173,-0.015585254938146133,1.7409478425979614,0.02393564023077488,0
mujoco,flat_forward,1,1,175,1.749999999999918,1.0,0.0,0.3329425772505144,0.021937684778071096,-0.009654567647061588,0.4585307582329551,-0.013759687239599375,1.7425079345703125,0.01980561949312687,0
mujoco,flat_forward,1,1,176,1.759999999999917,1.0,0.0,0.33271136116211997,0.02191882478787491,-0.00967368421015981,0.45652162838915766,-0.015404644973435362,1.7355902194976807,0.028723234310746193,0
mujoco,flat_forward,1,1,177,1.7699999999999159,1.0,0.0,0.3324877200498625,0.02191434911564434,-0.009802484373788226,0.4567216184754489,-0.015105507232991052,1.742793083190918,0.01878787763416767,0
mujoco,flat_forward,1,1,178,1.7799999999999148,1.0,0.0,0.33226104219510716,0.021976916544055303,-0.00977185565575905,0.45423903805771637,-0.013501694156919656,1.7350271940231323,0.03670168295502663,0
mujoco,flat_forward,1,1,179,1.7899999999999137,1.0,0.0,0.33204424571870733,0.02204797110081798,-0.009752941464265634,0.45399528566403746,-0.015163840989193383,1.7448506355285645,0.02690986730158329,0
mujoco,flat_forward,1,1,180,1.7999999999999126,1.0,0.0,0.331828674655275,0.022138090925018644,-0.009776589698137017,0.45205956016993104,-0.01286127803725943,1.7405216693878174,0.0340237058699131,0
mujoco,flat_forward,1,1,181,1.8099999999999115,1.0,0.0,0.33162406221802426,0.02228362218188356,-0.00965560121676294,0.4509848511993949,-0.015944326430132882,1.7447047233581543,0.021394256502389908,0
mujoco,flat_forward,1,1,182,1.8199999999999104,1.0,0.0,0.3314267313152489,0.0224208451762138,-0.009699722993780385,0.4502235374388522,-0.011384077051072153,1.7449723482131958,0.02003493346273899,0
mujoco,flat_forward,1,1,183,1.8299999999999093,1.0,0.0,0.33123521821959706,0.02263767339970385,-0.00950243709746455,0.4480785045100113,-0.016340949870264552,1.740572214126587,0.02172328159213066,0
mujoco,flat_forward,1,1,184,1.8399999999999082,1.0,0.0,0.33105566051171476,0.022829559888294142,-0.009440179594392436,0.4480239758009911,-0.02034901405965762,1.7485631704330444,0.015377839095890522,0
mujoco,flat_forward,1,1,185,1.849999999999907,1.0,0.0,0.3308749214859533,0.023059663950892702,-0.009269728826612405,0.4454753365298024,-0.016018068321519398,1.7411442995071411,0.03334251046180725,0
mujoco,flat_forward,1,1,186,1.859999999999906,1.0,0.0,0.33070699026584294,0.02331210512075073,-0.009048037288001864,0.44474877795083195,-0.021041912457128057,1.7524542808532715,0.027323374524712563,0
mujoco,flat_forward,1,1,187,1.8699999999999048,1.0,0.0,0.33054439915614986,0.023555808261535437,-0.008965779821413016,0.4433014989266941,-0.01540657275535151,1.7495723962783813,0.022602856159210205,0
mujoco,flat_forward,1,1,188,1.8799999999999037,1.0,0.0,0.3303946691937251,0.02384057596896159,-0.008659770619965899,0.44149614187968766,-0.021767934117129805,1.7518830299377441,0.015121247619390488,0
mujoco,flat_forward,1,1,189,1.8899999999999026,1.0,0.0,0.33025926269721806,0.02409835126343698,-0.00853148683907226,0.44121257598675323,-0.019814615272963316,1.756455659866333,0.009187166579067707,0
mujoco,flat_forward,1,1,190,1.8999999999999015,1.0,0.0,0.3301281808991888,0.02448206563360533,-0.008257279716944161,0.43874494011696963,-0.018553707883132445,1.7495765686035156,0.02431141957640648,0
mujoco,flat_forward,1,1,191,1.9099999999999004,1.0,0.0,0.3300138397036688,0.024830501499937603,-0.007992023712611937,0.43811462235495535,-0.0266407781148203,1.7592813968658447,0.025647183880209923,0
mujoco,flat_forward,1,1,192,1.9199999999998993,1.0,0.0,0.3299043579954113,0.025157864169075263,-0.00786384443100428,0.43667033984987286,-0.017697650643965286,1.7550299167633057,0.02468017302453518,0
mujoco,flat_forward,1,1,193,1.9299999999998982,1.0,0.0,0.3298081913569256,0.025529553493944066,-0.00751775601927499,0.43491272610532367,-0.026073397831258935,1.758298635482788,0.015101609751582146,0
mujoco,flat_forward,1,1,194,1.9399999999998971,1.0,0.0,0.32972625418464496,0.025844328447660016,-0.007349953902587287,0.4347457280724608,-0.02533249316734725,1.76224946975708,0.010503776371479034,0
mujoco,flat_forward,1,1,195,1.949999999999896,1.0,0.0,0.32964896631094864,0.02629555894736402,-0.00708138736006857,0.4325696108255853,-0.021813743372726496,1.7565513849258423,0.018824145197868347,0
mujoco,flat_forward,1,1,196,1.959999999999895,1.0,0.0,0.3295880225665317,0.026689853440709704,-0.006791945169975093,0.4318893497771339,-0.031192280473780164,1.7645817995071411,0.027211109176278114,0
mujoco,flat_forward,1,1,197,1.9699999999998938,1.0,0.0,0.3295347287671643,0.027055346740677704,-0.0066573531410719445,0.430957957576766,-0.018334514846516922,1.7613186836242676,0.019705891609191895,0
mujoco,flat_forward,1,1,198,1.9799999999998927,1.0,0.0,0.32949280427643624,0.02749436059756924,-0.006305265300690102,0.4290568560174635,-0.02883225525640941,1.7614456415176392,0.014125014655292034,0
mujoco,flat_forward,1,1,199,1.9899999999998916,1.0,0.0,0.3294663658935524,0.02785198678739301,-0.0060946942466405295,0.42904007607459466,-0.03427549772459147,1.7668360471725464,0.018726516515016556,0
mujoco,flat_forward,1,1,200,1.9999999999998905,1.0,0.0,0.3294462065472025,0.028301585539409663,-0.005880987819208099,0.4274955597108503,-0.022194336150104896,1.7625055313110352,0.01603936217725277,0
mujoco,flat_forward,1,1,201,2.0099999999998897,1.0,0.0,0.32944003803917576,0.028721041657753143,-0.0055757202821665975,0.42659303834664125,-0.03325172939859056,1.767675518989563,0.026071855798363686,0
mujoco,flat_forward,1,1,202,2.0199999999998886,1.0,0.0,0.3294445075314611,0.029072012723335393,-0.005437622299386535,0.4263223392750123,-0.02671509657841236,1.7677565813064575,0.013317522592842579,0
mujoco,flat_forward,1,1,203,2.0299999999998875,1.0,0.0,0.3294550703949485,0.029557032311409628,-0.005216381740468801,0.4248485220368124,-0.026906756978518992,1.7662497758865356,0.012852511368691921,0
mujoco,flat_forward,1,1,204,2.0399999999998863,1.0,0.0,0.329480490643633,0.029967328717036692,-0.005022886335260882,0.42479955594826724,-0.039842693345245116,1.769611120223999,0.021487925201654434,0
mujoco,flat_forward,1,1,205,2.0499999999998852,1.0,0.0,0.32951190644747896,0.030327713402834383,-0.004912627761270782,0.4241302275665943,-0.021612223584610638,1.7663651704788208,0.016742348670959473,0
mujoco,flat_forward,1,1,206,2.059999999999884,1.0,0.0,0.32955106638337556,0.030768335792755428,-0.0046828451738956415,0.42291165803705066,-0.034087152730236076,1.768121600151062,0.021580060943961143,0
mujoco,flat_forward,1,1,207,2.069999999999883,1.0,0.0,0.32960282925831313,0.031126440644911237,-0.004547730294559921,0.4228693309486764,-0.0388224273818114,1.771186351776123,0.017330864444375038,0
mujoco,flat_forward,1,1,208,2.079999999999882,1.0,0.0,0.329662682176945,0.03154943938225186,-0.004428830186048551,0.4223798398576369,-0.023311609290904315,1.7707504034042358,0.013825095258653164,0
mujoco,flat_forward,1,1,209,2.089999999999881,1.0,0.0,0.3297343068069956,0.03196282716678585,-0.00425968598756137,0.42191711616554867,-0.039236868869342086,1.7714632749557495,0.019822124391794205,0
mujoco,flat_forward,1,1,210,2.0999999999998797,1.0,0.0,0.32981305121019866,0.032280701188349005,-0.004190670941863858,0.4217915091688412,-0.034917840269312515,1.7723631858825684,0.01512389350682497,0
mujoco,flat_forward,1,1,211,2.1099999999998786,1.0,0.0,0.32989750891359954,0.03269766473607759,-0.004100798852583279,0.42136295680181385,-0.03049461108979587,1.7754108905792236,0.01834036223590374,0
mujoco,flat_forward,1,1,212,2.1199999999998775,1.0,0.0,0.32999384250891,0.033070844805847155,-0.0040127906961493235,0.42155007110670206,-0.046998868926939615,1.7758606672286987,0.01599021628499031,0
mujoco,flat_forward,1,1,213,2.1299999999998764,1.0,0.0,0.3300966411303771,0.033377832498282856,-0.003914374543524803,0.4213117574929938,-0.02758935352103424,1.7769376039505005,0.015301821753382683,0
mujoco,flat_forward,1,1,214,2.1399999999998753,1.0,0.0,0.33020473603279665,0.03378952264787607,-0.003861203769258043,0.42123972672925764,-0.03143948130851821,1.7821131944656372,0.02547319047152996,0
mujoco,flat_forward,1,1,215,2.1499999999998742,1.0,0.0,0.33032110027701006,0.034099599578860725,-0.003839035588848695,0.4214225192682748,-0.04183402731702903,1.781482219696045,0.013127697631716728,0
mujoco,flat_forward,1,1,216,2.159999999999873,1.0,0.0,0.33044371490960994,0.034408820665567816,-0.003811748847396182,0.4218496687761344,-0.02223505194922266,1.7869133949279785,0.020845511928200722,0
mujoco,flat_forward,1,1,217,2.169999999999872,1.0,0.0,0.33057354536288686,0.03476736224711011,-0.0037683810241679666,0.42179668261723785,-0.039962315732031586,1.7865030765533447,0.018941909074783325,0
mujoco,flat_forward,1,1,218,2.179999999999871,1.0,0.0,0.3307070607255056,0.034999740501896484,-0.0037708144929438072,0.42201471231802445,-0.039244567176675745,1.7889187335968018,0.01824858784675598,0
mujoco,flat_forward,1,1,219,2.18999999999987,1.0,0.0,0.33084507128925184,0.03530883062897576,-0.003781973881545112,0.4227817598499705,-0.025482150101970524,1.7964802980422974,0.023311885073781013,0
mujoco,flat_forward,1,1,220,2.1999999999998687,1.0,0.0,0.3309879273837711,0.03561266048014074,-0.0037962915954446825,0.4234499707605877,-0.047635156655784355,1.7944855690002441,0.01734294928610325,0
mujoco,flat_forward,1,1,221,2.2099999999998676,1.0,0.0,0.3311293165400049,0.03579013923921176,-0.0038056592114412914,0.42365526792391595,-0.03441533824631069,1.7969945669174194,0.020386114716529846,0
mujoco,flat_forward,1,1,222,2.2199999999998665,1.0,0.0,0.3312715528165875,0.03606700022808858,-0.0038603192854689606,0.4245360277643608,-0.03398380314444694,1.804923176765442,0.027266979217529297,0
mujoco,flat_forward,1,1,223,2.2299999999998654,1.0,0.0,0.3314172663877502,0.036270078374087786,-0.003913848298708321,0.42510230292993545,-0.04679135340611451,1.8039963245391846,0.015043051913380623,0
mujoco,flat_forward,1,1,224,2.2399999999998643,1.0,0.0,0.3315669111438666,0.0364975068250467,-0.003932599974071431,0.42609656543491375,-0.02765467448719054,1.8123654127120972,0.023129085078835487,0
mujoco,flat_forward,1,1,225,2.249999999999863,1.0,0.0,0.3317174223985748,0.036784056673835094,-0.0040100894533083836,0.42700562325549796,-0.04188571146516121,1.813193678855896,0.020188402384519577,0
mujoco,flat_forward,1,1,226,2.259999999999862,1.0,0.0,0.3318660822596819,0.036930541882961514,-0.004073821532952477,0.4273913670720259,-0.03901752507438332,1.814368724822998,0.01596124656498432,0
mujoco,flat_forward,1,1,227,2.269999999999861,1.0,0.0,0.3320171775637396,0.037149135910069055,-0.00416555404634399,0.429002337732089,-0.025837288677592947,1.8260703086853027,0.025303129106760025,0
mujoco,flat_forward,1,1,228,2.27999999999986,1.0,0.0,0.3321677872021995,0.037321582531914865,-0.004261408798238229,0.42978476060903875,-0.04626996772126011,1.8217015266418457,0.01752851903438568,0
mujoco,flat_forward,1,1,229,2.289999999999859,1.0,0.0,0.3323173525813564,0.03740789487650841,-0.004286301809475639,0.43055389264823735,-0.03132112076479538,1.8308988809585571,0.024301888421177864,0
mujoco,flat_forward,1,1,230,2.2999999999998577,1.0,0.0,0.33246764051190353,0.03758657108568699,-0.004440199093401589,0.43230348244939043,-0.03163067011969118,1.839324712753296,0.021981962025165558,0
mujoco,flat_forward,1,1,231,2.3099999999998566,1.0,0.0,0.3326148264846237,0.037675874203104795,-0.004541370939662829,0.432830588947443,-0.03988334580386541,1.8351653814315796,0.01587039604783058,0
mujoco,flat_forward,1,1,232,2.3199999999998555,1.0,0.0,0.332762414133915,0.03775641277376879,-0.004600728223221231,0.4345996228259373,-0.0247565584038046,1.8489587306976318,0.027295246720314026,0
mujoco,flat_forward,1,1,233,2.3299999999998544,1.0,0.0,0.3329055966098425,0.03784913500661848,-0.004813348381217916,0.43610863847469394,-0.04346886818952615,1.8474987745285034,0.017254456877708435,0
mujoco,flat_forward,1,1,234,2.3399999999998533,1.0,0.0,0.33304007949045045,0.03784617179663904,-0.004930709034769579,0.4366975137219153,-0.03458355945219777,1.846848964691162,0.01729666441679001,0
mujoco,flat_forward,1,1,235,2.349999999999852,1.0,0.0,0.33317099004756584,0.03788152964591799,-0.0051377652807347825,0.4388831637527649,-0.029829676037813224,1.8597006797790527,0.02521359734237194,0
mujoco,flat_forward,1,1,236,2.359999999999851,1.0,0.0,0.3332969095487405,0.03788068651440152,-0.005263867952127329,0.43938044335645354,-0.038926769959973684,1.8539180755615234,0.016484558582305908,0
mujoco,flat_forward,1,1,237,2.36999999999985,1.0,0.0,0.3334221435515098,0.03786637483328053,-0.005324179396599749,0.4412452130448151,-0.02731514092890277,1.8677504062652588,0.02714814990758896,0
mujoco,flat_forward,1,1,238,2.379999999999849,1.0,0.0,0.3335421444696447,0.03785942125377489,-0.005594263665780978,0.4431529949329294,-0.039074384608854616,1.8675967454910278,0.014286570250988007,0
mujoco,flat_forward,1,1,239,2.389999999999848,1.0,0.0,0.3336551620878169,0.037812894020922486,-0.005678900931578624,0.44375884578119545,-0.03063405074121913,1.8657604455947876,0.013799075037240982,0
mujoco,flat_forward,1,1,240,2.3999999999998467,1.0,0.0,0.33376494949543206,0.03777351601183877,-0.005898457697763783,0.44634642707656347,-0.026897671882210414,1.8802433013916016,0.024265743792057037,0
mujoco,flat_forward,1,1,241,2.4099999999998456,1.0,0.0,0.33386767672467643,0.03770590151293948,-0.0060218796279430985,0.44668812351452314,-0.033914857368855654,1.8711719512939453,0.018805699422955513,0
mujoco,flat_forward,1,1,242,2.4199999999998445,1.0,0.0,0.3339676860759718,0.03762268294221719,-0.006102077937703992,0.4488487328290723,-0.027017881579908413,1.8871114253997803,0.02896677330136299,0
mujoco,flat_forward,1,1,243,2.4299999999998434,1.0,0.0,0.33406070283208245,0.037535598678922436,-0.0063457984310283395,0.4503791128728885,-0.035434850412913624,1.8851970434188843,0.013278680853545666,0
mujoco,flat_forward,1,1,244,2.4399999999998423,1.0,0.0,0.33414913780059297,0.03742311224255733,-0.006412682550957081,0.45147534562898484,-0.028806540262242306,1.88833487033844,0.014998740516602993,0
mujoco,flat_forward,1,1,245,2.449999999999841,1.0,0.0,0.3342332220044986,0.03730700885170346,-0.006655982510488678,0.45406054612862434,-0.030823645505150574,1.8975495100021362,0.015494266524910927,0
mujoco,flat_forward,1,1,246,2.45999999999984,1.0,0.0,0.3343086105456339,0.037097548868360634,-0.006764275912350005,0.45441475007942833,-0.03147093502317262,1.887307047843933,0.01972142793238163,0
mujoco,flat_forward,1,1,247,2.469999999999839,1.0,0.0,0.33437890779724355,0.036899081455652155,-0.006929731714462984,0.45699088438906016,-0.026729713319400026,1.9036035537719727,0.027610016986727715,0
mujoco,flat_forward,1,1,248,2.479999999999838,1.0,0.0,0.3344387358364056,0.03669352324067899,-0.007109540549819763,0.4576644857334235,-0.03390867298891356,1.8944684267044067,0.02173871546983719,0
mujoco,flat_forward,1,1,249,2.489999999999837,1.0,0.0,0.33449437775760493,0.03646190487185701,-0.007203763729451806,0.4595605119190396,-0.029514722246651498,1.906576156616211,0.0235265102237463,0
mujoco,flat_forward,1,1,250,2.4999999999998357,1.0,0.0,0.33454234180379067,0.03621854702593351,-0.007469405716867966,0.4614303678993183,-0.03275384021039539,1.9067193269729614,0.011408370919525623,0
mujoco,flat_forward,1,1,251,2.5099999999998346,1.0,0.0,0.3345852841290093,0.03594513157083361,-0.007551900541116662,0.46239413822431125,-0.028846027312455655,1.905287265777588,0.009400843642652035,0
mujoco,flat_forward,1,1,252,2.5199999999998335,1.0,0.0,0.33462212690697946,0.03565310723143757,-0.00779833742699298,0.4653649807179927,-0.02742653369063275,1.915195345878601,0.015606909058988094,0
mujoco,flat_forward,1,1,253,2.5299999999998324,1.0,0.0,0.3346445917442682,0.03531822922718445,-0.00791262052721003,0.4654653322994859,-0.028823078882542787,1.8998255729675293,0.027066407725214958,0
mujoco,flat_forward,1,1,254,2.5399999999998313,1.0,0.0,0.3346596762451657,0.03497844700766664,-0.00806866826447609,0.4680080263404329,-0.028550451561311488,1.9189451932907104,0.03174395486712456,0
mujoco,flat_forward,1,1,255,2.54999999999983,1.0,0.0,0.3346629232437063,0.0346300085563601,-0.00824193580874161,0.46857551970410305,-0.030210672242402585,1.9098962545394897,0.02374757081270218,0
mujoco,flat_forward,1,1,256,2.559999999999829,1.0,0.0,0.33466361416948986,0.03427698173124195,-0.008357103816647364,0.4705990848762023,-0.029830725056231466,1.9214333295822144,0.02291296236217022,0
mujoco,flat_forward,1,1,257,2.569999999999828,1.0,0.0,0.33465596276216114,0.033890339620016106,-0.00859131380093078,0.47190305436758717,-0.02882702330729444,1.9181889295578003,0.017532579600811005,0
mujoco,flat_forward,1,1,258,2.579999999999827,1.0,0.0,0.33464687301110513,0.03351445536889784,-0.008680918704825432,0.4733210649513842,-0.029488242392795495,1.9208183288574219,0.012132792733609676,0
mujoco,flat_forward,1,1,259,2.5899999999998258,1.0,0.0,0.3346313698199178,0.033092733506141454,-0.008943015989341191,0.47544618415831147,-0.026697783225687378,1.9234988689422607,0.013516100123524666,0
mujoco,flat_forward,1,1,260,2.5999999999998247,1.0,0.0,0.334610237505751,0.032702776358975345,-0.00904399323582098,0.47611100408129114,-0.02965018222345858,1.9171593189239502,0.010987792164087296,0
mujoco,flat_forward,1,1,261,2.6099999999998236,1.0,0.0,0.3345841386404523,0.03226201337750786,-0.009256592958280931,0.4784091897012548,-0.027470666517235072,1.9271341562271118,0.017121572047472,0
mujoco,flat_forward,1,1,262,2.6199999999998225,1.0,0.0,0.33455062141848096,0.03188821527499059,-0.009351600899490527,0.47866548055453156,-0.029305421730008545,1.9197373390197754,0.01583614945411682,0
mujoco,flat_forward,1,1,263,2.6299999999998214,1.0,0.0,0.3345152440626726,0.0314443271872744,-0.00954106725825102,0.4808243465558382,-0.03055912581460956,1.9305901527404785,0.021459005773067474,0
mujoco,flat_forward,1,1,264,2.6399999999998203,1.0,0.0,0.3344736812513669,0.03105734633466513,-0.009680529601275719,0.48130884915884026,-0.02339917144975115,1.9236396551132202,0.018160318955779076,0
mujoco,flat_forward,1,1,265,2.649999999999819,1.0,0.0,0.33443097659325227,0.03062120868620288,-0.009867612809311492,0.4834235187926526,-0.030096022497806726,1.9312310218811035,0.019726648926734924,0
mujoco,flat_forward,1,1,266,2.659999999999818,1.0,0.0,0.3343767433599427,0.030147935506246785,-0.010065492578374557,0.4839573119747277,-0.02226783841059334,1.9227099418640137,0.024281373247504234,0
mujoco,flat_forward,1,1,267,2.669999999999817,1.0,0.0,0.3343183019875052,0.029691329513090114,-0.010236685903922071,0.485689927060278,-0.02976236968077019,1.9289530515670776,0.01918431930243969,0
mujoco,flat_forward,1,1,268,2.679999999999816,1.0,0.0,0.33425044963778655,0.029200929093752215,-0.010437034363815975,0.48658048450593466,-0.021748206423195277,1.9237935543060303,0.021387359127402306,0
mujoco,flat_forward,1,1,269,2.6899999999998148,1.0,0.0,0.3341787533753808,0.028758854747274507,-0.010567815526026023,0.48791758042594424,-0.030686871779691365,1.9258841276168823,0.014451377093791962,0
mujoco,flat_forward,1,1,270,2.6999999999998137,1.0,0.0,0.33409982628942986,0.028253409820927288,-0.010768734587782026,0.4889696771880505,-0.024473727787990677,1.9245280027389526,0.017982792109251022,0
mujoco,flat_forward,1,1,271,2.7099999999998126,1.0,0.0,0.33401940211537234,0.02780932690735978,-0.010870266134264317,0.4899049881349354,-0.034123781152875725,1.9234987497329712,0.011801854707300663,0
mujoco,flat_forward,1,1,272,2.7199999999998115,1.0,0.0,0.3339356715795752,0.02730158982009666,-0.011041413847825799,0.4910513759834199,-0.02378784843446251,1.9238914251327515,0.017007460817694664,0
mujoco,flat_forward,1,1,273,2.7299999999998104,1.0,0.0,0.33384804889279107,0.026918197379443825,-0.011161006378045827,0.49173832748385476,-0.03294165075672263,1.9201098680496216,0.015246713533997536,0
mujoco,flat_forward,1,1,274,2.7399999999998093,1.0,0.0,0.3337558460150853,0.026418822766673972,-0.011374923868562323,0.49283646112420243,-0.02803451493386308,1.9212602376937866,0.02124016359448433,0
mujoco,flat_forward,1,1,275,2.749999999999808,1.0,0.0,0.33365850790261137,0.02603138696454199,-0.011566612967436168,0.4936609728791409,-0.030999082351417306,1.9188920259475708,0.013827106915414333,0
mujoco,flat_forward,1,1,276,2.759999999999807,1.0,0.0,0.3335566626813653,0.025549663823740545,-0.011776857289754123,0.4944780737987818,-0.027205311245887893,1.917518138885498,0.0219899769872427,0
mujoco,flat_forward,1,1,277,2.769999999999806,1.0,0.0,0.33345178137150333,0.025175071970729674,-0.01197123504928349,0.4952549137638227,-0.029262819476993936,1.9178553819656372,0.013649160973727703,0
mujoco,flat_forward,1,1,278,2.779999999999805,1.0,0.0,0.3333456217618674,0.02470436333319558,-0.012163848032625027,0.49580952977009973,-0.027220866608403203,1.9149174690246582,0.021757544949650764,0
mujoco,flat_forward,1,1,279,2.7899999999998037,1.0,0.0,0.3332391369033698,0.02433792711366076,-0.012368245903025467,0.49657980711190264,-0.027994142644270886,1.9162914752960205,0.013813624158501625,0
mujoco,flat_forward,1,1,280,2.7999999999998026,1.0,0.0,0.33313178725812825,0.023873238722847932,-0.012583109972995629,0.49706741946554583,-0.030533119407827262,1.91087806224823,0.02311466634273529,0
mujoco,flat_forward,1,1,281,2.8099999999998015,1.0,0.0,0.3330219265893337,0.023505868361454692,-0.012833309557451374,0.4980680212462886,-0.02537281867903832,1.9111685752868652,0.014550499618053436,0
mujoco,flat_forward,1,1,282,2.8199999999998004,1.0,0.0,0.3329072867303578,0.02308510171783335,-0.013035547981382236,0.4981562220916426,-0.02930968916107292,1.903064250946045,0.02532857470214367,0
mujoco,flat_forward,1,1,283,2.8299999999997993,1.0,0.0,0.332790796839757,0.022748891064807947,-0.013250244985512574,0.49912827726422737,-0.023749235408965907,1.9070580005645752,0.015469970181584358,0
mujoco,flat_forward,1,1,284,2.8399999999997982,1.0,0.0,0.3326709130489465,0.022360629399242805,-0.013413486534233094,0.49888706111786413,-0.0294788236740015,1.8990049362182617,0.02525685913860798,0
mujoco,flat_forward,1,1,285,2.849999999999797,1.0,0.0,0.3325526027516349,0.0220403160040307,-0.013590287669380455,0.49982249972890197,-0.02274812466059966,1.9040135145187378,0.016638632863759995,0
mujoco,flat_forward,1,1,286,2.859999999999796,1.0,0.0,0.3324311157733826,0.02167965975529874,-0.013742484929000381,0.4995112198558707,-0.033197255561571416,1.8945273160934448,0.026347186416387558,0
mujoco,flat_forward,1,1,287,2.869999999999795,1.0,0.0,0.332310341973583,0.021364754229940535,-0.013885489299805286,0.5003752802304032,-0.02446444292203827,1.8983958959579468,0.016750728711485863,0
mujoco,flat_forward,1,1,288,2.879999999999794,1.0,0.0,0.33218495596579917,0.021046365885571815,-0.01400664640539324,0.4997756415395603,-0.03454383101190695,1.8884037733078003,0.025682050734758377,0
mujoco,flat_forward,1,1,289,2.8899999999997927,1.0,0.0,0.33206241509382417,0.02076420116278069,-0.014090729978075664,0.5004880335883511,-0.025201243058441798,1.8931024074554443,0.017485355958342552,0
mujoco,flat_forward,1,1,290,2.8999999999997916,1.0,0.0,0.33193444417506296,0.0205050535107365,-0.0142061065247208,0.5000001011764914,-0.03731143113987965,1.8846102952957153,0.024806758388876915,0
mujoco,flat_forward,1,1,291,2.9099999999997905,1.0,0.0,0.33180773576329997,0.020246722282100314,-0.01427377949956059,0.50038606235127,-0.02800309163310079,1.8874311447143555,0.01727619580924511,0
mujoco,flat_forward,1,1,292,2.9199999999997894,1.0,0.0,0.33167511717846054,0.020031619965456115,-0.014418205193478363,0.5001569106052446,-0.033223750786518985,1.881413459777832,0.01997244916856289,0
mujoco,flat_forward,1,1,293,2.9299999999997883,1.0,0.0,0.33154541903319046,0.01982365422821032,-0.014446557991720442,0.5001606823767677,-0.02562392786124886,1.8822599649429321,0.013711021281778812,0
mujoco,flat_forward,1,1,294,2.9399999999997872,1.0,0.0,0.3314127117199331,0.019643144905387523,-0.014575007405873336,0.4999683763053315,-0.029784291595480142,1.8797582387924194,0.014279390685260296,0
mujoco,flat_forward,1,1,295,2.949999999999786,1.0,0.0,0.33128664297221205,0.019466552642153058,-0.01455285050264835,0.499641289063136,-0.024411310988230357,1.8798915147781372,0.012820754200220108,0
mujoco,flat_forward,1,1,296,2.959999999999785,1.0,0.0,0.33116091720091306,0.019304711608858365,-0.01468034673170999,0.4997129741527431,-0.03037621892643885,1.8792390823364258,0.010715481825172901,0
mujoco,flat_forward,1,1,297,2.969999999999784,1.0,0.0,0.3310409304220808,0.019137056513022138,-0.014629417263338789,0.4990169326328557,-0.02579493056987281,1.8762474060058594,0.014091151766479015,0
mujoco,flat_forward,1,1,298,2.979999999999783,1.0,0.0,0.33092218262871925,0.018982446447554428,-0.014745249326218148,0.4993327403434159,-0.031777055581281806,1.878098964691162,0.008485754951834679,0
mujoco,flat_forward,1,1,299,2.9899999999997817,1.0,0.0,0.33080791982941377,0.018820941479770453,-0.014649044076259866,0.4982370183294517,-0.027478584650410684,1.8727365732192993,0.01681496575474739,0
mujoco,flat_forward,1,1,300,2.9999999999997806,1.0,0.0,0.3306959864660575,0.018704105624864083,-0.01475219244798434,0.49906356977869637,-0.029387574104631536,1.877997875213623,0.01241809781640768,0
mujoco,flat_forward,1,1,301,3.0099999999997795,1.0,0.0,0.33058454285461114,0.018581725168698177,-0.014617890758142604,0.49745869834269796,-0.027030263100650306,1.8678065538406372,0.025195688009262085,0
mujoco,flat_forward,1,1,302,3.0199999999997784,1.0,0.0,0.33047687620432203,0.018498578960525338,-0.014640204839085779,0.4984496802185159,-0.028195350492390782,1.878830075263977,0.02450900711119175,0
mujoco,flat_forward,1,1,303,3.0299999999997773,1.0,0.0,0.33036867882194215,0.01839436621471462,-0.014486875607925387,0.49648967932253507,-0.03019593182237716,1.8661854267120361,0.03300857171416283,0
mujoco,flat_forward,1,1,304,3.039999999999776,1.0,0.0,0.33026743311795986,0.018318564754369656,-0.01445556924431921,0.4975933554246107,-0.02785698813956766,1.8777669668197632,0.03143911808729172,0
mujoco,flat_forward,1,1,305,3.049999999999775,1.0,0.0,0.3301628913755416,0.018280305316667196,-0.014368022829898727,0.49560087102063083,-0.03226394466127131,1.8638265132904053,0.037380997091531754,0
mujoco,flat_forward,1,1,306,3.059999999999774,1.0,0.0,0.33006588103957657,0.018264351982332287,-0.014307029090167974,0.49629609154686366,-0.03137007820955431,1.8739882707595825,0.03132503107190132,0
mujoco,flat_forward,1,1,307,3.069999999999773,1.0,0.0,0.32996701747435914,0.01825764059320115,-0.01426018756104356,0.4947532849881225,-0.032976364440439804,1.8645296096801758,0.03137447312474251,0
mujoco,flat_forward,1,1,308,3.079999999999772,1.0,0.0,0.32987766251047845,0.018257497835645856,-0.014161368768326233,0.4950473034107413,-0.033154031039723884,1.8716472387313843,0.02642032876610756,0
mujoco,flat_forward,1,1,309,3.0899999999997707,1.0,0.0,0.3297873055786153,0.018260166902578038,-0.014185560751362052,0.494213884971148,-0.03601527015635681,1.8660086393356323,0.02347823791205883,0
mujoco,flat_forward,1,1,310,3.0999999999997696,1.0,0.0,0.3297053137962118,0.01826713695239341,-0.01404971894156439,0.4939334693133813,-0.03654248103233257,1.8685760498046875,0.017619915306568146,0
mujoco,flat_forward,1,1,311,3.1099999999997685,1.0,0.0,0.3296240900844527,0.018280048871849437,-0.014085935594709095,0.4936903610081738,-0.03597176154759005,1.8684983253479004,0.010889101773500443,0
mujoco,flat_forward,1,1,312,3.1199999999997674,1.0,0.0,0.3295519876286763,0.018326023014181556,-0.013894929436559079,0.4927821926440073,-0.038390298647682904,1.867078185081482,0.010081675834953785,0
mujoco,flat_forward,1,1,313,3.1299999999997663,1.0,0.0,0.32948491910207167,0.018370925271157513,-0.013905618991075208,0.4933266919302056,-0.03211851776968247,1.8716157674789429,0.005851306486874819,0
mujoco,flat_forward,1,1,314,3.139999999999765,1.0,0.0,0.32942289381395684,0.018492182735075968,-0.013688587247935705,0.49179083311331895,-0.037450514982206175,1.8645696640014648,0.0130374850705266,0
mujoco,flat_forward,1,1,315,3.149999999999764,1.0,0.0,0.3293684146944488,0.018575339975783697,-0.013626532326411603,0.4926395678171023,-0.03927067671065914,1.8755784034729004,0.02004462480545044,0
mujoco,flat_forward,1,1,316,3.159999999999763,1.0,0.0,0.32931603462598596,0.018709749027253832,-0.013436867710303687,0.490918739168613,-0.03865986876315927,1.8668360710144043,0.020546017214655876,0
mujoco,flat_forward,1,1,317,3.169999999999762,1.0,0.0,0.3292739137027035,0.018807073590871606,-0.013311783736873783,0.4917386313979089,-0.04485374037226265,1.879704475402832,0.027544349431991577,0
mujoco,flat_forward,1,1,318,3.179999999999761,1.0,0.0,0.32923101041686725,0.01892137787318309,-0.013260434871900309,0.49049778406813954,-0.03528375353469129,1.8708544969558716,0.024933064356446266,0
mujoco,flat_forward,1,1,319,3.1899999999997597,1.0,0.0,0.3291973519357595,0.01903894816234746,-0.013132347364912617,0.4907130916804435,-0.0434378411430503,1.8785051107406616,0.025799322873353958,0
mujoco,flat_forward,1,1,320,3.1999999999997586,1.0,0.0,0.3291654458235698,0.01914532265243158,-0.013131593610102035,0.490228928957722,-0.03669850156321998,1.875643014907837,0.01504951436072588,0
mujoco,flat_forward,1,1,321,3.2099999999997575,1.0,0.0,0.32914377198913236,0.01928250081004194,-0.012986607732443962,0.48984610631188713,-0.04608612334032093,1.8768658638000488,0.017159581184387207,0
mujoco,flat_forward,1,1,322,3.2199999999997564,1.0,0.0,0.32912822206104103,0.019392323675402334,-0.012972385066604367,0.49003937847453966,-0.034867958332615516,1.8793323040008545,0.01003710925579071,0
mujoco,flat_forward,1,1,323,3.2299999999997553,1.0,0.0,0.32911992640665483,0.01957227173895019,-0.012833054593151696,0.48914020172577133,-0.04480595857991332,1.8747144937515259,0.014864495024085045,0
mujoco,flat_forward,1,1,324,3.239999999999754,1.0,0.0,0.3291189710766053,0.019695772930719717,-0.01279350249878136,0.4895173244364501,-0.04292376249236113,1.8826189041137695,0.015956418588757515,0
mujoco,flat_forward,1,1,325,3.249999999999753,1.0,0.0,0.3291215516444985,0.019884272784497073,-0.012720413973904837,0.4888103543443665,-0.04212180837774844,1.8790688514709473,0.011967393569648266,0
mujoco,flat_forward,1,1,326,3.259999999999752,1.0,0.0,0.329132237322372,0.02001872309135862,-0.012688342152318897,0.4891482866790082,-0.04921521112745354,1.8860303163528442,0.014494655653834343,0
mujoco,flat_forward,1,1,327,3.269999999999751,1.0,0.0,0.32914668457746254,0.020197110153629995,-0.012653407125467265,0.48872762695177135,-0.03768514694229125,1.8849223852157593,0.011265039443969727,0
mujoco,flat_forward,1,1,328,3.27999999999975,1.0,0.0,0.3291695590582019,0.020336910370336102,-0.012607150036047843,0.4889976306596575,-0.05277657004392455,1.8903083801269531,0.015452745370566845,0
mujoco,flat_forward,1,1,329,3.2899999999997487,1.0,0.0,0.3291962918931268,0.020492066513516826,-0.012585780275319081,0.48888880526595946,-0.03342029797838345,1.890378475189209,0.012865960597991943,0
mujoco,flat_forward,1,1,330,3.2999999999997476,1.0,0.0,0.32922913322373537,0.020669133642564615,-0.01252785327513074,0.4887680519216138,-0.05071676641083127,1.892648696899414,0.018471572548151016,0
mujoco,flat_forward,1,1,331,3.3099999999997465,1.0,0.0,0.3292663869052434,0.020779617763553745,-0.012508301204096623,0.4888537815111243,-0.037182113981730824,1.8958085775375366,0.014519307762384415,0
mujoco,flat_forward,1,1,332,3.3199999999997454,1.0,0.0,0.32930589856287096,0.02096350198745157,-0.012494027438972481,0.4887380434246954,-0.04724737439029995,1.8960931301116943,0.01825648359954357,0
mujoco,flat_forward,1,1,333,3.3299999999997443,1.0,0.0,0.32935040330669096,0.02108764358860511,-0.012495800212532073,0.488838748199983,-0.04511516603288907,1.9005472660064697,0.014809411950409412,0
mujoco,flat_forward,1,1,334,3.339999999999743,1.0,0.0,0.32939853888413284,0.021263567849791443,-0.012509411645895847,0.4891030163134981,-0.04311431581358711,1.9019044637680054,0.015939772129058838,0
mujoco,flat_forward,1,1,335,3.349999999999742,1.0,0.0,0.3294520996231721,0.02138468111797426,-0.012521306617774699,0.4892023464057178,-0.05068404840251244,1.9054158926010132,0.013045773841440678,0
mujoco,flat_forward,1,1,336,3.359999999999741,1.0,0.0,0.3295098074823799,0.021547773575500133,-0.012547934397630052,0.48979485922566335,-0.03829910722872117,1.9080265760421753,0.016928499564528465,0
mujoco,flat_forward,1,1,337,3.36999999999974,1.0,0.0,0.3295716215287184,0.021666102968312152,-0.01257133170980348,0.4898391054260065,-0.05476050947131129,1.9087846279144287,0.01382866594940424,0
mujoco,flat_forward,1,1,338,3.3799999999997388,1.0,0.0,0.3296380537407346,0.02177044912902914,-0.012578712958816254,0.4905304776700969,-0.036027105854333386,1.914524793624878,0.0194801427423954,0
mujoco,flat_forward,1,1,339,3.3899999999997377,1.0,0.0,0.3297038553547094,0.02189703976014402,-0.01265061539399128,0.49081613135403596,-0.05578419613875098,1.9141855239868164,0.016836287453770638,0
mujoco,flat_forward,1,1,340,3.3999999999997366,1.0,0.0,0.32977201386355615,0.021962366408968544,-0.012668993424128342,0.49093936531871346,-0.04090626092950487,1.9194977283477783,0.018133478239178658,0
mujoco,flat_forward,1,1,341,3.4099999999997355,1.0,0.0,0.3298408238004641,0.022084571930149097,-0.012799175665877743,0.49180288788925425,-0.04881299255811855,1.9245058298110962,0.017094867303967476,0
mujoco,flat_forward,1,1,342,3.4199999999997344,1.0,0.0,0.32991087538557035,0.022135239548281553,-0.012860386142620908,0.49167701690154786,-0.04444844505520372,1.92437744140625,0.013400234282016754,0
mujoco,flat_forward,1,1,343,3.4299999999997333,1.0,0.0,0.32998170677349026,0.022228891408871288,-0.013029864066957716,0.4929179356493187,-0.04226595332209892,1.9310839176177979,0.020612284541130066,0
mujoco,flat_forward,1,1,344,3.439999999999732,1.0,0.0,0.3300527257399498,0.02226358407859636,-0.013128017272344705,0.4927141650652241,-0.04892574696536728,1.9275248050689697,0.014589998871088028,0
mujoco,flat_forward,1,1,345,3.449999999999731,1.0,0.0,0.33012503512326896,0.022309183386094743,-0.013277380688989267,0.4943039243522186,-0.038290209639273695,1.9364227056503296,0.023621615022420883,0
mujoco,flat_forward,1,1,346,3.45999999999973,1.0,0.0,0.33019447148231473,0.022337321524046893,-0.013386190076954642,0.49378710364563944,-0.04964698610366077,1.9292627573013306,0.01910460740327835,0
mujoco,flat_forward,1,1,347,3.469999999999729,1.0,0.0,0.3302667828866717,0.02235257528091859,-0.01344134187410374,0.49515097451314233,-0.04103600606372534,1.9432275295257568,0.029755357652902603,0
mujoco,flat_forward,1,1,348,3.4799999999997278,1.0,0.0,0.33033544172187745,0.022364354319656013,-0.013625107439761266,0.4952394805871008,-0.047455593728103936,1.939426302909851,0.016328299418091774,0
mujoco,flat_forward,1,1,349,3.4899999999997267,1.0,0.0,0.3304080441337482,0.022373268046235725,-0.013678636734043787,0.4960662574169332,-0.042468303158981355,1.9485716819763184,0.019317159429192543,0
mujoco,flat_forward,1,1,350,3.4999999999997256,1.0,0.0,0.33047820060745475,0.022373820643938405,-0.01392665549655584,0.4969391705298287,-0.04909354400481636,1.949099063873291,0.009554068557918072,0
mujoco,flat_forward,1,1,351,3.5099999999997245,1.0,0.0,0.33054998631197674,0.022347148484220945,-0.013981317554763157,0.4971548085638141,-0.04522893265829363,1.9505326747894287,0.0078001017682254314,0
mujoco,flat_forward,1,1,352,3.5199999999997234,1.0,0.0,0.3306180871959631,0.022325222090431283,-0.014270062534927875,0.4988818171196831,-0.044524597874515244,1.957226037979126,0.011548096314072609,0
mujoco,flat_forward,1,1,353,3.5299999999997222,1.0,0.0,0.3306841454961496,0.02229216729633248,-0.014318193985363084,0.4984677784152915,-0.04384752875352734,1.9499393701553345,0.012293604202568531,0
mujoco,flat_forward,1,1,354,3.539999999999721,1.0,0.0,0.3307473112481852,0.02224588656630934,-0.014556337424007249,0.5006125965969158,-0.042196678940533,1.9648269414901733,0.02461768500506878,0
mujoco,flat_forward,1,1,355,3.54999999999972,1.0,0.0,0.3308064811056302,0.02219165605881284,-0.014565559535879334,0.4997318369625176,-0.04414017252704743,1.9521793127059937,0.02339150942862034,0
mujoco,flat_forward,1,1,356,3.559999999999719,1.0,0.0,0.33086446558949284,0.022122909457985902,-0.014719913177156053,0.5019295907552976,-0.04461943840060792,1.9723143577575684,0.03555937111377716,0
mujoco,flat_forward,1,1,357,3.569999999999718,1.0,0.0,0.3309151063198549,0.022050848503870065,-0.014816601631097973,0.5010978567333775,-0.04442868727154001,1.958455204963684,0.031108951196074486,0
mujoco,flat_forward,1,1,358,3.5799999999997167,1.0,0.0,0.3309647075382206,0.021964170157419857,-0.014958557801805158,0.502958798158361,-0.04609921463931898,1.9745303392410278,0.03293952718377113,0
mujoco,flat_forward,1,1,359,3.5899999999997156,1.0,0.0,0.33100658438767316,0.021869027855193745,-0.015119298614467732,0.5026630297915327,-0.04361161695753464,1.9642990827560425,0.028311017900705338,0
mujoco,flat_forward,1,1,360,3.5999999999997145,1.0,0.0,0.3310472322193147,0.021761492039296202,-0.015240965558830387,0.5041572440251245,-0.04675505590590472,1.974435806274414,0.025833867490291595,0
mujoco,flat_forward,1,1,361,3.6099999999997134,1.0,0.0,0.3310788752114065,0.021628951052775132,-0.015449120026536298,0.5044414980448101,-0.04182597474034857,1.9688197374343872,0.02279660478234291,0
mujoco,flat_forward,1,1,362,3.6199999999997123,1.0,0.0,0.33110797778143103,0.021495383065779368,-0.01555365505970775,0.5055273016028261,-0.04703590183871914,1.9739044904708862,0.018684500828385353,0
mujoco,flat_forward,1,1,363,3.6299999999997112,1.0,0.0,0.3311287450089134,0.021332620162898934,-0.015743981646062843,0.5061736260435712,-0.037285739203404625,1.9735101461410522,0.017242329195141792,0
mujoco,flat_forward,1,1,364,3.63999999999971,1.0,0.0,0.33114718640768226,0.02119090663079633,-0.015824690821201536,0.5068987845464159,-0.04584464838134318,1.9757301807403564,0.014534360729157925,0
mujoco,flat_forward,1,1,365,3.649999999999709,1.0,0.0,0.3311595499088161,0.021000082800036818,-0.015986622387295694,0.5076677122262696,-0.036110571712169665,1.9782297611236572,0.014858629554510117,0
mujoco,flat_forward,1,1,366,3.659999999999708,1.0,0.0,0.3311716750748329,0.02083424507790212,-0.016049617085449046,0.5081094750804237,-0.047328373667781004,1.9795446395874023,0.011270112358033657,0
mujoco,flat_forward,1,1,367,3.669999999999707,1.0,0.0,0.33117931841880444,0.020598711079972718,-0.01623986363351458,0.5093015183051934,-0.037650020936555575,1.9824652671813965,0.014414995908737183,0
mujoco,flat_forward,1,1,368,3.6799999999997057,1.0,0.0,0.33118038490106666,0.020422623176424556,-0.016345843809698352,0.5095440011904396,-0.04768782532014685,1.9782754182815552,0.013285500928759575,0
mujoco,flat_forward,1,1,369,3.6899999999997046,1.0,0.0,0.33117436926981014,0.02017276275427047,-0.01653255256798942,0.5105615249886373,-0.03931642945429651,1.9835642576217651,0.016978034749627113,0
mujoco,flat_forward,1,1,370,3.6999999999997035,1.0,0.0,0.3311633413295382,0.019982911484158893,-0.016648773203840322,0.5108693966054869,-0.046887119210786005,1.981662392616272,0.012058014050126076,0
mujoco,flat_forward,1,1,371,3.7099999999997024,1.0,0.0,0.3311475629505772,0.019718769054069614,-0.01681580971503989,0.5117148543851427,-0.039992093937435,1.985181212425232,0.016381992027163506,0
mujoco,flat_forward,1,1,372,3.7199999999997013,1.0,0.0,0.33112808261746646,0.019517530350387332,-0.016944387005333107,0.5121371897301175,-0.045492747315134946,1.9843920469284058,0.011139842681586742,0
mujoco,flat_forward,1,1,373,3.7299999999997,1.0,0.0,0.331105054981275,0.019240532880745797,-0.01709833292901269,0.5128116757789655,-0.040486852328306885,1.9852068424224854,0.01527282502502203,0
mujoco,flat_forward,1,1,374,3.739999999999699,1.0,0.0,0.33107872167797625,0.01902968939757915,-0.017243296173308158,0.513343944738017,-0.04445683570163763,1.9854860305786133,0.010793780907988548,0
mujoco,flat_forward,1,1,375,3.749999999999698,1.0,0.0,0.33104879428472933,0.018746391455002634,-0.017386421014953017,0.5138466042104605,-0.041293394531197125,1.9839794635772705,0.01618320494890213,0
mujoco,flat_forward,1,1,376,3.759999999999697,1.0,0.0,0.3310151117483406,0.018531734958642906,-0.017544425450855893,0.5144874937345529,-0.0434807800835236,1.985388994216919,0.010756202042102814,0
mujoco,flat_forward,1,1,377,3.769999999999696,1.0,0.0,0.3309772167459615,0.018246239714558,-0.017671133011695428,0.514799218057965,-0.042261065644422405,1.9824851751327515,0.017503958195447922,0
mujoco,flat_forward,1,1,378,3.7799999999996947,1.0,0.0,0.3309353122996974,0.01802846773518399,-0.01783776224689106,0.5155750981431417,-0.04278999213251207,1.9852797985076904,0.011670148931443691,0
mujoco,flat_forward,1,1,379,3.7899999999996936,1.0,0.0,0.3308896940604399,0.017760153127140438,-0.017926079534745506,0.5154464248685182,-0.04027575024017616,1.9807132482528687,0.019139422103762627,0
mujoco,flat_forward,1,1,380,3.7999999999996925,1.0,0.0,0.33084286126952106,0.017557981277026027,-0.018080125135373284,0.5163472747180461,-0.04033391525954801,1.9855797290802002,0.013921421021223068,0
mujoco,flat_forward,1,1,381,3.8099999999996914,1.0,0.0,0.3307923605263933,0.01729779732035277,-0.01816737317757518,0.5160056921590512,-0.04122361777465561,1.9787465333938599,0.022677596658468246,0
mujoco,flat_forward,1,1,382,3.8199999999996903,1.0,0.0,0.3307400663228321,0.01709219971957801,-0.018320825643982967,0.5170233721824055,-0.04025604538098858,1.984095811843872,0.01548218447715044,0
mujoco,flat_forward,1,1,383,3.829999999999689,1.0,0.0,0.3306819920457799,0.016838873488774848,-0.018399898992300715,0.5164488911115848,-0.043334244082970236,1.9754797220230103,0.025210263207554817,0
mujoco,flat_forward,1,1,384,3.839999999999688,1.0,0.0,0.33062163274278134,0.016632478719727034,-0.018536524242923638,0.5175928349969284,-0.040832671752437044,1.9819867610931396,0.018072346225380898,0
mujoco,flat_forward,1,1,385,3.849999999999687,1.0,0.0,0.3305537439284738,0.016396413374437556,-0.018592572635087054,0.5167950989633279,-0.04551013242698268,1.9718012809753418,0.027823498472571373,0
mujoco,flat_forward,1,1,386,3.859999999999686,1.0,0.0,0.33048395353049265,0.016195329266764837,-0.01869811107972507,0.5180616492933401,-0.041689503559940305,1.9798749685287476,0.02136795036494732,0
mujoco,flat_forward,1,1,387,3.869999999999685,1.0,0.0,0.330406719845216,0.01599997693642765,-0.018683897770021305,0.5168638014698507,-0.04427711777286946,1.967741847038269,0.03095979243516922,0
mujoco,flat_forward,1,1,388,3.8799999999996837,1.0,0.0,0.3303303753412418,0.015825900923122277,-0.018747400376538145,0.5181951887817138,-0.041706865119615986,1.9785504341125488,0.02680271491408348,0
mujoco,flat_forward,1,1,389,3.8899999999996826,1.0,0.0,0.33024575664771477,0.015662386501779844,-0.018755233569232192,0.5169180582600773,-0.04518817999829527,1.965444803237915,0.03526774048805237,0
mujoco,flat_forward,1,1,390,3.8999999999996815,1.0,0.0,0.33016170732481254,0.015503071043598344,-0.018818364017340758,0.5181121506475608,-0.044293860172800355,1.9753954410552979,0.027146227657794952,0
mujoco,flat_forward,1,1,391,3.9099999999996804,1.0,0.0,0.33006892456345094,0.015345739576170516,-0.018844289568981057,0.516966380813677,-0.04536959709740692,1.9635792970657349,0.034842103719711304,0
mujoco,flat_forward,1,1,392,3.9199999999996793,1.0,0.0,0.32997705343303124,0.015187341715747921,-0.018899922003597254,0.5180314466930328,-0.045651446472973346,1.971981406211853,0.026058632880449295,0
mujoco,flat_forward,1,1,393,3.929999999999678,1.0,0.0,0.3298780872589433,0.015039701513897925,-0.018907602024786013,0.5167720368110426,-0.04221510630430956,1.9618242979049683,0.03323289379477501,0
mujoco,flat_forward,1,1,394,3.939999999999677,1.0,0.0,0.32978265502966103,0.014890948615307629,-0.018943119342634606,0.5177313852662515,-0.04501919383881485,1.9698859453201294,0.02680828794836998,0
mujoco,flat_forward,1,1,395,3.949999999999676,1.0,0.0,0.32968127120969254,0.014754391050576613,-0.018970897173687207,0.516581109441143,-0.041251645001657254,1.9606646299362183,0.033654287457466125,0
mujoco,flat_forward,1,1,396,3.959999999999675,1.0,0.0,0.32958311945645946,0.014616398080190428,-0.018996299744822063,0.5173957590244977,-0.04641614225114333,1.9669212102890015,0.025327684357762337,0
mujoco,flat_forward,1,1,397,3.969999999999674,1.0,0.0,0.32947867996326946,0.01449567597506129,-0.019037315789077587,0.5163773812163841,-0.04105173595528716,1.9589911699295044,0.031721845269203186,0
mujoco,flat_forward,1,1,398,3.9799999999996727,1.0,0.0,0.3293772733411155,0.014382295440481158,-0.01903530235713146,0.5168573514506997,-0.046597397315332,1.9637525081634521,0.023144196718931198,0
mujoco,flat_forward,1,1,399,3.9899999999996716,1.0,0.0,0.32927642637372206,0.014311182173366238,-0.018967384173538753,0.5156719123999892,-0.040452253858181964,1.960084319114685,0.02332458831369877,0
mujoco,flat_forward,1,1,400,3.9999999999996705,1.0,0.0,0.3291849195414718,0.014226392725259846,-0.01890503117548185,0.5161101437193962,-0.04771694623504455,1.9663915634155273,0.021025657653808594,0
mujoco,flat_forward,1,1,401,4.009999999999674,1.0,0.0,0.32909695533801686,0.01416844930164933,-0.018825993816387648,0.5150272172401694,-0.03812064841805974,1.9615918397903442,0.02364449016749859,0
mujoco,flat_forward,1,1,402,4.019999999999677,1.0,0.0,0.32901750819689995,0.014112087968972798,-0.01875197136972972,0.5154316629471671,-0.04894922613899346,1.966594934463501,0.01984637975692749,0
mujoco,flat_forward,1,1,403,4.0299999999996805,1.0,0.0,0.3289360626420344,0.014051508102760844,-0.01874802977370348,0.5145401683499177,-0.03935597682341151,1.9603954553604126,0.02629956230521202,0
mujoco,flat_forward,1,1,404,4.039999999999684,1.0,0.0,0.3288590149133718,0.01401242445461065,-0.018685751070546992,0.5145984504392708,-0.051696817526419185,1.9631766080856323,0.019698524847626686,0
mujoco,flat_forward,1,1,405,4.049999999999687,1.0,0.0,0.32878011023410514,0.013974047515157594,-0.01868361296090328,0.5140930575220124,-0.036146146851554754,1.959626317024231,0.020981431007385254,0
mujoco,flat_forward,1,1,406,4.0599999999996905,1.0,0.0,0.32870302441732324,0.013968888131305852,-0.018611571366720002,0.5137912488860865,-0.051401433039360185,1.9586443901062012,0.017677241936326027,0
mujoco,flat_forward,1,1,407,4.069999999999694,1.0,0.0,0.3286250855602804,0.01395296539041167,-0.01856966488885627,0.5133756501296306,-0.0357797514899405,1.9599603414535522,0.017538482323288918,0
mujoco,flat_forward,1,1,408,4.079999999999697,1.0,0.0,0.32855043487018826,0.013970428655172356,-0.018467334338093576,0.5128211949193322,-0.05367378354636057,1.9572933912277222,0.017530234530568123,0
mujoco,flat_forward,1,1,409,4.0899999999997005,1.0,0.0,0.3284787293142986,0.013962376171445313,-0.01838478936520098,0.5123721603758279,-0.03842999580294041,1.960028052330017,0.017509497702121735,0
mujoco,flat_forward,1,1,410,4.099999999999704,1.0,0.0,0.32841038362357217,0.014005045983389463,-0.018310535926002555,0.5117646546782499,-0.055500170946702176,1.957219123840332,0.01802936941385269,0
mujoco,flat_forward,1,1,411,4.109999999999707,1.0,0.0,0.32834535859036085,0.014002506713366562,-0.018257410150896186,0.5113377892454468,-0.044856968173478666,1.9588029384613037,0.018152542412281036,0
mujoco,flat_forward,1,1,412,4.119999999999711,1.0,0.0,0.32828201192546713,0.014061778014868164,-0.018226466421043738,0.5110632015803744,-0.05422441111278668,1.9569532871246338,0.01475769467651844,0
mujoco,flat_forward,1,1,413,4.129999999999714,1.0,0.0,0.3282214558971202,0.01408170736696552,-0.018162451057831156,0.5103898152838663,-0.044942009286728236,1.9569332599639893,0.015202870592474937,0
mujoco,flat_forward,1,1,414,4.139999999999717,1.0,0.0,0.32816443693165304,0.014158491576425786,-0.018121502487438566,0.5102183138203302,-0.05265763795635911,1.958501935005188,0.01585325598716736,0
mujoco,flat_forward,1,1,415,4.149999999999721,1.0,0.0,0.328113228331251,0.014197481683585313,-0.018026515997061274,0.5093276500132783,-0.04578284367060072,1.9576020240783691,0.014911818318068981,0
mujoco,flat_forward,1,1,416,4.159999999999724,1.0,0.0,0.3280679544248468,0.014290551278907541,-0.01799757997108837,0.5095292371918576,-0.04811916740646485,1.961045503616333,0.01712702214717865,0
mujoco,flat_forward,1,1,417,4.169999999999727,1.0,0.0,0.32802665158908706,0.014350019418093286,-0.01792491656625935,0.5086112434208897,-0.04839463015798339,1.957533836364746,0.01593627966940403,0
mujoco,flat_forward,1,1,418,4.179999999999731,1.0,0.0,0.32799052433646675,0.014451829600470886,-0.017909126874420974,0.5090850898219913,-0.045362083182522495,1.9621878862380981,0.017844798043370247,0
mujoco,flat_forward,1,1,419,4.189999999999734,1.0,0.0,0.3279566549275466,0.014530661987741401,-0.017804244920302366,0.5078139074187554,-0.04805753849603149,1.9569743871688843,0.017029980197548866,0
mujoco,flat_forward,1,1,420,4.199999999999737,1.0,0.0,0.3279306242050852,0.01464665613753027,-0.017751882564205717,0.5086307328121967,-0.04134141725329305,1.966471552848816,0.024262631312012672,0
mujoco,flat_forward,1,1,421,4.209999999999741,1.0,0.0,0.32790554481906276,0.014744313202777685,-0.017657241590597544,0.5072080406947445,-0.05028499110226827,1.9574198722839355,0.023404479026794434,0
mujoco,flat_forward,1,1,422,4.219999999999744,1.0,0.0,0.32788897552141877,0.014861367779443703,-0.017554432423930885,0.5079268764285798,-0.044027317970180634,1.9701429605484009,0.03002280369400978,0
mujoco,flat_forward,1,1,423,4.229999999999747,1.0,0.0,0.32787333598082263,0.014966162745484495,-0.01750573046088526,0.5066363016306602,-0.055704567431325146,1.9623560905456543,0.02162589691579342,0
mujoco,flat_forward,1,1,424,4.239999999999751,1.0,0.0,0.32786807495659054,0.015083096176425103,-0.017393211295092633,0.5070120206460333,-0.04877992723747853,1.9722119569778442,0.026178209111094475,0
mujoco,flat_forward,1,1,425,4.249999999999754,1.0,0.0,0.3278643820405969,0.015197921222217158,-0.017393291443028907,0.5063392239009019,-0.05612400621790976,1.9670908451080322,0.016227807849645615,0
mujoco,flat_forward,1,1,426,4.259999999999757,1.0,0.0,0.32787086589232195,0.015318866963010202,-0.017273932807334372,0.5063423901914509,-0.0496956783146219,1.9724431037902832,0.01838301680982113,0
mujoco,flat_forward,1,1,427,4.269999999999761,1.0,0.0,0.3278787891347904,0.015444426503301455,-0.01733534367482988,0.506290997214704,-0.05419164091311823,1.9717094898223877,0.009436001069843769,0
mujoco,flat_forward,1,1,428,4.279999999999764,1.0,0.0,0.3278959659519604,0.015571145479932748,-0.017201208716573022,0.5058151909813937,-0.049552648870440176,1.9721585512161255,0.009580058977007866,0
mujoco,flat_forward,1,1,429,4.289999999999767,1.0,0.0,0.32791583284641534,0.01570379361870226,-0.017287662799551972,0.5064076309378835,-0.05182558803155939,1.977168083190918,0.010196855291724205,0
mujoco,flat_forward,1,1,430,4.299999999999771,1.0,0.0,0.3279435621880611,0.015833170729527897,-0.01713072317326537,0.5054171399540077,-0.04949103973097306,1.9729498624801636,0.005813135299831629,0
mujoco,flat_forward,1,1,431,4.309999999999774,1.0,0.0,0.32797587989849736,0.015964903375503898,-0.017201566935045206,0.5068298653918253,-0.04659670279843749,1.983648657798767,0.020169515162706375,0
mujoco,flat_forward,1,1,432,4.319999999999777,1.0,0.0,0.32801036899908903,0.016106978842088657,-0.017034189822517327,0.5053040249369549,-0.04805295599145573,1.9719842672348022,0.019246060401201248,0
mujoco,flat_forward,1,1,433,4.329999999999781,1.0,0.0,0.3280499771362295,0.01622340006803761,-0.01700103598825192,0.5068580157758237,-0.049684783678599465,1.9910608530044556,0.03610779345035553,0
mujoco,flat_forward,1,1,434,4.339999999999784,1.0,0.0,0.3280903262573655,0.01635529205324934,-0.01689037655398918,0.5053794400409221,-0.04725932581912439,1.980178713798523,0.0237909983843565,0
mujoco,flat_forward,1,1,435,4.349999999999787,1.0,0.0,0.32813888205609293,0.016463431395940475,-0.016822558015072625,0.5067570046958899,-0.051859749244537304,1.9982357025146484,0.03699768707156181,0
mujoco,flat_forward,1,1,436,4.359999999999791,1.0,0.0,0.3281875651917943,0.01656243354358795,-0.0168200326753379,0.5057444942982576,-0.045455750741852305,1.9889765977859497,0.02520843595266342,0
mujoco,flat_forward,1,1,437,4.369999999999794,1.0,0.0,0.3282448862547505,0.016649598557138472,-0.016784841622779555,0.5067549377297469,-0.05274517642164798,2.0009238719940186,0.032373275607824326,0
mujoco,flat_forward,1,1,438,4.379999999999797,1.0,0.0,0.32830291450431626,0.01672469412039275,-0.0168601261769343,0.5063672155311586,-0.0448154061316429,1.9952969551086426,0.02069144695997238,0
mujoco,flat_forward,1,1,439,4.389999999999801,1.0,0.0,0.32836850352942887,0.016799353667364212,-0.016849860874975434,0.5069502280556786,-0.05370533565517589,2.001213312149048,0.0249650701880455,0
mujoco,flat_forward,1,1,440,4.399999999999804,1.0,0.0,0.3284342927509086,0.01685528164303363,-0.016977429681863658,0.5072076722825324,-0.04435078055113343,2.001452684402466,0.016203926876187325,0
mujoco,flat_forward,1,1,441,4.409999999999807,1.0,0.0,0.3285052259057488,0.01691949768319463,-0.016989877483928294,0.5073425479092364,-0.05467433323364896,2.00252366065979,0.018164431676268578,0
mujoco,flat_forward,1,1,442,4.419999999999811,1.0,0.0,0.32857619082849815,0.016957876453514084,-0.017140955350480335,0.5081590122382399,-0.044425186578391736,2.007484197616577,0.014280014671385288,0
mujoco,flat_forward,1,1,443,4.429999999999814,1.0,0.0,0.3286486900905875,0.017017356215424034,-0.017174149739107216,0.5079194167441323,-0.055664564905189964,2.0044147968292236,0.014181221835315228,0
mujoco,flat_forward,1,1,444,4.439999999999817,1.0,0.0,0.32872132069838,0.01703114517833728,-0.017310558361302103,0.5088567913280229,-0.049239475202921205,2.0129196643829346,0.015824846923351288,0
mujoco,flat_forward,1,1,445,4.449999999999821,1.0,0.0,0.3287922529148645,0.017092227524824706,-0.017376885744114615,0.5087049324731956,-0.05490198732948252,2.010054349899292,0.01229094434529543,0
mujoco,flat_forward,1,1,446,4.459999999999824,1.0,0.0,0.3288636244033282,0.017105492646724237,-0.017483132816219573,0.5093957615076511,-0.049480542560575935,2.0183491706848145,0.01508000772446394,0
mujoco,flat_forward,1,1,447,4.4699999999998274,1.0,0.0,0.328935389321928,0.01715438695553045,-0.01754877284640152,0.5096165175377128,-0.04941810716152121,2.0189220905303955,0.010965953581035137,0
mujoco,flat_forward,1,1,448,4.479999999999831,1.0,0.0,0.3290084933770037,0.0171565324647945,-0.017655674884908316,0.5103495047652632,-0.05079543265658535,2.0246682167053223,0.01114143431186676,0
mujoco,flat_forward,1,1,449,4.489999999999834,1.0,0.0,0.32908169709886154,0.01716009036458005,-0.01773609790478627,0.5105872079313696,-0.048908974739548056,2.0252790451049805,0.00851441826671362,0
mujoco,flat_forward,1,1,450,4.4999999999998375,1.0,0.0,0.32915655501454744,0.017128492334089505,-0.01784656018220912,0.5113648509068399,-0.05493725070970865,2.0303218364715576,0.009819588623940945,0
mujoco,flat_forward,1,1,451,4.509999999999841,1.0,0.0,0.3292304760045735,0.017110693757284343,-0.017955866098576623,0.5118764024772835,-0.04612229690918118,2.030349016189575,0.008196395821869373,0
mujoco,flat_forward,1,1,452,4.519999999999844,1.0,0.0,0.3293031296130649,0.01707089444478368,-0.018045971392836375,0.5123677947936868,-0.05346290002965084,2.0331170558929443,0.009411926381289959,0
mujoco,flat_forward,1,1,453,4.5299999999998475,1.0,0.0,0.329375715436947,0.017047842203989326,-0.018142530211688306,0.5132568494706194,-0.039919614349825154,2.0382120609283447,0.010751357302069664,0
mujoco,flat_forward,1,1,454,4.539999999999851,1.0,0.0,0.3294459032510814,0.017007505651052263,-0.018237892659876166,0.513611084317889,-0.054369698897711934,2.0368645191192627,0.010684099048376083,0
mujoco,flat_forward,1,1,455,4.549999999999854,1.0,0.0,0.32951407679047107,0.016964829676919726,-0.018312529711852023,0.5145737670731505,-0.040304408905554326,2.044501543045044,0.014910539612174034,0
mujoco,flat_forward,1,1,456,4.5599999999998575,1.0,0.0,0.32957919124755936,0.01689874005856965,-0.018394028479164437,0.5147100214830292,-0.055907288229413175,2.042846441268921,0.01161965448409319,0
mujoco,flat_forward,1,1,457,4.569999999999861,1.0,0.0,0.329645799088048,0.01682683419500037,-0.018445829905171792,0.5156378627655175,-0.04132658938072799,2.0519144535064697,0.01670437678694725,0
mujoco,flat_forward,1,1,458,4.579999999999864,1.0,0.0,0.32970794244707186,0.016763875681009153,-0.018603474431244608,0.5159758749775636,-0.05210734212571002,2.049661636352539,0.013856368139386177,0
mujoco,flat_forward,1,1,459,4.5899999999998675,1.0,0.0,0.3297716079253463,0.016680641830545552,-0.018680411207994723,0.5166514468652353,-0.04031777063952984,2.0563528537750244,0.013329966925084591,0
mujoco,flat_forward,1,1,460,4.599999999999871,1.0,0.0,0.32983141353432,0.01659450440546709,-0.018880605945338202,0.517340701849308,-0.052709246290401406,2.0569519996643066,0.010228033177554607,0
mujoco,flat_forward,1,1,461,4.609999999999874,1.0,0.0,0.32989039751635824,0.016445894843591633,-0.018976802895494145,0.5178315100403782,-0.04217750149954439,2.059258460998535,0.010885730385780334,0
mujoco,flat_forward,1,1,462,4.6199999999998775,1.0,0.0,0.3299434829433908,0.016317790261158566,-0.019209013919935788,0.5187158791470251,-0.0510408732807516,2.062943935394287,0.011262079700827599,0
mujoco,flat_forward,1,1,463,4.629999999999881,1.0,0.0,0.3299966279102483,0.016145172685807094,-0.01930572949245076,0.5189603877223671,-0.04210833435358047,2.0629265308380127,0.0100514842197299,0
mujoco,flat_forward,1,1,464,4.639999999999884,1.0,0.0,0.3300448490072724,0.016000546297438023,-0.0195491520899393,0.5200241852230707,-0.04848848745927842,2.068431854248047,0.012295607477426529,0
mujoco,flat_forward,1,1,465,4.649999999999888,1.0,0.0,0.3300934657096302,0.015809650855630665,-0.01963023049448156,0.5200675389641837,-0.041492119708507656,2.066577196121216,0.011419209651648998,0
mujoco,flat_forward,1,1,466,4.659999999999891,1.0,0.0,0.3301372123692956,0.015644356252814972,-0.01988886071895109,0.5213429559494476,-0.045873620165075506,2.0731699466705322,0.01396049652248621,0
mujoco,flat_forward,1,1,467,4.669999999999894,1.0,0.0,0.3301807602261316,0.015435373949352382,-0.019959081590554727,0.521180668031649,-0.04149301948878015,2.06905198097229,0.014383002184331417,0
mujoco,flat_forward,1,1,468,4.679999999999898,1.0,0.0,0.33021902944617465,0.015248718136150696,-0.020223059468154482,0.5226399058815244,-0.044176136369879195,2.0774853229522705,0.015314960852265358,0
mujoco,flat_forward,1,1,469,4.689999999999901,1.0,0.0,0.3302556215123546,0.015028483318656713,-0.02028440627430451,0.5223154914025255,-0.042032975622555445,2.0714428424835205,0.01766367256641388,0
mujoco,flat_forward,1,1,470,4.699999999999904,1.0,0.0,0.33028647064356287,0.014821513657027123,-0.02053945441654454,0.523928219066115,-0.042889679171404266,2.0812437534332275,0.017490139231085777,0
mujoco,flat_forward,1,1,471,4.709999999999908,1.0,0.0,0.33031386771908433,0.014592346559992402,-0.0205892384981183,0.5234753779494343,-0.04273809376816,2.0733211040496826,0.02026158571243286,0
mujoco,flat_forward,1,1,472,4.719999999999911,1.0,0.0,0.33033560892097924,0.0143690685923739,-0.02080735617828761,0.5249959242567951,-0.0387865477860635,2.0843381881713867,0.02002495899796486,0
mujoco,flat_forward,1,1,473,4.729999999999914,1.0,0.0,0.3303560272747968,0.014160214723838594,-0.02082313115115617,0.5244720993791909,-0.041894755245114414,2.0774974822998047,0.018299007788300514,0
mujoco,flat_forward,1,1,474,4.739999999999918,1.0,0.0,0.33037314842105353,0.01392798159323455,-0.021019843499027677,0.5261288237618276,-0.038108718500036214,2.087909460067749,0.018587997183203697,0
mujoco,flat_forward,1,1,475,4.749999999999921,1.0,0.0,0.3303864542009517,0.013713847811031138,-0.021030352836670704,0.5255342357485685,-0.043365120054731636,2.078352451324463,0.021621378138661385,0
mujoco,flat_forward,1,1,476,4.759999999999924,1.0,0.0,0.3303946770301765,0.013459076376172115,-0.021214162005846846,0.5271420780591688,-0.04178264473326033,2.0900731086730957,0.02145380526781082,0
mujoco,flat_forward,1,1,477,4.769999999999928,1.0,0.0,0.33039973830001645,0.013215493177012495,-0.021203871020835294,0.5265062224264315,-0.04774538726829926,2.080765724182129,0.021336518228054047,0
mujoco,flat_forward,1,1,478,4.779999999999931,1.0,0.0,0.3304012538730139,0.012942802266027436,-0.02134945983502704,0.527984746536711,-0.04091282386053967,2.091885805130005,0.02121778018772602,0
mujoco,flat_forward,1,1,479,4.789999999999934,1.0,0.0,0.3303994638946795,0.012746778312618605,-0.02136129806588055,0.5274532931964503,-0.04623911184194553,2.083625316619873,0.020843777805566788,0
mujoco,flat_forward,1,1,480,4.799999999999938,1.0,0.0,0.3303939691507819,0.01248082881052633,-0.021524609877728727,0.5288359924601583,-0.04203285082703534,2.0920658111572266,0.018790246918797493,0
mujoco,flat_forward,1,1,481,4.809999999999941,1.0,0.0,0.3303823552688978,0.012276263925575064,-0.02159871096638032,0.5285530292830009,-0.04485502744909401,2.084928512573242,0.01956552267074585,0
mujoco,flat_forward,1,1,482,4.819999999999944,1.0,0.0,0.3303649509792917,0.01200973485869564,-0.021748319470791155,0.5296068439601169,-0.03930511583324409,2.0910720825195312,0.016786733642220497,0
mujoco,flat_forward,1,1,483,4.829999999999948,1.0,0.0,0.3303432075648993,0.011810843107641508,-0.02180916176439148,0.5294284419562766,-0.0447518970537373,2.0884530544281006,0.014742403291165829,0
mujoco,flat_forward,1,1,484,4.839999999999951,1.0,0.0,0.33031833576436337,0.011542894475133642,-0.021926015966920197,0.5302245933409212,-0.03768605164251001,2.0925681591033936,0.015655232593417168,0
mujoco,flat_forward,1,1,485,4.849999999999954,1.0,0.0,0.33029121800977834,0.011347200063009901,-0.021978982543562186,0.53021046249573,-0.04529365430943475,2.092010498046875,0.013299327343702316,0
mujoco,flat_forward,1,1,486,4.859999999999958,1.0,0.0,0.330260833787556,0.011069503629049005,-0.022118978206325947,0.5310232454881323,-0.04007215680321635,2.0934953689575195,0.016385948285460472,0
mujoco,flat_forward,1,1,487,4.869999999999961,1.0,0.0,0.3302257553100722,0.010860668543447367,-0.02219549705524484,0.5310568279383839,-0.04826125635608611,2.090646982192993,0.014608646742999554,0
mujoco,flat_forward,1,1,488,4.879999999999964,1.0,0.0,0.3301853939775422,0.010585385676018603,-0.022319560695353458,0.531646876977526,-0.04030373476180271,2.0913097858428955,0.01734878495335579,0
mujoco,flat_forward,1,1,489,4.889999999999968,1.0,0.0,0.33013923341992146,0.01039534525087566,-0.022419604161302186,0.5319549287834049,-0.04652336104735468,2.0899925231933594,0.01504548266530037,0
mujoco,flat_forward,1,1,490,4.899999999999971,1.0,0.0,0.3300864245483934,0.010145015720552557,-0.02252513723889819,0.5323212068190323,-0.03777882584240519,2.0891597270965576,0.019125431776046753,0
mujoco,flat_forward,1,1,491,4.909999999999974,1.0,0.0,0.33002792969340483,0.009970793649242042,-0.022624258951052065,0.5326531403151357,-0.04721024275665046,2.090108633041382,0.014408756978809834,0
mujoco,flat_forward,1,1,492,4.919999999999978,1.0,0.0,0.32996444148206755,0.00972756512703844,-0.022700541073216552,0.5328308780724138,-0.03762875467974062,2.0884573459625244,0.02154391072690487,0
mujoco,flat_forward,1,1,493,4.929999999999981,1.0,0.0,0.32989611756233345,0.009555751856854313,-0.022801630436838746,0.5332091908762467,-0.04926803098689032,2.089343547821045,0.015897169709205627,0
mujoco,flat_forward,1,1,494,4.939999999999984,1.0,0.0,0.3298236902387215,0.009324198074457977,-0.022860046753512164,0.5332195689159749,-0.038104253636262284,2.0861105918884277,0.024533167481422424,0
mujoco,flat_forward,1,1,495,4.949999999999988,1.0,0.0,0.3297459689343687,0.00916025346493327,-0.0229629166235995,0.5335110293763877,-0.04950468844213182,2.0865070819854736,0.017487818375229836,0
mujoco,flat_forward,1,1,496,4.959999999999991,1.0,0.0,0.32966811768300763,0.008974190348152833,-0.022988513711534677,0.5334420728479028,-0.037904296888419974,2.084843397140503,0.021548710763454437,0
mujoco,flat_forward,1,1,497,4.969999999999994,1.0,0.0,0.32958622063813786,0.008838772531860979,-0.023072245547199628,0.5335957059209554,-0.04775942499643861,2.0846097469329834,0.014912563376128674,0
mujoco,flat_forward,1,1,498,4.979999999999998,1.0,0.0,0.32950682546944216,0.008690008826910489,-0.0230634161139033,0.5335273003283049,-0.037000840213473225,2.0854713916778564,0.017314260825514793,0
mujoco,flat_forward,1,1,499,4.990000000000001,1.0,0.0,0.32942421660062576,0.008572747517434639,-0.023139499169113863,0.5335183199688611,-0.04558648964523349,2.0840680599212646,0.012834621593356133,0
mujoco,flat_forward,1,1,500,5.000000000000004,1.0,0.0,0.32934625512186505,0.008451842632185215,-0.02311684355837186,0.5334521361976741,-0.03651412375619792,2.085798978805542,0.014689727686345577,0
mujoco,flat_forward,1,1,501,5.010000000000008,1.0,0.0,0.32926521496713557,0.008348613744037666,-0.023187234882311895,0.5332624249168327,-0.04343313446863816,2.0835962295532227,0.011411217041313648,0
mujoco,flat_forward,1,1,502,5.020000000000011,1.0,0.0,0.32919012778579404,0.008247413610169313,-0.023158164722597463,0.5332380930988356,-0.03635769271953537,2.0859386920928955,0.012572276405990124,0
mujoco,flat_forward,1,1,503,5.0300000000000145,1.0,0.0,0.3291118320024398,0.008154137295565354,-0.02321863763789366,0.5328354872107575,-0.041640000526902976,2.082847833633423,0.011891579255461693,0
mujoco,flat_forward,1,1,504,5.040000000000018,1.0,0.0,0.3290403059242515,0.008062242244876637,-0.023187177357663354,0.532885989426702,-0.03649714785264933,2.0859813690185547,0.01183165330439806,0
mujoco,flat_forward,1,1,505,5.050000000000021,1.0,0.0,0.3289646066107324,0.007972200421042713,-0.023256509114519867,0.5324928618407503,-0.04400192572642876,2.081603765487671,0.014083764515817165,0
mujoco,flat_forward,1,1,506,5.0600000000000245,1.0,0.0,0.3288930767508449,0.007878222871534227,-0.02323439482548979,0.5325860968212601,-0.03973611047801266,2.0835952758789062,0.012168258428573608,0
mujoco,flat_forward,1,1,507,5.070000000000028,1.0,0.0,0.3288155783249222,0.007792863082269804,-0.023282422628933132,0.5319338070810791,-0.043936084909560164,2.078998327255249,0.014264844357967377,0
mujoco,flat_forward,1,1,508,5.080000000000031,1.0,0.0,0.328743929283528,0.007719832046118046,-0.023240932942565865,0.5321042343305962,-0.040970260379162314,2.082664966583252,0.013166438788175583,0
mujoco,flat_forward,1,1,509,5.0900000000000345,1.0,0.0,0.3286678666191322,0.007660427872368481,-0.023253142667854824,0.5311708681536131,-0.043080514326781956,2.0767900943756104,0.017353015020489693,0
mujoco,flat_forward,1,1,510,5.100000000000038,1.0,0.0,0.32859929452435266,0.007615027865770534,-0.02319465170630428,0.5314618218718865,-0.04234161633381819,2.0820014476776123,0.01600540801882744,0
mujoco,flat_forward,1,1,511,5.110000000000041,1.0,0.0,0.32852622563781086,0.007567445742350129,-0.023209176720492615,0.5304873331278662,-0.04638518716210722,2.074373722076416,0.021016184240579605,0
mujoco,flat_forward,1,1,512,5.1200000000000445,1.0,0.0,0.32845884866208996,0.00752877477507039,-0.02315882261149194,0.5308316599556264,-0.046473669728228036,2.0789268016815186,0.017017226666212082,0
mujoco,flat_forward,1,1,513,5.130000000000048,1.0,0.0,0.3283852685373766,0.007509875322949208,-0.02316523495314301,0.5298020629489745,-0.04418452281017083,2.0708532333374023,0.0219846423715353,0
mujoco,flat_forward,1,1,514,5.140000000000051,1.0,0.0,0.3283167246803251,0.007502859528767831,-0.02310624322377349,0.5301561338412399,-0.0469928382763625,2.076137065887451,0.01860586740076542,0
mujoco,flat_forward,1,1,515,5.1500000000000545,1.0,0.0,0.3282437084215102,0.0075019151005123585,-0.02305846352399846,0.5288308290382042,-0.044308295997218146,2.068964958190918,0.023037947714328766,0
mujoco,flat_forward,1,1,516,5.160000000000058,1.0,0.0,0.3281782396911467,0.007501577191520953,-0.022984661602038034,0.5292646209840208,-0.04950149043572061,2.076333999633789,0.022793257609009743,0
mujoco,flat_forward,1,1,517,5.170000000000061,1.0,0.0,0.3281087993648715,0.007505536112908208,-0.022970712620375467,0.5281528089149371,-0.0451393555408799,2.0673842430114746,0.026605119928717613,0
mujoco,flat_forward,1,1,518,5.1800000000000646,1.0,0.0,0.32804429469758395,0.007508945573318173,-0.022905974552893338,0.5284797707954814,-0.052548350609937046,2.072371006011963,0.02128966897726059,0
mujoco,flat_forward,1,1,519,5.190000000000068,1.0,0.0,0.3279763164819566,0.007521188875945391,-0.02286029780047637,0.5271339110744537,-0.046458498715358496,2.0653703212738037,0.024144021794199944,0
mujoco,flat_forward,1,1,520,5.200000000000071,1.0,0.0,0.3279159586893359,0.0075292230237708115,-0.022778605105038607,0.5274250786998841,-0.05615901673411012,2.071244716644287,0.023551667109131813,0
mujoco,flat_forward,1,1,521,5.210000000000075,1.0,0.0,0.3278532621258205,0.007548766101340508,-0.02275601408430469,0.5263419872456879,-0.04764005958024868,2.0637259483337402,0.0259960126131773,0
mujoco,flat_forward,1,1,522,5.220000000000078,1.0,0.0,0.3277958775154981,0.007565869820211002,-0.02268466922322368,0.5263355297852472,-0.057434838762938145,2.066937208175659,0.021904222667217255,0
mujoco,flat_forward,1,1,523,5.230000000000081,1.0,0.0,0.3277407828290772,0.007608852408994571,-0.022607857194309695,0.5253750486124454,-0.04491537135590391,2.0635571479797363,0.01663806661963463,0
mujoco,flat_forward,1,1,524,5.240000000000085,1.0,0.0,0.32769322290622493,0.007648871181254153,-0.022512547779212435,0.5252520520759302,-0.058226767693572754,2.0662946701049805,0.017942678183317184,0
mujoco,flat_forward,1,1,525,5.250000000000088,1.0,0.0,0.327649155315872,0.007702480011581912,-0.022424279673234848,0.5244995192080659,-0.043991901266689226,2.0648603439331055,0.0161335077136755,0
mujoco,flat_forward,1,1,526,5.260000000000091,1.0,0.0,0.32761174800481907,0.007751164616982558,-0.022323176831657947,0.5242153708805651,-0.060079092737005804,2.0667312145233154,0.016856694594025612,0
mujoco,flat_forward,1,1,527,5.270000000000095,1.0,0.0,0.32757913618152484,0.007808462679541363,-0.022221075168112357,0.5236335348826983,-0.043972679050802155,2.0667667388916016,0.01426613237708807,0
mujoco,flat_forward,1,1,528,5.280000000000098,1.0,0.0,0.3275527391075826,0.007863565998597917,-0.022114553951649907,0.5232077176152625,-0.06220706659126525,2.0670652389526367,0.016032831743359566,0
mujoco,flat_forward,1,1,529,5.290000000000101,1.0,0.0,0.32753264964690365,0.007924501444322439,-0.021994749004488338,0.5228821536101155,-0.04259315371148376,2.0684750080108643,0.013244835659861565,0
mujoco,flat_forward,1,1,530,5.300000000000105,1.0,0.0,0.32751316717828494,0.008031648809417485,-0.02192802142630786,0.5224638986846608,-0.060278456708760315,2.0659072399139404,0.018184689804911613,0
mujoco,flat_forward,1,1,531,5.310000000000108,1.0,0.0,0.32749865159303476,0.00812324750955027,-0.021804133638915476,0.5220040801102218,-0.04384510759790409,2.069883108139038,0.015691082924604416,0
mujoco,flat_forward,1,1,532,5.320000000000111,1.0,0.0,0.32748679703364525,0.008244918057039743,-0.021748181889411602,0.5218026613901945,-0.05951536034353635,2.0699470043182373,0.016624506562948227,0
mujoco,flat_forward,1,1,533,5.330000000000115,1.0,0.0,0.327482462811403,0.008342103038940906,-0.021617064549494223,0.5212556527713712,-0.045331914169230464,2.072842597961426,0.013917284086346626,0
mujoco,flat_forward,1,1,534,5.340000000000118,1.0,0.0,0.32748250310080423,0.008468340061612593,-0.021584015018348376,0.5212715450238127,-0.05845716520687331,2.074215888977051,0.016812574118375778,0
mujoco,flat_forward,1,1,535,5.350000000000121,1.0,0.0,0.3274917308146147,0.00856695936612032,-0.021455637413114716,0.5206274627145959,-0.04632636451386766,2.0751593112945557,0.011691337451338768,0
mujoco,flat_forward,1,1,536,5.360000000000125,1.0,0.0,0.3275055677538066,0.008702910102828833,-0.0214893279896373,0.5210962119886591,-0.0535363929361541,2.0781383514404297,0.018158618360757828,0
mujoco,flat_forward,1,1,537,5.370000000000128,1.0,0.0,0.3275271747367979,0.00881277438264783,-0.02136759138520205,0.5202196513056276,-0.04507049912185296,2.0753352642059326,0.011383061297237873,0
mujoco,flat_forward,1,1,538,5.380000000000131,1.0,0.0,0.3275533969261664,0.008943156684005088,-0.02142183735610647,0.5209164421617569,-0.05151011793042931,2.082951784133911,0.022271523252129555,0
mujoco,flat_forward,1,1,539,5.390000000000135,1.0,0.0,0.32758835289377575,0.009046371477016526,-0.02129067259683844,0.519840545985994,-0.04603584540505419,2.0784690380096436,0.013947154395282269,0
mujoco,flat_forward,1,1,540,5.400000000000138,1.0,0.0,0.32762944994328214,0.00916344260493761,-0.02135465403929274,0.5207872898971565,-0.05079935808663495,2.0893032550811768,0.025914333760738373,0
mujoco,flat_forward,1,1,541,5.410000000000141,1.0,0.0,0.3276794954387044,0.009258876823945673,-0.021220556631443458,0.5195236884837244,-0.047286689447501945,2.0822837352752686,0.01729985885322094,0
mujoco,flat_forward,1,1,542,5.420000000000145,1.0,0.0,0.3277361827309001,0.00936817537111355,-0.021304903262162122,0.5210679883560767,-0.04902593705977593,2.095266580581665,0.030450565740466118,0
mujoco,flat_forward,1,1,543,5.430000000000148,1.0,0.0,0.3277927444722665,0.009445000405856907,-0.021251979998869668,0.5196008903594908,-0.0504235263234973,2.08044695854187,0.03056127391755581,0
mujoco,flat_forward,1,1,544,5.440000000000151,1.0,0.0,0.32785070972208474,0.00952877656422971,-0.02133963752931063,0.5212475486028872,-0.05231839859987319,2.0965616703033447,0.03843677416443825,0
mujoco,flat_forward,1,1,545,5.450000000000155,1.0,0.0,0.32790695354690996,0.009590547341728444,-0.021284703415668425,0.5196176125454135,-0.055516289257660445,2.0810415744781494,0.03285529091954231,0
mujoco,flat_forward,1,1,546,5.460000000000158,1.0,0.0,0.32796605156376674,0.00965711647929142,-0.021348505548275668,0.5213034933425248,-0.05761745602912525,2.098799467086792,0.04169808700680733,0
mujoco,flat_forward,1,1,547,5.470000000000161,1.0,0.0,0.32802187521520054,0.00972239633388428,-0.021347358534507834,0.5196830902398759,-0.05968753999428051,2.0832948684692383,0.03530682250857353,0
mujoco,flat_forward,1,1,548,5.480000000000165,1.0,0.0,0.3280806192190769,0.009779138940363648,-0.02144394654598218,0.5212531504353869,-0.06190783968650819,2.099414110183716,0.040196698158979416,0
mujoco,flat_forward,1,1,549,5.490000000000168,1.0,0.0,0.32813435497675913,0.009840309701027342,-0.021540054337845883,0.5200608859832538,-0.0577127022787433,2.084887981414795,0.03522126376628876,0
mujoco,flat_forward,1,1,550,5.500000000000171,1.0,0.0,0.3281888870031648,0.009883521609768853,-0.02165871374303971,0.5214009047255403,-0.06228089254060282,2.097480297088623,0.03493202105164528,0
mujoco,flat_forward,1,1,551,5.510000000000175,1.0,0.0,0.32823678059002265,0.009926020968248845,-0.021783294064629838,0.5204782739513933,-0.05678688005492965,2.087559700012207,0.030644826591014862,0
mujoco,flat_forward,1,1,552,5.520000000000178,1.0,0.0,0.32828545713960866,0.009953331715629557,-0.021894486303561438,0.5216426785205169,-0.06389083756534095,2.098437786102295,0.030659472569823265,0
mujoco,flat_forward,1,1,553,5.530000000000181,1.0,0.0,0.3283272074023063,0.009981039391483074,-0.022030091735557422,0.5210186824490259,-0.056378659705828754,2.0913333892822266,0.027806438505649567,0
mujoco,flat_forward,1,1,554,5.540000000000185,1.0,0.0,0.32836957336768324,0.009997367796879387,-0.022123774411730808,0.5218850841386539,-0.06351924922796837,2.0996034145355225,0.027136757969856262,0
mujoco,flat_forward,1,1,555,5.550000000000188,1.0,0.0,0.32841022558033806,0.010033517119385283,-0.02222380580300378,0.5214238779112931,-0.05223920303240452,2.09647798538208,0.018839331343770027,0
mujoco,flat_forward,1,1,556,5.5600000000001915,1.0,0.0,0.328454692438368,0.010055503275168052,-0.022291872488213137,0.522125928188146,-0.06253743214758847,2.1028859615325928,0.021113216876983643,0
mujoco,flat_forward,1,1,557,5.570000000000195,1.0,0.0,0.3284977405407771,0.010079442908648822,-0.022378038089765424,0.5219280053935885,-0.049904706800453266,2.101590156555176,0.01741836965084076,0
mujoco,flat_forward,1,1,558,5.580000000000198,1.0,0.0,0.3285428086748048,0.010085907147996044,-0.02243915862390545,0.5225067196832586,-0.06284800187835198,2.1070401668548584,0.018770571798086166,0
mujoco,flat_forward,1,1,559,5.5900000000002015,1.0,0.0,0.3285858552320038,0.010094582893647903,-0.022512652959036997,0.5225513619709745,-0.04880127161264386,2.1070070266723633,0.015477669425308704,0
mujoco,flat_forward,1,1,560,5.600000000000205,1.0,0.0,0.32862925548410965,0.010089885200187372,-0.022551608328663073,0.5228171686731408,-0.06043653783241108,2.111081838607788,0.016885148361325264,0
mujoco,flat_forward,1,1,561,5.610000000000208,1.0,0.0,0.32867465584967653,0.010096554738675514,-0.022598296122699455,0.5233074698745354,-0.041624851434297616,2.1154959201812744,0.010824693366885185,0
mujoco,flat_forward,1,1,562,5.6200000000002115,1.0,0.0,0.32871856570769287,0.010099522786067619,-0.02265205687191959,0.523376961525378,-0.057372451087746586,2.1130974292755127,0.014423432759940624,0
mujoco,flat_forward,1,1,563,5.630000000000215,1.0,0.0,0.32876243420347995,0.010105196862480946,-0.022691541555324015,0.5239795205805663,-0.04068059190057881,2.1212570667266846,0.015960274264216423,0
mujoco,flat_forward,1,1,564,5.640000000000218,1.0,0.0,0.32880179802599846,0.010108436091201014,-0.022788521927822734,0.5240752531977445,-0.05733187001607031,2.1187009811401367,0.015090078115463257,0
mujoco,flat_forward,1,1,565,5.6500000000002215,1.0,0.0,0.3288409280974869,0.010105464659096482,-0.022845737035991326,0.5246080468297618,-0.04268691823779677,2.126085042953491,0.01609618216753006,0
mujoco,flat_forward,1,1,566,5.660000000000225,1.0,0.0,0.3288771633747188,0.01009204763174295,-0.022944071636830148,0.5247194323014094,-0.05968104260842964,2.1248111724853516,0.012117736041545868,0
mujoco,flat_forward,1,1,567,5.670000000000228,1.0,0.0,0.3289145918164794,0.010064496613996667,-0.023004029312440392,0.5252593501655997,-0.044569075137091047,2.1305036544799805,0.014678693376481533,0
mujoco,flat_forward,1,1,568,5.6800000000002315,1.0,0.0,0.3289485509529308,0.010036652203360195,-0.023153320025266252,0.5253802093423009,-0.0545483203468487,2.128743886947632,0.013341070152819157,0
mujoco,flat_forward,1,1,569,5.690000000000235,1.0,0.0,0.3289865066194589,0.010007867884195021,-0.02323137913299366,0.5258136095908577,-0.04175921352357057,2.133298635482788,0.01020738109946251,0
mujoco,flat_forward,1,1,570,5.700000000000238,1.0,0.0,0.32902134236587327,0.00997953076526224,-0.02342889600377672,0.5261124638875605,-0.05109415212960439,2.131822347640991,0.011720992624759674,0
mujoco,flat_forward,1,1,571,5.7100000000002415,1.0,0.0,0.32905788088006843,0.009934107439830966,-0.023527860380428978,0.526487667793286,-0.04137897431846515,2.1346399784088135,0.009710513055324554,0
mujoco,flat_forward,1,1,572,5.720000000000245,1.0,0.0,0.3290891760250121,0.00988146803212307,-0.023732744935204792,0.5267924909522277,-0.05263192630112,2.134770393371582,0.008897433988749981,0
mujoco,flat_forward,1,1,573,5.730000000000248,1.0,0.0,0.3291214849427275,0.009793683187056812,-0.023832796478948894,0.5271462182464584,-0.04371970640697637,2.137627363204956,0.01070593111217022,0
mujoco,flat_forward,1,1,574,5.740000000000252,1.0,0.0,0.3291469716368591,0.009721802473727455,-0.02406133937124459,0.5274790163076755,-0.047774108858322985,2.1377387046813965,0.008441965095698833,0
mujoco,flat_forward,1,1,575,5.750000000000255,1.0,0.0,0.32917449508063795,0.009643207559131886,-0.024146251150196103,0.5277109371988901,-0.041344611139173405,2.1401584148406982,0.007560703903436661,0
mujoco,flat_forward,1,1,576,5.760000000000258,1.0,0.0,0.3291957635139464,0.009558471131101339,-0.024365356134982884,0.5280738171525431,-0.048353785726192394,2.1407744884490967,0.006174235604703426,0
mujoco,flat_forward,1,1,577,5.770000000000262,1.0,0.0,0.3292186058178531,0.009442563458828162,-0.024446824340466324,0.5283079455670608,-0.04347098643576196,2.142282724380493,0.007832575589418411,0
mujoco,flat_forward,1,1,578,5.780000000000265,1.0,0.0,0.32923451669368714,0.00933120202833067,-0.024646080599873634,0.5284596546999069,-0.047539691670382966,2.142103910446167,0.006093283649533987,0
mujoco,flat_forward,1,1,579,5.790000000000268,1.0,0.0,0.3292539563292809,0.00921209732923391,-0.024708584885586124,0.5287190201682997,-0.04430299865974459,2.144641399383545,0.007434019818902016,0
mujoco,flat_forward,1,1,580,5.800000000000272,1.0,0.0,0.3292658476330966,0.009095042563739799,-0.024937872751082193,0.5291221356903079,-0.04624787970700657,2.142899990081787,0.007688594050705433,0
mujoco,flat_forward,1,1,581,5.810000000000275,1.0,0.0,0.3292766480103068,0.0089682236603807,-0.025019603156470845,0.5293289208187396,-0.04507127719599188,2.142726421356201,0.006230327300727367,0
mujoco,flat_forward,1,1,582,5.820000000000278,1.0,0.0,0.3292774483332735,0.00883678912536082,-0.025212479368486994,0.529466484561941,-0.04504210024756751,2.1424779891967773,0.005514196120202541,0
mujoco,flat_forward,1,1,583,5.830000000000282,1.0,0.0,0.32927932680198096,0.008703050806536638,-0.025261969083303127,0.5297373850843266,-0.04628504116883603,2.144745111465454,0.007049713283777237,0
mujoco,flat_forward,1,1,584,5.840000000000285,1.0,0.0,0.32927327200313905,0.008565535101687324,-0.025405894554873406,0.5296295163065355,-0.04463832760530504,2.1431021690368652,0.009149185381829739,0
mujoco,flat_forward,1,1,585,5.850000000000288,1.0,0.0,0.3292700753471718,0.008426990810815138,-0.025435595125756695,0.5300215462092228,-0.048109933169316145,2.146730422973633,0.009290426969528198,0
mujoco,flat_forward,1,1,586,5.860000000000292,1.0,0.0,0.3292590791849563,0.008291009495018932,-0.025562916787432926,0.5299265201269392,-0.040886135376353515,2.1425702571868896,0.013547354377806187,0
mujoco,flat_forward,1,1,587,5.870000000000295,1.0,0.0,0.32924861321492266,0.008163643667349629,-0.025603973637853196,0.5303304349499,-0.04777528652500988,2.145159959793091,0.010781550779938698,0
mujoco,flat_forward,1,1,588,5.880000000000298,1.0,0.0,0.3292279935961585,0.008014308215732466,-0.02573281656327103,0.5302256780565942,-0.04408295169373178,2.14109468460083,0.016419142484664917,0
mujoco,flat_forward,1,1,589,5.890000000000302,1.0,0.0,0.32920588731023,0.007864382780826447,-0.025772698599913366,0.530673624978349,-0.05241817216491234,2.143855333328247,0.010866749100387096,0
mujoco,flat_forward,1,1,590,5.900000000000305,1.0,0.0,0.3291736878883865,0.007708268112990202,-0.025844901995600852,0.5303554041339268,-0.045920377798599955,2.139594316482544,0.01779511757194996,0
mujoco,flat_forward,1,1,591,5.910000000000308,1.0,0.0,0.329141283231806,0.007558587298535801,-0.02586911141536864,0.53088815954635,-0.05550493556164925,2.14357328414917,0.014612062834203243,0
mujoco,flat_forward,1,1,592,5.920000000000312,1.0,0.0,0.3291004495488751,0.007412284678389224,-0.025924437667070865,0.5305607780279357,-0.04328534475677257,2.1373445987701416,0.02152443863451481,0
mujoco,flat_forward,1,1,593,5.930000000000315,1.0,0.0,0.329057497034767,0.007280210185563306,-0.025951455663338677,0.5309149664624873,-0.0539061779674047,2.139688730239868,0.016333451494574547,0
mujoco,flat_forward,1,1,594,5.940000000000318,1.0,0.0,0.3290100192983082,0.007167082150659107,-0.025967230687166547,0.5304624721437257,-0.043446709578232136,2.1364660263061523,0.01708170399069786,0
mujoco,flat_forward,1,1,595,5.950000000000322,1.0,0.0,0.3289638072190288,0.0070380867480392935,-0.025952407451928828,0.5306379320242199,-0.05323643888813661,2.1395230293273926,0.01332603394985199,0
mujoco,flat_forward,1,1,596,5.960000000000325,1.0,0.0,0.3289177615748675,0.006930724500598265,-0.02592364081179992,0.5302201664203644,-0.04408036777129882,2.1395161151885986,0.01303158514201641,0
mujoco,flat_forward,1,1,597,5.970000000000328,1.0,0.0,0.32887536886610313,0.006805198024814799,-0.02588907493693849,0.5302380737101163,-0.052379782505896325,2.1412487030029297,0.00941062904894352,0
mujoco,flat_forward,1,1,598,5.980000000000332,1.0,0.0,0.3288358249541986,0.006711867475799023,-0.025851896877716943,0.5301100543982494,-0.041445286199135366,2.1419665813446045,0.009097743779420853,0
mujoco,flat_forward,1,1,599,5.990000000000335,1.0,0.0,0.328797385708678,0.006611719060858886,-0.025825315830442508,0.5298714868231791,-0.049383622393355135,2.140360116958618,0.0078329062089324,0
mujoco,flat_forward,1,1,600,6.000000000000338,1.0,0.0,0.3287622966924479,0.006539022505005081,-0.02578283797520521,0.5297627981703881,-0.04231628616520346,2.1432924270629883,0.006693461909890175,0
mujoco,flat_forward,1,1,601,6.010000000000342,1.0,0.0,0.32872875141492064,0.0064367018682039935,-0.02575823554435997,0.5295487867541419,-0.0533179768180168,2.1415188312530518,0.005779081955552101,0
mujoco,flat_forward,1,1,602,6.020000000000345,1.0,0.0,0.3286968162068465,0.006357154580228064,-0.025735820102223094,0.5297459093268367,-0.04358387139262655,2.1433472633361816,0.0077956500463187695,0
mujoco,flat_forward,1,1,603,6.030000000000348,1.0,0.0,0.32866188086385334,0.006268882888835824,-0.02570591783986669,0.5292380995940437,-0.05255588116971764,2.1392874717712402,0.009615949355065823,0
mujoco,flat_forward,1,1,604,6.040000000000352,1.0,0.0,0.3286295548064935,0.006210346139882523,-0.025665954291554875,0.5294906116611365,-0.045403991983212155,2.144585609436035,0.011146086268126965,0
mujoco,flat_forward,1,1,605,6.050000000000355,1.0,0.0,0.32859719205536325,0.006129297020543167,-0.02560254813278783,0.5287121519121285,-0.05296213605303509,2.139817953109741,0.01125328429043293,0
mujoco,flat_forward,1,1,606,6.060000000000358,1.0,0.0,0.32857075924499735,0.006075872616198551,-0.02556199395370322,0.529327993713477,-0.044752822367839784,2.146669387817383,0.015083413571119308,0
mujoco,flat_forward,1,1,607,6.070000000000362,1.0,0.0,0.32854169420734275,0.006009508195300714,-0.025525700317693422,0.5284684583907716,-0.05469510885699189,2.136671781539917,0.020043369382619858,0
mujoco,flat_forward,1,1,608,6.080000000000365,1.0,0.0,0.32851520000721035,0.005952300064759957,-0.025497993316428234,0.5291438441011748,-0.049122056310955425,2.145137310028076,0.019447417929768562,0
mujoco,flat_forward,1,1,609,6.0900000000003685,1.0,0.0,0.32848620982845317,0.0058779715445634335,-0.025428103505354918,0.5280135686607409,-0.05650176757464931,2.135849952697754,0.01995139569044113,0
mujoco,flat_forward,1,1,610,6.100000000000372,1.0,0.0,0.3284623927989081,0.005825698820482283,-0.025397325150941456,0.528975226997619,-0.05051638978281667,2.146334648132324,0.023613139986991882,0
mujoco,flat_forward,1,1,611,6.110000000000375,1.0,0.0,0.32843398400720564,0.005778016757292586,-0.02535236859748485,0.5275794712654414,-0.05423234240718002,2.1337392330169678,0.027564382180571556,0
mujoco,flat_forward,1,1,612,6.1200000000003785,1.0,0.0,0.32840978067204574,0.005740488297166343,-0.025359493950826883,0.528613238557979,-0.05132341111793479,2.1463816165924072,0.02821732498705387,0
mujoco,flat_forward,1,1,613,6.130000000000382,1.0,0.0,0.3283806921493865,0.005706952258717245,-0.02533982199469797,0.5272000166324012,-0.051122724242316474,2.1331946849823,0.031217576935887337,0
mujoco,flat_forward,1,1,614,6.140000000000385,1.0,0.0,0.3283549989604347,0.005675074941935917,-0.025378205622095928,0.528288787642283,-0.05183513042971716,2.1458873748779297,0.02924802340567112,0
mujoco,flat_forward,1,1,615,6.1500000000003885,1.0,0.0,0.3283233090268252,0.0056399718347622824,-0.025387976237319417,0.5269176783182254,-0.0543008799393552,2.1328680515289307,0.033389750868082047,0
mujoco,flat_forward,1,1,616,6.160000000000392,1.0,0.0,0.32829363121616584,0.005595571065976937,-0.02545206644563345,0.5280579057947516,-0.05609410595129934,2.14449405670166,0.02943076379597187,0
mujoco,flat_forward,1,1,617,6.170000000000395,1.0,0.0,0.32825696909133906,0.005565928398190511,-0.025483736482742613,0.5267009422039455,-0.05256333214922835,2.1316394805908203,0.03410203009843826,0
mujoco,flat_forward,1,1,618,6.1800000000003985,1.0,0.0,0.3282215973153239,0.005534350119253738,-0.025549672286658446,0.5276907697751192,-0.054451629031302205,2.1421515941619873,0.02994879148900509,0
mujoco,flat_forward,1,1,619,6.190000000000402,1.0,0.0,0.328184242495007,0.005525527607238344,-0.025513458999317375,0.5262360678890055,-0.05147220938846084,2.132188558578491,0.028901083394885063,0
mujoco,flat_forward,1,1,620,6.200000000000405,1.0,0.0,0.328151690307098,0.005501236086479036,-0.025544771248322058,0.5271060337450568,-0.05218104182950602,2.1441218852996826,0.028912261128425598,0
mujoco,flat_forward,1,1,621,6.2100000000004085,1.0,0.0,0.3281218472811352,0.0054978658657774005,-0.02547921202736248,0.5256859786678344,-0.05035789184087147,2.1359548568725586,0.02565327286720276,0
mujoco,flat_forward,1,1,622,6.220000000000412,1.0,0.0,0.32809876361104373,0.0054768117368621605,-0.025516918605602193,0.5266061799768069,-0.05317090297435177,2.1467080116271973,0.025042835623025894,0
mujoco,flat_forward,1,1,623,6.230000000000415,1.0,0.0,0.32807597707859004,0.005483536572877366,-0.025499861051829532,0.5254329935694233,-0.048695083481163366,2.1370179653167725,0.02691958285868168,0
mujoco,flat_forward,1,1,624,6.2400000000004185,1.0,0.0,0.32805595775941954,0.00547350574820394,-0.02552717690808441,0.5260322294031402,-0.04971804684136706,2.1462061405181885,0.022580692544579506,0
mujoco,flat_forward,1,1,625,6.250000000000422,1.0,0.0,0.32803766098708803,0.005503403913379136,-0.025488222444323243,0.5249362131901711,-0.047603120032496504,2.141068458557129,0.01825748197734356,0
mujoco,flat_forward,1,1,626,6.260000000000425,1.0,0.0,0.3280245545338029,0.005500164410321611,-0.025504899000268495,0.5254971441966461,-0.05103405278518523,2.148721694946289,0.017485614866018295,0
mujoco,flat_forward,1,1,627,6.270000000000429,1.0,0.0,0.32801221583052137,0.005530707802529091,-0.025503982810242774,0.524691506332533,-0.04607974756603428,2.14341402053833,0.016551446169614792,0
mujoco,flat_forward,1,1,628,6.280000000000432,1.0,0.0,0.32800229981971474,0.005530718259866132,-0.025527939926240105,0.5251175924159605,-0.051650116187657365,2.148221731185913,0.014185739681124687,0
mujoco,flat_forward,1,1,629,6.290000000000435,1.0,0.0,0.3279911230870907,0.005563523094087614,-0.025548092845620173,0.5245828459512356,-0.04446291187078454,2.144601583480835,0.012533697299659252,0
mujoco,flat_forward,1,1,630,6.300000000000439,1.0,0.0,0.32798104118655347,0.005575059697193424,-0.02555093019028128,0.5246132353710656,-0.0485796344177585,2.147602081298828,0.010943022556602955,0
mujoco,flat_forward,1,1,631,6.310000000000442,1.0,0.0,0.327973750790358,0.005621932083999291,-0.025534918495420476,0.5241022153344029,-0.044318454093981705,2.148813486099243,0.006194250658154488,0
mujoco,flat_forward,1,1,632,6.320000000000445,1.0,0.0,0.32797151982057987,0.005630012816319841,-0.02552362825784167,0.5240911888509098,-0.05103877228867167,2.1508865356445312,0.006439583376049995,0
mujoco,flat_forward,1,1,633,6.330000000000449,1.0,0.0,0.3279724160355155,0.005669013738579044,-0.025522019915934703,0.5238716982859845,-0.044090329379226065,2.1511130332946777,0.005899590440094471,0
mujoco,flat_forward,1,1,634,6.340000000000452,1.0,0.0,0.32797536431684593,0.0056807831424063975,-0.02552436226720156,0.5237655658702542,-0.052699403815615074,2.15047025680542,0.005892076995223761,0
mujoco,flat_forward,1,1,635,6.350000000000455,1.0,0.0,0.32798023025871614,0.0057175558999464065,-0.02552030364021394,0.5235146050618366,-0.0473625861741895,2.1514732837677,0.006229774560779333,0
mujoco,flat_forward,1,1,636,6.360000000000459,1.0,0.0,0.32798849499772514,0.005722560969613336,-0.025501626303732833,0.52309788228336,-0.05338841881122493,2.1512694358825684,0.004435087088495493,0
mujoco,flat_forward,1,1,637,6.370000000000462,1.0,0.0,0.3280026985664227,0.0057617989257780855,-0.025484555062347116,0.5230780757063116,-0.04562929036924516,2.1537370681762695,0.008127504028379917,0
mujoco,flat_forward,1,1,638,6.380000000000465,1.0,0.0,0.3280192997143525,0.005777925783624556,-0.025466244918521702,0.5225899952680891,-0.05460978505125187,2.1510367393493652,0.007467929739505053,0
mujoco,flat_forward,1,1,639,6.390000000000469,1.0,0.0,0.3280398118184208,0.005818857149440667,-0.025462353276341738,0.5228233020204381,-0.04551412944306969,2.1549057960510254,0.011011173017323017,0
mujoco,flat_forward,1,1,640,6.400000000000472,1.0,0.0,0.328059327586745,0.005837283787833997,-0.025450493753061295,0.5222198695083136,-0.05687739310385477,2.149956464767456,0.010670991614460945,0
mujoco,flat_forward,1,1,641,6.410000000000475,1.0,0.0,0.3280813086565118,0.0058744676272180696,-0.02544113161205394,0.5226900851636723,-0.046445486427792886,2.1560561656951904,0.015001356601715088,0
mujoco,flat_forward,1,1,642,6.420000000000479,1.0,0.0,0.3280997331720534,0.005894082103322046,-0.02543331750608042,0.5219432863042419,-0.058996495406011915,2.148620367050171,0.014761494472622871,0
mujoco,flat_forward,1,1,643,6.430000000000482,1.0,0.0,0.3281204803787474,0.005919370840516187,-0.025405264236196854,0.52255039098773,-0.048444666870373534,2.157505750656128,0.01984040066599846,0
mujoco,flat_forward,1,1,644,6.440000000000485,1.0,0.0,0.32813596152057634,0.0059431453357822305,-0.025396826992788245,0.5215486285890387,-0.0565778716650021,2.149643898010254,0.017524367198348045,0
mujoco,flat_forward,1,1,645,6.450000000000489,1.0,0.0,0.3281568034864108,0.005975013221167308,-0.025364048718808548,0.5221880770595212,-0.04878754190547019,2.1611955165863037,0.02340847998857498,0
mujoco,flat_forward,1,1,646,6.460000000000492,1.0,0.0,0.3281742349593473,0.006003270713699229,-0.025399476323297317,0.5213957482924234,-0.05553846152687438,2.152749538421631,0.019292211160063744,0
mujoco,flat_forward,1,1,647,6.470000000000495,1.0,0.0,0.3281966635546515,0.006028290201959519,-0.02539131261528101,0.5220260285574941,-0.05036948844094193,2.161945104598999,0.02052793838083744,0
mujoco,flat_forward,1,1,648,6.480000000000499,1.0,0.0,0.32821391958047436,0.006048074697467123,-0.025482389829223472,0.5214655228661302,-0.0552051944650602,2.154510021209717,0.017729289829730988,0
mujoco,flat_forward,1,1,649,6.490000000000502,1.0,0.0,0.32823490751961387,0.006067180252900914,-0.025490890467206023,0.5220339805579199,-0.05225665186425197,2.1614577770233154,0.017573853954672813,0
mujoco,flat_forward,1,1,650,6.500000000000505,1.0,0.0,0.32825021820359457,0.006086077923257575,-0.02559210455750148,0.5214496160241423,-0.051346243565768335,2.1562018394470215,0.015470923855900764,0
mujoco,flat_forward,1,1,651,6.510000000000509,1.0,0.0,0.3282711528190188,0.006103787329474076,-0.025596664073813266,0.5219927274193582,-0.052071262863678226,2.1637394428253174,0.01848987676203251,0
mujoco,flat_forward,1,1,652,6.520000000000512,1.0,0.0,0.32828695611397263,0.006121396577216631,-0.025730237941052413,0.5216649220130433,-0.050400962743445576,2.158838987350464,0.016150642186403275,0
mujoco,flat_forward,1,1,653,6.530000000000515,1.0,0.0,0.3283066208430488,0.006135001943206203,-0.02575024435197154,0.5221091859020301,-0.053999523560057154,2.1639034748077393,0.01523627620190382,0
mujoco,flat_forward,1,1,654,6.540000000000519,1.0,0.0,0.3283201765124508,0.00614631109980893,-0.025888499423609004,0.5218196561504247,-0.054404072044121045,2.16058349609375,0.01383145246654749,0
mujoco,flat_forward,1,1,655,6.550000000000522,1.0,0.0,0.32833798692526084,0.006149971368060631,-0.025908507457506155,0.5222280725753984,-0.05888789975660928,2.164851665496826,0.01405781414359808,0
mujoco,flat_forward,1,1,656,6.560000000000525,1.0,0.0,0.32835046410565333,0.006154671347986949,-0.026023007383423634,0.5219533558287641,-0.05184948962452944,2.1609954833984375,0.013788019306957722,0
mujoco,flat_forward,1,1,657,6.570000000000529,1.0,0.0,0.3283670195942063,0.006158015225683023,-0.02604585508165951,0.5222937539019744,-0.059019531985325085,2.1650984287261963,0.015271799638867378,0
mujoco,flat_forward,1,1,658,6.580000000000532,1.0,0.0,0.3283778569562837,0.006159376780947061,-0.026175243781989602,0.5222594610980821,-0.05109179729199483,2.161494493484497,0.015199035406112671,0
mujoco,flat_forward,1,1,659,6.590000000000535,1.0,0.0,0.3283895972348048,0.006156525822903275,-0.026213378026738454,0.5224932594519567,-0.061291391237027655,2.163442850112915,0.012982808984816074,0
mujoco,flat_forward,1,1,660,6.600000000000539,1.0,0.0,0.32839543177501057,0.006153574366780253,-0.026303668063702892,0.522453058419618,-0.04825449375446081,2.161520004272461,0.014261262491345406,0
mujoco,flat_forward,1,1,661,6.610000000000542,1.0,0.0,0.3284018498977885,0.00614917925246472,-0.02633345171268127,0.5226145314276969,-0.06239480110325485,2.1635653972625732,0.01474123913794756,0
mujoco,flat_forward,1,1,662,6.6200000000005454,1.0,0.0,0.3284040365279136,0.006144628319609471,-0.026382946476031278,0.522613929287841,-0.045820543913144926,2.162630081176758,0.017091277986764908,0
mujoco,flat_forward,1,1,663,6.630000000000549,1.0,0.0,0.32840555594053733,0.006137678972680657,-0.026406218229179105,0.5227343117281232,-0.06371930667641112,2.1636171340942383,0.01622537150979042,0
mujoco,flat_forward,1,1,664,6.640000000000552,1.0,0.0,0.32840224664874634,0.00611889609767272,-0.02644833690270473,0.5228017000283852,-0.05060930466037448,2.163405179977417,0.019463563337922096,0
mujoco,flat_forward,1,1,665,6.6500000000005555,1.0,0.0,0.32839852462099706,0.00609309296386742,-0.026464492987701854,0.5228047294242583,-0.06787202590972106,2.1635756492614746,0.015252457931637764,0
mujoco,flat_forward,1,1,666,6.660000000000559,1.0,0.0,0.3283960380482027,0.006068611611221386,-0.02647754387631315,0.5229395451542698,-0.050178295683660244,2.1645090579986572,0.01395539753139019,0
mujoco,flat_forward,1,1,667,6.670000000000562,1.0,0.0,0.3283937619407072,0.006050180919116727,-0.026486682123565697,0.5226379719631283,-0.0655766146320129,2.1614627838134766,0.014681966044008732,0
mujoco,flat_forward,1,1,668,6.6800000000005655,1.0,0.0,0.32839504970015804,0.006037307275804265,-0.02647609467541465,0.5228166751735623,-0.04796975550737617,2.166769027709961,0.013895389623939991,0
mujoco,flat_forward,1,1,669,6.690000000000569,1.0,0.0,0.3283944875285328,0.006035500263137335,-0.02648839860160083,0.5223673450090184,-0.06091398305656543,2.1628706455230713,0.014913191087543964,0
mujoco,flat_forward,1,1,670,6.700000000000572,1.0,0.0,0.3283985756555631,0.006037457707053593,-0.02647998434385397,0.5225886010646067,-0.04686222305666284,2.1710691452026367,0.01543407328426838,0
mujoco,flat_forward,1,1,671,6.7100000000005755,1.0,0.0,0.3284004376907229,0.006039268324427331,-0.0265435561544786,0.5224111608822459,-0.05876801774678944,2.1670281887054443,0.012034252285957336,0
mujoco,flat_forward,1,1,672,6.720000000000579,1.0,0.0,0.3284044632496783,0.006037340050505755,-0.026561321628102964,0.5226646595384681,-0.047530918579374165,2.1728625297546387,0.013189210556447506,0
mujoco,flat_forward,1,1,673,6.730000000000582,1.0,0.0,0.3284033402222963,0.006035655416214174,-0.02666910489378221,0.5225163174020157,-0.05367511873159824,2.169802188873291,0.009793837554752827,0
mujoco,flat_forward,1,1,674,6.7400000000005855,1.0,0.0,0.32840624651612993,0.006034065347208109,-0.026678919364860658,0.522707243245195,-0.04529655989405369,2.1752238273620605,0.010171175934374332,0
mujoco,flat_forward,1,1,675,6.750000000000589,1.0,0.0,0.32840562712851856,0.006027529467690929,-0.026786521946942223,0.5226240515368056,-0.05501627508945771,2.1733813285827637,0.00850505381822586,0
mujoco,flat_forward,1,1,676,6.760000000000592,1.0,0.0,0.3284093293168166,0.006010832310460697,-0.02680469757182361,0.522855886580266,-0.04805453953147182,2.177178382873535,0.010155951604247093,0
mujoco,flat_forward,1,1,677,6.7700000000005955,1.0,0.0,0.32840831767688505,0.005996178516550993,-0.026945914854673157,0.5227684015477708,-0.05091661060171194,2.174530267715454,0.009242746978998184,0
mujoco,flat_forward,1,1,678,6.780000000000599,1.0,0.0,0.3284124131226726,0.005980992917760981,-0.026959632554170773,0.5229192062795989,-0.04674433371693966,2.1777706146240234,0.008216183632612228,0
mujoco,flat_forward,1,1,679,6.790000000000602,1.0,0.0,0.32841193043046385,0.005963120877681185,-0.027104176503071186,0.5228821703125224,-0.052745098644897646,2.17618727684021,0.008233428932726383,0
mujoco,flat_forward,1,1,680,6.800000000000606,1.0,0.0,0.32841575724860095,0.005936240564367671,-0.027121439432348713,0.5230494183382245,-0.04988992388433417,2.178825616836548,0.008549493737518787,0
mujoco,flat_forward,1,1,681,6.810000000000609,1.0,0.0,0.32841352572643245,0.0059107817357873975,-0.02727668724138315,0.5230104988974371,-0.048730740610680404,2.1767733097076416,0.008175002411007881,0
mujoco,flat_forward,1,1,682,6.820000000000612,1.0,0.0,0.328415370523705,0.005885740031167489,-0.02728857873320714,0.523122911839526,-0.04886003770728178,2.179211378097534,0.007759882602840662,0
mujoco,flat_forward,1,1,683,6.830000000000616,1.0,0.0,0.3284119294345239,0.005861960406421724,-0.027404498278020658,0.5228347997514792,-0.0470004869214383,2.177929162979126,0.008472510613501072,0
mujoco,flat_forward,1,1,684,6.840000000000619,1.0,0.0,0.32841469100831194,0.005833649385444569,-0.02739861330450375,0.5230588381966206,-0.050259291965950345,2.1821682453155518,0.010521208867430687,0
mujoco,flat_forward,1,1,685,6.850000000000622,1.0,0.0,0.32841241702927604,0.00580002649045669,-0.027519126980331772,0.5227957001855593,-0.0502736033036698,2.1786246299743652,0.012544306926429272,0
mujoco,flat_forward,1,1,686,6.860000000000626,1.0,0.0,0.3284142960992832,0.005756640965555493,-0.02752436237438086,0.5230724828705505,-0.05442474597754144,2.1814990043640137,0.010240045376121998,0
mujoco,flat_forward,1,1,687,6.870000000000629,1.0,0.0,0.3284093856305691,0.005718317296671573,-0.02762848213279575,0.5227846019623101,-0.047358938418009915,2.1770784854888916,0.013278381898999214,0
mujoco,flat_forward,1,1,688,6.880000000000632,1.0,0.0,0.32840662034048396,0.005680549040431642,-0.027637421504848988,0.5230266493657,-0.05434517044849462,2.179705858230591,0.012117256410419941,0
mujoco,flat_forward,1,1,689,6.890000000000636,1.0,0.0,0.32839595259146587,0.005637867126454321,-0.02773230533538109,0.5227175969223665,-0.050183459926432396,2.1759819984436035,0.015450687147676945,0
mujoco,flat_forward,1,1,690,6.900000000000639,1.0,0.0,0.3283867900340081,0.005585419225467939,-0.02773684628414663,0.5229992820824232,-0.0585255444765662,2.1791884899139404,0.012725687585771084,0
mujoco,flat_forward,1,1,691,6.910000000000642,1.0,0.0,0.3283704295911718,0.0055387983590359435,-0.027796457191985965,0.5226739711292069,-0.04765133256667072,2.174849510192871,0.01624598167836666,0
mujoco,flat_forward,1,1,692,6.920000000000646,1.0,0.0,0.32835468705839493,0.005495022481283634,-0.027800139436180628,0.5229027934229837,-0.05905093480561445,2.1774179935455322,0.014984401874244213,0
mujoco,flat_forward,1,1,693,6.930000000000649,1.0,0.0,0.32833321146404526,0.0054543881098843595,-0.027822475982666073,0.5223196465037622,-0.04783292685687404,2.173588275909424,0.018570834770798683,0
mujoco,flat_forward,1,1,694,6.940000000000652,1.0,0.0,0.3283144883192453,0.005406394047915012,-0.027807676232862732,0.5224339592609617,-0.0599904344331843,2.177384614944458,0.01695982739329338,0
mujoco,flat_forward,1,1,695,6.950000000000656,1.0,0.0,0.3282961104155023,0.005375341060028167,-0.02780293255119869,0.5219774521754794,-0.045041567079691806,2.174476385116577,0.01528243999928236,0
mujoco,flat_forward,1,1,696,6.960000000000659,1.0,0.0,0.3282803971519526,0.005342573762452645,-0.02778259113498464,0.5220179164235292,-0.06015913100248007,2.175903797149658,0.014215689152479172,0
mujoco,flat_forward,1,1,697,6.970000000000662,1.0,0.0,0.3282628882279914,0.005315101351889906,-0.027773324917238378,0.5218206664672206,-0.0441676190036458,2.175069808959961,0.015937747433781624,0
mujoco,flat_forward,1,1,698,6.980000000000666,1.0,0.0,0.32824435279317066,0.005287726295128076,-0.027747220826671404,0.5215799756421199,-0.058268844393790854,2.1750237941741943,0.014001471921801567,0
mujoco,flat_forward,1,1,699,6.990000000000669,1.0,0.0,0.3282278202482366,0.005270471215438327,-0.02768526552121189,0.5213204047788522,-0.04449165604806568,2.1787357330322266,0.011803487315773964,0
mujoco,flat_forward,1,1,700,7.000000000000672,1.0,0.0,0.3282146519973597,0.0052429677391191915,-0.027630321018981902,0.5211024158014698,-0.061291523632336566,2.178635597229004,0.010184766724705696,0
mujoco,flat_forward,1,1,701,7.010000000000676,1.0,0.0,0.328205173635927,0.005219339330539761,-0.02756588237298573,0.5210873998007999,-0.045273610618106065,2.1810388565063477,0.011695179156959057,0
mujoco,flat_forward,1,1,702,7.020000000000679,1.0,0.0,0.3281959770837591,0.0051973656569272025,-0.027517284063574947,0.5205969863827697,-0.05935112419766766,2.177537202835083,0.012473313137888908,0
mujoco,flat_forward,1,1,703,7.030000000000682,1.0,0.0,0.3281922649290435,0.005187806985580064,-0.027430596866889843,0.5206662413434279,-0.04362123979395265,2.1829819679260254,0.011527100577950478,0
mujoco,flat_forward,1,1,704,7.040000000000686,1.0,0.0,0.32818683439466195,0.005183633856595594,-0.02739817652192524,0.5202287515255264,-0.059136616472928345,2.177971601486206,0.014428197406232357,0
mujoco,flat_forward,1,1,705,7.050000000000689,1.0,0.0,0.3281845790856575,0.005181921148640814,-0.027342868641729766,0.520340081269591,-0.04561977526541109,2.1842269897460938,0.014401108957827091,0
mujoco,flat_forward,1,1,706,7.060000000000692,1.0,0.0,0.3281792682493119,0.005184384439497755,-0.02734739673859497,0.5198880927082457,-0.05459784158301824,2.1801414489746094,0.012234717607498169,0
mujoco,flat_forward,1,1,707,7.070000000000696,1.0,0.0,0.3281799158813549,0.005191364377080318,-0.027288898077890946,0.5200019605978555,-0.04398865452129566,2.1872971057891846,0.013213712722063065,0
mujoco,flat_forward,1,1,708,7.080000000000699,1.0,0.0,0.3281782732693991,0.0051970085299764025,-0.027341436037914363,0.5198177608101947,-0.05238757085232494,2.1837966442108154,0.01100841723382473,0
mujoco,flat_forward,1,1,709,7.090000000000702,1.0,0.0,0.32818152615870466,0.005202233970664226,-0.02730627603303198,0.5199192241727222,-0.044551447158250664,2.1884050369262695,0.010330324061214924,0
mujoco,flat_forward,1,1,710,7.100000000000706,1.0,0.0,0.3281818474401078,0.00520196107912703,-0.027370877141330015,0.5197760183839035,-0.05501119981684718,2.1863808631896973,0.008626050315797329,0
mujoco,flat_forward,1,1,711,7.110000000000709,1.0,0.0,0.32818751511504735,0.005196496737540304,-0.027343038156196667,0.5198986606657384,-0.047802368128706085,2.1898415088653564,0.010183214209973812,0
mujoco,flat_forward,1,1,712,7.120000000000712,1.0,0.0,0.3281897884843774,0.005196823644037823,-0.027439250981356505,0.519740048960592,-0.05095569996195538,2.1874659061431885,0.00918673351407051,0
mujoco,flat_forward,1,1,713,7.130000000000716,1.0,0.0,0.3281988853911678,0.005201596249509155,-0.027404631722063314,0.5197802977706786,-0.04639164728460118,2.190833806991577,0.008680409751832485,0
mujoco,flat_forward,1,1,714,7.140000000000719,1.0,0.0,0.32820535061774725,0.0052028802290290665,-0.027507046261960356,0.5196621286519696,-0.0525260457705547,2.1896004676818848,0.007713148836046457,0
mujoco,flat_forward,1,1,715,7.1500000000007224,1.0,0.0,0.32821835347700823,0.005199215466451288,-0.027481103925448593,0.5197185486584629,-0.04943788604485357,2.1924149990081787,0.008692776784300804,0
mujoco,flat_forward,1,1,716,7.160000000000726,1.0,0.0,0.32822745378564094,0.005200444966555167,-0.027601921701124413,0.5195964470979925,-0.04863808974391793,2.190558433532715,0.007532666437327862,0
mujoco,flat_forward,1,1,717,7.170000000000729,1.0,0.0,0.32824279352332,0.0052042831569172835,-0.027575967395657763,0.5195971704521234,-0.04883810492650723,2.1930394172668457,0.007945702411234379,0
mujoco,flat_forward,1,1,718,7.1800000000007325,1.0,0.0,0.32825378543583894,0.0052042159607184075,-0.02769827658863339,0.5194927335204602,-0.05087223840481472,2.192044973373413,0.00746797164902091,0
mujoco,flat_forward,1,1,719,7.190000000000736,1.0,0.0,0.3282701316498243,0.005195432393232399,-0.02767576550105045,0.5195272192959894,-0.052729027146798016,2.194042444229126,0.007718647364526987,0
mujoco,flat_forward,1,1,720,7.200000000000739,1.0,0.0,0.3282813856189223,0.005188600017739633,-0.027790945718015783,0.5194128939964558,-0.047472643509402994,2.192318916320801,0.007584988605231047,0
mujoco,flat_forward,1,1,721,7.2100000000007425,1.0,0.0,0.3282971561509823,0.005184187288568038,-0.02776997494318021,0.5194109300894834,-0.052648243404605895,2.1939609050750732,0.009193817153573036,0
mujoco,flat_forward,1,1,722,7.220000000000746,1.0,0.0,0.32830698963477356,0.005179325055740482,-0.02789726645077087,0.5195263520571715,-0.04665717887707462,2.192758798599243,0.009100928902626038,0
mujoco,flat_forward,1,1,723,7.230000000000749,1.0,0.0,0.32831802943460725,0.005172128081844962,-0.027888849382082175,0.5194471587102095,-0.05473664733050665,2.192348003387451,0.007653487846255302,0
mujoco,flat_forward,1,1,724,7.2400000000007525,1.0,0.0,0.32832296518994053,0.005162080732329633,-0.02795920029306947,0.5192989573781388,-0.046941548792408645,2.192739963531494,0.009083207696676254,0
mujoco,flat_forward,1,1,725,7.250000000000756,1.0,0.0,0.32833209979895045,0.005146279773044215,-0.02792447045157887,0.5193003170829794,-0.057492794752858956,2.195127248764038,0.011285780929028988,0
mujoco,flat_forward,1,1,726,7.260000000000759,1.0,0.0,0.32833698439744186,0.005124341663149978,-0.027997983535957314,0.5193911603329152,-0.047748019913159266,2.1935081481933594,0.012223857454955578,0
mujoco,flat_forward,1,1,727,7.2700000000007625,1.0,0.0,0.3283427730123315,0.005103177270335009,-0.02798336949833157,0.5193410698164391,-0.06017347358462864,2.192824602127075,0.01074714120477438,0
mujoco,flat_forward,1,1,728,7.280000000000766,1.0,0.0,0.3283435490584128,0.005078631289832461,-0.028025355360193006,0.5193710087906843,-0.04476156073786962,2.1920671463012695,0.012358395382761955,0
mujoco,flat_forward,1,1,729,7.290000000000769,1.0,0.0,0.32834438508516484,0.005060647313920871,-0.02801325757562314,0.51925066815007,-0.060907295345699726,2.1912102699279785,0.014282769523561,0
mujoco,flat_forward,1,1,730,7.3000000000007725,1.0,0.0,0.3283401042826429,0.00503148572310695,-0.028054066005097637,0.519505062634267,-0.045955365547857265,2.191563129425049,0.015707718208432198,0
mujoco,flat_forward,1,1,731,7.310000000000776,1.0,0.0,0.32833271372322637,0.005012111500075353,-0.028057216634701003,0.5193354451855938,-0.06403627190332684,2.1886351108551025,0.0141899473965168,0
mujoco,flat_forward,1,1,732,7.320000000000779,1.0,0.0,0.3283209702205724,0.004979063926270226,-0.02805964272667634,0.5193455004742801,-0.04770972717290481,2.1906039714813232,0.017486991360783577,0
mujoco,flat_forward,1,1,733,7.330000000000783,1.0,0.0,0.32830948659612214,0.004950318803808888,-0.02803863810732241,0.5190506370551246,-0.06622723272302068,2.189354419708252,0.015387816354632378,0
mujoco,flat_forward,1,1,734,7.340000000000786,1.0,0.0,0.32830190808208937,0.00492240595468844,-0.028002495784894384,0.5190248340977691,-0.047380572039855226,2.192366600036621,0.01473998837172985,0
mujoco,flat_forward,1,1,735,7.350000000000789,1.0,0.0,0.3282937735458184,0.0049120592113869495,-0.027994617568532568,0.5188165644719807,-0.06561300219312408,2.1892154216766357,0.016447585076093674,0
mujoco,flat_forward,1,1,736,7.360000000000793,1.0,0.0,0.32828632545866765,0.004890995245668996,-0.027979551290345614,0.5188431707277738,-0.04855474071752265,2.1925504207611084,0.01731676235795021,0
mujoco,flat_forward,1,1,737,7.370000000000796,1.0,0.0,0.3282756300672978,0.004880974420913483,-0.028006909809952196,0.518671318552867,-0.06064580627713715,2.1904420852661133,0.014994204975664616,0
mujoco,flat_forward,1,1,738,7.380000000000799,1.0,0.0,0.328268221062718,0.004871855852875573,-0.027970309288601773,0.5186223960380358,-0.0459073407699147,2.1952226161956787,0.013225038535892963,0
mujoco,flat_forward,1,1,739,7.390000000000803,1.0,0.0,0.3282583950722778,0.004870491351726858,-0.028026921147188313,0.5187541518690991,-0.05725130235554167,2.1943516731262207,0.011463016271591187,0
mujoco,flat_forward,1,1,740,7.400000000000806,1.0,0.0,0.32825091635443077,0.004861515910303664,-0.028001676230514576,0.5187096904411119,-0.04553005543295255,2.197469472885132,0.012443948537111282,0
mujoco,flat_forward,1,1,741,7.410000000000809,1.0,0.0,0.32824105877234894,0.004854646686229076,-0.028054392902112958,0.5186744441486985,-0.055460625289187444,2.1980719566345215,0.010226737707853317,0
mujoco,flat_forward,1,1,742,7.420000000000813,1.0,0.0,0.32823802917737704,0.004845677182157953,-0.028005494006153066,0.5186224534166548,-0.0454101668142746,2.202075958251953,0.009918445721268654,0
mujoco,flat_forward,1,1,743,7.430000000000816,1.0,0.0,0.32823436756992275,0.004843961636220922,-0.028093597985872878,0.5186276588579072,-0.04981614305181936,2.201169967651367,0.009283341467380524,0
mujoco,flat_forward,1,1,744,7.440000000000819,1.0,0.0,0.32823892599599386,0.004845257910135346,-0.028051395069562817,0.5185044533053013,-0.04353667118980748,2.203932285308838,0.006761529948562384,0
mujoco,flat_forward,1,1,745,7.450000000000823,1.0,0.0,0.3282426504427619,0.0048459747095029974,-0.02815744421720117,0.5185868171160896,-0.051605046620314315,2.2038280963897705,0.005943911615759134,0
mujoco,flat_forward,1,1,746,7.460000000000826,1.0,0.0,0.328252909492046,0.004840007479072294,-0.028133905806074583,0.5185058471189056,-0.046864408335034816,2.205475330352783,0.007526264991611242,0
mujoco,flat_forward,1,1,747,7.470000000000829,1.0,0.0,0.32825965642772514,0.004837373479365463,-0.028271646158345695,0.5185975133206286,-0.047970272767409255,2.2050387859344482,0.005783011205494404,0
mujoco,flat_forward,1,1,748,7.480000000000833,1.0,0.0,0.3282721415463974,0.004837495636885252,-0.028253856466990045,0.5184446967298716,-0.045988844203669804,2.206242561340332,0.0048482841812074184,0
mujoco,flat_forward,1,1,749,7.490000000000836,1.0,0.0,0.3282806375948414,0.004835433741929626,-0.028388198567768252,0.5185470231973744,-0.05006720864915884,2.2065913677215576,0.004218734335154295,0
mujoco,flat_forward,1,1,750,7.500000000000839,1.0,0.0,0.3282938653161588,0.004824337855418143,-0.028369218451982186,0.5184530981788061,-0.04940989937667264,2.207550525665283,0.005390492267906666,0
mujoco,flat_forward,1,1,751,7.510000000000843,1.0,0.0,0.32830121802616474,0.004809888930650897,-0.028532533316934335,0.5188124486794035,-0.0501682772858726,2.207080125808716,0.004225539043545723,0
mujoco,flat_forward,1,1,752,7.520000000000846,1.0,0.0,0.32830979286125406,0.004791276959290508,-0.028527271803025386,0.518613501553512,-0.05125240040689162,2.205109119415283,0.004200872033834457,0
mujoco,flat_forward,1,1,753,7.530000000000849,1.0,0.0,0.32831193312732726,0.0047713362964626055,-0.02864327784444496,0.518657266927483,-0.049679348869376035,2.206393003463745,0.0029055585619062185,0
mujoco,flat_forward,1,1,754,7.540000000000853,1.0,0.0,0.32831899893604666,0.0047488939730926365,-0.028596845154603413,0.5185217016206426,-0.05321546483883021,2.20758318901062,0.005434243008494377,0
mujoco,flat_forward,1,1,755,7.550000000000856,1.0,0.0,0.32832227867891217,0.00473032995182736,-0.028680824374431847,0.518567301465097,-0.04536595571387707,2.2071499824523926,0.005683767609298229,0
mujoco,flat_forward,1,1,756,7.560000000000859,1.0,0.0,0.32833012858972827,0.004716473178384164,-0.028633389598438686,0.5184193108736143,-0.0528162213337079,2.207893133163452,0.007896789349615574,0
mujoco,flat_forward,1,1,757,7.570000000000863,1.0,0.0,0.32833345759242877,0.004697691017389884,-0.028720329154302913,0.5184910118811709,-0.048454746888511396,2.2076704502105713,0.008147826418280602,0
mujoco,flat_forward,1,1,758,7.580000000000866,1.0,0.0,0.32834038897612117,0.004672531140320629,-0.028676292794918914,0.5183867737721325,-0.057761472582879336,2.20762038230896,0.006357363425195217,0
mujoco,flat_forward,1,1,759,7.590000000000869,1.0,0.0,0.3283426011465302,0.004645254970218953,-0.028732259102297975,0.5184579839554182,-0.046322687093711595,2.2067883014678955,0.009220875799655914,0
mujoco,flat_forward,1,1,760,7.600000000000873,1.0,0.0,0.3283468705384243,0.004623172556776267,-0.028691564297504323,0.5183298253928461,-0.05834193709561114,2.2065186500549316,0.010808601975440979,0
mujoco,flat_forward,1,1,761,7.610000000000876,1.0,0.0,0.3283454102967275,0.004593413865448016,-0.02875197758741469,0.5186163986132813,-0.046409396626017875,2.20644474029541,0.01224618311971426,0
mujoco,flat_forward,1,1,762,7.620000000000879,1.0,0.0,0.3283425288200098,0.004569111420440924,-0.028728925035033992,0.5184517211642871,-0.06104900343633194,2.2042245864868164,0.01120489090681076,0
mujoco,flat_forward,1,1,763,7.630000000000883,1.0,0.0,0.32833414250672815,0.004535457984766176,-0.02874862159319218,0.5184746510071858,-0.04779720361468734,2.2056169509887695,0.013274147175252438,0
mujoco,flat_forward,1,1,764,7.640000000000886,1.0,0.0,0.32832765716815276,0.004503288493732574,-0.028702092105267068,0.5183219217767912,-0.0652163672972509,2.205329418182373,0.012903610244393349,0
mujoco,flat_forward,1,1,765,7.650000000000889,1.0,0.0,0.3283194619358593,0.004462722838110252,-0.02868716477239047,0.5183713204085361,-0.04704953701657325,2.2052860260009766,0.015896733850240707,0
mujoco,flat_forward,1,1,766,7.660000000000893,1.0,0.0,0.3283113148832441,0.004434755202378125,-0.028665534642046617,0.5180734442505252,-0.0647761092628865,2.202714204788208,0.01622653752565384,0
mujoco,flat_forward,1,1,767,7.670000000000896,1.0,0.0,0.3283056433315563,0.0044108196098656405,-0.028634610895828666,0.5180404209383241,-0.0455605070490329,2.2053091526031494,0.014487523585557938,0
mujoco,flat_forward,1,1,768,7.680000000000899,1.0,0.0,0.32829798141402783,0.004401924457974566,-0.028630603735153255,0.5178193716473746,-0.06409500823697328,2.2021360397338867,0.016525721177458763,0
mujoco,flat_forward,1,1,769,7.690000000000903,1.0,0.0,0.3282895684393624,0.004383911857336956,-0.028617253995267336,0.5178663843984178,-0.04721978466127094,2.206228494644165,0.018112389370799065,0
mujoco,flat_forward,1,1,770,7.700000000000906,1.0,0.0,0.32827845272259853,0.00436860667500357,-0.028619221819195153,0.5175037422827862,-0.06321849162257599,2.2042598724365234,0.014540053904056549,0
mujoco,flat_forward,1,1,771,7.7100000000009095,1.0,0.0,0.3282711763397891,0.004353852080720723,-0.02858221603613486,0.517524717005335,-0.046812105816693435,2.2100014686584473,0.015505979768931866,0
mujoco,flat_forward,1,1,772,7.720000000000913,1.0,0.0,0.3282624187978016,0.004346920757820686,-0.028602475618156844,0.5172486311587094,-0.05687354911655058,2.207357883453369,0.013415196910500526,0
mujoco,flat_forward,1,1,773,7.730000000000916,1.0,0.0,0.328259292907799,0.004344946548934926,-0.028564653905452587,0.5172740563549344,-0.04391874501906737,2.213050365447998,0.011829822324216366,0
mujoco,flat_forward,1,1,774,7.7400000000009195,1.0,0.0,0.32825411827322665,0.0043471169516927834,-0.028636906977680083,0.5172837964201219,-0.0538231208015888,2.21036696434021,0.010893214493989944,0
mujoco,flat_forward,1,1,775,7.750000000000923,1.0,0.0,0.3282520931953776,0.004345723063752319,-0.028624326266366643,0.5173122485222099,-0.044082774243747104,2.2132797241210938,0.010082545690238476,0
mujoco,flat_forward,1,1,776,7.760000000000926,1.0,0.0,0.32824657540084096,0.004343689798004039,-0.028697387569176686,0.51714289216249,-0.05251789187576994,2.212324857711792,0.008713433519005775,0
mujoco,flat_forward,1,1,777,7.7700000000009295,1.0,0.0,0.3282478248716475,0.00433998280565003,-0.028669043884822106,0.5171884595165817,-0.044835452454636784,2.2169299125671387,0.009891694411635399,0
mujoco,flat_forward,1,1,778,7.780000000000933,1.0,0.0,0.32824617282178736,0.004337533558226888,-0.02879058525408969,0.5173059463922264,-0.051360380188321425,2.2150771617889404,0.008625551126897335,0
mujoco,flat_forward,1,1,779,7.790000000000936,1.0,0.0,0.32824829545676826,0.004331125411969853,-0.028785180026900704,0.517298022849098,-0.04558758851097144,2.2166099548339844,0.0072753033600747585,0
mujoco,flat_forward,1,1,780,7.8000000000009395,1.0,0.0,0.32824578890461154,0.0043244459013647065,-0.02889563940560476,0.5171979381779789,-0.05011299143581102,2.2161576747894287,0.006239629350602627,0
mujoco,flat_forward,1,1,781,7.810000000000943,1.0,0.0,0.32825008217862695,0.004315039986069908,-0.028871766457199317,0.5172180266213056,-0.046584684981946546,2.2193856239318848,0.007856912910938263,0
mujoco,flat_forward,1,1,782,7.820000000000946,1.0,0.0,0.3282512462176351,0.004303007672771401,-0.02898473297748774,0.5171640917146897,-0.05303265561075675,2.2174911499023438,0.007598180323839188,0
mujoco,flat_forward,1,1,783,7.8300000000009495,1.0,0.0,0.32825790666827015,0.0042839141851201325,-0.028969872672715228,0.5172288595831933,-0.050225745732788894,2.2195684909820557,0.007805066183209419,0
mujoco,flat_forward,1,1,784,7.840000000000953,1.0,0.0,0.328259289967257,0.004268492157339201,-0.02909824814081249,0.5171462762485803,-0.04921182966256543,2.216916561126709,0.007725674659013748,0
mujoco,flat_forward,1,1,785,7.850000000000956,1.0,0.0,0.3282652606449231,0.004255330308155794,-0.029083193318955754,0.5171669668081357,-0.049552392949765794,2.2186503410339355,0.007119991350919008,0
mujoco,flat_forward,1,1,786,7.8600000000009596,1.0,0.0,0.3282661614327667,0.004245535230784666,-0.029176031914978348,0.5168255279691086,-0.0476983529464295,2.2168641090393066,0.007928913459181786,0
mujoco,flat_forward,1,1,787,7.870000000000963,1.0,0.0,0.3282734418391522,0.004232602273674967,-0.02914466284063692,0.5169622931091004,-0.05134211974312757,2.2209386825561523,0.010360021144151688,0
mujoco,flat_forward,1,1,788,7.880000000000966,1.0,0.0,0.3282751129567823,0.004219413245843012,-0.02926459157051577,0.5168962174869184,-0.04766606979819178,2.2174057960510254,0.011831440031528473,0
mujoco,flat_forward,1,1,789,7.89000000000097,1.0,0.0,0.32827868163504387,0.004201814108912359,-0.029259027617646018,0.5169892154168032,-0.05371578846880889,2.218337059020996,0.008353173732757568,0
mujoco,flat_forward,1,1,790,7.900000000000973,1.0,0.0,0.328275036460622,0.0041838948871548995,-0.029331834189488273,0.516670548233715,-0.048119956270743565,2.216317653656006,0.010506776161491871,0
mujoco,flat_forward,1,1,791,7.910000000000976,1.0,0.0,0.32827527764157993,0.0041593179572454895,-0.02930594509389267,0.51685469128513,-0.056434342947364165,2.2196338176727295,0.012118366546928883,0
mujoco,flat_forward,1,1,792,7.92000000000098,1.0,0.0,0.3282689670911927,0.004133062775519964,-0.02938612499393226,0.5167784603193493,-0.04859089902015806,2.2157249450683594,0.014709526672959328,0
mujoco,flat_forward,1,1,793,7.930000000000983,1.0,0.0,0.3282630405055247,0.004104522082957802,-0.029377663108958153,0.5169146553560534,-0.05890668220072461,2.216620445251465,0.011626550927758217,0
mujoco,flat_forward,1,1,794,7.940000000000986,1.0,0.0,0.32825039068520007,0.004074891576904178,-0.029411756711050382,0.5165774669566677,-0.04950286003091399,2.2139923572540283,0.013906512409448624,0
mujoco,flat_forward,1,1,795,7.95000000000099,1.0,0.0,0.3282407254329467,0.004039277024955466,-0.029384667414679783,0.5167598512917644,-0.062401569692813214,2.216864585876465,0.014661571010947227,0
mujoco,flat_forward,1,1,796,7.960000000000993,1.0,0.0,0.3282272299271895,0.004007715230203727,-0.029399010238801364,0.5164214161441516,-0.0472526583863384,2.2126412391662598,0.017879072576761246,0
mujoco,flat_forward,1,1,797,7.970000000000996,1.0,0.0,0.32821524478341896,0.003978829846184579,-0.029381827863995374,0.5163933078681192,-0.06134433650324189,2.213989496231079,0.016507122665643692,0
mujoco,flat_forward,1,1,798,7.980000000001,1.0,0.0,0.3282034601906233,0.003962314596765135,-0.02937224138887469,0.5161586777521212,-0.044359461004045045,2.2131834030151367,0.01384691521525383,0
mujoco,flat_forward,1,1,799,7.990000000001003,1.0,0.0,0.3281928538877002,0.003945478028409851,-0.029350655867177087,0.516074722945361,-0.06195902292314453,2.2128336429595947,0.0140629131346941,0
mujoco,flat_forward,1,1,800,8.000000000001005,1.0,0.0,0.3281810528151011,0.003928827570866754,-0.029327433047454922,0.515899013726726,-0.04762628247276352,2.2142982482910156,0.016057142987847328,0
mujoco,flat_forward,1,1,801,8.010000000001,1.0,0.0,0.32817078346573536,0.0039034029846298536,-0.02928082493135197,0.515637876231597,-0.0633370444536412,2.2145822048187256,0.012956487946212292,0
mujoco,flat_forward,1,1,802,8.020000000000994,1.0,0.0,0.3281647472255925,0.0038857902766989416,-0.02921772795726806,0.5156225386121092,-0.0462562848440164,2.217778444290161,0.011625154875218868,0
mujoco,flat_forward,1,1,803,8.030000000000989,1.0,0.0,0.32815987853417444,0.0038697759508907153,-0.029170194459040986,0.5151323204077364,-0.060139293192483644,2.214311361312866,0.013007212430238724,0
mujoco,flat_forward,1,1,804,8.040000000000983,1.0,0.0,0.32816109991879727,0.0038655073618851067,-0.02909049574008428,0.515225971152179,-0.0443973162715023,2.220597505569458,0.012584767304360867,0
mujoco,flat_forward,1,1,805,8.050000000000978,1.0,0.0,0.3281606068604688,0.003863210863906455,-0.029066830682953595,0.5148182654757557,-0.0600027299234425,2.2150914669036865,0.0143838906660676,0
mujoco,flat_forward,1,1,806,8.060000000000972,1.0,0.0,0.3281628487526724,0.0038642315508607525,-0.029025792285784127,0.5149933760106128,-0.04665782484284624,2.221576690673828,0.014717409387230873,0
mujoco,flat_forward,1,1,807,8.070000000000967,1.0,0.0,0.32816108098311675,0.0038670771150252706,-0.02904520244717027,0.5145878434015636,-0.05578920379403283,2.2168080806732178,0.012668720446527004,0
mujoco,flat_forward,1,1,808,8.080000000000961,1.0,0.0,0.3281642226111094,0.003874430811551121,-0.029003693738201632,0.514771250587027,-0.045465884645152485,2.224088668823242,0.01323051005601883,0
mujoco,flat_forward,1,1,809,8.090000000000956,1.0,0.0,0.3281651331200887,0.0038760222058147604,-0.02903333950551095,0.5144605862854241,-0.057612680322852404,2.2200927734375,0.011076015420258045,0
mujoco,flat_forward,1,1,810,8.10000000000095,1.0,0.0,0.3281709980789612,0.0038757109964551806,-0.029014708381792677,0.5147399565105282,-0.04834185833151795,2.2258141040802,0.013140466995537281,0
mujoco,flat_forward,1,1,811,8.110000000000944,1.0,0.0,0.32817318826938885,0.0038762931309604524,-0.029088317826273555,0.514406112047454,-0.05353614274355032,2.220949649810791,0.012296920642256737,0
mujoco,flat_forward,1,1,812,8.120000000000939,1.0,0.0,0.32818129870915885,0.003880264279827504,-0.029073466032400765,0.514649981017185,-0.047261063821519796,2.2261645793914795,0.011643907055258751,0
mujoco,flat_forward,1,1,813,8.130000000000933,1.0,0.0,0.32818592926827145,0.0038804402544307275,-0.029161264842553963,0.5143761021428209,-0.05560588569525831,2.2221384048461914,0.011574020609259605,0
mujoco,flat_forward,1,1,814,8.140000000000928,1.0,0.0,0.32819561460580354,0.0038776857312992495,-0.029161006695876117,0.5146690984510663,-0.05074886251665542,2.2265939712524414,0.011893663555383682,0
mujoco,flat_forward,1,1,815,8.150000000000922,1.0,0.0,0.3281999605164235,0.0038777334675775886,-0.029279040688034094,0.5143789798669758,-0.051961784162369566,2.22227144241333,0.011820322833955288,0
mujoco,flat_forward,1,1,816,8.160000000000917,1.0,0.0,0.32820922625187354,0.0038799883649954956,-0.02927715505459589,0.5146296658285244,-0.0501382378058471,2.2268762588500977,0.011418459936976433,0
mujoco,flat_forward,1,1,817,8.170000000000911,1.0,0.0,0.3282138040446747,0.0038841802431730105,-0.02936671519192015,0.5141190274863217,-0.050503899989096136,2.2234749794006348,0.011608424596488476,0
mujoco,flat_forward,1,1,818,8.180000000000906,1.0,0.0,0.3282251973368729,0.003885010457262862,-0.02936128117078157,0.5145010494644511,-0.05182313488940997,2.2296626567840576,0.014259724877774715,0
mujoco,flat_forward,1,1,819,8.1900000000009,1.0,0.0,0.32823100834224844,0.00388551668581392,-0.02949225708314736,0.5142398713057107,-0.05037473528212105,2.223734140396118,0.015830906108021736,0
mujoco,flat_forward,1,1,820,8.200000000000895,1.0,0.0,0.32823905227766303,0.003879860585913931,-0.029511911426083764,0.5145940121955799,-0.05408973932781248,2.2271227836608887,0.011823033913969994,0
mujoco,flat_forward,1,1,821,8.210000000000889,1.0,0.0,0.328239628761877,0.0038737769666582437,-0.029604304861729106,0.5141036008492289,-0.050822485852592844,2.22282075881958,0.0139113524928689,0
mujoco,flat_forward,1,1,822,8.220000000000883,1.0,0.0,0.3282440806038532,0.003859514610445435,-0.029611425903507765,0.5145394469120701,-0.056691178938618254,2.2282629013061523,0.015233952552080154,0
mujoco,flat_forward,1,1,823,8.230000000000878,1.0,0.0,0.32824260750854317,0.003850341358530341,-0.0296772598864268,0.5140369036114115,-0.04733811713023352,2.2222161293029785,0.018145723268389702,0
mujoco,flat_forward,1,1,824,8.240000000000872,1.0,0.0,0.3282433679466377,0.003835837103304665,-0.02969463318182518,0.514466492174533,-0.05665971918473283,2.2273027896881104,0.017247259616851807,0
mujoco,flat_forward,1,1,825,8.250000000000867,1.0,0.0,0.3282369000165777,0.0038193315950084804,-0.02976448768744093,0.513998453339781,-0.0509138285183776,2.2214295864105225,0.020011603832244873,0
mujoco,flat_forward,1,1,826,8.260000000000861,1.0,0.0,0.3282316156975539,0.003788703174959867,-0.02978431795795218,0.514476903235061,-0.06184684796198785,2.2258620262145996,0.016828790307044983,0
mujoco,flat_forward,1,1,827,8.270000000000856,1.0,0.0,0.3282195404279284,0.003763506449064804,-0.029838684896203647,0.514003987109187,-0.04911112633466417,2.219343423843384,0.021142862737178802,0
mujoco,flat_forward,1,1,828,8.28000000000085,1.0,0.0,0.32820747962056745,0.003733557966524787,-0.029856557836638837,0.5142403888369768,-0.06068898511326482,2.222566843032837,0.018373334780335426,0
mujoco,flat_forward,1,1,829,8.290000000000845,1.0,0.0,0.3281935073941241,0.00371814905484973,-0.02986534704822711,0.5136320883502716,-0.04926266556484161,2.219855308532715,0.015994304791092873,0
mujoco,flat_forward,1,1,830,8.30000000000084,1.0,0.0,0.32818342984310206,0.0036906318499440273,-0.029845469249015082,0.5137054749780693,-0.059622511900541936,2.223628520965576,0.01542186550796032,0
mujoco,flat_forward,1,1,831,8.310000000000834,1.0,0.0,0.3281760264022552,0.003680957880048281,-0.02982485061546487,0.5133475546757327,-0.04594408113038379,2.2234299182891846,0.011514266952872276,0
mujoco,flat_forward,1,1,832,8.320000000000828,1.0,0.0,0.32817138856299266,0.0036616221496211195,-0.029811264514447284,0.5133652781955219,-0.05966703469088759,2.223553419113159,0.011370229534804821,0
mujoco,flat_forward,1,1,833,8.330000000000823,1.0,0.0,0.32816678776242664,0.003653339381130396,-0.029799512575173746,0.5132887574159586,-0.04529740987346834,2.224369525909424,0.01189624797552824,0
mujoco,flat_forward,1,1,834,8.340000000000817,1.0,0.0,0.32816100557902794,0.0036369352924426313,-0.029784267214177686,0.5130184959033315,-0.05810770421824166,2.2228353023529053,0.010718767531216145,0
mujoco,flat_forward,1,1,835,8.350000000000811,1.0,0.0,0.32815787067940755,0.0036340760802510133,-0.02973598782554874,0.5129131909375807,-0.0464099371409539,2.227365255355835,0.009731928817927837,0
mujoco,flat_forward,1,1,836,8.360000000000806,1.0,0.0,0.32815699974652246,0.0036164427353400515,-0.02968646450975912,0.5124445636161028,-0.05793171440828377,2.2259066104888916,0.007065879181027412,0
mujoco,flat_forward,1,1,837,8.3700000000008,1.0,0.0,0.32816304071371005,0.0036130390392834556,-0.029623516566599537,0.5126138571365794,-0.04494685606752052,2.231586217880249,0.010518084280192852,0
mujoco,flat_forward,1,1,838,8.380000000000795,1.0,0.0,0.32816927914963273,0.003599018835065313,-0.029588868763365615,0.5121167075044027,-0.05925213049583815,2.2251226902008057,0.012500789947807789,0
mujoco,flat_forward,1,1,839,8.39000000000079,1.0,0.0,0.32817912662772514,0.003595583266525497,-0.02955157261704579,0.5124793834966442,-0.04666347038864132,2.23142147064209,0.013854758813977242,0
mujoco,flat_forward,1,1,840,8.400000000000784,1.0,0.0,0.32818424733018986,0.0035917078960040435,-0.029543612717363863,0.5117173443761043,-0.0570002461661601,2.2233986854553223,0.01642707921564579,0
mujoco,flat_forward,1,1,841,8.410000000000778,1.0,0.0,0.3281933899122124,0.0035979344396293135,-0.029514781272877114,0.5121216014690455,-0.04724932563612778,2.2330214977264404,0.01798601634800434,0
mujoco,flat_forward,1,1,842,8.420000000000773,1.0,0.0,0.3281976504629565,0.0036010849292799152,-0.02955447003841506,0.5116136782373271,-0.05602962592213962,2.22544264793396,0.01688055321574211,0
mujoco,flat_forward,1,1,843,8.430000000000767,1.0,0.0,0.3282042826757962,0.003607075544125887,-0.0295488243150964,0.5120675797416289,-0.04847574199467033,2.2334187030792236,0.016206610947847366,0
mujoco,flat_forward,1,1,844,8.440000000000762,1.0,0.0,0.3282058691806681,0.0036077013006671536,-0.02958218258425942,0.5113691422036931,-0.0550415792159014,2.227116584777832,0.015067769214510918,0
mujoco,flat_forward,1,1,845,8.450000000000756,1.0,0.0,0.3282133631467489,0.0036108475954100823,-0.029574735583350102,0.5119034978872472,-0.04950323685890427,2.235781192779541,0.01832369528710842,0
mujoco,flat_forward,1,1,846,8.46000000000075,1.0,0.0,0.3282160713602444,0.0036116621699058557,-0.02966200411643001,0.5114391637791054,-0.054223937401298314,2.2278354167938232,0.018663279712200165,0
mujoco,flat_forward,1,1,847,8.470000000000745,1.0,0.0,0.3282219018214962,0.003612279166753835,-0.029681118085949185,0.511967076163787,-0.05082914337600808,2.2337424755096436,0.015605679713189602,0
mujoco,flat_forward,1,1,848,8.48000000000074,1.0,0.0,0.3282216408971145,0.0036113593013702263,-0.02975342688560095,0.5112700989920341,-0.05330194513493131,2.227173089981079,0.01680172234773636,0
mujoco,flat_forward,1,1,849,8.490000000000734,1.0,0.0,0.32822674049454126,0.0036082779515347143,-0.02976707562551121,0.511883557905374,-0.05228150779513592,2.2352025508880615,0.018724292516708374,0
mujoco,flat_forward,1,1,850,8.500000000000728,1.0,0.0,0.328226587704477,0.003609615943843405,-0.02984460922961042,0.511148028727076,-0.04931430490986623,2.227267026901245,0.020648540928959846,0
mujoco,flat_forward,1,1,851,8.510000000000723,1.0,0.0,0.32823075312523825,0.003609208608261987,-0.02987135969483435,0.5117984119092975,-0.05200365586004313,2.2356209754943848,0.019801029935479164,0
mujoco,flat_forward,1,1,852,8.520000000000717,1.0,0.0,0.32822827621465384,0.003606926966878469,-0.029959458647668417,0.51110797172094,-0.052087188013166474,2.2274467945098877,0.022391028702259064,0
mujoco,flat_forward,1,1,853,8.530000000000712,1.0,0.0,0.32822840294137684,0.0035928659847250196,-0.02999844450198113,0.5118412060475757,-0.05623519911359892,2.2351245880126953,0.019792329519987106,0
mujoco,flat_forward,1,1,854,8.540000000000706,1.0,0.0,0.3282208692675426,0.0035833650392882574,-0.030074499530513436,0.5111298715358639,-0.04957031447252784,2.2261126041412354,0.023492641746997833,0
mujoco,flat_forward,1,1,855,8.5500000000007,1.0,0.0,0.32821461915706407,0.0035677042435168387,-0.030111072563750976,0.5118176569226115,-0.05648081469764727,2.233466863632202,0.0209153201431036,0
mujoco,flat_forward,1,1,856,8.560000000000695,1.0,0.0,0.3282017597724903,0.003558671277325234,-0.03015601152696589,0.5109041869216594,-0.04920819301835537,2.2254810333251953,0.024571117013692856,0
mujoco,flat_forward,1,1,857,8.57000000000069,1.0,0.0,0.32819170213721205,0.0035356049126709192,-0.030185347271396414,0.5116525609906483,-0.05877224629336448,2.2336618900299072,0.023117035627365112,0
mujoco,flat_forward,1,1,858,8.580000000000684,1.0,0.0,0.3281741885010969,0.0035176220556205613,-0.030259942866435168,0.5110213576976235,-0.04956231185754983,2.2242772579193115,0.02778317779302597,0
mujoco,flat_forward,1,1,859,8.590000000000678,1.0,0.0,0.32815536886964763,0.0034881923123953377,-0.03029770012790404,0.5115359315318425,-0.05901525727938661,2.22922420501709,0.02096705511212349,0
mujoco,flat_forward,1,1,860,8.600000000000673,1.0,0.0,0.32813232814400883,0.0034747714844163224,-0.030313035097601852,0.5107569861610022,-0.0500365676191012,2.224336862564087,0.019475741311907768,0
mujoco,flat_forward,1,1,861,8.610000000000667,1.0,0.0,0.32811208913089157,0.003446857635331407,-0.030297470509760838,0.5111131008596645,-0.0577986699749429,2.230353832244873,0.018481645733118057,0
mujoco,flat_forward,1,1,862,8.620000000000662,1.0,0.0,0.3280926929114303,0.0034416442438046876,-0.030277428198578735,0.5105769716336302,-0.04570788602454145,2.228119373321533,0.014782439917325974,0
mujoco,flat_forward,1,1,863,8.630000000000656,1.0,0.0,0.3280764866446007,0.0034252073105769092,-0.030248625115171148,0.5106272528600377,-0.05313943292096431,2.2307655811309814,0.013225044123828411,0
mujoco,flat_forward,1,1,864,8.64000000000065,1.0,0.0,0.3280638501442907,0.0034293469598357454,-0.030204448116589407,0.5101502485723024,-0.04509802949323099,2.232264518737793,0.009022459387779236,0
mujoco,flat_forward,1,1,865,8.650000000000645,1.0,0.0,0.3280563020609779,0.003412200600889951,-0.030174904157805913,0.5102535287980043,-0.05578662341774436,2.233522415161133,0.007507428992539644,0
mujoco,flat_forward,1,1,866,8.66000000000064,1.0,0.0,0.3280510642236518,0.0034106776316564246,-0.030153562184144462,0.5100978430739882,-0.04544567421206263,2.2335081100463867,0.008442535996437073,0
mujoco,flat_forward,1,1,867,8.670000000000634,1.0,0.0,0.3280464883599056,0.0033925280917904395,-0.030133642179620074,0.5098701907355858,-0.05420375705002181,2.232285499572754,0.006961529143154621,0
mujoco,flat_forward,1,1,868,8.680000000000629,1.0,0.0,0.3280453200552588,0.0033965552680765313,-0.030090753462704484,0.5096876688678299,-0.046314532918434216,2.235438823699951,0.00635205814614892,0
mujoco,flat_forward,1,1,869,8.690000000000623,1.0,0.0,0.32804629646780303,0.0033754246959181783,-0.030061363986177054,0.5094904128660827,-0.057905422019576144,2.2340643405914307,0.00496490066871047,0
mujoco,flat_forward,1,1,870,8.700000000000617,1.0,0.0,0.32805024356707874,0.0033714469387068975,-0.03003121282542786,0.5095703732845157,-0.04719120963229049,2.2360737323760986,0.007462403271347284,0
mujoco,flat_forward,1,1,871,8.710000000000612,1.0,0.0,0.3280530811849171,0.0033512682721209856,-0.029990010443308495,0.5090275804285782,-0.05641376361970765,2.2319130897521973,0.009285890497267246,0
mujoco,flat_forward,1,1,872,8.720000000000606,1.0,0.0,0.32806027949518235,0.0033534205396725646,-0.029950050954607132,0.5093537111258755,-0.04543784491862842,2.237997531890869,0.012865368276834488,0
mujoco,flat_forward,1,1,873,8.7300000000006,1.0,0.0,0.3280650477377849,0.003342623800490825,-0.02991861841237109,0.5087044421506625,-0.057759013891470784,2.2299580574035645,0.015235497616231441,0
mujoco,flat_forward,1,1,874,8.740000000000595,1.0,0.0,0.3280723379981827,0.003345959831965782,-0.029876939163746535,0.5091171428724748,-0.04951978662998795,2.238537073135376,0.01786770112812519,0
mujoco,flat_forward,1,1,875,8.75000000000059,1.0,0.0,0.3280783314205004,0.003332150893515583,-0.029813382726024212,0.5082184545664947,-0.059088751173448584,2.2308223247528076,0.01469338033348322,0
mujoco,flat_forward,1,1,876,8.760000000000584,1.0,0.0,0.3280909951804273,0.0033332651346767686,-0.029754112086333523,0.5088619197246164,-0.050591321365258,2.2409889698028564,0.02162414975464344,0
mujoco,flat_forward,1,1,877,8.770000000000579,1.0,0.0,0.32809987305779553,0.0033298708130391915,-0.02974570394710947,0.5079431287673192,-0.0605810143189829,2.2298457622528076,0.022181862965226173,0
mujoco,flat_forward,1,1,878,8.780000000000573,1.0,0.0,0.3281120656037467,0.0033372383947921805,-0.029727734795109442,0.5086043623133006,-0.05375374606256698,2.2393062114715576,0.02201324887573719,0
mujoco,flat_forward,1,1,879,8.790000000000568,1.0,0.0,0.32811847133570293,0.00334395518878737,-0.02974123767365385,0.5076293413962608,-0.0570553502887391,2.2288904190063477,0.021724892780184746,0
mujoco,flat_forward,1,1,880,8.800000000000562,1.0,0.0,0.32812891069029737,0.003355696406568215,-0.029736877312888047,0.5083533359502306,-0.05366756491232045,2.239358425140381,0.023239413276314735,0
mujoco,flat_forward,1,1,881,8.810000000000556,1.0,0.0,0.3281339757402156,0.0033692527380639924,-0.029771664263014683,0.5073488864455669,-0.052851176639929456,2.2293009757995605,0.023460188880562782,0
mujoco,flat_forward,1,1,882,8.820000000000551,1.0,0.0,0.3281436236931817,0.0033818797086008624,-0.02978306804396766,0.5081420066022735,-0.05383219213351969,2.2404346466064453,0.024716611951589584,0
mujoco,flat_forward,1,1,883,8.830000000000545,1.0,0.0,0.32814784414673465,0.0033920678268516257,-0.02983668734592688,0.507213677988917,-0.056155574258645535,2.23054838180542,0.025242328643798828,0
mujoco,flat_forward,1,1,884,8.84000000000054,1.0,0.0,0.32815566865596624,0.0033953932861163962,-0.029871059590947314,0.5080952640947279,-0.05838336520662538,2.240314245223999,0.024286242201924324,0
mujoco,flat_forward,1,1,885,8.850000000000534,1.0,0.0,0.32815717711617,0.003401865999525632,-0.029932016319964068,0.5071561334648196,-0.054219269597363874,2.22914981842041,0.02637339010834694,0
mujoco,flat_forward,1,1,886,8.860000000000529,1.0,0.0,0.32816134200200997,0.00340247097307474,-0.029973534378197764,0.5080018197190465,-0.05918428674131573,2.238380193710327,0.024922410026192665,0
mujoco,flat_forward,1,1,887,8.870000000000523,1.0,0.0,0.3281589635994256,0.0034121110913611138,-0.030045411854728903,0.5070827786572248,-0.0501980037218768,2.228269338607788,0.02738186903297901,0
mujoco,flat_forward,1,1,888,8.880000000000518,1.0,0.0,0.3281580661834706,0.0034122331133081773,-0.030093454876439166,0.5078603849855728,-0.059137507168368304,2.236692428588867,0.024668335914611816,0
mujoco,flat_forward,1,1,889,8.890000000000512,1.0,0.0,0.3281495574179928,0.0034143506707510767,-0.030164568193038022,0.5070588447559583,-0.05375336037866223,2.228259563446045,0.027616653591394424,0
mujoco,flat_forward,1,1,890,8.900000000000507,1.0,0.0,0.3281418659277609,0.0033977583276780386,-0.030210059167717643,0.5077491964041912,-0.06189596809823382,2.2358217239379883,0.02367311716079712,0
mujoco,flat_forward,1,1,891,8.910000000000501,1.0,0.0,0.3281310941949218,0.0033965177137182385,-0.030257760296223218,0.5070046211744692,-0.05126682869674265,2.2290728092193604,0.021613407880067825,0
mujoco,flat_forward,1,1,892,8.920000000000496,1.0,0.0,0.3281224857888455,0.003384704782319693,-0.030270567026166158,0.507399160453524,-0.0582013699335058,2.2348172664642334,0.019471310079097748,0
mujoco,flat_forward,1,1,893,8.93000000000049,1.0,0.0,0.32811434576005444,0.0033898495848997045,-0.030266873475010017,0.5066937943586525,-0.049759654970845245,2.2328479290008545,0.014776479452848434,0
mujoco,flat_forward,1,1,894,8.940000000000484,1.0,0.0,0.32811098845934883,0.0033758901589081547,-0.030264930362444355,0.5071440670097523,-0.05959108814061304,2.2377007007598877,0.014940707013010979,0
mujoco,flat_forward,1,1,895,8.950000000000479,1.0,0.0,0.3281075767534305,0.003375829860902681,-0.03028219187917803,0.506744531257428,-0.048870260624112274,2.2344624996185303,0.014877703972160816,0
mujoco,flat_forward,1,1,896,8.960000000000473,1.0,0.0,0.3281053710938955,0.0033609069780351874,-0.030282688880194877,0.5068515876153229,-0.05692003365993258,2.236616849899292,0.01232343539595604,0
mujoco,flat_forward,1,1,897,8.970000000000468,1.0,0.0,0.3281044843265942,0.0033673054102157695,-0.03028179707026579,0.5066902812825199,-0.04552284281227165,2.237968683242798,0.0074298023246228695,0
mujoco,flat_forward,1,1,898,8.980000000000462,1.0,0.0,0.3281045855536105,0.0033615597025497797,-0.030273499440186983,0.506474664640774,-0.05383872292166518,2.237283945083618,0.007416633889079094,0
mujoco,flat_forward,1,1,899,8.990000000000457,1.0,0.0,0.3281088115727133,0.0033732204878284466,-0.030249069182379285,0.5063209998817743,-0.045939443785156735,2.24186635017395,0.007430811878293753,0
mujoco,flat_forward,1,1,900,9.000000000000451,1.0,0.0,0.32811615362769875,0.0033613242265468023,-0.030235015625771494,0.5061798936619937,-0.05744276086094704,2.2406742572784424,0.004976904019713402,0
mujoco,flat_forward,1,1,901,9.010000000000446,1.0,0.0,0.32812726521297975,0.003362182552277807,-0.030229489292880586,0.5063069900513802,-0.04715633393323805,2.2431445121765137,0.006991477217525244,0
mujoco,flat_forward,1,1,902,9.02000000000044,1.0,0.0,0.32813756798676863,0.0033472431345087394,-0.030210167235434387,0.5058431039381359,-0.05640883355758523,2.2387256622314453,0.008952409029006958,0
mujoco,flat_forward,1,1,903,9.030000000000435,1.0,0.0,0.3281521133272693,0.0033500680490930797,-0.030199215935670605,0.506211474496443,-0.04547383627783188,2.244904041290283,0.012250229716300964,0
mujoco,flat_forward,1,1,904,9.040000000000429,1.0,0.0,0.3281636554639622,0.0033406949323445644,-0.030192816355252238,0.5056379495452494,-0.05751700235105117,2.236710786819458,0.015274700708687305,0
mujoco,flat_forward,1,1,905,9.050000000000423,1.0,0.0,0.3281770474100531,0.003343104146022429,-0.030177528957593285,0.5061040851712308,-0.04919130780651416,2.245445728302002,0.017477519810199738,0
mujoco,flat_forward,1,1,906,9.060000000000418,1.0,0.0,0.32818836504831805,0.0033284073119907685,-0.030141909157134116,0.5052836207734352,-0.05874238647304342,2.237795352935791,0.014889772050082684,0
mujoco,flat_forward,1,1,907,9.070000000000412,1.0,0.0,0.3282055037551635,0.0033261503544464925,-0.030112283912484366,0.5059575489934331,-0.0500955119449908,2.247931957244873,0.021015174686908722,0
mujoco,flat_forward,1,1,908,9.080000000000407,1.0,0.0,0.3282178419412365,0.0033192439934226887,-0.030129402066643777,0.5051103942178867,-0.05991270878605005,2.2368061542510986,0.022413818165659904,0
mujoco,flat_forward,1,1,909,9.090000000000401,1.0,0.0,0.32823249542316724,0.003321345831012925,-0.03013971614649534,0.5057952065602462,-0.05284940535377265,2.2463040351867676,0.02154248207807541,0
mujoco,flat_forward,1,1,910,9.100000000000396,1.0,0.0,0.3282405087209648,0.0033235618140094567,-0.030177872510160977,0.5048892698282174,-0.05593778873826038,2.235872745513916,0.022102605551481247,0
mujoco,flat_forward,1,1,911,9.11000000000039,1.0,0.0,0.3282514276743148,0.003331072375512388,-0.03020033196133386,0.5056412831829923,-0.05222982869876146,2.2463667392730713,0.022648070007562637,0
mujoco,flat_forward,1,1,912,9.120000000000385,1.0,0.0,0.3282547739189024,0.0033369791278399104,-0.030287290896895434,0.504963721978154,-0.054731317586082545,2.2363977432250977,0.023792019113898277,0
mujoco,flat_forward,1,1,913,9.13000000000038,1.0,0.0,0.3282591577885468,0.003341646523782319,-0.030328160705531224,0.5057392881367712,-0.05386565157726663,2.2453513145446777,0.020877471193671227,0
mujoco,flat_forward,1,1,914,9.140000000000374,1.0,0.0,0.3282560443242637,0.0033437492598524274,-0.030386360375317206,0.5048673256577634,-0.054580678958882405,2.236948013305664,0.022265782579779625,0
mujoco,flat_forward,1,1,915,9.150000000000368,1.0,0.0,0.32825686279891075,0.003338791339716389,-0.03042044470270498,0.5057496871974624,-0.05597542560190542,2.2472965717315674,0.023911304771900177,0
mujoco,flat_forward,1,1,916,9.160000000000363,1.0,0.0,0.32825172377249284,0.0033385969909360963,-0.030476986995853397,0.5048560563725318,-0.05138300914685032,2.2365856170654297,0.026410020887851715,0
mujoco,flat_forward,1,1,917,9.170000000000357,1.0,0.0,0.3282495099892124,0.0033320780039860633,-0.030524076404709836,0.5057473914653612,-0.05605375737290557,2.2463717460632324,0.024422552436590195,0
mujoco,flat_forward,1,1,918,9.180000000000351,1.0,0.0,0.32824177838256857,0.0033316039768580444,-0.030568165365246477,0.504676808631934,-0.051034026342059544,2.2359752655029297,0.02809816785156727,0
mujoco,flat_forward,1,1,919,9.190000000000346,1.0,0.0,0.3282372976264419,0.003316690419123682,-0.03062161314730928,0.5056468326731428,-0.05836821450390251,2.2463250160217285,0.026134923100471497,0
mujoco,flat_forward,1,1,920,9.20000000000034,1.0,0.0,0.3282251718520611,0.0033067322219228856,-0.030710789891323014,0.5048620572609431,-0.051407559022811154,2.234851360321045,0.031488820910453796,0
mujoco,flat_forward,1,1,921,9.210000000000335,1.0,0.0,0.32821173688222066,0.003282913007535191,-0.030776689529394104,0.5056241196338787,-0.058416225566706725,2.2422471046447754,0.023577915504574776,0
mujoco,flat_forward,1,1,922,9.22000000000033,1.0,0.0,0.3281933057177979,0.0032738569259634833,-0.030804810026881322,0.5046936811849723,-0.05135974818818159,2.235443353652954,0.022895431146025658,0
mujoco,flat_forward,1,1,923,9.230000000000324,1.0,0.0,0.328177124357761,0.003247969705544999,-0.03081981218143387,0.5053311457320758,-0.056571387064088235,2.2440311908721924,0.022111890837550163,0
mujoco,flat_forward,1,1,924,9.240000000000318,1.0,0.0,0.3281612112580199,0.003239746027011438,-0.03079331042870196,0.504400993473143,-0.05057943946545221,2.239398956298828,0.018557323142886162,0
mujoco,flat_forward,1,1,925,9.250000000000313,1.0,0.0,0.3281504785093649,0.0032133431768597413,-0.03077764328126856,0.5048727942743075,-0.054091869374560654,2.2466704845428467,0.018331825733184814,0
mujoco,flat_forward,1,1,926,9.260000000000307,1.0,0.0,0.3281426282706051,0.0032107876234367073,-0.030763656858857343,0.5042322776829927,-0.046273012470405925,2.2431609630584717,0.014141976833343506,0
mujoco,flat_forward,1,1,927,9.270000000000302,1.0,0.0,0.3281377546994111,0.0031921969885343924,-0.030770131066970366,0.504598699382194,-0.05346604305587296,2.2459421157836914,0.010754506103694439,0
mujoco,flat_forward,1,1,928,9.280000000000296,1.0,0.0,0.32813242358902733,0.003189496092798069,-0.03077144858582686,0.5040683858479588,-0.048513221701895606,2.244016170501709,0.01115460880100727,0
mujoco,flat_forward,1,1,929,9.29000000000029,1.0,0.0,0.328128842377168,0.0031639173036976972,-0.030763729323803946,0.5042026559924735,-0.05324390319334609,2.2467474937438965,0.008682280778884888,0
mujoco,flat_forward,1,1,930,9.300000000000285,1.0,0.0,0.3281269472814681,0.003162616229602025,-0.030757678714684867,0.5039315319865786,-0.045966919030087657,2.247032642364502,0.005546795204281807,0
mujoco,flat_forward,1,1,931,9.31000000000028,1.0,0.0,0.3281254848887683,0.0031405133910242205,-0.03076009143919066,0.5039795569174315,-0.05385619980386907,2.2465524673461914,0.005193906836211681,0
mujoco,flat_forward,1,1,932,9.320000000000274,1.0,0.0,0.3281240899551722,0.003135156393276083,-0.03075625592315791,0.5037439744669585,-0.04896506598069054,2.2477219104766846,0.005021961405873299,0
mujoco,flat_forward,1,1,933,9.330000000000268,1.0,0.0,0.3281236181136772,0.00310445324199458,-0.030742718598683258,0.5035433440323939,-0.05477852630661245,2.247046709060669,0.0040522548370063305,0
mujoco,flat_forward,1,1,934,9.340000000000263,1.0,0.0,0.32812662389073727,0.003098418958433299,-0.03072720625198693,0.5034971294090747,-0.04766969851085259,2.2487633228302,0.005585712846368551,0
mujoco,flat_forward,1,1,935,9.350000000000257,1.0,0.0,0.3281289082719096,0.003071491199120403,-0.03071470165774135,0.5032365603809843,-0.05661647296213681,2.2454915046691895,0.007164633832871914,0
mujoco,flat_forward,1,1,936,9.360000000000252,1.0,0.0,0.3281324183272673,0.003066322739806747,-0.03071280421356894,0.5034468551840726,-0.047972819877655414,2.248539924621582,0.008792553097009659,0
mujoco,flat_forward,1,1,937,9.370000000000246,1.0,0.0,0.3281327075999271,0.0030458778559704336,-0.03067786390560906,0.5028290823694231,-0.05508916696433311,2.243072748184204,0.010957748629152775,0
mujoco,flat_forward,1,1,938,9.38000000000024,1.0,0.0,0.3281361051896334,0.0030452484556153844,-0.030648817547298774,0.5031422279802731,-0.049883510718640584,2.2508585453033447,0.015835311263799667,0
mujoco,flat_forward,1,1,939,9.390000000000235,1.0,0.0,0.32813977624903046,0.0030256608267106963,-0.030570654277911332,0.5022669126945396,-0.05569935607534912,2.2444794178009033,0.013619446195662022,0
mujoco,flat_forward,1,1,940,9.40000000000023,1.0,0.0,0.3281497876848619,0.003023838752547264,-0.030537498743149667,0.5029579939943105,-0.049764048251577334,2.2536115646362305,0.02008640021085739,0
mujoco,flat_forward,1,1,941,9.410000000000224,1.0,0.0,0.32815761026757867,0.003007437349614257,-0.030491323483285922,0.5019569568291797,-0.057904236621861484,2.241175889968872,0.023150863125920296,0
mujoco,flat_forward,1,1,942,9.420000000000218,1.0,0.0,0.32816804395042765,0.003004666754982369,-0.030480438228636778,0.5028620839703215,-0.052303920997933254,2.2519843578338623,0.02476990967988968,0
mujoco,flat_forward,1,1,943,9.430000000000213,1.0,0.0,0.32817179277361974,0.0030034378631989067,-0.03045474840269097,0.5015294873175202,-0.05679425222920887,2.238024950027466,0.02751854434609413,0
mujoco,flat_forward,1,1,944,9.440000000000207,1.0,0.0,0.3281777457475006,0.003010129117109538,-0.030465876691686725,0.5024996039429478,-0.054289550683736004,2.2518417835235596,0.02918406017124653,0
mujoco,flat_forward,1,1,945,9.450000000000202,1.0,0.0,0.3281761611635417,0.0030142344122140122,-0.030486220723564876,0.5013952226792766,-0.05721179782210054,2.2380261421203613,0.03053797222673893,0
mujoco,flat_forward,1,1,946,9.460000000000196,1.0,0.0,0.3281751542185406,0.0030177417734493905,-0.03052123858994842,0.5024084209435009,-0.056866433702115964,2.2504231929779053,0.028227154165506363,0
mujoco,flat_forward,1,1,947,9.47000000000019,1.0,0.0,0.328167367464754,0.003019638150816751,-0.030519045924222287,0.5011185565442441,-0.05791842025198653,2.2376222610473633,0.02978246472775936,0
mujoco,flat_forward,1,1,948,9.480000000000185,1.0,0.0,0.32816275402277667,0.003015401821218113,-0.030559314830359383,0.502217903186321,-0.0594539452291498,2.2504756450653076,0.030734045431017876,0
mujoco,flat_forward,1,1,949,9.49000000000018,1.0,0.0,0.32815277692024586,0.003018559735415844,-0.030577895239379538,0.5009048187817083,-0.05548272389723326,2.236175298690796,0.03375314176082611,0
mujoco,flat_forward,1,1,950,9.500000000000174,1.0,0.0,0.32814527157134465,0.003014908499527775,-0.030627920370160374,0.5018579170875436,-0.05775590604417264,2.2478654384613037,0.030807845294475555,0
mujoco,flat_forward,1,1,951,9.510000000000169,1.0,0.0,0.3281354418467977,0.0030278671172276395,-0.030628807616192178,0.5006234208638941,-0.050831777199984045,2.2365827560424805,0.028769828379154205,0
mujoco,flat_forward,1,1,952,9.520000000000163,1.0,0.0,0.32812844354615933,0.0030296919341305474,-0.03066549829264404,0.501633563050917,-0.05706234533305589,2.248244524002075,0.02739047072827816,0
mujoco,flat_forward,1,1,953,9.530000000000157,1.0,0.0,0.32811791283212877,0.0030400166402248497,-0.03066129811730807,0.500507138449084,-0.0526152497856771,2.238812208175659,0.028355766087770462,0
mujoco,flat_forward,1,1,954,9.540000000000152,1.0,0.0,0.3281100551875032,0.0030308784520150307,-0.03067950014995617,0.5013786443827807,-0.056247027781760564,2.2506556510925293,0.02733764611184597,0
mujoco,flat_forward,1,1,955,9.550000000000146,1.0,0.0,0.32810221853343097,0.0030399890954519795,-0.030668471907062806,0.5004529311908332,-0.04853834471907118,2.2434637546539307,0.022308234125375748,0
mujoco,flat_forward,1,1,956,9.56000000000014,1.0,0.0,0.32809759813908473,0.0030328648992099137,-0.030681170442398122,0.5012525829160855,-0.0553123521912254,2.2515666484832764,0.02049059234559536,0
mujoco,flat_forward,1,1,957,9.570000000000135,1.0,0.0,0.32809187865473766,0.003037992798478803,-0.030673850697516873,0.5004266339742991,-0.05017090054336429,2.245821952819824,0.019219543784856796,0
mujoco,flat_forward,1,1,958,9.58000000000013,1.0,0.0,0.32808957597192506,0.0030217561862151228,-0.030668395829104383,0.5009898004094993,-0.054336217414551996,2.2531168460845947,0.018847201019525528,0
mujoco,flat_forward,1,1,959,9.590000000000124,1.0,0.0,0.32808908725180214,0.0030297912733088274,-0.030666480376470087,0.5004244022047568,-0.04651855364789858,2.2496986389160156,0.013005589134991169,0
mujoco,flat_forward,1,1,960,9.600000000000119,1.0,0.0,0.32809166665366724,0.0030201450235850134,-0.030676845169760297,0.5008326685365141,-0.054098955821640274,2.2528722286224365,0.011512300930917263,0
mujoco,flat_forward,1,1,961,9.610000000000113,1.0,0.0,0.32809430351235,0.003026116766577927,-0.030682717934758314,0.5003584024252282,-0.049005358184020284,2.2513954639434814,0.00972040370106697,0
mujoco,flat_forward,1,1,962,9.620000000000108,1.0,0.0,0.32809995832721356,0.0030089845876369458,-0.030678930883686804,0.5005425363787187,-0.0540882278588246,2.254206418991089,0.009489775635302067,0
mujoco,flat_forward,1,1,963,9.630000000000102,1.0,0.0,0.32810873366475135,0.0030164748427302366,-0.030682692306886285,0.5003119887514894,-0.04679964385110858,2.254289150238037,0.0052848258055746555,0
mujoco,flat_forward,1,1,964,9.640000000000096,1.0,0.0,0.328119906631058,0.0030067849746512406,-0.030679843794407816,0.5001465019580402,-0.05137516360507793,2.2537894248962402,0.005387257318943739,0
mujoco,flat_forward,1,1,965,9.650000000000091,1.0,0.0,0.3281353962313803,0.003022971357134077,-0.03068768948798934,0.5001386018573764,-0.04407673278280616,2.256746292114258,0.005860118195414543,0
mujoco,flat_forward,1,1,966,9.660000000000085,1.0,0.0,0.3281508768575455,0.0030176882365541132,-0.03069373049483968,0.49996002300962084,-0.05288147274488261,2.253694772720337,0.0068604773841798306,0
mujoco,flat_forward,1,1,967,9.67000000000008,1.0,0.0,0.3281679497146237,0.0030255992741823837,-0.030708870947939785,0.5000500574638073,-0.04809425050598546,2.257688283920288,0.008471979759633541,0
mujoco,flat_forward,1,1,968,9.680000000000074,1.0,0.0,0.3281842967001193,0.0030031354034589773,-0.030716953649962565,0.49991681459749965,-0.05840650839808675,2.2548179626464844,0.0066418638452887535,0
mujoco,flat_forward,1,1,969,9.690000000000069,1.0,0.0,0.328201929708318,0.0029972210949967687,-0.030740676697561954,0.5002439815815048,-0.050031561345664194,2.2577550411224365,0.009572092443704605,0
mujoco,flat_forward,1,1,970,9.700000000000063,1.0,0.0,0.3282160308185575,0.0029749578355350186,-0.03072909598208439,0.4997299304309674,-0.05716512296228202,2.2518692016601562,0.011429745703935623,0
mujoco,flat_forward,1,1,971,9.710000000000058,1.0,0.0,0.3282325966450763,0.0029727160437672865,-0.030736484180937027,0.5003299945655189,-0.048186249917847084,2.25923752784729,0.016735609620809555,0
mujoco,flat_forward,1,1,972,9.720000000000052,1.0,0.0,0.32824526523442454,0.002963456025685863,-0.030703901377644574,0.49937123105391296,-0.05418829490485019,2.248988628387451,0.01939433254301548,0
mujoco,flat_forward,1,1,973,9.730000000000047,1.0,0.0,0.32826152935108516,0.0029676778986905314,-0.030696425820633776,0.5001497766021099,-0.04979151118804747,2.261582136154175,0.024757426232099533,0
mujoco,flat_forward,1,1,974,9.740000000000041,1.0,0.0,0.3282756961719217,0.0029516887540804644,-0.03066791811107769,0.49922373697272243,-0.05891094213523896,2.2499771118164062,0.023201074451208115,0
mujoco,flat_forward,1,1,975,9.750000000000036,1.0,0.0,0.3282931038767103,0.002945005615841523,-0.030677262220313195,0.5002364666778478,-0.053585075788024364,2.261364459991455,0.0252495389431715,0
mujoco,flat_forward,1,1,976,9.76000000000003,1.0,0.0,0.3283040381737214,0.002938459068769087,-0.03067608276919052,0.4990122605157586,-0.057923023645491296,2.247084617614746,0.028292538598179817,0
mujoco,flat_forward,1,1,977,9.770000000000024,1.0,0.0,0.3283166877398291,0.0029400266244868777,-0.030716552497717868,0.5000662717152972,-0.055133869734892815,2.2604615688323975,0.029132148250937462,0
mujoco,flat_forward,1,1,978,9.780000000000019,1.0,0.0,0.32832252931845074,0.002945317495642189,-0.03073144408141787,0.49880734294994644,-0.054743565551326694,2.2459497451782227,0.03149521350860596,0
mujoco,flat_forward,1,1,979,9.790000000000013,1.0,0.0,0.3283294155045603,0.002949152879326311,-0.030794961044729154,0.49993811157964296,-0.0556165265863159,2.259688138961792,0.030547702684998512,0
mujoco,flat_forward,1,1,980,9.800000000000008,1.0,0.0,0.3283286617367843,0.0029478548301262453,-0.030832437461291134,0.4987817460520598,-0.058097357387755476,2.2454869747161865,0.033546559512615204,0
mujoco,flat_forward,1,1,981,9.810000000000002,1.0,0.0,0.3283278611974317,0.00293489420397916,-0.03091903429518679,0.5000113961935904,-0.060085652845598136,2.2579727172851562,0.030331753194332123,0
mujoco,flat_forward,1,1,982,9.819999999999997,1.0,0.0,0.3283183886733402,0.002927750981707702,-0.030974917417189912,0.4988329430638826,-0.056371348682336876,2.2435102462768555,0.03488514572381973,0
mujoco,flat_forward,1,1,983,9.829999999999991,1.0,0.0,0.3283083385407009,0.002911016566555369,-0.031058919860272375,0.49988424135939347,-0.0584100931182919,2.255171298980713,0.030549466609954834,0
mujoco,flat_forward,1,1,984,9.839999999999986,1.0,0.0,0.3282942523525534,0.00290900830104579,-0.031048381007277345,0.4985815010014813,-0.055225003306782205,2.243901014328003,0.02962443046271801,0
mujoco,flat_forward,1,1,985,9.84999999999998,1.0,0.0,0.3282827621806775,0.002892166826928768,-0.031099673855392636,0.4995698955235523,-0.0560936397657543,2.256899118423462,0.029514124616980553,0
mujoco,flat_forward,1,1,986,9.859999999999975,1.0,0.0,0.32827048140097953,0.002894409160862331,-0.0310894357162219,0.4984620814773476,-0.05062515279114659,2.2475109100341797,0.02645939029753208,0
mujoco,flat_forward,1,1,987,9.869999999999969,1.0,0.0,0.3282607993003929,0.0028821682173226985,-0.031123260442031283,0.49921961225140066,-0.051450299063575816,2.2579057216644287,0.023587912321090698,0
mujoco,flat_forward,1,1,988,9.879999999999963,1.0,0.0,0.32825215072097524,0.002889062831461375,-0.031101560871099526,0.4982428424589557,-0.049682213647350135,2.252422571182251,0.019879110157489777,0
mujoco,flat_forward,1,1,989,9.889999999999958,1.0,0.0,0.32824704183303993,0.0028689569508193935,-0.03114068029221278,0.49907859714708425,-0.053257437378342466,2.2606520652770996,0.018003351986408234,0
mujoco,flat_forward,1,1,990,9.899999999999952,1.0,0.0,0.3282404206743701,0.0028677190242510802,-0.03116839538760386,0.49842278560195574,-0.04882234699842959,2.2540132999420166,0.019125554710626602,0
mujoco,flat_forward,1,1,991,9.909999999999947,1.0,0.0,0.3282335416515699,0.0028464529895202762,-0.03119876421884662,0.49891516129866875,-0.050376345466324496,2.2592766284942627,0.013773703016340733,0
mujoco,flat_forward,1,1,992,9.919999999999941,1.0,0.0,0.3282263249488232,0.002845645693465857,-0.031208697054582107,0.4983716441575806,-0.04873276663002701,2.2577717304229736,0.009870380163192749,0
mujoco,flat_forward,1,1,993,9.929999999999936,1.0,0.0,0.3282214350894497,0.0028179510656231917,-0.031218183844467128,0.4986054099778867,-0.04893105789235032,2.26094913482666,0.008780230768024921,0
mujoco,flat_forward,1,1,994,9.93999999999993,1.0,0.0,0.32821921998820286,0.0028126934919930633,-0.031221530088788377,0.49815466620079474,-0.04982776794168265,2.2608532905578613,0.0061986204236745834,0
mujoco,flat_forward,1,1,995,9.949999999999925,1.0,0.0,0.3282197151249438,0.0027725563053737135,-0.03124480594249785,0.49841009541448883,-0.052170641731279416,2.261760711669922,0.006018954794853926,0
mujoco,flat_forward,1,1,996,9.95999999999992,1.0,0.0,0.3282200889847607,0.002757675755688271,-0.03127207539648265,0.4982423078268661,-0.05019743446901178,2.2600886821746826,0.005990291479974985,0
mujoco,flat_forward,1,1,997,9.969999999999914,1.0,0.0,0.32821894696248244,0.0027219576574864382,-0.031287925046685594,0.4982145286177095,-0.05064824889563861,2.2592270374298096,0.005333863198757172,0
mujoco,flat_forward,1,1,998,9.979999999999908,1.0,0.0,0.32821816691852357,0.002711944904303048,-0.0313088229587931,0.49804302938267087,-0.0514696887517762,2.2605202198028564,0.006058081053197384,0
mujoco,flat_forward,1,1,999,9.989999999999903,1.0,0.0,0.3282178468231366,0.002672245939315549,-0.031305949692575906,0.49775626783817634,-0.05063854635927524,2.259418487548828,0.007727397605776787,0
mujoco,flat_forward,1,1,1000,9.999999999999897,1.0,0.0,0.3282194326508002,0.0026614603171557344,-0.03133662117660409,0.49785797339626764,-0.049902374129990906,2.26167368888855,0.00906409416347742,0
mujoco,flat_forward,1,1,1001,10.009999999999891,1.0,0.0,0.328218615656155,0.002622999930875756,-0.03134408562615891,0.49755831802266365,-0.0526165496489175,2.2574756145477295,0.011973467655479908,0
mujoco,flat_forward,1,1,1002,10.019999999999886,1.0,0.0,0.32821692778684436,0.0026075018440565936,-0.031380401082052624,0.4977310087475319,-0.05422227051233938,2.2605388164520264,0.010845026932656765,0
mujoco,flat_forward,1,1,1003,10.02999999999988,1.0,0.0,0.32821317623127816,0.0025625359459893367,-0.031349373574608305,0.49718501883803407,-0.05417937599480516,2.256127119064331,0.013217668980360031,0
mujoco,flat_forward,1,1,1004,10.039999999999875,1.0,0.0,0.3282102302400667,0.0025441810109591346,-0.03139099618032632,0.49767620175998795,-0.05374236157795616,2.260880470275879,0.01533461268991232,0
mujoco,flat_forward,1,1,1005,10.04999999999987,1.0,0.0,0.32820436245295137,0.002513954505847094,-0.031324756012479575,0.4967554263657579,-0.05249564540779826,2.2521424293518066,0.02009359374642372,0
mujoco,flat_forward,1,1,1006,10.059999999999864,1.0,0.0,0.3281986703899842,0.002503510478368561,-0.03138213463544515,0.49762287897709445,-0.052374018359784606,2.261259078979492,0.022634359076619148,0
mujoco,flat_forward,1,1,1007,10.069999999999858,1.0,0.0,0.32818748370385836,0.002476987436207132,-0.03132409981592158,0.4965656904343009,-0.05504134174639254,2.2479124069213867,0.028742386028170586,0
mujoco,flat_forward,1,1,1008,10.079999999999853,1.0,0.0,0.328174019329052,0.0024621696144833394,-0.03138259602622056,0.49754828628170844,-0.05764620694463099,2.2598307132720947,0.027855249121785164,0
mujoco,flat_forward,1,1,1009,10.089999999999847,1.0,0.0,0.32815692750544473,0.002430343319854821,-0.031259496568396376,0.49627680269232083,-0.058414793860036646,2.246428966522217,0.030572595074772835,0
mujoco,flat_forward,1,1,1010,10.099999999999842,1.0,0.0,0.32814026248287087,0.002405966488045702,-0.0313041904713167,0.49741919388749894,-0.057247013409158325,2.259448528289795,0.03230631723999977,0
mujoco,flat_forward,1,1,1011,10.109999999999836,1.0,0.0,0.32812328012720443,0.0023906981474995275,-0.03113463533952408,0.4958073555967692,-0.058588385742315084,2.243422031402588,0.032798562198877335,0
mujoco,flat_forward,1,1,1012,10.11999999999983,1.0,0.0,0.32810845319271015,0.00237687989260428,-0.03113939968664486,0.4969685820077903,-0.05467507253761982,2.259504795074463,0.035761717706918716,0
mujoco,flat_forward,1,1,1013,10.129999999999825,1.0,0.0,0.3280936056015421,0.002381559713007739,-0.030987847462023956,0.49526552538815494,-0.05668294502821808,2.244713306427002,0.032294221222400665,0
mujoco,flat_forward,1,1,1014,10.13999999999982,1.0,0.0,0.3280813035303253,0.0023819305527427318,-0.031014989753785457,0.4965258522597608,-0.05590878227255872,2.2607815265655518,0.03308270871639252,0
mujoco,flat_forward,1,1,1015,10.149999999999814,1.0,0.0,0.32806844355727555,0.0023903044533291756,-0.030889183805896496,0.49496347256282996,-0.05945176650863232,2.2464394569396973,0.033247508108615875,0
mujoco,flat_forward,1,1,1016,10.159999999999808,1.0,0.0,0.3280574917140383,0.0023875438077158176,-0.030922612521172132,0.4960784979035497,-0.05507128708868162,2.2618672847747803,0.032669227570295334,0
mujoco,flat_forward,1,1,1017,10.169999999999803,1.0,0.0,0.3280477324793845,0.00240345344444989,-0.030833699291229092,0.4947397481991794,-0.05613412584427375,2.2499046325683594,0.02826954610645771,0
mujoco,flat_forward,1,1,1018,10.179999999999797,1.0,0.0,0.32804074802612804,0.0024072235990464388,-0.030862688262000913,0.49558919670436896,-0.05078885298149566,2.2619144916534424,0.026073819026350975,0
mujoco,flat_forward,1,1,1019,10.189999999999792,1.0,0.0,0.32803591448966585,0.002437832954167747,-0.030816974768511207,0.49453664873775777,-0.05152296251832565,2.254173994064331,0.021246258169412613,0
mujoco,flat_forward,1,1,1020,10.199999999999786,1.0,0.0,0.32803356032386827,0.002446752040919801,-0.03086839781840328,0.49538588460237365,-0.05057258347129997,2.262549877166748,0.018918871879577637,0
mujoco,flat_forward,1,1,1021,10.20999999999978,1.0,0.0,0.32803145490274477,0.0024718044077209336,-0.030852229249902326,0.4944888464462227,-0.05422931468554378,2.255706310272217,0.018045460805296898,0
mujoco,flat_forward,1,1,1022,10.219999999999775,1.0,0.0,0.32803118661338954,0.002471608832558712,-0.030891460097493755,0.49510951019325283,-0.05056071477800426,2.2634437084198,0.017229914665222168,0
mujoco,flat_forward,1,1,1023,10.22999999999977,1.0,0.0,0.32803198854465593,0.0024986284928585796,-0.03091411609515891,0.49451894513848177,-0.051785500754317516,2.259185791015625,0.01376510038971901,0
mujoco,flat_forward,1,1,1024,10.239999999999764,1.0,0.0,0.32803429051276517,0.0025029192647021093,-0.030946216636081762,0.49477621928042503,-0.04703616962923269,2.262848377227783,0.009903740137815475,0
mujoco,flat_forward,1,1,1025,10.249999999999758,1.0,0.0,0.3280384313739337,0.002531042720787977,-0.030963985677448364,0.4943537773968248,-0.05182731620626032,2.2626800537109375,0.008410891517996788,0
mujoco,flat_forward,1,1,1026,10.259999999999753,1.0,0.0,0.32804443615869283,0.0025272413075230283,-0.031011216857323397,0.49467152447044027,-0.04991010555311375,2.2644217014312744,0.008304356597363949,0
mujoco,flat_forward,1,1,1027,10.269999999999747,1.0,0.0,0.3280506875485079,0.0025408310289802252,-0.031039358456437523,0.49435735243873574,-0.05595018989583266,2.262763738632202,0.007713555824011564,0
mujoco,flat_forward,1,1,1028,10.279999999999742,1.0,0.0,0.32805742908213387,0.0025242698345131474,-0.031071060345137094,0.4944714462173016,-0.05059941248930952,2.263920307159424,0.008465387858450413,0
mujoco,flat_forward,1,1,1029,10.289999999999736,1.0,0.0,0.32806440839614626,0.0025352227746095485,-0.031119419806059544,0.494367921921757,-0.054035046527719274,2.2630393505096436,0.00969747919589281,0
mujoco,flat_forward,1,1,1030,10.29999999999973,1.0,0.0,0.32807020576477497,0.0025239744515896585,-0.031139429388700776,0.4941906882263179,-0.04782340539827134,2.2618908882141113,0.009946231730282307,0
mujoco,flat_forward,1,1,1031,10.309999999999725,1.0,0.0,0.3280759811981005,0.00253584365038283,-0.031194379515715662,0.49415171657486845,-0.05485320620963009,2.2635750770568848,0.011147519573569298,0
mujoco,flat_forward,1,1,1032,10.31999999999972,1.0,0.0,0.32808048654085525,0.0025105589613919777,-0.03121989607917328,0.4940430546685584,-0.051546564358090415,2.261686086654663,0.013331569731235504,0
mujoco,flat_forward,1,1,1033,10.329999999999714,1.0,0.0,0.32808275051290875,0.002508270529425567,-0.03130984566381995,0.4942903422116815,-0.055876818694040334,2.262554407119751,0.011300967074930668,0
mujoco,flat_forward,1,1,1034,10.339999999999709,1.0,0.0,0.3280816407979943,0.002485173378314976,-0.03132599920977051,0.49383822353389295,-0.05081536873596276,2.2581911087036133,0.015224234201014042,0
mujoco,flat_forward,1,1,1035,10.349999999999703,1.0,0.0,0.3280787349531463,0.0024824006416210033,-0.03140726562700007,0.4941146671916684,-0.058166787194669896,2.261934757232666,0.015217295847833157,0
mujoco,flat_forward,1,1,1036,10.359999999999697,1.0,0.0,0.3280748011619981,0.0024578855520636677,-0.03136957470768239,0.49346034863175386,-0.05150442579668079,2.257044792175293,0.01897011697292328,0
mujoco,flat_forward,1,1,1037,10.369999999999692,1.0,0.0,0.32806962985872606,0.0024506316398428545,-0.0314800572410871,0.4940830503507774,-0.057287563500953445,2.2619240283966064,0.018987713381648064,0
mujoco,flat_forward,1,1,1038,10.379999999999686,1.0,0.0,0.32806042455742157,0.0024249584133285394,-0.03145229378620122,0.4933180585160186,-0.053944598485273124,2.2523772716522217,0.02538246661424637,0
mujoco,flat_forward,1,1,1039,10.38999999999968,1.0,0.0,0.3280468742987665,0.0024116389660990083,-0.03156186199131958,0.4938932670073631,-0.059834257293568005,2.259355068206787,0.022465281188488007,0
mujoco,flat_forward,1,1,1040,10.399999999999675,1.0,0.0,0.32803436087614085,0.0023921405183293444,-0.03145368323607697,0.4929206707557732,-0.055940983220635045,2.2521204948425293,0.02079298533499241,0
mujoco,flat_forward,1,1,1041,10.40999999999967,1.0,0.0,0.3280211190274069,0.0023845126386908768,-0.03154668007000219,0.49361806625203697,-0.055730928445377345,2.260183095932007,0.022063033655285835,0
mujoco,flat_forward,1,1,1042,10.419999999999664,1.0,0.0,0.328011154967205,0.002383254385132416,-0.03140503725773573,0.4924245888142309,-0.05437879128091831,2.2520151138305664,0.02035670541226864,0
mujoco,flat_forward,1,1,1043,10.429999999999659,1.0,0.0,0.3280017438850843,0.0023878948788532395,-0.031475039770410995,0.4932206709891052,-0.05037445535003945,2.2619712352752686,0.022885248064994812,0
mujoco,flat_forward,1,1,1044,10.439999999999653,1.0,0.0,0.3279963355453193,0.002398308927665888,-0.03131269221177636,0.49193362067289964,-0.053651987397943406,2.2530360221862793,0.020630985498428345,0
mujoco,flat_forward,1,1,1045,10.449999999999648,1.0,0.0,0.32799198054778195,0.002404824695552961,-0.03136589422258137,0.4928628997418492,-0.053648172264740016,2.26448130607605,0.023270245641469955,0
mujoco,flat_forward,1,1,1046,10.459999999999642,1.0,0.0,0.3279914502925761,0.002408616393668026,-0.031197807225255753,0.49167945887790326,-0.05906865905324876,2.2548227310180664,0.021155865862965584,0
mujoco,flat_forward,1,1,1047,10.469999999999636,1.0,0.0,0.3279918728112282,0.002403202002398623,-0.031226514404581875,0.4926338150436476,-0.05234200130908612,2.2656137943267822,0.02363375388085842,0
mujoco,flat_forward,1,1,1048,10.479999999999631,1.0,0.0,0.32799589961709114,0.0024079344523354946,-0.031053281364060638,0.4913498602987217,-0.05932394130613975,2.254625082015991,0.021003682166337967,0
mujoco,flat_forward,1,1,1049,10.489999999999625,1.0,0.0,0.32800136101499566,0.0024055027482300343,-0.031053225640878524,0.4921781794948902,-0.04979955517098174,2.2662508487701416,0.024207165464758873,0
mujoco,flat_forward,1,1,1050,10.49999999999962,1.0,0.0,0.3280088793157863,0.0024271938987708063,-0.030938264884022303,0.490919909900183,-0.058403896098190966,2.25612735748291,0.021355964243412018,0
mujoco,flat_forward,1,1,1051,10.509999999999614,1.0,0.0,0.32801702758281015,0.0024340576943409696,-0.03098200844726281,0.4917599824997731,-0.05205430497963358,2.266397476196289,0.020746180787682533,0
mujoco,flat_forward,1,1,1052,10.519999999999609,1.0,0.0,0.32802430792882925,0.002461030396363044,-0.030954157103026497,0.49081132580568637,-0.05852984709497967,2.2571327686309814,0.01909845694899559,0
mujoco,flat_forward,1,1,1053,10.529999999999603,1.0,0.0,0.3280306074465411,0.0024695694637259934,-0.030993665003810057,0.4913572315801821,-0.05017314412929557,2.265313148498535,0.01693779043853283,0
mujoco,flat_forward,1,1,1054,10.539999999999598,1.0,0.0,0.32803783335510295,0.002497254419105758,-0.03097796679039671,0.49060363473457963,-0.059308528666959036,2.2608284950256348,0.013189978897571564,0
mujoco,flat_forward,1,1,1055,10.549999999999592,1.0,0.0,0.3280468218196142,0.0025047125060822474,-0.03100499802965266,0.4909158058908957,-0.04872833242365252,2.265896797180176,0.013174321502447128,0
mujoco,flat_forward,1,1,1056,10.559999999999587,1.0,0.0,0.3280572286541641,0.0025343641100315562,-0.031024918537029145,0.49052288809065214,-0.056546503990276324,2.2634596824645996,0.012323852628469467,0
mujoco,flat_forward,1,1,1057,10.569999999999581,1.0,0.0,0.32806721985638726,0.0025376526024976313,-0.031083159642560528,0.4908518539114765,-0.04957239872090698,2.2646636962890625,0.010083421133458614,0
mujoco,flat_forward,1,1,1058,10.579999999999576,1.0,0.0,0.32807572219222286,0.0025567956674474963,-0.031119318937412117,0.49057288754868505,-0.059793784840827265,2.262725353240967,0.010260242968797684,0
mujoco,flat_forward,1,1,1059,10.58999999999957,1.0,0.0,0.32808321903029397,0.002545784469513902,-0.03115669814741761,0.4907135919263796,-0.050164261421828865,2.2640268802642822,0.011693600565195084,0
mujoco,flat_forward,1,1,1060,10.599999999999564,1.0,0.0,0.3280892312157799,0.002560212514451772,-0.03122128025364773,0.4906710400347734,-0.05810335627627488,2.263394594192505,0.012161117047071457,0
mujoco,flat_forward,1,1,1061,10.609999999999559,1.0,0.0,0.32809356602156126,0.0025496985508630444,-0.03124558135822767,0.49055130833865307,-0.04786737612124617,2.2628962993621826,0.013217211700975895,0
mujoco,flat_forward,1,1,1062,10.619999999999553,1.0,0.0,0.32809653234914876,0.0025602947200505438,-0.03132066495448193,0.4905930541338511,-0.05922207868496853,2.2646257877349854,0.013544619083404541,0
mujoco,flat_forward,1,1,1063,10.629999999999548,1.0,0.0,0.3280981289489695,0.0025307990680924464,-0.03135336386978374,0.4905708360973385,-0.051644830500553345,2.2629756927490234,0.016681460663676262,0
mujoco,flat_forward,1,1,1064,10.639999999999542,1.0,0.0,0.32809603195857673,0.0025256641816670425,-0.03148171462101673,0.49089672019114977,-0.05993232919225523,2.263484239578247,0.013803292997181416,0
mujoco,flat_forward,1,1,1065,10.649999999999537,1.0,0.0,0.32809067269945574,0.002497276667601164,-0.031521291634830334,0.49050242254586984,-0.05089849096865569,2.2589926719665527,0.018637413159012794,0
mujoco,flat_forward,1,1,1066,10.659999999999531,1.0,0.0,0.3280817799257152,0.0024899545440041915,-0.031636579723796916,0.4907046857601513,-0.059960103278107975,2.2620184421539307,0.0167497880756855,0
mujoco,flat_forward,1,1,1067,10.669999999999526,1.0,0.0,0.32807549283245385,0.0024777660925584797,-0.03159515196173949,0.49015211632789246,-0.05087077655783234,2.260197877883911,0.01566104032099247,0
mujoco,flat_forward,1,1,1068,10.67999999999952,1.0,0.0,0.3280678363914356,0.0024796702544018926,-0.03172090649697881,0.49052884588822687,-0.05434631038410493,2.2639987468719482,0.01517381239682436,0
mujoco,flat_forward,1,1,1069,10.689999999999515,1.0,0.0,0.32806391278885805,0.002482677973694864,-0.03165647728012181,0.4897697933530049,-0.047963964882928686,2.2607369422912598,0.013892360962927341,0
mujoco,flat_forward,1,1,1070,10.699999999999509,1.0,0.0,0.3280589855776534,0.002489423755914326,-0.03177037866868554,0.49026666046147177,-0.05534542357902169,2.266186475753784,0.013916617259383202,0
mujoco,flat_forward,1,1,1071,10.709999999999503,1.0,0.0,0.3280572242100051,0.002485398746240459,-0.03169521179980221,0.48963009823762804,-0.051051785521057935,2.262190103530884,0.01611197739839554,0
mujoco,flat_forward,1,1,1072,10.719999999999498,1.0,0.0,0.3280528805729325,0.0024849888509472446,-0.03181816826674648,0.49018469680885346,-0.05139974993854244,2.2671663761138916,0.013990728184580803,0
mujoco,flat_forward,1,1,1073,10.729999999999492,1.0,0.0,0.3280518005813726,0.0024884483213495462,-0.031729522659631734,0.4893908638462807,-0.049664318944950187,2.2623093128204346,0.013195592910051346,0
mujoco,flat_forward,1,1,1074,10.739999999999487,1.0,0.0,0.3280491319218367,0.002493435494352835,-0.03181491479842977,0.4897350956923972,-0.04945631264246636,2.268580436706543,0.013150679878890514,0
mujoco,flat_forward,1,1,1075,10.749999999999481,1.0,0.0,0.3280534846695917,0.0024986475117114095,-0.031699455787013144,0.4890277229634316,-0.05085829685164781,2.266056776046753,0.00881191249936819,0
mujoco,flat_forward,1,1,1076,10.759999999999476,1.0,0.0,0.32805735187894147,0.002499735471439482,-0.031801918379754865,0.4896497886033668,-0.04906350978443238,2.2698304653167725,0.00930691510438919,0
mujoco,flat_forward,1,1,1077,10.76999999999947,1.0,0.0,0.32806380062293283,0.002500635226022403,-0.03170710764278222,0.48889664549342376,-0.05320139285388381,2.263577938079834,0.012053964659571648,0
mujoco,flat_forward,1,1,1078,10.779999999999465,1.0,0.0,0.3280671292186614,0.0024964150768523024,-0.031783769273234716,0.4893014095869219,-0.0494121781271703,2.269361734390259,0.012213712558150291,0
mujoco,flat_forward,1,1,1079,10.78999999999946,1.0,0.0,0.3280759387542818,0.00249361213555486,-0.03166186414712756,0.4885961937974226,-0.05603240891221963,2.2655563354492188,0.008274919353425503,0
mujoco,flat_forward,1,1,1080,10.799999999999454,1.0,0.0,0.32808379352793826,0.0024868673649758805,-0.031707562775104024,0.48898918720656664,-0.04611334660060198,2.2699034214019775,0.009741529822349548,0
mujoco,flat_forward,1,1,1081,10.809999999999448,1.0,0.0,0.3280961535917161,0.002487289731379911,-0.03158561247595026,0.48824707335163653,-0.05586625212762588,2.265843629837036,0.010154761373996735,0
mujoco,flat_forward,1,1,1082,10.819999999999443,1.0,0.0,0.32810644651519383,0.00247859739510702,-0.03164007325413384,0.48873792854056003,-0.04960738932359543,2.2706923484802246,0.011020725592970848,0
mujoco,flat_forward,1,1,1083,10.829999999999437,1.0,0.0,0.32812029221703504,0.002470295875745397,-0.03152956313299751,0.4880752294510074,-0.061364377761633795,2.265578031539917,0.009053107351064682,0
mujoco,flat_forward,1,1,1084,10.839999999999431,1.0,0.0,0.3281322233474154,0.0024520721372034587,-0.031553647370258606,0.4885206750789958,-0.048408269372621014,2.2697319984436035,0.011186949908733368,0
mujoco,flat_forward,1,1,1085,10.849999999999426,1.0,0.0,0.3281459137746764,0.0024460468304247527,-0.031461511363206525,0.4877960558486427,-0.06217108742824324,2.263929843902588,0.013489610515534878,0
mujoco,flat_forward,1,1,1086,10.85999999999942,1.0,0.0,0.32815650899750226,0.002426367218845876,-0.03149160810343923,0.488359778383165,-0.05006939600870958,2.268643617630005,0.013537032529711723,0
mujoco,flat_forward,1,1,1087,10.869999999999415,1.0,0.0,0.32816311155939704,0.0024268458551588374,-0.031475094993792065,0.4876910347075626,-0.06365659794172267,2.261732578277588,0.015768585726618767,0
mujoco,flat_forward,1,1,1088,10.87999999999941,1.0,0.0,0.3281653301508537,0.002415001265873672,-0.031502749056108684,0.48794579649180997,-0.04949785405033914,2.266464948654175,0.014725894667208195,0
mujoco,flat_forward,1,1,1089,10.889999999999404,1.0,0.0,0.32816624082462564,0.0024182915732918115,-0.03149917424343951,0.4873934079956131,-0.06542214822240333,2.262976884841919,0.014018592424690723,0
mujoco,flat_forward,1,1,1090,10.899999999999398,1.0,0.0,0.328165710545492,0.0024043490904369076,-0.03151265530700746,0.4874718552963379,-0.04928158667793016,2.2656731605529785,0.01593312807381153,0
mujoco,flat_forward,1,1,1091,10.909999999999393,1.0,0.0,0.3281635913230207,0.0024098861604281256,-0.03153492531752708,0.4872291147996623,-0.06374158701737079,2.26339054107666,0.014974581077694893,0
mujoco,flat_forward,1,1,1092,10.919999999999387,1.0,0.0,0.32815971556999596,0.002397765397361933,-0.03154399626772801,0.48715690911772963,-0.04721037921945518,2.263827323913574,0.016569100320339203,0
mujoco,flat_forward,1,1,1093,10.929999999999382,1.0,0.0,0.3281538444696886,0.002400882454275337,-0.03157944683321184,0.48689286683021993,-0.06299948263804098,2.2632691860198975,0.016087522730231285,0
mujoco,flat_forward,1,1,1094,10.939999999999376,1.0,0.0,0.32815114610841817,0.0024000070104469207,-0.03157447945031924,0.48671433041575435,-0.04720908570547408,2.265037775039673,0.015137526206672192,0
mujoco,flat_forward,1,1,1095,10.94999999999937,1.0,0.0,0.328146705311221,0.00241107902769592,-0.03164024075009003,0.48672467845001793,-0.060908625396104636,2.263828754425049,0.014367198571562767,0
mujoco,flat_forward,1,1,1096,10.959999999999365,1.0,0.0,0.32814213832897077,0.002406428058738399,-0.03164458935029578,0.4866117149132182,-0.047453516634851894,2.264716148376465,0.01608244515955448,0
mujoco,flat_forward,1,1,1097,10.96999999999936,1.0,0.0,0.3281335108024752,0.002409534339089519,-0.031709794067018925,0.48654874561177064,-0.059261810013906825,2.2653024196624756,0.013648333959281445,0
mujoco,flat_forward,1,1,1098,10.979999999999354,1.0,0.0,0.3281285134688364,0.002408758124778838,-0.03167451310391834,0.48635353180850693,-0.046978255713339176,2.2684686183929443,0.012604912742972374,0
mujoco,flat_forward,1,1,1099,10.989999999999348,1.0,0.0,0.3281210152252708,0.0024167099022775773,-0.031764536068993,0.48636738134176954,-0.05292590818104089,2.2682697772979736,0.011330078355967999,0
mujoco,flat_forward,1,1,1100,10.999999999999343,1.0,0.0,0.32811891649240016,0.002425839755970803,-0.03171733264972154,0.48604755215906625,-0.044269264836843535,2.270411729812622,0.008493241854012012,0
mujoco,flat_forward,1,1,1101,11.009999999999337,1.0,0.0,0.32811488707529507,0.002434109862993081,-0.03181057395901495,0.48619585599475196,-0.05403770290914679,2.271008014678955,0.007621753495186567,0
mujoco,flat_forward,1,1,1102,11.019999999999332,1.0,0.0,0.32811547715064115,0.002435911844932594,-0.031770732808632116,0.48597625638775444,-0.04711071841856826,2.271660804748535,0.009805339388549328,0
mujoco,flat_forward,1,1,1103,11.029999999999326,1.0,0.0,0.3281120144241093,0.0024406294091742693,-0.03189324711707995,0.48613735641353595,-0.04997483161870323,2.2716000080108643,0.00761982798576355,0
mujoco,flat_forward,1,1,1104,11.03999999999932,1.0,0.0,0.3281133107821237,0.002447551916910874,-0.03184993490888785,0.48579801108014925,-0.04589368245197958,2.2716128826141357,0.00559692969545722,0
mujoco,flat_forward,1,1,1105,11.049999999999315,1.0,0.0,0.3281114300460666,0.0024549421631236885,-0.031943144354449504,0.4857415289327414,-0.04809026031233359,2.2726056575775146,0.004311768803745508,0
mujoco,flat_forward,1,1,1106,11.05999999999931,1.0,0.0,0.328117124952242,0.0024620133715049825,-0.031881166368991604,0.4855076823432203,-0.04669183614752237,2.2748897075653076,0.00537029467523098,0
mujoco,flat_forward,1,1,1107,11.069999999999304,1.0,0.0,0.32812035940041445,0.002464199841901638,-0.03198043907884602,0.48554715817564953,-0.05115887403256071,2.273879051208496,0.004625274799764156,0
mujoco,flat_forward,1,1,1108,11.079999999999298,1.0,0.0,0.32812926268787734,0.0024607452624406216,-0.03193142138710149,0.48539760042786056,-0.05087265559925844,2.2743983268737793,0.004762361757457256,0
mujoco,flat_forward,1,1,1109,11.089999999999293,1.0,0.0,0.32813328158936583,0.002455767988804107,-0.03203901735013593,0.4854024549784108,-0.047891517532103904,2.2727110385894775,0.004799405578523874,0
mujoco,flat_forward,1,1,1110,11.099999999999287,1.0,0.0,0.3281413981685809,0.0024542878353933464,-0.031992790613416255,0.4851702319006476,-0.05086240735598334,2.272642135620117,0.004924770910292864,0
mujoco,flat_forward,1,1,1111,11.109999999999282,1.0,0.0,0.3281435465537947,0.002447899350961539,-0.03209410736729031,0.4852115146648021,-0.05062037136141976,2.2718892097473145,0.005890514235943556,0
mujoco,flat_forward,1,1,1112,11.119999999999276,1.0,0.0,0.3281487652822579,0.002436800175824228,-0.03204394463102155,0.48507858674215054,-0.055180806883613695,2.2722008228302,0.0048391143791377544,0
mujoco,flat_forward,1,1,1113,11.12999999999927,1.0,0.0,0.3281478450235173,0.0024240951258802956,-0.032118319193454564,0.4850701021801486,-0.04776569932847368,2.271167755126953,0.005988778546452522,0
mujoco,flat_forward,1,1,1114,11.139999999999265,1.0,0.0,0.3281496470582343,0.002414802526085883,-0.032058864175173306,0.48487761197544216,-0.05555576876816089,2.271252393722534,0.007986326701939106,0
mujoco,flat_forward,1,1,1115,11.14999999999926,1.0,0.0,0.3281464576822497,0.002405719571644991,-0.03208373748216261,0.48463862597776924,-0.04733502096578639,2.2707297801971436,0.008804897777736187,0
mujoco,flat_forward,1,1,1116,11.159999999999254,1.0,0.0,0.3281484572544865,0.002394125869972223,-0.032009426649184054,0.48458069909048124,-0.058240974461912655,2.2729294300079346,0.010657786391675472,0
mujoco,flat_forward,1,1,1117,11.169999999999249,1.0,0.0,0.3281460074281727,0.0023769857635179245,-0.03205202373171683,0.48463391215747653,-0.04818117676002025,2.270294427871704,0.0126542579382658,0
mujoco,flat_forward,1,1,1118,11.179999999999243,1.0,0.0,0.32814422831541307,0.0023596657173320973,-0.03200677171257798,0.48452895746218394,-0.0612832525076423,2.269042491912842,0.01078121643513441,0
mujoco,flat_forward,1,1,1119,11.189999999999237,1.0,0.0,0.3281368927158319,0.002339573225406649,-0.03201556615712956,0.48434587440457033,-0.04966330659103924,2.268087863922119,0.012792241759598255,0
mujoco,flat_forward,1,1,1120,11.199999999999232,1.0,0.0,0.32813224872299784,0.0023162136430582027,-0.031956494987483035,0.48430278650551256,-0.06533263505682944,2.268812656402588,0.013092365115880966,0
mujoco,flat_forward,1,1,1121,11.209999999999226,1.0,0.0,0.3281248178473271,0.0022944056326181556,-0.03194163459191715,0.48411801038579655,-0.04796189024774897,2.266655445098877,0.01621278002858162,0
mujoco,flat_forward,1,1,1122,11.21999999999922,1.0,0.0,0.3281183540847038,0.002273886530323328,-0.031904597846786245,0.48386558761043524,-0.06465423220216436,2.265620231628418,0.016652679070830345,0
mujoco,flat_forward,1,1,1123,11.229999999999215,1.0,0.0,0.3281132655757308,0.002265456881611766,-0.03187230677646873,0.4836815720415489,-0.045850504758915014,2.266598701477051,0.013423634693026543,0
mujoco,flat_forward,1,1,1124,11.23999999999921,1.0,0.0,0.32810840498304167,0.002258821655568277,-0.03183757768823452,0.48319793882283374,-0.06200814497572717,2.2634665966033936,0.015078378841280937,0
mujoco,flat_forward,1,1,1125,11.249999999999204,1.0,0.0,0.328107235402816,0.00226309390558803,-0.031768362735207306,0.4829972551175129,-0.04627667172534099,2.268969774246216,0.01441348809748888,0
mujoco,flat_forward,1,1,1126,11.259999999999199,1.0,0.0,0.32810811060349254,0.002256662575324221,-0.03172369488037516,0.482697310315967,-0.0653293692948682,2.2666079998016357,0.011243690736591816,0
mujoco,flat_forward,1,1,1127,11.269999999999193,1.0,0.0,0.32811246481119105,0.0022521961340919035,-0.03166074668049759,0.48272620586220666,-0.048578720082824385,2.2704129219055176,0.014519700780510902,0
mujoco,flat_forward,1,1,1128,11.279999999999188,1.0,0.0,0.328113500060832,0.002248927076917046,-0.031634728305553264,0.4822543315559054,-0.06264903200878162,2.265821695327759,0.01521545834839344,0
mujoco,flat_forward,1,1,1129,11.289999999999182,1.0,0.0,0.3281184755225292,0.00225520487626594,-0.03157736920155412,0.48227158041822843,-0.04812741726471236,2.2724452018737793,0.01392310205847025,0
mujoco,flat_forward,1,1,1130,11.299999999999176,1.0,0.0,0.3281208023219723,0.002264565979459365,-0.0315842828807868,0.48179565563769877,-0.0567732810860245,2.2674174308776855,0.01315867155790329,0
mujoco,flat_forward,1,1,1131,11.309999999999171,1.0,0.0,0.3281289298133701,0.002280888461302967,-0.031535504339252965,0.4818644116657663,-0.046091533430956594,2.2747128009796143,0.013186993077397346,0
mujoco,flat_forward,1,1,1132,11.319999999999165,1.0,0.0,0.32813516506905405,0.002290369274970169,-0.03156451828581193,0.48153530609726714,-0.058410055139975034,2.2700326442718506,0.011855805292725563,0
mujoco,flat_forward,1,1,1133,11.32999999999916,1.0,0.0,0.3281463730424861,0.00230075192935772,-0.03154652737720664,0.4817379953082062,-0.049435377855243254,2.275538682937622,0.012815969064831734,0
mujoco,flat_forward,1,1,1134,11.339999999999154,1.0,0.0,0.32815341390565994,0.0023103398407670877,-0.03162746659688355,0.4814011595386767,-0.05481070439576951,2.2704830169677734,0.012266087345778942,0
mujoco,flat_forward,1,1,1135,11.349999999999149,1.0,0.0,0.3281656925110542,0.0023238625835734234,-0.031616352538157054,0.4815506496645921,-0.048557417742982445,2.2755703926086426,0.011225886642932892,0
mujoco,flat_forward,1,1,1136,11.359999999999143,1.0,0.0,0.3281735309258675,0.0023305678805044935,-0.03170956609026335,0.4813136088772139,-0.056813396642294046,2.2713708877563477,0.011381730437278748,0
mujoco,flat_forward,1,1,1137,11.369999999999138,1.0,0.0,0.3281855897778382,0.002336152332105939,-0.031712647315217814,0.48154861601857823,-0.051935846333310186,2.2756528854370117,0.011569814756512642,0
mujoco,flat_forward,1,1,1138,11.379999999999132,1.0,0.0,0.32819138869966835,0.002341902530206888,-0.03183374103112256,0.48126326395741764,-0.053317932334074426,2.2710561752319336,0.01184481754899025,0
mujoco,flat_forward,1,1,1139,11.389999999999127,1.0,0.0,0.3282013840494617,0.0023499241650289256,-0.03183431488917363,0.48144164253837607,-0.05163630919772219,2.275322914123535,0.011049007996916771,0
mujoco,flat_forward,1,1,1140,11.399999999999121,1.0,0.0,0.3282058404251932,0.002357837700704056,-0.03192572563077848,0.48095816096294597,-0.052089825327931216,2.2715651988983154,0.011761430650949478,0
mujoco,flat_forward,1,1,1141,11.409999999999116,1.0,0.0,0.32821645046048115,0.0023638593596732624,-0.031921560397652454,0.4812803846612806,-0.05354886241835881,2.2775344848632812,0.013948404230177402,0
mujoco,flat_forward,1,1,1142,11.41999999999911,1.0,0.0,0.3282218751831814,0.002371585324447943,-0.032014114328684715,0.4807816665167162,-0.048370079057566344,2.2712440490722656,0.016158197075128555,0
mujoco,flat_forward,1,1,1143,11.429999999999104,1.0,0.0,0.3282312913391036,0.0023762392683129062,-0.03202845841726935,0.4811411366976071,-0.05361079671283225,2.276777982711792,0.01512229535728693,0
mujoco,flat_forward,1,1,1144,11.439999999999099,1.0,0.0,0.32823348961944765,0.002376738028274924,-0.03213037020369917,0.4807255208731077,-0.051818455791773105,2.2706215381622314,0.018103452399373055,0
mujoco,flat_forward,1,1,1145,11.449999999999093,1.0,0.0,0.32823761958965036,0.002366333511690154,-0.03215515398442923,0.48121318822072356,-0.05849442927336989,2.275520086288452,0.014930770732462406,0
mujoco,flat_forward,1,1,1146,11.459999999999088,1.0,0.0,0.3282334763332966,0.002356867548577831,-0.032232885023416626,0.48076264959394566,-0.04939474659345726,2.268697500228882,0.01922307349741459,0
mujoco,flat_forward,1,1,1147,11.469999999999082,1.0,0.0,0.3282295567337865,0.002341862707860748,-0.032259266510627035,0.4811978737336805,-0.05892732148153312,2.273340940475464,0.017297567799687386,0
mujoco,flat_forward,1,1,1148,11.479999999999077,1.0,0.0,0.32821851463741347,0.0023309928050411315,-0.03230075495043559,0.48054008604558407,-0.04952002941089744,2.267335891723633,0.02093358151614666,0
mujoco,flat_forward,1,1,1149,11.489999999999071,1.0,0.0,0.3282095211010833,0.002307373344258597,-0.03231372468609447,0.4809193023372889,-0.05959306352399676,2.27307391166687,0.019614743068814278,0
mujoco,flat_forward,1,1,1150,11.499999999999066,1.0,0.0,0.32819892287444385,0.00229969816456076,-0.0323390072647287,0.4802792161894275,-0.0463816226908996,2.2677831649780273,0.018026521429419518,0
mujoco,flat_forward,1,1,1151,11.50999999999906,1.0,0.0,0.32819021045443886,0.002282136656886634,-0.03234643379143881,0.48061122562532643,-0.05941367029568345,2.2711288928985596,0.01581251434981823,0
mujoco,flat_forward,1,1,1152,11.519999999999055,1.0,0.0,0.3281776500963016,0.0022722160107549396,-0.03235706339375469,0.4800919491243773,-0.048753186845026227,2.2679755687713623,0.018049810081720352,0
mujoco,flat_forward,1,1,1153,11.529999999999049,1.0,0.0,0.32816630180665357,0.00224401965870014,-0.03234054059391803,0.4803269348910817,-0.05945381271864832,2.271831512451172,0.015377063304185867,0
mujoco,flat_forward,1,1,1154,11.539999999999043,1.0,0.0,0.3281557811204195,0.002229899304990494,-0.03230306110442863,0.479761308878064,-0.04943559972580041,2.2711215019226074,0.011869226582348347,0
mujoco,flat_forward,1,1,1155,11.549999999999038,1.0,0.0,0.32814952880166054,0.0021979494936821753,-0.03225947425367353,0.47983559861799746,-0.058114194222695724,2.2735185623168945,0.011646960861980915,0
mujoco,flat_forward,1,1,1156,11.559999999999032,1.0,0.0,0.32814738204042626,0.00218775227218231,-0.032214047136542,0.47946536927741057,-0.04657852702810557,2.2738490104675293,0.007197908125817776,0
mujoco,flat_forward,1,1,1157,11.569999999999027,1.0,0.0,0.3281476657299158,0.002164631322497146,-0.032179682847335855,0.4792144517418101,-0.05515574219717373,2.2721774578094482,0.008182521909475327,0
mujoco,flat_forward,1,1,1158,11.579999999999021,1.0,0.0,0.32815236944340637,0.0021637826521001156,-0.03213737879388473,0.47905375640317965,-0.04366709038233293,2.2752320766448975,0.006164314225316048,0
mujoco,flat_forward,1,1,1159,11.589999999999016,1.0,0.0,0.3281561601578309,0.0021480895286217065,-0.032113140057535544,0.4787972727622379,-0.05656358736874048,2.271371364593506,0.00864197127521038,0
mujoco,flat_forward,1,1,1160,11.59999999999901,1.0,0.0,0.32816128834783803,0.002146975146176283,-0.03208326555079452,0.47878775688953107,-0.04800391157830593,2.2761142253875732,0.010103589855134487,0
mujoco,flat_forward,1,1,1161,11.609999999999005,1.0,0.0,0.32816545905044303,0.0021239701883435575,-0.03204135350503414,0.4783670265688549,-0.058238390804569315,2.2725608348846436,0.007226575165987015,0
mujoco,flat_forward,1,1,1162,11.619999999999,1.0,0.0,0.32817448639058744,0.0021183128926224384,-0.03200059581689306,0.4786031622483301,-0.04754364267662823,2.278726100921631,0.012674453668296337,0
mujoco,flat_forward,1,1,1163,11.629999999998994,1.0,0.0,0.32818164439892145,0.002102987172584262,-0.03194411750357671,0.4778162071339428,-0.05590552258341508,2.2701101303100586,0.015529965050518513,0
mujoco,flat_forward,1,1,1164,11.639999999998988,1.0,0.0,0.3281938058655848,0.0021041680318838883,-0.031902171905187335,0.47830111446107454,-0.046922069555644916,2.280197858810425,0.02028869278728962,0
mujoco,flat_forward,1,1,1165,11.649999999998983,1.0,0.0,0.32820044516610253,0.0021020477301314376,-0.03190606260401357,0.4774681196653063,-0.056914193361643585,2.2685165405273438,0.02262669987976551,0
mujoco,flat_forward,1,1,1166,11.659999999998977,1.0,0.0,0.32820854248994397,0.0021094967515944184,-0.03190293602950769,0.47804600943189324,-0.05029430207460694,2.278761863708496,0.021211905404925346,0
mujoco,flat_forward,1,1,1167,11.669999999998971,1.0,0.0,0.32821062229417597,0.0021089182391668183,-0.031901433068060515,0.47704404064647193,-0.057113140750263205,2.268360137939453,0.022081688046455383,0
mujoco,flat_forward,1,1,1168,11.679999999998966,1.0,0.0,0.3282164979560445,0.0021157800589392877,-0.03190854512582133,0.4777438685367693,-0.052073142358151484,2.279881477355957,0.024102017283439636,0
mujoco,flat_forward,1,1,1169,11.68999999999896,1.0,0.0,0.32821670044232937,0.002122049717352122,-0.03192564544030181,0.4766919346486679,-0.052755846452306784,2.2679381370544434,0.026218295097351074,0
mujoco,flat_forward,1,1,1170,11.699999999998955,1.0,0.0,0.32822016280045374,0.0021314813408434873,-0.031960586251527666,0.477495814497392,-0.051158818686830025,2.279447078704834,0.025700004771351814,0
mujoco,flat_forward,1,1,1171,11.70999999999895,1.0,0.0,0.3282170085473398,0.002132863546563927,-0.0319995453516045,0.4765251031842032,-0.055026271399371864,2.2670705318450928,0.028665730729699135,0
mujoco,flat_forward,1,1,1172,11.719999999998944,1.0,0.0,0.3282154902134664,0.002131066683768052,-0.03205811629433191,0.477452006988654,-0.05506773391949937,2.2776408195495605,0.02602480910718441,0
mujoco,flat_forward,1,1,1173,11.729999999998938,1.0,0.0,0.328205698371637,0.0021309107195795983,-0.032105765979158304,0.476413976798607,-0.05276155314839552,2.264589786529541,0.030433114618062973,0
mujoco,flat_forward,1,1,1174,11.739999999998933,1.0,0.0,0.328196707432809,0.0021272636848889905,-0.03216956934209204,0.4773371008571152,-0.05570859138330242,2.2757060527801514,0.027364589273929596,0
mujoco,flat_forward,1,1,1175,11.749999999998927,1.0,0.0,0.3281804322655732,0.002128532695103738,-0.03219219600322716,0.47612884706841463,-0.052756079853420894,2.2634940147399902,0.03205762058496475,0
mujoco,flat_forward,1,1,1176,11.759999999998922,1.0,0.0,0.32816607963567457,0.002118540824506397,-0.0322494717606158,0.47701290927356377,-0.05554540554189851,2.2756507396698,0.029861608520150185,0
mujoco,flat_forward,1,1,1177,11.769999999998916,1.0,0.0,0.3281498194272635,0.002121184277187571,-0.03221417006749828,0.47566157176974405,-0.05250842880635263,2.2642481327056885,0.029386043548583984,0
mujoco,flat_forward,1,1,1178,11.77999999999891,1.0,0.0,0.32813738585183394,0.0021102978643259473,-0.03225722722909159,0.47670983021207664,-0.05707814417556538,2.276679515838623,0.028489654883742332,0
mujoco,flat_forward,1,1,1179,11.789999999998905,1.0,0.0,0.3281206478347541,0.002111211237630471,-0.0322537334538814,0.47556720298666266,-0.05102165235564415,2.2639288902282715,0.03195378929376602,0
mujoco,flat_forward,1,1,1180,11.7999999999989,1.0,0.0,0.32810386100933625,0.0020976345339555175,-0.0322837449796337,0.4763944181897408,-0.05380881107773916,2.2750561237335205,0.027250168845057487,0
mujoco,flat_forward,1,1,1181,11.809999999998894,1.0,0.0,0.32808509224406057,0.002100577845576242,-0.03223379483804718,0.47523590709686536,-0.04975236755409376,2.2670488357543945,0.02401064708828926,0
mujoco,flat_forward,1,1,1182,11.819999999998888,1.0,0.0,0.3280697334161121,0.002086940076841322,-0.0322224327141812,0.47589791241012325,-0.0512212083835316,2.2776272296905518,0.0234414990991354,0
mujoco,flat_forward,1,1,1183,11.829999999998883,1.0,0.0,0.3280560153431988,0.002098329867449265,-0.032181267168733374,0.47497162776557467,-0.045592882269894344,2.272008180618286,0.0187040064483881,0
mujoco,flat_forward,1,1,1184,11.839999999998877,1.0,0.0,0.32804543767255145,0.0020907158341700437,-0.032178457283092175,0.47557700729012914,-0.05072078796280751,2.2780380249023438,0.015447345562279224,0
mujoco,flat_forward,1,1,1185,11.849999999998872,1.0,0.0,0.32803436949543835,0.0020993700306390574,-0.0321496938785787,0.4748154962987295,-0.04775239309202899,2.2736563682556152,0.015156199224293232,0
mujoco,flat_forward,1,1,1186,11.859999999998866,1.0,0.0,0.32802598510429826,0.0020836003446396425,-0.03213023990100922,0.47522762621555253,-0.05041982729748293,2.2788515090942383,0.01385005284100771,0
mujoco,flat_forward,1,1,1187,11.86999999999886,1.0,0.0,0.3280204450880845,0.002090598847602354,-0.032090426058071844,0.47450211449329366,-0.0490024425615948,2.276522397994995,0.009729195386171341,0
mujoco,flat_forward,1,1,1188,11.879999999998855,1.0,0.0,0.3280194498941614,0.002074084374801066,-0.032057899248446,0.4746757166481276,-0.04950569085675304,2.2797446250915527,0.008817718364298344,0
mujoco,flat_forward,1,1,1189,11.88999999999885,1.0,0.0,0.32802226551410435,0.002085977139632965,-0.03204268110768783,0.4742107791195122,-0.04632838153908413,2.278722047805786,0.006451987661421299,0
mujoco,flat_forward,1,1,1190,11.899999999998844,1.0,0.0,0.3280267905160444,0.00207298231000498,-0.032042711187699864,0.4742893088246878,-0.05037106928709961,2.278019905090332,0.004456819500774145,0
mujoco,flat_forward,1,1,1191,11.909999999998838,1.0,0.0,0.32803195666755997,0.0020810724714471537,-0.03204424118878004,0.47391942898619094,-0.0498486651742762,2.2779736518859863,0.004408734850585461,0
mujoco,flat_forward,1,1,1192,11.919999999998833,1.0,0.0,0.32803812514227193,0.0020623488467791883,-0.0320351549145247,0.4737734557889409,-0.05167244476286257,2.2776267528533936,0.004149753600358963,0
mujoco,flat_forward,1,1,1193,11.929999999998827,1.0,0.0,0.32804695078545376,0.002070010169451247,-0.032038531657518556,0.4735890018320831,-0.04887383176377422,2.2786662578582764,0.006694109179079533,0
mujoco,flat_forward,1,1,1194,11.939999999998822,1.0,0.0,0.32805453601077555,0.0020521064104667168,-0.032033710987645014,0.4734141138103579,-0.053676568785644356,2.2759130001068115,0.007384764961898327,0
mujoco,flat_forward,1,1,1195,11.949999999998816,1.0,0.0,0.3280619226979523,0.00205674768529447,-0.03205405558587478,0.47349481702788226,-0.04897538436571967,2.278183698654175,0.009063816629350185,0
mujoco,flat_forward,1,1,1196,11.95999999999881,1.0,0.0,0.3280657284495247,0.0020436742911050577,-0.03202038223240878,0.4729553271284701,-0.05221435814076008,2.273242950439453,0.01055156346410513,0
mujoco,flat_forward,1,1,1197,11.969999999998805,1.0,0.0,0.32807111482550844,0.002051404309076629,-0.03201267813618586,0.47315607116396213,-0.05119433089082745,2.279845714569092,0.01565076783299446,0
mujoco,flat_forward,1,1,1198,11.9799999999988,1.0,0.0,0.32807549774264644,0.0020316060951469372,-0.031967649168957904,0.47267651060480126,-0.05711434510879584,2.27382230758667,0.01430064532905817,0
mujoco,flat_forward,1,1,1199,11.989999999998794,1.0,0.0,0.32808190321117103,0.002029208586248865,-0.031973908605430534,0.4731857068415264,-0.05333992500840047,2.279634952545166,0.016927335411310196,0
mujoco,flat_forward,1,1,1200,11.999999999998789,1.0,0.0,0.32808527092224304,0.0020143171066891387,-0.031902265618061254,0.4722803956632689,-0.056494949547633164,2.2693471908569336,0.019712720066308975,0
mujoco,flat_forward,1,1,1201,12.009999999998783,1.0,0.0,0.3280909294292648,0.002016101615143785,-0.0319116697165522,0.473101615209395,-0.05259735916812484,2.2798266410827637,0.025108961388468742,0
mujoco,flat_forward,1,1,1202,12.019999999998777,1.0,0.0,0.3280930289357564,0.002014472330220248,-0.031807509703863895,0.47175086339539124,-0.05562579840314993,2.2648544311523438,0.02884061634540558,0
mujoco,flat_forward,1,1,1203,12.029999999998772,1.0,0.0,0.3280975809966466,0.002020719012756381,-0.03180765471488584,0.47275005493090677,-0.056516025976988904,2.2805228233337402,0.03359946236014366,0
mujoco,flat_forward,1,1,1204,12.039999999998766,1.0,0.0,0.32809959328608723,0.002012138788631458,-0.031706580508578636,0.47150509483642516,-0.06217110085383029,2.264256238937378,0.03349750116467476,0
mujoco,flat_forward,1,1,1205,12.04999999999876,1.0,0.0,0.3281036194108013,0.0020039684323859158,-0.031717888354629055,0.4727022095279358,-0.06194817729087178,2.2786853313446045,0.0346822664141655,0
mujoco,flat_forward,1,1,1206,12.059999999998755,1.0,0.0,0.3281013634368621,0.0020014075507064077,-0.03165261313423394,0.47111982994282,-0.06344458328902246,2.2601895332336426,0.03772522136569023,0
mujoco,flat_forward,1,1,1207,12.06999999999875,1.0,0.0,0.3280998731297862,0.002001194626064974,-0.031690165234712825,0.4721476378748323,-0.06269011334538947,2.275240182876587,0.036901578307151794,0
mujoco,flat_forward,1,1,1208,12.079999999998744,1.0,0.0,0.32809572992526154,0.0020168248513978775,-0.031622943491956455,0.4705803155254698,-0.06034397875317551,2.2598085403442383,0.03414415195584297,0
mujoco,flat_forward,1,1,1209,12.089999999998739,1.0,0.0,0.32809396898047255,0.0020291513815381963,-0.03165231118226734,0.4715110076366085,-0.05913135734958677,2.2749154567718506,0.0342719741165638,0
mujoco,flat_forward,1,1,1210,12.099999999998733,1.0,0.0,0.3280919551289933,0.002062550310133401,-0.031604217049771365,0.4701413392366501,-0.05563720202498308,2.2637836933135986,0.02851754240691662,0
mujoco,flat_forward,1,1,1211,12.109999999998728,1.0,0.0,0.32809312050410067,0.002082058003224282,-0.031642964195426344,0.4711717814587976,-0.05863822637923464,2.276432752609253,0.028232445940375328,0
mujoco,flat_forward,1,1,1212,12.119999999998722,1.0,0.0,0.3280929487721926,0.0021103663949329754,-0.031612555049140074,0.4700243764537128,-0.05810143430668191,2.2665185928344727,0.026956506073474884,0
mujoco,flat_forward,1,1,1213,12.129999999998716,1.0,0.0,0.32809543589492796,0.002118123309334753,-0.03164779508828313,0.47093350908365905,-0.058086274905569446,2.2781176567077637,0.02668232098221779,0
mujoco,flat_forward,1,1,1214,12.139999999998711,1.0,0.0,0.3280983494658361,0.0021475279341481883,-0.03164325103264349,0.4699671657129751,-0.05487091763189925,2.269944906234741,0.021375123411417007,0
mujoco,flat_forward,1,1,1215,12.149999999998705,1.0,0.0,0.32810426530913306,0.002157782779301431,-0.03166517187446444,0.4705605213597648,-0.05424848286998061,2.2777161598205566,0.01894351840019226,0
mujoco,flat_forward,1,1,1216,12.1599999999987,1.0,0.0,0.328111507698597,0.0021954375549041536,-0.03169522133089819,0.4699291134869293,-0.05058560062379405,2.2743706703186035,0.013385402038693428,0
mujoco,flat_forward,1,1,1217,12.169999999998694,1.0,0.0,0.3281214714682666,0.002211292917883987,-0.03171933188160762,0.4701734414058573,-0.050377370504846364,2.2776453495025635,0.01046990230679512,0
mujoco,flat_forward,1,1,1218,12.179999999998689,1.0,0.0,0.32813401310521584,0.0022482347026884027,-0.03173851211443366,0.4697684119995149,-0.05146748582413954,2.278693437576294,0.00681429635733366,0
mujoco,flat_forward,1,1,1219,12.189999999998683,1.0,0.0,0.32814969834784313,0.002252407462258791,-0.0317812880966003,0.4701342463270306,-0.05417867196805188,2.2802927494049072,0.006475196219980717,0
mujoco,flat_forward,1,1,1220,12.199999999998678,1.0,0.0,0.32816560143870754,0.002274931685206172,-0.03182984587189099,0.47002865129951,-0.05239673250794741,2.279529333114624,0.005449486430734396,0
mujoco,flat_forward,1,1,1221,12.209999999998672,1.0,0.0,0.3281801471436195,0.002269244559744856,-0.031863697583103874,0.4701563805489173,-0.052991091304383627,2.279158592224121,0.00482076546177268,0
mujoco,flat_forward,1,1,1222,12.219999999998667,1.0,0.0,0.3281951615407296,0.002285074839622209,-0.0319093587660565,0.47007328022873124,-0.05375765663866581,2.281069040298462,0.006828000769019127,0
mujoco,flat_forward,1,1,1223,12.229999999998661,1.0,0.0,0.32821098286082295,0.002269435661874324,-0.03193006806432692,0.46998058007488974,-0.053185485754341455,2.2797975540161133,0.007196725811809301,0
mujoco,flat_forward,1,1,1224,12.239999999998656,1.0,0.0,0.3282289073062747,0.0022779015749071685,-0.032003899046438244,0.47011775524520477,-0.052427784005583726,2.2820048332214355,0.009455378167331219,0
mujoco,flat_forward,1,1,1225,12.24999999999865,1.0,0.0,0.3282443973711072,0.00225440944167753,-0.03204783652317991,0.4699747362367133,-0.055258575884018946,2.2771904468536377,0.01238713227212429,0
mujoco,flat_forward,1,1,1226,12.259999999998644,1.0,0.0,0.32825826071886866,0.0022508693917409344,-0.03213452663967261,0.4702030149168298,-0.05685887777558955,2.280668258666992,0.011284509673714638,0
mujoco,flat_forward,1,1,1227,12.269999999998639,1.0,0.0,0.3282692248166877,0.002213963597000522,-0.03215302333461251,0.4698340971515589,-0.056868956120465775,2.275728464126587,0.01392375398427248,0
mujoco,flat_forward,1,1,1228,12.279999999998633,1.0,0.0,0.32827966329424974,0.002201813367073298,-0.03225221093998274,0.4703191299498814,-0.056400193748467047,2.2806015014648438,0.015161748975515366,0
mujoco,flat_forward,1,1,1229,12.289999999998628,1.0,0.0,0.3282859849402603,0.0021757497709817184,-0.03224077321094264,0.4695597579117708,-0.054999978792363596,2.2714812755584717,0.020831899717450142,0
mujoco,flat_forward,1,1,1230,12.299999999998622,1.0,0.0,0.3282909843388383,0.0021672687282112465,-0.03234045086165061,0.4701914123385212,-0.05849361596197413,2.2807085514068604,0.0224003866314888,0
mujoco,flat_forward,1,1,1231,12.309999999998617,1.0,0.0,0.32829392485368847,0.0021361423360252573,-0.032279099570171166,0.4692451149985803,-0.05648163120056079,2.269785165786743,0.026125144213438034,0
mujoco,flat_forward,1,1,1232,12.319999999998611,1.0,0.0,0.32829600622377886,0.0021199893563406255,-0.03239644102995579,0.4700700024591237,-0.056539943615204646,2.279982805252075,0.02611907571554184,0
mujoco,flat_forward,1,1,1233,12.329999999998606,1.0,0.0,0.32829756240089053,0.0021090282524979173,-0.03229488377431815,0.4687839421165989,-0.05602192195123589,2.2664880752563477,0.028190812095999718,0
mujoco,flat_forward,1,1,1234,12.3399999999986,1.0,0.0,0.3282979799758022,0.002102850794070042,-0.032398767510821304,0.469960191288179,-0.05592250426702794,2.279935359954834,0.0291949063539505,0
mujoco,flat_forward,1,1,1235,12.349999999998595,1.0,0.0,0.3282936979858631,0.002096136871480287,-0.0322975423502768,0.4686060650037964,-0.057706981682894856,2.263166666030884,0.03488297387957573,0
mujoco,flat_forward,1,1,1236,12.359999999998589,1.0,0.0,0.32828620422735005,0.0020828388469375033,-0.03236523947133621,0.46973468959857684,-0.056218994963415925,2.2801015377044678,0.035092972218990326,0
mujoco,flat_forward,1,1,1237,12.369999999998583,1.0,0.0,0.3282789106458403,0.002071930280276136,-0.03220258101754339,0.46834152118298084,-0.059484061235818356,2.2668099403381348,0.02985662780702114,0
mujoco,flat_forward,1,1,1238,12.379999999998578,1.0,0.0,0.3282731567908075,0.002052044694525152,-0.032228664471423384,0.46945457743105984,-0.05380308957615519,2.2824361324310303,0.032649021595716476,0
mujoco,flat_forward,1,1,1239,12.389999999998572,1.0,0.0,0.32826811082605234,0.00205068442807392,-0.032101225445311805,0.4679873144292298,-0.05779057033925894,2.269148826599121,0.029548129066824913,0
mujoco,flat_forward,1,1,1240,12.399999999998567,1.0,0.0,0.3282644618787401,0.0020427403333753715,-0.03214239695396139,0.46886745648963035,-0.05082992084009116,2.2827656269073486,0.028516190126538277,0
mujoco,flat_forward,1,1,1241,12.409999999998561,1.0,0.0,0.32826356860262507,0.0020501867187293333,-0.03203351581058875,0.4675507159772022,-0.05775473519039684,2.2723512649536133,0.025236826390028,0
mujoco,flat_forward,1,1,1242,12.419999999998556,1.0,0.0,0.3282644925263519,0.002044193602422997,-0.03208644660944651,0.46828755242984377,-0.04907427336183871,2.28346586227417,0.023669566959142685,0
mujoco,flat_forward,1,1,1243,12.42999999999855,1.0,0.0,0.32826722073385356,0.002060338657939922,-0.032051176364673264,0.4672592384929563,-0.0548406965388804,2.2750768661499023,0.021674780175089836,0
mujoco,flat_forward,1,1,1244,12.439999999998545,1.0,0.0,0.3282694676554889,0.0020481666745302152,-0.032144518423039045,0.46802757297783776,-0.04939542341926068,2.282627820968628,0.0172128863632679,0
mujoco,flat_forward,1,1,1245,12.44999999999854,1.0,0.0,0.32827020975863386,0.002053128216347926,-0.032148328413489295,0.4672126281075899,-0.057229082955065846,2.275800943374634,0.01770824007689953,0
mujoco,flat_forward,1,1,1246,12.459999999998534,1.0,0.0,0.3282691831497661,0.0020242457384629237,-0.03222609758562119,0.4677682582953201,-0.04896848112488659,2.282296895980835,0.01576012745499611,0
mujoco,flat_forward,1,1,1247,12.469999999998528,1.0,0.0,0.3282666849517607,0.0020266563303408245,-0.03226801038544242,0.4672185408813734,-0.0545094715786711,2.2778728008270264,0.014378640800714493,0
mujoco,flat_forward,1,1,1248,12.479999999998522,1.0,0.0,0.32826229645442195,0.0020006130657237676,-0.03233012162484223,0.4674585304376998,-0.04558629803435547,2.2807319164276123,0.010842787101864815,0
mujoco,flat_forward,1,1,1249,12.489999999998517,1.0,0.0,0.3282570791795345,0.0020037499186848786,-0.03236078727208957,0.46706498750197845,-0.05488748508284985,2.2800803184509277,0.010591288097202778,0
mujoco,flat_forward,1,1,1250,12.499999999998511,1.0,0.0,0.32825118347186544,0.0019695675478775196,-0.03239855042836475,0.46717489529802525,-0.04473901578431142,2.281766653060913,0.012447075918316841,0
mujoco,flat_forward,1,1,1251,12.509999999998506,1.0,0.0,0.3282452315544298,0.0019644755774133743,-0.032429281023967124,0.46691236044871126,-0.05645291504224055,2.281327724456787,0.011769467033445835,0
mujoco,flat_forward,1,1,1252,12.5199999999985,1.0,0.0,0.32823735586545344,0.0019126021316427035,-0.0324784954014472,0.46716639845879493,-0.04835768676041467,2.281660318374634,0.014903976581990719,0
mujoco,flat_forward,1,1,1253,12.529999999998495,1.0,0.0,0.32822633960287334,0.0018901557520668527,-0.03252574680513943,0.4670115480604359,-0.060532803182035314,2.27983021736145,0.012156207114458084,0
mujoco,flat_forward,1,1,1254,12.53999999999849,1.0,0.0,0.328212119939931,0.001834067865477003,-0.03255358774864637,0.4670655555069263,-0.04895366446822976,2.279494285583496,0.015804080292582512,0
mujoco,flat_forward,1,1,1255,12.549999999998484,1.0,0.0,0.32819367697260465,0.001812641632419574,-0.0326328194911369,0.46705985609738504,-0.05876588915959119,2.2782042026519775,0.014774293638765812,0
mujoco,flat_forward,1,1,1256,12.559999999998478,1.0,0.0,0.3281711797547694,0.0017690400894296609,-0.03265795463264624,0.4668129674228052,-0.04692133388710684,2.276061534881592,0.017845865339040756,0
mujoco,flat_forward,1,1,1257,12.569999999998473,1.0,0.0,0.32814436637041844,0.0017519530650066191,-0.03273246419050114,0.46671301301932827,-0.058094894757988805,2.2771201133728027,0.015450866892933846,0
mujoco,flat_forward,1,1,1258,12.579999999998467,1.0,0.0,0.3281193459863568,0.0017310179861395219,-0.03268820352509001,0.4662886256192192,-0.04665744402085172,2.2772233486175537,0.01543515920639038,0
mujoco,flat_forward,1,1,1259,12.589999999998462,1.0,0.0,0.32809277427470307,0.0017240955947712578,-0.03273817859693707,0.46620123282245785,-0.05630339552831601,2.2789714336395264,0.013038269244134426,0
mujoco,flat_forward,1,1,1260,12.599999999998456,1.0,0.0,0.3280719305067376,0.0017153474518015448,-0.03265554466180318,0.4657285351732033,-0.04604034922937534,2.2800018787384033,0.012897655367851257,0
mujoco,flat_forward,1,1,1261,12.60999999999845,1.0,0.0,0.32805091843268713,0.001713818852376621,-0.032698329743831474,0.46557883073088147,-0.05399519399284415,2.2806127071380615,0.010710233822464943,0
mujoco,flat_forward,1,1,1262,12.619999999998445,1.0,0.0,0.3280379166384335,0.0017127002347214974,-0.0326024678022041,0.46511699932013206,-0.04580225315833965,2.2817442417144775,0.01014532707631588,0
mujoco,flat_forward,1,1,1263,12.62999999999844,1.0,0.0,0.3280232378660472,0.0017156409554083768,-0.03269358229604622,0.4652644454538499,-0.05193869917967637,2.281043767929077,0.008361929096281528,0
mujoco,flat_forward,1,1,1264,12.639999999998434,1.0,0.0,0.32801140922152877,0.0017168142523448886,-0.032623520074238736,0.46477503280634475,-0.04656292064734506,2.2791876792907715,0.010243766941130161,0
mujoco,flat_forward,1,1,1265,12.649999999998428,1.0,0.0,0.32799475032215464,0.0017181474761204863,-0.03269787861460088,0.4647450754602816,-0.05095366225424335,2.2807796001434326,0.006952115334570408,0
mujoco,flat_forward,1,1,1266,12.659999999998423,1.0,0.0,0.3279835869971876,0.001719659581970744,-0.032596698952412156,0.4642816848352139,-0.047546763390210384,2.2815818786621094,0.006325808819383383,0
mujoco,flat_forward,1,1,1267,12.669999999998417,1.0,0.0,0.32796948259274283,0.0017236125192139167,-0.03266528736074533,0.46422103483161214,-0.046111145727833494,2.282003164291382,0.004531473387032747,0
mujoco,flat_forward,1,1,1268,12.679999999998412,1.0,0.0,0.3279612568812136,0.0017310050123993577,-0.03256353193903921,0.4637174864216051,-0.04640040369029954,2.2820675373077393,0.0037046214565634727,0
mujoco,flat_forward,1,1,1269,12.689999999998406,1.0,0.0,0.32795013118252825,0.001735637708591235,-0.032628645853715325,0.4637316137254701,-0.04857091618846488,2.2826333045959473,0.002758663147687912,0
mujoco,flat_forward,1,1,1270,12.6999999999984,1.0,0.0,0.3279443994130284,0.0017367891716160869,-0.032522698309780766,0.4633561893990443,-0.05092980148867196,2.2819936275482178,0.0035408642143011093,0
mujoco,flat_forward,1,1,1271,12.709999999998395,1.0,0.0,0.32793567965226456,0.0017335076904356223,-0.03256237173307423,0.46317594946558394,-0.049744835484324644,2.28192138671875,0.0031277586240321398,0
mujoco,flat_forward,1,1,1272,12.71999999999839,1.0,0.0,0.32793472357049347,0.001730235701138148,-0.032440972777733584,0.46283437855668674,-0.05388965550719944,2.282668352127075,0.00492956954985857,0
mujoco,flat_forward,1,1,1273,12.729999999998384,1.0,0.0,0.3279308895422884,0.0017247685919813168,-0.03250009448293583,0.46289171492421805,-0.050035575357179694,2.2811450958251953,0.005600028205662966,0
mujoco,flat_forward,1,1,1274,12.739999999998378,1.0,0.0,0.32793054716838904,0.0017206681179146725,-0.03240375268359954,0.4624754245400114,-0.05647991300714389,2.278748035430908,0.005171140190213919,0
mujoco,flat_forward,1,1,1275,12.749999999998373,1.0,0.0,0.32792539260210896,0.001718295308667258,-0.032438902843699914,0.46245211970022065,-0.04666965675782061,2.278975248336792,0.005272966809570789,0
mujoco,flat_forward,1,1,1276,12.759999999998367,1.0,0.0,0.327923367755958,0.001721201779482162,-0.03233020792322655,0.46194933298862884,-0.05698482916609141,2.2773540019989014,0.00889278668910265,0
mujoco,flat_forward,1,1,1277,12.769999999998362,1.0,0.0,0.32791849641891907,0.0017256398016202452,-0.03232136911911168,0.461742392635609,-0.0468617870495512,2.2791686058044434,0.009176511317491531,0
mujoco,flat_forward,1,1,1278,12.779999999998356,1.0,0.0,0.32792015354644893,0.0017284043503111748,-0.0322002166586691,0.46137000776285503,-0.060499979143613124,2.2796194553375244,0.010169319808483124,0
mujoco,flat_forward,1,1,1279,12.78999999999835,1.0,0.0,0.32792046008732284,0.001726624113616657,-0.03220248930061459,0.4614780707862272,-0.04855230868192689,2.279392719268799,0.01173233613371849,0
mujoco,flat_forward,1,1,1280,12.799999999998345,1.0,0.0,0.32792303313818266,0.001727089430828093,-0.032118931099137944,0.4610650094583962,-0.06418730382157735,2.2757673263549805,0.012057922780513763,0
mujoco,flat_forward,1,1,1281,12.80999999999834,1.0,0.0,0.3279230950016551,0.0017264881735757375,-0.03209921715227179,0.4610821804583652,-0.04696343302900142,2.2765111923217773,0.012490890920162201,0
mujoco,flat_forward,1,1,1282,12.819999999998334,1.0,0.0,0.32792354210078467,0.0017375467210702451,-0.03203947531177133,0.4605833141522094,-0.06572733124417193,2.2722907066345215,0.01576903648674488,0
mujoco,flat_forward,1,1,1283,12.829999999998329,1.0,0.0,0.32792279580448996,0.001745884532680714,-0.03200310803367663,0.46047719913908763,-0.04643380557750879,2.2743685245513916,0.01647326722741127,0
mujoco,flat_forward,1,1,1284,12.839999999998323,1.0,0.0,0.32791977485150775,0.001777476855725817,-0.03199582949399445,0.4600076460507818,-0.06637939854191423,2.2706472873687744,0.018883978947997093,0
mujoco,flat_forward,1,1,1285,12.849999999998317,1.0,0.0,0.32791404047459044,0.001793329129112888,-0.031993040522570036,0.4599943785620682,-0.05043082323816969,2.2724504470825195,0.02016291953623295,0
mujoco,flat_forward,1,1,1286,12.859999999998312,1.0,0.0,0.32790511444875,0.0018127778757255294,-0.03199902589031816,0.45953267078904264,-0.06933329489986505,2.2694287300109863,0.016677796840667725,0
mujoco,flat_forward,1,1,1287,12.869999999998306,1.0,0.0,0.32789887718640764,0.0018306025613079788,-0.03196831185549199,0.4593422845224907,-0.05152070080810679,2.2729108333587646,0.01647167280316353,0
mujoco,flat_forward,1,1,1288,12.8799999999983,1.0,0.0,0.32789152144988026,0.0018595010215542778,-0.03198195308514872,0.45893323403709857,-0.06373925124797504,2.2699010372161865,0.01589173451066017,0
mujoco,flat_forward,1,1,1289,12.889999999998295,1.0,0.0,0.3278893443114807,0.001889971969376611,-0.03192594726585152,0.45868119616408354,-0.04825538752076188,2.27408504486084,0.01308770664036274,0
mujoco,flat_forward,1,1,1290,12.89999999999829,1.0,0.0,0.32788606063825737,0.0019252276383496495,-0.03197267957650789,0.45859480083952225,-0.06003223247931164,2.272606611251831,0.013022073544561863,0
mujoco,flat_forward,1,1,1291,12.909999999998284,1.0,0.0,0.32788611781921273,0.0019551746941930855,-0.03193401351796502,0.45842904222770575,-0.048168561814586675,2.274921178817749,0.01225788239389658,0
mujoco,flat_forward,1,1,1292,12.919999999998279,1.0,0.0,0.32788406422535443,0.0019839800183441892,-0.031980680489848964,0.45825575995106327,-0.05850673853049154,2.2749040126800537,0.011059912852942944,0
mujoco,flat_forward,1,1,1293,12.929999999998273,1.0,0.0,0.3278894778374647,0.002012456302212218,-0.03191901864473523,0.45807201484803395,-0.04861247641784172,2.2788288593292236,0.010102507658302784,0
mujoco,flat_forward,1,1,1294,12.939999999998268,1.0,0.0,0.32789431721733614,0.0020429758643262896,-0.03199905585428128,0.45793561728000304,-0.053229203551638536,2.277966260910034,0.008863971568644047,0
mujoco,flat_forward,1,1,1295,12.949999999998262,1.0,0.0,0.32790750852451483,0.0020756012339290335,-0.03194355070882723,0.45767475911787425,-0.04661857400692502,2.280763626098633,0.006719303783029318,0
mujoco,flat_forward,1,1,1296,12.959999999998256,1.0,0.0,0.32791965123837835,0.0021043926617453647,-0.03203936928981306,0.45766655322542504,-0.05487913922033918,2.280207872390747,0.0065726409666240215,0
mujoco,flat_forward,1,1,1297,12.969999999998251,1.0,0.0,0.327938770833519,0.002129018466709593,-0.031999296207804756,0.4574888456196314,-0.05022004350522347,2.2815914154052734,0.006967962719500065,0
mujoco,flat_forward,1,1,1298,12.979999999998245,1.0,0.0,0.3279545878326045,0.002151745923020561,-0.0321254451496173,0.4574652881652443,-0.05158774404002385,2.2805798053741455,0.006100877653807402,0
mujoco,flat_forward,1,1,1299,12.98999999999824,1.0,0.0,0.32797679358225823,0.002175426662779501,-0.03209179178180959,0.45718116752071375,-0.049944505403019764,2.2814981937408447,0.004381855484098196,0
mujoco,flat_forward,1,1,1300,12.999999999998234,1.0,0.0,0.3279945778134396,0.0021980498355039114,-0.032242593992828875,0.4573875371148854,-0.050374100855823445,2.281386137008667,0.004335000179708004,0
mujoco,flat_forward,1,1,1301,13.009999999998229,1.0,0.0,0.3280151072230061,0.0022189742502847286,-0.03222208687325936,0.4570840165771891,-0.05178425790518391,2.2802491188049316,0.0033636861480772495,0
mujoco,flat_forward,1,1,1302,13.019999999998223,1.0,0.0,0.32803021880434025,0.00223859616845547,-0.03233571870220025,0.45705624238789494,-0.050375252653217246,2.281804323196411,0.0035143024288117886,0
mujoco,flat_forward,1,1,1303,13.029999999998218,1.0,0.0,0.328051557726537,0.0022555484844835765,-0.03228389380767111,0.45681625958244004,-0.05454839948269247,2.283018112182617,0.0054831854067742825,0
mujoco,flat_forward,1,1,1304,13.039999999998212,1.0,0.0,0.32806897889655723,0.00227137221867146,-0.032408036364090426,0.45703534859543743,-0.050821795903420786,2.2826833724975586,0.005300875287503004,0
mujoco,flat_forward,1,1,1305,13.049999999998207,1.0,0.0,0.3280890981599159,0.002284712236981449,-0.03237456893749777,0.45673655229604737,-0.057216440997456396,2.280357837677002,0.004995192866772413,0
mujoco,flat_forward,1,1,1306,13.059999999998201,1.0,0.0,0.3281039990806235,0.0022966905697631773,-0.03245612577811681,0.4567021223740045,-0.051132542986658244,2.2811272144317627,0.0058343252167105675,0
mujoco,flat_forward,1,1,1307,13.069999999998196,1.0,0.0,0.3281241533031891,0.0023056069136974558,-0.032394448694964335,0.4564713306704425,-0.06000134673401767,2.2814207077026367,0.0077110761776566505,0
mujoco,flat_forward,1,1,1308,13.07999999999819,1.0,0.0,0.32814009668956473,0.0023114319844308733,-0.032485680612660224,0.4566970445154588,-0.0519936634604816,2.2807838916778564,0.008317189291119576,0
mujoco,flat_forward,1,1,1309,13.089999999998184,1.0,0.0,0.3281573088090348,0.0023165555305877704,-0.03244510502430144,0.4563875126050016,-0.0628673546409704,2.2779934406280518,0.008252639323472977,0
mujoco,flat_forward,1,1,1310,13.099999999998179,1.0,0.0,0.32816884235978433,0.002321086466080948,-0.032498228239359696,0.4565426342058312,-0.04913568093341149,2.279038667678833,0.00962486770004034,0
mujoco,flat_forward,1,1,1311,13.109999999998173,1.0,0.0,0.32818059369168817,0.002328867027577789,-0.03245679276198919,0.45619120193758383,-0.06375387849655577,2.276719093322754,0.012120572850108147,0
mujoco,flat_forward,1,1,1312,13.119999999998168,1.0,0.0,0.32818834198331454,0.002336805066446617,-0.03247096686690957,0.4563009093591907,-0.04651951758644409,2.278470993041992,0.013116131536662579,0
mujoco,flat_forward,1,1,1313,13.129999999998162,1.0,0.0,0.32819503681312634,0.0023493959219007656,-0.03244601503089568,0.455931100417273,-0.06478134972869593,2.2755374908447266,0.014715464785695076,0
mujoco,flat_forward,1,1,1314,13.139999999998157,1.0,0.0,0.32819910620644954,0.002359981972754462,-0.03243159325564344,0.4559063168119162,-0.04781465207913013,2.277754306793213,0.01701243408024311,0
mujoco,flat_forward,1,1,1315,13.149999999998151,1.0,0.0,0.32820403577309115,0.0023642603495635547,-0.03240389773690336,0.455680013854195,-0.06924112509177868,2.2760746479034424,0.015119964256882668,0
mujoco,flat_forward,1,1,1316,13.159999999998146,1.0,0.0,0.3282068843017818,0.0023572966040363796,-0.03239666891375705,0.4558961907076473,-0.05205941217348905,2.276292085647583,0.019090872257947922,0
mujoco,flat_forward,1,1,1317,13.16999999999814,1.0,0.0,0.32820458310868783,0.0023569335731885074,-0.03241337428528588,0.4555273483430203,-0.07022593348344446,2.2716751098632812,0.018383365124464035,0
mujoco,flat_forward,1,1,1318,13.179999999998135,1.0,0.0,0.3282018666296139,0.002360590538645883,-0.032408026898462845,0.4554775530609499,-0.05253217010745933,2.2748775482177734,0.01638713851571083,0
mujoco,flat_forward,1,1,1319,13.189999999998129,1.0,0.0,0.3281952507433109,0.002372985908741924,-0.03243810873928838,0.45512405469881334,-0.06474078772194601,2.271487236022949,0.015709951519966125,0
mujoco,flat_forward,1,1,1320,13.199999999998123,1.0,0.0,0.3281911739071626,0.0023884673770884247,-0.032405383823463224,0.4550037353700735,-0.04966054252923706,2.2766940593719482,0.014166527427732944,0
mujoco,flat_forward,1,1,1321,13.209999999998118,1.0,0.0,0.32818528159683985,0.0024046937303391575,-0.032423988364765614,0.45465356990707434,-0.06135754055937963,2.274871587753296,0.012053661979734898,0
mujoco,flat_forward,1,1,1322,13.219999999998112,1.0,0.0,0.3281858438431826,0.0024228811373189466,-0.0323801161062667,0.4546143915400883,-0.04911538345141583,2.2808260917663574,0.012979221530258656,0
mujoco,flat_forward,1,1,1323,13.229999999998107,1.0,0.0,0.32818474653847324,0.002442520598281511,-0.03244251224592233,0.4543674222735666,-0.05564711798966435,2.2779791355133057,0.010655681602656841,0
mujoco,flat_forward,1,1,1324,13.239999999998101,1.0,0.0,0.3281901654836981,0.0024641969872512643,-0.03241367964954992,0.4543330594561911,-0.04725144412693262,2.2826132774353027,0.009500059299170971,0
mujoco,flat_forward,1,1,1325,13.249999999998096,1.0,0.0,0.328192797398107,0.002480173525301061,-0.03249685336135084,0.45426324366776555,-0.057263792659039164,2.2798802852630615,0.008708317764103413,0
mujoco,flat_forward,1,1,1326,13.25999999999809,1.0,0.0,0.3281996645377653,0.002493355585321761,-0.03248853839339129,0.45436129544086723,-0.05034021289522404,2.2830679416656494,0.009856409393250942,0
mujoco,flat_forward,1,1,1327,13.269999999998085,1.0,0.0,0.3282006479728441,0.0025042185480816125,-0.03260967474923436,0.4542709926539188,-0.053517231907623856,2.2800562381744385,0.009100254625082016,0
mujoco,flat_forward,1,1,1328,13.27999999999808,1.0,0.0,0.3282056063441149,0.002516327956419956,-0.032602619733055525,0.45426377546557634,-0.049466194975202805,2.2831079959869385,0.007499844767153263,0
mujoco,flat_forward,1,1,1329,13.289999999998074,1.0,0.0,0.32820527321896625,0.0025254190683450498,-0.03269915947427876,0.45398621675564016,-0.05189490026143556,2.2811100482940674,0.007899155840277672,0
mujoco,flat_forward,1,1,1330,13.299999999998068,1.0,0.0,0.3282112949364937,0.002533888893417706,-0.03267891509173639,0.4540834222326199,-0.05077722326309505,2.2859225273132324,0.01025132741779089,0
mujoco,flat_forward,1,1,1331,13.309999999998062,1.0,0.0,0.32821139142180833,0.002538375043583995,-0.0328160245663071,0.45405332654002367,-0.05144866155794668,2.281773805618286,0.011341002769768238,0
mujoco,flat_forward,1,1,1332,13.319999999998057,1.0,0.0,0.32821350267411403,0.00253981072654155,-0.032820453640550494,0.45414046123291113,-0.05288353911973375,2.2831594944000244,0.007071381434798241,0
mujoco,flat_forward,1,1,1333,13.329999999998051,1.0,0.0,0.32820758081678886,0.0025363080559078145,-0.03292387700495314,0.45391352478314323,-0.05146776093975203,2.2807860374450684,0.009128785692155361,0
mujoco,flat_forward,1,1,1334,13.339999999998046,1.0,0.0,0.32820577485691055,0.0025284657192001497,-0.03290400696596728,0.4540919121055865,-0.05523497933358268,2.2843384742736816,0.010298834182322025,0
mujoco,flat_forward,1,1,1335,13.34999999999804,1.0,0.0,0.3281981610112986,0.0025183005925981734,-0.032960877123617616,0.45365168422469127,-0.05155025316302997,2.2802937030792236,0.013197380118072033,0
mujoco,flat_forward,1,1,1336,13.359999999998035,1.0,0.0,0.3281959990250002,0.002501912587472809,-0.03293615142383253,0.4539652827279887,-0.057364128964351155,2.2853386402130127,0.014058944769203663,0
mujoco,flat_forward,1,1,1337,13.36999999999803,1.0,0.0,0.32818847257812134,0.002489461431372849,-0.03297854402500844,0.45345000252571077,-0.04785435673510455,2.2786848545074463,0.01766720600426197,0
mujoco,flat_forward,1,1,1338,13.379999999998024,1.0,0.0,0.32818344547453604,0.0024729828190684887,-0.03297753756453187,0.45375385796061957,-0.05745046921743485,2.282771587371826,0.01576881855726242,0
mujoco,flat_forward,1,1,1339,13.389999999998018,1.0,0.0,0.3281724994648258,0.0024621819887193,-0.032999056924348166,0.4530527001014718,-0.0479079745793181,2.276327133178711,0.02057613804936409,0
mujoco,flat_forward,1,1,1340,13.399999999998013,1.0,0.0,0.3281640084479887,0.0024379940681244676,-0.033000543637443,0.4534769050859061,-0.060469676522657535,2.281928300857544,0.018441151827573776,0
mujoco,flat_forward,1,1,1341,13.409999999998007,1.0,0.0,0.328148105341276,0.0024147088768871477,-0.03304748315206629,0.4530698558666564,-0.04893535656514102,2.2745866775512695,0.024391604587435722,0
mujoco,flat_forward,1,1,1342,13.419999999998002,1.0,0.0,0.3281298120210699,0.002379859406291229,-0.033064579660225926,0.45330702476959356,-0.061091250539815255,2.2771811485290527,0.017873158678412437,0
mujoco,flat_forward,1,1,1343,13.429999999997996,1.0,0.0,0.3281071786074194,0.0023594649794100083,-0.03306270031789538,0.45265643860732535,-0.04988369185127896,2.274095058441162,0.0166409183293581,0
mujoco,flat_forward,1,1,1344,13.43999999999799,1.0,0.0,0.3280864213027218,0.00232499802952142,-0.033030657095886394,0.4527779426658288,-0.060288986657956144,2.277395486831665,0.015589484013617039,0
mujoco,flat_forward,1,1,1345,13.449999999997985,1.0,0.0,0.32806692067989063,0.002311203631005959,-0.03298719000312001,0.45225008291857777,-0.046361111208973516,2.276874303817749,0.012172200717031956,0
mujoco,flat_forward,1,1,1346,13.45999999999798,1.0,0.0,0.3280495173115898,0.002286649242971193,-0.03294551662648641,0.45210314151089304,-0.05638081686262537,2.276759624481201,0.011756498366594315,0
mujoco,flat_forward,1,1,1347,13.469999999997974,1.0,0.0,0.32803608419739094,0.0022825999994544413,-0.03287436324282654,0.4515939618849539,-0.04646634203832183,2.2793571949005127,0.008756843395531178,0
mujoco,flat_forward,1,1,1348,13.479999999997968,1.0,0.0,0.32802686317540564,0.002259094488617066,-0.03281272475947776,0.4513687272703253,-0.055919317765001454,2.278907060623169,0.006611638702452183,0
mujoco,flat_forward,1,1,1349,13.489999999997963,1.0,0.0,0.3280240567894637,0.0022559954813312377,-0.03274066127974172,0.45110123278624614,-0.04460037400214386,2.281951665878296,0.006382864899933338,0
mujoco,flat_forward,1,1,1350,13.499999999997957,1.0,0.0,0.3280220990202622,0.002235071671532456,-0.03269786146618172,0.4508758817521544,-0.05720055674728741,2.278068780899048,0.008209454827010632,0
mujoco,flat_forward,1,1,1351,13.509999999997952,1.0,0.0,0.328022696695786,0.0022291520855174103,-0.03264439355947591,0.4507460177759387,-0.048139026655110134,2.282007932662964,0.009611007757484913,0
mujoco,flat_forward,1,1,1352,13.519999999997946,1.0,0.0,0.3280232506707909,0.0022007385291897114,-0.0325856716470048,0.4503539617725822,-0.05832586287584523,2.2781875133514404,0.007790685165673494,0
mujoco,flat_forward,1,1,1353,13.52999999999794,1.0,0.0,0.32802911990334416,0.0021910699696772043,-0.032524456441787676,0.45041446073479324,-0.04742173734510143,2.283634662628174,0.012056822888553143,0
mujoco,flat_forward,1,1,1354,13.539999999997935,1.0,0.0,0.32803274570361113,0.002168695838415218,-0.032480069689993674,0.44989972710999665,-0.05993457433665363,2.275287628173828,0.015385789796710014,0
mujoco,flat_forward,1,1,1355,13.54999999999793,1.0,0.0,0.32803873829325797,0.002160851241547547,-0.0324357012081883,0.4501418706115415,-0.04922977562139395,2.2827630043029785,0.017089396715164185,0
mujoco,flat_forward,1,1,1356,13.559999999997924,1.0,0.0,0.328038072343521,0.002154443483879878,-0.032410219765338276,0.4492528215302548,-0.0577383302418543,2.2729499340057373,0.019536573439836502,0
mujoco,flat_forward,1,1,1357,13.569999999997918,1.0,0.0,0.32804074356789126,0.0021614060629287697,-0.032370632097213727,0.44956342748364264,-0.05006709461542723,2.2837986946105957,0.02145346812903881,0
mujoco,flat_forward,1,1,1358,13.579999999997913,1.0,0.0,0.32803956759853203,0.0021645815323612736,-0.03233320282228834,0.44850555654658314,-0.05650240360539591,2.2740397453308105,0.02117035537958145,0
mujoco,flat_forward,1,1,1359,13.589999999997907,1.0,0.0,0.3280445953276748,0.0021757694173382444,-0.03230589625205276,0.44900191983927285,-0.051285738458346095,2.285858154296875,0.02426888607442379,0
mujoco,flat_forward,1,1,1360,13.599999999997902,1.0,0.0,0.32804458274100107,0.002181940021131063,-0.03232983855427753,0.4481942047968752,-0.055863447637778924,2.2738888263702393,0.025571590289473534,0
mujoco,flat_forward,1,1,1361,13.609999999997896,1.0,0.0,0.32804710537644965,0.002191311006857267,-0.03234291301780013,0.44876792917631014,-0.05294404658425943,2.282947540283203,0.02205180563032627,0
mujoco,flat_forward,1,1,1362,13.61999999999789,1.0,0.0,0.3280431890657934,0.002196131298250775,-0.03235292526017943,0.44776173455399515,-0.055457692677230275,2.2723019123077393,0.024480365216732025,0
mujoco,flat_forward,1,1,1363,13.629999999997885,1.0,0.0,0.32804334468205903,0.0022026892604074012,-0.032371347535685976,0.4484529297080265,-0.05483546446375225,2.2830798625946045,0.025574244558811188,0
mujoco,flat_forward,1,1,1364,13.63999999999788,1.0,0.0,0.328037559302141,0.0022111948496283938,-0.032388795583122236,0.44736918953283455,-0.05213737754406658,2.2708663940429688,0.028806140646338463,0
mujoco,flat_forward,1,1,1365,13.649999999997874,1.0,0.0,0.32803474765619006,0.002217578212331187,-0.032425537344232626,0.44811544722945623,-0.05507911564210662,2.2821860313415527,0.02744937874376774,0
mujoco,flat_forward,1,1,1366,13.659999999997869,1.0,0.0,0.328024816423909,0.002220364561328389,-0.032457973430617806,0.4471385891309829,-0.055455609620122054,2.2699787616729736,0.030959421768784523,0
mujoco,flat_forward,1,1,1367,13.669999999997863,1.0,0.0,0.3280164645189317,0.0022134938942608177,-0.032507346707472046,0.44801449540854804,-0.059686848706776395,2.2807068824768066,0.027521539479494095,0
mujoco,flat_forward,1,1,1368,13.679999999997857,1.0,0.0,0.328000176503576,0.002213030846249843,-0.032553327811287384,0.44695603738450074,-0.053610877068296946,2.2677857875823975,0.03216458857059479,0
mujoco,flat_forward,1,1,1369,13.689999999997852,1.0,0.0,0.32798444492758383,0.002204727198310858,-0.03259258832835391,0.44760601137562606,-0.05807016934868219,2.2777516841888428,0.02793361060321331,0
mujoco,flat_forward,1,1,1370,13.699999999997846,1.0,0.0,0.32796568818331606,0.002211327331325208,-0.032564245158792936,0.4463906975643352,-0.052833321306460936,2.2686777114868164,0.02622179128229618,0
mujoco,flat_forward,1,1,1371,13.70999999999784,1.0,0.0,0.32795105267274427,0.002204890600008703,-0.0325593386930196,0.4470249712273993,-0.05613857576221917,2.2798657417297363,0.026591666042804718,0
mujoco,flat_forward,1,1,1372,13.719999999997835,1.0,0.0,0.3279372927955518,0.002220237294094183,-0.03252198567877474,0.4459319495868068,-0.04830721452112794,2.2723543643951416,0.022449174895882607,0
mujoco,flat_forward,1,1,1373,13.72999999999783,1.0,0.0,0.3279274444574075,0.0022192541129797,-0.03251519885862181,0.4465784569757754,-0.05529121172139865,2.2802517414093018,0.02031482197344303,0
mujoco,flat_forward,1,1,1374,13.739999999997824,1.0,0.0,0.32791641724800946,0.002231160366326831,-0.032483047741162306,0.4456691688583116,-0.05030164034684737,2.2740612030029297,0.02047233283519745,0
mujoco,flat_forward,1,1,1375,13.749999999997819,1.0,0.0,0.327908594797517,0.0022205386965110222,-0.032456568260920984,0.4461782649508425,-0.05463570756650291,2.281566858291626,0.01891816034913063,0
mujoco,flat_forward,1,1,1376,13.759999999997813,1.0,0.0,0.32790246470653805,0.0022338202072866896,-0.03242864843213901,0.44543890984033124,-0.04677664298150583,2.277841567993164,0.013814886100590229,0
mujoco,flat_forward,1,1,1377,13.769999999997808,1.0,0.0,0.32789940075839946,0.0022294961047988273,-0.032398355640991965,0.4455802896658745,-0.05040854073289175,2.2811379432678223,0.011260388419032097,0
mujoco,flat_forward,1,1,1378,13.779999999997802,1.0,0.0,0.3278998994384787,0.00224949366811093,-0.032359770676135304,0.44491627600528966,-0.04638251368118239,2.2819430828094482,0.006508374586701393,0
mujoco,flat_forward,1,1,1379,13.789999999997796,1.0,0.0,0.3279050693087499,0.0022418171999111455,-0.03233737690857988,0.4451485045128585,-0.05327816363665993,2.2833595275878906,0.006482183001935482,0
mujoco,flat_forward,1,1,1380,13.799999999997791,1.0,0.0,0.3279124606716502,0.002253021374596356,-0.03233018092995181,0.4447802216658829,-0.046930988473764104,2.2824652194976807,0.005686857271939516,0
mujoco,flat_forward,1,1,1381,13.809999999997785,1.0,0.0,0.32792073061538374,0.002243454429859283,-0.03231954529757451,0.44466188886667785,-0.05203226969679526,2.281442642211914,0.005079349037259817,0
mujoco,flat_forward,1,1,1382,13.81999999999778,1.0,0.0,0.32793259771878097,0.002257107274026251,-0.03229997396076486,0.44425205319476724,-0.048548095496880155,2.283512592315674,0.00551658496260643,0
mujoco,flat_forward,1,1,1383,13.829999999997774,1.0,0.0,0.3279468708724853,0.0022424231085523896,-0.03228610837591908,0.4442233151838189,-0.056103068167945414,2.2823381423950195,0.0040467907674610615,0
mujoco,flat_forward,1,1,1384,13.839999999997769,1.0,0.0,0.32796377099509105,0.0022465242514628585,-0.032285761540277,0.4440642229027408,-0.04936682739809254,2.283416271209717,0.0068114157766103745,0
mujoco,flat_forward,1,1,1385,13.849999999997763,1.0,0.0,0.32797972227812117,0.002234224647288329,-0.03225676786092837,0.44365970299901286,-0.05481531300321863,2.279761791229248,0.007555828895419836,0
mujoco,flat_forward,1,1,1386,13.859999999997758,1.0,0.0,0.32799906328682354,0.0022438208724335084,-0.032249329239248045,0.44370074078890553,-0.0475311280990721,2.2846879959106445,0.012559350579977036,0
mujoco,flat_forward,1,1,1387,13.869999999997752,1.0,0.0,0.32801583334434753,0.002238938903560941,-0.032225673153473286,0.4432069177989636,-0.05651955867084015,2.277583360671997,0.01372530683875084,0
mujoco,flat_forward,1,1,1388,13.879999999997747,1.0,0.0,0.3280341127522331,0.002248390547574636,-0.032221224150730705,0.44355100807536135,-0.048471092430473275,2.2848961353302,0.01701703853905201,0
mujoco,flat_forward,1,1,1389,13.889999999997741,1.0,0.0,0.3280474261329204,0.0022505341884083694,-0.03217476431868667,0.44263405454216237,-0.05498658693720371,2.2744853496551514,0.01907196268439293,0
mujoco,flat_forward,1,1,1390,13.899999999997736,1.0,0.0,0.3280640145601963,0.002264058108899454,-0.032144368100754266,0.44313681993118004,-0.05077019209141238,2.2870800495147705,0.025508256629109383,0
mujoco,flat_forward,1,1,1391,13.90999999999773,1.0,0.0,0.3280786501139396,0.0022600555722891037,-0.032088573361113495,0.4423137643634014,-0.059946664131827,2.2755472660064697,0.022680513560771942,0
mujoco,flat_forward,1,1,1392,13.919999999997724,1.0,0.0,0.32809744522470186,0.002263440867511134,-0.03206750876993988,0.44301758418007864,-0.05439514625422692,2.286884307861328,0.026475952938199043,0
mujoco,flat_forward,1,1,1393,13.929999999997719,1.0,0.0,0.32811086209597184,0.0022676149383850813,-0.03203886451576443,0.44178456817759976,-0.05879956322883053,2.2723209857940674,0.02783367410302162,0
mujoco,flat_forward,1,1,1394,13.939999999997713,1.0,0.0,0.32812771668159124,0.002278922175735438,-0.03204719011730358,0.44252821384604374,-0.05625885243819239,2.2855515480041504,0.0301146749407053,0
mujoco,flat_forward,1,1,1395,13.949999999997708,1.0,0.0,0.3281379632292722,0.0022891070865791443,-0.03207169920556165,0.44148691585823974,-0.059323088874286715,2.270813465118408,0.031110160052776337,0
mujoco,flat_forward,1,1,1396,13.959999999997702,1.0,0.0,0.3281490266266819,0.002300588635819861,-0.03210987997433869,0.44228713137070524,-0.05905570857936894,2.2828056812286377,0.02846834436058998,0
mujoco,flat_forward,1,1,1397,13.969999999997697,1.0,0.0,0.32815190139782174,0.0023146880474339093,-0.03214571554202709,0.44123141931663806,-0.05677144496897619,2.269650459289551,0.03001820109784603,0
mujoco,flat_forward,1,1,1398,13.979999999997691,1.0,0.0,0.3281562317965023,0.0023257196314049816,-0.03218759428728039,0.4420498838457012,-0.059779464957864833,2.2818901538848877,0.029538284987211227,0
mujoco,flat_forward,1,1,1399,13.989999999997686,1.0,0.0,0.32815455517947545,0.0023403456513928543,-0.032203898551986,0.4408837015434581,-0.05705565601423795,2.2698545455932617,0.031158680096268654,0
mujoco,flat_forward,1,1,1400,13.99999999999768,1.0,0.0,0.3281563146846617,0.0023457392853461307,-0.03224512212478699,0.44167735018839227,-0.06008943970128884,2.282144546508789,0.030770443379878998,0
mujoco,flat_forward,1,1,1401,14.009999999997675,1.0,0.0,0.328156514807139,0.0023662781922298027,-0.032249245405328086,0.4404994071494496,-0.05326200087195182,2.2706410884857178,0.028234146535396576,0
mujoco,flat_forward,1,1,1402,14.019999999997669,1.0,0.0,0.32816002039949427,0.0023747041906100825,-0.0322860056101406,0.4413681729121848,-0.05971502104834221,2.281642198562622,0.02700360305607319,0
mujoco,flat_forward,1,1,1403,14.029999999997663,1.0,0.0,0.3281590865845999,0.002394270309839245,-0.032325333250774094,0.44048576804665096,-0.051307224522415304,2.2716174125671387,0.027802905067801476,0
mujoco,flat_forward,1,1,1404,14.039999999997658,1.0,0.0,0.3281584324880219,0.002397727915119473,-0.03235004402405053,0.4411439176476162,-0.05654170629965843,2.280991315841675,0.024246152490377426,0
mujoco,flat_forward,1,1,1405,14.049999999997652,1.0,0.0,0.3281564940608608,0.0024157899245060587,-0.03234648132026632,0.4403001657983979,-0.05042234332224171,2.2765870094299316,0.01883639022707939,0
mujoco,flat_forward,1,1,1406,14.059999999997647,1.0,0.0,0.3281585988288944,0.0024141096216232683,-0.03234165197331974,0.4408213371093648,-0.054260995152298125,2.284684658050537,0.01924894005060196,0
mujoco,flat_forward,1,1,1407,14.069999999997641,1.0,0.0,0.32816285418310837,0.0024339675394811117,-0.03234581265948345,0.4401982913363394,-0.046471483145043575,2.282252073287964,0.013190989382565022,0
mujoco,flat_forward,1,1,1408,14.079999999997636,1.0,0.0,0.3281703743161691,0.002432769785448434,-0.03236464674873518,0.4406482454695716,-0.0538324415455192,2.285175323486328,0.011156794615089893,0
mujoco,flat_forward,1,1,1409,14.08999999999763,1.0,0.0,0.32817771891513586,0.0024452827647358207,-0.03238175492172473,0.4401921671714801,-0.048755635847017365,2.28366756439209,0.01008984912186861,0
mujoco,flat_forward,1,1,1410,14.099999999997625,1.0,0.0,0.3281874586442069,0.0024313863085767542,-0.03239190156573702,0.4404861111346503,-0.053770186558355165,2.286073923110962,0.009416090324521065,0
mujoco,flat_forward,1,1,1411,14.10999999999762,1.0,0.0,0.3281994836451786,0.0024392210211037816,-0.032407735487044474,0.4401780210921855,-0.04676074510969402,2.2861757278442383,0.00542643154039979,0
mujoco,flat_forward,1,1,1412,14.119999999997614,1.0,0.0,0.32821211173071824,0.00242332745754485,-0.03242808807859407,0.44041446060780426,-0.05473699174625565,2.2858169078826904,0.004875163547694683,0
mujoco,flat_forward,1,1,1413,14.129999999997608,1.0,0.0,0.3282245313554037,0.0024247998762135167,-0.032444110835424686,0.4402089968549446,-0.049793415336731754,2.2871274948120117,0.005044632591307163,0
mujoco,flat_forward,1,1,1414,14.139999999997602,1.0,0.0,0.32823736455433966,0.0023980717019124196,-0.03244966572782008,0.44028224512328895,-0.05560414364174558,2.286734104156494,0.004349289927631617,0
mujoco,flat_forward,1,1,1415,14.149999999997597,1.0,0.0,0.3282531054512292,0.002394405038614128,-0.03247137673517004,0.44017567188263396,-0.04838465394283862,2.2886288166046143,0.005765783600509167,0
mujoco,flat_forward,1,1,1416,14.159999999997591,1.0,0.0,0.328268244563977,0.002372391716274743,-0.03246732597184716,0.4398765792618176,-0.053390151040202706,2.2848637104034424,0.008056377992033958,0
mujoco,flat_forward,1,1,1417,14.169999999997586,1.0,0.0,0.3282867880392743,0.002372673959226777,-0.03247889218019949,0.43984780267853574,-0.049917699954942815,2.290253162384033,0.011243216693401337,0
mujoco,flat_forward,1,1,1418,14.17999999999758,1.0,0.0,0.328305204590819,0.0023386718746433617,-0.032478409652271084,0.4396902086544295,-0.05774413526412143,2.2855093479156494,0.010712271556258202,0
mujoco,flat_forward,1,1,1419,14.189999999997575,1.0,0.0,0.32832512035544376,0.002325268045814353,-0.03251500050047041,0.4399493340167649,-0.05153563290343731,2.289644241333008,0.011686474084854126,0
mujoco,flat_forward,1,1,1420,14.19999999999757,1.0,0.0,0.3283405023975559,0.0022948689954165125,-0.03250365303102269,0.439395863125413,-0.056639985237523775,2.281398296356201,0.015780966728925705,0
mujoco,flat_forward,1,1,1421,14.209999999997564,1.0,0.0,0.32835666785673384,0.002286723686250341,-0.03253606911702068,0.4399234271328182,-0.05039727339544141,2.290008306503296,0.019205771386623383,0
mujoco,flat_forward,1,1,1422,14.219999999997558,1.0,0.0,0.3283668566325491,0.0022712557129509663,-0.032502969164945744,0.4389486471613507,-0.054372360820005836,2.277533769607544,0.02418202906847,0
mujoco,flat_forward,1,1,1423,14.229999999997553,1.0,0.0,0.32837773403895126,0.0022696115198386525,-0.03253122640410556,0.43968600043662437,-0.05235117838993705,2.291569232940674,0.02796955406665802,0
mujoco,flat_forward,1,1,1424,14.239999999997547,1.0,0.0,0.32838410609727053,0.0022357574163744567,-0.03249085001488342,0.4388274239191086,-0.05943008591012918,2.277482032775879,0.02889849804341793,0
mujoco,flat_forward,1,1,1425,14.249999999997542,1.0,0.0,0.32839068212757727,0.002210473228852115,-0.03253105033960458,0.43983061130022066,-0.05648701453014175,2.2906882762908936,0.0294059868901968,0
mujoco,flat_forward,1,1,1426,14.259999999997536,1.0,0.0,0.32838863158196635,0.002188678082504658,-0.03251806570998047,0.438617618472191,-0.05926481128574876,2.2737107276916504,0.03433912619948387,0
mujoco,flat_forward,1,1,1427,14.26999999999753,1.0,0.0,0.32838569370906867,0.002172550927758984,-0.032585186607503445,0.4396086167216311,-0.058649889084298,2.2881674766540527,0.03251219540834427,0
mujoco,flat_forward,1,1,1428,14.279999999997525,1.0,0.0,0.3283757133469728,0.002157561517347192,-0.03254662216663489,0.43826415868189667,-0.05989342458101103,2.271502733230591,0.03728272020816803,0
mujoco,flat_forward,1,1,1429,14.28999999999752,1.0,0.0,0.32836569274280625,0.0021379464009223473,-0.03262969678778698,0.4392413456622187,-0.058791627464372255,2.286543369293213,0.034982338547706604,0
mujoco,flat_forward,1,1,1430,14.299999999997514,1.0,0.0,0.32835173354671676,0.0021346250306800824,-0.03259041380644649,0.4378222615254318,-0.056571291484245154,2.2709743976593018,0.03554723039269447,0
mujoco,flat_forward,1,1,1431,14.309999999997508,1.0,0.0,0.3283379871330577,0.002122321955863251,-0.032660869443760364,0.4387073976924442,-0.05487319075750641,2.285429000854492,0.03227187693119049,0
mujoco,flat_forward,1,1,1432,14.319999999997503,1.0,0.0,0.32832271907241317,0.0021244594850058124,-0.032596157853237,0.43735740456831307,-0.05521330586287154,2.274141311645508,0.03029986098408699,0
mujoco,flat_forward,1,1,1433,14.329999999997497,1.0,0.0,0.32830959759874756,0.002103294264935908,-0.0326533935551765,0.43820080451200527,-0.05218899845514357,2.2875545024871826,0.028770579025149345,0
mujoco,flat_forward,1,1,1434,14.339999999997492,1.0,0.0,0.32829637183963445,0.002105724229848137,-0.032617689316191474,0.43706612616941243,-0.05098900382032829,2.2778100967407227,0.026654958724975586,0
mujoco,flat_forward,1,1,1435,14.349999999997486,1.0,0.0,0.32828446139326545,0.0020850892343207894,-0.03266739648274262,0.43774455104228793,-0.0478215784117159,2.2881665229797363,0.022338058799505234,0
mujoco,flat_forward,1,1,1436,14.35999999999748,1.0,0.0,0.3282734069893188,0.00208984648563318,-0.032635253127216365,0.436785037749754,-0.05061968338416785,2.282386064529419,0.019946156069636345,0
mujoco,flat_forward,1,1,1437,14.369999999997475,1.0,0.0,0.32826410000590994,0.0020564289161477635,-0.032701415678574416,0.4376142662973782,-0.05002182568429112,2.2903101444244385,0.017297061160206795,0
mujoco,flat_forward,1,1,1438,14.37999999999747,1.0,0.0,0.32825350463623326,0.002044007355969001,-0.03269610661180022,0.43683442711004555,-0.05373058673959771,2.2833664417266846,0.018752088770270348,0
mujoco,flat_forward,1,1,1439,14.389999999997464,1.0,0.0,0.3282428642138376,0.001998298500300892,-0.032747561913546094,0.4374592084662292,-0.04978413872460623,2.290024518966675,0.015665477141737938,0
mujoco,flat_forward,1,1,1440,14.399999999997458,1.0,0.0,0.3282312361806278,0.0019876425447532993,-0.03277377179008917,0.43682359336506027,-0.0510018720021406,2.285132884979248,0.014211614616215229,0
mujoco,flat_forward,1,1,1441,14.409999999997453,1.0,0.0,0.3282187563782129,0.0019534410258102413,-0.032813535582291393,0.43710120362985727,-0.04628368416837607,2.2879958152770996,0.00954406801611185,0
mujoco,flat_forward,1,1,1442,14.419999999997447,1.0,0.0,0.3282059521430577,0.001950335949872686,-0.03283222327887296,0.43657597098442397,-0.0513154731185792,2.2869880199432373,0.00852143857628107,0
mujoco,flat_forward,1,1,1443,14.429999999997442,1.0,0.0,0.3281936721230758,0.0019116692547135284,-0.03285247124639083,0.4366741822055762,-0.045328428205991644,2.288435697555542,0.009378002025187016,0
mujoco,flat_forward,1,1,1444,14.439999999997436,1.0,0.0,0.3281825693561936,0.001903421619587122,-0.03286871281680317,0.43625912856080246,-0.053064088897277,2.2882843017578125,0.008833559229969978,0
mujoco,flat_forward,1,1,1445,14.44999999999743,1.0,0.0,0.32817104074650494,0.0018518651823074101,-0.03289728095014069,0.4365120824261165,-0.049158659179608453,2.288212776184082,0.011920193210244179,0
mujoco,flat_forward,1,1,1446,14.459999999997425,1.0,0.0,0.32815771587375825,0.001829453582845755,-0.03292289752447441,0.43620161284178827,-0.05730026401206995,2.28667950630188,0.009126423858106136,0
mujoco,flat_forward,1,1,1447,14.46999999999742,1.0,0.0,0.3281422968961461,0.0017733437403967048,-0.03293354898481292,0.43626176945614925,-0.04976104434232589,2.2859385013580322,0.012486015446484089,0
mujoco,flat_forward,1,1,1448,14.479999999997414,1.0,0.0,0.32812465743011354,0.0017522369707357363,-0.0329784784062722,0.4360624201300953,-0.055551630708707854,2.2847957611083984,0.01207033358514309,0
mujoco,flat_forward,1,1,1449,14.489999999997409,1.0,0.0,0.32810362739363474,0.0017105030298356087,-0.03297402740439017,0.43579498408179757,-0.047796334092639836,2.282278537750244,0.01454677153378725,0
mujoco,flat_forward,1,1,1450,14.499999999997403,1.0,0.0,0.3280802988409375,0.001695314901512527,-0.033012015597415546,0.43567793681791006,-0.05729221392351788,2.2841293811798096,0.013383847661316395,0
mujoco,flat_forward,1,1,1451,14.509999999997397,1.0,0.0,0.32805543547454713,0.0016580355328391482,-0.032961110344817614,0.43526598531695826,-0.04844007093386441,2.281101942062378,0.018393248319625854,0
mujoco,flat_forward,1,1,1452,14.519999999997392,1.0,0.0,0.3280290434170373,0.0016404368234491458,-0.03299401138471546,0.43517415068789916,-0.05813403185970063,2.2840259075164795,0.016182847321033478,0
mujoco,flat_forward,1,1,1453,14.529999999997386,1.0,0.0,0.3280065824595771,0.0016190213944433042,-0.032878737235612736,0.4345462649129467,-0.04912835312715871,2.2816243171691895,0.015504322946071625,0
mujoco,flat_forward,1,1,1454,14.53999999999738,1.0,0.0,0.32798385902859534,0.001612832329732186,-0.032929945955468026,0.4345972492667759,-0.05298639454080941,2.284754753112793,0.014830068685114384,0
mujoco,flat_forward,1,1,1455,14.549999999997375,1.0,0.0,0.32796586793030597,0.0016098377299379237,-0.03279544547736088,0.43375296706112787,-0.04661046506569747,2.2809882164001465,0.013733938336372375,0
mujoco,flat_forward,1,1,1456,14.55999999999737,1.0,0.0,0.32794760108108373,0.001612045497501818,-0.032844724122581805,0.4339897710774826,-0.054211779331069104,2.2858211994171143,0.014001401141285896,0
mujoco,flat_forward,1,1,1457,14.569999999997364,1.0,0.0,0.327933508849145,0.0016050135969970301,-0.03270280254071154,0.4333161217301857,-0.05005473620772645,2.28185772895813,0.015375046990811825,0
mujoco,flat_forward,1,1,1458,14.579999999997359,1.0,0.0,0.3279177962191662,0.001601716814732775,-0.03276862722143384,0.43359581462217656,-0.050647941550948455,2.2867350578308105,0.014715873636305332,0
mujoco,flat_forward,1,1,1459,14.589999999997353,1.0,0.0,0.3279068965997847,0.0016023482206235866,-0.03261554838032678,0.4326887811524888,-0.04919658605086556,2.2817583084106445,0.012678245082497597,0
mujoco,flat_forward,1,1,1460,14.599999999997348,1.0,0.0,0.3278958580341829,0.0016057247663130508,-0.03265149073514166,0.4328208421305674,-0.04913229899562196,2.2880918979644775,0.014428001828491688,0
mujoco,flat_forward,1,1,1461,14.609999999997342,1.0,0.0,0.3278934786739423,0.0016103857331634848,-0.032475529189062935,0.4319897710007509,-0.05086356817803313,2.284977436065674,0.008505952544510365,0
mujoco,flat_forward,1,1,1462,14.619999999997336,1.0,0.0,0.3278925362736386,0.0016141505167049145,-0.0325322381168461,0.4323862308905205,-0.049222888912383404,2.28910231590271,0.011152011342346668,0
mujoco,flat_forward,1,1,1463,14.629999999997331,1.0,0.0,0.32789645412755464,0.0016187128308211346,-0.03238205343452793,0.4315075914016068,-0.05367747100515993,2.2820701599121094,0.01210925541818142,0
mujoco,flat_forward,1,1,1464,14.639999999997325,1.0,0.0,0.3278991374464401,0.0016225737198296102,-0.03242587432644409,0.43188453582197195,-0.04635279386066427,2.2882604598999023,0.014309410937130451,0
mujoco,flat_forward,1,1,1465,14.64999999999732,1.0,0.0,0.3279064465280772,0.0016328759098608175,-0.03226359022032198,0.43088871240095744,-0.05444245722685222,2.2816624641418457,0.012374895624816418,0
mujoco,flat_forward,1,1,1466,14.659999999997314,1.0,0.0,0.3279130904777021,0.0016375957118302618,-0.03229791036675145,0.4313878895740049,-0.0504128566250768,2.289520740509033,0.015753308311104774,0
mujoco,flat_forward,1,1,1467,14.669999999997309,1.0,0.0,0.3279248129740554,0.0016427486716891976,-0.032136230355637126,0.43050621152006013,-0.06001742603739622,2.28269624710083,0.011417676694691181,0
mujoco,flat_forward,1,1,1468,14.679999999997303,1.0,0.0,0.327937458633528,0.001640548868233663,-0.03213956380884502,0.4309622840177276,-0.04932219408461892,2.2898244857788086,0.016042042523622513,0
mujoco,flat_forward,1,1,1469,14.689999999997298,1.0,0.0,0.3279549287823309,0.0016532808470816854,-0.0319942206871127,0.42994237785343997,-0.0610421132788667,2.2816786766052246,0.014972270466387272,0
mujoco,flat_forward,1,1,1470,14.699999999997292,1.0,0.0,0.3279730473391333,0.0016553495019944616,-0.03200747832673761,0.43050490726046803,-0.05128594526703921,2.288806200027466,0.016335682943463326,0
mujoco,flat_forward,1,1,1471,14.709999999997287,1.0,0.0,0.3279905205354811,0.0016868398028886565,-0.03194489173946559,0.4294701338352149,-0.06288201501250862,2.279202938079834,0.01779487170279026,0
mujoco,flat_forward,1,1,1472,14.719999999997281,1.0,0.0,0.3280066418190824,0.0017012419205580005,-0.03195819862928657,0.42974473301648625,-0.05065617709486757,2.2863476276397705,0.01652502827346325,0
mujoco,flat_forward,1,1,1473,14.729999999997275,1.0,0.0,0.328022568218248,0.001745363138324439,-0.031957665217841484,0.42897643974462946,-0.060518065884560455,2.281447410583496,0.014263196848332882,0
mujoco,flat_forward,1,1,1474,14.73999999999727,1.0,0.0,0.328037359471261,0.001763041716574136,-0.032001308102753194,0.4292721634100337,-0.051657329519645544,2.284898281097412,0.012180093675851822,0
mujoco,flat_forward,1,1,1475,14.749999999997264,1.0,0.0,0.32804933965434824,0.0017990347741813509,-0.03203034500412999,0.42884012512220654,-0.06014134637006155,2.2819807529449463,0.010860219597816467,0
mujoco,flat_forward,1,1,1476,14.759999999997259,1.0,0.0,0.3280591230944992,0.0018134933347813886,-0.03205609161167457,0.42897804643381127,-0.04975972367626434,2.284153699874878,0.010638845153152943,0
mujoco,flat_forward,1,1,1477,14.769999999997253,1.0,0.0,0.32806827960665236,0.0018444239140488032,-0.03208520231993975,0.42865928326923824,-0.06161806890583537,2.283825397491455,0.012469389475882053,0
mujoco,flat_forward,1,1,1478,14.779999999997248,1.0,0.0,0.3280786468765078,0.001855115131915547,-0.03209504717219822,0.42867209760082103,-0.049982993555564875,2.28438663482666,0.013158519752323627,0
mujoco,flat_forward,1,1,1479,14.789999999997242,1.0,0.0,0.3280889011416514,0.0018843225174614545,-0.03216758410926594,0.42856394306216133,-0.06007180487816464,2.2843313217163086,0.014370936900377274,0
mujoco,flat_forward,1,1,1480,14.799999999997237,1.0,0.0,0.3280975023117773,0.0018879799786348387,-0.032199399287446036,0.4286568679879719,-0.051910087650186384,2.2822632789611816,0.01564008556306362,0
mujoco,flat_forward,1,1,1481,14.809999999997231,1.0,0.0,0.32810272248617767,0.0019049243462999168,-0.03229665281894944,0.4286949756020723,-0.06410206364328497,2.283184051513672,0.013854206539690495,0
mujoco,flat_forward,1,1,1482,14.819999999997226,1.0,0.0,0.3281065315610746,0.001896378361534801,-0.03232731550755204,0.42858692953957994,-0.05361436177653948,2.2809391021728516,0.017592303454875946,0
mujoco,flat_forward,1,1,1483,14.82999999999722,1.0,0.0,0.3281073490028534,0.001906594656241826,-0.03246113828771766,0.4286463151897882,-0.06113995501015358,2.282255172729492,0.016294589266180992,0
mujoco,flat_forward,1,1,1484,14.839999999997215,1.0,0.0,0.328109890130225,0.001915290314038501,-0.03244171348324169,0.4281795405160987,-0.05135787271370361,2.279839515686035,0.014713780954480171,0
mujoco,flat_forward,1,1,1485,14.849999999997209,1.0,0.0,0.32811071792052415,0.00193297536464914,-0.032557805119533836,0.4282581738324388,-0.0585770310935532,2.2841506004333496,0.015317832119762897,0
mujoco,flat_forward,1,1,1486,14.859999999997203,1.0,0.0,0.32811741020909135,0.001947648392130166,-0.03250498826937357,0.4277426287645722,-0.05091377664990848,2.2832727432250977,0.01263150479644537,0
mujoco,flat_forward,1,1,1487,14.869999999997198,1.0,0.0,0.32812333041464786,0.0019670533038968186,-0.03263994297551285,0.4279350032877027,-0.05294473388445967,2.286482095718384,0.012117907404899597,0
mujoco,flat_forward,1,1,1488,14.879999999997192,1.0,0.0,0.32813478799198803,0.001986635458582189,-0.032590779601027846,0.42732663232131235,-0.04900908789142363,2.2841615676879883,0.010679385624825954,0
mujoco,flat_forward,1,1,1489,14.889999999997187,1.0,0.0,0.32814448239165694,0.0020040102515100373,-0.032723688051031465,0.42766366838414227,-0.054725321472013665,2.288098096847534,0.009577855467796326,0
mujoco,flat_forward,1,1,1490,14.899999999997181,1.0,0.0,0.3281577529999991,0.002015296553887341,-0.0326737841588757,0.42722595511596245,-0.05267752199836179,2.285252571105957,0.011484156362712383,0
mujoco,flat_forward,1,1,1491,14.909999999997176,1.0,0.0,0.32816714025065313,0.002024763803131786,-0.032811793380567396,0.4275657284436561,-0.05124940845563613,2.2884480953216553,0.00908934697508812,0
mujoco,flat_forward,1,1,1492,14.91999999999717,1.0,0.0,0.3281794968111834,0.002034887505930257,-0.03275447321078717,0.42697811964175303,-0.052144657404873895,2.284970998764038,0.00848986767232418,0
mujoco,flat_forward,1,1,1493,14.929999999997165,1.0,0.0,0.32818862127642573,0.002043510723132297,-0.03285518572473496,0.42711163608290886,-0.05002373979397724,2.288947105407715,0.008414246141910553,0
mujoco,flat_forward,1,1,1494,14.939999999997159,1.0,0.0,0.3282038418708127,0.002050509886538452,-0.032772170857068086,0.42661325162631203,-0.05437121191382371,2.287612199783325,0.004868751857429743,0
mujoco,flat_forward,1,1,1495,14.949999999997154,1.0,0.0,0.3282164683221759,0.0020520903876878644,-0.032889056061128734,0.4270214499816157,-0.050418138732590066,2.289530038833618,0.005545232445001602,0
mujoco,flat_forward,1,1,1496,14.959999999997148,1.0,0.0,0.32823044874837354,0.00205350014425303,-0.032827221506149674,0.4264728318112384,-0.05702699166204233,2.28444766998291,0.008448701351881027,0
mujoco,flat_forward,1,1,1497,14.969999999997142,1.0,0.0,0.3282394271203637,0.002049121903674764,-0.03291010108816144,0.4266837863081163,-0.051086630137476524,2.28839111328125,0.008546817116439342,0
mujoco,flat_forward,1,1,1498,14.979999999997137,1.0,0.0,0.3282524109411214,0.0020452137695763867,-0.032819097672205505,0.42619010315690203,-0.06000045214947374,2.285842180252075,0.006036702543497086,0
mujoco,flat_forward,1,1,1499,14.989999999997131,1.0,0.0,0.32826263498318886,0.0020366585800821926,-0.03286618778968159,0.4263802815145572,-0.04805153362054041,2.288346529006958,0.008036344312131405,0
mujoco,flat_forward,1,1,1500,14.999999999997126,1.0,0.0,0.32827563368560064,0.0020341447457945714,-0.03278333533834797,0.42582137688767346,-0.06017555872203105,2.2852237224578857,0.010151487775146961,0
mujoco,flat_forward,1,1,1501,15.00999999999712,1.0,0.0,0.32828446278735024,0.002021056724396194,-0.032841897378895826,0.4262684478031758,-0.048502379218731864,2.287928342819214,0.010439660400152206,0
mujoco,flat_forward,1,1,1502,15.019999999997115,1.0,0.0,0.3282911067692613,0.0020163746753065243,-0.03279130432432944,0.4256882664703808,-0.06311571308579955,2.281695604324341,0.012569915503263474,0
mujoco,flat_forward,1,1,1503,15.02999999999711,1.0,0.0,0.32829263845628254,0.001999957471306963,-0.03281195495974959,0.42593092646514435,-0.04993045947925298,2.28620982170105,0.013499554246664047,0
mujoco,flat_forward,1,1,1504,15.039999999997104,1.0,0.0,0.3282949614420962,0.001989218963188522,-0.03274752853756129,0.4254484117964572,-0.06710626994859727,2.282654047012329,0.011757412925362587,0
mujoco,flat_forward,1,1,1505,15.049999999997098,1.0,0.0,0.32829554345100315,0.0019650688168185346,-0.03273342019740537,0.4256115179933434,-0.04967374337754272,2.2855236530303955,0.014863086864352226,0
mujoco,flat_forward,1,1,1506,15.059999999997093,1.0,0.0,0.3282940243604993,0.0019583851978961357,-0.032732114332372886,0.4251039468270132,-0.06721850286291058,2.281157970428467,0.0170823335647583,0
mujoco,flat_forward,1,1,1507,15.069999999997087,1.0,0.0,0.32828989958269955,0.0019394268595228667,-0.032735325805994836,0.42504052034781825,-0.04914609180327459,2.282398223876953,0.01762537844479084,0
mujoco,flat_forward,1,1,1508,15.079999999997082,1.0,0.0,0.32828188873108993,0.0019388460859372603,-0.032769668529376905,0.4246287075310414,-0.06363833213069335,2.279928684234619,0.016446076333522797,0
mujoco,flat_forward,1,1,1509,15.089999999997076,1.0,0.0,0.3282745620488796,0.0019378720481503166,-0.03276410001641317,0.4244164611493809,-0.0473143553900532,2.282618761062622,0.015133093111217022,0
mujoco,flat_forward,1,1,1510,15.09999999999707,1.0,0.0,0.3282651103526332,0.0019444311609838555,-0.0327888407741502,0.42404509825728764,-0.06111540349777679,2.2814948558807373,0.013515053316950798,0
mujoco,flat_forward,1,1,1511,15.109999999997065,1.0,0.0,0.32826003596299164,0.0019494580977781472,-0.032757922112533845,0.4238865553843577,-0.046253925095474664,2.28631329536438,0.014741785824298859,0
mujoco,flat_forward,1,1,1512,15.11999999999706,1.0,0.0,0.3282525672446361,0.0019581993631308642,-0.03282150640292966,0.4238745368527519,-0.05832995872394059,2.2846436500549316,0.012533219531178474,0
mujoco,flat_forward,1,1,1513,15.129999999997054,1.0,0.0,0.3282462789669795,0.0019574126535721495,-0.03281517905861637,0.4238354798542197,-0.04618758184215878,2.2868635654449463,0.013132701627910137,0
mujoco,flat_forward,1,1,1514,15.139999999997048,1.0,0.0,0.32823537587550433,0.0019579241824075637,-0.03288287034895234,0.4237537710946002,-0.05611907334095043,2.285860061645508,0.010969163849949837,0
mujoco,flat_forward,1,1,1515,15.149999999997043,1.0,0.0,0.32822870572367463,0.00195616215403147,-0.03285077832159869,0.4236621008134791,-0.045948072375522654,2.2897098064422607,0.010559379123151302,0
mujoco,flat_forward,1,1,1516,15.159999999997037,1.0,0.0,0.32821969665819734,0.0019542669539852338,-0.032909634900854516,0.4234821780828171,-0.05402628074269199,2.2882163524627686,0.009344112128019333,0
mujoco,flat_forward,1,1,1517,15.169999999997032,1.0,0.0,0.32821786247447954,0.0019537942744772036,-0.032872008442158096,0.4233886453597724,-0.04577325175963169,2.292806625366211,0.009724056348204613,0
mujoco,flat_forward,1,1,1518,15.179999999997026,1.0,0.0,0.32821435901257123,0.0019526027831548566,-0.03293530106452655,0.4230674061484435,-0.05207064588812092,2.2896060943603516,0.009888316504657269,0
mujoco,flat_forward,1,1,1519,15.18999999999702,1.0,0.0,0.32821894506998006,0.00195464813505536,-0.0329085987389935,0.42301321408498105,-0.04624955456243853,2.2942118644714355,0.009814922697842121,0
mujoco,flat_forward,1,1,1520,15.199999999997015,1.0,0.0,0.3282190215673426,0.0019548564055317835,-0.03303558209461444,0.4229130421604867,-0.05081412386971521,2.2893526554107666,0.01176108606159687,0
mujoco,flat_forward,1,1,1521,15.20999999999701,1.0,0.0,0.32822144619623195,0.0019557447063666944,-0.0330417845041231,0.4228654479182057,-0.04738713229982391,2.291114091873169,0.0073576392605900764,0
mujoco,flat_forward,1,1,1522,15.219999999997004,1.0,0.0,0.32821591015885865,0.0019529714354327616,-0.0331487784281488,0.4226150005352787,-0.0498916121684833,2.2885019779205322,0.008744892664253712,0
mujoco,flat_forward,1,1,1523,15.229999999996998,1.0,0.0,0.32821436789925545,0.0019501256885608267,-0.03313333203745488,0.42264163582262027,-0.04855157659070878,2.2928552627563477,0.009997803717851639,0
mujoco,flat_forward,1,1,1524,15.239999999996993,1.0,0.0,0.32820683234276954,0.0019437869413912955,-0.03320119790235902,0.4222004909240599,-0.04896087526549332,2.289128541946411,0.011633814312517643,0
mujoco,flat_forward,1,1,1525,15.249999999996987,1.0,0.0,0.3282050902079345,0.0019357911431639855,-0.03317160213054713,0.42236491294868284,-0.050008543563315404,2.2946033477783203,0.012987361289560795,0
mujoco,flat_forward,1,1,1526,15.259999999996982,1.0,0.0,0.328197090018028,0.0019188835945906366,-0.033247289302108546,0.4220033439079181,-0.05218478018277191,2.2882320880889893,0.01583380065858364,0
mujoco,flat_forward,1,1,1527,15.269999999996976,1.0,0.0,0.3281926298069368,0.0018966618994942957,-0.03323070870682342,0.42227974047256817,-0.05433257055315927,2.292154550552368,0.01303994283080101,0
mujoco,flat_forward,1,1,1528,15.27999999999697,1.0,0.0,0.32817980989017326,0.0018761021061904247,-0.03330062609393812,0.4217452659750003,-0.04928036948688079,2.284809112548828,0.017315182834863663,0
mujoco,flat_forward,1,1,1529,15.289999999996965,1.0,0.0,0.32816882254411145,0.0018572499697740422,-0.03328498106474632,0.42194416284794933,-0.05439296764935576,2.289313316345215,0.01483799796551466,0
mujoco,flat_forward,1,1,1530,15.29999999999696,1.0,0.0,0.3281500660459671,0.0018425413584746972,-0.03330335896384796,0.42121600942107246,-0.048731763160120255,2.283174514770508,0.019004711881279945,0
mujoco,flat_forward,1,1,1531,15.309999999996954,1.0,0.0,0.3281346571211705,0.0018213240211349569,-0.0332797408318764,0.4215849122398675,-0.05670845498408408,2.2901501655578613,0.0188706424087286,0
mujoco,flat_forward,1,1,1532,15.319999999996949,1.0,0.0,0.32811383743131367,0.0018056097080795365,-0.033271624357897,0.4206838402771777,-0.04965621913619941,2.281960964202881,0.023394694551825523,0
mujoco,flat_forward,1,1,1533,15.329999999996943,1.0,0.0,0.3280970312982337,0.0017780629534483955,-0.033248457741311084,0.4210195766585114,-0.057551182027726654,2.289076805114746,0.021755976602435112,0
mujoco,flat_forward,1,1,1534,15.339999999996937,1.0,0.0,0.3280790207107058,0.0017699951448887298,-0.033227200021495346,0.4200146766252072,-0.046478667747338824,2.281208038330078,0.020898746326565742,0
mujoco,flat_forward,1,1,1535,15.349999999996932,1.0,0.0,0.32806393558420416,0.001751267726423973,-0.03319877857801557,0.4203578710695702,-0.057486247560190225,2.2864580154418945,0.018215147778391838,0
mujoco,flat_forward,1,1,1536,15.359999999996926,1.0,0.0,0.32804511640015815,0.0017438483278360653,-0.0331660983320092,0.4195155603019331,-0.04871866615393183,2.2807836532592773,0.020436089485883713,0
mujoco,flat_forward,1,1,1537,15.36999999999692,1.0,0.0,0.3280285032570377,0.001717743971538511,-0.03311317873773653,0.4198131360463666,-0.05738933763799946,2.286867380142212,0.01905074343085289,0
mujoco,flat_forward,1,1,1538,15.379999999996915,1.0,0.0,0.3280125207427938,0.0017120033915807137,-0.033054059855993544,0.41903331419491124,-0.04552671117676137,2.2839910984039307,0.013925929553806782,0
mujoco,flat_forward,1,1,1539,15.38999999999691,1.0,0.0,0.3279996232638428,0.0016939973617634517,-0.03299280687490298,0.4190130977734868,-0.05362318081962314,2.286454677581787,0.013478239066898823,0
mujoco,flat_forward,1,1,1540,15.399999999996904,1.0,0.0,0.32799082539022967,0.0016982173161948038,-0.03290956263673829,0.4182433364626256,-0.04547785552548238,2.2874114513397217,0.008244423195719719,0
mujoco,flat_forward,1,1,1541,15.409999999996899,1.0,0.0,0.3279873902163555,0.0016805535824747134,-0.03284670406755626,0.41836989065692115,-0.056747078566567195,2.2884554862976074,0.008332926779985428,0
mujoco,flat_forward,1,1,1542,15.419999999996893,1.0,0.0,0.3279869761607574,0.0016800076052224798,-0.032793037746394464,0.41789982145633425,-0.04609981020774286,2.2876827716827393,0.008029601536691189,0
mujoco,flat_forward,1,1,1543,15.429999999996888,1.0,0.0,0.32798805214622173,0.0016650122316939086,-0.032746443061143486,0.4176719043452043,-0.05571371295750822,2.285858392715454,0.008458966389298439,0
mujoco,flat_forward,1,1,1544,15.439999999996882,1.0,0.0,0.3279935096378784,0.0016719539250509578,-0.032683945311943935,0.41730522176099855,-0.044229588148590765,2.2886416912078857,0.006964477244764566,0
mujoco,flat_forward,1,1,1545,15.449999999996876,1.0,0.0,0.32799890512309976,0.0016669455990925136,-0.0326398601001927,0.4170370762121378,-0.05752531369702614,2.2848093509674072,0.008438470773398876,0
mujoco,flat_forward,1,1,1546,15.459999999996871,1.0,0.0,0.3280069718145436,0.0016758063648898338,-0.03259156554715784,0.41696420721772454,-0.044924962321552624,2.289358615875244,0.011124740354716778,0
mujoco,flat_forward,1,1,1547,15.469999999996865,1.0,0.0,0.32801243834910704,0.0016774115507059882,-0.032536713483422346,0.416340660924011,-0.05604175860954846,2.2826199531555176,0.012882099486887455,0
mujoco,flat_forward,1,1,1548,15.47999999999686,1.0,0.0,0.3280230983039423,0.0016925140518971326,-0.03246329417761514,0.4163574792850809,-0.047156641888283134,2.292020320892334,0.018146825954318047,0
mujoco,flat_forward,1,1,1549,15.489999999996854,1.0,0.0,0.32803436158028143,0.001691916863755393,-0.032406896108847484,0.4158650972949434,-0.060928851125316943,2.2843029499053955,0.014027312397956848,0
mujoco,flat_forward,1,1,1550,15.499999999996849,1.0,0.0,0.3280518070477394,0.001699686925199105,-0.032342026004103866,0.4160704731119788,-0.05070246024425436,2.2920923233032227,0.01860341615974903,0
mujoco,flat_forward,1,1,1551,15.509999999996843,1.0,0.0,0.328065565454442,0.00170728173682958,-0.03231131102770473,0.4151991510574592,-0.05935419992193233,2.2817184925079346,0.01929454505443573,0
mujoco,flat_forward,1,1,1552,15.519999999996838,1.0,0.0,0.32808518288152255,0.0017254648117722615,-0.03226811975508468,0.4154350165332199,-0.05175133952928839,2.291834831237793,0.02204999513924122,0
mujoco,flat_forward,1,1,1553,15.529999999996832,1.0,0.0,0.3281001453464126,0.0017415504213141358,-0.03229636073014245,0.41475526456212497,-0.05892076022562795,2.2814202308654785,0.021118801087141037,0
mujoco,flat_forward,1,1,1554,15.539999999996827,1.0,0.0,0.3281183851150781,0.0017621677159678625,-0.03228915317242811,0.4150823687778615,-0.05379857694109602,2.2899575233459473,0.01988952048122883,0
mujoco,flat_forward,1,1,1555,15.549999999996821,1.0,0.0,0.3281299975465613,0.0017820285685563216,-0.03234873254281838,0.41435993701227336,-0.05492205358946783,2.2810556888580322,0.01948344148695469,0
mujoco,flat_forward,1,1,1556,15.559999999996815,1.0,0.0,0.3281458891571791,0.0018038243060277883,-0.032349653598535685,0.41474386005899816,-0.05380591737417277,2.2903037071228027,0.021015159785747528,0
mujoco,flat_forward,1,1,1557,15.56999999999681,1.0,0.0,0.3281570968843902,0.0018244089706694823,-0.03238816299099071,0.413898069544085,-0.05449218483407809,2.282104969024658,0.020672131329774857,0
mujoco,flat_forward,1,1,1558,15.579999999996804,1.0,0.0,0.3281746956754343,0.0018427169818045046,-0.032399174762436866,0.41444751950631575,-0.05610528237111264,2.2925755977630615,0.02381913922727108,0
mujoco,flat_forward,1,1,1559,15.589999999996799,1.0,0.0,0.32818657002074725,0.0018604222109050454,-0.03249123618219649,0.4138362925854502,-0.054942332120847544,2.2815866470336914,0.02510157786309719,0
mujoco,flat_forward,1,1,1560,15.599999999996793,1.0,0.0,0.3282004771405863,0.0018732759873034226,-0.03253586829615053,0.4143883337085563,-0.05875673045583709,2.289090156555176,0.021171193569898605,0
mujoco,flat_forward,1,1,1561,15.609999999996788,1.0,0.0,0.3282070876523513,0.0018864353217348383,-0.032600284015303176,0.41362024781659174,-0.05590977598655968,2.279831647872925,0.02355695143342018,0
mujoco,flat_forward,1,1,1562,15.619999999996782,1.0,0.0,0.32821664512736365,0.001892217216916575,-0.03263884639536436,0.4142422478022669,-0.06175941333381387,2.289006471633911,0.02379692532122135,0
mujoco,flat_forward,1,1,1563,15.629999999996777,1.0,0.0,0.3282198185014365,0.0019057498312602538,-0.03270850191751632,0.41343178718151213,-0.052857705988291155,2.278604030609131,0.02707473188638687,0
mujoco,flat_forward,1,1,1564,15.639999999996771,1.0,0.0,0.32822425303424685,0.0019105310996242219,-0.03275341535896881,0.4138597277420178,-0.05984576730149334,2.2864785194396973,0.023946933448314667,0
mujoco,flat_forward,1,1,1565,15.649999999996766,1.0,0.0,0.3282253839481708,0.0019331883384105183,-0.03280952514428986,0.41302975080011145,-0.04858970184228664,2.2796475887298584,0.02111992985010147,0
mujoco,flat_forward,1,1,1566,15.65999999999676,1.0,0.0,0.32822784345394634,0.0019432300679843241,-0.03284154161296795,0.4134890745179587,-0.05945504666391774,2.2857773303985596,0.019081803038716316,0
mujoco,flat_forward,1,1,1567,15.669999999996755,1.0,0.0,0.32822543439071694,0.0019604705871764747,-0.03288056982030902,0.4128884933068044,-0.0508894472893113,2.281148910522461,0.02056463435292244,0
mujoco,flat_forward,1,1,1568,15.679999999996749,1.0,0.0,0.32822419487489835,0.0019565168654486396,-0.032887350482452705,0.4133225706117361,-0.05928399754599029,2.2874538898468018,0.01860296167433262,0
mujoco,flat_forward,1,1,1569,15.689999999996743,1.0,0.0,0.32822252019286824,0.0019690286241623826,-0.03289950475222819,0.4128116784324844,-0.047556788912316204,2.285122871398926,0.014039754867553711,0
mujoco,flat_forward,1,1,1570,15.699999999996738,1.0,0.0,0.3282224994421409,0.00196639846268141,-0.03289531450804683,0.41294463370663004,-0.055153118586578044,2.287336587905884,0.012745887041091919,0
mujoco,flat_forward,1,1,1571,15.709999999996732,1.0,0.0,0.32822442389387924,0.001982218718631546,-0.032881122106914344,0.41245121937160256,-0.047208789009506695,2.289010524749756,0.008008013479411602,0
mujoco,flat_forward,1,1,1572,15.719999999996727,1.0,0.0,0.328229998918682,0.0019736201668656226,-0.03287540849258247,0.4127295153659447,-0.05791887850073229,2.2896554470062256,0.007223768159747124,0
mujoco,flat_forward,1,1,1573,15.729999999996721,1.0,0.0,0.3282364597575898,0.0019795511583555235,-0.032881190814759355,0.41252240281709474,-0.047641067172304215,2.2896220684051514,0.007725757546722889,0
mujoco,flat_forward,1,1,1574,15.739999999996716,1.0,0.0,0.3282421120717892,0.0019662895105310736,-0.03288061961673603,0.4125093985896447,-0.05668015951206294,2.2879648208618164,0.00781220244243741,0
mujoco,flat_forward,1,1,1575,15.74999999999671,1.0,0.0,0.32825011170201795,0.001972070909108038,-0.032868643969242974,0.4122245829757002,-0.04913192535582869,2.2911345958709717,0.006337435450404882,0
mujoco,flat_forward,1,1,1576,15.759999999996705,1.0,0.0,0.32825973859593727,0.001955749809761123,-0.03284600396157862,0.4120728261344287,-0.05687952068281781,2.2892777919769287,0.004884234629571438,0
mujoco,flat_forward,1,1,1577,15.769999999996699,1.0,0.0,0.3282744757856048,0.0019597662187301828,-0.032834094899490046,0.41199139115037237,-0.04764467902475524,2.293471336364746,0.00846012495458126,0
mujoco,flat_forward,1,1,1578,15.779999999996694,1.0,0.0,0.32828783468184236,0.0019435189413308407,-0.03282618230233563,0.41179999472063045,-0.05867389155388237,2.2875654697418213,0.011254709213972092,0
mujoco,flat_forward,1,1,1579,15.789999999996688,1.0,0.0,0.3283024944598113,0.0019432713008172725,-0.032827179121308205,0.41185089690201004,-0.05209727198120132,2.292912721633911,0.012273991480469704,0
mujoco,flat_forward,1,1,1580,15.799999999996682,1.0,0.0,0.3283150571866659,0.001919732985845273,-0.03279930432867138,0.4114986346706847,-0.060493249662931646,2.286844253540039,0.01143382117152214,0
mujoco,flat_forward,1,1,1581,15.809999999996677,1.0,0.0,0.3283311617648519,0.0019147510530210666,-0.03279469284668835,0.41174877028494694,-0.05216758555006724,2.2938318252563477,0.01587274856865406,0
mujoco,flat_forward,1,1,1582,15.819999999996671,1.0,0.0,0.32834328374276717,0.0019004023322282985,-0.03275572969488814,0.41095105261500275,-0.05835733827530713,2.2828192710876465,0.020084800198674202,0
mujoco,flat_forward,1,1,1583,15.829999999996666,1.0,0.0,0.3283581337054379,0.0019023443935496669,-0.03275435820516304,0.41144431499752543,-0.05186648030308008,2.294590473175049,0.02423114702105522,0
mujoco,flat_forward,1,1,1584,15.83999999999666,1.0,0.0,0.32836617739781976,0.0019073267996929707,-0.032742863447657526,0.41029294406675687,-0.056072510006018976,2.280543565750122,0.02768087573349476,0
mujoco,flat_forward,1,1,1585,15.849999999996655,1.0,0.0,0.32837563971075884,0.0019195676611185831,-0.032777315451238444,0.4109458589203549,-0.05344478375495828,2.2948575019836426,0.028301648795604706,0
mujoco,flat_forward,1,1,1586,15.85999999999665,1.0,0.0,0.32837788235130105,0.001918740814544231,-0.03279904925455919,0.4100027150633355,-0.0598543714493582,2.280155897140503,0.03141137957572937,0
mujoco,flat_forward,1,1,1587,15.869999999996644,1.0,0.0,0.328379835425989,0.001919796781122802,-0.032867083014870416,0.41084100412587726,-0.05818619749334991,2.2928824424743652,0.028191817924380302,0
mujoco,flat_forward,1,1,1588,15.879999999996638,1.0,0.0,0.32837229521127237,0.0019188783997872618,-0.03290152709412422,0.40985393496718353,-0.05798791995170668,2.2777020931243896,0.03302910178899765,0
mujoco,flat_forward,1,1,1589,15.889999999996633,1.0,0.0,0.3283636879169784,0.0019160073778580187,-0.03298231792297187,0.4106982543406551,-0.058798108440070496,2.290064573287964,0.029561948031187057,0
mujoco,flat_forward,1,1,1590,15.899999999996627,1.0,0.0,0.3283467337316696,0.001914369536396213,-0.032988739635165625,0.4095818766237692,-0.058122802237773226,2.2756454944610596,0.034810297191143036,0
mujoco,flat_forward,1,1,1591,15.909999999996622,1.0,0.0,0.3283298562914181,0.001902783598786323,-0.033069104314010354,0.4104060494446832,-0.05881183565681877,2.2886195182800293,0.03218422457575798,0
mujoco,flat_forward,1,1,1592,15.919999999996616,1.0,0.0,0.32830839839899856,0.001906462267709975,-0.033058641920693396,0.40917386912732623,-0.05459145971399793,2.275055408477783,0.032958053052425385,0
mujoco,flat_forward,1,1,1593,15.92999999999661,1.0,0.0,0.32828741472167194,0.0019000167943590712,-0.03311650076900262,0.40991741969098716,-0.055003643969050726,2.287821054458618,0.02925495058298111,0
mujoco,flat_forward,1,1,1594,15.939999999996605,1.0,0.0,0.32826446531063086,0.0019080566468842614,-0.03307163325857497,0.40872965185335525,-0.05333200774490658,2.2782957553863525,0.027787797152996063,0
mujoco,flat_forward,1,1,1595,15.9499999999966,1.0,0.0,0.32824413846933614,0.0018983087344038691,-0.03310675501321073,0.4094763550449613,-0.05254316330808243,2.2903385162353516,0.025709306821227074,0
mujoco,flat_forward,1,1,1596,15.959999999996594,1.0,0.0,0.3282248207934287,0.001904958698105681,-0.033049343526525526,0.40839488794988454,-0.053049074426953516,2.2823574542999268,0.023871401324868202,0
mujoco,flat_forward,1,1,1597,15.969999999996588,1.0,0.0,0.3282090046945734,0.0018898536981380256,-0.033074123960990374,0.40905109752832197,-0.050521380208772816,2.292010545730591,0.021057693287730217,0
mujoco,flat_forward,1,1,1598,15.979999999996583,1.0,0.0,0.32819452697068163,0.0018998900054375738,-0.03305864725609494,0.40814230462065054,-0.049663120477648176,2.285440683364868,0.01934899017214775,0
mujoco,flat_forward,1,1,1599,15.989999999996577,1.0,0.0,0.32818139210578495,0.001889857462792776,-0.033080133727129,0.40855388822221705,-0.04675386605303718,2.290841579437256,0.013543958775699139,0
mujoco,flat_forward,1,1,1600,15.999999999996572,1.0,0.0,0.3281691418993591,0.0019023434033931972,-0.033074988947112076,0.4078167897878934,-0.049594229860836295,2.288422107696533,0.011736713349819183,0
mujoco,flat_forward,1,1,1601,16.009999999996584,1.0,0.0,0.32815800262116407,0.0018813100598592488,-0.03311252460296954,0.40836583885969086,-0.04952289542163699,2.2917251586914062,0.009954196400940418,0
mujoco,flat_forward,1,1,1602,16.019999999996596,1.0,0.0,0.32814558210668177,0.00187789031060789,-0.033127156143882716,0.4078012041887336,-0.053541664934519964,2.288496971130371,0.010109219700098038,0
mujoco,flat_forward,1,1,1603,16.02999999999661,1.0,0.0,0.3281327329453933,0.0018432927315787959,-0.03315203996712804,0.40814500541601484,-0.050011541092442796,2.290797710418701,0.009012805297970772,0
mujoco,flat_forward,1,1,1604,16.03999999999662,1.0,0.0,0.3281190114376161,0.001836796592695236,-0.033174708696300646,0.4076607719804782,-0.051489042113499216,2.288707733154297,0.008655677549540997,0
mujoco,flat_forward,1,1,1605,16.049999999996633,1.0,0.0,0.3281033650795153,0.0018083369542807022,-0.03318575085238363,0.4076866939658668,-0.04699734821437662,2.2883996963500977,0.00795350968837738,0
mujoco,flat_forward,1,1,1606,16.059999999996645,1.0,0.0,0.32808757987535114,0.001806270387587066,-0.033203263304831615,0.4072459473178537,-0.052146911478923856,2.2890217304229736,0.007926860824227333,0
mujoco,flat_forward,1,1,1607,16.069999999996657,1.0,0.0,0.32807175626357715,0.001777019857530134,-0.03319275708047186,0.4071136371894883,-0.046834745593103064,2.2881455421447754,0.011037839576601982,0
mujoco,flat_forward,1,1,1608,16.07999999999667,1.0,0.0,0.3280573191561127,0.0017704422502263994,-0.033202662059580924,0.4067990588007208,-0.05454771705419673,2.2894632816314697,0.010242720134556293,0
mujoco,flat_forward,1,1,1609,16.08999999999668,1.0,0.0,0.3280419223437096,0.0017296505461241074,-0.03319800987154951,0.4068393333603617,-0.0512112285375089,2.2871100902557373,0.014577296562492847,0
mujoco,flat_forward,1,1,1610,16.099999999996694,1.0,0.0,0.3280244259772043,0.001712577485901008,-0.03324125939710249,0.40672269485886053,-0.05554755205155653,2.286870241165161,0.01100132055580616,0
mujoco,flat_forward,1,1,1611,16.109999999996706,1.0,0.0,0.32800240303880135,0.0016773929956389317,-0.03320771028051673,0.40641752841126894,-0.05011179006278057,2.2824294567108154,0.015846343711018562,0
mujoco,flat_forward,1,1,1612,16.11999999999672,1.0,0.0,0.3279778597475255,0.0016627763518182552,-0.033238105237415966,0.40637702578409257,-0.05749327127283804,2.2858853340148926,0.01557769812643528,0
mujoco,flat_forward,1,1,1613,16.12999999999673,1.0,0.0,0.32795157968967414,0.0016313932862822191,-0.03314518115227451,0.4058769070103828,-0.05080662344549459,2.2808656692504883,0.019695335999131203,0
mujoco,flat_forward,1,1,1614,16.139999999996743,1.0,0.0,0.3279245453708849,0.0016151008528649444,-0.03316824293224138,0.4058554181300038,-0.058425932597021314,2.285911798477173,0.019310051575303078,0
mujoco,flat_forward,1,1,1615,16.149999999996755,1.0,0.0,0.3279021350906558,0.0015936673482824914,-0.03301245713427532,0.4050846304301434,-0.05177403903764902,2.2812886238098145,0.017080262303352356,0
mujoco,flat_forward,1,1,1616,16.159999999996767,1.0,0.0,0.32788107324461946,0.0015861756197023402,-0.033052364240053436,0.4051745675568737,-0.05363799532892615,2.2865800857543945,0.01827460154891014,0
mujoco,flat_forward,1,1,1617,16.16999999999678,1.0,0.0,0.327865516433254,0.0015840042445208857,-0.03288366095680304,0.4041269864875738,-0.04971414940721801,2.280160903930664,0.016835246235132217,0
mujoco,flat_forward,1,1,1618,16.17999999999679,1.0,0.0,0.32785110088959213,0.0015870758488084704,-0.03292318221372338,0.4044179889364349,-0.055313945053224255,2.287409782409668,0.018151482567191124,0
mujoco,flat_forward,1,1,1619,16.189999999996804,1.0,0.0,0.3278414697466684,0.0015826191131250787,-0.03274859258978095,0.40357398315863185,-0.05347471425623327,2.280841588973999,0.0183060672134161,0
mujoco,flat_forward,1,1,1620,16.199999999996816,1.0,0.0,0.3278318147565038,0.0015818159629950382,-0.03279466455047437,0.4039449171722428,-0.0522704938716263,2.2882580757141113,0.01946408301591873,0
mujoco,flat_forward,1,1,1621,16.20999999999683,1.0,0.0,0.3278270038123891,0.0015868126893887518,-0.032610982702399996,0.40286305915955706,-0.053427025947965674,2.280754566192627,0.016267824918031693,0
mujoco,flat_forward,1,1,1622,16.21999999999684,1.0,0.0,0.3278232414373376,0.0015963019899134525,-0.03263435835651086,0.40323664360499295,-0.04780330501387991,2.289377450942993,0.019705381244421005,0
mujoco,flat_forward,1,1,1623,16.229999999996853,1.0,0.0,0.32782537279104157,0.0016104221106815432,-0.03243799395170797,0.4020581057497028,-0.05336109619174336,2.2815754413604736,0.01574905402958393,0
mujoco,flat_forward,1,1,1624,16.239999999996865,1.0,0.0,0.3278289685203563,0.0016215318199134248,-0.03246207477323482,0.4026976580196987,-0.04817257311121238,2.2911176681518555,0.020250188186764717,0
mujoco,flat_forward,1,1,1625,16.249999999996877,1.0,0.0,0.32783496952827085,0.0016411764948347962,-0.03228318939834648,0.4014963128347388,-0.05635009517274842,2.2795584201812744,0.020527133718132973,0
mujoco,flat_forward,1,1,1626,16.25999999999689,1.0,0.0,0.32784124277494997,0.001651493746003005,-0.03227257334487822,0.40203860800040986,-0.049775279193896925,2.2919013500213623,0.024665534496307373,0
mujoco,flat_forward,1,1,1627,16.2699999999969,1.0,0.0,0.32785405326626615,0.0016724666499980108,-0.032078532076726916,0.40090715925408715,-0.06007524827869415,2.2830982208251953,0.016571195796132088,0
mujoco,flat_forward,1,1,1628,16.279999999996914,1.0,0.0,0.327870547958302,0.0016783117324318277,-0.03207296689651829,0.40161690867884026,-0.05279204365716837,2.2929916381835938,0.021297499537467957,0
mujoco,flat_forward,1,1,1629,16.289999999996926,1.0,0.0,0.32788873962231385,0.0017159476365527597,-0.03196986944118255,0.40043904139177966,-0.06205775315209516,2.281254768371582,0.020971473306417465,0
mujoco,flat_forward,1,1,1630,16.29999999999694,1.0,0.0,0.3279079055703396,0.0017332239343984944,-0.03198139616863259,0.40082166772371364,-0.05196098958798541,2.2901320457458496,0.020068595185875893,0
mujoco,flat_forward,1,1,1631,16.30999999999695,1.0,0.0,0.32792888344343896,0.0017872605335124637,-0.031951217759812585,0.39981187340216967,-0.05960672689814827,2.282698392868042,0.016534609720110893,0
mujoco,flat_forward,1,1,1632,16.319999999996963,1.0,0.0,0.3279505654616529,0.0018120338613444315,-0.031995977484029964,0.40019187846122733,-0.05270636561965646,2.288179874420166,0.013500391505658627,0
mujoco,flat_forward,1,1,1633,16.329999999996975,1.0,0.0,0.3279708613775337,0.0018608711028173421,-0.032025242152052165,0.39948880967033457,-0.05850122789197435,2.2834532260894775,0.012103560380637646,0
mujoco,flat_forward,1,1,1634,16.339999999996987,1.0,0.0,0.3279903323508499,0.001882941869123822,-0.03206522525271146,0.3996351234000171,-0.05000418382462633,2.286585807800293,0.010016471147537231,0
mujoco,flat_forward,1,1,1635,16.349999999997,1.0,0.0,0.32801038319408954,0.001923627772136891,-0.032084693261101416,0.39908614493090244,-0.05950052061821631,2.2862093448638916,0.010768581181764603,0
mujoco,flat_forward,1,1,1636,16.35999999999701,1.0,0.0,0.3280311410794654,0.0019337772871943035,-0.032131325343293424,0.3994199754649204,-0.05335598084296236,2.2881126403808594,0.010748681612312794,0
mujoco,flat_forward,1,1,1637,16.369999999997024,1.0,0.0,0.32805043804016165,0.001964200439847111,-0.032186045364055414,0.39909718154945345,-0.05968285566519058,2.2860498428344727,0.010897749103605747,0
mujoco,flat_forward,1,1,1638,16.379999999997036,1.0,0.0,0.3280681275300845,0.0019717154869029747,-0.03221800590434675,0.39919083910517494,-0.051712528576131365,2.28607177734375,0.009697257541120052,0
mujoco,flat_forward,1,1,1639,16.38999999999705,1.0,0.0,0.3280841073627641,0.002002979767294203,-0.03230608528192211,0.3990233020748785,-0.057255606709053,2.286717653274536,0.012392018921673298,0
mujoco,flat_forward,1,1,1640,16.39999999999706,1.0,0.0,0.328098633051133,0.002014842487524007,-0.03233896643552633,0.3988590301854306,-0.04988896468751966,2.284550189971924,0.013053511269390583,0
mujoco,flat_forward,1,1,1641,16.409999999997073,1.0,0.0,0.3281122619668625,0.002042421974513974,-0.032435127893721986,0.39879961446716883,-0.05923365678701824,2.2876720428466797,0.013776496052742004,0
mujoco,flat_forward,1,1,1642,16.419999999997085,1.0,0.0,0.32812460257809517,0.002038078829226111,-0.032473525510666,0.39882805043364394,-0.05437667337098706,2.2849159240722656,0.01696457341313362,0
mujoco,flat_forward,1,1,1643,16.429999999997097,1.0,0.0,0.3281336192065139,0.0020494580161526384,-0.03261656175660955,0.3990415018724252,-0.06066165672874596,2.286909580230713,0.014256935566663742,0
mujoco,flat_forward,1,1,1644,16.43999999999711,1.0,0.0,0.32813886085172056,0.0020446828423920384,-0.03263721814479646,0.39870442912925397,-0.05364828486464212,2.280708074569702,0.01969090849161148,0
mujoco,flat_forward,1,1,1645,16.44999999999712,1.0,0.0,0.32814053146910893,0.002051304412177433,-0.03276928722154568,0.39885611661369497,-0.06069740128152291,2.285972833633423,0.019118070602416992,0
mujoco,flat_forward,1,1,1646,16.459999999997134,1.0,0.0,0.3281445361572071,0.002052273785892951,-0.0327134664422437,0.39828613803907836,-0.053841789658574835,2.28141450881958,0.017235873267054558,0
mujoco,flat_forward,1,1,1647,16.469999999997146,1.0,0.0,0.3281473098097456,0.002061720350439207,-0.032850058415295744,0.3985772338699474,-0.0555331971284754,2.2875711917877197,0.018207600340247154,0
mujoco,flat_forward,1,1,1648,16.47999999999716,1.0,0.0,0.328153484588289,0.0020730889173352514,-0.03277819420077812,0.3977719900752763,-0.05152350269654552,2.281675338745117,0.016774741932749748,0
mujoco,flat_forward,1,1,1649,16.48999999999717,1.0,0.0,0.3281588083718639,0.00208693894103706,-0.03289221699079174,0.3980214677982826,-0.05323618942623048,2.289336919784546,0.017427213490009308,0
mujoco,flat_forward,1,1,1650,16.499999999997183,1.0,0.0,0.32817050660667363,0.0020993867399140935,-0.032798813097934226,0.3972991242052729,-0.052584752445963376,2.285417079925537,0.013823535293340683,0
mujoco,flat_forward,1,1,1651,16.509999999997195,1.0,0.0,0.32818183664932615,0.00211030931795568,-0.03293072361569996,0.39784367529843184,-0.05249830427459851,2.2911734580993652,0.013422478921711445,0
mujoco,flat_forward,1,1,1652,16.519999999997207,1.0,0.0,0.32819430227338914,0.002118276208706389,-0.032853640051926855,0.3971357729523488,-0.05443725747420492,2.2835018634796143,0.01692572981119156,0
mujoco,flat_forward,1,1,1653,16.52999999999722,1.0,0.0,0.3282029602964425,0.002120920423804067,-0.03296282782756642,0.39757369098568696,-0.05233930023161832,2.2912800312042236,0.016700297594070435,0
mujoco,flat_forward,1,1,1654,16.53999999999723,1.0,0.0,0.32821573978171653,0.0021219604424677374,-0.032855115048668414,0.3968779415159895,-0.05671740926599617,2.286022901535034,0.012261015363037586,0
mujoco,flat_forward,1,1,1655,16.549999999997244,1.0,0.0,0.32822731919018533,0.002118572305731011,-0.03293742133883471,0.3972841262963794,-0.04878005704704418,2.292182445526123,0.013731534592807293,0
mujoco,flat_forward,1,1,1656,16.559999999997256,1.0,0.0,0.32824276652570583,0.0021214844581780297,-0.03282536587350819,0.3964448474499433,-0.05648424087277288,2.2860844135284424,0.012863198295235634,0
mujoco,flat_forward,1,1,1657,16.56999999999727,1.0,0.0,0.32825596940581736,0.0021163136137520426,-0.03291689436651357,0.3970951709990999,-0.04877829872306386,2.292726993560791,0.014013003557920456,0
mujoco,flat_forward,1,1,1658,16.57999999999728,1.0,0.0,0.32826812770073444,0.0021182004270624455,-0.03282721165807878,0.3962244053515948,-0.05898443941726637,2.283010482788086,0.01716565527021885,0
mujoco,flat_forward,1,1,1659,16.589999999997293,1.0,0.0,0.3282759016532199,0.002108069948530724,-0.03287930524432394,0.39673509867326695,-0.04980437814964871,2.2923312187194824,0.017953628674149513,0
mujoco,flat_forward,1,1,1660,16.599999999997305,1.0,0.0,0.32828585553340245,0.0021047321967799424,-0.03276713286892435,0.3959491363518861,-0.06226347669695792,2.2858495712280273,0.01339026726782322,0
mujoco,flat_forward,1,1,1661,16.609999999997317,1.0,0.0,0.3282950883950613,0.0020877785134917354,-0.03277780805203945,0.39635940448533136,-0.04848483363856132,2.2930915355682373,0.015724163502454758,0
mujoco,flat_forward,1,1,1662,16.61999999999733,1.0,0.0,0.3283042516520237,0.0020914034922346206,-0.03273763283846936,0.39552145216186346,-0.06143378932468822,2.2864184379577637,0.01678391918540001,0
mujoco,flat_forward,1,1,1663,16.62999999999734,1.0,0.0,0.3283104055110369,0.0020730943226827574,-0.032793134267074954,0.39594946569381323,-0.050542490886445975,2.2908573150634766,0.01426224410533905,0
mujoco,flat_forward,1,1,1664,16.639999999997354,1.0,0.0,0.328314210234067,0.0020695900342106756,-0.03279462419742416,0.39532803427208457,-0.06498405258714267,2.285248279571533,0.01381290890276432,0
mujoco,flat_forward,1,1,1665,16.649999999997366,1.0,0.0,0.32831472063910794,0.002038167131549963,-0.032841246941657874,0.39557687308844997,-0.05094890414315788,2.2883858680725098,0.01472223550081253,0
mujoco,flat_forward,1,1,1666,16.65999999999738,1.0,0.0,0.3283122708070219,0.0020332102729874856,-0.03286964572322803,0.3951259143075917,-0.0634071259219631,2.2849559783935547,0.014363340102136135,0
mujoco,flat_forward,1,1,1667,16.66999999999739,1.0,0.0,0.32830607187996896,0.002004659041630031,-0.03290283912149981,0.395202910255728,-0.048475387001304014,2.286360025405884,0.015111119486391544,0
mujoco,flat_forward,1,1,1668,16.679999999997403,1.0,0.0,0.32829703058525417,0.0019985224869764413,-0.032938140636513825,0.3949033826545453,-0.0643147656572323,2.285717010498047,0.014269114471971989,0
mujoco,flat_forward,1,1,1669,16.689999999997415,1.0,0.0,0.3282858361167983,0.001963077474710654,-0.032956718346234225,0.3949106270564681,-0.04840331300005919,2.285975933074951,0.018060900270938873,0
mujoco,flat_forward,1,1,1670,16.699999999997427,1.0,0.0,0.32827059464141556,0.0019544303958499427,-0.03303181878872,0.3946574072458843,-0.06059710188757506,2.2849621772766113,0.01623472012579441,0
mujoco,flat_forward,1,1,1671,16.70999999999744,1.0,0.0,0.3282560039921456,0.0019405318844568876,-0.03303842720732192,0.39443533550723814,-0.04654017437882178,2.285672664642334,0.015080912970006466,0
mujoco,flat_forward,1,1,1672,16.71999999999745,1.0,0.0,0.32823854356579796,0.0019410323342722796,-0.033098586633972166,0.39420720165713297,-0.05824119500848782,2.2860443592071533,0.01287315133959055,0
mujoco,flat_forward,1,1,1673,16.729999999997464,1.0,0.0,0.3282252539879937,0.001937427958811891,-0.033068746656909634,0.3940075964544303,-0.045736475025091386,2.2894046306610107,0.014059800654649734,0
mujoco,flat_forward,1,1,1674,16.739999999997476,1.0,0.0,0.32821041026711767,0.0019383885515190807,-0.03312268651687596,0.39381229928824607,-0.05564496043004,2.288841485977173,0.011250734329223633,0
mujoco,flat_forward,1,1,1675,16.74999999999749,1.0,0.0,0.32820181580078034,0.0019381232897718596,-0.0330799108862934,0.3936258593452834,-0.04540801381765033,2.292595386505127,0.01138734258711338,0
mujoco,flat_forward,1,1,1676,16.7599999999975,1.0,0.0,0.3281917543870697,0.0019375773615982388,-0.033138913511388784,0.3933842210541709,-0.0535475493405654,2.2906148433685303,0.009648471139371395,0
mujoco,flat_forward,1,1,1677,16.769999999997513,1.0,0.0,0.328188935223116,0.0019384219882096745,-0.03309998083564382,0.3932125677073414,-0.0456218323151579,2.2944326400756836,0.009654708206653595,0
mujoco,flat_forward,1,1,1678,16.779999999997525,1.0,0.0,0.3281819170209466,0.0019384453770313814,-0.03321815966581194,0.39321078215522964,-0.05194832444952315,2.2909011840820312,0.009679248556494713,0
mujoco,flat_forward,1,1,1679,16.789999999997537,1.0,0.0,0.3281767032584351,0.0019368703004444673,-0.033209365388606804,0.39305044643011483,-0.046320077580802296,2.2917022705078125,0.007835189811885357,0
mujoco,flat_forward,1,1,1680,16.79999999999755,1.0,0.0,0.3281642457427013,0.0019316474543190055,-0.03331007613086801,0.392906831282643,-0.050833951080274636,2.29030704498291,0.006687765475362539,0
mujoco,flat_forward,1,1,1681,16.80999999999756,1.0,0.0,0.32815593758879924,0.0019261169072614073,-0.033275481846475725,0.39276535633106185,-0.047261538003327726,2.293576240539551,0.008024665527045727,0
mujoco,flat_forward,1,1,1682,16.819999999997574,1.0,0.0,0.3281426136404532,0.0019172214872975031,-0.03334320179780579,0.3924442892653672,-0.04967596279392611,2.2910263538360596,0.00836658664047718,0
mujoco,flat_forward,1,1,1683,16.829999999997586,1.0,0.0,0.3281357575358724,0.0019086202917631275,-0.03329407555424569,0.39238228128050284,-0.04833460288598697,2.2954366207122803,0.009915722534060478,0
mujoco,flat_forward,1,1,1684,16.839999999997598,1.0,0.0,0.32812386148368883,0.0018912708055425264,-0.0333687740359327,0.3921746052305764,-0.052725870182603815,2.290712594985962,0.011655223555862904,0
mujoco,flat_forward,1,1,1685,16.84999999999761,1.0,0.0,0.32811651698077143,0.001870306434480627,-0.03333018079018893,0.39221326092082376,-0.05240092843355477,2.2932746410369873,0.009595155715942383,0
mujoco,flat_forward,1,1,1686,16.859999999997623,1.0,0.0,0.3281017576167288,0.0018498827505779702,-0.03341007818922725,0.39182896878017204,-0.04937549694763407,2.287893533706665,0.012527914717793465,0
mujoco,flat_forward,1,1,1687,16.869999999997635,1.0,0.0,0.3280901057927362,0.0018333544626978186,-0.03336750360716747,0.3917630350600461,-0.05242182857260337,2.290647029876709,0.010437005199491978,0
mujoco,flat_forward,1,1,1688,16.879999999997647,1.0,0.0,0.3280714591612259,0.0018188939073068787,-0.033396276654609376,0.3911930861732149,-0.04865943820835983,2.2866852283477783,0.013496414758265018,0
mujoco,flat_forward,1,1,1689,16.88999999999766,1.0,0.0,0.3280578588421952,0.0018017327653594534,-0.03333851847292712,0.39131175924783956,-0.05472350833903293,2.292175531387329,0.014680469408631325,0
mujoco,flat_forward,1,1,1690,16.89999999999767,1.0,0.0,0.3280387635182378,0.0017898199367704208,-0.033349232010337675,0.3906769905529051,-0.04531156733399847,2.286013603210449,0.017882810905575752,0
mujoco,flat_forward,1,1,1691,16.909999999997684,1.0,0.0,0.3280229680403055,0.0017751167257079464,-0.03330965663886049,0.39079957520893593,-0.05523042888598734,2.290440082550049,0.01637481525540352,0
mujoco,flat_forward,1,1,1692,16.919999999997696,1.0,0.0,0.32800018342348586,0.0017583280764556877,-0.03332579022992764,0.39032693527482915,-0.04935969237166674,2.2843730449676514,0.020251434296369553,0
mujoco,flat_forward,1,1,1693,16.929999999997708,1.0,0.0,0.3279793999690835,0.00172989626143604,-0.03329100522974327,0.3906263137693694,-0.06079180200737407,2.2884299755096436,0.016513900831341743,0
mujoco,flat_forward,1,1,1694,16.93999999999772,1.0,0.0,0.3279526772023156,0.0017044514810304523,-0.03327737531107081,0.389958138881014,-0.051755634157412356,2.2818028926849365,0.021215012297034264,0
mujoco,flat_forward,1,1,1695,16.949999999997733,1.0,0.0,0.32792954732465834,0.0016675640100449465,-0.03323212541743476,0.3901264332450056,-0.06228072077607317,2.2865679264068604,0.020136447623372078,0
mujoco,flat_forward,1,1,1696,16.959999999997745,1.0,0.0,0.32790629111854575,0.0016516211596734542,-0.03319227982134989,0.38926487758459777,-0.049005170832089044,2.2810018062591553,0.017591889947652817,0
mujoco,flat_forward,1,1,1697,16.969999999997757,1.0,0.0,0.32788672589595413,0.0016295881460085422,-0.03313655667421899,0.38918104728928515,-0.05896846378634827,2.283802032470703,0.016793038696050644,0
mujoco,flat_forward,1,1,1698,16.97999999999777,1.0,0.0,0.3278695452855244,0.0016321575081606572,-0.03307377914463524,0.38840048052157117,-0.04468475367460543,2.2829031944274902,0.011946097947657108,0
mujoco,flat_forward,1,1,1699,16.98999999999778,1.0,0.0,0.32785555946421013,0.001626477942528667,-0.03301388275480682,0.38811177875267877,-0.05559029075924783,2.283097267150879,0.012086923234164715,0
mujoco,flat_forward,1,1,1700,16.999999999997794,1.0,0.0,0.3278467412468063,0.0016402112435330203,-0.03292698513055979,0.3874280956014184,-0.04552716265126743,2.2861807346343994,0.009511282667517662,0
mujoco,flat_forward,1,1,1701,17.009999999997806,1.0,0.0,0.32784272183157936,0.001634714097892945,-0.032861233616661864,0.3874002341775541,-0.059462573707791934,2.286031484603882,0.006800318136811256,0
mujoco,flat_forward,1,1,1702,17.019999999997818,1.0,0.0,0.32784262649212004,0.0016412544135898485,-0.032793137788383823,0.3870498191371122,-0.0467383544201182,2.2874462604522705,0.008935971185564995,0
mujoco,flat_forward,1,1,1703,17.02999999999783,1.0,0.0,0.3278431539549272,0.0016361457979139084,-0.03273355144698441,0.38673408100770723,-0.058101491910696364,2.284144639968872,0.009138121269643307,0
mujoco,flat_forward,1,1,1704,17.039999999997843,1.0,0.0,0.3278487537604406,0.0016473842087471116,-0.032654603669402885,0.38648060125857203,-0.04462212288499762,2.2888588905334473,0.01020646933466196,0
mujoco,flat_forward,1,1,1705,17.049999999997855,1.0,0.0,0.3278533446929808,0.001650207250709949,-0.032602560170782065,0.386074776967957,-0.0593183279010968,2.282142162322998,0.012674746103584766,0
mujoco,flat_forward,1,1,1706,17.059999999997867,1.0,0.0,0.3278613849389841,0.0016626194774394944,-0.03252938127418169,0.38596375127528476,-0.04878636077159975,2.2888848781585693,0.014822294004261494,0
mujoco,flat_forward,1,1,1707,17.06999999999788,1.0,0.0,0.3278695467852065,0.0016626770549347523,-0.032454739063783024,0.38539537645931254,-0.060954064266043995,2.2826149463653564,0.011657305993139744,0
mujoco,flat_forward,1,1,1708,17.07999999999789,1.0,0.0,0.32788576789471835,0.001673646909349265,-0.03236424815433174,0.38537455887779426,-0.0499917671708902,2.2910993099212646,0.01824389025568962,0
mujoco,flat_forward,1,1,1709,17.089999999997904,1.0,0.0,0.32789970251553946,0.0016832723839657828,-0.032339373110462095,0.3846973489417627,-0.06248054200925941,2.2814598083496094,0.018561512231826782,0
mujoco,flat_forward,1,1,1710,17.099999999997916,1.0,0.0,0.32791824969300076,0.0017015206957039881,-0.032291814819761115,0.3847308489308805,-0.05313404948758465,2.2894210815429688,0.018925732001662254,0
mujoco,flat_forward,1,1,1711,17.109999999997928,1.0,0.0,0.32793215146923055,0.001719823555049257,-0.03230028733145345,0.3839657375071862,-0.05868008880066067,2.2805373668670654,0.01755659282207489,0
mujoco,flat_forward,1,1,1712,17.11999999999794,1.0,0.0,0.32795167646118734,0.0017448113525191371,-0.03226355278438859,0.3840455847940564,-0.05279559151096556,2.2894911766052246,0.01954289898276329,0
mujoco,flat_forward,1,1,1713,17.129999999997953,1.0,0.0,0.3279658731844462,0.0017680233631206153,-0.03232992361555232,0.3835141506972618,-0.05766873818022753,2.2812576293945312,0.018223373219370842,0
mujoco,flat_forward,1,1,1714,17.139999999997965,1.0,0.0,0.3279837328174082,0.0017922973347225643,-0.03231921107811916,0.38368539647021005,-0.05473121398094715,2.288215160369873,0.017092164605855942,0
mujoco,flat_forward,1,1,1715,17.149999999997977,1.0,0.0,0.327995086082928,0.001816302215371485,-0.03240527471242879,0.383141337180307,-0.05397210716605732,2.2818522453308105,0.01603526435792446,0
mujoco,flat_forward,1,1,1716,17.15999999999799,1.0,0.0,0.32801129974960924,0.0018399895052494018,-0.03239636656360003,0.3833352835353358,-0.05499580101019409,2.288853645324707,0.017570246011018753,0
mujoco,flat_forward,1,1,1717,17.169999999998,1.0,0.0,0.328023026774426,0.0018643487833996655,-0.03245260023449364,0.3826658036042476,-0.0536186034235264,2.282773017883301,0.016895173117518425,0
mujoco,flat_forward,1,1,1718,17.179999999998014,1.0,0.0,0.32804192972575164,0.001884325878127353,-0.03244915619540526,0.38301427297354473,-0.0574978235037685,2.291189432144165,0.020352695137262344,0
mujoco,flat_forward,1,1,1719,17.189999999998026,1.0,0.0,0.3280556363007134,0.0019046184499789992,-0.03255019665004545,0.38258543010890067,-0.05409060145026955,2.282715082168579,0.021245192736387253,0
mujoco,flat_forward,1,1,1720,17.199999999998038,1.0,0.0,0.3280718739728225,0.001918966417564699,-0.03258029881365522,0.3829202022376357,-0.06013254887418701,2.2880892753601074,0.017618609592318535,0
mujoco,flat_forward,1,1,1721,17.20999999999805,1.0,0.0,0.3280814975079657,0.001935105786850568,-0.0326496396749663,0.38233252388123967,-0.05496260218912124,2.2812271118164062,0.01952063851058483,0
mujoco,flat_forward,1,1,1722,17.219999999998063,1.0,0.0,0.3280946800955901,0.0019426334148364508,-0.03267473326641853,0.3827364272242223,-0.06322038460028834,2.288288116455078,0.020362528041005135,0
mujoco,flat_forward,1,1,1723,17.229999999998075,1.0,0.0,0.32810249123892404,0.001957782727556426,-0.03273897380720642,0.382088478040089,-0.052062241115368356,2.28011155128479,0.023210251703858376,0
mujoco,flat_forward,1,1,1724,17.239999999998087,1.0,0.0,0.3281117741567391,0.0019643369746218525,-0.03277293955809445,0.382291499636409,-0.06155498088351841,2.2858686447143555,0.021183408796787262,0
mujoco,flat_forward,1,1,1725,17.2499999999981,1.0,0.0,0.32811854669754137,0.0019888004233705827,-0.032824007648398275,0.38158467150252356,-0.04808920514786894,2.281076431274414,0.01767031103372574,0
mujoco,flat_forward,1,1,1726,17.25999999999811,1.0,0.0,0.3281265354879885,0.0020017140504273024,-0.03285066670308215,0.38179979204627673,-0.061338036932356926,2.2848165035247803,0.016568010672926903,0
mujoco,flat_forward,1,1,1727,17.269999999998124,1.0,0.0,0.3281307835399715,0.0020219027378848005,-0.03288181853501187,0.3813339081057703,-0.050604756240560086,2.282454252243042,0.01769520342350006,0
mujoco,flat_forward,1,1,1728,17.279999999998136,1.0,0.0,0.32813626822133374,0.0020221024475121463,-0.03288321545154564,0.3815595794277408,-0.06143607687975673,2.286604881286621,0.01598011516034603,0
mujoco,flat_forward,1,1,1729,17.289999999998148,1.0,0.0,0.32814214025119126,0.002037152619121869,-0.03288695951256862,0.38115440874106427,-0.04778940516239011,2.286428928375244,0.01147078163921833,0
mujoco,flat_forward,1,1,1730,17.29999999999816,1.0,0.0,0.32814940952932664,0.0020387722925156115,-0.032881450267370674,0.3810866594444148,-0.057803362803507334,2.2865095138549805,0.011794885620474815,0
mujoco,flat_forward,1,1,1731,17.309999999998173,1.0,0.0,0.32816010664660744,0.0020573864537266912,-0.03285834902851815,0.3806454404486914,-0.047826431182899316,2.2896347045898438,0.007968954741954803,0
mujoco,flat_forward,1,1,1732,17.319999999998185,1.0,0.0,0.328174319234851,0.0020535539806554705,-0.03284658768340661,0.38075149964178867,-0.06089579657507668,2.2887349128723145,0.007115421816706657,0
mujoco,flat_forward,1,1,1733,17.329999999998197,1.0,0.0,0.32819093489769025,0.0020617452624011844,-0.032842973935362736,0.38057877022739933,-0.048484468224023566,2.2900588512420654,0.007902930490672588,0
mujoco,flat_forward,1,1,1734,17.33999999999821,1.0,0.0,0.32820637821875653,0.0020548315813231533,-0.03283400652793932,0.3803769575335175,-0.05975949479215943,2.2865257263183594,0.009627600200474262,0
mujoco,flat_forward,1,1,1735,17.34999999999822,1.0,0.0,0.32822496995853007,0.0020650185520497623,-0.032820045898170516,0.38026356781794646,-0.04663788530717163,2.291609048843384,0.009845956228673458,0
mujoco,flat_forward,1,1,1736,17.359999999998234,1.0,0.0,0.32824071400524546,0.0020681090241669036,-0.03279788603730383,0.3797350275818453,-0.0567936211669499,2.284810781478882,0.012964124791324139,0
mujoco,flat_forward,1,1,1737,17.369999999998246,1.0,0.0,0.328260484763699,0.0020849474215022404,-0.0327685951874623,0.3797544049669121,-0.04766189550230267,2.2946557998657227,0.01720765233039856,0
mujoco,flat_forward,1,1,1738,17.379999999998258,1.0,0.0,0.3282792384464573,0.0020811522122231364,-0.03275219743330309,0.37941481772760544,-0.06097299011816965,2.286790370941162,0.014665435999631882,0
mujoco,flat_forward,1,1,1739,17.38999999999827,1.0,0.0,0.3283016607829185,0.002086514974859359,-0.03273658810621279,0.37964254789903157,-0.05085733620563788,2.2948293685913086,0.017166901379823685,0
mujoco,flat_forward,1,1,1740,17.399999999998283,1.0,0.0,0.3283177310072576,0.002089147014898553,-0.032749084514539215,0.3789339742918617,-0.05933338288055743,2.284515857696533,0.019814353436231613,0
mujoco,flat_forward,1,1,1741,17.409999999998295,1.0,0.0,0.3283364319017131,0.00210248548209414,-0.03275342635736011,0.37916478882769544,-0.05165973345002285,2.294584274291992,0.020578188821673393,0
mujoco,flat_forward,1,1,1742,17.419999999998307,1.0,0.0,0.3283486176848602,0.002115204396619424,-0.032790056024502426,0.3783708737299616,-0.05437811255111303,2.284142255783081,0.02186782844364643,0
mujoco,flat_forward,1,1,1743,17.42999999999832,1.0,0.0,0.3283635502844805,0.0021325140733717586,-0.03281470895144766,0.37873051767696136,-0.05060787521959141,2.2950940132141113,0.02200695499777794,0
mujoco,flat_forward,1,1,1744,17.43999999999833,1.0,0.0,0.32837167900146674,0.002138991028260735,-0.03287288953491129,0.3781252683862741,-0.05660548507100763,2.284695625305176,0.023801229894161224,0
mujoco,flat_forward,1,1,1745,17.449999999998344,1.0,0.0,0.32838126172017196,0.002146689927195536,-0.03292206337466214,0.3786629725328991,-0.05433964521944149,2.2943947315216064,0.02196139097213745,0
mujoco,flat_forward,1,1,1746,17.459999999998356,1.0,0.0,0.328382218132122,0.002152203684123476,-0.033000936067636266,0.3779741707563267,-0.05370222695480276,2.2834346294403076,0.025365754961967468,0
mujoco,flat_forward,1,1,1747,17.469999999998368,1.0,0.0,0.328384115289923,0.002157176955771212,-0.03306057170077288,0.37851075809308754,-0.054389763056137186,2.2931363582611084,0.022945165634155273,0
mujoco,flat_forward,1,1,1748,17.47999999999838,1.0,0.0,0.3283781282169472,0.0021607525943887484,-0.03310355218050605,0.37769247999621197,-0.052901819840132924,2.2822608947753906,0.027059603482484818,0
mujoco,flat_forward,1,1,1749,17.489999999998393,1.0,0.0,0.3283742031312373,0.002155597245800115,-0.03316468465458137,0.3783993079173266,-0.05625678777673279,2.293642997741699,0.026277117431163788,0
mujoco,flat_forward,1,1,1750,17.499999999998405,1.0,0.0,0.32836397398850314,0.0021528722951292454,-0.03319209298019841,0.37745380072785967,-0.05346929039996772,2.2809503078460693,0.031597673892974854,0
mujoco,flat_forward,1,1,1751,17.509999999998417,1.0,0.0,0.32835575120363125,0.0021371444071937697,-0.03325997175002198,0.37811422332719596,-0.05643079072909334,2.2924983501434326,0.02829761616885662,0
mujoco,flat_forward,1,1,1752,17.51999999999843,1.0,0.0,0.32834399170418116,0.0021375957748556505,-0.03327565446856224,0.3770147115602127,-0.04963235784194567,2.280609130859375,0.02937735989689827,0
mujoco,flat_forward,1,1,1753,17.52999999999844,1.0,0.0,0.3283329718304037,0.002125770787027481,-0.03333513582853675,0.3777598208234038,-0.05550191584876224,2.2913239002227783,0.025060638785362244,0
mujoco,flat_forward,1,1,1754,17.539999999998454,1.0,0.0,0.3283155398658899,0.0021227840584300242,-0.033339664858853216,0.376841395082378,-0.050794517417789835,2.2808525562286377,0.02928457036614418,0
mujoco,flat_forward,1,1,1755,17.549999999998466,1.0,0.0,0.3282976699128144,0.0020978511992380345,-0.033372758568573115,0.3775876201556938,-0.054147674012537936,2.29233717918396,0.02619512379169464,0
mujoco,flat_forward,1,1,1756,17.559999999998478,1.0,0.0,0.32827756314867423,0.0020881416310650964,-0.03332700009901509,0.37658485490960175,-0.050418142866445304,2.284501314163208,0.023667270317673683,0
mujoco,flat_forward,1,1,1757,17.56999999999849,1.0,0.0,0.32826026293743166,0.002059405551165657,-0.0333264391087518,0.37719810770873957,-0.0517034329722056,2.2944116592407227,0.022232500836253166,0
mujoco,flat_forward,1,1,1758,17.579999999998503,1.0,0.0,0.3282437562142252,0.00205429091943369,-0.03329050970435835,0.376249554664348,-0.046055422037501216,2.288161039352417,0.018918681889772415,0
mujoco,flat_forward,1,1,1759,17.589999999998515,1.0,0.0,0.32822953476567385,0.0020329671070443388,-0.03327800438114525,0.37658923237999004,-0.047054661782627204,2.2937331199645996,0.014786561019718647,0
mujoco,flat_forward,1,1,1760,17.599999999998527,1.0,0.0,0.3282172401531994,0.0020354869149981835,-0.03324211401212057,0.3757528461528733,-0.04526660510256764,2.291562557220459,0.011555132456123829,0
mujoco,flat_forward,1,1,1761,17.60999999999854,1.0,0.0,0.3282080639037991,0.00201054438450035,-0.033242218608942616,0.3762532617696952,-0.04941658223068832,2.295125961303711,0.00964104663580656,0
mujoco,flat_forward,1,1,1762,17.61999999999855,1.0,0.0,0.32819918545522564,0.0020030545904722074,-0.03322617180919132,0.37560692918997796,-0.04908536583498455,2.2921907901763916,0.0103923249989748,0
mujoco,flat_forward,1,1,1763,17.629999999998564,1.0,0.0,0.32819184393633155,0.0019664913801681265,-0.03321746544339679,0.37596394867602656,-0.04977994364102239,2.2949442863464355,0.008213113993406296,0
mujoco,flat_forward,1,1,1764,17.639999999998576,1.0,0.0,0.3281857008855043,0.001957209535362965,-0.03321464013404806,0.37538134892593317,-0.046689374259783874,2.2933430671691895,0.006777700036764145,0
mujoco,flat_forward,1,1,1765,17.649999999998588,1.0,0.0,0.32817954971286245,0.0019271893376907874,-0.03320825496443407,0.37537368673709964,-0.04659413085258008,2.292741298675537,0.005001951474696398,0
mujoco,flat_forward,1,1,1766,17.6599999999986,1.0,0.0,0.3281751926200495,0.0019239384230301867,-0.03319895142369105,0.37482639518150584,-0.04729863343666218,2.294095516204834,0.005613343324512243,0
mujoco,flat_forward,1,1,1767,17.669999999998613,1.0,0.0,0.32817131574944985,0.0018887112875228906,-0.03319384378505249,0.3749882994699536,-0.050248317230630495,2.293134927749634,0.006866259500384331,0
mujoco,flat_forward,1,1,1768,17.679999999998625,1.0,0.0,0.32816795789731,0.0018749048089599606,-0.033193488076388666,0.3745845676086075,-0.052100238643444555,2.2934157848358154,0.006034401245415211,0
mujoco,flat_forward,1,1,1769,17.689999999998637,1.0,0.0,0.3281644893624268,0.0018316486291785933,-0.03317048892243376,0.3745379742591358,-0.05176999059206794,2.291696071624756,0.0077911075204610825,0
mujoco,flat_forward,1,1,1770,17.69999999999865,1.0,0.0,0.3281623398560351,0.0018162321266527721,-0.033173193817525495,0.37422945437761895,-0.05090311792087391,2.293027877807617,0.00975138321518898,0
mujoco,flat_forward,1,1,1771,17.70999999999866,1.0,0.0,0.3281582751022686,0.001784547543446659,-0.03311873204702236,0.3738327867849544,-0.04926148886814672,2.2882864475250244,0.012325525283813477,0
mujoco,flat_forward,1,1,1772,17.719999999998674,1.0,0.0,0.32815522891079946,0.001775885249730339,-0.03311444059545785,0.37366176257400646,-0.05224935119206292,2.293329954147339,0.014969645999372005,0
mujoco,flat_forward,1,1,1773,17.729999999998686,1.0,0.0,0.328150752627421,0.0017390491293330882,-0.03306008931219436,0.3734287766330369,-0.05369271734060211,2.2874348163604736,0.016435179859399796,0
mujoco,flat_forward,1,1,1774,17.739999999998698,1.0,0.0,0.3281459662177202,0.0017226014094481401,-0.033084087679096603,0.3734969827977003,-0.054091895411794634,2.2918217182159424,0.015875553712248802,0
mujoco,flat_forward,1,1,1775,17.74999999999871,1.0,0.0,0.3281369552408743,0.0016920549871976612,-0.032997743898903066,0.3728642935899292,-0.053306541345630426,2.2826123237609863,0.02065620757639408,0
mujoco,flat_forward,1,1,1776,17.759999999998723,1.0,0.0,0.328127504431924,0.001678501312402108,-0.033015160542981356,0.3730453218274818,-0.056980384957877564,2.291517972946167,0.02342982217669487,0
mujoco,flat_forward,1,1,1777,17.769999999998735,1.0,0.0,0.32811706806091884,0.0016517275039025496,-0.03286926351593045,0.372258650783756,-0.05491600506104499,2.2809159755706787,0.025509102270007133,0
mujoco,flat_forward,1,1,1778,17.779999999998747,1.0,0.0,0.32810771479363193,0.0016356692869458316,-0.032909323495189574,0.37271562926280766,-0.05735528640784982,2.2912561893463135,0.028100470080971718,0
mujoco,flat_forward,1,1,1779,17.78999999999876,1.0,0.0,0.3280945061973015,0.0016083544039302044,-0.032787521918959624,0.37183835253652026,-0.05876393528378655,2.275284767150879,0.03370843455195427,0
mujoco,flat_forward,1,1,1780,17.79999999999877,1.0,0.0,0.3280793412351065,0.0015858651973795286,-0.03283374800850887,0.37238318744958804,-0.05806152229494029,2.287522315979004,0.03282054513692856,0
mujoco,flat_forward,1,1,1781,17.809999999998784,1.0,0.0,0.32806147423957777,0.0015729546075644732,-0.032659453640825536,0.370982566017982,-0.05999161451950981,2.271087884902954,0.033118560910224915,0
mujoco,flat_forward,1,1,1782,17.819999999998796,1.0,0.0,0.328044203763568,0.001562863360688682,-0.032646499363843895,0.37157825462261845,-0.05655793048498052,2.287773370742798,0.036586225032806396,0
mujoco,flat_forward,1,1,1783,17.829999999998808,1.0,0.0,0.3280259178502466,0.0015720211480051362,-0.032476376421744106,0.36994045009093895,-0.05854171945093244,2.2733535766601562,0.0319049172103405,0
mujoco,flat_forward,1,1,1784,17.83999999999882,1.0,0.0,0.32801048612227096,0.0015792240079449565,-0.03246191023430281,0.37052218564090705,-0.054099622924589766,2.290107011795044,0.03443439304828644,0
mujoco,flat_forward,1,1,1785,17.849999999998833,1.0,0.0,0.3279989735569809,0.0016012042417259968,-0.03229502903544543,0.36904647910490823,-0.058777924736465426,2.278346061706543,0.02809465490281582,0
mujoco,flat_forward,1,1,1786,17.859999999998845,1.0,0.0,0.32799255719295045,0.001611129585537552,-0.03231346603801124,0.3698721161851253,-0.05630023173983309,2.292198657989502,0.029281653463840485,0
mujoco,flat_forward,1,1,1787,17.869999999998857,1.0,0.0,0.32798732436758515,0.0016356225514863904,-0.03223204125160002,0.36865026414117724,-0.058496489147086626,2.2787585258483887,0.028836870566010475,0
mujoco,flat_forward,1,1,1788,17.87999999999887,1.0,0.0,0.3279839282435736,0.0016449947213217988,-0.03226341462942226,0.36931063761329075,-0.05388850651265234,2.290132522583008,0.02584502473473549,0
mujoco,flat_forward,1,1,1789,17.88999999999888,1.0,0.0,0.3279815974033982,0.001679460193594676,-0.032225401756511625,0.36820394500010234,-0.05481917256421805,2.2815487384796143,0.02129795216023922,0
mujoco,flat_forward,1,1,1790,17.899999999998894,1.0,0.0,0.327981426603403,0.0016953601663115792,-0.032245602477695604,0.3686564667865175,-0.0501203728757854,2.290071725845337,0.018960224464535713,0
mujoco,flat_forward,1,1,1791,17.909999999998906,1.0,0.0,0.32798393575882734,0.0017342588307632468,-0.0322231981996526,0.36772669026238514,-0.05491144261938871,2.286041021347046,0.014110562391579151,0
mujoco,flat_forward,1,1,1792,17.919999999998918,1.0,0.0,0.3279899702017113,0.0017453447163941946,-0.03226601371046472,0.36831550861328033,-0.053001157469647744,2.291729211807251,0.013647016137838364,0
mujoco,flat_forward,1,1,1793,17.92999999999893,1.0,0.0,0.32799604941854216,0.0017774460879026348,-0.03230486938574992,0.3676715324673562,-0.05524238047724752,2.2869110107421875,0.01250931341201067,0
mujoco,flat_forward,1,1,1794,17.939999999998943,1.0,0.0,0.32800224779533665,0.0017845399170861012,-0.03235064035258139,0.3679607563471809,-0.05121598851240299,2.2894210815429688,0.009010128676891327,0
mujoco,flat_forward,1,1,1795,17.949999999998955,1.0,0.0,0.3280090014405936,0.0018144223372901444,-0.032375954680789056,0.36739572349811944,-0.056423314386674486,2.288693428039551,0.008251380175352097,0
mujoco,flat_forward,1,1,1796,17.959999999998967,1.0,0.0,0.3280175721599473,0.0018181604878314875,-0.03239980763685148,0.36756526345596374,-0.05065156195321559,2.2903599739074707,0.008611250668764114,0
mujoco,flat_forward,1,1,1797,17.96999999999898,1.0,0.0,0.3280276293923962,0.0018471515381734429,-0.0324459414480608,0.367160244790947,-0.05424721379018348,2.2903594970703125,0.0092923603951931,0
mujoco,flat_forward,1,1,1798,17.97999999999899,1.0,0.0,0.3280365751624926,0.001846404127358336,-0.03248349961149696,0.3673982868427526,-0.05224243680712847,2.2893736362457275,0.009128395467996597,0
mujoco,flat_forward,1,1,1799,17.989999999999004,1.0,0.0,0.3280438038176692,0.0018644054132375247,-0.03254319971176737,0.3671526905751205,-0.0582145109857744,2.289837598800659,0.008515541441738605,0
mujoco,flat_forward,1,1,1800,17.999999999999016,1.0,0.0,0.32804975576629114,0.0018540588874261911,-0.03256755973585138,0.3672276008783422,-0.053758631200942084,2.2883267402648926,0.01094670407474041,0
mujoco,flat_forward,1,1,1801,18.009999999999028,1.0,0.0,0.32805489725186,0.0018660170251099187,-0.03265331359839235,0.3670712323772344,-0.05752767052296808,2.2892210483551025,0.01153305359184742,0
mujoco,flat_forward,1,1,1802,18.01999999999904,1.0,0.0,0.3280579218598607,0.0018598405225764623,-0.032664875007287625,0.3668206549843665,-0.05216054328767631,2.285006284713745,0.014793669804930687,0
mujoco,flat_forward,1,1,1803,18.029999999999053,1.0,0.0,0.32805993282036666,0.0018698255923288404,-0.03275147727643301,0.36677591681772254,-0.05958291848916494,2.2890870571136475,0.015348494052886963,0
mujoco,flat_forward,1,1,1804,18.039999999999065,1.0,0.0,0.3280615329877012,0.0018617905127969207,-0.03272208319945097,0.3664227120870489,-0.053195548364631445,2.28387188911438,0.018871119245886803,0
mujoco,flat_forward,1,1,1805,18.049999999999077,1.0,0.0,0.328062005623045,0.0018656583997932854,-0.032841179522876254,0.36651034507378394,-0.05695355594227241,2.288691997528076,0.018546659499406815,0
mujoco,flat_forward,1,1,1806,18.05999999999909,1.0,0.0,0.3280639719757172,0.0018691052391285757,-0.03276587080320204,0.36571478982699057,-0.051602331866831594,2.281238079071045,0.018901778385043144,0
mujoco,flat_forward,1,1,1807,18.0699999999991,1.0,0.0,0.3280649366713333,0.0018782437735589996,-0.0328734926441625,0.36603629803732673,-0.05883096222345543,2.289628505706787,0.02038428746163845,0
mujoco,flat_forward,1,1,1808,18.079999999999114,1.0,0.0,0.328066908087974,0.0018741907451675145,-0.03277982772517271,0.3654701906038988,-0.05520855031342402,2.2814390659332275,0.02261219546198845,0
mujoco,flat_forward,1,1,1809,18.089999999999126,1.0,0.0,0.32806674632880356,0.0018731499475541057,-0.0328955830848122,0.3658637843202472,-0.0554208494602673,2.290069103240967,0.022568540647625923,0
mujoco,flat_forward,1,1,1810,18.099999999999138,1.0,0.0,0.32806847481597046,0.0018735482680188396,-0.03277609014125779,0.364958230831973,-0.05409296861245004,2.281224489212036,0.020461590960621834,0
mujoco,flat_forward,1,1,1811,18.10999999999915,1.0,0.0,0.328069133396771,0.0018777039215720852,-0.03286724876283349,0.3653748691399655,-0.050159513371184156,2.2913358211517334,0.02288351207971573,0
mujoco,flat_forward,1,1,1812,18.119999999999163,1.0,0.0,0.32807294217838917,0.001887394825491417,-0.03272581666801634,0.36430997217482897,-0.05339004523443871,2.28234601020813,0.02014737017452717,0
mujoco,flat_forward,1,1,1813,18.129999999999175,1.0,0.0,0.32807703555705914,0.0018954153514934085,-0.032781049898924615,0.3647037384128731,-0.04941839470675909,2.2935848236083984,0.023088974878191948,0
mujoco,flat_forward,1,1,1814,18.139999999999187,1.0,0.0,0.3280881403015141,0.001905095310201568,-0.03261860322799214,0.36374907377521076,-0.05588417648683329,2.286515235900879,0.01664569601416588,0
mujoco,flat_forward,1,1,1815,18.1499999999992,1.0,0.0,0.3281014636482849,0.0019058422455449327,-0.03268455268109336,0.3644524685978641,-0.050696058831154106,2.295633554458618,0.01976901851594448,0
mujoco,flat_forward,1,1,1816,18.15999999999921,1.0,0.0,0.3281166907930873,0.0019116840892502665,-0.03255638518219668,0.36345189303719505,-0.05872609794153084,2.283365249633789,0.022128641605377197,0
mujoco,flat_forward,1,1,1817,18.169999999999224,1.0,0.0,0.32813058584981497,0.0019074302803387601,-0.032603074406588585,0.3640565373482142,-0.049274305622416976,2.294553518295288,0.023452237248420715,0
mujoco,flat_forward,1,1,1818,18.179999999999236,1.0,0.0,0.32814398578267256,0.0019234486618144358,-0.03252072646841625,0.3628630302790725,-0.057950935279857896,2.2837791442871094,0.022016653791069984,0
mujoco,flat_forward,1,1,1819,18.189999999999248,1.0,0.0,0.32815529710183056,0.0019248233300380798,-0.032596777009108104,0.36353443186249995,-0.05130653174558849,2.294454336166382,0.020652329549193382,0
mujoco,flat_forward,1,1,1820,18.19999999999926,1.0,0.0,0.3281653334202456,0.0019383308748342721,-0.03254627273193824,0.3625561288070381,-0.06119080241258956,2.2850241661071777,0.01928415521979332,0
mujoco,flat_forward,1,1,1821,18.209999999999273,1.0,0.0,0.32817364731671367,0.0019346113576281224,-0.03261012096857889,0.3630696245319542,-0.050994879020006524,2.294165849685669,0.018956715241074562,0
mujoco,flat_forward,1,1,1822,18.219999999999285,1.0,0.0,0.3281815071124245,0.0019526958631634866,-0.03261704111477208,0.36221872062448385,-0.05855739249693529,2.287217617034912,0.016531426459550858,0
mujoco,flat_forward,1,1,1823,18.229999999999297,1.0,0.0,0.3281880507608318,0.001954870136476422,-0.032669701473907076,0.3624512600281844,-0.04727834343517756,2.2918243408203125,0.012518791481852531,0
mujoco,flat_forward,1,1,1824,18.23999999999931,1.0,0.0,0.32819486928478886,0.0019753121463402202,-0.03268783027633142,0.3617949669058241,-0.05848169495734537,2.2893309593200684,0.012438783422112465,0
mujoco,flat_forward,1,1,1825,18.24999999999932,1.0,0.0,0.32820164005263597,0.001974050329242053,-0.032729426840227664,0.3619462270716795,-0.045913675126992716,2.2914586067199707,0.012843573465943336,0
mujoco,flat_forward,1,1,1826,18.259999999999334,1.0,0.0,0.32820740539307997,0.0019934541855570497,-0.03276857310487784,0.36152661724719887,-0.05631934503434439,2.290034055709839,0.01314809825271368,0
mujoco,flat_forward,1,1,1827,18.269999999999346,1.0,0.0,0.32820983062169756,0.001978618932549689,-0.03283001009481778,0.3618392251224823,-0.04739297818459419,2.2907161712646484,0.013609004206955433,0
mujoco,flat_forward,1,1,1828,18.279999999999358,1.0,0.0,0.3282082904318888,0.001983341384213454,-0.0328895526122789,0.36160940390529084,-0.05975420246561865,2.289721965789795,0.01131338533014059,0
mujoco,flat_forward,1,1,1829,18.28999999999937,1.0,0.0,0.3282035530005009,0.0019526099989652687,-0.03292660584791529,0.36180839204560733,-0.04802170525194841,2.290283679962158,0.015501131303608418,0
mujoco,flat_forward,1,1,1830,18.299999999999383,1.0,0.0,0.32819598197210287,0.0019447139753708215,-0.03298900909253137,0.3616187936996342,-0.0617906366171251,2.2898643016815186,0.01423981785774231,0
mujoco,flat_forward,1,1,1831,18.309999999999395,1.0,0.0,0.3281869309806055,0.0019070019170905276,-0.03301263098795523,0.36164236100892555,-0.04838443478290448,2.2892038822174072,0.01770549640059471,0
mujoco,flat_forward,1,1,1832,18.319999999999407,1.0,0.0,0.32817540392534267,0.001891833437998645,-0.03308197410263802,0.36135443390973704,-0.061846512241200254,2.288853645324707,0.01609031856060028,0
mujoco,flat_forward,1,1,1833,18.32999999999942,1.0,0.0,0.32816679528367726,0.0018727908086499563,-0.03307220391037486,0.3611100893394902,-0.04823289135214959,2.28914213180542,0.015146582387387753,0
mujoco,flat_forward,1,1,1834,18.33999999999943,1.0,0.0,0.32815560282150935,0.001871913151446548,-0.03316618422624217,0.36085009142832736,-0.055959399628348755,2.288607120513916,0.013762502931058407,0
mujoco,flat_forward,1,1,1835,18.349999999999444,1.0,0.0,0.3281475582795229,0.00187396794826005,-0.033131648774856595,0.3604208861632611,-0.045048134746869486,2.2894392013549805,0.012043717317283154,0
mujoco,flat_forward,1,1,1836,18.359999999999456,1.0,0.0,0.32813670976129145,0.0018816908163488875,-0.03321267701098442,0.36021263587084207,-0.052730291590314934,2.2905631065368652,0.010185949504375458,0
mujoco,flat_forward,1,1,1837,18.369999999999468,1.0,0.0,0.3281313527489489,0.0018887296515784754,-0.03315296242191089,0.35984868043727264,-0.04463894366045053,2.2927260398864746,0.010768350213766098,0
mujoco,flat_forward,1,1,1838,18.37999999999948,1.0,0.0,0.32812363246898213,0.0018922910999157377,-0.03323484091943762,0.35988552013346214,-0.05469268835001357,2.2929985523223877,0.007417226675897837,0
mujoco,flat_forward,1,1,1839,18.389999999999493,1.0,0.0,0.3281196351779838,0.00188787361984648,-0.033183450363111565,0.3596955983768589,-0.04775407666154798,2.293412923812866,0.01051380392163992,0
mujoco,flat_forward,1,1,1840,18.399999999999505,1.0,0.0,0.3281103955594872,0.0018853711065500314,-0.03329084485955637,0.3596635387925363,-0.05039629052450401,2.292670965194702,0.007332986686378717,0
mujoco,flat_forward,1,1,1841,18.409999999999517,1.0,0.0,0.32810449698671745,0.0018856400970516957,-0.03323283965624826,0.35926785357843544,-0.0461314755326797,2.2923624515533447,0.0057672178372740746,0
mujoco,flat_forward,1,1,1842,18.41999999999953,1.0,0.0,0.32809417356496795,0.0018864970167677634,-0.033307936395306194,0.35906130985642615,-0.04825712255962674,2.2925875186920166,0.004544153809547424,0
mujoco,flat_forward,1,1,1843,18.42999999999954,1.0,0.0,0.3280902856550768,0.0018880185490819,-0.03322649589487324,0.35874760998945837,-0.047084780737159514,2.2948176860809326,0.005371564067900181,0
mujoco,flat_forward,1,1,1844,18.439999999999554,1.0,0.0,0.32808295281182903,0.0018830672217883383,-0.033301048703751036,0.3587150320794302,-0.05164478363713475,2.2935030460357666,0.00483558839187026,0
mujoco,flat_forward,1,1,1845,18.449999999999566,1.0,0.0,0.3280807385160413,0.0018724959348360027,-0.033227146541094654,0.3585459543161509,-0.051508993113279694,2.29420804977417,0.0050992039032280445,0
mujoco,flat_forward,1,1,1846,18.459999999999578,1.0,0.0,0.32807307113545603,0.0018607241880329228,-0.03330721584487285,0.3583861944265961,-0.04844531670464023,2.292102336883545,0.00522839417681098,0
mujoco,flat_forward,1,1,1847,18.46999999999959,1.0,0.0,0.32806936540119974,0.0018529873207128141,-0.033234288128269215,0.35805932296941867,-0.0516419276722371,2.292085886001587,0.004971595015376806,0
mujoco,flat_forward,1,1,1848,18.479999999999603,1.0,0.0,0.32806071080818555,0.0018458300746745206,-0.03326954995835367,0.3577096067170966,-0.04752520902746899,2.2909114360809326,0.006269791629165411,0
mujoco,flat_forward,1,1,1849,18.489999999999615,1.0,0.0,0.3280583041996127,0.0018376958808104793,-0.03317454553922923,0.3575368843772739,-0.05400999057364354,2.293762683868408,0.00879225879907608,0
mujoco,flat_forward,1,1,1850,18.499999999999627,1.0,0.0,0.32805106377964155,0.0018260741054170286,-0.03323184587754514,0.3574524274968228,-0.04813171389566464,2.291116952896118,0.009805414825677872,0
mujoco,flat_forward,1,1,1851,18.50999999999964,1.0,0.0,0.3280459326081429,0.0018138100623939738,-0.03316332674393612,0.35724426590094316,-0.056973380741303044,2.2902729511260986,0.007470516953617334,0
mujoco,flat_forward,1,1,1852,18.51999999999965,1.0,0.0,0.32803481207877916,0.00179952000148666,-0.03317978049368429,0.35697189060840967,-0.04917333368436782,2.28918719291687,0.0094277523458004,0
mujoco,flat_forward,1,1,1853,18.529999999999664,1.0,0.0,0.3280280401508051,0.0017827732130017808,-0.03309295638037737,0.3568600319054204,-0.06046013622942802,2.290700674057007,0.010934397578239441,0
mujoco,flat_forward,1,1,1854,18.539999999999676,1.0,0.0,0.3280179492416753,0.0017679783883630391,-0.03308497611641087,0.3565227910752879,-0.04659791779601284,2.2880489826202393,0.013131684623658657,0
mujoco,flat_forward,1,1,1855,18.549999999999688,1.0,0.0,0.3280109051878695,0.0017538568885993719,-0.03301639232887673,0.3563312045100874,-0.061312848504783406,2.2883424758911133,0.014182944782078266,0
mujoco,flat_forward,1,1,1856,18.5599999999997,1.0,0.0,0.32800115207340824,0.0017442248326845601,-0.032986632543539625,0.355855952599111,-0.04747367656684694,2.286343812942505,0.015545008704066277,0
mujoco,flat_forward,1,1,1857,18.569999999999713,1.0,0.0,0.3279954548872381,0.0017259270761917833,-0.032923542793569155,0.3558211134368493,-0.06558572367079361,2.287606954574585,0.015762364491820335,0
mujoco,flat_forward,1,1,1858,18.579999999999725,1.0,0.0,0.3279865474665953,0.0017058430210545846,-0.03291310294318589,0.35563823176713616,-0.050150545453027745,2.284126043319702,0.01902945525944233,0
mujoco,flat_forward,1,1,1859,18.589999999999737,1.0,0.0,0.32797667348843057,0.0016834100195367424,-0.03288330708155359,0.35538676860318374,-0.06775819942272343,2.2820377349853516,0.01652267388999462,0
mujoco,flat_forward,1,1,1860,18.59999999999975,1.0,0.0,0.327966547003237,0.0016727636951769861,-0.03285101635614857,0.355006041343149,-0.049055710490027014,2.282609462738037,0.01419813372194767,0
mujoco,flat_forward,1,1,1861,18.60999999999976,1.0,0.0,0.32795539815527486,0.0016656025993879327,-0.03281121733794929,0.35445968877776735,-0.06534455436145013,2.2789409160614014,0.015838539227843285,0
mujoco,flat_forward,1,1,1862,18.619999999999774,1.0,0.0,0.32794788421445215,0.0016713879793641203,-0.0327273992028901,0.35402397233228705,-0.04952298490512073,2.284512519836426,0.014736998826265335,0
mujoco,flat_forward,1,1,1863,18.629999999999786,1.0,0.0,0.3279431396373441,0.001670123391799404,-0.032657611691398636,0.353522065404998,-0.06474926823743953,2.2817330360412598,0.01192711852490902,0
mujoco,flat_forward,1,1,1864,18.639999999999798,1.0,0.0,0.32794647788636583,0.0016801124994986199,-0.03255330989332016,0.353205087853077,-0.04920856628153103,2.2880353927612305,0.013538792729377747,0
mujoco,flat_forward,1,1,1865,18.64999999999981,1.0,0.0,0.327949697955828,0.0016926736382636008,-0.03250326464792007,0.3524992356615735,-0.06137475923436155,2.2819337844848633,0.014630970545113087,0
mujoco,flat_forward,1,1,1866,18.659999999999823,1.0,0.0,0.3279602933987141,0.001716158430938044,-0.03242845021293395,0.3522586005779794,-0.049252884157331034,2.2898929119110107,0.015059374272823334,0
mujoco,flat_forward,1,1,1867,18.669999999999835,1.0,0.0,0.3279687475007496,0.0017376518086623738,-0.032444081092037946,0.3518344418526081,-0.06024449939339729,2.283130168914795,0.013840620405972004,0
mujoco,flat_forward,1,1,1868,18.679999999999847,1.0,0.0,0.3279808086860734,0.0017617126489502801,-0.03241073651340434,0.3517765933220292,-0.05067766724478231,2.2889506816864014,0.012823116034269333,0
mujoco,flat_forward,1,1,1869,18.68999999999986,1.0,0.0,0.3279876151990881,0.0017834402787623152,-0.03247501267161944,0.35136360857104415,-0.05582586643226564,2.283764123916626,0.011806544847786427,0
mujoco,flat_forward,1,1,1870,18.69999999999987,1.0,0.0,0.3279994398721459,0.0018080128060572083,-0.0324437217586474,0.35128481744724294,-0.0497998701010651,2.2898964881896973,0.012234961614012718,0
mujoco,flat_forward,1,1,1871,18.709999999999884,1.0,0.0,0.3280071488063392,0.0018256910828011999,-0.03251869231646671,0.3510748642244289,-0.05845208257060988,2.286165714263916,0.010897125117480755,0
mujoco,flat_forward,1,1,1872,18.719999999999896,1.0,0.0,0.3280198956387711,0.0018421749948657924,-0.032503687551050105,0.35113189119195526,-0.0536599739254545,2.2908427715301514,0.012168158777058125,0
mujoco,flat_forward,1,1,1873,18.729999999999908,1.0,0.0,0.32802734909525333,0.0018566297393440528,-0.03261061226576318,0.35079670904769406,-0.05506002559503869,2.285895824432373,0.011711683124303818,0
mujoco,flat_forward,1,1,1874,18.73999999999992,1.0,0.0,0.32804019766642495,0.001872647876664712,-0.03259881235640011,0.35076073760702914,-0.0534736111560867,2.290034055709839,0.011402091942727566,0
mujoco,flat_forward,1,1,1875,18.749999999999932,1.0,0.0,0.3280485747843352,0.0018877860698970927,-0.03268211030474481,0.350279530111917,-0.05396001034384066,2.28608775138855,0.01165702287107706,0
mujoco,flat_forward,1,1,1876,18.759999999999945,1.0,0.0,0.3280641840061037,0.0019017999745825033,-0.03267008242362162,0.35037231380869793,-0.05542684487664111,2.2921512126922607,0.014377154409885406,0
mujoco,flat_forward,1,1,1877,18.769999999999957,1.0,0.0,0.3280754585515236,0.001918251250481199,-0.03276064672054742,0.3498493338743393,-0.05025077445608846,2.2859134674072266,0.015881650149822235,0
mujoco,flat_forward,1,1,1878,18.77999999999997,1.0,0.0,0.32809159503070234,0.0019316039997756163,-0.03277266871084881,0.34996308420375255,-0.055564453868757274,2.2915120124816895,0.01543634757399559,0
mujoco,flat_forward,1,1,1879,18.78999999999998,1.0,0.0,0.32810126758886576,0.0019417045527111516,-0.03287757034180877,0.3495994367330521,-0.053711502267307434,2.2854514122009277,0.017696259543299675,0
mujoco,flat_forward,1,1,1880,18.799999999999994,1.0,0.0,0.32811340068361244,0.0019429382382891126,-0.03290456981282131,0.34989231322308084,-0.060440620679594895,2.2902870178222656,0.0150755001232028,0
mujoco,flat_forward,1,1,1881,18.810000000000006,1.0,0.0,0.3281179357189878,0.0019454809118436519,-0.032986470689704575,0.349431603565899,-0.051292593299016954,2.2834975719451904,0.018879573792219162,0
mujoco,flat_forward,1,1,1882,18.820000000000018,1.0,0.0,0.32812308498374687,0.0019426696207700167,-0.033016817559704016,0.34964374229066764,-0.060902820787709186,2.288109064102173,0.01755453832447529,0
mujoco,flat_forward,1,1,1883,18.83000000000003,1.0,0.0,0.3281214091688885,0.001945260997607971,-0.0330631986699365,0.34902762943611787,-0.051457348538767614,2.282097578048706,0.0205784123390913,0
mujoco,flat_forward,1,1,1884,18.840000000000042,1.0,0.0,0.3281218726725442,0.0019354050740204333,-0.03308051754452839,0.3492254114005885,-0.06162478991804642,2.2877888679504395,0.019825823605060577,0
mujoco,flat_forward,1,1,1885,18.850000000000055,1.0,0.0,0.3281208961734773,0.001942024804321333,-0.03311267704245728,0.3484755198818981,-0.048388161860696596,2.2824742794036865,0.01765483245253563,0
mujoco,flat_forward,1,1,1886,18.860000000000067,1.0,0.0,0.32812176699543505,0.0019373256481643425,-0.033125228772911144,0.34863696790701265,-0.06150774076036399,2.285722017288208,0.016072707250714302,0
mujoco,flat_forward,1,1,1887,18.87000000000008,1.0,0.0,0.3281190583694691,0.0019412886243946,-0.03314281393036136,0.34809492388051333,-0.05079105190980723,2.2825934886932373,0.017680756747722626,0
mujoco,flat_forward,1,1,1888,18.88000000000009,1.0,0.0,0.32811744894611206,0.0019260204659542757,-0.033131974368226326,0.3482797406975982,-0.061557376024531395,2.286298990249634,0.015532316640019417,0
mujoco,flat_forward,1,1,1889,18.890000000000104,1.0,0.0,0.3281163545194581,0.0019274659018470742,-0.033118510835099445,0.3477333474869893,-0.04770005351756851,2.285632371902466,0.011530055664479733,0
mujoco,flat_forward,1,1,1890,18.900000000000116,1.0,0.0,0.3281164312241399,0.00191697099953242,-0.03310016353614736,0.34761606493571706,-0.057760031859629975,2.285698652267456,0.01176760345697403,0
mujoco,flat_forward,1,1,1891,18.910000000000128,1.0,0.0,0.3281194411162091,0.0019264824739218423,-0.0330631689105181,0.34714071350761905,-0.04411791945442909,2.2886126041412354,0.008007162250578403,0
mujoco,flat_forward,1,1,1892,18.92000000000014,1.0,0.0,0.32812213172352583,0.0019220966517210294,-0.03304351563476151,0.347055028692207,-0.05854566684959323,2.2860288619995117,0.009395199827849865,0
mujoco,flat_forward,1,1,1893,18.930000000000152,1.0,0.0,0.32812591219302384,0.001929124535885487,-0.03301245538482918,0.3467748620185512,-0.0476333321115345,2.2897632122039795,0.010214629583060741,0
mujoco,flat_forward,1,1,1894,18.940000000000165,1.0,0.0,0.3281297073368437,0.001915688579922555,-0.032979488401053685,0.346646723967523,-0.05976342492217528,2.2873833179473877,0.007698044180870056,0
mujoco,flat_forward,1,1,1895,18.950000000000177,1.0,0.0,0.3281387873533165,0.0019178763550750063,-0.032929143096248004,0.34643079604660953,-0.0468566910055079,2.2922027111053467,0.009746833704411983,0
mujoco,flat_forward,1,1,1896,18.96000000000019,1.0,0.0,0.3281467435328978,0.0019123285662817648,-0.03288087158548833,0.345955307272047,-0.057124415654627246,2.2855658531188965,0.012656521052122116,0
mujoco,flat_forward,1,1,1897,18.9700000000002,1.0,0.0,0.32816035773915847,0.0019215706170936557,-0.03282991734387539,0.3458283570802022,-0.04783276174832674,2.2943124771118164,0.016412444412708282,0
mujoco,flat_forward,1,1,1898,18.980000000000214,1.0,0.0,0.3281741417071608,0.001911195955416532,-0.03279537020098443,0.3455206893624497,-0.061206374302327955,2.2861485481262207,0.01486700214445591,0
mujoco,flat_forward,1,1,1899,18.990000000000226,1.0,0.0,0.32819252532091,0.0019111225587041154,-0.032763590076335454,0.345575970595142,-0.051028789006846556,2.293529510498047,0.016742166131734848,0
mujoco,flat_forward,1,1,1900,19.000000000000238,1.0,0.0,0.328205183868947,0.001910921135472297,-0.032760208499139964,0.34484872300308067,-0.05960395637415398,2.2833757400512695,0.019722940400242805,0
mujoco,flat_forward,1,1,1901,19.01000000000025,1.0,0.0,0.32822113861270735,0.00192243585078119,-0.032748441096643204,0.3449107149270186,-0.051971145397584365,2.29327130317688,0.020565669983625412,0
mujoco,flat_forward,1,1,1902,19.020000000000262,1.0,0.0,0.3282311101869951,0.0019341447301616137,-0.03277071058272975,0.34409621121320916,-0.0547669825527147,2.283216953277588,0.021586965769529343,0
mujoco,flat_forward,1,1,1903,19.030000000000275,1.0,0.0,0.3282444686736104,0.0019512832098862983,-0.032779453598645744,0.34430028601588264,-0.05095563613601258,2.294187545776367,0.022177599370479584,0
mujoco,flat_forward,1,1,1904,19.040000000000287,1.0,0.0,0.3282515218592525,0.0019588530656357603,-0.032824512668386804,0.34369557895591013,-0.05693703778312727,2.283874034881592,0.023421384394168854,0
mujoco,flat_forward,1,1,1905,19.0500000000003,1.0,0.0,0.3282607511477428,0.0019677406975014823,-0.03285898124479638,0.3440921614912016,-0.05472174884161976,2.2934343814849854,0.022061999887228012,0
mujoco,flat_forward,1,1,1906,19.06000000000031,1.0,0.0,0.32826200813497686,0.0019747376436368112,-0.03292526869622649,0.343390651374659,-0.05410725416666639,2.2825329303741455,0.024959655478596687,0
mujoco,flat_forward,1,1,1907,19.070000000000324,1.0,0.0,0.32826497726636794,0.0019821525910328963,-0.03296953863989713,0.3437906980778191,-0.05492046002609936,2.2921552658081055,0.02314711920917034,0
mujoco,flat_forward,1,1,1908,19.080000000000336,1.0,0.0,0.3282607394716462,0.0019887520070370757,-0.033001505703479456,0.34297045151654526,-0.05347606732445912,2.281350612640381,0.026643233373761177,0
mujoco,flat_forward,1,1,1909,19.090000000000348,1.0,0.0,0.32825937638975416,0.0019886584637762252,-0.033050356085822394,0.34353628664467656,-0.05694455487298646,2.2926647663116455,0.026525210589170456,0
mujoco,flat_forward,1,1,1910,19.10000000000036,1.0,0.0,0.3282512408163077,0.0019948342154850356,-0.03310237620338613,0.34264661072658836,-0.050579972005775686,2.280000925064087,0.031169211491942406,0
mujoco,flat_forward,1,1,1911,19.110000000000372,1.0,0.0,0.3282439342705626,0.0019912900203870034,-0.03316435841318394,0.34320428282629356,-0.05729512585643876,2.29022479057312,0.02662757970392704,0
mujoco,flat_forward,1,1,1912,19.120000000000385,1.0,0.0,0.3282275366169787,0.0019888091817919394,-0.033224775547976766,0.3425296648962395,-0.054013969539908176,2.2786126136779785,0.03230894356966019,0
mujoco,flat_forward,1,1,1913,19.130000000000397,1.0,0.0,0.32821021472075546,0.0019684749762804805,-0.03328508666970476,0.3431278839520505,-0.05954677996291423,2.2880783081054688,0.026262754574418068,0
mujoco,flat_forward,1,1,1914,19.14000000000041,1.0,0.0,0.3281880574367341,0.0019609602902620166,-0.03327837097960352,0.34216369097973526,-0.05468593174290504,2.278456687927246,0.026737084612250328,0
mujoco,flat_forward,1,1,1915,19.15000000000042,1.0,0.0,0.32816804423649637,0.0019375422665964734,-0.033294088107972734,0.34270112533747227,-0.05776883953146956,2.2888407707214355,0.025439683347940445,0
mujoco,flat_forward,1,1,1916,19.160000000000434,1.0,0.0,0.32814690980375655,0.0019354993840102466,-0.0332690604776302,0.34166887548078506,-0.049974290931282854,2.2809996604919434,0.02289523556828499,0
mujoco,flat_forward,1,1,1917,19.170000000000446,1.0,0.0,0.3281280204324724,0.0019199028117767858,-0.03326014219339876,0.3420062567421333,-0.05283306701356196,2.2885186672210693,0.01972980797290802,0
mujoco,flat_forward,1,1,1918,19.180000000000458,1.0,0.0,0.3281100776318342,0.0019263066416551251,-0.03321600869260407,0.3410489594647905,-0.04877208882244452,2.284712553024292,0.0161413736641407,0
mujoco,flat_forward,1,1,1919,19.19000000000047,1.0,0.0,0.32809634342868166,0.0019123063099521615,-0.03318767384546705,0.34135205920103523,-0.050807742120811815,2.290576934814453,0.014103176072239876,0
mujoco,flat_forward,1,1,1920,19.200000000000482,1.0,0.0,0.3280862558371806,0.0019202231375373858,-0.033144405677464156,0.3405106258355833,-0.04948024674707853,2.2887685298919678,0.011018120683729649,0
mujoco,flat_forward,1,1,1921,19.210000000000495,1.0,0.0,0.32808035075366837,0.001899521937373666,-0.033134330911120516,0.34098346700253446,-0.05365257736780442,2.2918169498443604,0.008696428500115871,0
mujoco,flat_forward,1,1,1922,19.220000000000507,1.0,0.0,0.32807464893368876,0.0018992663441307585,-0.03313673322315577,0.3403867183671431,-0.049161557099442164,2.288710117340088,0.009415272623300552,0
mujoco,flat_forward,1,1,1923,19.23000000000052,1.0,0.0,0.3280684626657097,0.001875692338957261,-0.03313675996893298,0.3405383838142234,-0.05132708884939059,2.2887935638427734,0.005990993231534958,0
mujoco,flat_forward,1,1,1924,19.24000000000053,1.0,0.0,0.3280632339538039,0.0018766730592018155,-0.03312588444967684,0.33989722727372124,-0.0500941689436865,2.289278030395508,0.0044814208522439,0
mujoco,flat_forward,1,1,1925,19.250000000000544,1.0,0.0,0.32805970789742334,0.0018526740569346164,-0.0331050391698005,0.3399000299459196,-0.05126259184702543,2.289233684539795,0.004461517557501793,0
mujoco,flat_forward,1,1,1926,19.260000000000556,1.0,0.0,0.328059148786777,0.0018550782220902338,-0.03309525168208337,0.33937435007459577,-0.04847368013656013,2.290632724761963,0.005954902619123459,0
mujoco,flat_forward,1,1,1927,19.270000000000568,1.0,0.0,0.3280576414375005,0.0018315150415293894,-0.03308507950295859,0.33938958231196226,-0.05324868548415009,2.2878010272979736,0.0075686173513531685,0
mujoco,flat_forward,1,1,1928,19.28000000000058,1.0,0.0,0.328056408125984,0.0018285741194140606,-0.03308444081500952,0.3389984037814078,-0.05269847043148146,2.289757251739502,0.007631795480847359,0
mujoco,flat_forward,1,1,1929,19.290000000000592,1.0,0.0,0.32805441759976955,0.001799901903416463,-0.03304285686748502,0.3388532608588384,-0.05475495939995798,2.2866883277893066,0.008583447895944118,0
mujoco,flat_forward,1,1,1930,19.300000000000605,1.0,0.0,0.328054627468562,0.0017947005960145478,-0.03303678681383904,0.33859627860819,-0.052020856247051946,2.2901980876922607,0.012003619223833084,0
mujoco,flat_forward,1,1,1931,19.310000000000617,1.0,0.0,0.32805307894911223,0.0017752364390335633,-0.03296123144406264,0.33807851745130063,-0.052662634975122004,2.283480644226074,0.014704792760312557,0
mujoco,flat_forward,1,1,1932,19.32000000000063,1.0,0.0,0.328053679417975,0.001776033680426509,-0.03296347962835339,0.33808965076429737,-0.050247414447565045,2.2912180423736572,0.019123993813991547,0
mujoco,flat_forward,1,1,1933,19.33000000000064,1.0,0.0,0.3280501553166374,0.0017623084927826836,-0.03289948779258391,0.3375205915386263,-0.05485902572546281,2.2798898220062256,0.023150218650698662,0
mujoco,flat_forward,1,1,1934,19.340000000000654,1.0,0.0,0.3280466680424902,0.0017606035916407125,-0.032903856802491596,0.33771971508161247,-0.05529408154981741,2.2903406620025635,0.02422229014337063,0
mujoco,flat_forward,1,1,1935,19.350000000000666,1.0,0.0,0.32804089493457506,0.0017419399077974948,-0.03278014873896638,0.3370192957749745,-0.0576362181106067,2.2787413597106934,0.02482164092361927,0
mujoco,flat_forward,1,1,1936,19.360000000000678,1.0,0.0,0.3280377892380288,0.0017337238174350814,-0.0327834871424229,0.33742736048355143,-0.0566388253685021,2.2907729148864746,0.029298927634954453,0
mujoco,flat_forward,1,1,1937,19.37000000000069,1.0,0.0,0.3280319128031279,0.0017222598688034353,-0.03263634283991596,0.33630439299795,-0.05801686140391463,2.2736594676971436,0.034035272896289825,0
mujoco,flat_forward,1,1,1938,19.380000000000702,1.0,0.0,0.328027812896091,0.001714946075518441,-0.03264203001314666,0.33685034329085445,-0.05849955393770581,2.2892627716064453,0.037036728113889694,0
mujoco,flat_forward,1,1,1939,19.390000000000715,1.0,0.0,0.32801642432978007,0.001712671750434404,-0.03257034527482166,0.33559778449517413,-0.061254591607769054,2.269721269607544,0.040712207555770874,0
mujoco,flat_forward,1,1,1940,19.400000000000727,1.0,0.0,0.32800392589253236,0.0017093030844609306,-0.03260749218291166,0.33609780452844995,-0.06113691683684754,2.28509259223938,0.03713590279221535,0
mujoco,flat_forward,1,1,1941,19.41000000000074,1.0,0.0,0.3279871837942605,0.0017210256370983866,-0.03252327113797569,0.3346757635433373,-0.0591681594539605,2.2696533203125,0.034922316670417786,0
mujoco,flat_forward,1,1,1942,19.42000000000075,1.0,0.0,0.3279722412043617,0.0017293414548728977,-0.03253307242097317,0.33514445634352386,-0.05794002602477234,2.2854089736938477,0.03488122299313545,0
mujoco,flat_forward,1,1,1943,19.430000000000764,1.0,0.0,0.32795829126573767,0.0017524146048077073,-0.03241622872652596,0.33379135845259,-0.05789560487204293,2.274258852005005,0.029075084254145622,0
mujoco,flat_forward,1,1,1944,19.440000000000776,1.0,0.0,0.32794997934090986,0.001764492848089669,-0.032419480123558615,0.33430960769952045,-0.055080933946435526,2.288243055343628,0.030992500483989716,0
mujoco,flat_forward,1,1,1945,19.450000000000788,1.0,0.0,0.32794551653165144,0.0017992087022629735,-0.03234212682145638,0.3330444957646712,-0.05377841782241621,2.278369665145874,0.02562016434967518,0
mujoco,flat_forward,1,1,1946,19.4600000000008,1.0,0.0,0.3279457027527282,0.0018161590576870588,-0.03237191592082591,0.3336876282550075,-0.054739076637086395,2.288637638092041,0.023830074816942215,0
mujoco,flat_forward,1,1,1947,19.470000000000812,1.0,0.0,0.32794591032390924,0.0018527807992058374,-0.03236202395090461,0.33268626852957683,-0.052193121713359485,2.279468297958374,0.022999577224254608,0
mujoco,flat_forward,1,1,1948,19.480000000000825,1.0,0.0,0.3279475987618903,0.001868279750517498,-0.03238484630211646,0.3331702239603317,-0.05182575710248999,2.2879042625427246,0.019574977457523346,0
mujoco,flat_forward,1,1,1949,19.490000000000837,1.0,0.0,0.32795061035192447,0.001906133595615412,-0.03236985024058773,0.3322814303441808,-0.051968482689769155,2.284329891204834,0.014090346172451973,0
mujoco,flat_forward,1,1,1950,19.50000000000085,1.0,0.0,0.32795740757543873,0.0019158770160173611,-0.0323976851611668,0.3328827388666419,-0.05399043095708128,2.290795087814331,0.014102863147854805,0
mujoco,flat_forward,1,1,1951,19.51000000000086,1.0,0.0,0.3279644344168726,0.0019460739521353846,-0.03242870324945532,0.3322227163271419,-0.051285170360000895,2.2865309715270996,0.012023470364511013,0
mujoco,flat_forward,1,1,1952,19.520000000000874,1.0,0.0,0.327972612501549,0.0019521927645672916,-0.03245874152416862,0.33250028591652875,-0.05135422982755473,2.2893574237823486,0.009306643158197403,0
mujoco,flat_forward,1,1,1953,19.530000000000886,1.0,0.0,0.32798273982732673,0.001982291384047745,-0.032474865134747316,0.33184756959806766,-0.05186030428841539,2.289057970046997,0.006517807021737099,0
mujoco,flat_forward,1,1,1954,19.540000000000898,1.0,0.0,0.32799568357484926,0.0019819500196800906,-0.032509201258097406,0.3322280638535592,-0.054440982327289424,2.2905261516571045,0.005820064805448055,0
mujoco,flat_forward,1,1,1955,19.55000000000091,1.0,0.0,0.32800908898914616,0.0020037773375911117,-0.032542186076275945,0.3317678073175215,-0.05215965321327625,2.289313554763794,0.00585969677194953,0
mujoco,flat_forward,1,1,1956,19.560000000000922,1.0,0.0,0.328021729443398,0.002001415605280307,-0.03256118226263228,0.3318850885284451,-0.05267972426537461,2.2892744541168213,0.004360125865787268,0
mujoco,flat_forward,1,1,1957,19.570000000000935,1.0,0.0,0.3280359897151739,0.0020237377781158507,-0.03258603574501001,0.331405785186657,-0.05332791390405486,2.2910025119781494,0.007123646326363087,0
mujoco,flat_forward,1,1,1958,19.580000000000947,1.0,0.0,0.32805211786848704,0.002020468664147869,-0.03259013266951977,0.33137914079253405,-0.05277169033277298,2.2899084091186523,0.006689770612865686,0
mujoco,flat_forward,1,1,1959,19.59000000000096,1.0,0.0,0.3280715863421288,0.002041770792697766,-0.032637483124592324,0.33101487380829353,-0.05191599900969166,2.2919089794158936,0.009452487342059612,0
mujoco,flat_forward,1,1,1960,19.60000000000097,1.0,0.0,0.3280896961517606,0.002036797274515432,-0.03265833706922061,0.3309914435379333,-0.05462492431238242,2.2874481678009033,0.011380148120224476,0
mujoco,flat_forward,1,1,1961,19.610000000000984,1.0,0.0,0.3281069977293343,0.0020513750594823325,-0.03273358215471469,0.3308885393713936,-0.052386797338827555,2.290703296661377,0.011393086984753609,0
mujoco,flat_forward,1,1,1962,19.620000000000996,1.0,0.0,0.3281194151552997,0.0020485022535118177,-0.03273096402842916,0.33052164629702674,-0.05336478680093148,2.283846378326416,0.015308374539017677,0
mujoco,flat_forward,1,1,1963,19.630000000001008,1.0,0.0,0.3281314250238831,0.0020613366515633007,-0.032786557786764814,0.33056094218642146,-0.054681385235712296,2.2919559478759766,0.01859254017472267,0
mujoco,flat_forward,1,1,1964,19.64000000000102,1.0,0.0,0.3281418173935758,0.0020552347896695493,-0.03272819673334844,0.33007518370113537,-0.0541743794359938,2.2839810848236084,0.0196024589240551,0
mujoco,flat_forward,1,1,1965,19.650000000001032,1.0,0.0,0.3281538776235469,0.00206091201616175,-0.03279990985614943,0.33039380544261354,-0.05430501991299533,2.2936081886291504,0.023551583290100098,0
mujoco,flat_forward,1,1,1966,19.660000000001045,1.0,0.0,0.32816175887031374,0.0020495271800507666,-0.032759891764576464,0.3298135197611369,-0.05681974708035886,2.2794837951660156,0.028860004618763924,0
mujoco,flat_forward,1,1,1967,19.670000000001057,1.0,0.0,0.3281677749787132,0.0020465954039167056,-0.03284117526760243,0.33023711805034806,-0.05937130129897311,2.291051149368286,0.028348762542009354,0
mujoco,flat_forward,1,1,1968,19.68000000000107,1.0,0.0,0.3281705254034533,0.0020299349380585164,-0.03274374039954345,0.32952816040702465,-0.05995904055202572,2.2767789363861084,0.030844291672110558,0
mujoco,flat_forward,1,1,1969,19.69000000000108,1.0,0.0,0.32817317099854126,0.0020179824751820393,-0.03281570114643447,0.3299560169832041,-0.058714952863089594,2.2895443439483643,0.032426174730062485,0
mujoco,flat_forward,1,1,1970,19.700000000001094,1.0,0.0,0.32817485391270995,0.002013973082550466,-0.03267460836663911,0.3287002608492082,-0.05992140042373899,2.273258686065674,0.03282741457223892,0
mujoco,flat_forward,1,1,1971,19.710000000001106,1.0,0.0,0.3281774367541977,0.002011780966068022,-0.03270540636474917,0.3291657453136715,-0.056009003142469066,2.2896602153778076,0.036049433052539825,0
mujoco,flat_forward,1,1,1972,19.720000000001118,1.0,0.0,0.32817899947365087,0.002026014030422934,-0.03258160245041472,0.32765891478669057,-0.0579373089766767,2.2747857570648193,0.032319050282239914,0
mujoco,flat_forward,1,1,1973,19.73000000000113,1.0,0.0,0.32818163139890616,0.002035692272788968,-0.03263215106789681,0.32831569905339264,-0.05699553069236427,2.2910871505737305,0.033223532140254974,0
mujoco,flat_forward,1,1,1974,19.740000000001142,1.0,0.0,0.32818125637706025,0.0020573428388230915,-0.03256698970864872,0.3270936957886891,-0.0568383229602011,2.276482105255127,0.03308744356036186,0
mujoco,flat_forward,1,1,1975,19.750000000001155,1.0,0.0,0.32818041980754387,0.002066293898545973,-0.03261450257379491,0.3277307751267484,-0.05399407684339027,2.2914507389068604,0.031023118644952774,0
mujoco,flat_forward,1,1,1976,19.760000000001167,1.0,0.0,0.32817972425806,0.0020888644092392954,-0.032535370877819186,0.3266035020515912,-0.056399226719482776,2.281283140182495,0.025643490254878998,0
mujoco,flat_forward,1,1,1977,19.77000000000118,1.0,0.0,0.3281816979807684,0.0020954330750743376,-0.03256974374753737,0.3271864908973109,-0.05159521408409605,2.293699264526367,0.02586434967815876,0
mujoco,flat_forward,1,1,1978,19.78000000000119,1.0,0.0,0.3281857819775285,0.0021239117120058445,-0.03253358660953929,0.3261470336150126,-0.05247242127604729,2.2857015132904053,0.021085064858198166,0
mujoco,flat_forward,1,1,1979,19.790000000001204,1.0,0.0,0.32819210552756195,0.0021306290848480828,-0.03259667071594179,0.32679768573403956,-0.051373007297170654,2.2936758995056152,0.018463600426912308,0
mujoco,flat_forward,1,1,1980,19.800000000001216,1.0,0.0,0.32819803574409107,0.0021522820298094285,-0.032594558711363894,0.3259625692919243,-0.054925234949718786,2.2862043380737305,0.018235236406326294,0
mujoco,flat_forward,1,1,1981,19.810000000001228,1.0,0.0,0.32820509315507584,0.002148888223496575,-0.03264842090162975,0.32649160725331233,-0.05110875379264237,2.2935431003570557,0.01674879901111126,0
mujoco,flat_forward,1,1,1982,19.82000000000124,1.0,0.0,0.32821244772378394,0.00217053670473159,-0.032684553841892935,0.3257196192610459,-0.05228980023939129,2.2889089584350586,0.01393229141831398,0
mujoco,flat_forward,1,1,1983,19.830000000001252,1.0,0.0,0.3282202881516923,0.0021700175204215754,-0.03273008629709346,0.3259662620616879,-0.04746040684361192,2.2925865650177,0.009719007648527622,0
mujoco,flat_forward,1,1,1984,19.840000000001265,1.0,0.0,0.32822901945880467,0.002191717879288268,-0.03275590710082195,0.32535917659861885,-0.05239083171063573,2.2924282550811768,0.00816928781569004,0
mujoco,flat_forward,1,1,1985,19.850000000001277,1.0,0.0,0.3282384468995546,0.002179623597243983,-0.032813143711333696,0.3258070433380957,-0.05037133187068754,2.2942559719085693,0.008533919230103493,0
mujoco,flat_forward,1,1,1986,19.86000000000129,1.0,0.0,0.3282460082457727,0.00219027638086547,-0.03286725864492772,0.32539710212394957,-0.052420487425867295,2.292376756668091,0.007631823420524597,0
mujoco,flat_forward,1,1,1987,19.8700000000013,1.0,0.0,0.32825047508755306,0.0021722706565975897,-0.03290803255904029,0.32560571639377794,-0.04846906654372479,2.292503595352173,0.007437301799654961,0
mujoco,flat_forward,1,1,1988,19.880000000001314,1.0,0.0,0.3282537903809407,0.002178532178736832,-0.03295591070844376,0.32521898667954663,-0.05357018341397597,2.2934885025024414,0.008331348188221455,0
mujoco,flat_forward,1,1,1989,19.890000000001326,1.0,0.0,0.32825635331616637,0.002150091423713482,-0.03297433122149996,0.32530178574590674,-0.04800491267452361,2.2928035259246826,0.010968098416924477,0
mujoco,flat_forward,1,1,1990,19.900000000001338,1.0,0.0,0.32825946107918846,0.0021463912416749458,-0.03302642661818725,0.3249933360119943,-0.055400701423086514,2.294285297393799,0.010903850197792053,0
mujoco,flat_forward,1,1,1991,19.91000000000135,1.0,0.0,0.32826149098930196,0.002098446236418925,-0.03305172366595756,0.3252187066167892,-0.05189682426926701,2.292022466659546,0.013868994079530239,0
mujoco,flat_forward,1,1,1992,19.920000000001362,1.0,0.0,0.32826097103877827,0.0020795006948320315,-0.03314371740362362,0.32507447307933013,-0.0561936493029605,2.2923035621643066,0.01152370497584343,0
mujoco,flat_forward,1,1,1993,19.930000000001375,1.0,0.0,0.328256228895766,0.0020364880022679154,-0.033163662883840976,0.3249539821967566,-0.05098092674700057,2.2873945236206055,0.016204239800572395,0
mujoco,flat_forward,1,1,1994,19.940000000001387,1.0,0.0,0.3282485683600979,0.002019162874577213,-0.033247802407549404,0.324816310708329,-0.05824303999339653,2.2907655239105225,0.014944075606763363,0
mujoco,flat_forward,1,1,1995,19.9500000000014,1.0,0.0,0.32823848105071757,0.0019772082330805543,-0.033213706866449345,0.32457035855166055,-0.05148275390225994,2.2858452796936035,0.019784608855843544,0
mujoco,flat_forward,1,1,1996,19.96000000000141,1.0,0.0,0.3282264569572889,0.001955776588902053,-0.03329241376604268,0.3244404339333214,-0.05886873497015778,2.290722131729126,0.01851857826113701,0
mujoco,flat_forward,1,1,1997,19.970000000001424,1.0,0.0,0.32821764172043044,0.0019304647391879695,-0.03319365281725636,0.3239240523716521,-0.05212783680902684,2.2862000465393066,0.017296111211180687,0
mujoco,flat_forward,1,1,1998,19.980000000001436,1.0,0.0,0.3282083759043108,0.0019192599551490798,-0.03328597890644857,0.32387785932895735,-0.05385046498257617,2.2913854122161865,0.017296139150857925,0
mujoco,flat_forward,1,1,1999,19.990000000001448,1.0,0.0,0.3282024597606521,0.001912033426617701,-0.03317335168026908,0.3230795090144122,-0.04985088244582913,2.2851059436798096,0.016964301466941833,0
mujoco,flat_forward,1,1,2000,20.00000000000146,1.0,0.0,0.3281954823724532,0.0019086844130146682,-0.03326008053852887,0.3232681904487546,-0.0553530243630218,2.292127847671509,0.017039727419614792,0
