engine,scenario_id,repeat_id,seed,step,time_s,cmd_vx,cmd_yaw,base_z,base_roll,base_pitch,base_lin_vx,base_ang_yaw,action_l2,action_delta_l2,fallen_flag
mujoco,flat_forward,2,2,1,0.010000000000000002,1.0,0.0,0.49951925339504216,0.00031551781193965946,0.0026528117609707163,-0.00710847819081713,-0.10167392808684753,1.0706878900527954,0.0,0
mujoco,flat_forward,2,2,2,0.02000000000000001,1.0,0.0,0.49817438108825474,0.0005547919875861855,0.004568691776320595,-0.0009851003932436601,-0.07488127940506054,1.0949957370758057,0.328556627035141,0
mujoco,flat_forward,2,2,3,0.03000000000000002,1.0,0.0,0.49598331998793765,0.0004487066367242603,0.007265895164045769,-0.006093028423357307,-0.06381184714220564,1.0766799449920654,0.2006673365831375,0
mujoco,flat_forward,2,2,4,0.04000000000000003,1.0,0.0,0.4928522494035309,0.00041459615473352985,0.008969130367115406,-0.0025624710076921652,-0.05475057031529229,0.8925589919090271,0.22282294929027557,0
mujoco,flat_forward,2,2,5,0.05000000000000004,1.0,0.0,0.488755828201712,0.0001376624979374847,0.010980497933084714,-0.006353960466847615,-0.04795704054076425,0.7652779221534729,0.1984386146068573,0
mujoco,flat_forward,2,2,6,0.060000000000000046,1.0,0.0,0.4836358799229121,-6.261956979715995e-05,0.01230676381674027,-0.00510788728407349,-0.04352961148706969,0.6791900992393494,0.12001460790634155,0
mujoco,flat_forward,2,2,7,0.07000000000000005,1.0,0.0,0.47749322606431904,-0.000405250877850585,0.013601751322003865,-0.007491402873731785,-0.04297924654928659,0.6541205644607544,0.08462529629468918,0
mujoco,flat_forward,2,2,8,0.08000000000000006,1.0,0.0,0.47032496368759247,-0.0003723154809633523,0.01442360760696906,-0.0069505871040287555,-0.027292994654723093,0.673954963684082,0.1014246940612793,0
mujoco,flat_forward,2,2,9,0.09000000000000007,1.0,0.0,0.4621527465722592,-0.0004476465066704021,0.015287832093796902,-0.008594568139530011,-0.0326804425537323,0.7052498459815979,0.08790052682161331,0
mujoco,flat_forward,2,2,10,0.10000000000000007,1.0,0.0,0.45297479087752934,-0.0005847066669946759,0.015823626723901543,-0.008167123866546755,-0.03090834327322332,0.7440655827522278,0.05604822561144829,0
mujoco,flat_forward,2,2,11,0.11000000000000008,1.0,0.0,0.4428110131215947,-0.0006893971503549542,0.01628987961213541,-0.00894325766864466,-0.027201105282752824,0.7653821706771851,0.05605565011501312,0
mujoco,flat_forward,2,2,12,0.12000000000000009,1.0,0.0,0.431664273724904,-0.0008623377372117999,0.01661357897079536,-0.009171997683416824,-0.021003010760336074,0.7744008898735046,0.030634088441729546,0
mujoco,flat_forward,2,2,13,0.1300000000000001,1.0,0.0,0.419537470020606,-0.0009869550283687308,0.016760679221733278,-0.009261688246609416,-0.013822374202858107,0.7614835500717163,0.023120515048503876,0
mujoco,flat_forward,2,2,14,0.1400000000000001,1.0,0.0,0.4064360841638299,-0.001111661175460378,0.016868650489297088,-0.00959728648993209,-0.010731297147727253,0.7712223529815674,0.030503205955028534,0
mujoco,flat_forward,2,2,15,0.1500000000000001,1.0,0.0,0.3923620066196071,-0.0011767711063888973,0.01690217943408723,-0.010060053587631766,0.007913253278891703,0.7683999538421631,0.021652257069945335,0
mujoco,flat_forward,2,2,16,0.16000000000000011,1.0,0.0,0.3779680504966583,0.0026078252566211976,0.025144068681554478,-0.025793795099609187,0.12749641453097318,0.7949315309524536,0.05324907973408699,0
mujoco,flat_forward,2,2,17,0.17000000000000012,1.0,0.0,0.36542990332132325,0.009187199811734695,0.04833435622369645,-0.03688837793080726,0.17637486502254124,1.1234395503997803,0.9063460230827332,0
mujoco,flat_forward,2,2,18,0.18000000000000013,1.0,0.0,0.3558999813782478,0.013951800079341065,0.07063229283342984,-0.021174214783760845,0.059768329792523354,2.209758758544922,1.1281867027282715,0
mujoco,flat_forward,2,2,19,0.19000000000000014,1.0,0.0,0.34945204397598184,0.0182864742597966,0.0841109115133031,0.0008861827286553382,-0.03542416845152696,2.6545655727386475,0.5095251798629761,0
mujoco,flat_forward,2,2,20,0.20000000000000015,1.0,0.0,0.34557150904268086,0.02134954334134442,0.08727470721298036,0.025531583589579094,-0.17505993668873596,2.7072534561157227,0.2775246798992157,0
mujoco,flat_forward,2,2,21,0.21000000000000016,1.0,0.0,0.3436464158256765,0.024772348324975088,0.08570834613239728,0.0389947826753814,-0.1579122855273077,2.0660996437072754,0.7909354567527771,0
mujoco,flat_forward,2,2,22,0.22000000000000017,1.0,0.0,0.3429094345303161,0.027750128517137127,0.08181023196413018,0.050601047276794084,-0.1957592186535162,1.4888662099838257,0.8598887324333191,0
mujoco,flat_forward,2,2,23,0.23000000000000018,1.0,0.0,0.34275770227211,0.029901161698276817,0.0775555263132223,0.057689738824713364,-0.17879135772152982,1.3364273309707642,0.5470712184906006,0
mujoco,flat_forward,2,2,24,0.24000000000000019,1.0,0.0,0.3428081712462059,0.03161604488722475,0.0734353146339066,0.06403833778007265,-0.13782271593849826,1.3870553970336914,0.25693580508232117,0
mujoco,flat_forward,2,2,25,0.25000000000000017,1.0,0.0,0.3428938456933465,0.03298576986303328,0.07026570494938478,0.06664116719815807,-0.06617530890399473,1.4420702457427979,0.1365564614534378,0
mujoco,flat_forward,2,2,26,0.2600000000000002,1.0,0.0,0.3429552437312893,0.03412985039951351,0.06724629981212615,0.07161409869444971,-0.017932279413205715,1.4642460346221924,0.1432361900806427,0
mujoco,flat_forward,2,2,27,0.2700000000000002,1.0,0.0,0.34300475019505056,0.03501761149615026,0.06489830445838238,0.07464383908739303,0.004068998279063251,1.452434778213501,0.08812274783849716,0
mujoco,flat_forward,2,2,28,0.2800000000000002,1.0,0.0,0.34303912354130117,0.03590751520123142,0.06269230987670686,0.07960146256707765,0.023735463258347515,1.4423941373825073,0.11244066059589386,0
mujoco,flat_forward,2,2,29,0.2900000000000002,1.0,0.0,0.343071580242614,0.03692185185206408,0.06075852055083658,0.08383666024822374,0.026576560466918177,1.4253631830215454,0.0869763046503067,0
mujoco,flat_forward,2,2,30,0.3000000000000002,1.0,0.0,0.3430966542646521,0.03812382725238558,0.05901224123861314,0.08863937849078111,0.03592465916366851,1.4263426065444946,0.0742422565817833,0
mujoco,flat_forward,2,2,31,0.3100000000000002,1.0,0.0,0.34310646479833695,0.03949984926329268,0.05745690650709426,0.09334507959189933,0.04353963441131646,1.4460523128509521,0.06264857947826385,0
mujoco,flat_forward,2,2,32,0.32000000000000023,1.0,0.0,0.3430962411197006,0.04088404048028894,0.05609808706080591,0.09662326217195112,0.03739127199141686,1.4592961072921753,0.05776931345462799,0
mujoco,flat_forward,2,2,33,0.33000000000000024,1.0,0.0,0.3430742855276845,0.0421732803388478,0.0548153533220626,0.10044908446829387,0.033306229281423044,1.4711295366287231,0.04971613362431526,0
mujoco,flat_forward,2,2,34,0.34000000000000025,1.0,0.0,0.34305035261734523,0.04335647984091469,0.05350414244025601,0.10466543574945482,0.026938873750003842,1.4672436714172363,0.0248654056340456,0
mujoco,flat_forward,2,2,35,0.35000000000000026,1.0,0.0,0.3430259457593661,0.04450369200838058,0.05215289792466817,0.10924099741061753,0.020163956186850743,1.4587358236312866,0.026460060849785805,0
mujoco,flat_forward,2,2,36,0.36000000000000026,1.0,0.0,0.34299983499914327,0.04558983384320468,0.05082945391652294,0.11400564455295333,0.010773961699148862,1.4492818117141724,0.017503896728157997,0
mujoco,flat_forward,2,2,37,0.3700000000000003,1.0,0.0,0.3429649546516755,0.04665526649225441,0.04946324958450159,0.11911809024237818,0.00890123135544309,1.4444602727890015,0.018844155594706535,0
mujoco,flat_forward,2,2,38,0.3800000000000003,1.0,0.0,0.3429221013673863,0.047740488009286555,0.048292486980493425,0.12264191929001494,0.02641807729272254,1.4412932395935059,0.008199064061045647,0
mujoco,flat_forward,2,2,39,0.3900000000000003,1.0,0.0,0.34287458604484106,0.048845377818643995,0.04718696501641984,0.1270504515518106,0.04076593983716703,1.4463348388671875,0.016149932518601418,0
mujoco,flat_forward,2,2,40,0.4000000000000003,1.0,0.0,0.3428261015544939,0.04991945476602616,0.04621207113403447,0.13003446513740216,0.03474310256677943,1.4474600553512573,0.011378288269042969,0
mujoco,flat_forward,2,2,41,0.4100000000000003,1.0,0.0,0.3427818935795652,0.05085556038223709,0.04535189210783416,0.1335182473639058,0.0243111362271478,1.45743727684021,0.020367251709103584,0
mujoco,flat_forward,2,2,42,0.4200000000000003,1.0,0.0,0.3427468831266692,0.0516975531821835,0.04449018527971417,0.13739862150765927,0.018744876347259236,1.465908408164978,0.016930898651480675,0
mujoco,flat_forward,2,2,43,0.4300000000000003,1.0,0.0,0.3427182587811436,0.05248470456307221,0.043590239785843726,0.1416947778819335,0.015391344857071576,1.4705836772918701,0.00910936202853918,0
mujoco,flat_forward,2,2,44,0.44000000000000034,1.0,0.0,0.342688788305814,0.0532223262369432,0.04263958000912347,0.14639828338289615,0.013921100842813738,1.4748398065567017,0.008420758880674839,0
mujoco,flat_forward,2,2,45,0.45000000000000034,1.0,0.0,0.3426499958214983,0.05391764518003991,0.04164183744504231,0.15111319553709804,0.01696244519685991,1.4778828620910645,0.008368083275854588,0
mujoco,flat_forward,2,2,46,0.46000000000000035,1.0,0.0,0.34260152929843635,0.054641842500632726,0.0407606711726209,0.15480174666941485,0.038182521199281776,1.4822931289672852,0.007262120489031076,0
mujoco,flat_forward,2,2,47,0.47000000000000036,1.0,0.0,0.34255054151413405,0.055385383113309226,0.040105809821439506,0.1572509005193179,0.033139575241627355,1.487024188041687,0.015203114598989487,0
mujoco,flat_forward,2,2,48,0.48000000000000037,1.0,0.0,0.3425082544685548,0.05602674141723763,0.0395311290122475,0.1605759412922951,0.02541699901783015,1.4999135732650757,0.023097053170204163,0
mujoco,flat_forward,2,2,49,0.4900000000000004,1.0,0.0,0.3424814936278599,0.056586896736775576,0.038928279022402305,0.16434553245861694,0.020969226768837362,1.5087969303131104,0.01540902629494667,0
mujoco,flat_forward,2,2,50,0.5000000000000003,1.0,0.0,0.3424627660294347,0.057081415718075776,0.03821667501735241,0.16871320722851946,0.01923640419200314,1.5112224817276,0.006055927369743586,0
mujoco,flat_forward,2,2,51,0.5100000000000003,1.0,0.0,0.34243990832764115,0.05751611711794007,0.03740175721674809,0.17347961692858485,0.02032410066728212,1.511129379272461,0.00788660068064928,0
mujoco,flat_forward,2,2,52,0.5200000000000004,1.0,0.0,0.3424018066176977,0.057911061767019795,0.036545692707549704,0.1775391381409675,0.03288773380301447,1.511892318725586,0.007770423777401447,0
mujoco,flat_forward,2,2,53,0.5300000000000004,1.0,0.0,0.3423563019125941,0.05836779551926821,0.03603366888071174,0.17944711865940788,0.030659149051556516,1.5160118341445923,0.010343472473323345,0
mujoco,flat_forward,2,2,54,0.5400000000000004,1.0,0.0,0.3423172169394761,0.058757822486137,0.035603159978699485,0.18268131475431687,0.02519745467374687,1.5293879508972168,0.02893959730863571,0
mujoco,flat_forward,2,2,55,0.5500000000000004,1.0,0.0,0.34229500112497363,0.05908142879325733,0.03513856279425485,0.1863077481142064,0.022973869125032458,1.5375345945358276,0.014063424430787563,0
mujoco,flat_forward,2,2,56,0.5600000000000004,1.0,0.0,0.3422814366900931,0.05933726262809916,0.03454533436188518,0.19066567027480988,0.021208017862626032,1.5397205352783203,0.006590912584215403,0
mujoco,flat_forward,2,2,57,0.5700000000000004,1.0,0.0,0.3422614794069628,0.05953223411903663,0.03380135082042296,0.1955125729769173,0.02254859561002134,1.5386896133422852,0.00821662787348032,0
mujoco,flat_forward,2,2,58,0.5800000000000004,1.0,0.0,0.3422251051735308,0.05971162922285826,0.033149050962043576,0.1979843644991686,0.03165889897915382,1.5369751453399658,0.01027566660195589,0
mujoco,flat_forward,2,2,59,0.5900000000000004,1.0,0.0,0.34218809691294827,0.05991385483570192,0.03282181658068686,0.2003551203367093,0.026612673762107752,1.5473228693008423,0.02523704431951046,0
mujoco,flat_forward,2,2,60,0.6000000000000004,1.0,0.0,0.34216576578304453,0.060065408409201236,0.03249043311604132,0.20379980315289958,0.022153175109631246,1.5585240125656128,0.02033742517232895,0
mujoco,flat_forward,2,2,61,0.6100000000000004,1.0,0.0,0.3421567530590945,0.060158672974283546,0.032038703303268426,0.20779557023307876,0.02060589305272045,1.563034176826477,0.011038471013307571,0
mujoco,flat_forward,2,2,62,0.6200000000000004,1.0,0.0,0.34214616353273336,0.06020110332286375,0.03141681194160644,0.21247630103522133,0.02050350904891567,1.5624446868896484,0.007551397196948528,0
mujoco,flat_forward,2,2,63,0.6300000000000004,1.0,0.0,0.3421203082768683,0.06022885732320485,0.0307616328392208,0.21548720566757043,0.0321315408859121,1.5585951805114746,0.011077606119215488,0
mujoco,flat_forward,2,2,64,0.6400000000000005,1.0,0.0,0.3420934519659322,0.06027422107755518,0.030461939484677725,0.21745427614805948,0.02579148686012736,1.5649569034576416,0.018147887662053108,0
mujoco,flat_forward,2,2,65,0.6500000000000005,1.0,0.0,0.34208064013151507,0.06029778435039551,0.030195188156281184,0.22079821100630717,0.020261973536581768,1.5769184827804565,0.023638207465410233,0
mujoco,flat_forward,2,2,66,0.6600000000000005,1.0,0.0,0.34207946741413264,0.060278430407383544,0.02979213971892747,0.22478938675635174,0.017592882302216586,1.5804014205932617,0.01251754630357027,0
mujoco,flat_forward,2,2,67,0.6700000000000005,1.0,0.0,0.3420739061178006,0.060185532406228266,0.029197229341280346,0.22946531728605063,0.017604281302573774,1.5807687044143677,0.00954525638371706,0
mujoco,flat_forward,2,2,68,0.6800000000000005,1.0,0.0,0.34205723112930103,0.06011276193934986,0.028715566210604882,0.23169814852319495,0.029530494658579414,1.5776132345199585,0.007879395969212055,0
mujoco,flat_forward,2,2,69,0.6900000000000005,1.0,0.0,0.34204458888369704,0.060070232058969254,0.028520611270232293,0.2340611107683618,0.023978636655493813,1.5866891145706177,0.02743382193148136,0
mujoco,flat_forward,2,2,70,0.7000000000000005,1.0,0.0,0.3420470251378865,0.05997338755605512,0.02827470644257138,0.2376469830111041,0.019486120969787493,1.5953032970428467,0.017891626805067062,0
mujoco,flat_forward,2,2,71,0.7100000000000005,1.0,0.0,0.3420554506816004,0.05982561853666255,0.027822414622344045,0.2419556100869307,0.018317271425416632,1.595807433128357,0.01059526763856411,0
mujoco,flat_forward,2,2,72,0.7200000000000005,1.0,0.0,0.3420531121594243,0.05964790350054451,0.02722143444066461,0.24580220978825126,0.02885565372331608,1.5936360359191895,0.01208374835550785,0
mujoco,flat_forward,2,2,73,0.7300000000000005,1.0,0.0,0.3420443138787811,0.05952040232100233,0.026896657169206157,0.2473987095052363,0.02652341968888772,1.592918872833252,0.011110064573585987,0
mujoco,flat_forward,2,2,74,0.7400000000000005,1.0,0.0,0.34204528972427717,0.059380903476855415,0.02667897791338706,0.25052033325155726,0.020997106320963334,1.6043673753738403,0.02787727117538452,0
mujoco,flat_forward,2,2,75,0.7500000000000006,1.0,0.0,0.34205511839236685,0.05917216838451736,0.026290966864488376,0.2545886387652502,0.020032455480232476,1.607147216796875,0.010921194218099117,0
mujoco,flat_forward,2,2,76,0.7600000000000006,1.0,0.0,0.3420571313528198,0.05889493598776031,0.025710507559949913,0.2586557549862217,0.026298250915548205,1.6049779653549194,0.012398707680404186,0
mujoco,flat_forward,2,2,77,0.7700000000000006,1.0,0.0,0.3420513263347474,0.058684997795246864,0.025367895796399687,0.2603511990734745,0.029439453251515084,1.6049156188964844,0.007767265662550926,0
mujoco,flat_forward,2,2,78,0.7800000000000006,1.0,0.0,0.3420524284881809,0.05846057224023714,0.025169335964665293,0.26329595500415753,0.024291155026235894,1.6150486469268799,0.029225187376141548,0
mujoco,flat_forward,2,2,79,0.7900000000000006,1.0,0.0,0.3420629379786473,0.058161056914193855,0.02480649980872116,0.2672680786156708,0.02279748312663647,1.6200644969940186,0.0107364347204566,0
mujoco,flat_forward,2,2,80,0.8000000000000006,1.0,0.0,0.34206700199600387,0.05779545416050377,0.02423819132837053,0.2714663848833383,0.025819284562502324,1.6162883043289185,0.013218221254646778,0
mujoco,flat_forward,2,2,81,0.8100000000000006,1.0,0.0,0.3420620653842216,0.057503410354298456,0.023915607708985105,0.27287461342952096,0.027496882028731094,1.6155436038970947,0.007315649185329676,0
mujoco,flat_forward,2,2,82,0.8200000000000006,1.0,0.0,0.3420633720215973,0.057202973139063855,0.02371409491697617,0.2758590846926824,0.025128070083555467,1.627158522605896,0.032890114933252335,0
mujoco,flat_forward,2,2,83,0.8300000000000006,1.0,0.0,0.3420736141230326,0.0568346142233399,0.023343497097646396,0.279843379834002,0.024105055025973408,1.630984902381897,0.008124093525111675,0
mujoco,flat_forward,2,2,84,0.8400000000000006,1.0,0.0,0.3420754528993082,0.056415369992724514,0.022801500370475798,0.2835274646006321,0.030376534271705648,1.6262420415878296,0.014979330822825432,0
mujoco,flat_forward,2,2,85,0.8500000000000006,1.0,0.0,0.342072009708086,0.05607671941278476,0.0225536254983044,0.28495243401269,0.028072088344397693,1.627547264099121,0.008498026989400387,0
mujoco,flat_forward,2,2,86,0.8600000000000007,1.0,0.0,0.3420771517805752,0.05570591892427862,0.022354180992423714,0.2881449106881469,0.024603101193984296,1.6391263008117676,0.031122511252760887,0
mujoco,flat_forward,2,2,87,0.8700000000000007,1.0,0.0,0.34208689278657783,0.05526159212630176,0.021942469489106328,0.29235321647486423,0.022770248818962464,1.641130805015564,0.00894004013389349,0
mujoco,flat_forward,2,2,88,0.8800000000000007,1.0,0.0,0.34208317464233806,0.05479295578153865,0.021455285584899886,0.2948617281991174,0.023609804453777618,1.634668231010437,0.01774153858423233,0
mujoco,flat_forward,2,2,89,0.8900000000000007,1.0,0.0,0.3420788301201297,0.054391409233536726,0.02126140688620328,0.29693006155513674,0.02325539346088386,1.6431697607040405,0.022158976644277573,0
mujoco,flat_forward,2,2,90,0.9000000000000007,1.0,0.0,0.3420844855568832,0.053961724622698784,0.021007528810064256,0.30051179033228603,0.02209847527219987,1.6509885787963867,0.019337883219122887,0
mujoco,flat_forward,2,2,91,0.9100000000000007,1.0,0.0,0.3420864754739396,0.053477317109018534,0.020493643230368293,0.3048007274983723,0.023617342894738522,1.647896409034729,0.012033462524414062,0
mujoco,flat_forward,2,2,92,0.9200000000000007,1.0,0.0,0.34207846840749867,0.053052906381883654,0.020177466229803202,0.30585018749473064,0.024858143663212387,1.6418399810791016,0.014626546762883663,0
mujoco,flat_forward,2,2,93,0.9300000000000007,1.0,0.0,0.34207639042476784,0.05262795944614809,0.020006117135875166,0.30871039794574506,0.02405094571958835,1.6563501358032227,0.034895915538072586,0
mujoco,flat_forward,2,2,94,0.9400000000000007,1.0,0.0,0.3420784803364336,0.052141665485943456,0.019618576786625545,0.3128477837804689,0.02411862355257391,1.659631609916687,0.009019781835377216,0
mujoco,flat_forward,2,2,95,0.9500000000000007,1.0,0.0,0.3420665992945265,0.05163562445551398,0.0191611701531051,0.3149751876956084,0.02187111271521738,1.6514172554016113,0.019075438380241394,0
mujoco,flat_forward,2,2,96,0.9600000000000007,1.0,0.0,0.3420559601074605,0.051172613308361085,0.01897760518440403,0.3171087420181974,0.022172930193355138,1.6608147621154785,0.02326413430273533,0
mujoco,flat_forward,2,2,97,0.9700000000000008,1.0,0.0,0.3420532638905998,0.05070447905087249,0.018676796176322907,0.3208219695829772,0.023505602341431262,1.6681193113327026,0.015472440980374813,0
mujoco,flat_forward,2,2,98,0.9800000000000008,1.0,0.0,0.34204042348080527,0.05020397803480872,0.01814145128296076,0.3242162891820984,0.01961099832006369,1.6619716882705688,0.016743365675210953,0
mujoco,flat_forward,2,2,99,0.9900000000000008,1.0,0.0,0.3420226182083766,0.049714041939339225,0.017887274820518634,0.325613309984649,0.020823220139642735,1.6608511209487915,0.0056306407786905766,0
mujoco,flat_forward,2,2,100,1.0000000000000007,1.0,0.0,0.34201289123237644,0.049248625404513066,0.017661071998852772,0.32884008267943987,0.022321747738255404,1.673274278640747,0.025324054062366486,0
mujoco,flat_forward,2,2,101,1.0099999999999996,1.0,0.0,0.34199899016297414,0.04877037629654957,0.017187341103668666,0.33266500568072904,0.017480662933670957,1.6718100309371948,0.013276445679366589,0
mujoco,flat_forward,2,2,102,1.0199999999999985,1.0,0.0,0.34197891973766253,0.04828684615418353,0.016936797765672206,0.3336276192356396,0.01850732967216717,1.6653540134429932,0.01197394635528326,0
mujoco,flat_forward,2,2,103,1.0299999999999974,1.0,0.0,0.3419666201419814,0.04782733284294168,0.016764417566431614,0.33658535642503923,0.021806750163629585,1.6800841093063354,0.03143461048603058,0
mujoco,flat_forward,2,2,104,1.0399999999999963,1.0,0.0,0.34195299262342144,0.04736830086550475,0.016323051125874205,0.3405458719118476,0.019837470140314284,1.679839849472046,0.013394000008702278,0
mujoco,flat_forward,2,2,105,1.0499999999999952,1.0,0.0,0.34192736887171254,0.046853485341751065,0.016012806464148523,0.3415764631089542,0.016086543257888344,1.6704682111740112,0.019311927258968353,0
mujoco,flat_forward,2,2,106,1.059999999999994,1.0,0.0,0.3419062300173654,0.046378830680631276,0.015826214963917448,0.3443041867248469,0.01932236370833928,1.6834907531738281,0.03024003468453884,0
mujoco,flat_forward,2,2,107,1.069999999999993,1.0,0.0,0.34188456326603595,0.04592487702447198,0.015395586226998657,0.3481125190884912,0.017261298318683956,1.6841537952423096,0.013879338279366493,0
mujoco,flat_forward,2,2,108,1.0799999999999919,1.0,0.0,0.34185100407194013,0.045394357462322246,0.015080147325565292,0.34924080384577244,0.012228167956204076,1.6757532358169556,0.019500330090522766,0
mujoco,flat_forward,2,2,109,1.0899999999999908,1.0,0.0,0.3418213616856944,0.04491004186509839,0.014888655983780318,0.3518841860162721,0.01693594150994184,1.6881768703460693,0.028765877708792686,0
mujoco,flat_forward,2,2,110,1.0999999999999897,1.0,0.0,0.3417908113388369,0.044458265561861374,0.014453456887542149,0.3556122459100546,0.015303214924312908,1.6882436275482178,0.015163073316216469,0
mujoco,flat_forward,2,2,111,1.1099999999999886,1.0,0.0,0.3417481864612005,0.04392583096074906,0.014143846511707362,0.3566612158276703,0.011011209020065287,1.6803487539291382,0.020187562331557274,0
mujoco,flat_forward,2,2,112,1.1199999999999875,1.0,0.0,0.3417092419675987,0.0434482982481541,0.013937826031269617,0.3593549940803152,0.016013314181769864,1.6927058696746826,0.029244888573884964,0
mujoco,flat_forward,2,2,113,1.1299999999999863,1.0,0.0,0.34166834341364466,0.04299486724527685,0.013495578987839874,0.36281615635783027,0.011611567533795955,1.6915433406829834,0.0167328342795372,0
mujoco,flat_forward,2,2,114,1.1399999999999852,1.0,0.0,0.3416174997768032,0.04245161319389814,0.013216137290243204,0.3637294729633457,0.01006062829113014,1.6860376596450806,0.017923707142472267,0
mujoco,flat_forward,2,2,115,1.1499999999999841,1.0,0.0,0.34157105848962427,0.041982331404215804,0.012966216232242445,0.36659460400718186,0.015546534669307933,1.6977455615997314,0.02802930399775505,0
mujoco,flat_forward,2,2,116,1.159999999999983,1.0,0.0,0.3415208087832288,0.0415288234470076,0.012533152332433347,0.3694590856154017,0.007409547439707142,1.6934306621551514,0.020952168852090836,0
mujoco,flat_forward,2,2,117,1.169999999999982,1.0,0.0,0.34146697732911935,0.04100700559608261,0.012321902788774975,0.37038519413073606,0.010985437262414655,1.692816972732544,0.01200639083981514,0
mujoco,flat_forward,2,2,118,1.1799999999999808,1.0,0.0,0.34141821340985784,0.04056940909688196,0.012027876826727504,0.3734972445718408,0.01774883258029951,1.7021617889404297,0.02234875224530697,0
mujoco,flat_forward,2,2,119,1.1899999999999797,1.0,0.0,0.34136169161976826,0.040119407796183074,0.011617916795032641,0.37554256062421476,0.009466839664099235,1.6946558952331543,0.02565200999379158,0
mujoco,flat_forward,2,2,120,1.1999999999999786,1.0,0.0,0.3413045796729844,0.039624544582917434,0.011440682578770059,0.3769207052505017,0.013993116930533983,1.7003430128097534,0.015524659305810928,0
mujoco,flat_forward,2,2,121,1.2099999999999775,1.0,0.0,0.34125001884486483,0.03920405142992111,0.011068647007915019,0.3803241918575504,0.020492427813676526,1.705143690109253,0.012802314013242722,0
mujoco,flat_forward,2,2,122,1.2199999999999764,1.0,0.0,0.3411839098809615,0.03874198126890466,0.01069110413056383,0.38140542778735964,0.010211357375680904,1.694979190826416,0.029545839875936508,0
mujoco,flat_forward,2,2,123,1.2299999999999753,1.0,0.0,0.34111944465984323,0.03826876847354404,0.010492638269327944,0.3832551252169974,0.01604662833836592,1.7053636312484741,0.025636883452534676,0
mujoco,flat_forward,2,2,124,1.2399999999999742,1.0,0.0,0.34105409406437254,0.03785859571823621,0.010054084809858806,0.38613580149981847,0.013268015157184352,1.7045214176177979,0.011193285696208477,0
mujoco,flat_forward,2,2,125,1.2499999999999731,1.0,0.0,0.34098271263735,0.03733330676109999,0.009754257538892098,0.38676396565583415,0.009962201415014848,1.6985822916030884,0.019316397607326508,0
mujoco,flat_forward,2,2,126,1.259999999999972,1.0,0.0,0.34091628832813337,0.036895323406924696,0.00946845816253537,0.38926783148376654,0.0189989867948435,1.70817232131958,0.02368754707276821,0
mujoco,flat_forward,2,2,127,1.269999999999971,1.0,0.0,0.34084239201164857,0.036491854035108615,0.009017186864424251,0.3914393084890263,0.008083749549200187,1.6992467641830444,0.02603049762547016,0
mujoco,flat_forward,2,2,128,1.2799999999999698,1.0,0.0,0.34076409231068455,0.03599784476007206,0.008787407041095607,0.3921447934526209,0.01254509985152963,1.7010154724121094,0.01268578227609396,0
mujoco,flat_forward,2,2,129,1.2899999999999687,1.0,0.0,0.3406867434366741,0.03561630739108821,0.008421260408244235,0.395084498468881,0.021271021515637853,1.7072432041168213,0.018033340573310852,0
mujoco,flat_forward,2,2,130,1.2999999999999676,1.0,0.0,0.34060058479667377,0.03518323955864026,0.008071398364632939,0.39601691005440276,0.008643123516933967,1.6962319612503052,0.03057590126991272,0
mujoco,flat_forward,2,2,131,1.3099999999999665,1.0,0.0,0.34051623356187516,0.0347398178341048,0.007893295212456809,0.3975365168047906,0.015593019226059846,1.7070095539093018,0.024331016466021538,0
mujoco,flat_forward,2,2,132,1.3199999999999654,1.0,0.0,0.34042962391984793,0.03439035257786181,0.007483361924837248,0.3999906078761278,0.011681132413890264,1.7049778699874878,0.013147409074008465,0
mujoco,flat_forward,2,2,133,1.3299999999999643,1.0,0.0,0.34033771181493505,0.033916539049257864,0.007206917519367441,0.400462125289123,0.009827258124030812,1.699110746383667,0.018976379185914993,0
mujoco,flat_forward,2,2,134,1.3399999999999632,1.0,0.0,0.34025048789741175,0.03353697939838588,0.006918571735236579,0.40284856120517404,0.019640976520059993,1.708566665649414,0.021793300285935402,0
mujoco,flat_forward,2,2,135,1.3499999999999621,1.0,0.0,0.34015667279600936,0.0331774827683091,0.006577511304966047,0.4040384713953628,0.00516552527094707,1.6971243619918823,0.02955511584877968,0
mujoco,flat_forward,2,2,136,1.359999999999961,1.0,0.0,0.3400620596836725,0.032759661927480616,0.006395763202214066,0.4049185311116408,0.012604553672341976,1.7025645971298218,0.017058538272976875,0
mujoco,flat_forward,2,2,137,1.36999999999996,1.0,0.0,0.3399672442287223,0.03245328256640178,0.0060355221801977775,0.4070222206522812,0.011637876598887835,1.704919695854187,0.011883107014000416,0
mujoco,flat_forward,2,2,138,1.3799999999999588,1.0,0.0,0.33986814844960955,0.0320329916661366,0.005734305321449871,0.4076754580290433,0.00675673016888606,1.697173833847046,0.021359138190746307,0
mujoco,flat_forward,2,2,139,1.3899999999999577,1.0,0.0,0.33977278082041457,0.03168407624193092,0.0054812051951077185,0.40953521703895385,0.01814969893434815,1.7056317329406738,0.017688388004899025,0
mujoco,flat_forward,2,2,140,1.3999999999999566,1.0,0.0,0.33967124414103245,0.03138881473868024,0.005154494690544212,0.4107331252411744,0.0034426556120844237,1.6963796615600586,0.024785971269011497,0
mujoco,flat_forward,2,2,141,1.4099999999999555,1.0,0.0,0.33956767010437344,0.031021625294470678,0.0049633962529654525,0.4111912441656908,0.011935177543679582,1.6986428499221802,0.014758199453353882,0
mujoco,flat_forward,2,2,142,1.4199999999999544,1.0,0.0,0.33946458560933157,0.030760831608698885,0.004644857128854666,0.4129530304790101,0.011953105504927827,1.7038296461105347,0.014374908991158009,0
mujoco,flat_forward,2,2,143,1.4299999999999533,1.0,0.0,0.3393592434451019,0.030415016834952357,0.004380383749236117,0.4133906531037221,0.007846009439031576,1.6962608098983765,0.020560622215270996,0
mujoco,flat_forward,2,2,144,1.4399999999999522,1.0,0.0,0.339258813098443,0.03013295040338225,0.004152032661169087,0.41499101075816963,0.019324060372813347,1.7036688327789307,0.015451340936124325,0
mujoco,flat_forward,2,2,145,1.449999999999951,1.0,0.0,0.3391529306846946,0.029900850994147493,0.0038474008649268016,0.41603588913705497,0.002761688069185044,1.6961321830749512,0.023019904270768166,0
mujoco,flat_forward,2,2,146,1.45999999999995,1.0,0.0,0.33903979360987346,0.02955450719809363,0.003634492859264741,0.4163970991100005,0.009974079588243319,1.6958942413330078,0.017085852101445198,0
mujoco,flat_forward,2,2,147,1.469999999999949,1.0,0.0,0.3389245070973346,0.029324052750164073,0.0033126403258154505,0.41790450051684863,0.010351151497015874,1.7010663747787476,0.01639011688530445,0
mujoco,flat_forward,2,2,148,1.4799999999999478,1.0,0.0,0.3388073048741612,0.029029837424891642,0.003041945866800483,0.418396285643029,0.0038133028199735393,1.6935133934020996,0.020772449672222137,0
mujoco,flat_forward,2,2,149,1.4899999999999467,1.0,0.0,0.3386937984833469,0.028792411189812114,0.002821498171509588,0.41976305394942703,0.016255554808414088,1.6986128091812134,0.012769890017807484,0
mujoco,flat_forward,2,2,150,1.4999999999999456,1.0,0.0,0.33857577130153677,0.028623540633019678,0.0025523730437848717,0.420486433157723,0.0018715156496807368,1.6929112672805786,0.020781321451067924,0
mujoco,flat_forward,2,2,151,1.5099999999999445,1.0,0.0,0.33845815471330926,0.028393954951039014,0.0024079884928564018,0.42068324511063493,0.01158595478544627,1.6932337284088135,0.015301467850804329,0
mujoco,flat_forward,2,2,152,1.5199999999999434,1.0,0.0,0.3383437094025504,0.028241448386085097,0.0021631093055307043,0.42178452744038447,0.008835956741058922,1.6980787515640259,0.013252836652100086,0
mujoco,flat_forward,2,2,153,1.5299999999999423,1.0,0.0,0.3382311406377273,0.027999991907234265,0.0019617837568463464,0.4220103296490571,0.005432972398363923,1.6928216218948364,0.016524983569979668,0
mujoco,flat_forward,2,2,154,1.5399999999999412,1.0,0.0,0.33812452121975217,0.02782572254331737,0.0017556148418496117,0.4232218087817022,0.01687165458387888,1.6969529390335083,0.011077887378633022,0
mujoco,flat_forward,2,2,155,1.54999999999994,1.0,0.0,0.33801665700467,0.027681799112043506,0.001554050013397172,0.42367910792897756,0.0003953850295320803,1.690460205078125,0.02015722543001175,0
mujoco,flat_forward,2,2,156,1.559999999999939,1.0,0.0,0.33790832258663106,0.027488323188938468,0.0014479287052128554,0.4238662044883992,0.011241067685045724,1.6921191215515137,0.015854662284255028,0
mujoco,flat_forward,2,2,157,1.569999999999938,1.0,0.0,0.3378011528096246,0.02736800226188771,0.0012534990223088034,0.4246239479224249,0.005881463531907314,1.695493459701538,0.014117227867245674,0
mujoco,flat_forward,2,2,158,1.5799999999999368,1.0,0.0,0.3376962075967872,0.02716670384648659,0.001093627511379431,0.42479719254483084,0.0029450819799353317,1.6920095682144165,0.013689055107533932,0
mujoco,flat_forward,2,2,159,1.5899999999999357,1.0,0.0,0.3375967347137935,0.027038892149399744,0.0009266875019613872,0.42569320509194186,0.01278104421728939,1.6947987079620361,0.008979551494121552,0
mujoco,flat_forward,2,2,160,1.5999999999999346,1.0,0.0,0.3374984029459696,0.026918213084541807,0.0007759275858759575,0.42610013146641024,-0.0035612489825335965,1.6901005506515503,0.015101807191967964,0
mujoco,flat_forward,2,2,161,1.6099999999999335,1.0,0.0,0.3374011127753199,0.026764791206196757,0.0006982823318545574,0.42622226309673583,0.008579085938789149,1.6904449462890625,0.014496872201561928,0
mujoco,flat_forward,2,2,162,1.6199999999999324,1.0,0.0,0.33730398673971845,0.02668364998291868,0.0005284790950427235,0.42691604565577695,0.004192128751691882,1.6927242279052734,0.013704407960176468,0
mujoco,flat_forward,2,2,163,1.6299999999999313,1.0,0.0,0.3372094658714771,0.026545401446319127,0.00041733240622956005,0.4267485921765045,0.0032109876958023855,1.6900362968444824,0.01280964259058237,0
mujoco,flat_forward,2,2,164,1.6399999999999302,1.0,0.0,0.33712201586893903,0.026463674511506365,0.0002817494066371129,0.4276179745686365,0.011816308588134978,1.6933777332305908,0.010136600583791733,0
mujoco,flat_forward,2,2,165,1.649999999999929,1.0,0.0,0.33703608933939194,0.02637331347390643,0.00015645349784565614,0.4277000227215126,-0.003445075531771125,1.6888258457183838,0.014953503385186195,0
mujoco,flat_forward,2,2,166,1.659999999999928,1.0,0.0,0.3369545727665948,0.026270368432368154,0.00010735551601806329,0.4277913389792295,0.00795559719527691,1.6906802654266357,0.014538414776325226,0
mujoco,flat_forward,2,2,167,1.6699999999999269,1.0,0.0,0.3368738149126758,0.02622604272432682,-4.3439067140582646e-05,0.4283924144993269,0.002035791153021597,1.6921098232269287,0.011338997632265091,0
mujoco,flat_forward,2,2,168,1.6799999999999258,1.0,0.0,0.33679424996789087,0.02611528030926596,-0.00013901527367030347,0.42817462838409664,0.00043373664944199735,1.6899596452713013,0.012024804949760437,0
mujoco,flat_forward,2,2,169,1.6899999999999247,1.0,0.0,0.3367204101930126,0.026056631812176965,-0.00025464881186042996,0.42896678982631337,0.009081817708626065,1.6935216188430786,0.010551479645073414,0
mujoco,flat_forward,2,2,170,1.6999999999999236,1.0,0.0,0.33664739786838743,0.02598754366539611,-0.0003611527222044836,0.4289930503900264,-0.006200614741492664,1.6889528036117554,0.01354882214218378,0
mujoco,flat_forward,2,2,171,1.7099999999999225,1.0,0.0,0.3365791470445404,0.02590394373064396,-0.00039125549563434327,0.42898891963028163,0.005199464523512302,1.6913365125656128,0.01431126520037651,0
mujoco,flat_forward,2,2,172,1.7199999999999214,1.0,0.0,0.3365121860143686,0.025885270429783256,-0.0005122660194091839,0.42954545192679755,-0.0005752438658590793,1.692724585533142,0.011556404642760754,0
mujoco,flat_forward,2,2,173,1.7299999999999203,1.0,0.0,0.33644695517332684,0.02580064688891992,-0.0005818021894817034,0.4292762037054792,-0.0022299220962575432,1.690812587738037,0.011467012576758862,0
mujoco,flat_forward,2,2,174,1.7399999999999192,1.0,0.0,0.33638802927012923,0.025778281575166546,-0.000671339135935066,0.43001095089476404,0.006581289723280076,1.6942312717437744,0.010816557332873344,0
mujoco,flat_forward,2,2,175,1.749999999999918,1.0,0.0,0.3363300912678637,0.025742164589369725,-0.0007561760195341843,0.430025612003938,-0.00902593170705066,1.689461588859558,0.013451156206429005,0
mujoco,flat_forward,2,2,176,1.759999999999917,1.0,0.0,0.3362771759511495,0.02568357437737687,-0.000763901921986173,0.42995010923707816,0.002206323918763073,1.6920403242111206,0.014391378499567509,0
mujoco,flat_forward,2,2,177,1.7699999999999159,1.0,0.0,0.3362256506417733,0.025689695269443445,-0.0008581096667201076,0.4304795981057361,-0.0036709817278229957,1.6935665607452393,0.011156542226672173,0
mujoco,flat_forward,2,2,178,1.7799999999999148,1.0,0.0,0.3361756271303257,0.025622406498909484,-0.0009033331225091081,0.43017647208867105,-0.00492585016670808,1.6918325424194336,0.011114473454654217,0
mujoco,flat_forward,2,2,179,1.7899999999999137,1.0,0.0,0.3361317990347133,0.025626125593552478,-0.000968905257408525,0.4308779195099359,0.003650837765000926,1.6956509351730347,0.01155142206698656,0
mujoco,flat_forward,2,2,180,1.7999999999999126,1.0,0.0,0.33608911795283575,0.025615518035268597,-0.0010251735679206926,0.43063672034914213,-0.009555883059420726,1.6909493207931519,0.013042150065302849,0
mujoco,flat_forward,2,2,181,1.8099999999999115,1.0,0.0,0.33605461799371433,0.025591703113176434,-0.0009929313653896088,0.4305880862582773,0.0010806821001678269,1.694711685180664,0.015062653459608555,0
mujoco,flat_forward,2,2,182,1.8199999999999104,1.0,0.0,0.3360212595626957,0.025625820415292558,-0.0011045180643988798,0.4313631590378608,-0.00384502933393305,1.695768117904663,0.009931059554219246,0
mujoco,flat_forward,2,2,183,1.8299999999999093,1.0,0.0,0.3359875794831052,0.025584719224263756,-0.0011256126272448067,0.43069278485615264,-0.003947977418188864,1.6925848722457886,0.012468475848436356,0
mujoco,flat_forward,2,2,184,1.8399999999999082,1.0,0.0,0.3359592042962674,0.02560237684108803,-0.0011759008620394102,0.43168392641437026,0.00444833779570562,1.6992253065109253,0.016991009935736656,0
mujoco,flat_forward,2,2,185,1.849999999999907,1.0,0.0,0.3359288824039983,0.02560702312264389,-0.001251009392112179,0.43135839625492756,-0.010471455552731207,1.6927886009216309,0.0170424971729517,0
mujoco,flat_forward,2,2,186,1.859999999999906,1.0,0.0,0.33590474272229665,0.025588009767329993,-0.0012018791973818603,0.4312476689855781,-0.0013963430439857733,1.6980091333389282,0.018129974603652954,0
mujoco,flat_forward,2,2,187,1.8699999999999048,1.0,0.0,0.33588221926783035,0.025613858361299972,-0.0012871091321020928,0.432001044902642,-0.006968940995560773,1.700286865234375,0.009367004036903381,0
mujoco,flat_forward,2,2,188,1.8799999999999037,1.0,0.0,0.3358605343351307,0.0255670337320242,-0.0012902769795013983,0.4313293249502844,-0.006456939824877431,1.6969012022018433,0.011820128187537193,0
mujoco,flat_forward,2,2,189,1.8899999999999026,1.0,0.0,0.3358450750781261,0.0255822528785578,-0.001325087899778138,0.43241802302054727,0.003553335657692992,1.7033846378326416,0.01731804572045803,0
mujoco,flat_forward,2,2,190,1.8999999999999015,1.0,0.0,0.3358238859198587,0.025609226205378095,-0.0014267488143700645,0.4322775760014992,-0.00948579074876336,1.6956708431243896,0.020510831847786903,0
mujoco,flat_forward,2,2,191,1.9099999999999004,1.0,0.0,0.33580633228261164,0.02561221465749296,-0.0014022316487590219,0.43213612558337944,-0.0012283302288402212,1.7006359100341797,0.017093515023589134,0
mujoco,flat_forward,2,2,192,1.9199999999998993,1.0,0.0,0.33579029744450434,0.025646814785230145,-0.001511697858029057,0.4331267811496543,-0.004589528920665593,1.703599452972412,0.008543248288333416,0
mujoco,flat_forward,2,2,193,1.9299999999998982,1.0,0.0,0.3357737144873921,0.025611611298730724,-0.0015292511590371378,0.4324304864995179,-0.004997618986281743,1.6993463039398193,0.012662714347243309,0
mujoco,flat_forward,2,2,194,1.9399999999998971,1.0,0.0,0.33576356799955676,0.02562476637918331,-0.0015518462000064465,0.4334891170492935,0.003854888827905412,1.707356333732605,0.020038478076457977,0
mujoco,flat_forward,2,2,195,1.949999999999896,1.0,0.0,0.3357487494079816,0.025643226515673495,-0.0016542548746589093,0.43366429620176994,-0.012274543776689115,1.7005109786987305,0.018822917714715004,0
mujoco,flat_forward,2,2,196,1.959999999999895,1.0,0.0,0.3357354014638009,0.025627822798237852,-0.001653080675837969,0.4334731191933758,-0.00281992115544307,1.7043802738189697,0.015942560508847237,0
mujoco,flat_forward,2,2,197,1.9699999999998938,1.0,0.0,0.33572374297296625,0.025658436866565517,-0.0017468221200077345,0.43442389795937414,-0.004878346536022234,1.707369327545166,0.01071563083678484,0
mujoco,flat_forward,2,2,198,1.9799999999998927,1.0,0.0,0.3357113793691366,0.02561994876224756,-0.0017791206237330642,0.43406896845912696,-0.0070470726797713205,1.7034488916397095,0.010993793606758118,0
mujoco,flat_forward,2,2,199,1.9899999999998916,1.0,0.0,0.3357051008919809,0.02563369231109701,-0.001800017818079542,0.4350245250162572,0.0028895687014908666,1.710235834121704,0.017047304660081863,0
mujoco,flat_forward,2,2,200,1.9999999999998905,1.0,0.0,0.33569458075854336,0.025659804105605432,-0.001886130872917784,0.4352951946393165,-0.012211940252792626,1.7046566009521484,0.017074432224035263,0
mujoco,flat_forward,2,2,201,2.0099999999998897,1.0,0.0,0.33568657568265786,0.025656658798821605,-0.0018709301716851858,0.4351398917715153,-0.002241473051620562,1.7082948684692383,0.0151826748624444,0
mujoco,flat_forward,2,2,202,2.0199999999998886,1.0,0.0,0.3356809335876864,0.025695897826288228,-0.0019483328412525545,0.4361451930149062,-0.004304393167752451,1.7117640972137451,0.010837814770638943,0
mujoco,flat_forward,2,2,203,2.0299999999998875,1.0,0.0,0.33567446351749564,0.025666295544652058,-0.0019747923270605114,0.43588220561952407,-0.006476646178513476,1.7079153060913086,0.010943024419248104,0
mujoco,flat_forward,2,2,204,2.0399999999998863,1.0,0.0,0.33567336424401867,0.025681516738318796,-0.001994193975180218,0.43687866527818076,0.0033965229854881107,1.714379906654358,0.01639646850526333,0
mujoco,flat_forward,2,2,205,2.0499999999998852,1.0,0.0,0.3356671849015365,0.02570593863613897,-0.0020725697588657513,0.4372122084887983,-0.011686366526111974,1.7093507051467896,0.016416238620877266,0
mujoco,flat_forward,2,2,206,2.059999999999884,1.0,0.0,0.33566253464748363,0.02570102822447219,-0.002055993360458869,0.4371438918346613,-0.001694929754540903,1.713104248046875,0.01538755837827921,0
mujoco,flat_forward,2,2,207,2.069999999999883,1.0,0.0,0.33566013873908773,0.025731528387835274,-0.0021027855035880678,0.4379733104169731,-0.006661513800477326,1.7167397737503052,0.011215824633836746,0
mujoco,flat_forward,2,2,208,2.079999999999882,1.0,0.0,0.33565915438657545,0.0256991314665714,-0.0020950125862517176,0.4376547027682047,-0.00528938341073277,1.7144898176193237,0.009080913849174976,0
mujoco,flat_forward,2,2,209,2.089999999999881,1.0,0.0,0.3356644190603225,0.02571995659431283,-0.002116834163558838,0.43868961565896764,0.0032042679620697487,1.7198415994644165,0.015009179711341858,0
mujoco,flat_forward,2,2,210,2.0999999999998797,1.0,0.0,0.3356677061252393,0.025728447198728934,-0.0021577120335293043,0.43874623853257483,-0.011072884140999367,1.7143158912658691,0.015093325637280941,0
mujoco,flat_forward,2,2,211,2.1099999999998786,1.0,0.0,0.3356739706873305,0.025716350639424183,-0.002121949122591159,0.43888590184903425,-0.001081506241245874,1.7194006443023682,0.016937334090471268,0
mujoco,flat_forward,2,2,212,2.1199999999998775,1.0,0.0,0.3356795112981447,0.02573985921875157,-0.002183649465534434,0.43984827586006986,-0.0071546321436006775,1.7213655710220337,0.010150008834898472,0
mujoco,flat_forward,2,2,213,2.1299999999998764,1.0,0.0,0.33568231505619545,0.025699078332465788,-0.0021817170345627933,0.43960808704162435,-0.006061584644002918,1.7191412448883057,0.010007357224822044,0
mujoco,flat_forward,2,2,214,2.1399999999998753,1.0,0.0,0.3356881425534198,0.025701326755498168,-0.002201680346293269,0.4407532009451068,0.0021432446114564353,1.725474238395691,0.01609654352068901,0
mujoco,flat_forward,2,2,215,2.1499999999998742,1.0,0.0,0.3356905991426642,0.02569359812876872,-0.0022378068777258128,0.4409002874663541,-0.012285039940180107,1.720584750175476,0.014086426235735416,0
mujoco,flat_forward,2,2,216,2.159999999999873,1.0,0.0,0.3356960341548895,0.02567148615226047,-0.0021913214025375068,0.44115604939934666,-0.0020555035828126733,1.7258000373840332,0.017311377450823784,0
mujoco,flat_forward,2,2,217,2.169999999999872,1.0,0.0,0.3357018774871773,0.02567620542516721,-0.00222272495977051,0.442016386316418,-0.01086013867898498,1.7276452779769897,0.010509643703699112,0
mujoco,flat_forward,2,2,218,2.179999999999871,1.0,0.0,0.3357071639753068,0.025615957993030177,-0.0022114131945518544,0.44195572777281417,-0.008531783874521642,1.726454257965088,0.01032649353146553,0
mujoco,flat_forward,2,2,219,2.18999999999987,1.0,0.0,0.33571635722966187,0.025604626456799156,-0.002232110817879313,0.44305466660687776,-0.0013955111865753766,1.7312260866165161,0.014074715785682201,0
mujoco,flat_forward,2,2,220,2.1999999999998687,1.0,0.0,0.3357242396502519,0.02557668587867165,-0.0022439606249019394,0.4431498622753509,-0.01253008226414408,1.7268662452697754,0.011909709312021732,0
mujoco,flat_forward,2,2,221,2.2099999999998676,1.0,0.0,0.3357373654398222,0.025548560588281383,-0.0021979210725920654,0.44367847526051274,-0.001997717710153428,1.7324199676513672,0.016511674970388412,0
mujoco,flat_forward,2,2,222,2.2199999999998665,1.0,0.0,0.33574910859131185,0.025549262607352442,-0.0022636301076789833,0.4447827656614259,-0.011428473068740008,1.7329143285751343,0.010531818494200706,0
mujoco,flat_forward,2,2,223,2.2299999999998654,1.0,0.0,0.3357577032398403,0.025490006537705518,-0.0022551938043598257,0.4446649258232821,-0.007017186639195533,1.7316333055496216,0.011974688619375229,0
mujoco,flat_forward,2,2,224,2.2399999999998643,1.0,0.0,0.3357679498972401,0.025462665975109045,-0.0022856771712432694,0.44582975708986117,-0.003956766946391313,1.73789644241333,0.016594145447015762,0
mujoco,flat_forward,2,2,225,2.249999999999863,1.0,0.0,0.3357779095171851,0.025398124981873275,-0.002292389916117618,0.44590262680810855,-0.013102089279375933,1.7351164817810059,0.009607205167412758,0
mujoco,flat_forward,2,2,226,2.259999999999862,1.0,0.0,0.3357938548624897,0.025353768214788245,-0.0022652490419149468,0.44676309755033833,-0.002644121239742657,1.7407875061035156,0.016318822279572487,0
mujoco,flat_forward,2,2,227,2.269999999999861,1.0,0.0,0.33580647309628364,0.025332134366609017,-0.0023521985251576437,0.44788453187195076,-0.015551992095898526,1.7399637699127197,0.01208826806396246,0
mujoco,flat_forward,2,2,228,2.27999999999986,1.0,0.0,0.33581470299264793,0.02525132681075088,-0.002357472541850261,0.44781664679401534,-0.0073515548313650035,1.7390645742416382,0.01383146084845066,0
mujoco,flat_forward,2,2,229,2.289999999999859,1.0,0.0,0.33582224667177873,0.025205839730609192,-0.0024238035036703515,0.4490938429898063,-0.007394239911681759,1.7450076341629028,0.01713676191866398,0
mujoco,flat_forward,2,2,230,2.2999999999998577,1.0,0.0,0.33582897529499606,0.02512315981707448,-0.0024449588178018862,0.4492365992839481,-0.013477400109796632,1.7422065734863281,0.010104870423674583,0
mujoco,flat_forward,2,2,231,2.3099999999998566,1.0,0.0,0.33584051207471555,0.025070491549623933,-0.0024539962076747524,0.450479022834876,-0.0032163376479290556,1.7479331493377686,0.01555668469518423,0
mujoco,flat_forward,2,2,232,2.3199999999998555,1.0,0.0,0.3358480296419141,0.025027194489536157,-0.0025087013773893796,0.45103250429151664,-0.01862827605207245,1.7456873655319214,0.014171882532536983,0
mujoco,flat_forward,2,2,233,2.3299999999998544,1.0,0.0,0.3358568978687392,0.024963229998840954,-0.0024959473255156944,0.45137406379539585,-0.006749799474978392,1.7491869926452637,0.016277801245450974,0
mujoco,flat_forward,2,2,234,2.3399999999998533,1.0,0.0,0.3358660307970326,0.024930648975225157,-0.002572684900051301,0.4525873369026509,-0.01250615820969067,1.7528916597366333,0.011738930828869343,0
mujoco,flat_forward,2,2,235,2.349999999999852,1.0,0.0,0.33587372610459787,0.024835912810519903,-0.002591678863236791,0.4527062833178793,-0.010291709092570059,1.7508498430252075,0.0097535764798522,0
mujoco,flat_forward,2,2,236,2.359999999999851,1.0,0.0,0.33588418532732667,0.024776361751826903,-0.002648089698797218,0.4540832701260234,-0.004546007146458205,1.7567341327667236,0.014914976432919502,0
mujoco,flat_forward,2,2,237,2.36999999999985,1.0,0.0,0.3358924539328693,0.024690821253861104,-0.002696131840359624,0.45439494622508797,-0.016910865719960526,1.753556251525879,0.011942350305616856,0
mujoco,flat_forward,2,2,238,2.379999999999849,1.0,0.0,0.3359037983646838,0.024622350805611266,-0.0026931443194835136,0.4552884043759158,-0.005529843509630381,1.759054183959961,0.01691919006407261,0
mujoco,flat_forward,2,2,239,2.389999999999848,1.0,0.0,0.3359117562836049,0.024573084216200202,-0.0027838818913001138,0.45633036624231404,-0.017688326488092106,1.7594738006591797,0.012296701781451702,0
mujoco,flat_forward,2,2,240,2.3999999999998467,1.0,0.0,0.33592147024469443,0.02448206213965754,-0.002755055177926233,0.4563415123583536,-0.006994005762408602,1.7602633237838745,0.011844068765640259,0
mujoco,flat_forward,2,2,241,2.4099999999998456,1.0,0.0,0.3359329511786523,0.02442436278881692,-0.002839411634560279,0.4578649103976663,-0.008127285216303915,1.76681387424469,0.015604640357196331,0
mujoco,flat_forward,2,2,242,2.4199999999998445,1.0,0.0,0.3359427560293362,0.024311538462376426,-0.0028723361515475584,0.45791727519295716,-0.011537649803172817,1.7630255222320557,0.012496031820774078,0
mujoco,flat_forward,2,2,243,2.4299999999998434,1.0,0.0,0.33595565853762216,0.024230460089108296,-0.0029165336015980693,0.45950181641445703,-0.0029577243997431454,1.7697217464447021,0.017204109579324722,0
mujoco,flat_forward,2,2,244,2.4399999999998423,1.0,0.0,0.33596233364983563,0.02415018606778966,-0.003000631369200299,0.4597126368433004,-0.014515869729738123,1.7652904987335205,0.017515020444989204,0
mujoco,flat_forward,2,2,245,2.449999999999841,1.0,0.0,0.3359719520782848,0.024056806425849665,-0.0030017352070231115,0.46049886224733294,-0.004931462427577037,1.7718048095703125,0.019190233200788498,0
mujoco,flat_forward,2,2,246,2.45999999999984,1.0,0.0,0.3359786047291013,0.023969803833056986,-0.003164786495027235,0.4620781595810696,-0.013895137384103931,1.774031400680542,0.010295127518475056,0
mujoco,flat_forward,2,2,247,2.469999999999839,1.0,0.0,0.3359811734708062,0.02382131532019256,-0.0032106067435819473,0.4619750381406663,-0.006971281367829239,1.7699191570281982,0.014707116410136223,0
mujoco,flat_forward,2,2,248,2.479999999999838,1.0,0.0,0.3359826001998386,0.023707225152729532,-0.003340344289315873,0.463650561455097,-0.0070415553334481126,1.777849555015564,0.01947961375117302,0
mujoco,flat_forward,2,2,249,2.489999999999837,1.0,0.0,0.3359822003635572,0.023551321216450496,-0.003397192463995546,0.46360208708127154,-0.011884806957930566,1.7727245092391968,0.01476496085524559,0
mujoco,flat_forward,2,2,250,2.4999999999998357,1.0,0.0,0.33598599138133317,0.023424840714477726,-0.0034506599655089528,0.4652441723621022,-0.0038793972543170324,1.780317783355713,0.019147560000419617,0
mujoco,flat_forward,2,2,251,2.5099999999998346,1.0,0.0,0.3359847104760492,0.02330105149441949,-0.0035480298531169463,0.46545133794262633,-0.016428857438563437,1.7757004499435425,0.01821344532072544,0
mujoco,flat_forward,2,2,252,2.5199999999998335,1.0,0.0,0.3359866196642354,0.02317619719783541,-0.0035665993718299615,0.4663389925299177,-0.006237041124928145,1.781142234802246,0.01866544969379902,0
mujoco,flat_forward,2,2,253,2.5299999999998324,1.0,0.0,0.3359857494244875,0.023052277295571477,-0.0037047965293196595,0.467556439891451,-0.016982415906935985,1.782812476158142,0.011325106956064701,0
mujoco,flat_forward,2,2,254,2.5399999999998313,1.0,0.0,0.33598535677583297,0.022895879256936726,-0.0037242257340118854,0.4676386638104023,-0.007274333173579415,1.7811700105667114,0.011075226590037346,0
mujoco,flat_forward,2,2,255,2.54999999999983,1.0,0.0,0.33598387372841976,0.02276810275239759,-0.0038791975733698577,0.4694768768097816,-0.007182920756184732,1.7878516912460327,0.014861072413623333,0
mujoco,flat_forward,2,2,256,2.559999999999829,1.0,0.0,0.3359775030896305,0.022599047240877336,-0.003942196302771605,0.46928399681390087,-0.008357413522767474,1.7817914485931396,0.0166823398321867,0
mujoco,flat_forward,2,2,257,2.569999999999828,1.0,0.0,0.33597248602461655,0.022460507264645817,-0.004018415541966525,0.47102935232919213,-0.0036761356101488057,1.7912025451660156,0.021405281499028206,0
mujoco,flat_forward,2,2,258,2.579999999999827,1.0,0.0,0.33596408901676406,0.022294299523827096,-0.004096011387647042,0.47100776028187574,-0.0159880597725745,1.785647988319397,0.018253209069371223,0
mujoco,flat_forward,2,2,259,2.5899999999998258,1.0,0.0,0.33596015718806244,0.02213878282360909,-0.004107067359195006,0.47219640463965085,-0.006735040573568935,1.7926427125930786,0.0209367498755455,0
mujoco,flat_forward,2,2,260,2.5999999999998247,1.0,0.0,0.3359525664252522,0.02199343071433881,-0.004211209553835118,0.4728299402002491,-0.01640589763527856,1.7917280197143555,0.014264504425227642,0
mujoco,flat_forward,2,2,261,2.6099999999998236,1.0,0.0,0.3359495454841066,0.02184782007829032,-0.0042029954936502675,0.47333516485588867,-0.007071435277917551,1.7938743829727173,0.012393319979310036,0
mujoco,flat_forward,2,2,262,2.6199999999998225,1.0,0.0,0.33594522041098474,0.02171503911764348,-0.004350275282787952,0.47492685256906436,-0.014144773290061138,1.7974132299423218,0.010066239163279533,0
mujoco,flat_forward,2,2,263,2.6299999999998214,1.0,0.0,0.3359369603302674,0.021508978707301903,-0.004384141267962226,0.4747182846597957,-0.009316438745233153,1.7920703887939453,0.015467993915081024,0
mujoco,flat_forward,2,2,264,2.6399999999998203,1.0,0.0,0.3359271847199347,0.02134478188798483,-0.004533821417575521,0.4766021133633963,-0.0072435432983081315,1.8000065088272095,0.019486941397190094,0
mujoco,flat_forward,2,2,265,2.649999999999819,1.0,0.0,0.3359129700309905,0.02115549602115175,-0.004583792123372354,0.47616548121391855,-0.01166120683405922,1.79240083694458,0.021264435723423958,0
mujoco,flat_forward,2,2,266,2.659999999999818,1.0,0.0,0.3359013309578086,0.021000788314938,-0.004653384582182522,0.4779957652761685,-0.005622874983260304,1.8025649785995483,0.02466708980500698,0
mujoco,flat_forward,2,2,267,2.669999999999817,1.0,0.0,0.33588241137433794,0.0208517831422522,-0.004758961295144467,0.47786027082329835,-0.012576682800931983,1.7966140508651733,0.023001231253147125,0
mujoco,flat_forward,2,2,268,2.679999999999816,1.0,0.0,0.3358675596874622,0.02071563794269842,-0.004785689578802869,0.4791084180329711,-0.0070332211977175,1.8039711713790894,0.02182837948203087,0
mujoco,flat_forward,2,2,269,2.6899999999998148,1.0,0.0,0.33584799543593696,0.020561445433219878,-0.0049348207941350974,0.4798537932606839,-0.017099392738567972,1.802986741065979,0.015275267884135246,0
mujoco,flat_forward,2,2,270,2.6999999999998137,1.0,0.0,0.33583133540213045,0.02038230398736136,-0.00494943611538737,0.48033815764536414,-0.010341366198924416,1.8038748502731323,0.011744050309062004,0
mujoco,flat_forward,2,2,271,2.7099999999998126,1.0,0.0,0.3358114399387149,0.02022873045624717,-0.005139293799181676,0.48202495416520874,-0.014254549543809404,1.8077716827392578,0.00912365224212408,0
mujoco,flat_forward,2,2,272,2.7199999999998115,1.0,0.0,0.33579062288280603,0.020048946031274953,-0.005138327808461037,0.48167351825051896,-0.008822582762265987,1.801645040512085,0.013693518936634064,0
mujoco,flat_forward,2,2,273,2.7299999999998104,1.0,0.0,0.3357697004613002,0.01989678782310992,-0.005281095269786517,0.4836786697533184,-0.00834566900690988,1.8125591278076172,0.021205613389611244,0
mujoco,flat_forward,2,2,274,2.7399999999998093,1.0,0.0,0.3357458247543766,0.01969252334127525,-0.00529824791238513,0.483014899858573,-0.010824591604360072,1.8035167455673218,0.023800930008292198,0
mujoco,flat_forward,2,2,275,2.749999999999808,1.0,0.0,0.33572539796623857,0.01952133953246144,-0.005383788311287279,0.4850409606605689,-0.0061992628423331985,1.8148322105407715,0.02767627127468586,0
mujoco,flat_forward,2,2,276,2.759999999999807,1.0,0.0,0.33569934086775743,0.019346567930953004,-0.005472979083002665,0.48449844507817186,-0.0141373155011908,1.8061437606811523,0.028193339705467224,0
mujoco,flat_forward,2,2,277,2.769999999999806,1.0,0.0,0.33567785507271714,0.019195292802222354,-0.005523147819858066,0.4860171961745949,-0.009272527526713982,1.8144534826278687,0.025448881089687347,0
mujoco,flat_forward,2,2,278,2.779999999999805,1.0,0.0,0.3356508372505939,0.01903049282435101,-0.005655814904490554,0.4861601356175081,-0.01672709506267806,1.8106606006622314,0.021611832082271576,0
mujoco,flat_forward,2,2,279,2.7899999999998037,1.0,0.0,0.33562852983732044,0.018872778910483102,-0.005686428148560702,0.4870843560532242,-0.010836655591891097,1.8137365579605103,0.017092909663915634,0
mujoco,flat_forward,2,2,280,2.7999999999998026,1.0,0.0,0.33560180194808453,0.018725892674391044,-0.005845857314957588,0.4876754449289954,-0.014507317479632359,1.8141878843307495,0.01313402783125639,0
mujoco,flat_forward,2,2,281,2.8099999999998015,1.0,0.0,0.3355813258304554,0.01858394817756784,-0.005839298744665952,0.4880054178140393,-0.00990042664820022,1.81424081325531,0.008840274065732956,0
mujoco,flat_forward,2,2,282,2.8199999999998004,1.0,0.0,0.33555836574718956,0.01844755022525207,-0.0060259195629602195,0.4894124942375931,-0.013997576128707443,1.818472146987915,0.007364490069448948,0
mujoco,flat_forward,2,2,283,2.8299999999997993,1.0,0.0,0.3355369628996229,0.0182882777968002,-0.006018481043272588,0.48902446526320176,-0.010744114649875576,1.8131904602050781,0.011731809005141258,0
mujoco,flat_forward,2,2,284,2.8399999999997982,1.0,0.0,0.3355140578890311,0.01814610303463847,-0.006187234148558752,0.4909937888269093,-0.012098133448891818,1.8217192888259888,0.015862898901104927,0
mujoco,flat_forward,2,2,285,2.849999999999797,1.0,0.0,0.33548527500752545,0.017947316283876757,-0.00618823741419992,0.49003591818895054,-0.012784959336183541,1.811876654624939,0.025895025581121445,0
mujoco,flat_forward,2,2,286,2.859999999999796,1.0,0.0,0.33545590710438844,0.01777593138670493,-0.0063062058949338124,0.49210823110941443,-0.009618289101898547,1.8242202997207642,0.030588947236537933,0
mujoco,flat_forward,2,2,287,2.869999999999795,1.0,0.0,0.33541997160910264,0.017624956989598088,-0.006350214245136339,0.4910387208100789,-0.013042040683893115,1.8138304948806763,0.03220485523343086,0
mujoco,flat_forward,2,2,288,2.879999999999794,1.0,0.0,0.3353871868375094,0.017493723664964326,-0.006417952059407107,0.49272222419119915,-0.011228679272551008,1.824524998664856,0.030540643259882927,0
mujoco,flat_forward,2,2,289,2.8899999999997927,1.0,0.0,0.33534793342322794,0.017343817727422377,-0.006530535528436893,0.4923234886258075,-0.015071628531117423,1.8180458545684814,0.02749471366405487,0
mujoco,flat_forward,2,2,290,2.8999999999997916,1.0,0.0,0.33531340526291376,0.017205691982677938,-0.006570665483341531,0.49352218352159005,-0.01315439476423318,1.823188304901123,0.022327907383441925,0
mujoco,flat_forward,2,2,291,2.9099999999997905,1.0,0.0,0.33527303570299644,0.017067538199378937,-0.006717708650717331,0.4935795365884353,-0.013846089632516727,1.8205047845840454,0.01920422352850437,0
mujoco,flat_forward,2,2,292,2.9199999999997894,1.0,0.0,0.3352392632870926,0.01694182624212769,-0.006716960526883739,0.49425807224949947,-0.013002673527438257,1.8223743438720703,0.01474004052579403,0
mujoco,flat_forward,2,2,293,2.9299999999997883,1.0,0.0,0.3352007048598572,0.016810054810429024,-0.006907785917794855,0.49516477932116343,-0.014412248298956418,1.8239474296569824,0.011059942655265331,0
mujoco,flat_forward,2,2,294,2.9399999999997872,1.0,0.0,0.3351652904797079,0.016682515740906585,-0.006897872349789484,0.4951145060770129,-0.014458346653987876,1.8203721046447754,0.007649599574506283,0
mujoco,flat_forward,2,2,295,2.949999999999786,1.0,0.0,0.3351267795820103,0.016554899524929285,-0.007061864921520057,0.4963608886053512,-0.01495026016894641,1.8265420198440552,0.008299564942717552,0
mujoco,flat_forward,2,2,296,2.959999999999785,1.0,0.0,0.33509347695223174,0.016427150134651663,-0.007006178539070537,0.4957950057663134,-0.015645551271951955,1.8215553760528564,0.010605170391499996,0
mujoco,flat_forward,2,2,297,2.969999999999784,1.0,0.0,0.33506188533975195,0.016299450971509272,-0.0071392650093080575,0.4974978431756911,-0.01301083851952844,1.8295762538909912,0.01472024992108345,0
mujoco,flat_forward,2,2,298,2.979999999999783,1.0,0.0,0.3350317808553415,0.016181596743638973,-0.00706094881084975,0.4964516752213636,-0.01444596306044823,1.8206453323364258,0.021378260105848312,0
mujoco,flat_forward,2,2,299,2.9899999999997817,1.0,0.0,0.3350036253777226,0.016062177945974657,-0.007141714235729812,0.4984958691044068,-0.01550995568702701,1.8328077793121338,0.027014674618840218,0
mujoco,flat_forward,2,2,300,2.9999999999997806,1.0,0.0,0.33496733606971185,0.01593968844191977,-0.00716174891342922,0.49731299710194854,-0.015551822970262556,1.8217048645019531,0.033056218177080154,0
mujoco,flat_forward,2,2,301,3.0099999999997795,1.0,0.0,0.33493225195700294,0.015816012174402976,-0.007210357707317107,0.4989909150743549,-0.016736683441070332,1.832708716392517,0.032057810574769974,0
mujoco,flat_forward,2,2,302,3.0199999999997784,1.0,0.0,0.33489207099999907,0.015690803207090865,-0.007241982535886111,0.4980294796165682,-0.017064831454188027,1.825386643409729,0.028566695749759674,0
mujoco,flat_forward,2,2,303,3.0299999999997773,1.0,0.0,0.33485862199272853,0.015566870060945886,-0.0072521942423765095,0.4993764285951357,-0.018262593527825267,1.8331429958343506,0.027489004656672478,0
mujoco,flat_forward,2,2,304,3.039999999999776,1.0,0.0,0.33482112491415084,0.01544627801661779,-0.007340258815987819,0.49893484061103743,-0.015897062012525148,1.8278868198394775,0.024265719577670097,0
mujoco,flat_forward,2,2,305,3.049999999999775,1.0,0.0,0.3347906711338938,0.015334120076165069,-0.00733383351178453,0.49983826954682486,-0.01821998081688392,1.8311244249343872,0.020632632076740265,0
mujoco,flat_forward,2,2,306,3.059999999999774,1.0,0.0,0.3347556791821041,0.015223999927672404,-0.007461495865431369,0.4999770611070795,-0.013867943168651743,1.830163598060608,0.016879796981811523,0
mujoco,flat_forward,2,2,307,3.069999999999773,1.0,0.0,0.33472631834215466,0.015128716863573331,-0.00744717019234731,0.5003302444362344,-0.018218775281234674,1.8297184705734253,0.012773952446877956,0
mujoco,flat_forward,2,2,308,3.079999999999772,1.0,0.0,0.3346924126389459,0.015021441415523548,-0.0076128175013364776,0.5010978172739134,-0.01776418414677942,1.8328979015350342,0.009987999685108662,0
mujoco,flat_forward,2,2,309,3.0899999999997707,1.0,0.0,0.33466287859327415,0.014912523228969878,-0.0075738358645816425,0.5008171791982532,-0.022709307220661452,1.829595923423767,0.00654512969776988,0
mujoco,flat_forward,2,2,310,3.0999999999997696,1.0,0.0,0.33463123126760047,0.01479534543023711,-0.007718009767152031,0.5021266352592078,-0.017820827423588502,1.8359400033950806,0.009378998540341854,0
mujoco,flat_forward,2,2,311,3.1099999999997685,1.0,0.0,0.33460162580390135,0.014712322948425777,-0.007650882264383576,0.5013505476764483,-0.022503593522040316,1.8286864757537842,0.014184121042490005,0
mujoco,flat_forward,2,2,312,3.1199999999997674,1.0,0.0,0.3345723177156125,0.014612829609598033,-0.007733236106353286,0.5028612075378636,-0.020278520778277163,1.8387885093688965,0.019715895876288414,0
mujoco,flat_forward,2,2,313,3.1299999999997663,1.0,0.0,0.3345422779743607,0.014549006123003269,-0.0077009305468621145,0.5020004984359667,-0.020542070387811046,1.8310555219650269,0.01975996606051922,0
mujoco,flat_forward,2,2,314,3.139999999999765,1.0,0.0,0.3345150104979985,0.014467264037372892,-0.007743139754750343,0.5034843764312258,-0.02242557998177654,1.841001272201538,0.022042982280254364,0
mujoco,flat_forward,2,2,315,3.149999999999764,1.0,0.0,0.33448786378017253,0.014407643141884146,-0.007714635522976011,0.5025440713408088,-0.02023816101190257,1.834717869758606,0.020217835903167725,0
mujoco,flat_forward,2,2,316,3.159999999999763,1.0,0.0,0.3344669407363567,0.014325581847368494,-0.007722605222573286,0.5039995734011601,-0.02470037936674631,1.843650460243225,0.023042697459459305,0
mujoco,flat_forward,2,2,317,3.169999999999762,1.0,0.0,0.3344448997151366,0.014261457423021054,-0.007747359960873812,0.5032583216963212,-0.0167866978402336,1.8375968933105469,0.022112593054771423,0
mujoco,flat_forward,2,2,318,3.179999999999761,1.0,0.0,0.33442859226283383,0.01418750074557978,-0.007737359380236327,0.5044407660921141,-0.023515874758148987,1.8439699411392212,0.022360634058713913,0
mujoco,flat_forward,2,2,319,3.1899999999997597,1.0,0.0,0.3344076646912158,0.014114956676699934,-0.007798532278481695,0.504104747156346,-0.012849009519128657,1.8410732746124268,0.020328979939222336,0
mujoco,flat_forward,2,2,320,3.1999999999997586,1.0,0.0,0.334390545286812,0.014048612065837372,-0.007799748289684246,0.5048141053095534,-0.02217431675077269,1.8433774709701538,0.02000162936747074,0
mujoco,flat_forward,2,2,321,3.2099999999997575,1.0,0.0,0.3343702417304229,0.013969255116886986,-0.007867983524086348,0.504822857646524,-0.013921701002837803,1.8440773487091064,0.01564774475991726,0
mujoco,flat_forward,2,2,322,3.2199999999997564,1.0,0.0,0.334355496798763,0.013899242220723753,-0.007859790127615698,0.5051617961762315,-0.024596404674904107,1.8444262742996216,0.015173183754086494,0
mujoco,flat_forward,2,2,323,3.2299999999997553,1.0,0.0,0.33433964551211237,0.013808200411868353,-0.007942541414322168,0.5056547814620627,-0.01400237502966512,1.8467246294021606,0.012806401588022709,0
mujoco,flat_forward,2,2,324,3.239999999999754,1.0,0.0,0.3343257392924339,0.013754039174528377,-0.00794703066266481,0.5056567601058045,-0.024621275921653783,1.8430932760238647,0.013183504343032837,0
mujoco,flat_forward,2,2,325,3.249999999999753,1.0,0.0,0.33431028145875347,0.0136694667533561,-0.00801980952765656,0.5062756323779828,-0.016947647556916193,1.8479058742523193,0.012775103561580181,0
mujoco,flat_forward,2,2,326,3.259999999999752,1.0,0.0,0.33429545565908886,0.013624710115749429,-0.008027948956409231,0.5060773035109501,-0.02602343929441436,1.8450136184692383,0.011923560872673988,0
mujoco,flat_forward,2,2,327,3.269999999999751,1.0,0.0,0.334280499039664,0.013543044471604024,-0.008105391784914873,0.5067172125729543,-0.021426898990403394,1.8499643802642822,0.013039863668382168,0
mujoco,flat_forward,2,2,328,3.27999999999975,1.0,0.0,0.3342656836071058,0.013502445652833194,-0.008139527276428247,0.5067184898703126,-0.023142980781260692,1.8477957248687744,0.009575984440743923,0
mujoco,flat_forward,2,2,329,3.2899999999997487,1.0,0.0,0.3342509537327826,0.013428116715544555,-0.008213663450915468,0.5073576716030175,-0.02243748686779546,1.8515551090240479,0.009885938838124275,0
mujoco,flat_forward,2,2,330,3.2999999999997476,1.0,0.0,0.33423674118615593,0.013381960796489322,-0.008249624550913026,0.5072959588529925,-0.02176313526998279,1.8505839109420776,0.007064333651214838,0
mujoco,flat_forward,2,2,331,3.3099999999997465,1.0,0.0,0.33422508303550214,0.01330293532243838,-0.008311890531083325,0.5079231431304378,-0.02467335183306769,1.8537275791168213,0.008240400813519955,0
mujoco,flat_forward,2,2,332,3.3199999999997454,1.0,0.0,0.3342141125090628,0.013254593324043898,-0.008357179023455761,0.508053033010575,-0.018037113814515802,1.8531337976455688,0.006759673357009888,0
mujoco,flat_forward,2,2,333,3.3299999999997443,1.0,0.0,0.33420443659406435,0.01318296665258361,-0.008403520252599453,0.5086564998626208,-0.025146496149476106,1.8550832271575928,0.007786087226122618,0
mujoco,flat_forward,2,2,334,3.339999999999743,1.0,0.0,0.33419521909681915,0.013135737409654234,-0.008437646355420027,0.5087266862495893,-0.01664386837323672,1.8561683893203735,0.006755579262971878,0
mujoco,flat_forward,2,2,335,3.349999999999742,1.0,0.0,0.33418915822690226,0.013064573727265959,-0.008462450368398246,0.5092745085547093,-0.02760796968739413,1.8582510948181152,0.008722865954041481,0
mujoco,flat_forward,2,2,336,3.359999999999741,1.0,0.0,0.33418439812551753,0.013006036778601671,-0.008490172313293649,0.5095135058938804,-0.01344026171202179,1.8595243692398071,0.008802586235105991,0
mujoco,flat_forward,2,2,337,3.36999999999974,1.0,0.0,0.33418046798291867,0.012950183856039365,-0.008502306402554363,0.5100083758187167,-0.02783599566947996,1.859801173210144,0.012106145732104778,0
mujoco,flat_forward,2,2,338,3.3799999999997388,1.0,0.0,0.33417654138077507,0.012885107514920868,-0.008510174464629129,0.510192134669321,-0.012704293093923182,1.8626552820205688,0.011902989819645882,0
mujoco,flat_forward,2,2,339,3.3899999999997377,1.0,0.0,0.3341742955222332,0.01283238357317145,-0.00850706847436515,0.5105494877268022,-0.0291078710291087,1.8627526760101318,0.013573134317994118,0
mujoco,flat_forward,2,2,340,3.3999999999997366,1.0,0.0,0.33417111444542913,0.012742452482611388,-0.008511003463633775,0.5107099293109878,-0.015180973826262892,1.865280032157898,0.015031055547297001,0
mujoco,flat_forward,2,2,341,3.4099999999997355,1.0,0.0,0.33416591864229184,0.012695000153510628,-0.008541725007342314,0.5112246738659825,-0.02628166337232571,1.864367961883545,0.017393898218870163,0
mujoco,flat_forward,2,2,342,3.4199999999997344,1.0,0.0,0.3341587644801729,0.012605602641240908,-0.00857047126328583,0.5114481891247111,-0.018037366642340527,1.8667818307876587,0.01499797310680151,0
mujoco,flat_forward,2,2,343,3.4299999999997333,1.0,0.0,0.33415109971803786,0.012554583817927572,-0.008618279039315608,0.5119787960503281,-0.026099755029216423,1.8664342164993286,0.01416907086968422,0
mujoco,flat_forward,2,2,344,3.439999999999732,1.0,0.0,0.33414309039080703,0.012453672476422711,-0.008659831147872239,0.5122392582564155,-0.02175996099517987,1.8682891130447388,0.013959220610558987,0
mujoco,flat_forward,2,2,345,3.449999999999731,1.0,0.0,0.33413573088892795,0.012396072327972919,-0.008719055958732376,0.5127955328210344,-0.026035375983948963,1.8680405616760254,0.013240604661405087,0
mujoco,flat_forward,2,2,346,3.45999999999973,1.0,0.0,0.33412847884736796,0.01229077866818306,-0.008769481837835541,0.5130920410776318,-0.0252107189562576,1.8690121173858643,0.01228847075253725,0
mujoco,flat_forward,2,2,347,3.469999999999729,1.0,0.0,0.33412209559269834,0.012230151366533345,-0.008833407407265481,0.5136649757782424,-0.026012465020284346,1.8697375059127808,0.011797492392361164,0
mujoco,flat_forward,2,2,348,3.4799999999997278,1.0,0.0,0.33411664629300264,0.012137507755071211,-0.008868069362291633,0.513749057502615,-0.025175356929630223,1.870163083076477,0.010762405581772327,0
mujoco,flat_forward,2,2,349,3.4899999999997267,1.0,0.0,0.33411332306985264,0.012087877525220548,-0.008953569273499645,0.5146186529989057,-0.020771396731290193,1.8726541996002197,0.011593091301620007,0
mujoco,flat_forward,2,2,350,3.4999999999997256,1.0,0.0,0.33410816278889466,0.012011684344981307,-0.009011172632030228,0.5146613940013851,-0.02580401785738692,1.8707042932510376,0.013080202974379063,0
mujoco,flat_forward,2,2,351,3.5099999999997245,1.0,0.0,0.33410328277458345,0.011964494711943123,-0.009087741162215746,0.5155197198532693,-0.020718473873536324,1.8753504753112793,0.012463751249015331,0
mujoco,flat_forward,2,2,352,3.5199999999997234,1.0,0.0,0.33409700248283736,0.011891810982356444,-0.009122431723181492,0.5152859699542605,-0.026611484843923387,1.8735891580581665,0.011522641405463219,0
mujoco,flat_forward,2,2,353,3.5299999999997222,1.0,0.0,0.3340946802372225,0.011845901781144875,-0.009169694239052222,0.516212534275708,-0.019791763948752376,1.8796743154525757,0.01482625026255846,0
mujoco,flat_forward,2,2,354,3.539999999999721,1.0,0.0,0.33409128460534293,0.011773743948724207,-0.009208327402086035,0.5160023798199053,-0.029935067874725257,1.8763049840927124,0.013795456849038601,0
mujoco,flat_forward,2,2,355,3.54999999999972,1.0,0.0,0.3340909628123895,0.011722677634188584,-0.009240035523808268,0.5169365015609348,-0.020684846543885534,1.8821558952331543,0.015755940228700638,0
mujoco,flat_forward,2,2,356,3.559999999999719,1.0,0.0,0.334088035448004,0.011655660633914112,-0.009265235226484083,0.5165006045164227,-0.03017714603617013,1.877605676651001,0.01466311514377594,0
mujoco,flat_forward,2,2,357,3.569999999999718,1.0,0.0,0.3340900615295454,0.011606200641956475,-0.009264205253054103,0.5174505475031995,-0.020214426332686174,1.8849927186965942,0.018627731129527092,0
mujoco,flat_forward,2,2,358,3.5799999999997167,1.0,0.0,0.3340876540848233,0.01155241516454252,-0.009318627393425559,0.5172127159048169,-0.03245322349421093,1.8806531429290771,0.017046639695763588,0
mujoco,flat_forward,2,2,359,3.5899999999997156,1.0,0.0,0.33408780747007805,0.01149004643313438,-0.00932735536209603,0.5179001547386806,-0.022545645983021802,1.8864201307296753,0.016655007377266884,0
mujoco,flat_forward,2,2,360,3.5999999999997145,1.0,0.0,0.3340808625208545,0.011435384626176987,-0.009451524611827286,0.5182953033970209,-0.030526073405326787,1.884535551071167,0.012296432629227638,0
mujoco,flat_forward,2,2,361,3.6099999999997134,1.0,0.0,0.33407476463913605,0.01137189625956555,-0.00946759310150192,0.5186321566695078,-0.021691027578056785,1.8866690397262573,0.009691846556961536,0
mujoco,flat_forward,2,2,362,3.6199999999997123,1.0,0.0,0.33406280847029135,0.011319724607619878,-0.009593407768463106,0.5191572805659068,-0.027140416536586515,1.8885635137557983,0.007555588148534298,0
mujoco,flat_forward,2,2,363,3.6299999999997112,1.0,0.0,0.33405649694222905,0.011261545933705885,-0.009565929669366686,0.5192386277974452,-0.01985969264138017,1.890031337738037,0.0070030870847404,0
mujoco,flat_forward,2,2,364,3.63999999999971,1.0,0.0,0.33404808885705767,0.011215629353658444,-0.009694740288816854,0.5199747476003251,-0.023548194673412477,1.8935943841934204,0.0075545720756053925,0
mujoco,flat_forward,2,2,365,3.649999999999709,1.0,0.0,0.3340476695503288,0.011160696666332124,-0.009652682983444535,0.5198284737592256,-0.018125384153032213,1.893204927444458,0.0064199562184512615,0
mujoco,flat_forward,2,2,366,3.659999999999708,1.0,0.0,0.33404671853351253,0.01110834370388969,-0.009777327328219133,0.520755034668608,-0.02655390304461617,1.897520661354065,0.008684500120580196,0
mujoco,flat_forward,2,2,367,3.669999999999707,1.0,0.0,0.33405181092455477,0.011031508365680946,-0.009736958753344222,0.520387019416285,-0.021212877192510124,1.895617127418518,0.011148315854370594,0
mujoco,flat_forward,2,2,368,3.6799999999997057,1.0,0.0,0.3340545638298782,0.010968978159546654,-0.00989443924387002,0.5217198645798072,-0.027551406112133844,1.9004300832748413,0.01311481837183237,0
mujoco,flat_forward,2,2,369,3.6899999999997046,1.0,0.0,0.33405810031474353,0.01087929137731018,-0.009862879146679071,0.5210437845470949,-0.022095939559709385,1.894883632659912,0.017430543899536133,0
mujoco,flat_forward,2,2,370,3.6999999999997035,1.0,0.0,0.33405795260821153,0.010816370236602394,-0.010009938710963551,0.5225284225753521,-0.02466012157188234,1.9032036066055298,0.021438824012875557,0
mujoco,flat_forward,2,2,371,3.7099999999997024,1.0,0.0,0.33405980255839884,0.010740953652588262,-0.009941908144003989,0.521621004226801,-0.020503585124622924,1.896904706954956,0.019883034750819206,0
mujoco,flat_forward,2,2,372,3.7199999999997013,1.0,0.0,0.3340604190512215,0.010687550572238661,-0.010060644097167842,0.5232889137687935,-0.02145236354997523,1.9072048664093018,0.02516966126859188,0
mujoco,flat_forward,2,2,373,3.7299999999997,1.0,0.0,0.33406396882551703,0.010623482970980562,-0.00996611462796014,0.5221897818071385,-0.019421675068345804,1.8997280597686768,0.02369031123816967,0
mujoco,flat_forward,2,2,374,3.739999999999699,1.0,0.0,0.33406770737535096,0.010569485348544717,-0.010066315311183049,0.5241720942316125,-0.020712084454740008,1.9116427898406982,0.028783563524484634,0
mujoco,flat_forward,2,2,375,3.749999999999698,1.0,0.0,0.3340685894464007,0.010482441316815085,-0.010009695990836263,0.5229123375338182,-0.022223333993182492,1.90065336227417,0.03271005302667618,0
mujoco,flat_forward,2,2,376,3.759999999999697,1.0,0.0,0.3340676576378066,0.010409019188133048,-0.010105228675740202,0.5249868962463204,-0.021457654650279417,1.912912130355835,0.034313566982746124,0
mujoco,flat_forward,2,2,377,3.769999999999696,1.0,0.0,0.3340630221801506,0.010327018655660125,-0.010044543782584832,0.5235825902402176,-0.023715913307353533,1.9005523920059204,0.03526439517736435,0
mujoco,flat_forward,2,2,378,3.7799999999996947,1.0,0.0,0.3340583110023819,0.010248431658919005,-0.010113823173713694,0.5256946029707277,-0.022961569299163705,1.9140185117721558,0.03716187924146652,0
mujoco,flat_forward,2,2,379,3.7899999999996936,1.0,0.0,0.33404594755439054,0.010164666977239818,-0.010131833354997778,0.524503171458996,-0.027077647867043624,1.9021962881088257,0.03669444099068642,0
mujoco,flat_forward,2,2,380,3.7999999999996925,1.0,0.0,0.33403320758586785,0.010080023003425413,-0.010206783051247241,0.5264127771022884,-0.026313687094447293,1.9137016534805298,0.03432176634669304,0
mujoco,flat_forward,2,2,381,3.8099999999996914,1.0,0.0,0.33401488279467384,0.009989062693944584,-0.010213041819686196,0.5251870704035351,-0.029491241004462126,1.9042625427246094,0.033063795417547226,0
mujoco,flat_forward,2,2,382,3.8199999999996903,1.0,0.0,0.33399950832057246,0.009902668420100447,-0.010281008760761387,0.5270282067990325,-0.028306470134362088,1.9147446155548096,0.0329841785132885,0
mujoco,flat_forward,2,2,383,3.829999999999689,1.0,0.0,0.33397859728939894,0.009820236892090028,-0.010320446697346565,0.5259989027917197,-0.02853901865448733,1.905289649963379,0.033481352031230927,0
mujoco,flat_forward,2,2,384,3.839999999999688,1.0,0.0,0.3339601393475758,0.00974388586064878,-0.0103960885523382,0.5277194779328398,-0.028468193120142437,1.9145268201828003,0.030324259772896767,0
mujoco,flat_forward,2,2,385,3.849999999999687,1.0,0.0,0.33393442301744486,0.009673667099035969,-0.010464632767872769,0.5268696346660814,-0.027368295858346072,1.9066526889801025,0.03129399195313454,0
mujoco,flat_forward,2,2,386,3.859999999999686,1.0,0.0,0.3339109701974552,0.009604122076636004,-0.010533675334023758,0.5284583840305226,-0.028913603755777086,1.9150943756103516,0.02817240171134472,0
mujoco,flat_forward,2,2,387,3.869999999999685,1.0,0.0,0.3338807964842987,0.009535068981422597,-0.010593534287725572,0.5275846116422445,-0.02924623430492381,1.9085077047348022,0.02900628186762333,0
mujoco,flat_forward,2,2,388,3.8799999999996837,1.0,0.0,0.33385477695209037,0.009460721775039184,-0.01065034650670743,0.5290888827815854,-0.031246289363633342,1.9168866872787476,0.02728981152176857,0
mujoco,flat_forward,2,2,389,3.8899999999996826,1.0,0.0,0.3338217528417197,0.009390708712228383,-0.010737255594980571,0.5284276372246276,-0.028632583105062996,1.910178542137146,0.028646118938922882,0
mujoco,flat_forward,2,2,390,3.8999999999996815,1.0,0.0,0.3337918184960999,0.009320907422715914,-0.010793343226067424,0.5298041796966032,-0.03150379839418403,1.9166805744171143,0.024687688797712326,0
mujoco,flat_forward,2,2,391,3.9099999999996804,1.0,0.0,0.333756870882522,0.009264680594475801,-0.010842828410446276,0.5288742555189403,-0.02721547371926604,1.9112277030944824,0.02614367939531803,0
mujoco,flat_forward,2,2,392,3.9199999999996793,1.0,0.0,0.33372772583996313,0.009200761784742502,-0.010883292366636545,0.5302322025992807,-0.0321024254974349,1.9184226989746094,0.025629563257098198,0
mujoco,flat_forward,2,2,393,3.929999999999678,1.0,0.0,0.33369285762982254,0.009147519715023025,-0.010967535608250515,0.5295421802534259,-0.02595968906155303,1.911992073059082,0.02868359163403511,0
mujoco,flat_forward,2,2,394,3.939999999999677,1.0,0.0,0.33366037286431516,0.009086419495894707,-0.011021370309924037,0.530741658125648,-0.03264955225370905,1.917073130607605,0.022891085594892502,0
mujoco,flat_forward,2,2,395,3.949999999999676,1.0,0.0,0.3336203682675439,0.009026549567277775,-0.011095573631201859,0.5300346344115024,-0.028131973633738785,1.912460207939148,0.02576708421111107,0
mujoco,flat_forward,2,2,396,3.959999999999675,1.0,0.0,0.3335833920160099,0.008956512893544271,-0.011135941062663282,0.5311566599996095,-0.03551943539321311,1.9174232482910156,0.022807031869888306,0
mujoco,flat_forward,2,2,397,3.969999999999674,1.0,0.0,0.3335391469581123,0.008895992327065155,-0.011218272576407604,0.5306637501357514,-0.02753320032864137,1.9125632047653198,0.02559223771095276,0
mujoco,flat_forward,2,2,398,3.9799999999996727,1.0,0.0,0.33349669014209293,0.008842443813823916,-0.01124983514409535,0.5314629478056729,-0.03440491008452417,1.9157326221466064,0.02120523899793625,0
mujoco,flat_forward,2,2,399,3.9899999999996716,1.0,0.0,0.33345363007682927,0.008808369071150578,-0.01127049166134875,0.5308794889081442,-0.026195476665651352,1.9141850471496582,0.017398586496710777,0
mujoco,flat_forward,2,2,400,3.9999999999996705,1.0,0.0,0.3334177043944771,0.008761720608640942,-0.01126151202412441,0.5316604334371053,-0.035037134998880747,1.9181362390518188,0.01763000153005123,0
mujoco,flat_forward,2,2,401,4.009999999999674,1.0,0.0,0.33338180532072387,0.008725261082169937,-0.011284399443990773,0.531304258476935,-0.0239138572919388,1.916134238243103,0.01832444779574871,0
mujoco,flat_forward,2,2,402,4.019999999999677,1.0,0.0,0.333350172580382,0.008688160880750388,-0.011280507508318188,0.5319218588256202,-0.03425465183577426,1.9187248945236206,0.015914572402834892,0
mujoco,flat_forward,2,2,403,4.0299999999996805,1.0,0.0,0.3333177751573884,0.008655313946277611,-0.011282372298032577,0.5315354445665761,-0.024774845092564387,1.9182137250900269,0.0157612431794405,0
mujoco,flat_forward,2,2,404,4.039999999999684,1.0,0.0,0.33329099394497963,0.008614635064610448,-0.011253823696974216,0.5320731522942627,-0.0360902134009686,1.921485185623169,0.01559535227715969,0
mujoco,flat_forward,2,2,405,4.049999999999687,1.0,0.0,0.333264858790118,0.008579507990591408,-0.011251252172181729,0.5318947394868967,-0.02321029618779432,1.920633316040039,0.014283201657235622,0
mujoco,flat_forward,2,2,406,4.0599999999996905,1.0,0.0,0.333242731969923,0.008550111044941798,-0.011223365440467415,0.5323033315481847,-0.03559851652505849,1.9220235347747803,0.015018370002508163,0
mujoco,flat_forward,2,2,407,4.069999999999694,1.0,0.0,0.3332214660242785,0.008521292859926071,-0.011203220386960065,0.532079320528806,-0.024364647556392106,1.9228370189666748,0.012661929242312908,0
mujoco,flat_forward,2,2,408,4.079999999999697,1.0,0.0,0.33320655858996706,0.008489636986849347,-0.011146984302843967,0.532198267570434,-0.035103233952973927,1.924314022064209,0.014797893352806568,0
mujoco,flat_forward,2,2,409,4.0899999999997005,1.0,0.0,0.33319911285405285,0.008476378363549423,-0.011098333076834895,0.5321839628153351,-0.02109525508058433,1.9267196655273438,0.008297622203826904,0
mujoco,flat_forward,2,2,410,4.099999999999704,1.0,0.0,0.33319694890472906,0.00845813073665204,-0.01106189598999372,0.5322567942802456,-0.034291483132378744,1.9256975650787354,0.011479035951197147,0
mujoco,flat_forward,2,2,411,4.109999999999707,1.0,0.0,0.3331993101917369,0.008443111491344118,-0.011025560540499546,0.5324038241741094,-0.019768955276156627,1.9291009902954102,0.01098855584859848,0
mujoco,flat_forward,2,2,412,4.119999999999711,1.0,0.0,0.3332021144831968,0.008424455397409658,-0.011004614286123971,0.5324339341899895,-0.03438951323910081,1.9272615909576416,0.011775397695600986,0
mujoco,flat_forward,2,2,413,4.129999999999714,1.0,0.0,0.333207909546652,0.008403931363289633,-0.010966268098664902,0.5326480110892002,-0.019595108094696563,1.932113766670227,0.01291350182145834,0
mujoco,flat_forward,2,2,414,4.139999999999717,1.0,0.0,0.333210883534876,0.00839401179863483,-0.010965933497428294,0.5329679767642982,-0.03646676562758756,1.9307912588119507,0.013897784054279327,0
mujoco,flat_forward,2,2,415,4.149999999999721,1.0,0.0,0.333211997924387,0.008354850444756222,-0.010957925597028954,0.5331277141032932,-0.02251186444971217,1.934726595878601,0.015944482758641243,0
mujoco,flat_forward,2,2,416,4.159999999999724,1.0,0.0,0.3332113347527427,0.008326961026502773,-0.01095991496563374,0.5333797825014795,-0.03825455972894143,1.9348195791244507,0.014845444820821285,0
mujoco,flat_forward,2,2,417,4.169999999999727,1.0,0.0,0.3332131263963492,0.008279349348319903,-0.010947811841066397,0.5334737347678786,-0.023244439503977393,1.937996506690979,0.013793901540338993,0
mujoco,flat_forward,2,2,418,4.179999999999731,1.0,0.0,0.333214712431774,0.008260009225841051,-0.010980364241706954,0.5339547567139824,-0.03524967045876693,1.9375629425048828,0.01639917492866516,0
mujoco,flat_forward,2,2,419,4.189999999999734,1.0,0.0,0.33321922652337904,0.008220891840627255,-0.010975349452068784,0.5340025444562077,-0.02163157040922948,1.9397205114364624,0.012370821088552475,0
mujoco,flat_forward,2,2,420,4.199999999999737,1.0,0.0,0.3332244132212803,0.008197618848809082,-0.011009636310601235,0.5344756501094436,-0.035072850220688984,1.9408414363861084,0.01521352119743824,0
mujoco,flat_forward,2,2,421,4.209999999999741,1.0,0.0,0.33323386473248146,0.008151784370302022,-0.011007069220137819,0.5345049934671804,-0.0221384037185055,1.942981243133545,0.013457231223583221,0
mujoco,flat_forward,2,2,422,4.219999999999744,1.0,0.0,0.3332426697538008,0.008128891941123886,-0.011086343986699724,0.5352230716920938,-0.03235501419783606,1.9440823793411255,0.015171272680163383,0
mujoco,flat_forward,2,2,423,4.229999999999747,1.0,0.0,0.3332541925286133,0.008086097136647546,-0.011094766525027023,0.5351676758976854,-0.020948655585237157,1.945277452468872,0.012939118780195713,0
mujoco,flat_forward,2,2,424,4.239999999999751,1.0,0.0,0.33326469265488595,0.008054869112824518,-0.01117267711931477,0.5358750902335319,-0.03261776234318534,1.9482557773590088,0.014610899612307549,0
mujoco,flat_forward,2,2,425,4.249999999999754,1.0,0.0,0.33327880963846934,0.008001466736111202,-0.011177012986224743,0.5357955824947417,-0.021724656145801373,1.9496021270751953,0.013577151112258434,0
mujoco,flat_forward,2,2,426,4.259999999999757,1.0,0.0,0.3332924738772743,0.007960813807875342,-0.0112575231447788,0.5365095405025149,-0.03351915172805219,1.9521113634109497,0.015290757641196251,0
mujoco,flat_forward,2,2,427,4.269999999999761,1.0,0.0,0.33330978394051064,0.007899831612635752,-0.011263974978222025,0.5364115992318605,-0.022690055027593917,1.9528886079788208,0.01341673731803894,0
mujoco,flat_forward,2,2,428,4.279999999999764,1.0,0.0,0.3333248154221227,0.007860065389187671,-0.011387117669581817,0.5371515537473343,-0.028087808289400863,1.9550949335098267,0.015602032653987408,0
mujoco,flat_forward,2,2,429,4.289999999999767,1.0,0.0,0.33334612901382765,0.007823585877935255,-0.011369154573406766,0.536965111707676,-0.018707768002651077,1.956153154373169,0.009888356551527977,0
mujoco,flat_forward,2,2,430,4.299999999999771,1.0,0.0,0.3333658821143559,0.007795312955424102,-0.011491533974377728,0.5377665586225245,-0.02729517350820777,1.95987868309021,0.012315714731812477,0
mujoco,flat_forward,2,2,431,4.309999999999774,1.0,0.0,0.33339123531257275,0.007751901678930082,-0.011477163868368957,0.5375597460726397,-0.01953162214475536,1.9606196880340576,0.011792177334427834,0
mujoco,flat_forward,2,2,432,4.319999999999777,1.0,0.0,0.3334136427705642,0.007711734360421429,-0.011608189398004964,0.5383736600984373,-0.02869144313458694,1.9643843173980713,0.012282105162739754,0
mujoco,flat_forward,2,2,433,4.329999999999781,1.0,0.0,0.33344038630827205,0.007654044349807436,-0.011599298328701439,0.5381497474226078,-0.020743698147177837,1.9641045331954956,0.011393673717975616,0
mujoco,flat_forward,2,2,434,4.339999999999784,1.0,0.0,0.33346312125057403,0.007603607541331439,-0.011732585276448007,0.5389569929856316,-0.029633616926064872,1.9677380323410034,0.012867393903434277,0
mujoco,flat_forward,2,2,435,4.349999999999787,1.0,0.0,0.33348940196093224,0.007536562071860534,-0.011722986903096047,0.5387294715151696,-0.02138971597724767,1.967026948928833,0.010834360495209694,0
mujoco,flat_forward,2,2,436,4.359999999999791,1.0,0.0,0.3335111547419721,0.00747974080530736,-0.011854111864778132,0.539536317349594,-0.03023046087455578,1.9704475402832031,0.013299569487571716,0
mujoco,flat_forward,2,2,437,4.369999999999794,1.0,0.0,0.3335360354444824,0.007406904766277917,-0.011840064878772337,0.5393083323094219,-0.02198375055487375,1.969749927520752,0.010817396454513073,0
mujoco,flat_forward,2,2,438,4.379999999999797,1.0,0.0,0.3335547296157118,0.007350482134895385,-0.012007960322149874,0.5403846087736581,-0.02755207692949789,1.9730775356292725,0.01340675912797451,0
mujoco,flat_forward,2,2,439,4.389999999999801,1.0,0.0,0.3335745201094345,0.007284883558594853,-0.011994069943418855,0.5400600530399838,-0.020852396446528084,1.970786690711975,0.012122481130063534,0
mujoco,flat_forward,2,2,440,4.399999999999804,1.0,0.0,0.3335876776437543,0.007226539324117102,-0.012143316752603986,0.541134696488951,-0.028007166327160642,1.9763575792312622,0.014220739714801311,0
mujoco,flat_forward,2,2,441,4.409999999999807,1.0,0.0,0.3336035707821653,0.007151269757492434,-0.012106347660822444,0.5408129471341302,-0.02213459989974262,1.9746869802474976,0.01253296248614788,0
mujoco,flat_forward,2,2,442,4.419999999999811,1.0,0.0,0.33361441992905044,0.007082179092412143,-0.012241081242658675,0.5419099290875541,-0.029528338646967668,1.9800206422805786,0.014368251897394657,0
mujoco,flat_forward,2,2,443,4.429999999999814,1.0,0.0,0.33362898303693617,0.006996469490435922,-0.012195067505386112,0.541614862833624,-0.02364753990310006,1.9777872562408447,0.01265650149434805,0
mujoco,flat_forward,2,2,444,4.439999999999817,1.0,0.0,0.3336391879410362,0.0069215700498237815,-0.012315707997087061,0.5424713289378607,-0.027820545591195716,1.9825057983398438,0.014560637064278126,0
mujoco,flat_forward,2,2,445,4.449999999999821,1.0,0.0,0.3336570314561312,0.006848574576026283,-0.012252749197971069,0.5422895745932803,-0.022880232371274192,1.9815739393234253,0.00867933128029108,0
mujoco,flat_forward,2,2,446,4.459999999999824,1.0,0.0,0.333671291153553,0.006781067565286684,-0.012382269488114658,0.5431933928057177,-0.0287043437454727,1.984695315361023,0.009921972639858723,0
mujoco,flat_forward,2,2,447,4.4699999999998274,1.0,0.0,0.33369041899661844,0.006704639414393042,-0.012342179142071062,0.543070186025472,-0.024788456156416023,1.9834426641464233,0.009832595475018024,0
mujoco,flat_forward,2,2,448,4.479999999999831,1.0,0.0,0.33370361557838996,0.006632724476070307,-0.012471573950220801,0.5437131487756717,-0.027721617349547954,1.9864997863769531,0.009144674986600876,0
mujoco,flat_forward,2,2,449,4.489999999999834,1.0,0.0,0.3337229437589918,0.006562261734483921,-0.012432144371663102,0.5437227015217015,-0.02484444415837757,1.9869468212127686,0.006027405150234699,0
mujoco,flat_forward,2,2,450,4.4999999999998375,1.0,0.0,0.3337360736331928,0.006490779115949085,-0.012570840981624047,0.5443976885715421,-0.029285882522038897,1.9890129566192627,0.0051613133400678635,0
mujoco,flat_forward,2,2,451,4.509999999999841,1.0,0.0,0.33375251704183256,0.006411324718107629,-0.012551125658761543,0.5444775931525315,-0.027111061746913218,1.9890012741088867,0.006095196586102247,0
mujoco,flat_forward,2,2,452,4.519999999999844,1.0,0.0,0.33376055695905155,0.006327108326587042,-0.01270029317208313,0.5451759550347489,-0.03188464234463829,1.9908332824707031,0.004947830457240343,0
mujoco,flat_forward,2,2,453,4.5299999999998475,1.0,0.0,0.3337704265146327,0.006233417705092564,-0.01268858939957139,0.5453049095310327,-0.029720150524799416,1.9902737140655518,0.0054784007370471954,0
mujoco,flat_forward,2,2,454,4.539999999999851,1.0,0.0,0.3337719239769648,0.006145404916660007,-0.01281558453715406,0.5457413816825509,-0.031136339415635306,1.9919179677963257,0.0046697440557181835,0
mujoco,flat_forward,2,2,455,4.549999999999854,1.0,0.0,0.3337783480539925,0.006061389043747079,-0.012787892119924489,0.5460337539022483,-0.030375145810284793,1.9933594465255737,0.004465158097445965,0
mujoco,flat_forward,2,2,456,4.5599999999998575,1.0,0.0,0.33377821009379166,0.005981234329723916,-0.012892150102971785,0.54625934796353,-0.029901736125420124,1.9937458038330078,0.004134128335863352,0
mujoco,flat_forward,2,2,457,4.569999999999861,1.0,0.0,0.3337841253776695,0.005902521396314238,-0.012864143805986012,0.5467511176677402,-0.03137936257297891,1.9965497255325317,0.006812991574406624,0
mujoco,flat_forward,2,2,458,4.579999999999864,1.0,0.0,0.333781744711202,0.005813646871625882,-0.012998978928571858,0.5470695942806274,-0.03269922034082373,1.9953187704086304,0.007284124381840229,0
mujoco,flat_forward,2,2,459,4.5899999999998675,1.0,0.0,0.3337822929801666,0.005720026999767331,-0.013001950147828678,0.5476150187091404,-0.035018295804704384,1.9967498779296875,0.00596741633489728,0
mujoco,flat_forward,2,2,460,4.599999999999871,1.0,0.0,0.33377308439421427,0.005623590478881298,-0.013123300072911051,0.5477175440046093,-0.03324052135500143,1.9954266548156738,0.007785129360854626,0
mujoco,flat_forward,2,2,461,4.609999999999874,1.0,0.0,0.33376788180815314,0.0055327862558279105,-0.013123899998571815,0.5484163992643751,-0.03639676710993421,1.998433232307434,0.009672525338828564,0
mujoco,flat_forward,2,2,462,4.6199999999998775,1.0,0.0,0.33375408751962093,0.005436564927686102,-0.013220331522299261,0.5483362384984853,-0.0330631935696886,1.9961705207824707,0.012112462893128395,0
mujoco,flat_forward,2,2,463,4.629999999999881,1.0,0.0,0.33374447608504443,0.005345025216642141,-0.013233254451788919,0.5492225462511421,-0.03778215939764353,2.0002286434173584,0.013268421404063702,0
mujoco,flat_forward,2,2,464,4.639999999999884,1.0,0.0,0.3337266698600734,0.005247271635593361,-0.013312560858228937,0.5489622511378649,-0.03338671125016734,1.9961696863174438,0.016915306448936462,0
mujoco,flat_forward,2,2,465,4.649999999999888,1.0,0.0,0.3337118759120336,0.005152493741404043,-0.013348770230988807,0.5500255881079056,-0.039861884624653975,2.0007691383361816,0.016427353024482727,0
mujoco,flat_forward,2,2,466,4.659999999999891,1.0,0.0,0.3336886585471422,0.005054918750156594,-0.013411939940763454,0.5495750020087099,-0.03409822492161243,1.9950175285339355,0.022006656974554062,0
mujoco,flat_forward,2,2,467,4.669999999999894,1.0,0.0,0.3336664190597819,0.004957052877817065,-0.013463652108279323,0.5506506087902628,-0.040407880046390954,2.0001721382141113,0.019427191466093063,0
mujoco,flat_forward,2,2,468,4.679999999999898,1.0,0.0,0.33363934540349915,0.004879125230210758,-0.013512608217955926,0.5501655787105585,-0.03446439538868853,1.9953359365463257,0.020231790840625763,0
mujoco,flat_forward,2,2,469,4.689999999999901,1.0,0.0,0.33361366482488064,0.004784028362759524,-0.013550125807251791,0.5511592817735336,-0.03926272988178149,2.000702142715454,0.017903724685311317,0
mujoco,flat_forward,2,2,470,4.699999999999904,1.0,0.0,0.3335852484181786,0.004713354288689663,-0.013587727464564218,0.5508115698647913,-0.03404577629421233,1.9979667663574219,0.016130594536662102,0
mujoco,flat_forward,2,2,471,4.709999999999908,1.0,0.0,0.3335591573368087,0.004619890624215592,-0.01360329938972234,0.5513743028230867,-0.034145136424668585,2.001859188079834,0.013905823230743408,0
mujoco,flat_forward,2,2,472,4.719999999999911,1.0,0.0,0.3335357523408045,0.00456592626037493,-0.01362000834350392,0.5513456432040362,-0.03159712891092201,2.0027482509613037,0.008493580855429173,0
mujoco,flat_forward,2,2,473,4.729999999999914,1.0,0.0,0.3335155937309434,0.004474616702598914,-0.01364853719544127,0.5517620136980086,-0.03183626545803134,2.0038838386535645,0.006673251278698444,0
mujoco,flat_forward,2,2,474,4.739999999999918,1.0,0.0,0.3334965052240982,0.004419458908648993,-0.013686323522289073,0.5519731329893204,-0.032221478436961354,2.004890203475952,0.006200079340487719,0
mujoco,flat_forward,2,2,475,4.749999999999921,1.0,0.0,0.3334770760708698,0.004316565903596019,-0.013728474721080453,0.5522722675347033,-0.031285374608125555,2.0051357746124268,0.00708013167604804,0
mujoco,flat_forward,2,2,476,4.759999999999924,1.0,0.0,0.33345781859084295,0.0042515174989183014,-0.013765903699381367,0.5524295573674275,-0.036709672821642725,2.0061728954315186,0.006058407481759787,0
mujoco,flat_forward,2,2,477,4.769999999999928,1.0,0.0,0.33343850444208045,0.004130717848869226,-0.013808394143532313,0.5526405693170021,-0.03301721525566434,2.0065581798553467,0.010245987214148045,0
mujoco,flat_forward,2,2,478,4.779999999999931,1.0,0.0,0.3334183692323941,0.004058435467091182,-0.013874005007087098,0.5530057017094181,-0.038306378511812476,2.006178855895996,0.00946352444589138,0
mujoco,flat_forward,2,2,479,4.789999999999934,1.0,0.0,0.3333955867680251,0.00394320132539562,-0.013921231305180781,0.5531156243843453,-0.032213734000566784,2.0053598880767822,0.012465671636164188,0
mujoco,flat_forward,2,2,480,4.799999999999938,1.0,0.0,0.3333693916499276,0.003876624033205424,-0.014018111844781904,0.553665447279879,-0.03896671618459013,2.005594253540039,0.011775611899793148,0
mujoco,flat_forward,2,2,481,4.809999999999941,1.0,0.0,0.33333935144316057,0.003769198643008537,-0.014066679784287816,0.5536481575022417,-0.03152586217444757,2.003934860229492,0.015943853184580803,0
mujoco,flat_forward,2,2,482,4.819999999999944,1.0,0.0,0.3333060163813132,0.0037014108970621303,-0.014149576850266441,0.5541043669708802,-0.043708620774489594,2.0050601959228516,0.013752864673733711,0
mujoco,flat_forward,2,2,483,4.829999999999948,1.0,0.0,0.3332706909623796,0.003591731991386052,-0.014186272039901174,0.5540287858681124,-0.03345565054347373,2.003753900527954,0.019739218056201935,0
mujoco,flat_forward,2,2,484,4.839999999999951,1.0,0.0,0.333231055022412,0.003525457432168927,-0.014286432693544541,0.5542696209118368,-0.04070694015621609,2.0034873485565186,0.016471240669488907,0
mujoco,flat_forward,2,2,485,4.849999999999954,1.0,0.0,0.33319734076997576,0.0034724695628382944,-0.014291831982551477,0.5542224593065523,-0.029646189981952956,2.004671573638916,0.012598217464983463,0
mujoco,flat_forward,2,2,486,4.859999999999958,1.0,0.0,0.33316047160596207,0.0034369067501469953,-0.014401341069948566,0.5544208042412316,-0.03667443923184161,2.0034897327423096,0.010805834084749222,0
mujoco,flat_forward,2,2,487,4.869999999999961,1.0,0.0,0.33312874921492525,0.0034028672484966885,-0.01441362348135381,0.554516193216174,-0.0282340842200391,2.005733013153076,0.012246770784258842,0
mujoco,flat_forward,2,2,488,4.879999999999964,1.0,0.0,0.33309251928711486,0.003368262037102702,-0.014495270550267118,0.5543813649803536,-0.03773957935080496,2.0040764808654785,0.00917045958340168,0
mujoco,flat_forward,2,2,489,4.889999999999968,1.0,0.0,0.3330620648566817,0.0033321415732775876,-0.014512435741568444,0.5547226280876784,-0.02993237420892116,2.0077245235443115,0.01206708699464798,0
mujoco,flat_forward,2,2,490,4.899999999999971,1.0,0.0,0.3330251849256796,0.0032973530513586563,-0.014610030062830768,0.5544322268283397,-0.03608141499491763,2.003634452819824,0.012842449359595776,0
mujoco,flat_forward,2,2,491,4.909999999999974,1.0,0.0,0.3329923927413735,0.0032732617435109876,-0.014646498935041009,0.5549852834016061,-0.02927950862209992,2.0074656009674072,0.011846004985272884,0
mujoco,flat_forward,2,2,492,4.919999999999978,1.0,0.0,0.3329531669425043,0.003242721919403124,-0.01469531619676,0.5542848354681711,-0.03677743965714855,2.0023419857025146,0.015943532809615135,0
mujoco,flat_forward,2,2,493,4.929999999999981,1.0,0.0,0.3329178291604585,0.0032236751300361317,-0.014741524086379913,0.555147308041108,-0.030454318292920408,2.007763385772705,0.016559170559048653,0
mujoco,flat_forward,2,2,494,4.939999999999984,1.0,0.0,0.3328747782644217,0.0032002194244343486,-0.014796456163907222,0.5542236697326095,-0.0349999478450144,1.9995027780532837,0.023471850901842117,0
mujoco,flat_forward,2,2,495,4.949999999999988,1.0,0.0,0.3328335852101168,0.0031885374363659963,-0.0148561001114751,0.555191586768619,-0.03241202399237905,2.0058069229125977,0.01991475746035576,0
mujoco,flat_forward,2,2,496,4.959999999999991,1.0,0.0,0.33279034072848984,0.003159471640126971,-0.014805888167981507,0.5537344851719256,-0.033394069137246435,1.9978325366973877,0.02491721324622631,0
mujoco,flat_forward,2,2,497,4.969999999999994,1.0,0.0,0.3327512234785133,0.0031420591106129025,-0.014861567434844033,0.555126899318011,-0.032678856972675745,2.0061488151550293,0.026242926716804504,0
mujoco,flat_forward,2,2,498,4.979999999999998,1.0,0.0,0.3327095572153722,0.0031127547337854618,-0.014792805568650898,0.553474168960911,-0.03344975651970888,1.9941227436065674,0.034734178334474564,0
mujoco,flat_forward,2,2,499,4.990000000000001,1.0,0.0,0.33266706107421296,0.003092616162821988,-0.014868928192753822,0.5549123029615384,-0.03305962367497458,2.0029823780059814,0.031122172251343727,0
mujoco,flat_forward,2,2,500,5.000000000000004,1.0,0.0,0.33262385441236214,0.0030844972598693325,-0.014751655701811578,0.5532281970354616,-0.03454476524003894,1.991674542427063,0.033781468868255615,0
mujoco,flat_forward,2,2,501,5.010000000000008,1.0,0.0,0.3325795228541063,0.003079446729823886,-0.014788428644887459,0.5544078391157189,-0.03555253456322947,2.0017523765563965,0.031594015657901764,0
mujoco,flat_forward,2,2,502,5.020000000000011,1.0,0.0,0.3325412400030811,0.0030723237841093027,-0.014606585933870157,0.5528449048538748,-0.03740499622513081,1.9948885440826416,0.026091093197464943,0
mujoco,flat_forward,2,2,503,5.0300000000000145,1.0,0.0,0.3325049260510434,0.003065541139175108,-0.01462505801889969,0.5539399596794369,-0.03510577205909937,2.0024919509887695,0.026428673416376114,0
mujoco,flat_forward,2,2,504,5.040000000000018,1.0,0.0,0.3324762834808861,0.0030646648811419237,-0.014438521143129497,0.5525364125766775,-0.03762738415336401,1.9954637289047241,0.022864019498229027,0
mujoco,flat_forward,2,2,505,5.050000000000021,1.0,0.0,0.33244860708618934,0.0030642973213155034,-0.014454671745793946,0.5534662229808274,-0.03353767216230502,2.0019989013671875,0.02331136167049408,0
mujoco,flat_forward,2,2,506,5.0600000000000245,1.0,0.0,0.3324289874358163,0.0030685614760228084,-0.014270014179544604,0.5522478974743459,-0.03821781551513272,1.9956817626953125,0.019101010635495186,0
mujoco,flat_forward,2,2,507,5.070000000000028,1.0,0.0,0.33240963434194615,0.00307152122687002,-0.014277026410765753,0.5529740970264914,-0.03289308073726513,2.002143621444702,0.01967512257397175,0
mujoco,flat_forward,2,2,508,5.080000000000031,1.0,0.0,0.33239837494763264,0.0030823330066806673,-0.014096252895885387,0.5519610934595905,-0.03972427346843598,1.997431993484497,0.014458674006164074,0
mujoco,flat_forward,2,2,509,5.0900000000000345,1.0,0.0,0.33238586667258224,0.003078342535039519,-0.014127661497432503,0.5527854434668974,-0.03639629611577578,2.0035157203674316,0.016808530315756798,0
mujoco,flat_forward,2,2,510,5.100000000000038,1.0,0.0,0.33237870097116073,0.0030801397977312677,-0.013975462399114808,0.5518725983570685,-0.04405366521988316,1.9977021217346191,0.013496290892362595,0
mujoco,flat_forward,2,2,511,5.110000000000041,1.0,0.0,0.3323693412447741,0.0030698749647194326,-0.013991080157426576,0.5524761441933819,-0.03740344193029077,2.0037543773651123,0.016692597419023514,0
mujoco,flat_forward,2,2,512,5.1200000000000445,1.0,0.0,0.33236740923591485,0.0030773188169277363,-0.013839282552765085,0.5517486118686888,-0.04619683096683598,1.9994713068008423,0.010749014094471931,0
mujoco,flat_forward,2,2,513,5.130000000000048,1.0,0.0,0.33236479624881693,0.0030695617434197842,-0.013843084416477774,0.5523723042688933,-0.03456922469862496,2.004352569580078,0.013763625174760818,0
mujoco,flat_forward,2,2,514,5.140000000000051,1.0,0.0,0.33236614008928145,0.003093806319084725,-0.01374310748191061,0.5518531882719493,-0.0454404991276784,1.9996651411056519,0.01341464463621378,0
mujoco,flat_forward,2,2,515,5.1500000000000545,1.0,0.0,0.33236584265179675,0.0030900302061486373,-0.013735764200095351,0.5522521612813498,-0.03381189677723629,2.0052192211151123,0.014916816726326942,0
mujoco,flat_forward,2,2,516,5.160000000000058,1.0,0.0,0.3323698971763786,0.0031075757303430144,-0.013661585175541325,0.5519841301374872,-0.04777680106510996,2.0033185482025146,0.011465859599411488,0
mujoco,flat_forward,2,2,517,5.170000000000061,1.0,0.0,0.33237386886839404,0.0030995431697042083,-0.013647665753943682,0.552175569649958,-0.03449395319976258,2.006842851638794,0.014437738806009293,0
mujoco,flat_forward,2,2,518,5.1800000000000646,1.0,0.0,0.33238165428694394,0.0031073327931504047,-0.013613645979191326,0.5521553425624866,-0.050306473254838,2.0061426162719727,0.013244991190731525,0
mujoco,flat_forward,2,2,519,5.190000000000068,1.0,0.0,0.33238954958648975,0.003095079582160544,-0.013606351112966502,0.552170466295321,-0.03528722682876664,2.0074968338012695,0.015653440728783607,0
mujoco,flat_forward,2,2,520,5.200000000000071,1.0,0.0,0.33239965317907916,0.003094569868636219,-0.013602548843313586,0.5521997031761285,-0.05095775824897427,2.0072548389434814,0.01619027554988861,0
mujoco,flat_forward,2,2,521,5.210000000000075,1.0,0.0,0.33241350167469114,0.003089892126546041,-0.013601246033525714,0.5522142142768345,-0.035866991315511555,2.009448528289795,0.01332136895507574,0
mujoco,flat_forward,2,2,522,5.220000000000078,1.0,0.0,0.3324298960506472,0.003085653833349531,-0.01360211662118734,0.5521248451413167,-0.049613455922420016,2.009119749069214,0.014306520111858845,0
mujoco,flat_forward,2,2,523,5.230000000000081,1.0,0.0,0.3324516174434071,0.0030843870040207105,-0.013598175846758799,0.5522744994541321,-0.03534605077677855,2.0137195587158203,0.013071374967694283,0
mujoco,flat_forward,2,2,524,5.240000000000085,1.0,0.0,0.33247540622204264,0.003074406123701707,-0.013603477858861733,0.5520723517352403,-0.04752393215199463,2.012702226638794,0.011821087449789047,0
mujoco,flat_forward,2,2,525,5.250000000000088,1.0,0.0,0.33250521081249934,0.0030718611369009627,-0.013604568327754031,0.5524087785901263,-0.035015778305498575,2.0188496112823486,0.013218402862548828,0
mujoco,flat_forward,2,2,526,5.260000000000091,1.0,0.0,0.3325355689397664,0.0030543042737721424,-0.0136335042544335,0.5523284519159798,-0.04914464151098058,2.0166547298431396,0.01019872073084116,0
mujoco,flat_forward,2,2,527,5.270000000000095,1.0,0.0,0.33256796659100535,0.0030403830549337353,-0.01366330148036236,0.5529455170820168,-0.03552868668127203,2.021803379058838,0.012871799059212208,0
mujoco,flat_forward,2,2,528,5.280000000000098,1.0,0.0,0.3325927853905103,0.0030316103495569495,-0.0137520019219673,0.5527734809015525,-0.04483821295560684,2.018392562866211,0.014529263600707054,0
mujoco,flat_forward,2,2,529,5.290000000000101,1.0,0.0,0.33261934939562227,0.003031032423844059,-0.013803182595149049,0.5533541400514399,-0.035456681946251366,2.025648832321167,0.015060417354106903,0
mujoco,flat_forward,2,2,530,5.300000000000105,1.0,0.0,0.3326455809439422,0.0030082967587829767,-0.013846890755722041,0.5529425179918264,-0.04507817706310556,2.0235278606414795,0.009787454269826412,0
mujoco,flat_forward,2,2,531,5.310000000000108,1.0,0.0,0.3326784640603223,0.00299530715246378,-0.013894242922970344,0.5538042889479077,-0.03667504658062077,2.030988931655884,0.016303308308124542,0
mujoco,flat_forward,2,2,532,5.320000000000111,1.0,0.0,0.3327106568105924,0.0029651230337540174,-0.013950751929055821,0.5532284856812555,-0.043774235018016174,2.0253872871398926,0.015492166392505169,0
mujoco,flat_forward,2,2,533,5.330000000000115,1.0,0.0,0.33274743933971823,0.002948291556880946,-0.014031170371938363,0.5543292112110818,-0.03736344855724202,2.032982349395752,0.018703775480389595,0
mujoco,flat_forward,2,2,534,5.340000000000118,1.0,0.0,0.3327809568274781,0.002916005577618091,-0.014100453390976618,0.5535320973327658,-0.042645352157445554,2.0257248878479004,0.019851254299283028,0
mujoco,flat_forward,2,2,535,5.350000000000121,1.0,0.0,0.33281607851742967,0.0028934301779265713,-0.01421175191022375,0.554887835987496,-0.03849775935932707,2.0346922874450684,0.02210083231329918,0
mujoco,flat_forward,2,2,536,5.360000000000125,1.0,0.0,0.3328457851725926,0.0028548603217446837,-0.014280526012361133,0.5538734183315897,-0.041903743493217904,2.025907039642334,0.02451985515654087,0
mujoco,flat_forward,2,2,537,5.370000000000128,1.0,0.0,0.3328746689554009,0.0028241538038839176,-0.014422574859414552,0.5554758336455523,-0.039858537338477315,2.0368781089782715,0.026674481108784676,0
mujoco,flat_forward,2,2,538,5.380000000000131,1.0,0.0,0.3328972564804585,0.0027760140446285273,-0.014479211948058802,0.5542751469772824,-0.04171942190822823,2.0266942977905273,0.029596416279673576,0
mujoco,flat_forward,2,2,539,5.390000000000135,1.0,0.0,0.33291698985470947,0.0027343592106453545,-0.014651672753751446,0.5560999570484348,-0.041401980287908875,2.038588047027588,0.030554523691534996,0
mujoco,flat_forward,2,2,540,5.400000000000138,1.0,0.0,0.3329301178932452,0.0026773620195559046,-0.014686490912879971,0.554749388957568,-0.04167270888281611,2.026390314102173,0.034750986844301224,0
mujoco,flat_forward,2,2,541,5.410000000000141,1.0,0.0,0.33293876425670194,0.002624190793944386,-0.01486630557047138,0.5563598672326563,-0.043991122540102706,2.038721799850464,0.03405463322997093,0
mujoco,flat_forward,2,2,542,5.420000000000145,1.0,0.0,0.3329485205292867,0.002560490236282277,-0.014841352368760299,0.5551311869499773,-0.04392131353759512,2.029695749282837,0.030020475387573242,0
mujoco,flat_forward,2,2,543,5.430000000000148,1.0,0.0,0.332956075763753,0.0025000980669756833,-0.015003928810209169,0.5564473425525709,-0.03947061886866871,2.0397801399230957,0.029413336887955666,0
mujoco,flat_forward,2,2,544,5.440000000000151,1.0,0.0,0.3329698962334828,0.0024554332132273003,-0.014963874805829927,0.5554428681030635,-0.040251199163435884,2.0340776443481445,0.022494301199913025,0
mujoco,flat_forward,2,2,545,5.450000000000155,1.0,0.0,0.33298173694782274,0.0024122122366548164,-0.015137309608762277,0.5566521073545613,-0.03566738941787977,2.0415213108062744,0.020736265927553177,0
mujoco,flat_forward,2,2,546,5.460000000000158,1.0,0.0,0.33299724256368807,0.0023778586802079955,-0.015125666888194268,0.5558965288856722,-0.03967085869427084,2.0366628170013428,0.020161930471658707,0
mujoco,flat_forward,2,2,547,5.470000000000161,1.0,0.0,0.33300745954944294,0.002327333239432853,-0.01529490772547416,0.5566932021126948,-0.03730485272918551,2.043034553527832,0.016565537080168724,0
mujoco,flat_forward,2,2,548,5.480000000000165,1.0,0.0,0.33302276696808225,0.0022755530069980745,-0.015288667087206918,0.5562373695387924,-0.04262356398674699,2.0413739681243896,0.012736144475638866,0
mujoco,flat_forward,2,2,549,5.490000000000168,1.0,0.0,0.33303240417962543,0.0022060048035395688,-0.015452048757584018,0.556853746883674,-0.03681808241334805,2.044309616088867,0.009146112017333508,0
mujoco,flat_forward,2,2,550,5.500000000000171,1.0,0.0,0.3330446448934703,0.0021469651626376623,-0.015464089343931455,0.5566630645299674,-0.04267821758849605,2.0429728031158447,0.00902261957526207,0
mujoco,flat_forward,2,2,551,5.510000000000175,1.0,0.0,0.3330485234425313,0.0020729867501067937,-0.015620531098981458,0.5571326575993698,-0.03498606661226136,2.0446622371673584,0.006583438254892826,0
mujoco,flat_forward,2,2,552,5.520000000000178,1.0,0.0,0.33305333905419354,0.0020133407790251063,-0.015642864949341993,0.5571812496331504,-0.04266795943560505,2.043916940689087,0.008000603877007961,0
mujoco,flat_forward,2,2,553,5.530000000000181,1.0,0.0,0.333049106530113,0.0019331137684064782,-0.015764858672610897,0.5572807273388224,-0.03715174681267426,2.0448567867279053,0.008044064044952393,0
mujoco,flat_forward,2,2,554,5.540000000000185,1.0,0.0,0.333048199240204,0.0018592717226378877,-0.01578376258984704,0.5576662843353503,-0.04601341336812416,2.047018051147461,0.00821363553404808,0
mujoco,flat_forward,2,2,555,5.550000000000188,1.0,0.0,0.33304178328401585,0.001788774565293297,-0.01583337120225159,0.5573668656482031,-0.03374384525507009,2.0445680618286133,0.013038316741585732,0
mujoco,flat_forward,2,2,556,5.5600000000001915,1.0,0.0,0.333036839792814,0.0017255763339610079,-0.015879384263916718,0.5579990821636082,-0.042681339878001996,2.048351287841797,0.01487018633633852,0
mujoco,flat_forward,2,2,557,5.570000000000195,1.0,0.0,0.3330292399912501,0.0016780321127192958,-0.015922680550761983,0.5574512921152869,-0.035404135259963714,2.0447514057159424,0.015560603700578213,0
mujoco,flat_forward,2,2,558,5.580000000000198,1.0,0.0,0.33302345955157936,0.0016129168158093652,-0.01597016647626786,0.5581138074820714,-0.04216817454258551,2.0499091148376465,0.013881262391805649,0
mujoco,flat_forward,2,2,559,5.5900000000002015,1.0,0.0,0.3330153088240197,0.0015669296152980702,-0.016022178168823897,0.55773014407977,-0.03425541905703306,2.046403646469116,0.0143550680950284,0
mujoco,flat_forward,2,2,560,5.600000000000205,1.0,0.0,0.3330061392694855,0.0015045025882523524,-0.016086479626274974,0.5582951051863655,-0.038717038258422605,2.0497865676879883,0.011104130186140537,0
mujoco,flat_forward,2,2,561,5.610000000000208,1.0,0.0,0.3329947422772066,0.001464053287575914,-0.016120651291666226,0.5578625785503786,-0.03597391729101053,2.048555374145508,0.010874912142753601,0
mujoco,flat_forward,2,2,562,5.6200000000002115,1.0,0.0,0.33298323063058294,0.001390876040610861,-0.01617907895670885,0.5583993972973955,-0.03777752730187804,2.0522117614746094,0.008957327343523502,0
mujoco,flat_forward,2,2,563,5.630000000000215,1.0,0.0,0.3329702376630115,0.0013487961882360313,-0.01622263960680715,0.5582106490751606,-0.0352860669114314,2.05039119720459,0.010051753371953964,0
mujoco,flat_forward,2,2,564,5.640000000000218,1.0,0.0,0.33295579096847994,0.0012901925091660163,-0.016267669758387036,0.5583496436115337,-0.031202595836246474,2.0520730018615723,0.0062470403499901295,0
mujoco,flat_forward,2,2,565,5.6500000000002215,1.0,0.0,0.3329427436747365,0.0012661405504796833,-0.01629061320294948,0.558238697676573,-0.03537153969768157,2.0529274940490723,0.008021644316613674,0
mujoco,flat_forward,2,2,566,5.660000000000225,1.0,0.0,0.33292948025275176,0.0012031183091898495,-0.016334061833498562,0.5583530264054936,-0.030308804295006354,2.0537829399108887,0.009592949412763119,0
mujoco,flat_forward,2,2,567,5.670000000000228,1.0,0.0,0.3329159723782291,0.00117368473023719,-0.016359745893786064,0.5583319404983456,-0.038976008611105256,2.0531773567199707,0.009992201812565327,0
mujoco,flat_forward,2,2,568,5.6800000000002315,1.0,0.0,0.33289920605859896,0.001102064966821135,-0.016409250655036678,0.5584057562507706,-0.030796109663396423,2.0536627769470215,0.012796149589121342,0
mujoco,flat_forward,2,2,569,5.690000000000235,1.0,0.0,0.33287793804267696,0.0010751829933193353,-0.016463759768705333,0.5586493711174673,-0.03964287651393331,2.0518782138824463,0.013559363782405853,0
mujoco,flat_forward,2,2,570,5.700000000000238,1.0,0.0,0.33284958270588827,0.0010160154728079118,-0.016514433636326577,0.5586273859441362,-0.02901635442457969,2.0515692234039307,0.015444650314748287,0
mujoco,flat_forward,2,2,571,5.7100000000002415,1.0,0.0,0.33281521108589623,0.0009926285296003943,-0.0165617108609838,0.558865634806086,-0.042810228243232336,2.0507049560546875,0.015132266096770763,0
mujoco,flat_forward,2,2,572,5.720000000000245,1.0,0.0,0.33277492549489207,0.0009372213906571371,-0.016594680883191503,0.5587473920296043,-0.029347623967368994,2.0506136417388916,0.01923998072743416,0
mujoco,flat_forward,2,2,573,5.730000000000248,1.0,0.0,0.3327297322919547,0.000911377581040712,-0.01661730687914759,0.5586021830781698,-0.04154373137727061,2.0490264892578125,0.018089834600687027,0
mujoco,flat_forward,2,2,574,5.740000000000252,1.0,0.0,0.3326886741516973,0.0008986887987136426,-0.016597133848080103,0.5584366926273773,-0.028604567126359667,2.052011251449585,0.014179548248648643,0
mujoco,flat_forward,2,2,575,5.750000000000255,1.0,0.0,0.33264996547307624,0.0008809017594832302,-0.016586659223948162,0.5581763481272688,-0.04067145289255618,2.0496959686279297,0.01125784870237112,0
mujoco,flat_forward,2,2,576,5.760000000000258,1.0,0.0,0.3326164090752434,0.0008726995061506294,-0.016560399325854784,0.5582365365155013,-0.028432234356880734,2.051835060119629,0.011867215856909752,0
mujoco,flat_forward,2,2,577,5.770000000000262,1.0,0.0,0.33258020536249666,0.0008585975140617874,-0.01655252267263387,0.5578655172197248,-0.038683222266899,2.0477213859558105,0.01253319252282381,0
mujoco,flat_forward,2,2,578,5.780000000000265,1.0,0.0,0.33254658606008636,0.000857371410860591,-0.016520957695349107,0.5579381923007914,-0.031445649340189556,2.0509753227233887,0.011010405607521534,0
mujoco,flat_forward,2,2,579,5.790000000000268,1.0,0.0,0.332512189982853,0.0008364943716208944,-0.016487863598199544,0.5574153773873909,-0.04016090676607631,2.0489790439605713,0.008230917155742645,0
mujoco,flat_forward,2,2,580,5.800000000000272,1.0,0.0,0.33248220439223447,0.0008390229050274591,-0.016451905422278822,0.557750164554478,-0.03335008102857796,2.0513992309570312,0.009689957834780216,0
mujoco,flat_forward,2,2,581,5.810000000000275,1.0,0.0,0.332449612067479,0.0008248730629604572,-0.016403714569421093,0.5570726249140473,-0.039358728872492046,2.047236680984497,0.011954808607697487,0
mujoco,flat_forward,2,2,582,5.820000000000278,1.0,0.0,0.3324198537099848,0.0008436157531985993,-0.01637551982815954,0.5576940892537676,-0.03416505807252119,2.0510218143463135,0.013609721325337887,0
mujoco,flat_forward,2,2,583,5.830000000000282,1.0,0.0,0.3323865640380054,0.0008391537522833178,-0.0163071068586994,0.5568065194182812,-0.03876332127424382,2.044980049133301,0.016704589128494263,0
mujoco,flat_forward,2,2,584,5.840000000000285,1.0,0.0,0.33235590604701726,0.000860711538198059,-0.016261950186712348,0.5575085805045772,-0.03930096968423312,2.0508694648742676,0.018650518730282784,0
mujoco,flat_forward,2,2,585,5.850000000000288,1.0,0.0,0.3323275802944548,0.0008516590768588239,-0.01610230592610165,0.5562532938426419,-0.03809271944063996,2.045614004135132,0.017914554104208946,0
mujoco,flat_forward,2,2,586,5.860000000000292,1.0,0.0,0.3323041296028571,0.0008730873992531664,-0.016081300013966782,0.5573750656859701,-0.040213817763189275,2.0523693561553955,0.023385828360915184,0
mujoco,flat_forward,2,2,587,5.870000000000295,1.0,0.0,0.3322824896756156,0.000868760768709929,-0.015929108365366464,0.5559888283202877,-0.03820722918042567,2.0429911613464355,0.027333665639162064,0
mujoco,flat_forward,2,2,588,5.880000000000298,1.0,0.0,0.33226034601788124,0.0008853000918581071,-0.015968900144017414,0.5572135448427489,-0.04080081734208438,2.0504212379455566,0.027783723548054695,0
mujoco,flat_forward,2,2,589,5.890000000000302,1.0,0.0,0.33224154221850233,0.0008973455905434819,-0.01580517596053471,0.5558178062777669,-0.03921233557026554,2.04134202003479,0.026155035942792892,0
mujoco,flat_forward,2,2,590,5.900000000000305,1.0,0.0,0.3322208961446935,0.0009177325496992489,-0.01585057398651547,0.5569996459953923,-0.04036560978383844,2.049914598464966,0.027473075315356255,0
mujoco,flat_forward,2,2,591,5.910000000000308,1.0,0.0,0.3322055784484092,0.0009341336412620229,-0.015676005143637685,0.5557112558021494,-0.03989774314692906,2.0434653759002686,0.022127345204353333,0
mujoco,flat_forward,2,2,592,5.920000000000312,1.0,0.0,0.33218901882300317,0.000949980643401609,-0.01572123629802279,0.5567986393098712,-0.03930299522392466,2.0519657135009766,0.02521066926419735,0
mujoco,flat_forward,2,2,593,5.930000000000315,1.0,0.0,0.33217991287164605,0.0009654060978243471,-0.015547717485021584,0.5556854372680833,-0.04058050217276428,2.0466225147247314,0.018455777317285538,0
mujoco,flat_forward,2,2,594,5.940000000000318,1.0,0.0,0.3321701044694116,0.0009807515422398444,-0.015597660678154632,0.5566470419278493,-0.03822371402057018,2.054042339324951,0.021709073334932327,0
mujoco,flat_forward,2,2,595,5.950000000000322,1.0,0.0,0.3321691899593055,0.00100039302404283,-0.015437990602112133,0.5557600578172542,-0.0417687870437387,2.049217700958252,0.014979411847889423,0
mujoco,flat_forward,2,2,596,5.960000000000325,1.0,0.0,0.3321676805400743,0.0010148042896410856,-0.015479689836702533,0.5563091905852993,-0.041131433842225784,2.0553829669952393,0.017307277768850327,0
mujoco,flat_forward,2,2,597,5.970000000000328,1.0,0.0,0.33217830190737135,0.001027553425448119,-0.01533351248959061,0.5557673237661587,-0.04564392061832501,2.0534844398498535,0.008052673190832138,0
mujoco,flat_forward,2,2,598,5.980000000000332,1.0,0.0,0.3321880209558807,0.0010403204211076908,-0.015398339970974452,0.5561316661614073,-0.04149347888647105,2.05570650100708,0.009870678186416626,0
mujoco,flat_forward,2,2,599,5.990000000000335,1.0,0.0,0.33220731211603716,0.0010559179669635927,-0.015295961510820417,0.5558455406561599,-0.047226815821521995,2.05424427986145,0.005754056852310896,0
mujoco,flat_forward,2,2,600,6.000000000000338,1.0,0.0,0.3322222458310312,0.0010706815089663192,-0.015376307485967883,0.5560572060712049,-0.04117917679326288,2.055384397506714,0.007040468044579029,0
mujoco,flat_forward,2,2,601,6.010000000000342,1.0,0.0,0.3322438936964632,0.0010868577106353098,-0.015308550609953415,0.5560033104214003,-0.04897048334113298,2.055304765701294,0.0066248285584151745,0
mujoco,flat_forward,2,2,602,6.020000000000345,1.0,0.0,0.3322593968537506,0.0010982732235138876,-0.015387492029131285,0.5560779947792123,-0.04149579461412139,2.0560646057128906,0.007775750942528248,0
mujoco,flat_forward,2,2,603,6.030000000000348,1.0,0.0,0.3322798519280411,0.001107511979418566,-0.015351413344191807,0.5562788933535784,-0.05118379007953145,2.0574512481689453,0.009738697670400143,0
mujoco,flat_forward,2,2,604,6.040000000000352,1.0,0.0,0.3322939577682659,0.0011096375457416007,-0.015416031853095964,0.5561853026773473,-0.042230534132533526,2.057288646697998,0.011098592542111874,0
mujoco,flat_forward,2,2,605,6.050000000000355,1.0,0.0,0.3323115526407995,0.0011106125293870329,-0.015414341233641066,0.556662354694784,-0.053779637754676195,2.0596423149108887,0.013573767617344856,0
mujoco,flat_forward,2,2,606,6.060000000000358,1.0,0.0,0.3323231922590025,0.001109709668871799,-0.015458870649181578,0.5564050922335569,-0.0431935092082381,2.0576398372650146,0.015474208630621433,0
mujoco,flat_forward,2,2,607,6.070000000000362,1.0,0.0,0.3323367267686864,0.0011067038833535796,-0.015472060432810035,0.556729112534449,-0.05117970609223963,2.0608842372894287,0.01767597161233425,0
mujoco,flat_forward,2,2,608,6.080000000000365,1.0,0.0,0.3323530995664466,0.0011302728150986683,-0.015484119544665711,0.556550858355328,-0.041054154012305194,2.0616140365600586,0.00876679364591837,0
mujoco,flat_forward,2,2,609,6.0900000000003685,1.0,0.0,0.3323740017844107,0.001133705309637509,-0.015496430688246386,0.5568244618890569,-0.048693321935540754,2.0636513233184814,0.010604333132505417,0
mujoco,flat_forward,2,2,610,6.100000000000372,1.0,0.0,0.3323973264879079,0.0011475134804085148,-0.015515588623554516,0.5568982206424428,-0.04122139790396567,2.066103219985962,0.008065227419137955,0
mujoco,flat_forward,2,2,611,6.110000000000375,1.0,0.0,0.33242210735432753,0.00113607209973223,-0.015537778353289467,0.557161333792867,-0.04762126439741434,2.0672268867492676,0.006760891992598772,0
mujoco,flat_forward,2,2,612,6.1200000000003785,1.0,0.0,0.3324478988119086,0.0011398943027310206,-0.015577312364609682,0.5574650218794176,-0.04200910928697725,2.070112705230713,0.005611803382635117,0
mujoco,flat_forward,2,2,613,6.130000000000382,1.0,0.0,0.3324729920928667,0.001117850338557692,-0.015613076520044091,0.5576494799793414,-0.046624708406787264,2.0701241493225098,0.00341726653277874,0
mujoco,flat_forward,2,2,614,6.140000000000385,1.0,0.0,0.3324983187057541,0.0011141503842589345,-0.015678161193283212,0.5581765176644246,-0.04275178779615621,2.0737144947052,0.0061840517446398735,0
mujoco,flat_forward,2,2,615,6.1500000000003885,1.0,0.0,0.3325230174992429,0.0010898301115830962,-0.015713633512165075,0.5579634132951792,-0.042141888235166985,2.072476625442505,0.0058499351143836975,0
mujoco,flat_forward,2,2,616,6.160000000000392,1.0,0.0,0.33255086531964356,0.0010857530359179091,-0.01578971388282317,0.5585104785102383,-0.0449562072516687,2.077587842941284,0.01146546471863985,0
mujoco,flat_forward,2,2,617,6.170000000000395,1.0,0.0,0.33258044919994084,0.0010381945292347497,-0.015831195366651105,0.5583065540309079,-0.043187550723449514,2.07592511177063,0.01153208315372467,0
mujoco,flat_forward,2,2,618,6.1800000000003985,1.0,0.0,0.3326096894976466,0.0010136825192672224,-0.015978943734437263,0.5591918867172457,-0.04711704892680686,2.0790653228759766,0.012247505597770214,0
mujoco,flat_forward,2,2,619,6.190000000000402,1.0,0.0,0.33263574240332133,0.0009518478992010021,-0.01606976644913843,0.5588340283492725,-0.04287093313168593,2.0744969844818115,0.017260689288377762,0
mujoco,flat_forward,2,2,620,6.200000000000405,1.0,0.0,0.3326560782832751,0.0009189652243879725,-0.016272475353436323,0.5597833403585144,-0.04626215781774935,2.0782408714294434,0.016134893521666527,0
mujoco,flat_forward,2,2,621,6.2100000000004085,1.0,0.0,0.33267677997988737,0.0008907400218785483,-0.016311434021825263,0.559163194785927,-0.03804479535861737,2.0750174522399902,0.01601334661245346,0
mujoco,flat_forward,2,2,622,6.220000000000412,1.0,0.0,0.33269262398752697,0.0008725778207464589,-0.016488725266871385,0.5599492015304328,-0.044865777823093506,2.081343412399292,0.01719212718307972,0
mujoco,flat_forward,2,2,623,6.230000000000415,1.0,0.0,0.33271270956981225,0.0008425603346985487,-0.016513038053850043,0.5595691032775445,-0.038254089890778324,2.0810353755950928,0.015058184042572975,0
mujoco,flat_forward,2,2,624,6.2400000000004185,1.0,0.0,0.33272623230697845,0.0008180213032426883,-0.01672190103924001,0.5603526562485991,-0.042328514581434135,2.083914041519165,0.012042149901390076,0
mujoco,flat_forward,2,2,625,6.250000000000422,1.0,0.0,0.33274232669615056,0.0007906262367881801,-0.016767155423408668,0.5601451520090404,-0.0369807974699519,2.0829925537109375,0.012064185924828053,0
mujoco,flat_forward,2,2,626,6.260000000000425,1.0,0.0,0.3327500643550711,0.0007624554608247885,-0.016955882326339756,0.5606069616106915,-0.04275741289713306,2.084473133087158,0.008210917003452778,0
mujoco,flat_forward,2,2,627,6.270000000000429,1.0,0.0,0.33276152267209214,0.0007291061029653522,-0.016997788357428087,0.5607092185314403,-0.03811086148288636,2.085921287536621,0.009038575924932957,0
mujoco,flat_forward,2,2,628,6.280000000000432,1.0,0.0,0.3327653295955888,0.0006973418799128935,-0.01713613183296416,0.5605730520763482,-0.04026834465113826,2.0846915245056152,0.006715139839798212,0
mujoco,flat_forward,2,2,629,6.290000000000435,1.0,0.0,0.3327756034141876,0.0006706995766827814,-0.017182044939474898,0.561113898865755,-0.03671319562742321,2.0898032188415527,0.009460069239139557,0
mujoco,flat_forward,2,2,630,6.300000000000439,1.0,0.0,0.33277821292416715,0.0006361925724807388,-0.017303067365032513,0.5606630906429302,-0.04035946384234403,2.0842506885528564,0.014901765622198582,0
mujoco,flat_forward,2,2,631,6.310000000000442,1.0,0.0,0.33278268240137104,0.0006042226352916768,-0.017397206201441483,0.5616240762906791,-0.038120480791170364,2.0897350311279297,0.013449851423501968,0
mujoco,flat_forward,2,2,632,6.320000000000445,1.0,0.0,0.3327761477451184,0.000581164472213704,-0.017502062901136463,0.5606933825697369,-0.035162742627654946,2.0808322429656982,0.023264197632670403,0
mujoco,flat_forward,2,2,633,6.330000000000449,1.0,0.0,0.3327674736948455,0.000562323922743828,-0.017631897024118656,0.5620879018923307,-0.03590823482800191,2.0890214443206787,0.020512426272034645,0
mujoco,flat_forward,2,2,634,6.340000000000452,1.0,0.0,0.33274694180546366,0.0005322505523633948,-0.01770125363752347,0.5607786127816445,-0.03618697532313625,2.0783708095550537,0.03231283649802208,0
mujoco,flat_forward,2,2,635,6.350000000000455,1.0,0.0,0.33272071920238305,0.0004981226284334891,-0.017858163178873905,0.5622281372770616,-0.03793598164392386,2.0883121490478516,0.027402812615036964,0
mujoco,flat_forward,2,2,636,6.360000000000459,1.0,0.0,0.33268997501141145,0.00045436301628883264,-0.01782770611124476,0.560875008041539,-0.03846097000020148,2.077779769897461,0.03256377577781677,0
mujoco,flat_forward,2,2,637,6.370000000000462,1.0,0.0,0.3326542697017235,0.0004067049551489929,-0.017944824580168404,0.5619687019860298,-0.03607197679278902,2.0870838165283203,0.028055690228939056,0
mujoco,flat_forward,2,2,638,6.380000000000465,1.0,0.0,0.3326240104013954,0.00036635379655139075,-0.01784168582489758,0.5608110281830204,-0.037720154244359864,2.08134388923645,0.02279818430542946,0
mujoco,flat_forward,2,2,639,6.390000000000469,1.0,0.0,0.33259176374509253,0.0003218657439130783,-0.017939519431761253,0.5617012847737796,-0.03673665355853873,2.0860836505889893,0.018672384321689606,0
mujoco,flat_forward,2,2,640,6.400000000000472,1.0,0.0,0.3325661501459988,0.00027739691497308684,-0.017840800761640532,0.5608487775875599,-0.04006572812493039,2.081744909286499,0.01875939965248108,0
mujoco,flat_forward,2,2,641,6.410000000000475,1.0,0.0,0.33253639616895747,0.0002343097315961159,-0.017920430526284396,0.5613286357321876,-0.03224857850927203,2.0835049152374268,0.01314161904156208,0
mujoco,flat_forward,2,2,642,6.420000000000479,1.0,0.0,0.33251244112005324,0.00020709484633187986,-0.017834233418648895,0.5608468550838845,-0.03823815213960366,2.081022262573242,0.013663922436535358,0
mujoco,flat_forward,2,2,643,6.430000000000482,1.0,0.0,0.3324819506689727,0.00017594215976538915,-0.01788751577588829,0.5609060279972253,-0.033943241810409704,2.0815131664276123,0.008990987204015255,0
mujoco,flat_forward,2,2,644,6.440000000000485,1.0,0.0,0.33245639218588025,0.0001408260103783183,-0.017803283163803956,0.5608517463262763,-0.04187298712363879,2.0827763080596924,0.006351430434733629,0
mujoco,flat_forward,2,2,645,6.450000000000489,1.0,0.0,0.33242305172583786,9.6105663499747e-05,-0.017823458836954305,0.5605578774733527,-0.03807570421215104,2.0805106163024902,0.009620784781873226,0
mujoco,flat_forward,2,2,646,6.460000000000492,1.0,0.0,0.332394439092303,4.384762102564903e-05,-0.017746617069397133,0.5608980127151916,-0.04585486650983968,2.0830278396606445,0.008699056692421436,0
mujoco,flat_forward,2,2,647,6.470000000000495,1.0,0.0,0.3323593501504995,4.6129858781862155e-06,-0.017711744163317365,0.5602283391624915,-0.035046642018669937,2.0778071880340576,0.014646596275269985,0
mujoco,flat_forward,2,2,648,6.480000000000499,1.0,0.0,0.33232694507816074,-2.9976169436939e-05,-0.017660674228388493,0.560754105755856,-0.04306998423302327,2.081341505050659,0.016032038256525993,0
mujoco,flat_forward,2,2,649,6.490000000000502,1.0,0.0,0.33229153962036234,-5.004699574752373e-05,-0.017601114814345602,0.5598482669926854,-0.03771384320109857,2.076279878616333,0.01693602092564106,0
mujoco,flat_forward,2,2,650,6.500000000000505,1.0,0.0,0.33225959571213026,-8.903387732886155e-05,-0.01755146280593829,0.5605066372513328,-0.043417018544811135,2.082026481628418,0.016908925026655197,0
mujoco,flat_forward,2,2,651,6.510000000000509,1.0,0.0,0.33222615266030847,-0.0001004865463869658,-0.01749552110520336,0.5597290991853554,-0.03778756829751711,2.077193021774292,0.016536999493837357,0
mujoco,flat_forward,2,2,652,6.520000000000512,1.0,0.0,0.33219485340898713,-0.00012529147192608648,-0.017434577667553172,0.5600642751333147,-0.0377506807243658,2.081693649291992,0.014430909417569637,0
mujoco,flat_forward,2,2,653,6.530000000000515,1.0,0.0,0.33216750708196363,-0.00010587297286711862,-0.017334846867519557,0.5593220626835971,-0.03810951333446955,2.080840587615967,0.009326299652457237,0
mujoco,flat_forward,2,2,654,6.540000000000519,1.0,0.0,0.33214506501036195,-0.00011900764110650024,-0.017273373778978276,0.5597051199168636,-0.03703210169518072,2.0843589305877686,0.01009971834719181,0
mujoco,flat_forward,2,2,655,6.550000000000522,1.0,0.0,0.3321250442762121,-9.425162359084166e-05,-0.017226214330626478,0.5592867853201838,-0.03871954843041031,2.081969976425171,0.010011931881308556,0
mujoco,flat_forward,2,2,656,6.560000000000525,1.0,0.0,0.33210561240630204,-0.00010391565967128098,-0.01720444701600783,0.5595232848426378,-0.03566527067103593,2.0831050872802734,0.007581575773656368,0
mujoco,flat_forward,2,2,657,6.570000000000529,1.0,0.0,0.33208688627027566,-8.211068051085604e-05,-0.017164705437578778,0.5591332426174919,-0.04307617593948982,2.081617593765259,0.009107396937906742,0
mujoco,flat_forward,2,2,658,6.580000000000532,1.0,0.0,0.33206807020673973,-9.627990683682248e-05,-0.01714904635509806,0.5593156657022634,-0.03705562077636367,2.0832409858703613,0.010524453595280647,0
mujoco,flat_forward,2,2,659,6.590000000000535,1.0,0.0,0.3320481864381316,-7.496786878815073e-05,-0.017142165167347515,0.5592235492721727,-0.04467231414260808,2.0808956623077393,0.011578258126974106,0
mujoco,flat_forward,2,2,660,6.600000000000539,1.0,0.0,0.3320276390347629,-7.506133071058732e-05,-0.017126136248173024,0.5589390376192802,-0.032582400743899814,2.081272840499878,0.01154289674013853,0
mujoco,flat_forward,2,2,661,6.610000000000542,1.0,0.0,0.33200771916482336,-4.925866962486061e-05,-0.017116970380407527,0.5589031756182054,-0.04707822098052069,2.0809268951416016,0.014526719227433205,0
mujoco,flat_forward,2,2,662,6.6200000000005454,1.0,0.0,0.3319877516169362,-4.743861960480039e-05,-0.01710289228455223,0.5586362851845633,-0.033778862989302674,2.0804853439331055,0.017625540494918823,0
mujoco,flat_forward,2,2,663,6.630000000000549,1.0,0.0,0.3319642683011521,-2.6597491978786492e-05,-0.01711982003641073,0.558717023944237,-0.04725618828054376,2.0789835453033447,0.01661081239581108,0
mujoco,flat_forward,2,2,664,6.640000000000552,1.0,0.0,0.3319411116492721,-1.3118152859116563e-05,-0.017089873957412658,0.5585441248625693,-0.03324178633585329,2.079979181289673,0.015276473015546799,0
mujoco,flat_forward,2,2,665,6.6500000000005555,1.0,0.0,0.3319150710523541,7.406146023034289e-06,-0.017067817016246788,0.5581487010776365,-0.04476010577934995,2.0790531635284424,0.014925878494977951,0
mujoco,flat_forward,2,2,666,6.660000000000559,1.0,0.0,0.331896829500595,4.5064374228909215e-05,-0.016995004482061357,0.5582223436335058,-0.03102931098468239,2.084188222885132,0.013721686787903309,0
mujoco,flat_forward,2,2,667,6.670000000000562,1.0,0.0,0.3318768035784322,8.428960260495655e-05,-0.01697760631501919,0.5578184661665618,-0.04127606646803998,2.080111265182495,0.01459608692675829,0
mujoco,flat_forward,2,2,668,6.6800000000005655,1.0,0.0,0.3318624843235611,0.00013306251049227316,-0.016932745463973487,0.5580479123665666,-0.032206838211177584,2.085723876953125,0.014207182452082634,0
mujoco,flat_forward,2,2,669,6.690000000000569,1.0,0.0,0.33184839591099063,0.0001593329378014944,-0.016897746745829386,0.5574695661204608,-0.04249550234499447,2.0816731452941895,0.010742471553385258,0
mujoco,flat_forward,2,2,670,6.700000000000572,1.0,0.0,0.33184063076485626,0.0001975260123527063,-0.016859467945199155,0.5579960428010741,-0.03463465915900561,2.0864884853363037,0.01374070718884468,0
mujoco,flat_forward,2,2,671,6.7100000000005755,1.0,0.0,0.3318305784229404,0.0002166396352664292,-0.01681980130431518,0.5572428052555737,-0.04231394954371976,2.0801279544830322,0.01537631917744875,0
mujoco,flat_forward,2,2,672,6.720000000000579,1.0,0.0,0.331824702727118,0.0002525184928615252,-0.01679072579511952,0.558078038362263,-0.03612965248770363,2.086402416229248,0.018464289605617523,0
mujoco,flat_forward,2,2,673,6.730000000000582,1.0,0.0,0.33181528381481423,0.00027012013651082624,-0.016737082081316298,0.5570913880004476,-0.04216108010267417,2.0787885189056396,0.019516238942742348,0
mujoco,flat_forward,2,2,674,6.7400000000005855,1.0,0.0,0.3318095980733139,0.0003007156744999836,-0.016703409366583096,0.5580453088803407,-0.04144350275161648,2.0870888233184814,0.023883918300271034,0
mujoco,flat_forward,2,2,675,6.750000000000589,1.0,0.0,0.3318045555763694,0.00029844541888482466,-0.016601072250964768,0.5569437724050453,-0.045787490092268894,2.0801076889038086,0.020260488614439964,0
mujoco,flat_forward,2,2,676,6.760000000000592,1.0,0.0,0.3318039217065335,0.00031144454210689916,-0.01659142889918164,0.5582359562053618,-0.0454576283937163,2.087677240371704,0.025666506960988045,0
mujoco,flat_forward,2,2,677,6.7700000000005955,1.0,0.0,0.3318051933910848,0.0003186820815300626,-0.016435224819791056,0.5567076490713789,-0.0440098594248502,2.077451467514038,0.02655653841793537,0
mujoco,flat_forward,2,2,678,6.780000000000599,1.0,0.0,0.3318086529193018,0.00033538925077475633,-0.016461453403320565,0.5582004843466196,-0.04521178003416607,2.0878286361694336,0.03309405595064163,0
mujoco,flat_forward,2,2,679,6.790000000000602,1.0,0.0,0.3318163828588984,0.00035108107902128056,-0.01629772007576815,0.5567056486101598,-0.04556337800607754,2.0764009952545166,0.029505275189876556,0
mujoco,flat_forward,2,2,680,6.800000000000606,1.0,0.0,0.3318239521051163,0.0003657195311908128,-0.016340205684698284,0.5581799879250037,-0.04576740027647102,2.087900161743164,0.03302741050720215,0
mujoco,flat_forward,2,2,681,6.810000000000609,1.0,0.0,0.3318362371415053,0.0003806980120674725,-0.01617701577278701,0.5568249186842259,-0.047419165965538586,2.0787830352783203,0.02589520998299122,0
mujoco,flat_forward,2,2,682,6.820000000000612,1.0,0.0,0.3318476416631863,0.00039255118526941194,-0.016224683124190564,0.5582071855814349,-0.045918192026433435,2.0899064540863037,0.03064841218292713,0
mujoco,flat_forward,2,2,683,6.830000000000616,1.0,0.0,0.3318650810389392,0.00040692936940053717,-0.01606744968497427,0.5570613154267012,-0.04928859460148139,2.0825161933898926,0.02199149690568447,0
mujoco,flat_forward,2,2,684,6.840000000000619,1.0,0.0,0.33188242869498014,0.0004207866398344065,-0.01609941348954122,0.5580504044861542,-0.04205682738185587,2.0924174785614014,0.027021845802664757,0
mujoco,flat_forward,2,2,685,6.850000000000622,1.0,0.0,0.331910344090314,0.00044675201794545363,-0.015947642274445877,0.5572039588277128,-0.04857482231852407,2.0883610248565674,0.01565171405673027,0
mujoco,flat_forward,2,2,686,6.860000000000626,1.0,0.0,0.3319390804875528,0.0004611854904967811,-0.016005776240392018,0.5581271819743313,-0.04131868762327244,2.0954337120056152,0.019263189285993576,0
mujoco,flat_forward,2,2,687,6.870000000000629,1.0,0.0,0.331975975588139,0.00047895438564150026,-0.01591197272462671,0.5575814691380728,-0.05085452397652458,2.0916337966918945,0.013114986009895802,0
mujoco,flat_forward,2,2,688,6.880000000000632,1.0,0.0,0.3320103193668122,0.00047638521503630643,-0.01600456229424069,0.5583737936957862,-0.04207616338839679,2.0970118045806885,0.015624817460775375,0
mujoco,flat_forward,2,2,689,6.890000000000636,1.0,0.0,0.3320498059014907,0.00047795598902211373,-0.01596426134198139,0.5581156192278518,-0.053458568938419083,2.094025135040283,0.011374661698937416,0
mujoco,flat_forward,2,2,690,6.900000000000639,1.0,0.0,0.332084507799798,0.0004650308817210823,-0.016069346916435582,0.5587565383092417,-0.04274264320016031,2.0981998443603516,0.013554238714277744,0
mujoco,flat_forward,2,2,691,6.910000000000642,1.0,0.0,0.3321221259066419,0.0004560074673666579,-0.016072969808610022,0.5588016674155553,-0.055848200265766604,2.0967092514038086,0.011469944380223751,0
mujoco,flat_forward,2,2,692,6.920000000000646,1.0,0.0,0.33215674291826325,0.0004425542553686165,-0.016115640956042766,0.5587934027699268,-0.04309686597852186,2.099429130554199,0.01343504898250103,0
mujoco,flat_forward,2,2,693,6.930000000000649,1.0,0.0,0.33219738264125176,0.0004161873926428387,-0.01613455065445148,0.5591716255007196,-0.05674235580449139,2.1028778553009033,0.015460750088095665,0
mujoco,flat_forward,2,2,694,6.940000000000652,1.0,0.0,0.33223994228466414,0.0003926981089191349,-0.016166284104247707,0.5592155294810862,-0.04436811276473212,2.1021289825439453,0.011643324047327042,0
mujoco,flat_forward,2,2,695,6.950000000000656,1.0,0.0,0.3322842142044263,0.0003574338831995324,-0.016200001297083357,0.5597221654482607,-0.055822971718476895,2.105090618133545,0.014346837066113949,0
mujoco,flat_forward,2,2,696,6.960000000000659,1.0,0.0,0.33232787759869814,0.0003343912380796706,-0.01625276381588936,0.559951800330727,-0.044237300803782624,2.1060004234313965,0.009738761931657791,0
mujoco,flat_forward,2,2,697,6.970000000000662,1.0,0.0,0.33237083281888286,0.0003002944048007793,-0.016290695223217782,0.5601368681518129,-0.0504808563841913,2.107581615447998,0.010932973586022854,0
mujoco,flat_forward,2,2,698,6.980000000000666,1.0,0.0,0.33241660999498485,0.000288019712776624,-0.01635326605664191,0.5606424963378039,-0.04187433031696853,2.1129539012908936,0.008670837618410587,0
mujoco,flat_forward,2,2,699,6.990000000000669,1.0,0.0,0.33246184122439865,0.0002449944600676881,-0.016415531800364015,0.5607740222448798,-0.04800303470364865,2.111842155456543,0.006837007123976946,0
mujoco,flat_forward,2,2,700,7.000000000000672,1.0,0.0,0.3325080735442793,0.0002198995340260686,-0.016502833911348495,0.5613660247879771,-0.046177907524237075,2.118276357650757,0.010408980771899223,0
mujoco,flat_forward,2,2,701,7.010000000000676,1.0,0.0,0.3325547559962089,0.00013267249261035563,-0.01656291390598167,0.5612410492938382,-0.04637541245660723,2.1170547008514404,0.007092769257724285,0
mujoco,flat_forward,2,2,702,7.020000000000679,1.0,0.0,0.33260342463999754,8.500411126562917e-05,-0.016716109553891176,0.5622030057005749,-0.046211348883806236,2.1226067543029785,0.012360569089651108,0
mujoco,flat_forward,2,2,703,7.030000000000682,1.0,0.0,0.3326492570540525,-2.1342652672824084e-05,-0.01683143037236357,0.5619720542596393,-0.0450661811232081,2.117384910583496,0.016351258382201195,0
mujoco,flat_forward,2,2,704,7.040000000000686,1.0,0.0,0.33269130077104164,-8.534865012234015e-05,-0.017036293720387185,0.5630027741198831,-0.05068954817484708,2.1230268478393555,0.015670595690608025,0
mujoco,flat_forward,2,2,705,7.050000000000689,1.0,0.0,0.3327305267313227,-0.00021016965904603347,-0.017148421544977227,0.5624978985666769,-0.043931059053301094,2.118649959564209,0.020039357244968414,0
mujoco,flat_forward,2,2,706,7.060000000000692,1.0,0.0,0.3327639924545314,-0.00029163435921513066,-0.017409354094526517,0.5636919311252917,-0.04872246811669233,2.123828411102295,0.020067695528268814,0
mujoco,flat_forward,2,2,707,7.070000000000696,1.0,0.0,0.3327947689198776,-0.00039839698688246445,-0.017521340942871055,0.5632406736083011,-0.04243686463584423,2.118786096572876,0.022393057122826576,0
mujoco,flat_forward,2,2,708,7.080000000000699,1.0,0.0,0.3328160959657349,-0.0004755832629157028,-0.017764578165397674,0.5640056846869655,-0.04596986270017897,2.1247589588165283,0.01830175891518593,0
mujoco,flat_forward,2,2,709,7.090000000000702,1.0,0.0,0.3328412192254909,-0.0005616668206390706,-0.017833248719422105,0.5638370258483049,-0.040755545016547504,2.1255910396575928,0.013918493874371052,0
mujoco,flat_forward,2,2,710,7.100000000000706,1.0,0.0,0.33285919637367495,-0.0006330713871187109,-0.018042582660071273,0.5641365811682375,-0.04265175351972576,2.12705135345459,0.00892618577927351,0
mujoco,flat_forward,2,2,711,7.110000000000709,1.0,0.0,0.33288343827193845,-0.0007118169433154234,-0.018121837217556218,0.5644168995351512,-0.03943839275685215,2.1308538913726807,0.009517611935734749,0
mujoco,flat_forward,2,2,712,7.120000000000712,1.0,0.0,0.332898491620805,-0.0008030940402575941,-0.01833389262007128,0.5644939231714347,-0.0431037924750617,2.1277363300323486,0.008616098202764988,0
mujoco,flat_forward,2,2,713,7.130000000000716,1.0,0.0,0.3329143947618732,-0.0008996470579208127,-0.018460816351099873,0.5652445326240866,-0.040902313734178256,2.1316580772399902,0.009339746087789536,0
mujoco,flat_forward,2,2,714,7.140000000000719,1.0,0.0,0.3329180897186438,-0.0009941355676261103,-0.01863036575783111,0.5647020602155626,-0.04097561721578472,2.125037431716919,0.016718773171305656,0
mujoco,flat_forward,2,2,715,7.1500000000007224,1.0,0.0,0.33292021301590047,-0.0010755872857011474,-0.018785344395769277,0.5659570359983944,-0.040168810163087126,2.132200241088867,0.015595396049320698,0
mujoco,flat_forward,2,2,716,7.160000000000726,1.0,0.0,0.3329107493923373,-0.0011582197043297636,-0.018894020360967136,0.5647961951954673,-0.03851064672022465,2.121849298477173,0.028210585936903954,0
mujoco,flat_forward,2,2,717,7.170000000000729,1.0,0.0,0.3328958431160412,-0.00123813809637384,-0.019094369662608645,0.5662626013944403,-0.039520740221382585,2.1315929889678955,0.024476410821080208,0
mujoco,flat_forward,2,2,718,7.1800000000007325,1.0,0.0,0.3328744610954373,-0.0013326287345664985,-0.019139725810302412,0.5650778816842104,-0.03961341949370037,2.1200754642486572,0.03273069113492966,0
mujoco,flat_forward,2,2,719,7.190000000000736,1.0,0.0,0.33284515618111093,-0.0014234663595711103,-0.01932474905566028,0.5662154619584168,-0.03732309817622643,2.1291682720184326,0.025410151109099388,0
mujoco,flat_forward,2,2,720,7.200000000000739,1.0,0.0,0.3328167717753062,-0.001487972618143856,-0.019306127422212247,0.5652883082987822,-0.03883655836112867,2.123110771179199,0.02367696352303028,0
mujoco,flat_forward,2,2,721,7.2100000000007425,1.0,0.0,0.33278259787510345,-0.001563690746262441,-0.019444634651235485,0.5659543108907199,-0.03438440060429418,2.1275112628936768,0.01652340032160282,0
mujoco,flat_forward,2,2,722,7.220000000000746,1.0,0.0,0.332753774402452,-0.0016161827820396321,-0.019409656320276983,0.5654449975381248,-0.03852806542643927,2.125776767730713,0.015941191464662552,0
mujoco,flat_forward,2,2,723,7.230000000000749,1.0,0.0,0.3327184008077067,-0.0017008227069943821,-0.01952285179347324,0.5656253995228819,-0.03934434926758215,2.1252026557922363,0.010242775082588196,0
mujoco,flat_forward,2,2,724,7.2400000000007525,1.0,0.0,0.33268909470906166,-0.0017852943838422416,-0.01949821732618917,0.5656158431848733,-0.043956754202896714,2.126253128051758,0.009473336860537529,0
mujoco,flat_forward,2,2,725,7.250000000000756,1.0,0.0,0.33265179342298007,-0.0018635249227496558,-0.0195645802212985,0.565233658924049,-0.039512778544923965,2.1204729080200195,0.013113468885421753,0
mujoco,flat_forward,2,2,726,7.260000000000759,1.0,0.0,0.3326183571545057,-0.0019226257667850654,-0.019551720194597427,0.5657263523075104,-0.044443848950492734,2.1242711544036865,0.00930794607847929,0
mujoco,flat_forward,2,2,727,7.2700000000007625,1.0,0.0,0.33257547159539863,-0.0019711965733716676,-0.019547402729544975,0.5647735380975429,-0.03843287711164874,2.116243839263916,0.020264575257897377,0
mujoco,flat_forward,2,2,728,7.280000000000766,1.0,0.0,0.33253270360439585,-0.002018514602250586,-0.019545821270846482,0.5653730489241671,-0.039492235574959254,2.1224400997161865,0.017491202801465988,0
mujoco,flat_forward,2,2,729,7.290000000000769,1.0,0.0,0.3324870814605941,-0.0020385389105753147,-0.01948242224592098,0.5642499939442964,-0.03783785879676657,2.115312337875366,0.01972288079559803,0
mujoco,flat_forward,2,2,730,7.3000000000007725,1.0,0.0,0.3324408961069772,-0.002074168384565218,-0.019500833556724096,0.5650461445373804,-0.0375848723742219,2.1216886043548584,0.015730854123830795,0
mujoco,flat_forward,2,2,731,7.310000000000776,1.0,0.0,0.3323908927305482,-0.0020914196605048875,-0.019422782703226518,0.5639282644061846,-0.04067065758053019,2.1144089698791504,0.022134538739919662,0
mujoco,flat_forward,2,2,732,7.320000000000779,1.0,0.0,0.33233744797921627,-0.002122029422320695,-0.019431982745819597,0.5644741914177975,-0.033496327211998474,2.1205861568450928,0.01742696762084961,0
mujoco,flat_forward,2,2,733,7.330000000000783,1.0,0.0,0.33228431785836965,-0.0021261694880609265,-0.019313600644030288,0.5634908605931569,-0.04138046406502591,2.1152570247650146,0.019358830526471138,0
mujoco,flat_forward,2,2,734,7.340000000000786,1.0,0.0,0.33222721391092497,-0.002145822298785202,-0.01932682359152706,0.5639487303682589,-0.03419971558834746,2.119370460510254,0.015747368335723877,0
mujoco,flat_forward,2,2,735,7.350000000000789,1.0,0.0,0.3321730676111796,-0.0021573193680884902,-0.019192699034665084,0.563217711469283,-0.045204670800974976,2.11493182182312,0.015107279643416405,0
mujoco,flat_forward,2,2,736,7.360000000000793,1.0,0.0,0.3321153872420205,-0.0021780921200055094,-0.019158716308352766,0.5633522622405499,-0.0313761199649646,2.1162571907043457,0.013425982557237148,0
mujoco,flat_forward,2,2,737,7.370000000000796,1.0,0.0,0.33206013930940537,-0.0021770674826231138,-0.01903639354978865,0.5629479846212194,-0.04503522498166137,2.1126821041107178,0.01502903364598751,0
mujoco,flat_forward,2,2,738,7.380000000000799,1.0,0.0,0.33199973509792946,-0.0021872277860826303,-0.018989519729775924,0.5628514139345275,-0.03434786817102447,2.1126201152801514,0.014699103310704231,0
mujoco,flat_forward,2,2,739,7.390000000000803,1.0,0.0,0.33194274450374694,-0.0021952891316761505,-0.018862170905293775,0.5626371769052836,-0.04868522475631593,2.111860752105713,0.010997735895216465,0
mujoco,flat_forward,2,2,740,7.400000000000806,1.0,0.0,0.33188825861187843,-0.002192541914201448,-0.018764895843056007,0.5621065134441671,-0.03662813095013814,2.1113057136535645,0.011801298707723618,0
mujoco,flat_forward,2,2,741,7.410000000000809,1.0,0.0,0.3318423145770755,-0.002196593207498416,-0.018619583476806884,0.5617294263439346,-0.045366518529456015,2.1121060848236084,0.010663940571248531,0
mujoco,flat_forward,2,2,742,7.420000000000813,1.0,0.0,0.331805535526149,-0.002172337978088775,-0.018503317764013746,0.5614330964383036,-0.03453436254432039,2.1122353076934814,0.005463812034577131,0
mujoco,flat_forward,2,2,743,7.430000000000816,1.0,0.0,0.33177415553419554,-0.0021646291600834113,-0.018405427553200383,0.5610901318416098,-0.04305889177433282,2.110259532928467,0.00685402425006032,0
mujoco,flat_forward,2,2,744,7.440000000000819,1.0,0.0,0.331747936275616,-0.0021364402881755796,-0.018319016663053946,0.560840200026157,-0.03894866746051633,2.111456871032715,0.006158407311886549,0
mujoco,flat_forward,2,2,745,7.450000000000823,1.0,0.0,0.33172513136659937,-0.0021411695611514717,-0.018238537160817858,0.5605181889267355,-0.04529112935160273,2.1102230548858643,0.002821945818141103,0
mujoco,flat_forward,2,2,746,7.460000000000826,1.0,0.0,0.3317059654801111,-0.002119004435456043,-0.018180072588256314,0.5605291860423364,-0.041775106546989293,2.1106157302856445,0.005254201125353575,0
mujoco,flat_forward,2,2,747,7.470000000000829,1.0,0.0,0.331687760787354,-0.0021164979836069235,-0.0180864231462958,0.5598235471118621,-0.04129354033683641,2.1083970069885254,0.005691486410796642,0
mujoco,flat_forward,2,2,748,7.480000000000833,1.0,0.0,0.3316743555135333,-0.002069421644339267,-0.0180203150352821,0.560012263920045,-0.0443885002973999,2.112238883972168,0.013011246919631958,0
mujoco,flat_forward,2,2,749,7.490000000000836,1.0,0.0,0.3316642441347513,-0.0020626803385653983,-0.017921511340673827,0.5593177432971268,-0.042994948695937264,2.1091904640197754,0.012204963713884354,0
mujoco,flat_forward,2,2,750,7.500000000000839,1.0,0.0,0.3316562924305764,-0.0020201904339435302,-0.01790017379276073,0.5598381603914099,-0.04741622138971597,2.1114747524261475,0.015223000198602676,0
mujoco,flat_forward,2,2,751,7.510000000000843,1.0,0.0,0.331647775599064,-0.0020118711599666247,-0.017816890071770276,0.5591024869866262,-0.043906649622365956,2.106649398803711,0.016016291454434395,0
mujoco,flat_forward,2,2,752,7.520000000000846,1.0,0.0,0.3316372666878658,-0.0019669264540359945,-0.01784513969912073,0.5597434466735768,-0.04822563211469435,2.109630823135376,0.018952278420329094,0
mujoco,flat_forward,2,2,753,7.530000000000849,1.0,0.0,0.33163134125594235,-0.0019307534174562563,-0.017692938030740263,0.5587562500155648,-0.04081727906587358,2.106060266494751,0.014535097405314445,0
mujoco,flat_forward,2,2,754,7.540000000000853,1.0,0.0,0.33162515561856737,-0.001879123779921295,-0.017711346263166203,0.5593047377800296,-0.048501623302863596,2.1121773719787598,0.020864343270659447,0
mujoco,flat_forward,2,2,755,7.550000000000856,1.0,0.0,0.3316286981675166,-0.0018436618394472761,-0.017563173495513146,0.5585828973419018,-0.04266375287236874,2.1106746196746826,0.013972668908536434,0
mujoco,flat_forward,2,2,756,7.560000000000859,1.0,0.0,0.3316313076917936,-0.0018005101661157702,-0.0176174180273435,0.5588249669551169,-0.04427583451375571,2.113445520401001,0.015839099884033203,0
mujoco,flat_forward,2,2,757,7.570000000000863,1.0,0.0,0.33164607979485433,-0.0017533648424794197,-0.017505631202532897,0.5583855448042975,-0.04081334471984748,2.113449811935425,0.006354030687361956,0
mujoco,flat_forward,2,2,758,7.580000000000866,1.0,0.0,0.3316582689841724,-0.001708017671154355,-0.017595874552681825,0.558528513726168,-0.042368574995233076,2.1137566566467285,0.007573295850306749,0
mujoco,flat_forward,2,2,759,7.590000000000869,1.0,0.0,0.33167908396179424,-0.0016607639762960807,-0.017529166937191,0.5584070093517501,-0.042191941162678284,2.1150710582733154,0.004932665731757879,0
mujoco,flat_forward,2,2,760,7.600000000000873,1.0,0.0,0.33169438962452885,-0.001625147738746992,-0.017611939596885073,0.5582523534730661,-0.045850919267837326,2.114596366882324,0.004560720641165972,0
mujoco,flat_forward,2,2,761,7.610000000000876,1.0,0.0,0.33171807740214165,-0.0015925838146430716,-0.01756445322600393,0.5585323856617674,-0.046161510289144135,2.1184439659118652,0.008715023286640644,0
mujoco,flat_forward,2,2,762,7.620000000000879,1.0,0.0,0.3317345030409247,-0.0015666736362843585,-0.0176667991322117,0.5582636312169273,-0.04622264908763604,2.1151790618896484,0.008701321668922901,0
mujoco,flat_forward,2,2,763,7.630000000000883,1.0,0.0,0.3317563523380086,-0.0015381944916229083,-0.017663126954984242,0.5588575544236685,-0.047759399584489284,2.1188156604766846,0.011613591574132442,0
mujoco,flat_forward,2,2,764,7.640000000000886,1.0,0.0,0.33177092871378,-0.001500318718306335,-0.01772324397471668,0.5581190445209279,-0.04233060930236401,2.114100694656372,0.013404195196926594,0
mujoco,flat_forward,2,2,765,7.650000000000889,1.0,0.0,0.3317901912674219,-0.001461929084890363,-0.01775125350372364,0.5591683624425422,-0.04725854590178355,2.1211345195770264,0.019783399999141693,0
mujoco,flat_forward,2,2,766,7.660000000000893,1.0,0.0,0.3318033731468064,-0.0014259109287484506,-0.0177759424876697,0.5580619667285059,-0.0459487863009714,2.1134350299835205,0.023127416148781776,0
mujoco,flat_forward,2,2,767,7.670000000000896,1.0,0.0,0.3318191052360871,-0.001401462587152042,-0.017830183550410852,0.5591528533782849,-0.04642861023839741,2.1230227947235107,0.02636759728193283,0
mujoco,flat_forward,2,2,768,7.680000000000899,1.0,0.0,0.33183525987370904,-0.001342723535741112,-0.017835495521204496,0.5580459864101047,-0.043586962862137445,2.1153581142425537,0.02143624983727932,0
mujoco,flat_forward,2,2,769,7.690000000000903,1.0,0.0,0.331853196347306,-0.0013031687074055447,-0.017911374233554184,0.55917191292703,-0.0430886565888238,2.123734712600708,0.021558795124292374,0
mujoco,flat_forward,2,2,770,7.700000000000906,1.0,0.0,0.33187096876678795,-0.0012477634078248204,-0.01790029561507995,0.5581091502659884,-0.04597336577319292,2.1174139976501465,0.020273670554161072,0
mujoco,flat_forward,2,2,771,7.7100000000009095,1.0,0.0,0.33188792112079857,-0.0012160835387972856,-0.01800790483892925,0.5592555065352453,-0.042556663242589395,2.125638008117676,0.021110793575644493,0
mujoco,flat_forward,2,2,772,7.720000000000913,1.0,0.0,0.33190307991860585,-0.0011615102982416156,-0.018029400695029937,0.5584208124439091,-0.045993788485086624,2.1183695793151855,0.021305633708834648,0
mujoco,flat_forward,2,2,773,7.730000000000916,1.0,0.0,0.3319148448413725,-0.001125609124673956,-0.018122667526804408,0.5591337808368221,-0.036403654905336265,2.1252613067626953,0.018130116164684296,0
mujoco,flat_forward,2,2,774,7.7400000000009195,1.0,0.0,0.3319280246922601,-0.001061917409617802,-0.018113357031906724,0.5585280704198498,-0.04639660826533304,2.1222548484802246,0.016405759379267693,0
mujoco,flat_forward,2,2,775,7.750000000000923,1.0,0.0,0.3319382716562433,-0.0010281645834428906,-0.018209776881224667,0.5591004685432039,-0.03757537012965825,2.1268208026885986,0.015808910131454468,0
mujoco,flat_forward,2,2,776,7.760000000000926,1.0,0.0,0.3319519266514526,-0.0009971195744252301,-0.01819331548715092,0.5588048500960352,-0.05039030636002864,2.124248504638672,0.011751864105463028,0
mujoco,flat_forward,2,2,777,7.7700000000009295,1.0,0.0,0.33196084877985205,-0.0009873583098600376,-0.01828341370526573,0.5593371824391231,-0.0383780451689718,2.1256728172302246,0.012598913162946701,0
mujoco,flat_forward,2,2,778,7.780000000000933,1.0,0.0,0.33196853653241537,-0.0009708086458231823,-0.018299810873969185,0.5593085935434082,-0.05250036333477742,2.122069835662842,0.014030070044100285,0
mujoco,flat_forward,2,2,779,7.790000000000936,1.0,0.0,0.3319711352262725,-0.0009599261001067292,-0.018321035255002307,0.5592151400174284,-0.0381686849128184,2.122626543045044,0.014209319837391376,0
mujoco,flat_forward,2,2,780,7.8000000000009395,1.0,0.0,0.33197560777150775,-0.0009543720285546595,-0.018317047318830354,0.5594341921884592,-0.053531544727345295,2.1246278285980225,0.014232141897082329,0
mujoco,flat_forward,2,2,781,7.810000000000943,1.0,0.0,0.33197970680435324,-0.0009446632026118552,-0.018325202489965813,0.5594420681142003,-0.03971842168004744,2.1232898235321045,0.01351967267692089,0
mujoco,flat_forward,2,2,782,7.820000000000946,1.0,0.0,0.33198311438706674,-0.0009420547788631214,-0.018324759389254257,0.5594048099599609,-0.0494963477027925,2.123684883117676,0.01266669575124979,0
mujoco,flat_forward,2,2,783,7.8300000000009495,1.0,0.0,0.33199046541978766,-0.0009198865208984574,-0.018315158144628082,0.5593566775950966,-0.041021753819245305,2.1263744831085205,0.008083188906311989,0
mujoco,flat_forward,2,2,784,7.840000000000953,1.0,0.0,0.33200104761269184,-0.0009207572725427161,-0.018310513808347462,0.5593407438042295,-0.05012299017331049,2.1262011528015137,0.004988049156963825,0
mujoco,flat_forward,2,2,785,7.850000000000956,1.0,0.0,0.33201477758404585,-0.0009089595068923364,-0.01832312496286734,0.55958296773117,-0.04297611284315801,2.1277315616607666,0.00612977659329772,0
mujoco,flat_forward,2,2,786,7.8600000000009596,1.0,0.0,0.33202733024789044,-0.0009167204528784046,-0.018312580092550663,0.5592604745907512,-0.04570144186978704,2.1254851818084717,0.005806348752230406,0
mujoco,flat_forward,2,2,787,7.870000000000963,1.0,0.0,0.33204301352258475,-0.0008987384055602365,-0.018321244327782284,0.559627140597839,-0.045409226173744016,2.1300268173217773,0.009754442609846592,0
mujoco,flat_forward,2,2,788,7.880000000000966,1.0,0.0,0.3320587092343545,-0.0009160100472675416,-0.018312779992889106,0.5593610019105588,-0.04729169941317707,2.1274611949920654,0.010084043256938457,0
mujoco,flat_forward,2,2,789,7.89000000000097,1.0,0.0,0.3320743236975358,-0.0009151858157038284,-0.01836837752424095,0.5600482405944646,-0.048111216123407775,2.1301920413970947,0.010380576364696026,0
mujoco,flat_forward,2,2,790,7.900000000000973,1.0,0.0,0.3320870361453982,-0.0009358297669045036,-0.01834348052182798,0.5594254237179113,-0.04382603164794026,2.1257286071777344,0.014300568960607052,0
mujoco,flat_forward,2,2,791,7.910000000000976,1.0,0.0,0.332097722659824,-0.0009400104393508642,-0.018417187420260835,0.5602670141229072,-0.05145866048428359,2.1309237480163574,0.01785910129547119,0
mujoco,flat_forward,2,2,792,7.92000000000098,1.0,0.0,0.33210667143340733,-0.0009827352022832908,-0.018391517439893652,0.5596846457829199,-0.04641102531072621,2.12615966796875,0.021093467250466347,0
mujoco,flat_forward,2,2,793,7.930000000000983,1.0,0.0,0.33211020338202196,-0.0010053957508315411,-0.01852012636308566,0.5604630047713604,-0.049208656221061124,2.1299567222595215,0.019748128950595856,0
mujoco,flat_forward,2,2,794,7.940000000000986,1.0,0.0,0.3321179464515971,-0.0010192787439863478,-0.01847368188595727,0.5598560943524673,-0.04338882612179448,2.1271090507507324,0.014312059618532658,0
mujoco,flat_forward,2,2,795,7.95000000000099,1.0,0.0,0.3321218759094556,-0.0010252156142299754,-0.018574730622438116,0.5601359299877902,-0.04611057814783485,2.1305031776428223,0.01350921206176281,0
mujoco,flat_forward,2,2,796,7.960000000000993,1.0,0.0,0.3321351443457863,-0.001028960844014247,-0.018527066548750887,0.5599285100783397,-0.043165134613463337,2.132481098175049,0.00864502415060997,0
mujoco,flat_forward,2,2,797,7.970000000000996,1.0,0.0,0.3321431734054939,-0.0010315106677544375,-0.018667322094185014,0.5602458781921403,-0.04464265960681721,2.1316840648651123,0.005158151034265757,0
mujoco,flat_forward,2,2,798,7.980000000001,1.0,0.0,0.3321553046389485,-0.0010349042023594438,-0.01867454855028184,0.5603372891014311,-0.043897958773589554,2.133161783218384,0.0061153084971010685,0
mujoco,flat_forward,2,2,799,7.990000000001003,1.0,0.0,0.33215897346923606,-0.0010390052865692258,-0.018776651200408015,0.5600664360352999,-0.043610366492625105,2.131456136703491,0.00455101951956749,0
mujoco,flat_forward,2,2,800,8.000000000001005,1.0,0.0,0.33216851700424116,-0.001046187337336123,-0.018781107919223734,0.5606876198176906,-0.045095986501687446,2.1371748447418213,0.0104917511343956,0
mujoco,flat_forward,2,2,801,8.010000000001,1.0,0.0,0.33216955606873066,-0.0010602342264687966,-0.01886226829740988,0.560150986986399,-0.04637918601892853,2.131514310836792,0.015249915421009064,0
mujoco,flat_forward,2,2,802,8.020000000000994,1.0,0.0,0.33217277490100566,-0.0010832992090963965,-0.018913850953752864,0.5612557427895551,-0.047954902186874704,2.1381826400756836,0.01600748300552368,0
mujoco,flat_forward,2,2,803,8.030000000000989,1.0,0.0,0.33216632904679727,-0.001098209396661153,-0.018964296098052617,0.5602642230241995,-0.04330646776026361,2.1285059452056885,0.02392764389514923,0
mujoco,flat_forward,2,2,804,8.040000000000983,1.0,0.0,0.3321587416345812,-0.0011170292647893975,-0.019051570688265247,0.5613498093153116,-0.04176534236794426,2.1370816230773926,0.023766018450260162,0
mujoco,flat_forward,2,2,805,8.050000000000978,1.0,0.0,0.3321498748159105,-0.0011179163585202506,-0.019032985650236808,0.560200093679892,-0.04210246550501303,2.1292436122894287,0.023016849532723427,0
mujoco,flat_forward,2,2,806,8.060000000000972,1.0,0.0,0.33214048877806157,-0.0011304019508511518,-0.01914179412658561,0.5614705237274191,-0.03965456096339236,2.1388301849365234,0.02183949388563633,0
mujoco,flat_forward,2,2,807,8.070000000000967,1.0,0.0,0.3321297559737814,-0.0011337228502228717,-0.01911278637255606,0.5603901700556042,-0.04455502306274421,2.1303625106811523,0.025591900572180748,0
mujoco,flat_forward,2,2,808,8.080000000000961,1.0,0.0,0.33211512987542396,-0.0011503385205289109,-0.01922203734592659,0.5612526117128386,-0.037404522841808105,2.1386420726776123,0.021727165207266808,0
mujoco,flat_forward,2,2,809,8.090000000000956,1.0,0.0,0.33210544682859017,-0.0011599880139009729,-0.019155334065438675,0.560493636872756,-0.04514988994712193,2.1335947513580322,0.018636349588632584,0
mujoco,flat_forward,2,2,810,8.10000000000095,1.0,0.0,0.3320916955452718,-0.0011850641122564277,-0.019258324382267846,0.561178006603526,-0.03925096463773446,2.1373941898345947,0.014672373421490192,0
mujoco,flat_forward,2,2,811,8.110000000000944,1.0,0.0,0.33208224545866605,-0.0012091977765533192,-0.019203664169876764,0.5607655250775979,-0.04880157026670696,2.134342670440674,0.012553137727081776,0
mujoco,flat_forward,2,2,812,8.120000000000939,1.0,0.0,0.3320677977579161,-0.001243312717183922,-0.019250412891539514,0.5608334313814582,-0.03940734307237807,2.134416103363037,0.010667690075933933,0
mujoco,flat_forward,2,2,813,8.130000000000933,1.0,0.0,0.3320589049583151,-0.0012756371130080621,-0.019189322376451545,0.5608861732631684,-0.050985187496136744,2.1353437900543213,0.009194567799568176,0
mujoco,flat_forward,2,2,814,8.140000000000928,1.0,0.0,0.3320456522311074,-0.0013061383519762675,-0.019183667766149323,0.5606452549917236,-0.036208466004245404,2.1317856311798096,0.01297806017100811,0
mujoco,flat_forward,2,2,815,8.150000000000922,1.0,0.0,0.33203329744541016,-0.0013350111020714636,-0.01916404107017505,0.5609542967739998,-0.048768747782044646,2.1337130069732666,0.013656464405357838,0
mujoco,flat_forward,2,2,816,8.160000000000917,1.0,0.0,0.3320170565701795,-0.0013558225234631398,-0.019158859361921986,0.5605443102143715,-0.039754547497155006,2.130683422088623,0.014071563258767128,0
mujoco,flat_forward,2,2,817,8.170000000000911,1.0,0.0,0.3320020817787382,-0.001394249415604341,-0.019130803166133945,0.5606918697263618,-0.04664908517416641,2.13411021232605,0.011202152818441391,0
mujoco,flat_forward,2,2,818,8.180000000000906,1.0,0.0,0.3319897857702962,-0.0014120337434675913,-0.019095879935895912,0.560223097143383,-0.04176098204746785,2.1338517665863037,0.005927052814513445,0
mujoco,flat_forward,2,2,819,8.1900000000009,1.0,0.0,0.33198204707024315,-0.0014496687578291415,-0.019058079589765,0.5602031413684156,-0.04277222200821337,2.135438919067383,0.005017662886530161,0
mujoco,flat_forward,2,2,820,8.200000000000895,1.0,0.0,0.33197846506976453,-0.001458476842279962,-0.019039664736412602,0.5600750449452624,-0.040248376418395224,2.1357545852661133,0.003355855355039239,0
mujoco,flat_forward,2,2,821,8.210000000000889,1.0,0.0,0.33197460808432394,-0.001489804671278108,-0.019035095410047054,0.5600720370497847,-0.040452707763135524,2.1344478130340576,0.004453578032553196,0
mujoco,flat_forward,2,2,822,8.220000000000883,1.0,0.0,0.33196995650971434,-0.001500394114251773,-0.019041395597928067,0.5600740644464234,-0.044756136987988394,2.135101318359375,0.00475553423166275,0
mujoco,flat_forward,2,2,823,8.230000000000878,1.0,0.0,0.331964358295352,-0.0015443546458834697,-0.019029736668034744,0.5597655922420887,-0.03876660922633841,2.134411573410034,0.008918225765228271,0
mujoco,flat_forward,2,2,824,8.240000000000872,1.0,0.0,0.33195912538989486,-0.0015572351211376985,-0.019038869678789892,0.5598881539920185,-0.04826412399894854,2.13525128364563,0.01081223227083683,0
mujoco,flat_forward,2,2,825,8.250000000000867,1.0,0.0,0.331952162630928,-0.0016116378600744149,-0.019035792662959204,0.5596541433481966,-0.0401006584721731,2.1341402530670166,0.015225226059556007,0
mujoco,flat_forward,2,2,826,8.260000000000861,1.0,0.0,0.33194197618286714,-0.001640379828239683,-0.01906126742960728,0.5597206151294442,-0.05144166463697934,2.1333694458007812,0.01415182463824749,0
mujoco,flat_forward,2,2,827,8.270000000000856,1.0,0.0,0.33193436662979964,-0.0016681938253870713,-0.01900799394891976,0.5593246680198388,-0.03784067007844058,2.1337881088256836,0.012756342999637127,0
mujoco,flat_forward,2,2,828,8.28000000000085,1.0,0.0,0.3319222155470565,-0.0016752770416217728,-0.01904642457744288,0.5595171872281272,-0.0472850829484282,2.1331472396850586,0.014990842901170254,0
mujoco,flat_forward,2,2,829,8.290000000000845,1.0,0.0,0.33191153382178346,-0.001682634649297245,-0.019003739819393704,0.5593409015327749,-0.035794519151643236,2.1347172260284424,0.012218109332025051,0
mujoco,flat_forward,2,2,830,8.30000000000084,1.0,0.0,0.3318950715010851,-0.0016848380841430963,-0.019015890155270852,0.5590649576188396,-0.04405882179653681,2.133683204650879,0.011606715619564056,0
mujoco,flat_forward,2,2,831,8.310000000000834,1.0,0.0,0.33188529628095115,-0.0016795803373376565,-0.01895699984265278,0.559222864752008,-0.03449162086894215,2.1393232345581055,0.011748258024454117,0
mujoco,flat_forward,2,2,832,8.320000000000828,1.0,0.0,0.3318718038958108,-0.0016815309400344124,-0.018949216024462333,0.558782475975288,-0.04476764080611315,2.1349425315856934,0.013029549270868301,0
mujoco,flat_forward,2,2,833,8.330000000000823,1.0,0.0,0.3318630788180439,-0.0016759047851406575,-0.018931660556338065,0.5592170792473334,-0.038524285151892365,2.1409871578216553,0.014285986311733723,0
mujoco,flat_forward,2,2,834,8.340000000000817,1.0,0.0,0.3318530964223511,-0.0016850748763180422,-0.01888481698422299,0.5583284912665109,-0.04307920736751735,2.1344075202941895,0.014926367439329624,0
mujoco,flat_forward,2,2,835,8.350000000000811,1.0,0.0,0.3318486905062489,-0.0016811410285179679,-0.01888107637731702,0.559269642699582,-0.0386163082493368,2.1413745880126953,0.018203241750597954,0
mujoco,flat_forward,2,2,836,8.360000000000806,1.0,0.0,0.3318397202819332,-0.0016898817480752056,-0.018848353248028117,0.5582031730468396,-0.042058367648537036,2.1308982372283936,0.024223722517490387,0
mujoco,flat_forward,2,2,837,8.3700000000008,1.0,0.0,0.3318309280106769,-0.001688313214491429,-0.018874687490751826,0.5593408391010718,-0.043789095448297226,2.1394994258880615,0.024105317890644073,0
mujoco,flat_forward,2,2,838,8.380000000000795,1.0,0.0,0.3318210117471921,-0.001703511246813936,-0.018756949731290454,0.5579369678053918,-0.04257061862205187,2.1304235458374023,0.02602713368833065,0
mujoco,flat_forward,2,2,839,8.39000000000079,1.0,0.0,0.33181114365260816,-0.001709392647234978,-0.018819763152426103,0.5593645340809312,-0.04382415746160731,2.139911413192749,0.029475215822458267,0
mujoco,flat_forward,2,2,840,8.400000000000784,1.0,0.0,0.33180261778916287,-0.0017149063785687234,-0.018690675763429976,0.5579738541789722,-0.04324307549834372,2.1283376216888428,0.030347812920808792,0
mujoco,flat_forward,2,2,841,8.410000000000778,1.0,0.0,0.3317914221684369,-0.0017157074685005176,-0.018746988996503493,0.5589495006075027,-0.04302151477488002,2.138620138168335,0.030222561210393906,0
mujoco,flat_forward,2,2,842,8.420000000000773,1.0,0.0,0.33178948477680603,-0.0017136968445045666,-0.01858448998153535,0.5578299059676759,-0.0440315871347414,2.133613348007202,0.019202088937163353,0
mujoco,flat_forward,2,2,843,8.430000000000767,1.0,0.0,0.3317875528781988,-0.0017145959780632792,-0.01864494067338025,0.5585919023847253,-0.04543274390872393,2.139362335205078,0.01976567693054676,0
mujoco,flat_forward,2,2,844,8.440000000000762,1.0,0.0,0.3317956597474724,-0.0017181379994005938,-0.018518631018622736,0.5578700412565682,-0.047707448974227636,2.135838747024536,0.014233238995075226,0
mujoco,flat_forward,2,2,845,8.450000000000756,1.0,0.0,0.3318013111763192,-0.0017236123346834195,-0.018590810160845073,0.5581876745960928,-0.04167302708915254,2.137805461883545,0.012953057885169983,0
mujoco,flat_forward,2,2,846,8.46000000000075,1.0,0.0,0.3318157871908693,-0.0017228793107333543,-0.018497202379476885,0.5578513656717731,-0.04663682942333612,2.136676549911499,0.0083131929859519,0
mujoco,flat_forward,2,2,847,8.470000000000745,1.0,0.0,0.33182505308760973,-0.0017250385420968886,-0.018568964863544243,0.5578344167700937,-0.04388714643054749,2.136625051498413,0.006516916677355766,0
mujoco,flat_forward,2,2,848,8.48000000000074,1.0,0.0,0.3318412527315443,-0.0017307732480811666,-0.018503181657589046,0.5579461070095635,-0.0507375392579775,2.138803482055664,0.005591878667473793,0
mujoco,flat_forward,2,2,849,8.490000000000734,1.0,0.0,0.3318512695010289,-0.0017346823817172312,-0.018537556279684335,0.5575853412325945,-0.04150700311214435,2.136303186416626,0.008231976069509983,0
mujoco,flat_forward,2,2,850,8.500000000000728,1.0,0.0,0.33186554551687475,-0.001739698118897533,-0.018512871696009587,0.5581309303745374,-0.05069030652291033,2.1402552127838135,0.013470139354467392,0
mujoco,flat_forward,2,2,851,8.510000000000723,1.0,0.0,0.3318726131984768,-0.0017437851891663198,-0.018528737343245446,0.557448099104861,-0.04513462739520547,2.1355342864990234,0.01631864905357361,0
mujoco,flat_forward,2,2,852,8.520000000000717,1.0,0.0,0.3318821200099196,-0.001763092155236574,-0.018533462101631492,0.5580239577467734,-0.04995728507439619,2.141427993774414,0.01898198015987873,0
mujoco,flat_forward,2,2,853,8.530000000000712,1.0,0.0,0.331891609692137,-0.0017575402113116584,-0.018530681034843562,0.5573325659791476,-0.04329250605795925,2.137207269668579,0.012615206651389599,0
mujoco,flat_forward,2,2,854,8.540000000000706,1.0,0.0,0.3319035232074356,-0.0017654941352103375,-0.01854677685274365,0.557961662416045,-0.04699519166608989,2.1418468952178955,0.014073996804654598,0
mujoco,flat_forward,2,2,855,8.5500000000007,1.0,0.0,0.33191460655367316,-0.0017559076885833975,-0.01853903417519388,0.5573252812059725,-0.04661847956662038,2.139511823654175,0.011239963583648205,0
mujoco,flat_forward,2,2,856,8.560000000000695,1.0,0.0,0.331927582025152,-0.0017678038691754585,-0.018549393911309216,0.5577525592633913,-0.04389979830346444,2.1442952156066895,0.012879411689937115,0
mujoco,flat_forward,2,2,857,8.57000000000069,1.0,0.0,0.33194217808847604,-0.0017460268091469085,-0.018564197496560117,0.5574679113732128,-0.044993338629618615,2.1431450843811035,0.009243873879313469,0
mujoco,flat_forward,2,2,858,8.580000000000684,1.0,0.0,0.33195627271208267,-0.00174997869261919,-0.018612376684976065,0.5578349451622467,-0.0412905568987196,2.1447043418884277,0.007251073140650988,0
mujoco,flat_forward,2,2,859,8.590000000000678,1.0,0.0,0.3319691933775686,-0.0017333777733914688,-0.018637623687291296,0.5576954231466246,-0.04913949219544927,2.14443039894104,0.00817374512553215,0
mujoco,flat_forward,2,2,860,8.600000000000673,1.0,0.0,0.33198074274483236,-0.0017469860861762062,-0.018671971296222317,0.5578100287567178,-0.0388529626727857,2.145861864089966,0.010652782395482063,0
mujoco,flat_forward,2,2,861,8.610000000000667,1.0,0.0,0.3319904679219409,-0.0017332529815520799,-0.01872141567785661,0.5580377020389221,-0.048355897256588204,2.1457254886627197,0.012667856179177761,0
mujoco,flat_forward,2,2,862,8.620000000000662,1.0,0.0,0.3319956898834261,-0.001752698154891538,-0.018771636771033332,0.5582017329994288,-0.037364608722157085,2.1457631587982178,0.013839843682944775,0
mujoco,flat_forward,2,2,863,8.630000000000656,1.0,0.0,0.3319963433913687,-0.0017533725111664722,-0.0188318767019145,0.558403975715753,-0.05078819773442995,2.1458654403686523,0.014249565079808235,0
mujoco,flat_forward,2,2,864,8.64000000000065,1.0,0.0,0.3319979867938945,-0.001757719725952883,-0.018856340930558258,0.5584224875502122,-0.03525334231406682,2.1476364135742188,0.014281010255217552,0
mujoco,flat_forward,2,2,865,8.650000000000645,1.0,0.0,0.3319977147133429,-0.0017578822469867161,-0.018898703989780493,0.5584722730796933,-0.0499937758511925,2.146500825881958,0.015715686604380608,0
mujoco,flat_forward,2,2,866,8.66000000000064,1.0,0.0,0.3319991006730287,-0.0017569359421278174,-0.018925740064486222,0.5586584987625622,-0.03743338791300863,2.150148868560791,0.015093761496245861,0
mujoco,flat_forward,2,2,867,8.670000000000634,1.0,0.0,0.3320000327847133,-0.0017676987112782649,-0.018949820037202313,0.5584279163983874,-0.047320196527074025,2.1476709842681885,0.011170515790581703,0
mujoco,flat_forward,2,2,868,8.680000000000629,1.0,0.0,0.33200683053134744,-0.00176748793359737,-0.018967416817049915,0.558648414202381,-0.03925462783419925,2.1522200107574463,0.010693526826798916,0
mujoco,flat_forward,2,2,869,8.690000000000623,1.0,0.0,0.33201433347558984,-0.0017918173456882521,-0.01898793984185192,0.55847164041374,-0.047946214368379585,2.1490938663482666,0.0088036535307765,0
mujoco,flat_forward,2,2,870,8.700000000000617,1.0,0.0,0.33202450192844185,-0.0018023593139577768,-0.01903834997996284,0.55902137647132,-0.04129809994097454,2.151693105697632,0.008544412441551685,0
mujoco,flat_forward,2,2,871,8.710000000000612,1.0,0.0,0.33203051461207855,-0.001825291020034155,-0.01905206537665779,0.5584347418216661,-0.043755756485893256,2.146068811416626,0.013284893706440926,0
mujoco,flat_forward,2,2,872,8.720000000000606,1.0,0.0,0.3320373719029814,-0.001830918041030742,-0.019101498519044295,0.5591707235406036,-0.043968352140114686,2.152318239212036,0.015597421675920486,0
mujoco,flat_forward,2,2,873,8.7300000000006,1.0,0.0,0.33204319559170864,-0.0018650690664971314,-0.01906051450481722,0.5583096580881933,-0.04204675909774312,2.1469438076019287,0.017728429287672043,0
mujoco,flat_forward,2,2,874,8.740000000000595,1.0,0.0,0.33204934258124763,-0.0018823588667234552,-0.019136918842704378,0.5593210119549986,-0.04853826873297576,2.1538989543914795,0.020133722573518753,0
mujoco,flat_forward,2,2,875,8.75000000000059,1.0,0.0,0.33205428261914954,-0.0019481450766359566,-0.01910416811466907,0.5585056206770189,-0.04512636112313417,2.1464946269989014,0.025058452039957047,0
mujoco,flat_forward,2,2,876,8.760000000000584,1.0,0.0,0.33205440697240723,-0.001987146194546721,-0.019243379912095123,0.5594297182300159,-0.04635069846134213,2.151240348815918,0.022400498390197754,0
mujoco,flat_forward,2,2,877,8.770000000000579,1.0,0.0,0.3320576965648874,-0.00201180665275157,-0.01919095518847478,0.5586097417177315,-0.04247279551962231,2.145437240600586,0.018366366624832153,0
mujoco,flat_forward,2,2,878,8.780000000000573,1.0,0.0,0.33205608464222475,-0.002024956567129346,-0.019303828769313566,0.5590292010469612,-0.043483097980162255,2.149779796600342,0.01611093059182167,0
mujoco,flat_forward,2,2,879,8.790000000000568,1.0,0.0,0.33206259706263624,-0.002035332447116658,-0.01924261578810435,0.5586118935743078,-0.042421846481565766,2.1501386165618896,0.01057481113821268,0
mujoco,flat_forward,2,2,880,8.800000000000562,1.0,0.0,0.33206437739466677,-0.0020474380971161827,-0.019352853829333477,0.5588308926259118,-0.045609499458945935,2.150407075881958,0.006544795818626881,0
mujoco,flat_forward,2,2,881,8.810000000000556,1.0,0.0,0.3320721843291234,-0.0020667029708316144,-0.019325520016778956,0.5588506661824117,-0.0457314309112045,2.1521944999694824,0.006695541553199291,0
mujoco,flat_forward,2,2,882,8.820000000000551,1.0,0.0,0.33207265147766607,-0.0020866031307885447,-0.019403732333613356,0.5585045692749517,-0.045259774458277266,2.1491518020629883,0.005979479756206274,0
mujoco,flat_forward,2,2,883,8.830000000000545,1.0,0.0,0.3320793732098946,-0.0021069362571348354,-0.019386496547516383,0.5590288539814473,-0.046737667452564385,2.1541454792022705,0.009474274702370167,0
mujoco,flat_forward,2,2,884,8.84000000000054,1.0,0.0,0.332077647630781,-0.0021182239214681837,-0.019444846460429082,0.55834491741356,-0.04101532080343677,2.1475670337677,0.015271407552063465,0
mujoco,flat_forward,2,2,885,8.850000000000534,1.0,0.0,0.3320776843384085,-0.002131593215823232,-0.019477935331689997,0.5593277867144041,-0.04530095777578067,2.154212713241577,0.01626264676451683,0
mujoco,flat_forward,2,2,886,8.860000000000529,1.0,0.0,0.3320670814216503,-0.0021454993928149662,-0.019512534077114407,0.5583438184278541,-0.04388597830158822,2.145524263381958,0.024105796590447426,0
mujoco,flat_forward,2,2,887,8.870000000000523,1.0,0.0,0.33205484812072983,-0.0021731668964534083,-0.019578311699500365,0.5593906902693302,-0.04389998982618659,2.1542837619781494,0.023437639698386192,0
mujoco,flat_forward,2,2,888,8.880000000000518,1.0,0.0,0.33204082683883746,-0.002183375964181308,-0.019537906283887012,0.5581938947804677,-0.04474475442877806,2.1461703777313232,0.02259642444550991,0
mujoco,flat_forward,2,2,889,8.890000000000512,1.0,0.0,0.33202692183404464,-0.002202350091245137,-0.019598909369821265,0.5591140526384504,-0.038723837121638745,2.1551904678344727,0.02198939397931099,0
mujoco,flat_forward,2,2,890,8.900000000000507,1.0,0.0,0.3320158127057702,-0.002202265029863263,-0.019527752669897782,0.5580482772306131,-0.04460413681486709,2.1487152576446533,0.021204352378845215,0
mujoco,flat_forward,2,2,891,8.910000000000501,1.0,0.0,0.3320024787648929,-0.0022196576226717565,-0.019627866970859918,0.5589436258307272,-0.03907924441718351,2.1552274227142334,0.01853998564183712,0
mujoco,flat_forward,2,2,892,8.920000000000496,1.0,0.0,0.3319925239535756,-0.0022316183618528783,-0.019561905563877793,0.5581718279227676,-0.04807998632030309,2.1487932205200195,0.018975501880049706,0
mujoco,flat_forward,2,2,893,8.93000000000049,1.0,0.0,0.3319781047020103,-0.0022585933864602147,-0.019623934032205623,0.5585411285324312,-0.03899158302040887,2.152629852294922,0.01532681006938219,0
mujoco,flat_forward,2,2,894,8.940000000000484,1.0,0.0,0.33196944102942927,-0.0022777356765743455,-0.0195460857345887,0.5581908187688251,-0.05045711454246789,2.150968313217163,0.011526938527822495,0
mujoco,flat_forward,2,2,895,8.950000000000479,1.0,0.0,0.33195726181834095,-0.002301724712560805,-0.01955668010195732,0.5582171654697846,-0.035636438872559496,2.1503453254699707,0.011761482805013657,0
mujoco,flat_forward,2,2,896,8.960000000000473,1.0,0.0,0.33194702416600624,-0.002319308873981898,-0.019516301159976494,0.5583273998706757,-0.050261895679730016,2.1505126953125,0.012630250304937363,0
mujoco,flat_forward,2,2,897,8.970000000000468,1.0,0.0,0.33192976344011377,-0.0023483053092919516,-0.01952376625571216,0.5581115911729525,-0.03922898918446465,2.1480727195739746,0.015392595902085304,0
mujoco,flat_forward,2,2,898,8.980000000000462,1.0,0.0,0.3319131435941754,-0.0023836978192351174,-0.019493906397257177,0.5582039143197951,-0.05055006616878246,2.14992094039917,0.012905876152217388,0
mujoco,flat_forward,2,2,899,8.990000000000457,1.0,0.0,0.33189851728223263,-0.002401914964857551,-0.019471073318797133,0.5577857770283007,-0.042304247536132426,2.1489357948303223,0.00839099008589983,0
mujoco,flat_forward,2,2,900,9.000000000000451,1.0,0.0,0.3318892634637293,-0.0024346647259712575,-0.01942835303002259,0.5576851237846209,-0.04748575568209307,2.150115489959717,0.006906738039106131,0
mujoco,flat_forward,2,2,901,9.010000000000446,1.0,0.0,0.33188497387218424,-0.002442389387283813,-0.019406124935722226,0.5575361013723087,-0.040935913278520565,2.1507458686828613,0.003321118885651231,0
mujoco,flat_forward,2,2,902,9.02000000000044,1.0,0.0,0.3318815911666322,-0.0024678307514512466,-0.019399641213088716,0.5575162395567139,-0.04516759845756124,2.1492464542388916,0.003974563907831907,0
mujoco,flat_forward,2,2,903,9.030000000000435,1.0,0.0,0.33187850668572255,-0.002474000400115676,-0.01940299508954222,0.5574780746693794,-0.04543911583433039,2.150345802307129,0.0028960981871932745,0
mujoco,flat_forward,2,2,904,9.040000000000429,1.0,0.0,0.33187544234191585,-0.0025105213644142184,-0.019388423428498232,0.5571857108343955,-0.04349438167351,2.1495144367218018,0.0051016779616475105,0
mujoco,flat_forward,2,2,905,9.050000000000423,1.0,0.0,0.3318743583543348,-0.0025194068298859504,-0.01939190340630187,0.5572715485520162,-0.04916107737290056,2.150988817214966,0.008235370740294456,0
mujoco,flat_forward,2,2,906,9.060000000000418,1.0,0.0,0.33187269491167626,-0.002570491583918476,-0.01938840785584948,0.5570699545007808,-0.04498603853944546,2.1495766639709473,0.012376422993838787,0
mujoco,flat_forward,2,2,907,9.070000000000412,1.0,0.0,0.3318681810260413,-0.0025892762183171705,-0.019441070075309406,0.5574764864119,-0.05104872624928357,2.1493451595306396,0.011366882361471653,0
mujoco,flat_forward,2,2,908,9.080000000000407,1.0,0.0,0.33186033318728075,-0.0026251806015392103,-0.019418811088181602,0.5569693869699963,-0.04122357908563626,2.1465909481048584,0.015097636729478836,0
mujoco,flat_forward,2,2,909,9.090000000000401,1.0,0.0,0.3318481732533297,-0.0026349557615423383,-0.01946687329191221,0.5571189907318983,-0.048809743434729255,2.1485579013824463,0.017221054062247276,0
mujoco,flat_forward,2,2,910,9.100000000000396,1.0,0.0,0.3318424127648541,-0.0026403229374665545,-0.01939015175361079,0.5567210952533934,-0.039472076444157685,2.1496870517730713,0.011128298938274384,0
mujoco,flat_forward,2,2,911,9.11000000000039,1.0,0.0,0.33183397539681775,-0.002640762174293545,-0.01942872151500205,0.5568397929113609,-0.04986714634723065,2.149761915206909,0.010329305194318295,0
mujoco,flat_forward,2,2,912,9.120000000000385,1.0,0.0,0.3318310045204722,-0.0026421670617434436,-0.01938121014381028,0.556804723311931,-0.04138906196832215,2.1521708965301514,0.011494293808937073,0
mujoco,flat_forward,2,2,913,9.13000000000038,1.0,0.0,0.3318229773262692,-0.0026435766818118105,-0.019410663800794623,0.5564313849975885,-0.04831287027806024,2.1492857933044434,0.01017267256975174,0
mujoco,flat_forward,2,2,914,9.140000000000374,1.0,0.0,0.33182213091122703,-0.0026363121445478295,-0.019381931156397504,0.5567812833768323,-0.04102445335108425,2.1545393466949463,0.01095141377300024,0
mujoco,flat_forward,2,2,915,9.150000000000368,1.0,0.0,0.33181470526293905,-0.0026263749758568696,-0.0194258018152467,0.556048805356393,-0.042131920016375106,2.147908926010132,0.015460040420293808,0
mujoco,flat_forward,2,2,916,9.160000000000363,1.0,0.0,0.3318119193075106,-0.0026096165070948014,-0.01944178444765136,0.5568692041296357,-0.038770014061067136,2.1557514667510986,0.01637546345591545,0
mujoco,flat_forward,2,2,917,9.170000000000357,1.0,0.0,0.33180102859933874,-0.0025998047570370514,-0.019466127761989912,0.5558806410745025,-0.043317415677124535,2.1469814777374268,0.022676292806863785,0
mujoco,flat_forward,2,2,918,9.180000000000351,1.0,0.0,0.33179064612285514,-0.0025890322761967194,-0.01952976977983061,0.5570808694376362,-0.0440131835481088,2.156381368637085,0.022643499076366425,0
mujoco,flat_forward,2,2,919,9.190000000000346,1.0,0.0,0.33177685877984403,-0.0025877962205959866,-0.01946748920746238,0.5556530259313812,-0.043695084204240356,2.1453745365142822,0.028568265959620476,0
mujoco,flat_forward,2,2,920,9.20000000000034,1.0,0.0,0.3317627715603816,-0.0025860011008700984,-0.019549489135820563,0.5569735257950884,-0.04683069703443677,2.1557037830352783,0.029920462518930435,0
mujoco,flat_forward,2,2,921,9.210000000000335,1.0,0.0,0.33175111277313135,-0.0025929980109273914,-0.019438813845329535,0.5556367548494081,-0.0468745275984736,2.1448709964752197,0.029506342485547066,0
mujoco,flat_forward,2,2,922,9.22000000000033,1.0,0.0,0.33173717601387365,-0.0025977848684382745,-0.019530385752681186,0.5567666438283061,-0.043182391033276896,2.1530933380126953,0.028373096138238907,0
mujoco,flat_forward,2,2,923,9.230000000000324,1.0,0.0,0.3317284924170128,-0.002592925933580883,-0.019405883260661158,0.5555576577175158,-0.04493613690083798,2.145188331604004,0.02315981313586235,0
mujoco,flat_forward,2,2,924,9.240000000000318,1.0,0.0,0.3317178207156196,-0.002586465291415321,-0.019467714899704447,0.5561678896775909,-0.040813496641736835,2.1521260738372803,0.02177508734166622,0
mujoco,flat_forward,2,2,925,9.250000000000313,1.0,0.0,0.33171761996535715,-0.002577761776576008,-0.019336105948809176,0.5554183873257854,-0.04631318347155347,2.1497409343719482,0.014217202551662922,0
mujoco,flat_forward,2,2,926,9.260000000000307,1.0,0.0,0.3317152678025149,-0.0025747417067917906,-0.019408941645844644,0.555786378330451,-0.044121617599078074,2.1523873805999756,0.011808146722614765,0
mujoco,flat_forward,2,2,927,9.270000000000302,1.0,0.0,0.3317215011634937,-0.0025748364615014664,-0.019320863444684182,0.5555012006494346,-0.05085535775503301,2.1513710021972656,0.007870913483202457,0
mujoco,flat_forward,2,2,928,9.280000000000296,1.0,0.0,0.33172275573981497,-0.0025756391257665216,-0.01937243411632467,0.5554325250181011,-0.041277590105920844,2.149893283843994,0.0073530422523617744,0
mujoco,flat_forward,2,2,929,9.29000000000029,1.0,0.0,0.33172915904976247,-0.0025749261994671125,-0.0193102037916591,0.5555541874539615,-0.05035937140032984,2.151054859161377,0.008969277143478394,0
mujoco,flat_forward,2,2,930,9.300000000000285,1.0,0.0,0.3317275960164177,-0.0025760844577639407,-0.01934817712900023,0.5552552364247316,-0.04435165875397815,2.148421049118042,0.010949932038784027,0
mujoco,flat_forward,2,2,931,9.31000000000028,1.0,0.0,0.33172956374892965,-0.0025865570805850228,-0.019316150616545416,0.5556641975453683,-0.05269950243577671,2.151820182800293,0.012211395427584648,0
mujoco,flat_forward,2,2,932,9.320000000000274,1.0,0.0,0.33172995052338633,-0.002583344456682056,-0.0192698300406496,0.5548540741091906,-0.04596286462298453,2.1480255126953125,0.010951084084808826,0
mujoco,flat_forward,2,2,933,9.330000000000268,1.0,0.0,0.3317356550240387,-0.0025921004244108914,-0.019233992601759398,0.5552554299123129,-0.04834989864885737,2.1543638706207275,0.016991697251796722,0
mujoco,flat_forward,2,2,934,9.340000000000263,1.0,0.0,0.33174456879875575,-0.0025675770320495984,-0.019210136588711218,0.5546008602778878,-0.04301815866396828,2.151289701461792,0.009997079148888588,0
mujoco,flat_forward,2,2,935,9.350000000000257,1.0,0.0,0.3317562229643349,-0.0025622860536532277,-0.019211607836055036,0.5550228820523205,-0.045100378766518165,2.154202938079834,0.008965942077338696,0
mujoco,flat_forward,2,2,936,9.360000000000252,1.0,0.0,0.33176747659378036,-0.0025357817265959925,-0.01920090380680396,0.5545158482118268,-0.04666057605027173,2.1527905464172363,0.007784128654748201,0
mujoco,flat_forward,2,2,937,9.370000000000246,1.0,0.0,0.3317794954710341,-0.002534753383472797,-0.019202821803792305,0.554720377942509,-0.04240333708986918,2.155747175216675,0.008659661747515202,0
mujoco,flat_forward,2,2,938,9.38000000000024,1.0,0.0,0.3317920299313578,-0.0025042981574745667,-0.019213766442176476,0.5545692377879843,-0.046181540651400704,2.1551759243011475,0.00868267472833395,0
mujoco,flat_forward,2,2,939,9.390000000000235,1.0,0.0,0.33180230374116004,-0.0025007173215288946,-0.01924274111940218,0.5547677158875863,-0.04082655743673303,2.1557464599609375,0.008207084611058235,0
mujoco,flat_forward,2,2,940,9.40000000000023,1.0,0.0,0.33180994231105604,-0.0024793492560496277,-0.0192641602206498,0.554767100228329,-0.05062138257653523,2.155946969985962,0.0090943593531847,0
mujoco,flat_forward,2,2,941,9.410000000000224,1.0,0.0,0.3318156536762659,-0.002481276022281262,-0.019276179097166772,0.5547181547653579,-0.03870735334438522,2.1563868522644043,0.012002588249742985,0
mujoco,flat_forward,2,2,942,9.420000000000218,1.0,0.0,0.33181998499387994,-0.00247042451756605,-0.01930221544722494,0.5548720037533146,-0.05400883912272243,2.156003475189209,0.015094229020178318,0
mujoco,flat_forward,2,2,943,9.430000000000213,1.0,0.0,0.3318215378465616,-0.00248039496212052,-0.01932333641982247,0.5548989967960191,-0.03991103507663267,2.1556360721588135,0.017730005085468292,0
mujoco,flat_forward,2,2,944,9.440000000000207,1.0,0.0,0.3318169244374033,-0.002475132993849422,-0.019390431585974748,0.5549493782828047,-0.050560227836542904,2.154006242752075,0.017585808411240578,0
mujoco,flat_forward,2,2,945,9.450000000000202,1.0,0.0,0.331814397350829,-0.002462371863872494,-0.019415604273181817,0.5550102417306848,-0.036446031426189886,2.1566965579986572,0.012059702537953854,0
mujoco,flat_forward,2,2,946,9.460000000000196,1.0,0.0,0.3318084922471329,-0.002447587400674275,-0.0194512535685992,0.5545923530128817,-0.0461515040721296,2.1537163257598877,0.01416618563234806,0
mujoco,flat_forward,2,2,947,9.47000000000019,1.0,0.0,0.3318087087497899,-0.0024232482627800163,-0.01946192605133773,0.5548781023733038,-0.03682418067580005,2.161038875579834,0.014974727295339108,0
mujoco,flat_forward,2,2,948,9.480000000000185,1.0,0.0,0.3318086409099603,-0.002416524556611638,-0.01948239546203354,0.5545441679308796,-0.04685499361836974,2.1561355590820312,0.012448464520275593,0
mujoco,flat_forward,2,2,949,9.49000000000018,1.0,0.0,0.33181236499493727,-0.002403762904811714,-0.019511446432352725,0.5550147468598663,-0.04218100189647851,2.1615211963653564,0.012916430830955505,0
mujoco,flat_forward,2,2,950,9.500000000000174,1.0,0.0,0.331815112397614,-0.002412969813206878,-0.01950251250510532,0.5543864519404603,-0.04548879891660638,2.1566874980926514,0.011870861984789371,0
mujoco,flat_forward,2,2,951,9.510000000000169,1.0,0.0,0.33182183560280737,-0.0024073006698433303,-0.019532184034163128,0.5550352830335997,-0.04584753358433252,2.161571502685547,0.014849300496280193,0
mujoco,flat_forward,2,2,952,9.520000000000163,1.0,0.0,0.3318272488783713,-0.0024308178266312743,-0.019519501201824125,0.5544306202695707,-0.04742632929334983,2.1557164192199707,0.0175579022616148,0
mujoco,flat_forward,2,2,953,9.530000000000157,1.0,0.0,0.3318314833324617,-0.002437822933441949,-0.01960686169062589,0.5554495759817456,-0.04843321955527839,2.159273862838745,0.017081057652831078,0
mujoco,flat_forward,2,2,954,9.540000000000152,1.0,0.0,0.3318319451050101,-0.00245499457462607,-0.01956067195435406,0.5543749115729332,-0.044208020046458255,2.150672435760498,0.023496804758906364,0
mujoco,flat_forward,2,2,955,9.550000000000146,1.0,0.0,0.33182849373030165,-0.0024588570368883436,-0.01965987674977398,0.5551563847863987,-0.046856473397253635,2.158259153366089,0.02522355318069458,0
mujoco,flat_forward,2,2,956,9.56000000000014,1.0,0.0,0.3318316094980173,-0.0024593291037008,-0.019559550945854584,0.5542042763798188,-0.04389392460067066,2.1539292335510254,0.017993586137890816,0
mujoco,flat_forward,2,2,957,9.570000000000135,1.0,0.0,0.33183243846401445,-0.0024584567250639133,-0.01965664099644595,0.5548541415536092,-0.04886597471105465,2.1589996814727783,0.01651499606668949,0
mujoco,flat_forward,2,2,958,9.58000000000013,1.0,0.0,0.331839766232009,-0.0024640946961510843,-0.019581271549982734,0.5542906945377716,-0.0467769175353582,2.1565160751342773,0.014428374357521534,0
mujoco,flat_forward,2,2,959,9.590000000000124,1.0,0.0,0.3318413044151204,-0.0024670265464221976,-0.019694378897786965,0.5545765528293957,-0.04467661173854984,2.1574625968933105,0.010999351739883423,0
mujoco,flat_forward,2,2,960,9.600000000000119,1.0,0.0,0.33184901055767324,-0.0024642583004539902,-0.01964517887177238,0.5543250201241118,-0.04532428333951962,2.157088041305542,0.006738670170307159,0
mujoco,flat_forward,2,2,961,9.610000000000113,1.0,0.0,0.3318506409457471,-0.0024588167712831428,-0.019711413240016917,0.5540268086286176,-0.0427565820970305,2.1560556888580322,0.004234867636114359,0
mujoco,flat_forward,2,2,962,9.620000000000108,1.0,0.0,0.3318601717986533,-0.0024549408202546794,-0.019659871219613732,0.5543361568369871,-0.04671692628678468,2.1612563133239746,0.00889846496284008,0
mujoco,flat_forward,2,2,963,9.630000000000102,1.0,0.0,0.3318622947841177,-0.002455011210742268,-0.019718792274483032,0.5538905186670309,-0.04648793105105551,2.1565258502960205,0.01187677588313818,0
mujoco,flat_forward,2,2,964,9.640000000000096,1.0,0.0,0.3318684199365991,-0.002463993418606313,-0.019715563895696005,0.5546885296051975,-0.050891509111193924,2.161961317062378,0.01287022978067398,0
mujoco,flat_forward,2,2,965,9.650000000000091,1.0,0.0,0.33186532506094707,-0.002465462119743852,-0.01974349507599456,0.5538233043496905,-0.04405797354343781,2.1537327766418457,0.019647836685180664,0
mujoco,flat_forward,2,2,966,9.660000000000085,1.0,0.0,0.3318624886747572,-0.0024715526406955484,-0.019774760981616166,0.5545797906114797,-0.044964507853606984,2.160663604736328,0.02079637721180916,0
mujoco,flat_forward,2,2,967,9.67000000000008,1.0,0.0,0.3318587076342993,-0.002457069342343567,-0.01973787655390519,0.5535075031655272,-0.043683218441824795,2.154660224914551,0.017580868676304817,0
mujoco,flat_forward,2,2,968,9.680000000000074,1.0,0.0,0.3318564702377952,-0.0024585649057614323,-0.019781902431200753,0.5545520311259586,-0.043574551632489786,2.1630115509033203,0.019188927486538887,0
mujoco,flat_forward,2,2,969,9.690000000000069,1.0,0.0,0.33185345552200296,-0.0024474968159903456,-0.019739593554845173,0.5535274628102975,-0.04726931920738015,2.155954122543335,0.020605266094207764,0
mujoco,flat_forward,2,2,970,9.700000000000063,1.0,0.0,0.33184916925952596,-0.0024530870079889247,-0.01979765844041164,0.5543427238526702,-0.0400970923144785,2.1636807918548584,0.019726036116480827,0
mujoco,flat_forward,2,2,971,9.710000000000058,1.0,0.0,0.331846988052737,-0.002439856272392392,-0.01973908073600252,0.5534677838085702,-0.04842758809884046,2.157696485519409,0.019153408706188202,0
mujoco,flat_forward,2,2,972,9.720000000000052,1.0,0.0,0.33184303136008375,-0.002438018321493463,-0.019784868391027808,0.5538669882978341,-0.0374119495576616,2.1628239154815674,0.01644979976117611,0
mujoco,flat_forward,2,2,973,9.730000000000047,1.0,0.0,0.3318444033254836,-0.002430351221895452,-0.019719463077125247,0.5534238859002683,-0.04993092492009474,2.1602485179901123,0.013307633809745312,0
mujoco,flat_forward,2,2,974,9.740000000000041,1.0,0.0,0.3318415152347102,-0.0024375728944317477,-0.019776314342765857,0.5538623213693341,-0.037503484731375866,2.1613142490386963,0.01326637901365757,0
mujoco,flat_forward,2,2,975,9.750000000000036,1.0,0.0,0.33183753009503186,-0.0024405685994475096,-0.01976315489996902,0.5537486116041008,-0.05205587207206562,2.1577858924865723,0.01400759443640709,0
mujoco,flat_forward,2,2,976,9.76000000000003,1.0,0.0,0.33182717652057636,-0.0024481775272847707,-0.019768340203235073,0.5536071913768363,-0.03780525862973349,2.1580605506896973,0.01429987233132124,0
mujoco,flat_forward,2,2,977,9.770000000000024,1.0,0.0,0.3318182262285978,-0.002461825444716752,-0.019736091429493154,0.5535305176566987,-0.05047099552861804,2.1596028804779053,0.013769913464784622,0
mujoco,flat_forward,2,2,978,9.780000000000019,1.0,0.0,0.33181352120083946,-0.0024622897339937984,-0.01971259720176729,0.5532353139813239,-0.04022071034376783,2.160381555557251,0.00975464005023241,0
mujoco,flat_forward,2,2,979,9.790000000000013,1.0,0.0,0.3318136612201045,-0.0024814158612435993,-0.019684490402402402,0.5532714372750706,-0.05089758225418983,2.1608078479766846,0.007545548025518656,0
mujoco,flat_forward,2,2,980,9.800000000000008,1.0,0.0,0.33181601692335727,-0.002486487303125819,-0.019679807506543388,0.5532405271828462,-0.041719171327626134,2.1607162952423096,0.006983319763094187,0
mujoco,flat_forward,2,2,981,9.810000000000002,1.0,0.0,0.33181752388655084,-0.0025076744537251773,-0.01966976036408309,0.553017282691854,-0.04648999109065264,2.159064292907715,0.006662826985120773,0
mujoco,flat_forward,2,2,982,9.819999999999997,1.0,0.0,0.3318220658970951,-0.0025063489563898547,-0.01966197619825765,0.553023475511071,-0.043909309380635836,2.161609411239624,0.005745213478803635,0
mujoco,flat_forward,2,2,983,9.829999999999991,1.0,0.0,0.33182683369987076,-0.0025338510867819897,-0.019653770279897672,0.5528884354382833,-0.04750310632099163,2.1601953506469727,0.005850203335285187,0
mujoco,flat_forward,2,2,984,9.839999999999986,1.0,0.0,0.3318328791972401,-0.002542747856350181,-0.019663221648171934,0.5530308234383166,-0.04978802311451238,2.161856174468994,0.0061910334043204784,0
mujoco,flat_forward,2,2,985,9.84999999999998,1.0,0.0,0.33183897289188974,-0.0025806843857881807,-0.019635590712409435,0.5526332077564989,-0.046020005084091126,2.1602230072021484,0.00885466393083334,0
mujoco,flat_forward,2,2,986,9.859999999999975,1.0,0.0,0.331845216020589,-0.0025898784736548895,-0.01967957047041012,0.5531439194085166,-0.04979597153128964,2.16198468208313,0.012434365227818489,0
mujoco,flat_forward,2,2,987,9.869999999999969,1.0,0.0,0.33185000512761575,-0.0026135600278540316,-0.019635032518830732,0.5524656707583101,-0.04161025583130574,2.15765380859375,0.016237953677773476,0
mujoco,flat_forward,2,2,988,9.879999999999963,1.0,0.0,0.3318515484616072,-0.002619334907698086,-0.019703802054053303,0.5530244682056203,-0.05094362731653285,2.1616275310516357,0.01817711815237999,0
mujoco,flat_forward,2,2,989,9.889999999999958,1.0,0.0,0.33185523849860926,-0.002639221084650292,-0.01964996280775351,0.5525332520313072,-0.04348193793462322,2.159097671508789,0.016927067190408707,0
mujoco,flat_forward,2,2,990,9.899999999999952,1.0,0.0,0.33185436149293496,-0.002651808722135101,-0.019719261684729074,0.5527343868784347,-0.05031987847489787,2.1613643169403076,0.015014390461146832,0
mujoco,flat_forward,2,2,991,9.909999999999947,1.0,0.0,0.33186128644762614,-0.0026595143865654476,-0.019654339427784037,0.552451466823765,-0.04291445412771441,2.1629586219787598,0.009417848661541939,0
mujoco,flat_forward,2,2,992,9.919999999999941,1.0,0.0,0.3318633764547438,-0.0026579590032881494,-0.019746690181355345,0.5523990163086432,-0.044198300294931235,2.161653995513916,0.008979210630059242,0
mujoco,flat_forward,2,2,993,9.929999999999936,1.0,0.0,0.33187295135629885,-0.0026499147826185656,-0.019717869212342278,0.5524532820245337,-0.04019257704153919,2.16511869430542,0.00701814005151391,0
mujoco,flat_forward,2,2,994,9.93999999999993,1.0,0.0,0.33187534817657144,-0.002644975989264669,-0.019811321171867093,0.5522431712553744,-0.04508485489936442,2.1620583534240723,0.007758773863315582,0
mujoco,flat_forward,2,2,995,9.949999999999925,1.0,0.0,0.3318823936440746,-0.0026394206161307492,-0.0198200136569133,0.5527719656305337,-0.043232030377531566,2.1671743392944336,0.01010346319526434,0
mujoco,flat_forward,2,2,996,9.95999999999992,1.0,0.0,0.331881489234684,-0.002637365558203677,-0.01986457130562617,0.5519775187709427,-0.044722371147525745,2.161013603210449,0.014669069088995457,0
mujoco,flat_forward,2,2,997,9.969999999999914,1.0,0.0,0.3318842095113453,-0.0026338760992487714,-0.019906393575356996,0.5530728188205216,-0.04427461608401589,2.1693997383117676,0.01853288523852825,0
mujoco,flat_forward,2,2,998,9.979999999999908,1.0,0.0,0.33188107401279776,-0.0026298449845241615,-0.01989389810447725,0.5516637910082148,-0.04359012715934239,2.158353090286255,0.02703762613236904,0
mujoco,flat_forward,2,2,999,9.989999999999903,1.0,0.0,0.3318776343700464,-0.002627885942234244,-0.019997361916585493,0.5530132900167781,-0.04499059802624965,2.169198513031006,0.027838824316859245,0
mujoco,flat_forward,2,2,1000,9.999999999999897,1.0,0.0,0.3318737362109559,-0.002628757050271434,-0.019929688290620404,0.5516260489252766,-0.04608295383955952,2.1564202308654785,0.031454190611839294,0
mujoco,flat_forward,2,2,1001,10.009999999999891,1.0,0.0,0.33186632275888234,-0.002633941380254455,-0.02003918062856878,0.5528315020976954,-0.04129674720454916,2.1667957305908203,0.028897568583488464,0
mujoco,flat_forward,2,2,1002,10.019999999999886,1.0,0.0,0.33186067004918157,-0.002630052590584115,-0.019946570522232743,0.5515740499967157,-0.04413722875456761,2.1570687294006348,0.02624300681054592,0
mujoco,flat_forward,2,2,1003,10.02999999999988,1.0,0.0,0.33185046226842363,-0.0026305179831401615,-0.020051149534208067,0.5526259571241937,-0.04199946036253066,2.165985107421875,0.023759564384818077,0
mujoco,flat_forward,2,2,1004,10.039999999999875,1.0,0.0,0.33184419174458296,-0.002631907073578775,-0.019949793741562513,0.5517340419284618,-0.04783832947613804,2.1605823040008545,0.020074021071195602,0
mujoco,flat_forward,2,2,1005,10.04999999999987,1.0,0.0,0.33183400539038144,-0.0026412063980300903,-0.020016846995579395,0.5522569523053394,-0.04212268870258192,2.165823221206665,0.01785137504339218,0
mujoco,flat_forward,2,2,1006,10.059999999999864,1.0,0.0,0.3318328523449259,-0.0026492510547720437,-0.019910251690620537,0.5518194619706898,-0.04962432865967466,2.164020299911499,0.01132990699261427,0
mujoco,flat_forward,2,2,1007,10.069999999999858,1.0,0.0,0.3318295901718189,-0.0026598026310253394,-0.0199317693721746,0.5517217984829732,-0.04160335561823087,2.1638100147247314,0.009415816515684128,0
mujoco,flat_forward,2,2,1008,10.079999999999853,1.0,0.0,0.3318353587288408,-0.002673667585278526,-0.019848167308673666,0.5518563378164799,-0.05167154823917191,2.1659717559814453,0.008063358254730701,0
mujoco,flat_forward,2,2,1009,10.089999999999847,1.0,0.0,0.3318348683629472,-0.002689908850387719,-0.01989769924358569,0.5517761227742208,-0.04199519159900534,2.1614394187927246,0.012281330302357674,0
mujoco,flat_forward,2,2,1010,10.099999999999842,1.0,0.0,0.33183535369845835,-0.0027096393597393588,-0.019879707480134658,0.5520707313400899,-0.051474409262716826,2.1625421047210693,0.010582205839455128,0
mujoco,flat_forward,2,2,1011,10.109999999999836,1.0,0.0,0.3318319394278659,-0.0027151281959445876,-0.019856517227996025,0.5514803388248418,-0.0425998449374853,2.159944772720337,0.009713361971080303,0
mujoco,flat_forward,2,2,1012,10.11999999999983,1.0,0.0,0.33183169515295674,-0.002733693711555886,-0.0198248011283837,0.5517629300250996,-0.0471484068779382,2.1652655601501465,0.013633569702506065,0
mujoco,flat_forward,2,2,1013,10.129999999999825,1.0,0.0,0.33183442366694693,-0.00272997175899151,-0.01978642196300598,0.5511228291595976,-0.04382506050459932,2.1642870903015137,0.0070331646129488945,0
mujoco,flat_forward,2,2,1014,10.13999999999982,1.0,0.0,0.33184120372125014,-0.002749093542417705,-0.01977453990993942,0.5515956125988276,-0.046530505758516374,2.1677374839782715,0.008267881348729134,0
mujoco,flat_forward,2,2,1015,10.149999999999814,1.0,0.0,0.3318474095675187,-0.0027453341279343704,-0.019780942158795507,0.5512992979203996,-0.04460235549759963,2.1654109954833984,0.007820205762982368,0
mujoco,flat_forward,2,2,1016,10.159999999999808,1.0,0.0,0.33185210944417104,-0.0027610953191912445,-0.01979119547076142,0.5514300784623782,-0.04134432186777025,2.166203260421753,0.005089762154966593,0
mujoco,flat_forward,2,2,1017,10.169999999999803,1.0,0.0,0.33185678547429226,-0.0027491327101870078,-0.019797280834496944,0.5512621126213024,-0.046788305791960076,2.166597366333008,0.0070837740786373615,0
mujoco,flat_forward,2,2,1018,10.179999999999797,1.0,0.0,0.3318615478965688,-0.002765475635167851,-0.01979867747284229,0.5511604161828627,-0.03824415307922171,2.167206287384033,0.009291354566812515,0
mujoco,flat_forward,2,2,1019,10.189999999999792,1.0,0.0,0.3318667087466706,-0.0027600016047120268,-0.019812704153867985,0.5511965716841402,-0.04978439846923776,2.16788649559021,0.010997720062732697,0
mujoco,flat_forward,2,2,1020,10.199999999999786,1.0,0.0,0.33186964512669653,-0.0027921226816483014,-0.019827822105805214,0.5512479657125257,-0.039397556185932534,2.1675217151641846,0.014791454188525677,0
mujoco,flat_forward,2,2,1021,10.20999999999978,1.0,0.0,0.3318687785422667,-0.0028055041966528103,-0.019858799209059523,0.5513197965328522,-0.05309748326316082,2.166480302810669,0.014677789993584156,0
mujoco,flat_forward,2,2,1022,10.219999999999775,1.0,0.0,0.33186870910656724,-0.002817415124097406,-0.019864241674682037,0.5511982284981516,-0.03753069109915864,2.167473554611206,0.013796313665807247,0
mujoco,flat_forward,2,2,1023,10.22999999999977,1.0,0.0,0.3318659770646379,-0.0028206668393490363,-0.019879130523801664,0.5508359447861679,-0.04906015561842943,2.1652679443359375,0.016259687021374702,0
mujoco,flat_forward,2,2,1024,10.239999999999764,1.0,0.0,0.3318682035581029,-0.0028108244846307673,-0.019873199297992552,0.5509621616952878,-0.034939322530562644,2.1704530715942383,0.013578283600509167,0
mujoco,flat_forward,2,2,1025,10.249999999999758,1.0,0.0,0.33186456986551505,-0.00280176835738001,-0.01991587261871717,0.550685533514944,-0.04518829866048718,2.165285110473633,0.01621796377003193,0
mujoco,flat_forward,2,2,1026,10.259999999999753,1.0,0.0,0.3318608951981125,-0.0027852133204749347,-0.019947407509166185,0.5510542626277896,-0.036354820827835845,2.171372652053833,0.014364365488290787,0
mujoco,flat_forward,2,2,1027,10.269999999999747,1.0,0.0,0.3318529225367729,-0.0027846536579450515,-0.019953941707474238,0.5504624123102294,-0.042510593459773684,2.166470527648926,0.012715574353933334,0
mujoco,flat_forward,2,2,1028,10.279999999999742,1.0,0.0,0.3318490761646727,-0.002774509659013184,-0.01996258636161385,0.5510442264155344,-0.03937711691946344,2.173809051513672,0.01580187864601612,0
mujoco,flat_forward,2,2,1029,10.289999999999736,1.0,0.0,0.33184376057058024,-0.0027948564677960823,-0.01994880930110774,0.5505391547907108,-0.04445252844089971,2.1682586669921875,0.01584870181977749,0
mujoco,flat_forward,2,2,1030,10.29999999999973,1.0,0.0,0.3318406169791265,-0.0028030226235667413,-0.019976150189503855,0.5512920652040025,-0.04533374230554166,2.1727936267852783,0.015778303146362305,0
mujoco,flat_forward,2,2,1031,10.309999999999725,1.0,0.0,0.3318369678002718,-0.002836529490563372,-0.019916365027259842,0.5504741296690795,-0.04357494841515319,2.1666951179504395,0.01800151914358139,0
mujoco,flat_forward,2,2,1032,10.31999999999972,1.0,0.0,0.3318342909255181,-0.0028530358816734086,-0.019969471716398686,0.5512849390382113,-0.04751207818551711,2.1716251373291016,0.021033648401498795,0
mujoco,flat_forward,2,2,1033,10.329999999999714,1.0,0.0,0.33183730781945464,-0.0028723536459444986,-0.019849921074855958,0.5502671864987131,-0.042147578452454204,2.1656434535980225,0.019089410081505775,0
mujoco,flat_forward,2,2,1034,10.339999999999709,1.0,0.0,0.3318391106358314,-0.0028829211811326767,-0.019928327163673352,0.5510303441066642,-0.04827119575045382,2.171114921569824,0.02028800919651985,0
mujoco,flat_forward,2,2,1035,10.349999999999703,1.0,0.0,0.331846623920106,-0.002899891295772274,-0.019835595659848132,0.5502983461134626,-0.04403705201426462,2.166958808898926,0.01809699460864067,0
mujoco,flat_forward,2,2,1036,10.359999999999697,1.0,0.0,0.3318484128971289,-0.0029091932124231737,-0.0199497290955003,0.5507486486313281,-0.04358742600742454,2.1696228981018066,0.015168015845119953,0
mujoco,flat_forward,2,2,1037,10.369999999999692,1.0,0.0,0.331856128641269,-0.0029095346462029593,-0.019884400696841727,0.5502491348089148,-0.04168885971609141,2.1681253910064697,0.01002131961286068,0
mujoco,flat_forward,2,2,1038,10.379999999999686,1.0,0.0,0.3318581281058706,-0.0029060013719264567,-0.019956048718174576,0.5501025272240008,-0.041117280957212385,2.169027090072632,0.006648216862231493,0
mujoco,flat_forward,2,2,1039,10.38999999999968,1.0,0.0,0.33186872020792224,-0.002901858716989699,-0.019890311949915387,0.5501804577658304,-0.04271825049988646,2.1731150150299072,0.006890866905450821,0
mujoco,flat_forward,2,2,1040,10.399999999999675,1.0,0.0,0.33187264307637043,-0.0029015529001276434,-0.01995749557631868,0.5498926531759406,-0.0442740888095957,2.1695454120635986,0.00783147569745779,0
mujoco,flat_forward,2,2,1041,10.40999999999967,1.0,0.0,0.3318818870157018,-0.0029067369488938776,-0.01993290714924284,0.5504615142479159,-0.046817465095971254,2.1742289066314697,0.009700466878712177,0
mujoco,flat_forward,2,2,1042,10.419999999999664,1.0,0.0,0.3318833042867284,-0.0029127095426033835,-0.019950289617204978,0.5495832804181173,-0.04510763177594255,2.167332410812378,0.014901776798069477,0
mujoco,flat_forward,2,2,1043,10.429999999999659,1.0,0.0,0.331888125742403,-0.0029228152247498854,-0.019967086597726308,0.5506966049326448,-0.04867656914711913,2.1747374534606934,0.019091228023171425,0
mujoco,flat_forward,2,2,1044,10.439999999999653,1.0,0.0,0.3318825447430861,-0.002927345343041942,-0.019998184054337398,0.549660384453126,-0.04547133396320786,2.1632087230682373,0.02763804979622364,0
mujoco,flat_forward,2,2,1045,10.449999999999648,1.0,0.0,0.33187405848357066,-0.0029383449580564873,-0.02006199692138056,0.5507009639990142,-0.044790753359755894,2.171905517578125,0.025215545669198036,0
mujoco,flat_forward,2,2,1046,10.459999999999642,1.0,0.0,0.3318630040492427,-0.002931108436742963,-0.02001216786689287,0.5494429633580498,-0.045610365125326596,2.163674831390381,0.022782178595662117,0
mujoco,flat_forward,2,2,1047,10.469999999999636,1.0,0.0,0.3318519555706629,-0.002931967859415415,-0.020060267168620933,0.5503898474250118,-0.03995157479535349,2.173626661300659,0.02382739447057247,0
mujoco,flat_forward,2,2,1048,10.479999999999631,1.0,0.0,0.331844105749862,-0.002914067807119297,-0.019975271546111825,0.5492944379822775,-0.04630263187762009,2.1670751571655273,0.021515220403671265,0
mujoco,flat_forward,2,2,1049,10.489999999999625,1.0,0.0,0.3318360320259381,-0.002906999770767297,-0.020027631996249122,0.54992479773841,-0.03734385702675179,2.174546003341675,0.019930405542254448,0
mujoco,flat_forward,2,2,1050,10.49999999999962,1.0,0.0,0.33183495026657106,-0.0028948875712413403,-0.01993665248608465,0.5492752966698524,-0.04792033499116018,2.1703267097473145,0.016016941517591476,0
mujoco,flat_forward,2,2,1051,10.509999999999614,1.0,0.0,0.33183059364094475,-0.0028996841980624155,-0.020007042519768963,0.5498111324004036,-0.040578615316593215,2.172945499420166,0.014297690242528915,0
mujoco,flat_forward,2,2,1052,10.519999999999609,1.0,0.0,0.33183063651557243,-0.002907812904036024,-0.019946924335477425,0.5495507388171433,-0.05308245924033322,2.170097827911377,0.011173051781952381,0
mujoco,flat_forward,2,2,1053,10.529999999999603,1.0,0.0,0.3318253833928374,-0.0029226467375868268,-0.01997628689708412,0.5496755751353103,-0.038467477589201084,2.1693713665008545,0.012021721340715885,0
mujoco,flat_forward,2,2,1054,10.539999999999598,1.0,0.0,0.33182087704601126,-0.0029352644015825996,-0.019944780473423095,0.5496585180523945,-0.05118616341462854,2.1688778400421143,0.013329235836863518,0
mujoco,flat_forward,2,2,1055,10.549999999999592,1.0,0.0,0.3318154712767301,-0.002936112599401374,-0.019922595606084708,0.5493182215697999,-0.03841529946114755,2.168827533721924,0.010471843183040619,0
mujoco,flat_forward,2,2,1056,10.559999999999587,1.0,0.0,0.3318137490471812,-0.0029509681253990015,-0.019884926503925756,0.5495092482213298,-0.050887246974157765,2.171401023864746,0.01092780102044344,0
mujoco,flat_forward,2,2,1057,10.569999999999581,1.0,0.0,0.33181302471859603,-0.0029565548427099705,-0.019863678919108365,0.5492195965257473,-0.04325487681653633,2.1708576679229736,0.009680891409516335,0
mujoco,flat_forward,2,2,1058,10.579999999999576,1.0,0.0,0.33181549943640243,-0.002984352643634509,-0.019836895519362928,0.5492601632331475,-0.049008981459455175,2.1724629402160645,0.007647308520972729,0
mujoco,flat_forward,2,2,1059,10.58999999999957,1.0,0.0,0.3318225295159449,-0.0029907925741298564,-0.01981489039163685,0.5489460747705251,-0.04620745533294617,2.1725077629089355,0.002634802833199501,0
mujoco,flat_forward,2,2,1060,10.599999999999564,1.0,0.0,0.3318336603285237,-0.0030178330924421947,-0.019792165317850084,0.5487860878104807,-0.0459485823991108,2.1724040508270264,0.002762767719104886,0
mujoco,flat_forward,2,2,1061,10.609999999999559,1.0,0.0,0.33184848805053785,-0.0030142254219248025,-0.01980269139894632,0.5488144197116974,-0.045691391910822714,2.1729445457458496,0.005399390589445829,0
mujoco,flat_forward,2,2,1062,10.619999999999553,1.0,0.0,0.3318612004695842,-0.003038698803573816,-0.019809772754983492,0.5487240193404403,-0.04478927343725015,2.1705996990203857,0.007983221672475338,0
mujoco,flat_forward,2,2,1063,10.629999999999548,1.0,0.0,0.33187109318608726,-0.003041066014796942,-0.019847653028249458,0.5489359068953454,-0.05114422000483798,2.1720259189605713,0.008015579544007778,0
mujoco,flat_forward,2,2,1064,10.639999999999542,1.0,0.0,0.33187843375960413,-0.0030783482583613122,-0.01984206699493483,0.5485991439676572,-0.044050698211589044,2.1705234050750732,0.012153245508670807,0
mujoco,flat_forward,2,2,1065,10.649999999999537,1.0,0.0,0.3318836245069717,-0.003090802785576592,-0.019887356497359884,0.5488024990366203,-0.05365951831054417,2.1720669269561768,0.01396920345723629,0
mujoco,flat_forward,2,2,1066,10.659999999999531,1.0,0.0,0.33189279611735767,-0.003105605926780497,-0.01983266505301316,0.5483481724263796,-0.04226960444520938,2.1718902587890625,0.012995431199669838,0
mujoco,flat_forward,2,2,1067,10.669999999999526,1.0,0.0,0.3318979868028531,-0.0031052291539484032,-0.01991947718939926,0.5487553923362929,-0.05016473128499639,2.173029899597168,0.01432447787374258,0
mujoco,flat_forward,2,2,1068,10.67999999999952,1.0,0.0,0.3319050481808362,-0.0031063616092622966,-0.019897948976063066,0.5485029121330829,-0.04110690296316963,2.1725356578826904,0.012112367898225784,0
mujoco,flat_forward,2,2,1069,10.689999999999515,1.0,0.0,0.3319052429465083,-0.0031043708928317677,-0.019973542624976196,0.548479437282472,-0.04803482805628377,2.172762870788574,0.01112142764031887,0
mujoco,flat_forward,2,2,1070,10.699999999999509,1.0,0.0,0.3319120899285157,-0.0030980490132799013,-0.01994256736253321,0.5485697837594442,-0.04094358121931656,2.1767706871032715,0.009030221030116081,0
mujoco,flat_forward,2,2,1071,10.709999999999503,1.0,0.0,0.3319143133917278,-0.0030933486648958924,-0.019986198726189945,0.5481018259251277,-0.04605247007625855,2.173424005508423,0.009631027467548847,0
mujoco,flat_forward,2,2,1072,10.719999999999498,1.0,0.0,0.3319239870138009,-0.00308297439266315,-0.01998884817451596,0.5487230621925022,-0.041260998423615754,2.18060040473938,0.01351414155215025,0
mujoco,flat_forward,2,2,1073,10.729999999999492,1.0,0.0,0.3319273011642359,-0.003082930657173453,-0.020036722500442968,0.5480542556565897,-0.04790517956660835,2.1724085807800293,0.018624836578965187,0
mujoco,flat_forward,2,2,1074,10.739999999999487,1.0,0.0,0.33193177749479585,-0.0030770875490923897,-0.020109574519615977,0.5491566467141965,-0.04424908580041382,2.1799046993255615,0.017967628315091133,0
mujoco,flat_forward,2,2,1075,10.749999999999481,1.0,0.0,0.33192584797858826,-0.003072091557127127,-0.020159438834631598,0.5480067971071914,-0.04384505317717587,2.1679093837738037,0.02724059484899044,0
mujoco,flat_forward,2,2,1076,10.759999999999476,1.0,0.0,0.33191737627613754,-0.003063501296182097,-0.020273730547098124,0.5492572369667316,-0.04332624612604204,2.178520441055298,0.02599640190601349,0
mujoco,flat_forward,2,2,1077,10.76999999999947,1.0,0.0,0.3319082796622417,-0.0030555072185992414,-0.02019871087525035,0.5479097808807918,-0.042816735264225095,2.167961359024048,0.028182338923215866,0
mujoco,flat_forward,2,2,1078,10.779999999999465,1.0,0.0,0.3318976711388117,-0.003050090188342704,-0.02029586851123035,0.5489747868544789,-0.040762848972837495,2.1799447536468506,0.029064945876598358,0
mujoco,flat_forward,2,2,1079,10.78999999999946,1.0,0.0,0.33189459611507555,-0.0030452394568970067,-0.020187704609006225,0.5479271567515178,-0.0434358772362536,2.1736605167388916,0.021517112851142883,0
mujoco,flat_forward,2,2,1080,10.799999999999454,1.0,0.0,0.3318900293677087,-0.0030469728730219566,-0.02030218422048247,0.5488917687581323,-0.043118905274280424,2.179669141769409,0.019290143623948097,0
mujoco,flat_forward,2,2,1081,10.809999999999448,1.0,0.0,0.3318919192820928,-0.00305509194171971,-0.020230381668877296,0.5482448549414807,-0.04745873370629842,2.1746938228607178,0.017368800938129425,0
mujoco,flat_forward,2,2,1082,10.819999999999443,1.0,0.0,0.3318891494689145,-0.0030691003722316712,-0.02033189890880953,0.5486022220871019,-0.04323928686856353,2.176490068435669,0.01318119652569294,0
mujoco,flat_forward,2,2,1083,10.829999999999437,1.0,0.0,0.3318943803149311,-0.0030824942371690516,-0.020270084409628745,0.5483843550242647,-0.04890755152042355,2.175689697265625,0.00852257665246725,0
mujoco,flat_forward,2,2,1084,10.839999999999431,1.0,0.0,0.33189472260613745,-0.003095914380952523,-0.02032339880007718,0.548138415912959,-0.04253570090244701,2.173578977584839,0.0074419598095119,0
mujoco,flat_forward,2,2,1085,10.849999999999426,1.0,0.0,0.33190184058147654,-0.0031129858961445847,-0.020279468351150978,0.5484857875737045,-0.050468277146785985,2.177696466445923,0.00871241744607687,0
mujoco,flat_forward,2,2,1086,10.85999999999942,1.0,0.0,0.331903158860409,-0.0031250910834744895,-0.0202838522823496,0.54777780158757,-0.04286183929508969,2.1720917224884033,0.01400019321590662,0
mujoco,flat_forward,2,2,1087,10.869999999999415,1.0,0.0,0.3319075916024438,-0.003149443481144983,-0.020288014472853038,0.5485003366973883,-0.05042505685712746,2.1779098510742188,0.015827186405658722,0
mujoco,flat_forward,2,2,1088,10.87999999999941,1.0,0.0,0.33190575682122203,-0.003158924209319817,-0.020306779816874468,0.5477884899188125,-0.04332709141629815,2.16989803314209,0.0189299788326025,0
mujoco,flat_forward,2,2,1089,10.889999999999404,1.0,0.0,0.3319015656155838,-0.0031807754120688407,-0.02032884193373201,0.5483221973413985,-0.045174127354038286,2.175346612930298,0.015917660668492317,0
mujoco,flat_forward,2,2,1090,10.899999999999398,1.0,0.0,0.33189537905701666,-0.0031790082911385483,-0.02030824374543603,0.547557388961943,-0.04393611043612446,2.1726455688476562,0.011098426766693592,0
mujoco,flat_forward,2,2,1091,10.909999999999393,1.0,0.0,0.3318903530729332,-0.0031952474347104716,-0.02030280847021439,0.5479797918714954,-0.04071886998852651,2.177680015563965,0.011921968311071396,0
mujoco,flat_forward,2,2,1092,10.919999999999387,1.0,0.0,0.33188762899020163,-0.0031862828009091696,-0.02026914315579467,0.5474018815817708,-0.045806321452295684,2.176464319229126,0.009936896152794361,0
mujoco,flat_forward,2,2,1093,10.929999999999382,1.0,0.0,0.3318848287172646,-0.0032121513121288,-0.020299009064467733,0.5479452368574966,-0.04065089176039672,2.1792051792144775,0.010281717404723167,0
mujoco,flat_forward,2,2,1094,10.939999999999376,1.0,0.0,0.331881368553653,-0.0032160939961765997,-0.020294183735598822,0.5475767304488132,-0.05051574987141998,2.1756603717803955,0.012499685399234295,0
mujoco,flat_forward,2,2,1095,10.94999999999937,1.0,0.0,0.3318747111316565,-0.0032453341810266207,-0.020324537074561107,0.5478082487484962,-0.03809062244135364,2.1769256591796875,0.012918874621391296,0
mujoco,flat_forward,2,2,1096,10.959999999999365,1.0,0.0,0.3318666264434616,-0.0032517115974513592,-0.020333671204208262,0.5476528391188727,-0.0529596604173944,2.1743438243865967,0.015532738529145718,0
mujoco,flat_forward,2,2,1097,10.96999999999936,1.0,0.0,0.33185495024855,-0.0032687159197687236,-0.02034690932159457,0.5475137123105754,-0.037340284577088434,2.1747934818267822,0.01745474524796009,0
mujoco,flat_forward,2,2,1098,10.979999999999354,1.0,0.0,0.33184341401366196,-0.0032820754656416556,-0.020342029902918685,0.5473431319697369,-0.05072230483061612,2.17429256439209,0.014790442772209644,0
mujoco,flat_forward,2,2,1099,10.989999999999348,1.0,0.0,0.3318358862834906,-0.0032816487320499158,-0.020327641600693912,0.5471216300039677,-0.03896791350368041,2.1759049892425537,0.011440603993833065,0
mujoco,flat_forward,2,2,1100,10.999999999999343,1.0,0.0,0.3318305412299882,-0.00329713951276504,-0.02031921282085184,0.5471018102583628,-0.05155474315764882,2.1749939918518066,0.009074305184185505,0
mujoco,flat_forward,2,2,1101,11.009999999999337,1.0,0.0,0.3318265030966546,-0.0033005719388737374,-0.020324008326364412,0.5471762985516082,-0.041034840337958164,2.175323247909546,0.009272336028516293,0
mujoco,flat_forward,2,2,1102,11.019999999999332,1.0,0.0,0.33181869673730674,-0.003317712092697247,-0.020316058940587495,0.5468402698432261,-0.04760964809991058,2.1722590923309326,0.009212181903421879,0
mujoco,flat_forward,2,2,1103,11.029999999999326,1.0,0.0,0.3318129798322671,-0.0033161782358175317,-0.020302533372912247,0.5470056583480405,-0.04356254500250348,2.1763622760772705,0.009585583582520485,0
mujoco,flat_forward,2,2,1104,11.03999999999932,1.0,0.0,0.331807246870393,-0.003335967445920584,-0.020250356211803197,0.5464660129470378,-0.04526959166184044,2.173640251159668,0.00859337393194437,0
mujoco,flat_forward,2,2,1105,11.049999999999315,1.0,0.0,0.33180547993467596,-0.0033375500266405672,-0.020237255779916273,0.5469061021961478,-0.04769182894727379,2.1786038875579834,0.012616588734090328,0
mujoco,flat_forward,2,2,1106,11.05999999999931,1.0,0.0,0.3318053512548323,-0.003365608265271874,-0.020156802824109067,0.5462087332434553,-0.04408594584615332,2.174281597137451,0.015121463686227798,0
mujoco,flat_forward,2,2,1107,11.069999999999304,1.0,0.0,0.3318062793995955,-0.00337794715215753,-0.02018616088054401,0.5468899662025106,-0.052303089905850114,2.1784095764160156,0.01716902293264866,0
mujoco,flat_forward,2,2,1108,11.079999999999298,1.0,0.0,0.3318065340657742,-0.003429251182835271,-0.02013443980529917,0.5463238809650203,-0.04717643521975532,2.1720798015594482,0.021794356405735016,0
mujoco,flat_forward,2,2,1109,11.089999999999293,1.0,0.0,0.3318013051788276,-0.0034569862956698766,-0.02024285491347817,0.5469027843522294,-0.050237418482508005,2.1739776134490967,0.01962945982813835,0
mujoco,flat_forward,2,2,1110,11.099999999999287,1.0,0.0,0.33179919863609103,-0.0034713600783447393,-0.020174757428950165,0.546197956463931,-0.0445173775778888,2.1702256202697754,0.014554883353412151,0
mujoco,flat_forward,2,2,1111,11.109999999999282,1.0,0.0,0.3317916655510564,-0.0034748461252414775,-0.020260278225867474,0.5463524164515631,-0.04745380882453882,2.172924518585205,0.013527716509997845,0
mujoco,flat_forward,2,2,1112,11.119999999999276,1.0,0.0,0.33179247959720615,-0.003472739245929719,-0.020189095105672544,0.546047325584123,-0.04463806282949714,2.1748600006103516,0.00864269770681858,0
mujoco,flat_forward,2,2,1113,11.12999999999927,1.0,0.0,0.33178937112037177,-0.0034692099855267904,-0.020247471804620963,0.5457440254302278,-0.04618519201428281,2.1736974716186523,0.0055251591838896275,0
mujoco,flat_forward,2,2,1114,11.139999999999265,1.0,0.0,0.3317958267844268,-0.0034638291526115994,-0.020196500150003016,0.5459906823303339,-0.04573925496374915,2.1787939071655273,0.008502351120114326,0
mujoco,flat_forward,2,2,1115,11.14999999999926,1.0,0.0,0.33179716386713115,-0.0034584808538150654,-0.020229310896935738,0.5452646673416284,-0.04560762051453114,2.173276901245117,0.011382585391402245,0
mujoco,flat_forward,2,2,1116,11.159999999999254,1.0,0.0,0.33180478893381415,-0.00345427089834612,-0.0202306768766032,0.5460983553384046,-0.047303342132141796,2.180258274078369,0.014953195117413998,0
mujoco,flat_forward,2,2,1117,11.169999999999249,1.0,0.0,0.3318038082463664,-0.0034547089581052647,-0.020265966540571483,0.545113952002042,-0.04891345869586653,2.1700901985168457,0.023395616561174393,0
mujoco,flat_forward,2,2,1118,11.179999999999243,1.0,0.0,0.3318021107261672,-0.0034590262577809026,-0.020339647383680985,0.5462588662778486,-0.04863372399619109,2.178460121154785,0.02204989455640316,0
mujoco,flat_forward,2,2,1119,11.189999999999237,1.0,0.0,0.33179389515106694,-0.0034504797249939423,-0.02032862014186102,0.5448995115360405,-0.046006158657121834,2.1668593883514404,0.026992077007889748,0
mujoco,flat_forward,2,2,1120,11.199999999999232,1.0,0.0,0.3317829539156514,-0.0034441996741743845,-0.020409894775130832,0.5459040552670351,-0.04101967675360207,2.1779448986053467,0.02685444802045822,0
mujoco,flat_forward,2,2,1121,11.209999999999226,1.0,0.0,0.33177232360913544,-0.0034198417541776997,-0.020337800990606253,0.5445909636452141,-0.044961550031632984,2.170030117034912,0.024340203031897545,0
mujoco,flat_forward,2,2,1122,11.21999999999922,1.0,0.0,0.33176049016118087,-0.0034042711555849043,-0.020413272306450094,0.5453454318228682,-0.03770101792902761,2.179945945739746,0.023533891886472702,0
mujoco,flat_forward,2,2,1123,11.229999999999215,1.0,0.0,0.33175557521384924,-0.003384429462619654,-0.02031646902513289,0.5444837237232588,-0.046041077594432406,2.1747937202453613,0.018715281039476395,0
mujoco,flat_forward,2,2,1124,11.23999999999921,1.0,0.0,0.33174818071555634,-0.003380493360108257,-0.020408354125593345,0.5451733302084524,-0.04052312097309756,2.1794090270996094,0.01604289934039116,0
mujoco,flat_forward,2,2,1125,11.249999999999204,1.0,0.0,0.3317463653102221,-0.0033803247986129476,-0.020341664264292528,0.5447213548246275,-0.05077669622556339,2.175452709197998,0.013539656065404415,0
mujoco,flat_forward,2,2,1126,11.259999999999199,1.0,0.0,0.3317400910689799,-0.0033889526982400185,-0.020393321437769205,0.5448091410301007,-0.04132456938241094,2.175676107406616,0.011599784716963768,0
mujoco,flat_forward,2,2,1127,11.269999999999193,1.0,0.0,0.3317399765445774,-0.003400811139628685,-0.02033071048017406,0.5448230157098916,-0.053164265838247314,2.1759822368621826,0.009408701211214066,0
mujoco,flat_forward,2,2,1128,11.279999999999188,1.0,0.0,0.3317360400146988,-0.0034106253349210367,-0.02032170585596952,0.5443870784814369,-0.04170922114195298,2.172811508178711,0.012048210017383099,0
mujoco,flat_forward,2,2,1129,11.289999999999182,1.0,0.0,0.3317364455024563,-0.0034315360557770212,-0.02029405762574229,0.5447637370146231,-0.05361687890911313,2.1762278079986572,0.013796071521937847,0
mujoco,flat_forward,2,2,1130,11.299999999999176,1.0,0.0,0.33173393932072837,-0.003439133793070102,-0.02030028859378508,0.5443329603726871,-0.04256604574534565,2.170822858810425,0.014261499978601933,0
mujoco,flat_forward,2,2,1131,11.309999999999171,1.0,0.0,0.3317305922427048,-0.0034571059525116596,-0.020301948192373232,0.5444914879915977,-0.048853046825322405,2.1734752655029297,0.01240749005228281,0
mujoco,flat_forward,2,2,1132,11.319999999999165,1.0,0.0,0.33172784579918646,-0.003449560831431266,-0.020295638089687196,0.5439820836413053,-0.0437589622662459,2.1732046604156494,0.005597138777375221,0
mujoco,flat_forward,2,2,1133,11.32999999999916,1.0,0.0,0.33172783917462884,-0.003460284020742477,-0.020280233492986532,0.5439795095442523,-0.04515085883961909,2.1749916076660156,0.005059231538325548,0
mujoco,flat_forward,2,2,1134,11.339999999999154,1.0,0.0,0.33173162269005374,-0.0034445820283457956,-0.020262197560182486,0.5436095754215974,-0.04648400062725924,2.1761679649353027,0.0035269807558506727,0
mujoco,flat_forward,2,2,1135,11.349999999999149,1.0,0.0,0.331738367445627,-0.003453459605103685,-0.020241759120176648,0.5434811452279515,-0.042086828007554734,2.1765379905700684,0.005314990878105164,0
mujoco,flat_forward,2,2,1136,11.359999999999143,1.0,0.0,0.3317478764140864,-0.0034400283875932877,-0.02024452563384868,0.5433358031203435,-0.04986100413593715,2.176839590072632,0.008087130263447762,0
mujoco,flat_forward,2,2,1137,11.369999999999138,1.0,0.0,0.3317564819030189,-0.0034579596604794147,-0.020252373286776645,0.5433314856522379,-0.043366659385413765,2.1753342151641846,0.012030242942273617,0
mujoco,flat_forward,2,2,1138,11.379999999999132,1.0,0.0,0.33176039183180195,-0.0034540705221195855,-0.020305528249792388,0.5435561901378697,-0.051902504135439245,2.174154281616211,0.011507401242852211,0
mujoco,flat_forward,2,2,1139,11.389999999999127,1.0,0.0,0.3317594358502431,-0.0034674739377965453,-0.020316642007153714,0.5432413842660616,-0.03997349716192938,2.1724188327789307,0.014672903344035149,0
mujoco,flat_forward,2,2,1140,11.399999999999121,1.0,0.0,0.3317527895773488,-0.003463850672601864,-0.020369892320338596,0.5431754846546105,-0.04957581987689935,2.172919750213623,0.016246594488620758,0
mujoco,flat_forward,2,2,1141,11.409999999999116,1.0,0.0,0.3317506515821141,-0.0034559143298958065,-0.020330654832982003,0.542933641989485,-0.037994868830200396,2.1756198406219482,0.011686834506690502,0
mujoco,flat_forward,2,2,1142,11.41999999999911,1.0,0.0,0.3317448391182427,-0.003447497430370884,-0.02036252355296561,0.5428862205420879,-0.05007134646081327,2.174464464187622,0.011568287387490273,0
mujoco,flat_forward,2,2,1143,11.429999999999104,1.0,0.0,0.3317424584117152,-0.00343657991431836,-0.020350485135496504,0.54302635793765,-0.0394192781673667,2.1782915592193604,0.012649443000555038,0
mujoco,flat_forward,2,2,1144,11.439999999999099,1.0,0.0,0.33173469738678873,-0.00343134084947975,-0.02036628788701511,0.5425207242492174,-0.047938790393320885,2.173534870147705,0.01344345510005951,0
mujoco,flat_forward,2,2,1145,11.449999999999093,1.0,0.0,0.3317320962065551,-0.0034151552921244336,-0.02036404356866982,0.5428845830420509,-0.04078389202990326,2.180124521255493,0.014107209630310535,0
mujoco,flat_forward,2,2,1146,11.459999999999088,1.0,0.0,0.3317281689202838,-0.003410752303415088,-0.020335809213690638,0.5420594969497197,-0.044855386712539566,2.1731371879577637,0.015578996390104294,0
mujoco,flat_forward,2,2,1147,11.469999999999082,1.0,0.0,0.3317293272519452,-0.003394396741546887,-0.020344374022702724,0.5427562860624333,-0.043794241690176025,2.1809659004211426,0.017984097823500633,0
mujoco,flat_forward,2,2,1148,11.479999999999077,1.0,0.0,0.33172870294785806,-0.0034049243466036773,-0.020315107033258083,0.541980852553845,-0.0471489621580953,2.172921895980835,0.02040816657245159,0
mujoco,flat_forward,2,2,1149,11.489999999999071,1.0,0.0,0.33172794840433406,-0.003404905294595724,-0.020381318661435152,0.5430951513016489,-0.04709572932061525,2.1788275241851807,0.01975712925195694,0
mujoco,flat_forward,2,2,1150,11.499999999999066,1.0,0.0,0.33172254397137513,-0.0034122930346349814,-0.02031657331687871,0.5418340098022725,-0.04459947286917555,2.167804002761841,0.027150284498929977,0
mujoco,flat_forward,2,2,1151,11.50999999999906,1.0,0.0,0.3317136553902546,-0.0034114556953329573,-0.020400442766415526,0.5427134900024547,-0.04586443822119825,2.1771841049194336,0.028750687837600708,0
mujoco,flat_forward,2,2,1152,11.519999999999055,1.0,0.0,0.3317109067382268,-0.003407571738748212,-0.02027017939118391,0.5415595600336757,-0.04493861878112899,2.1706981658935547,0.02135176956653595,0
mujoco,flat_forward,2,2,1153,11.529999999999049,1.0,0.0,0.33170643749463047,-0.0034046075891734522,-0.020357901900135422,0.5423832703748415,-0.04823072693472413,2.1775732040405273,0.02091711014509201,0
mujoco,flat_forward,2,2,1154,11.539999999999043,1.0,0.0,0.3317090155771549,-0.003405953428281532,-0.020252902572701348,0.541620780953611,-0.04843017131210046,2.173239231109619,0.01739904284477234,0
mujoco,flat_forward,2,2,1155,11.549999999999038,1.0,0.0,0.33170777465667217,-0.00340918904349345,-0.0203338441744228,0.5418710510632471,-0.04811090129956109,2.175992012023926,0.014859989285469055,0
mujoco,flat_forward,2,2,1156,11.559999999999032,1.0,0.0,0.3317163370111188,-0.003408967857404997,-0.020247355841608614,0.5415146985593027,-0.04976413068321719,2.1752426624298096,0.007715613581240177,0
mujoco,flat_forward,2,2,1157,11.569999999999027,1.0,0.0,0.33172029415539284,-0.0034044378152907973,-0.020321377370427475,0.541359366751756,-0.04348133445658574,2.173229932785034,0.006224214099347591,0
mujoco,flat_forward,2,2,1158,11.579999999999021,1.0,0.0,0.33173085904863125,-0.003397322564526806,-0.02026514421445136,0.541419312171113,-0.04868648837417565,2.175609588623047,0.006822624243795872,0
mujoco,flat_forward,2,2,1159,11.589999999999016,1.0,0.0,0.3317347624353634,-0.0033862892329849523,-0.020290743530888354,0.5408383615861827,-0.04270513628971971,2.172454595565796,0.009132996201515198,0
mujoco,flat_forward,2,2,1160,11.59999999999901,1.0,0.0,0.3317439340793489,-0.003383674902855694,-0.020267346758839306,0.5415045782151301,-0.05088950201447434,2.1786768436431885,0.013908090069890022,0
mujoco,flat_forward,2,2,1161,11.609999999999005,1.0,0.0,0.3317450746100289,-0.00338118893051317,-0.020284437270649235,0.5407143533478395,-0.047603062163578715,2.1714000701904297,0.019922586157917976,0
mujoco,flat_forward,2,2,1162,11.619999999999,1.0,0.0,0.33174718735511455,-0.003393512285053985,-0.02030789179943219,0.5414313508597302,-0.05019803446775069,2.1781349182128906,0.019998008385300636,0
mujoco,flat_forward,2,2,1163,11.629999999998994,1.0,0.0,0.33174702627354635,-0.00338135236417172,-0.020302884618274817,0.5404934561538396,-0.0455572790766736,2.1713151931762695,0.016904935240745544,0
mujoco,flat_forward,2,2,1164,11.639999999998988,1.0,0.0,0.33174733690173813,-0.0033795845970209133,-0.02031795909311132,0.5410170358326964,-0.04325778536601903,2.177090644836426,0.016177862882614136,0
mujoco,flat_forward,2,2,1165,11.649999999998983,1.0,0.0,0.33174843648232355,-0.0033499414903540386,-0.02028736141657961,0.5402016238675313,-0.04582225623001077,2.174654245376587,0.012177933007478714,0
mujoco,flat_forward,2,2,1166,11.659999999998977,1.0,0.0,0.33174991724075403,-0.0033440031472557735,-0.02033071927386145,0.5409117171337973,-0.042585366690580086,2.179633378982544,0.012710901908576488,0
mujoco,flat_forward,2,2,1167,11.669999999998971,1.0,0.0,0.3317509701468929,-0.0033221946875815157,-0.020316103966644676,0.5402818001620104,-0.050443008995071745,2.1754093170166016,0.01415125373750925,0
mujoco,flat_forward,2,2,1168,11.679999999998966,1.0,0.0,0.3317498400129118,-0.0033198815510029132,-0.02036054563716093,0.5407010422975735,-0.0397179441326841,2.1793806552886963,0.013629630208015442,0
mujoco,flat_forward,2,2,1169,11.68999999999896,1.0,0.0,0.3317493218804528,-0.003300165886008781,-0.020350665824480568,0.540298839236822,-0.052466114913452114,2.1761584281921387,0.015365148894488811,0
mujoco,flat_forward,2,2,1170,11.699999999998955,1.0,0.0,0.33174638662824196,-0.003291414154536012,-0.02037657522635503,0.5403207906861951,-0.03800602009960865,2.1778159141540527,0.015556419268250465,0
mujoco,flat_forward,2,2,1171,11.70999999999895,1.0,0.0,0.3317455949398573,-0.0032848469455765647,-0.02037098291371024,0.5403813049890206,-0.05472717972040488,2.177083730697632,0.013252142816781998,0
mujoco,flat_forward,2,2,1172,11.719999999998944,1.0,0.0,0.331740173241398,-0.003288008451025439,-0.0203950115632067,0.5402880964375018,-0.04222372907185416,2.1753461360931396,0.016762295737862587,0
mujoco,flat_forward,2,2,1173,11.729999999998938,1.0,0.0,0.33173458801192185,-0.0033022581558057175,-0.020398394853847215,0.5403251137854976,-0.055161100250529775,2.175858736038208,0.014318474568426609,0
mujoco,flat_forward,2,2,1174,11.739999999998933,1.0,0.0,0.3317310338822057,-0.003299214924031831,-0.020407112659073873,0.5401658471248034,-0.0418140324244755,2.1748735904693604,0.009335211478173733,0
mujoco,flat_forward,2,2,1175,11.749999999998927,1.0,0.0,0.33172710664977706,-0.003302806352983387,-0.020405864324116015,0.539870554719725,-0.049890789940183734,2.173187494277954,0.010750492103397846,0
mujoco,flat_forward,2,2,1176,11.759999999998922,1.0,0.0,0.33172715083581317,-0.003284002990596408,-0.020394321599267927,0.5397747875263726,-0.04349491430294419,2.176811695098877,0.008808574639260769,0
mujoco,flat_forward,2,2,1177,11.769999999998916,1.0,0.0,0.33172880432826174,-0.0032854037370242013,-0.020363098473680893,0.5393469427799381,-0.04725984159088404,2.175201654434204,0.005305089056491852,0
mujoco,flat_forward,2,2,1178,11.77999999999891,1.0,0.0,0.3317357126196283,-0.0032678097613119627,-0.020352393870675816,0.5394920422577214,-0.047483952512862235,2.179316759109497,0.008696078322827816,0
mujoco,flat_forward,2,2,1179,11.789999999998905,1.0,0.0,0.33174298638476246,-0.003284491156883227,-0.020336963120675296,0.5392643681234894,-0.04954344078016988,2.1762900352478027,0.010340274311602116,0
mujoco,flat_forward,2,2,1180,11.7999999999989,1.0,0.0,0.3317499151377576,-0.0032829990361769807,-0.020385453990270894,0.5397332405121948,-0.05060692300433703,2.1776318550109863,0.009246702305972576,0
mujoco,flat_forward,2,2,1181,11.809999999998894,1.0,0.0,0.33175278200093083,-0.003299777762842563,-0.02035793004570985,0.5391343382929549,-0.046144567650644605,2.172400712966919,0.015074880793690681,0
mujoco,flat_forward,2,2,1182,11.819999999998888,1.0,0.0,0.3317526963565478,-0.003299530055523125,-0.020421196696494816,0.5396389855569248,-0.051632354166232755,2.1767001152038574,0.017498979344964027,0
mujoco,flat_forward,2,2,1183,11.829999999998883,1.0,0.0,0.33175647273496073,-0.003304033702536297,-0.02032413326939272,0.5388737180905725,-0.04437005520676794,2.173654079437256,0.014853594824671745,0
mujoco,flat_forward,2,2,1184,11.839999999998877,1.0,0.0,0.3317582469425252,-0.0033008541134638236,-0.02038638439971411,0.5391275184861759,-0.048939547970158856,2.1780974864959717,0.01691519469022751,0
mujoco,flat_forward,2,2,1185,11.849999999998872,1.0,0.0,0.3317698778552665,-0.003294686785061206,-0.02030008410245968,0.5386244577560904,-0.043563545340429034,2.177945613861084,0.009931206703186035,0
mujoco,flat_forward,2,2,1186,11.859999999998866,1.0,0.0,0.3317772036226494,-0.003287632166658878,-0.02042004313017943,0.5389574113244663,-0.046874767499805424,2.177950620651245,0.008414298295974731,0
mujoco,flat_forward,2,2,1187,11.86999999999886,1.0,0.0,0.33178869388190185,-0.0032792822453308287,-0.02039826959793317,0.5387465009507466,-0.0439243046723012,2.177361011505127,0.007951458916068077,0
mujoco,flat_forward,2,2,1188,11.879999999998855,1.0,0.0,0.33179175736806776,-0.0032724260505253787,-0.02049420723475498,0.5385425572726183,-0.04549412302733755,2.1764230728149414,0.004939768463373184,0
mujoco,flat_forward,2,2,1189,11.88999999999885,1.0,0.0,0.3318014059835088,-0.003263981767343898,-0.020469567136079527,0.5388082416765271,-0.04463875735448128,2.181262254714966,0.008306854404509068,0
mujoco,flat_forward,2,2,1190,11.899999999998844,1.0,0.0,0.3318045760915035,-0.00325681302258898,-0.020511542086988906,0.5381186665212121,-0.04424486167027436,2.17667818069458,0.011052324436604977,0
mujoco,flat_forward,2,2,1191,11.909999999998838,1.0,0.0,0.3318136511844816,-0.0032507803811309233,-0.020519063893588024,0.5389915861310286,-0.04563288890382537,2.1847445964813232,0.016416601836681366,0
mujoco,flat_forward,2,2,1192,11.919999999998833,1.0,0.0,0.3318146841637414,-0.003249539881470215,-0.02055667610555174,0.5380383797692351,-0.046957273064915685,2.174751043319702,0.02327621541917324,0
mujoco,flat_forward,2,2,1193,11.929999999998827,1.0,0.0,0.331815630412338,-0.0032515204992187856,-0.020636650843886672,0.5392206316917048,-0.046967715384121436,2.1831705570220947,0.022272296249866486,0
mujoco,flat_forward,2,2,1194,11.939999999998822,1.0,0.0,0.33181270915494854,-0.0032461658118389256,-0.02059310181542845,0.5377491187021232,-0.046784085922303535,2.1711015701293945,0.02789653092622757,0
mujoco,flat_forward,2,2,1195,11.949999999998816,1.0,0.0,0.3318082548558432,-0.003241646453317266,-0.020682808661596806,0.5387084665768344,-0.04300392702674658,2.182708501815796,0.02800472266972065,0
mujoco,flat_forward,2,2,1196,11.95999999999881,1.0,0.0,0.33180854585299585,-0.003230893748641121,-0.02057804875512528,0.5374627630310308,-0.046481904086786194,2.174356698989868,0.02385711669921875,0
mujoco,flat_forward,2,2,1197,11.969999999998805,1.0,0.0,0.3318063095315158,-0.0032271156729364392,-0.0206863098390765,0.538566791307343,-0.04119133814971312,2.1826093196868896,0.021956859156489372,0
mujoco,flat_forward,2,2,1198,11.9799999999988,1.0,0.0,0.3318045372646386,-0.003217185391760507,-0.020614310323799095,0.5375787464760581,-0.047313804093051935,2.173619031906128,0.023907523602247238,0
mujoco,flat_forward,2,2,1199,11.989999999998794,1.0,0.0,0.3317963348140973,-0.0032143143239262775,-0.020695974986566654,0.5381655567125724,-0.04004117782309348,2.1805174350738525,0.0202200748026371,0
mujoco,flat_forward,2,2,1200,11.999999999998789,1.0,0.0,0.33179384505667026,-0.003208983020859932,-0.02059812167939166,0.5376206828495096,-0.04953653543945578,2.177854061126709,0.013883018866181374,0
mujoco,flat_forward,2,2,1201,12.009999999998783,1.0,0.0,0.3317881731617158,-0.003209058817758312,-0.02062060838111895,0.5376799381158074,-0.04006224521060129,2.179809331893921,0.012119080871343613,0
mujoco,flat_forward,2,2,1202,12.019999999998777,1.0,0.0,0.3317901580328337,-0.0032143897067514905,-0.020531904366961725,0.5377100943181579,-0.052049674779273775,2.1810121536254883,0.008860951289534569,0
mujoco,flat_forward,2,2,1203,12.029999999998772,1.0,0.0,0.33178698118070155,-0.0032281225597377144,-0.020559498327573675,0.5376160700720288,-0.04432442908433964,2.178035259246826,0.011853445321321487,0
mujoco,flat_forward,2,2,1204,12.039999999998766,1.0,0.0,0.3317878034067258,-0.003253366951194824,-0.020519683553045124,0.5379270253808726,-0.05490982762276803,2.179689884185791,0.01004101149737835,0
mujoco,flat_forward,2,2,1205,12.04999999999876,1.0,0.0,0.33178707160011783,-0.003265013659524249,-0.020486648808483457,0.5372897136502577,-0.04590587059019907,2.1753859519958496,0.010610122233629227,0
mujoco,flat_forward,2,2,1206,12.059999999998755,1.0,0.0,0.3317904978096006,-0.0032884897644446433,-0.02045317638752099,0.5375223942889257,-0.05030738221461465,2.1797826290130615,0.013310146518051624,0
mujoco,flat_forward,2,2,1207,12.06999999999875,1.0,0.0,0.3317959672629394,-0.003281617213821836,-0.0204426626507306,0.5369783812225153,-0.043010128187026604,2.177415609359741,0.007039307150989771,0
mujoco,flat_forward,2,2,1208,12.079999999998744,1.0,0.0,0.33180286702072403,-0.0032876839150543357,-0.020433948167831475,0.5369581594869411,-0.04338676126875648,2.1788482666015625,0.0057401275262236595,0
mujoco,flat_forward,2,2,1209,12.089999999998739,1.0,0.0,0.3318117470119111,-0.0032665808137559453,-0.020426564648400317,0.5365887054500009,-0.04474410595104317,2.1803600788116455,0.0038216570392251015,0
mujoco,flat_forward,2,2,1210,12.099999999998733,1.0,0.0,0.3318207928745881,-0.0032767330067613918,-0.02043153899988424,0.5367890163826787,-0.04424719528777224,2.1810684204101562,0.005524486303329468,0
mujoco,flat_forward,2,2,1211,12.109999999998728,1.0,0.0,0.3318285142782919,-0.0032688870645994805,-0.020439799340147436,0.5366555635265488,-0.0508631850657059,2.180906057357788,0.005462897475808859,0
mujoco,flat_forward,2,2,1212,12.119999999998722,1.0,0.0,0.33183440450455803,-0.00328962408076455,-0.02044424264447697,0.53660708547099,-0.042648412136466744,2.180889129638672,0.009576954878866673,0
mujoco,flat_forward,2,2,1213,12.129999999998716,1.0,0.0,0.3318389786305247,-0.003290100306307544,-0.020461228575482035,0.5365978826611337,-0.05408271922898032,2.180431365966797,0.01190665178000927,0
mujoco,flat_forward,2,2,1214,12.139999999998711,1.0,0.0,0.33184242122680496,-0.0033101977714531093,-0.020460855378744834,0.5363159570367497,-0.040264783507740466,2.1793744564056396,0.014944491907954216,0
mujoco,flat_forward,2,2,1215,12.149999999998705,1.0,0.0,0.3318411534069201,-0.003309587406043858,-0.02052335143670501,0.536465565994802,-0.05168564250703123,2.178497791290283,0.017034519463777542,0
mujoco,flat_forward,2,2,1216,12.1599999999987,1.0,0.0,0.33183820079684573,-0.0033116433542655895,-0.020536907643523297,0.5363375309510925,-0.03930782458771694,2.1785075664520264,0.014632134698331356,0
mujoco,flat_forward,2,2,1217,12.169999999998694,1.0,0.0,0.33182830027484533,-0.003308110150014647,-0.02058437151286088,0.5361430722617065,-0.049519040700220694,2.177586793899536,0.013817389495670795,0
mujoco,flat_forward,2,2,1218,12.179999999998689,1.0,0.0,0.33182227898983946,-0.003297570021036124,-0.020564719878239268,0.5361989777778438,-0.037949988858797946,2.182629346847534,0.01241423562169075,0
mujoco,flat_forward,2,2,1219,12.189999999998683,1.0,0.0,0.3318122602349034,-0.003290228795251675,-0.02057004576243734,0.5356747698694296,-0.04619338248881662,2.17870831489563,0.013139192014932632,0
mujoco,flat_forward,2,2,1220,12.199999999998678,1.0,0.0,0.33180860878257745,-0.00327289799233669,-0.0205608319092171,0.5360352725618762,-0.03903757658349507,2.186384439468384,0.015176250599324703,0
mujoco,flat_forward,2,2,1221,12.209999999998672,1.0,0.0,0.3318031481973983,-0.0032761472643035258,-0.02056123796467045,0.5356012395097988,-0.04713330193703188,2.179537296295166,0.015388626605272293,0
mujoco,flat_forward,2,2,1222,12.219999999998667,1.0,0.0,0.33180079241332666,-0.0032705709149422764,-0.020582756369947542,0.5361936986755796,-0.04476947605021276,2.1851553916931152,0.014455130323767662,0
mujoco,flat_forward,2,2,1223,12.229999999998661,1.0,0.0,0.33179643718184804,-0.0032876391716238906,-0.020545995824401857,0.535450303453333,-0.04643063846564488,2.1781396865844727,0.016682976856827736,0
mujoco,flat_forward,2,2,1224,12.239999999998656,1.0,0.0,0.3317942709986155,-0.003291170112636864,-0.020580791126179037,0.5362722364806609,-0.04909254337544556,2.184117078781128,0.019015122205018997,0
mujoco,flat_forward,2,2,1225,12.24999999999865,1.0,0.0,0.3317923688594005,-0.0033101360060288692,-0.020493170801606717,0.5352447531329434,-0.045593669554067455,2.1761794090270996,0.023125503212213516,0
mujoco,flat_forward,2,2,1226,12.259999999998644,1.0,0.0,0.3317889300605613,-0.0033180368805684093,-0.02058734240192476,0.5360743521371589,-0.04482680025195181,2.1827175617218018,0.024409016594290733,0
mujoco,flat_forward,2,2,1227,12.269999999998639,1.0,0.0,0.33178991128303637,-0.0033175212057048476,-0.020486567913921068,0.5349476813971537,-0.04283360304694507,2.175071954727173,0.021266307681798935,0
mujoco,flat_forward,2,2,1228,12.279999999998633,1.0,0.0,0.33178679887552937,-0.003315261468894412,-0.020594864007825252,0.5357058505095215,-0.046135347078880395,2.1816346645355225,0.01952637918293476,0
mujoco,flat_forward,2,2,1229,12.289999999998628,1.0,0.0,0.33178836202673345,-0.0033168002058879,-0.020509121053222605,0.5349959776990537,-0.04641692083046152,2.1776680946350098,0.017246101051568985,0
mujoco,flat_forward,2,2,1230,12.299999999998622,1.0,0.0,0.33178449901608653,-0.0033209983996035893,-0.02059546910186725,0.5352266476726756,-0.04633568324787941,2.1810948848724365,0.013602495193481445,0
mujoco,flat_forward,2,2,1231,12.309999999998617,1.0,0.0,0.33178937183749463,-0.003324182800550417,-0.02051388965832015,0.5349333815040214,-0.04782277089800148,2.1813039779663086,0.0073415362276136875,0
mujoco,flat_forward,2,2,1232,12.319999999998611,1.0,0.0,0.3317901855964826,-0.0033281054815519884,-0.02056145507213962,0.5345875433057763,-0.04518244780502538,2.179588556289673,0.00557031249627471,0
mujoco,flat_forward,2,2,1233,12.329999999998606,1.0,0.0,0.3318001562811809,-0.0033324058806506202,-0.0204976958164349,0.5348266912894636,-0.04908955212760538,2.183746099472046,0.007941650226712227,0
mujoco,flat_forward,2,2,1234,12.3399999999986,1.0,0.0,0.3318016193575198,-0.0033374295133410583,-0.020583050767702015,0.5345338190796114,-0.04481624474039308,2.1777000427246094,0.012302330695092678,0
mujoco,flat_forward,2,2,1235,12.349999999998595,1.0,0.0,0.33180465628219147,-0.003345353892397955,-0.020584376504236952,0.5350959364162473,-0.05059677237548761,2.181068181991577,0.010111816227436066,0
mujoco,flat_forward,2,2,1236,12.359999999998589,1.0,0.0,0.3317977683963967,-0.003347255141519627,-0.020597582816643,0.534241342219284,-0.045452919598676395,2.1749448776245117,0.01643913798034191,0
mujoco,flat_forward,2,2,1237,12.369999999998583,1.0,0.0,0.3317925544805711,-0.0033584076701530835,-0.020608472157260135,0.5349098879311827,-0.0474625670467323,2.182678699493408,0.02030106820166111,0
mujoco,flat_forward,2,2,1238,12.379999999998578,1.0,0.0,0.33178773153558483,-0.003349974950679899,-0.020553603424519486,0.5338162149685598,-0.0464109179876392,2.176691770553589,0.017043668776750565,0
mujoco,flat_forward,2,2,1239,12.389999999998572,1.0,0.0,0.33178590305343836,-0.003354320569825185,-0.020563328894078105,0.5344891128819479,-0.04269760658489511,2.184678554534912,0.018803127110004425,0
mujoco,flat_forward,2,2,1240,12.399999999998567,1.0,0.0,0.3317870985640135,-0.003336830858675637,-0.020500901316041785,0.533489611507559,-0.04731168528178889,2.179407835006714,0.01640564203262329,0
mujoco,flat_forward,2,2,1241,12.409999999998561,1.0,0.0,0.33178801844917627,-0.0033387142026155667,-0.02056771597113012,0.5343203283484272,-0.041930122406395966,2.1849212646484375,0.015390066429972649,0
mujoco,flat_forward,2,2,1242,12.419999999998556,1.0,0.0,0.3317884944683654,-0.0033269824101526016,-0.020533363521759662,0.5334829372091744,-0.05138706507391185,2.1777095794677734,0.019166555255651474,0
mujoco,flat_forward,2,2,1243,12.42999999999855,1.0,0.0,0.3317842995479124,-0.003328508249162761,-0.020598427095399868,0.5339726368493125,-0.03870041742014964,2.1826066970825195,0.01632446050643921,0
mujoco,flat_forward,2,2,1244,12.439999999998545,1.0,0.0,0.3317779786824527,-0.0033085031615268205,-0.02060614373670221,0.5335024333391691,-0.04982251854769281,2.1779916286468506,0.01810619607567787,0
mujoco,flat_forward,2,2,1245,12.44999999999854,1.0,0.0,0.3317659054013922,-0.0032967742316156747,-0.020641561800153883,0.5335333053074208,-0.03497998979695327,2.1805522441864014,0.015568159520626068,0
mujoco,flat_forward,2,2,1246,12.459999999998534,1.0,0.0,0.3317544417478816,-0.003287503992302867,-0.020628897943582695,0.5336082647022093,-0.05186302377836384,2.1808509826660156,0.012872746214270592,0
mujoco,flat_forward,2,2,1247,12.469999999998528,1.0,0.0,0.33173769292234045,-0.003292525108193781,-0.020645787566494184,0.5335766383127098,-0.039413278057509174,2.179793119430542,0.01709917187690735,0
mujoco,flat_forward,2,2,1248,12.479999999998522,1.0,0.0,0.3317212423849075,-0.003309867683099748,-0.02063472808289423,0.5336709869662201,-0.05246718782190251,2.1806695461273193,0.013783948495984077,0
mujoco,flat_forward,2,2,1249,12.489999999998517,1.0,0.0,0.331708108451918,-0.003313549562166082,-0.020624861602733906,0.5333777882410099,-0.04244217534923798,2.1797122955322266,0.009348426014184952,0
mujoco,flat_forward,2,2,1250,12.499999999998511,1.0,0.0,0.3316997779152148,-0.003332921280209348,-0.020596293364417484,0.5332306597352202,-0.04965782091243018,2.179675817489624,0.008023370057344437,0
mujoco,flat_forward,2,2,1251,12.509999999998506,1.0,0.0,0.3316977844960583,-0.0033297253257522394,-0.020570441857582177,0.532971587208576,-0.04486646352913925,2.1803669929504395,0.0047805882059037685,0
mujoco,flat_forward,2,2,1252,12.5199999999985,1.0,0.0,0.33169940360263694,-0.0033475698564050327,-0.02054393787985188,0.5326729024571524,-0.046500362042195716,2.1792612075805664,0.003335576970130205,0
mujoco,flat_forward,2,2,1253,12.529999999998495,1.0,0.0,0.3317052904073411,-0.003338300084397247,-0.020550639366230177,0.5327396458673376,-0.0445663396002399,2.180604934692383,0.004885123576968908,0
mujoco,flat_forward,2,2,1254,12.53999999999849,1.0,0.0,0.33170841771346515,-0.0033551721952112456,-0.02055136956864122,0.5325444035932599,-0.04564096598235886,2.177351713180542,0.0101064657792449,0
mujoco,flat_forward,2,2,1255,12.549999999998484,1.0,0.0,0.3317091660685912,-0.003352415600696949,-0.020588144009659626,0.5327867019188579,-0.05014556473829637,2.1795310974121094,0.008535422384738922,0
mujoco,flat_forward,2,2,1256,12.559999999998478,1.0,0.0,0.3317073872026705,-0.0033753179767485007,-0.02055535189518597,0.5323425308702732,-0.04468601817737097,2.1770474910736084,0.013751361519098282,0
mujoco,flat_forward,2,2,1257,12.569999999998473,1.0,0.0,0.33170364875656716,-0.0033815875320298526,-0.020591908286971525,0.5326460773121154,-0.05219100504705423,2.179824113845825,0.015060924924910069,0
mujoco,flat_forward,2,2,1258,12.579999999998467,1.0,0.0,0.33170427667112556,-0.0033926468972484023,-0.020497313211997218,0.5320192727211883,-0.04268704856790878,2.1782357692718506,0.013067287392914295,0
mujoco,flat_forward,2,2,1259,12.589999999998462,1.0,0.0,0.33170301840989946,-0.0033939010692337354,-0.020529201145539196,0.5320442591522957,-0.04894380983524514,2.1804447174072266,0.015288815833628178,0
mujoco,flat_forward,2,2,1260,12.599999999998456,1.0,0.0,0.3317111338622366,-0.0033898850032465814,-0.020438921020240208,0.5316624229539622,-0.04125033417349453,2.1814310550689697,0.008789286948740482,0
mujoco,flat_forward,2,2,1261,12.60999999999845,1.0,0.0,0.3317141625600344,-0.003382919878674469,-0.020533951334565873,0.5317979022318593,-0.0464650020079328,2.1796576976776123,0.009101059287786484,0
mujoco,flat_forward,2,2,1262,12.619999999998445,1.0,0.0,0.33172097023716474,-0.0033730048424247846,-0.020504221977068946,0.5316872019979786,-0.041535704471184834,2.1805849075317383,0.0074016861617565155,0
mujoco,flat_forward,2,2,1263,12.62999999999844,1.0,0.0,0.3317190659951307,-0.0033654488965483525,-0.02057188054916129,0.5313306780316338,-0.04500793215859806,2.178535223007202,0.006496283691376448,0
mujoco,flat_forward,2,2,1264,12.639999999998434,1.0,0.0,0.3317234213358487,-0.003354165412004248,-0.02054535305687913,0.5316949607384762,-0.04212319369253559,2.1846225261688232,0.01105719618499279,0
mujoco,flat_forward,2,2,1265,12.649999999998428,1.0,0.0,0.33171988844739364,-0.0033501220989361055,-0.02059184285319164,0.5311608637597979,-0.04707518570441671,2.1787474155426025,0.01439723651856184,0
mujoco,flat_forward,2,2,1266,12.659999999998423,1.0,0.0,0.3317195825231367,-0.003343937552117123,-0.020609943258285326,0.5320108144335384,-0.045037621182202316,2.1857998371124268,0.016184987500309944,0
mujoco,flat_forward,2,2,1267,12.669999999998417,1.0,0.0,0.33171182642900066,-0.0033414402619019144,-0.020600055495901458,0.5308377843078138,-0.04626336947658459,2.175773859024048,0.022955354303121567,0
mujoco,flat_forward,2,2,1268,12.679999999998412,1.0,0.0,0.3317055000326085,-0.0033359853076939117,-0.020659786891863784,0.5319271003329027,-0.046089141982712876,2.185602903366089,0.02541906014084816,0
mujoco,flat_forward,2,2,1269,12.689999999998406,1.0,0.0,0.33170139809325905,-0.003329451054678911,-0.02054305931963817,0.5304842457129746,-0.04563168431393066,2.1738977432250977,0.027676397934556007,0
mujoco,flat_forward,2,2,1270,12.6999999999984,1.0,0.0,0.33169738960282996,-0.00332230781845896,-0.02061164375422545,0.5315277354342242,-0.04054693348269472,2.185136556625366,0.028774553909897804,0
mujoco,flat_forward,2,2,1271,12.709999999998395,1.0,0.0,0.331697533366794,-0.003305084680418614,-0.020491181249398832,0.5302366751745142,-0.043584932070042985,2.1752748489379883,0.025758080184459686,0
mujoco,flat_forward,2,2,1272,12.71999999999839,1.0,0.0,0.3316945267039263,-0.0032946630217075474,-0.020579625681698476,0.5312164750973163,-0.0417168203831293,2.184542417526245,0.023837117478251457,0
mujoco,flat_forward,2,2,1273,12.729999999998384,1.0,0.0,0.33169628614368657,-0.0032866763308838673,-0.020469860000201665,0.5303545565587218,-0.04792111653743008,2.1785571575164795,0.019795823842287064,0
mujoco,flat_forward,2,2,1274,12.739999999998378,1.0,0.0,0.3316941903996155,-0.003286997963393301,-0.020532472111619814,0.5308265980677159,-0.042493732795965924,2.183882474899292,0.017692530527710915,0
mujoco,flat_forward,2,2,1275,12.749999999998373,1.0,0.0,0.3317010373407288,-0.0032878544407053565,-0.020422720414703003,0.5303994700433416,-0.050147580735593986,2.182036876678467,0.010743532329797745,0
mujoco,flat_forward,2,2,1276,12.759999999998367,1.0,0.0,0.33170551279517146,-0.003291591322135429,-0.02044703807990781,0.5302735444645021,-0.04206887400832693,2.181962251663208,0.009428588673472404,0
mujoco,flat_forward,2,2,1277,12.769999999998362,1.0,0.0,0.33171890661110776,-0.0033004110821904563,-0.02036295206877971,0.5303910905851552,-0.052280368291814,2.1841676235198975,0.008553363382816315,0
mujoco,flat_forward,2,2,1278,12.779999999998356,1.0,0.0,0.33172605631383173,-0.0033112970274350997,-0.020417578307353784,0.5302789005315408,-0.042452822650569134,2.1797304153442383,0.01170232892036438,0
mujoco,flat_forward,2,2,1279,12.78999999999835,1.0,0.0,0.33173422092498617,-0.0033267332493739452,-0.020401751193267564,0.5305290947114665,-0.05218389810168835,2.180795669555664,0.011127990670502186,0
mujoco,flat_forward,2,2,1280,12.799999999998345,1.0,0.0,0.331738475310311,-0.003326061226314577,-0.020381026989571494,0.5298877818857771,-0.04320481311007123,2.1782450675964355,0.009327985346317291,0
mujoco,flat_forward,2,2,1281,12.80999999999834,1.0,0.0,0.33174588724500514,-0.0033382714332728424,-0.020353022267271856,0.5301439926322338,-0.04791857494489779,2.1837286949157715,0.014097316190600395,0
mujoco,flat_forward,2,2,1282,12.819999999998334,1.0,0.0,0.3317565134711316,-0.0033263817060884097,-0.02031837707512066,0.5294491081701188,-0.04451141159426547,2.1827759742736816,0.006927356123924255,0
mujoco,flat_forward,2,2,1283,12.829999999998329,1.0,0.0,0.3317713186773465,-0.003338155148239999,-0.020311353933601596,0.5299266072884599,-0.047313209933900764,2.1862993240356445,0.008632293902337551,0
mujoco,flat_forward,2,2,1284,12.839999999998323,1.0,0.0,0.331786927027083,-0.0033309947295261685,-0.020297663434419348,0.5293916088697153,-0.04907575088954241,2.1839635372161865,0.007642159704118967,0
mujoco,flat_forward,2,2,1285,12.849999999998317,1.0,0.0,0.33180327417752403,-0.0033471535721106642,-0.020304187418808007,0.5296405024794633,-0.044588589797285985,2.1860687732696533,0.008013066835701466,0
mujoco,flat_forward,2,2,1286,12.859999999998312,1.0,0.0,0.3318194268517913,-0.0033324791032491017,-0.020320322667089684,0.529390729339536,-0.0482871783956188,2.1843440532684326,0.009383815340697765,0
mujoco,flat_forward,2,2,1287,12.869999999998306,1.0,0.0,0.33183173741467886,-0.003341857194451338,-0.020357365898658983,0.5296421957718048,-0.04285380979881258,2.184546709060669,0.008260571397840977,0
mujoco,flat_forward,2,2,1288,12.8799999999983,1.0,0.0,0.331839666658494,-0.0033313424886745905,-0.020385939531733704,0.5296152447588465,-0.05285986362608353,2.1843044757843018,0.009006958454847336,0
mujoco,flat_forward,2,2,1289,12.889999999998295,1.0,0.0,0.33184399886306143,-0.003343530803749547,-0.02040289901055346,0.5296312763274617,-0.040958991719322074,2.18501615524292,0.012506351806223392,0
mujoco,flat_forward,2,2,1290,12.89999999999829,1.0,0.0,0.33184569649356593,-0.0033401897866459826,-0.02043219406177146,0.5296193859219092,-0.05437247649649147,2.184821844100952,0.014764058403670788,0
mujoco,flat_forward,2,2,1291,12.909999999998284,1.0,0.0,0.331849505137653,-0.00333562584487534,-0.020437364909270627,0.5294756314572708,-0.03868089636472225,2.1863434314727783,0.013899889774620533,0
mujoco,flat_forward,2,2,1292,12.919999999998279,1.0,0.0,0.33185178107399077,-0.00332742156273035,-0.020455787963710465,0.5291228060704032,-0.05047584988937082,2.1846988201141357,0.015599815174937248,0
mujoco,flat_forward,2,2,1293,12.929999999998273,1.0,0.0,0.3318595506693664,-0.0033091919429827366,-0.02045979664954688,0.5291503291742649,-0.03867906256078962,2.1895689964294434,0.01361081562936306,0
mujoco,flat_forward,2,2,1294,12.939999999998268,1.0,0.0,0.3318668186628295,-0.003308489232627758,-0.020479401404261643,0.5289765430235379,-0.0507588936830735,2.1853623390197754,0.011609489098191261,0
mujoco,flat_forward,2,2,1295,12.949999999998262,1.0,0.0,0.33187611480803286,-0.0032987317650083406,-0.020512648633154034,0.5293795296159546,-0.040880599053927436,2.189488410949707,0.011641547083854675,0
mujoco,flat_forward,2,2,1296,12.959999999998256,1.0,0.0,0.33187923264390135,-0.0033003639753991535,-0.020533355375807964,0.5288246001952532,-0.04650443418368762,2.182697057723999,0.014800431206822395,0
mujoco,flat_forward,2,2,1297,12.969999999998251,1.0,0.0,0.3318836245004655,-0.0032880446624927295,-0.020560730810593095,0.5293843173289553,-0.04332011274495184,2.190397024154663,0.016536155715584755,0
mujoco,flat_forward,2,2,1298,12.979999999998245,1.0,0.0,0.3318857778317371,-0.003296104339896867,-0.020523105832502844,0.5286324538538771,-0.04483554198990033,2.1844217777252197,0.016576161608099937,0
mujoco,flat_forward,2,2,1299,12.98999999999824,1.0,0.0,0.3318900805138768,-0.0032938606976037313,-0.020562992306491206,0.5295228855517388,-0.04779053948177213,2.192542552947998,0.02027737721800804,0
mujoco,flat_forward,2,2,1300,12.999999999998234,1.0,0.0,0.331895068343225,-0.003315594272080374,-0.020484417056915286,0.528582934191359,-0.04438433548215143,2.184351921081543,0.023146703839302063,0
mujoco,flat_forward,2,2,1301,13.009999999998229,1.0,0.0,0.33189910850628784,-0.003329078397933583,-0.020578066061488407,0.5295296093639088,-0.05079089129784688,2.191347360610962,0.024282895028591156,0
mujoco,flat_forward,2,2,1302,13.019999999998223,1.0,0.0,0.33190609393843434,-0.003358376050970163,-0.0205042936287208,0.5287511185444147,-0.04750358397440441,2.1832334995269775,0.023937799036502838,0
mujoco,flat_forward,2,2,1303,13.029999999998218,1.0,0.0,0.3319084502245853,-0.0033799485523269873,-0.020616780796113513,0.5292746551472177,-0.05058688252359326,2.1879756450653076,0.02102396823465824,0
mujoco,flat_forward,2,2,1304,13.039999999998212,1.0,0.0,0.33191802946147625,-0.0033974405859822027,-0.020545741040825724,0.528650956774224,-0.04743034922105801,2.1853160858154297,0.013906048610806465,0
mujoco,flat_forward,2,2,1305,13.049999999998207,1.0,0.0,0.33192253270614447,-0.0034060676758482494,-0.020668879580555025,0.5288212494769439,-0.04482223220454884,2.1862339973449707,0.011562262661755085,0
mujoco,flat_forward,2,2,1306,13.059999999998201,1.0,0.0,0.3319332096306989,-0.003406185435121592,-0.020636168757197218,0.5285093025598022,-0.045448842035742384,2.186734437942505,0.00800975039601326,0
mujoco,flat_forward,2,2,1307,13.069999999998196,1.0,0.0,0.3319372222171582,-0.0034033849747560447,-0.02072459126656441,0.5282092664662457,-0.043007062084156875,2.1857681274414062,0.004567395430058241,0
mujoco,flat_forward,2,2,1308,13.07999999999819,1.0,0.0,0.3319480363960924,-0.0034030679365046677,-0.02069896125138953,0.5285081415811819,-0.04720813704103374,2.190873861312866,0.008317491039633751,0
mujoco,flat_forward,2,2,1309,13.089999999998184,1.0,0.0,0.3319499526163442,-0.003409691755104147,-0.020782691885135127,0.5281596605458104,-0.04707110979463804,2.1859545707702637,0.01226031593978405,0
mujoco,flat_forward,2,2,1310,13.099999999998179,1.0,0.0,0.33195425991529753,-0.003426164818597104,-0.02080321047724597,0.528986579999506,-0.05146465625188884,2.1912431716918945,0.012014767155051231,0
mujoco,flat_forward,2,2,1311,13.109999999998173,1.0,0.0,0.3319492414131379,-0.0034405667021884154,-0.02082163092039486,0.5280448865226511,-0.04831940672193409,2.182769775390625,0.02011335827410221,0
mujoco,flat_forward,2,2,1312,13.119999999998168,1.0,0.0,0.3319446910058926,-0.003463373763471605,-0.02087065738579073,0.5289198523580699,-0.0475407101916036,2.190897226333618,0.022356722503900528,0
mujoco,flat_forward,2,2,1313,13.129999999998162,1.0,0.0,0.3319394124510947,-0.0034667468179767065,-0.020827533191605446,0.5276923534969965,-0.04818367754737945,2.181971311569214,0.021931564435362816,0
mujoco,flat_forward,2,2,1314,13.139999999998157,1.0,0.0,0.3319341229983199,-0.0034773964971876264,-0.020892987782858703,0.5284869735498523,-0.04222031702112312,2.1908082962036133,0.021167371422052383,0
mujoco,flat_forward,2,2,1315,13.149999999998151,1.0,0.0,0.33193062881656726,-0.003468478966083362,-0.020835642433307336,0.5273785497491107,-0.04860550011842374,2.183555841445923,0.021186336874961853,0
mujoco,flat_forward,2,2,1316,13.159999999998146,1.0,0.0,0.33192464572786956,-0.0034742611596332053,-0.020913805252854228,0.5278939710695537,-0.039743302506633486,2.1903960704803467,0.0182493943721056,0
mujoco,flat_forward,2,2,1317,13.16999999999814,1.0,0.0,0.3319231806374054,-0.0034716562018384765,-0.02084990937562418,0.527252196913285,-0.05042897760731531,2.1861164569854736,0.015741562470793724,0
mujoco,flat_forward,2,2,1318,13.179999999998135,1.0,0.0,0.33191571833592304,-0.0034954839467711105,-0.020946247320099514,0.5278709948045144,-0.0399704724740604,2.1887471675872803,0.013903874903917313,0
mujoco,flat_forward,2,2,1319,13.189999999998129,1.0,0.0,0.33190646261878326,-0.0035066770355847254,-0.020924578083741846,0.5275513283926908,-0.05257572512370061,2.1837551593780518,0.015376303344964981,0
mujoco,flat_forward,2,2,1320,13.199999999998123,1.0,0.0,0.3318883984133263,-0.0035318441675682767,-0.020958814703571936,0.5276397985409795,-0.03986810216310442,2.185509443283081,0.014324904419481754,0
mujoco,flat_forward,2,2,1321,13.209999999998118,1.0,0.0,0.331871561164917,-0.0035539808148267,-0.02091545723593612,0.5276894258960717,-0.05367045872761016,2.186309337615967,0.011899406090378761,0
mujoco,flat_forward,2,2,1322,13.219999999998112,1.0,0.0,0.3318547403930552,-0.003566506584271664,-0.020887094349433134,0.52736071399688,-0.041332024974772195,2.1857571601867676,0.011532781645655632,0
mujoco,flat_forward,2,2,1323,13.229999999998107,1.0,0.0,0.331842854946543,-0.0035914587732148685,-0.020837856253584364,0.5273620064878394,-0.050070217792031385,2.1876842975616455,0.01059796940535307,0
mujoco,flat_forward,2,2,1324,13.239999999998101,1.0,0.0,0.3318366574729796,-0.0035982867908138033,-0.020807789281677348,0.5269961740707124,-0.04334125131753679,2.187729597091675,0.005598793271929026,0
mujoco,flat_forward,2,2,1325,13.249999999998096,1.0,0.0,0.3318352838042835,-0.003628050600208757,-0.02077936277579539,0.5268810605300388,-0.046948083595622185,2.187535285949707,0.0038303097244352102,0
mujoco,flat_forward,2,2,1326,13.25999999999809,1.0,0.0,0.33183886593691697,-0.003634498310043377,-0.020765314507092,0.5266444723068203,-0.04635164935684928,2.1877927780151367,0.002720735501497984,0
mujoco,flat_forward,2,2,1327,13.269999999998085,1.0,0.0,0.33184301794125104,-0.0036809263504995397,-0.020765996974357256,0.5267123525819801,-0.04781220386551537,2.1866960525512695,0.005575166083872318,0
mujoco,flat_forward,2,2,1328,13.27999999999808,1.0,0.0,0.3318462958534911,-0.003701520481811793,-0.020783757297456573,0.5266571830260085,-0.05210789241871971,2.186223268508911,0.005001208279281855,0
mujoco,flat_forward,2,2,1329,13.289999999998074,1.0,0.0,0.33184723362497365,-0.003757461890602034,-0.020786163866440662,0.5264753048300171,-0.04625759325617081,2.185016393661499,0.009440626949071884,0
mujoco,flat_forward,2,2,1330,13.299999999998068,1.0,0.0,0.3318452469761293,-0.0037762667536120863,-0.020840423450341088,0.5266700721320592,-0.05210784984065016,2.184929132461548,0.011443447321653366,0
mujoco,flat_forward,2,2,1331,13.309999999998062,1.0,0.0,0.33183933841251995,-0.0038129704864224762,-0.02082789696298172,0.526201150620363,-0.042050992487155735,2.182218551635742,0.01569334976375103,0
mujoco,flat_forward,2,2,1332,13.319999999998057,1.0,0.0,0.33182811800915446,-0.0038237968272153257,-0.020884306796845293,0.5262223669537337,-0.04991943597545386,2.184379816055298,0.016452446579933167,0
mujoco,flat_forward,2,2,1333,13.329999999998051,1.0,0.0,0.33182189358057945,-0.0038286552858288244,-0.020822178186923945,0.5258371096333382,-0.04068427071536408,2.1854560375213623,0.011506278067827225,0
mujoco,flat_forward,2,2,1334,13.339999999998046,1.0,0.0,0.3318118969616279,-0.003827351221774747,-0.020859286795367128,0.5256393330109683,-0.04767141949611078,2.185147762298584,0.009980062954127789,0
mujoco,flat_forward,2,2,1335,13.34999999999804,1.0,0.0,0.3318098449234026,-0.00382072216442423,-0.020808016180710664,0.5256315216959495,-0.040340873761883056,2.189382791519165,0.009853302501142025,0
mujoco,flat_forward,2,2,1336,13.359999999998035,1.0,0.0,0.33180213955909005,-0.003821780560000975,-0.020858356633679572,0.5254033003093191,-0.04925486112867477,2.1849029064178467,0.011013716459274292,0
mujoco,flat_forward,2,2,1337,13.36999999999803,1.0,0.0,0.3317980974109989,-0.0038179278291187294,-0.020860792683269794,0.5258071701108531,-0.04291649524864074,2.1893646717071533,0.011360407806932926,0
mujoco,flat_forward,2,2,1338,13.379999999998024,1.0,0.0,0.33178567767055545,-0.003820509382469952,-0.02088480426399746,0.5250516131072022,-0.04772458655986979,2.1818742752075195,0.016571341082453728,0
mujoco,flat_forward,2,2,1339,13.389999999998018,1.0,0.0,0.33177606609598054,-0.0038138928693386086,-0.020913699970638074,0.5257775332035192,-0.04534340998882617,2.189943552017212,0.01805778406560421,0
mujoco,flat_forward,2,2,1340,13.399999999998013,1.0,0.0,0.33176288051914643,-0.003819936413103089,-0.020865256629746084,0.5246686624500124,-0.045991679076134925,2.180086612701416,0.02381940558552742,0
mujoco,flat_forward,2,2,1341,13.409999999998007,1.0,0.0,0.3317507634730756,-0.003819461869700494,-0.02091980831256529,0.5256341742796411,-0.047034117206053216,2.189934492111206,0.025429872795939445,0
mujoco,flat_forward,2,2,1342,13.419999999998002,1.0,0.0,0.33174219567385166,-0.003821160452837755,-0.020793846534053605,0.5243226932001177,-0.045400606662699065,2.179997682571411,0.025103772059082985,0
mujoco,flat_forward,2,2,1343,13.429999999997996,1.0,0.0,0.33173334743101246,-0.0038210049649862934,-0.020860505215271424,0.5250209175938148,-0.045083096336943275,2.1888175010681152,0.02566177025437355,0
mujoco,flat_forward,2,2,1344,13.43999999999799,1.0,0.0,0.3317333542503433,-0.003818839439045606,-0.02073046787111782,0.5239601401538969,-0.04600300401919993,2.183043956756592,0.018788659945130348,0
mujoco,flat_forward,2,2,1345,13.449999999997985,1.0,0.0,0.3317305568126515,-0.003818873280123639,-0.020841707308569327,0.5247263039484626,-0.044084329733675855,2.187127113342285,0.016245190054178238,0
mujoco,flat_forward,2,2,1346,13.45999999999798,1.0,0.0,0.33173090827497453,-0.0038177295417075405,-0.020764238940298597,0.5239623810911482,-0.0474949309894583,2.1813459396362305,0.017268246039748192,0
mujoco,flat_forward,2,2,1347,13.469999999997974,1.0,0.0,0.33172397292233463,-0.003819729764627439,-0.020853446032608434,0.5241653795207903,-0.04344761276603688,2.184798002243042,0.013509061187505722,0
mujoco,flat_forward,2,2,1348,13.479999999997968,1.0,0.0,0.3317242502740013,-0.0038215898157776063,-0.020765529191639955,0.52386105456623,-0.04952559769887748,2.184752941131592,0.007926844991743565,0
mujoco,flat_forward,2,2,1349,13.489999999997963,1.0,0.0,0.3317198527625094,-0.0038246538258781796,-0.020792786632176086,0.523522041675051,-0.043451789106976196,2.183854579925537,0.007072391454130411,0
mujoco,flat_forward,2,2,1350,13.499999999997957,1.0,0.0,0.3317235825799267,-0.0038331613418331797,-0.0207196077172269,0.5238045811268218,-0.051599338215353084,2.187901258468628,0.009252806194126606,0
mujoco,flat_forward,2,2,1351,13.509999999997952,1.0,0.0,0.3317206215369188,-0.0038457691518186004,-0.020750258365573832,0.523334078346378,-0.04755509791074336,2.1823580265045166,0.013385849073529243,0
mujoco,flat_forward,2,2,1352,13.519999999997946,1.0,0.0,0.33172144630891337,-0.003869298333569174,-0.020734803011729128,0.5239029649109126,-0.053871526135131076,2.186213731765747,0.013361656107008457,0
mujoco,flat_forward,2,2,1353,13.52999999999794,1.0,0.0,0.33171808559322447,-0.0038728578935547328,-0.020721455219932274,0.5230217033722722,-0.04505586184451345,2.1791481971740723,0.015223086811602116,0
mujoco,flat_forward,2,2,1354,13.539999999997935,1.0,0.0,0.3317158721993479,-0.003882599610464087,-0.020715208139002548,0.5234080728808264,-0.04650171738897343,2.1850080490112305,0.01676783710718155,0
mujoco,flat_forward,2,2,1355,13.54999999999793,1.0,0.0,0.33171448598047465,-0.003863992565059266,-0.02067725272608358,0.5224991869608728,-0.045017078697953655,2.182274103164673,0.010903707705438137,0
mujoco,flat_forward,2,2,1356,13.559999999997924,1.0,0.0,0.3317159476477975,-0.0038629330843732946,-0.020660763635638194,0.5228445707103698,-0.04207863011169841,2.187710762023926,0.01210667286068201,0
mujoco,flat_forward,2,2,1357,13.569999999997918,1.0,0.0,0.33172049362953093,-0.0038374403180433786,-0.020624435789676793,0.5221696707064507,-0.04719916742857071,2.1863160133361816,0.009639328345656395,0
mujoco,flat_forward,2,2,1358,13.579999999997913,1.0,0.0,0.3317256678177353,-0.0038395257891474235,-0.02065429986744919,0.5226831236232923,-0.04234192236343538,2.189079523086548,0.009999429807066917,0
mujoco,flat_forward,2,2,1359,13.589999999997907,1.0,0.0,0.33172997503135904,-0.003825136512096442,-0.020653564557854977,0.5222425166745157,-0.052243439547012376,2.185413122177124,0.012172916904091835,0
mujoco,flat_forward,2,2,1360,13.599999999997902,1.0,0.0,0.3317312846093368,-0.003829297793812641,-0.02068731071982101,0.5224273107163612,-0.03979370256155566,2.186767816543579,0.0125364875420928,0
mujoco,flat_forward,2,2,1361,13.609999999997896,1.0,0.0,0.3317311891360457,-0.003818440063535807,-0.020699553906004992,0.5221941295330694,-0.0546320835138189,2.1842708587646484,0.01527613215148449,0
mujoco,flat_forward,2,2,1362,13.61999999999789,1.0,0.0,0.33172789410867626,-0.0038134555606425006,-0.02071551362177864,0.5220089180426319,-0.03880065562965348,2.1847376823425293,0.016609370708465576,0
mujoco,flat_forward,2,2,1363,13.629999999997885,1.0,0.0,0.33172488347806467,-0.003812523583944863,-0.020717932807284234,0.5217975749405083,-0.05240653094105658,2.18432879447937,0.015249683521687984,0
mujoco,flat_forward,2,2,1364,13.63999999999788,1.0,0.0,0.3317255505061716,-0.003797927078060509,-0.020720217863336516,0.5216186247885913,-0.03731454228458005,2.185837745666504,0.011206667870283127,0
mujoco,flat_forward,2,2,1365,13.649999999997874,1.0,0.0,0.3317241985595886,-0.0037911695076154506,-0.020735511558741992,0.5214447011050417,-0.05039302114207992,2.1823415756225586,0.013381806202232838,0
mujoco,flat_forward,2,2,1366,13.659999999997869,1.0,0.0,0.3317227986492748,-0.0037747710914350194,-0.020744112450736853,0.5214248653026212,-0.041408333947876255,2.1858034133911133,0.012230713851749897,0
mujoco,flat_forward,2,2,1367,13.669999999997863,1.0,0.0,0.331719844024057,-0.003778743095140258,-0.020732316392627827,0.5211039741780975,-0.04894997562617043,2.1839687824249268,0.0074014486744999886,0
mujoco,flat_forward,2,2,1368,13.679999999997857,1.0,0.0,0.33172154889625804,-0.0037667476512334573,-0.02071345309888304,0.5211810906163248,-0.045043433998392696,2.1881988048553467,0.009831859730184078,0
mujoco,flat_forward,2,2,1369,13.689999999997852,1.0,0.0,0.3317247392281895,-0.003777785039692748,-0.02066394283327493,0.5206839084860961,-0.04659079389225141,2.1853513717651367,0.008229225873947144,0
mujoco,flat_forward,2,2,1370,13.699999999997846,1.0,0.0,0.33173286051932593,-0.003770502772974625,-0.020657751243107248,0.5209835685985463,-0.04872366733196349,2.1894288063049316,0.012550869956612587,0
mujoco,flat_forward,2,2,1371,13.70999999999784,1.0,0.0,0.3317409778545263,-0.0037949998561293487,-0.020628111678783003,0.5206435437955158,-0.048768049698124843,2.1846659183502197,0.014828759245574474,0
mujoco,flat_forward,2,2,1372,13.719999999997835,1.0,0.0,0.3317475293111202,-0.0038017556783365263,-0.020697910923352474,0.5212663302678201,-0.05174128098866772,2.1863443851470947,0.014042369090020657,0
mujoco,flat_forward,2,2,1373,13.72999999999783,1.0,0.0,0.3317503185974194,-0.003818113712522367,-0.02065164070910269,0.5204604826253278,-0.045720491866500984,2.179335832595825,0.01983792707324028,0
mujoco,flat_forward,2,2,1374,13.739999999997824,1.0,0.0,0.3317485139856979,-0.003820808011826255,-0.020737009174001158,0.5208589488565462,-0.050186257888140066,2.184788703918457,0.021614238619804382,0
mujoco,flat_forward,2,2,1375,13.749999999997819,1.0,0.0,0.33175311611244673,-0.0038192940361020666,-0.020644057884553063,0.5200989181302494,-0.04504801238224441,2.182356595993042,0.014564490877091885,0
mujoco,flat_forward,2,2,1376,13.759999999997813,1.0,0.0,0.33175511152080633,-0.0038134387507611027,-0.02071851199344705,0.5201792607824759,-0.048268100760864165,2.1856791973114014,0.013440895825624466,0
mujoco,flat_forward,2,2,1377,13.769999999997808,1.0,0.0,0.3317672132852318,-0.003804487016678725,-0.020645238259761077,0.5198091839848631,-0.04516119221274866,2.186793565750122,0.00815727561712265,0
mujoco,flat_forward,2,2,1378,13.779999999997802,1.0,0.0,0.3317750035956894,-0.0037990700739741617,-0.020735026141959434,0.5197824597180041,-0.0504831642925672,2.1851208209991455,0.0062034339644014835,0
mujoco,flat_forward,2,2,1379,13.789999999997796,1.0,0.0,0.33178880315998155,-0.003793192629500377,-0.020707550558964942,0.519843109358089,-0.04846853154227511,2.187124729156494,0.006369785405695438,0
mujoco,flat_forward,2,2,1380,13.799999999997791,1.0,0.0,0.3317927607774374,-0.0037862861540121726,-0.020812426105395417,0.5194664989961632,-0.046579837941917474,2.182637929916382,0.008455597795546055,0
mujoco,flat_forward,2,2,1381,13.809999999997785,1.0,0.0,0.3318001475331084,-0.003776493316584054,-0.020815340415804566,0.5198718769078566,-0.047401363155740193,2.1873254776000977,0.00980458501726389,0
mujoco,flat_forward,2,2,1382,13.81999999999778,1.0,0.0,0.33179850126345545,-0.0037645808748110244,-0.020850177725960338,0.5190068310390415,-0.045444651800277826,2.1815853118896484,0.01492519024759531,0
mujoco,flat_forward,2,2,1383,13.829999999997774,1.0,0.0,0.3317999215852141,-0.003756533986500951,-0.020879165802749483,0.5198648627209909,-0.046602675702489556,2.1906397342681885,0.0199128445237875,0
mujoco,flat_forward,2,2,1384,13.839999999997769,1.0,0.0,0.33179905159202205,-0.0037382446565248305,-0.020829638192117216,0.5185431338638226,-0.04549034997025915,2.1814157962799072,0.022462204098701477,0
mujoco,flat_forward,2,2,1385,13.849999999997763,1.0,0.0,0.3317991020734343,-0.0037292309343059603,-0.020900612887568306,0.51974163721668,-0.044830312634917296,2.1925437450408936,0.025125954300165176,0
mujoco,flat_forward,2,2,1386,13.859999999997758,1.0,0.0,0.3317974828197538,-0.0037132806337950115,-0.020846709364912133,0.518431705935423,-0.04787160013790938,2.180861473083496,0.028668992221355438,0
mujoco,flat_forward,2,2,1387,13.869999999997752,1.0,0.0,0.3317927534325753,-0.0037061054393002684,-0.02094147746324611,0.5193133527239793,-0.04261437445266105,2.1910977363586426,0.02580292336642742,0
mujoco,flat_forward,2,2,1388,13.879999999997747,1.0,0.0,0.3317925868014455,-0.003692943537872467,-0.02084632212563094,0.5182840172631275,-0.048515300750718304,2.1834845542907715,0.021541118621826172,0
mujoco,flat_forward,2,2,1389,13.889999999997741,1.0,0.0,0.33179005365074976,-0.0036850175134196753,-0.020915923189066956,0.5188726034203843,-0.03765878038262122,2.1899380683898926,0.018795792013406754,0
mujoco,flat_forward,2,2,1390,13.899999999997736,1.0,0.0,0.33179125107635843,-0.003664545831288039,-0.020839070468347723,0.5181762981134053,-0.04732381900567907,2.1849050521850586,0.01781393215060234,0
mujoco,flat_forward,2,2,1391,13.90999999999773,1.0,0.0,0.3317863981036524,-0.003656571292661505,-0.020920098845602503,0.5186684559017174,-0.03989241653937696,2.1885085105895996,0.014516277238726616,0
mujoco,flat_forward,2,2,1392,13.919999999997724,1.0,0.0,0.331784816641684,-0.00365253296048438,-0.02085577374982414,0.518447446703574,-0.052499287288643864,2.186504364013672,0.010909094475209713,0
mujoco,flat_forward,2,2,1393,13.929999999997719,1.0,0.0,0.3317779437626071,-0.0036555386837933005,-0.020875341619776,0.5184109675599398,-0.04163895605354556,2.186692953109741,0.012071875855326653,0
mujoco,flat_forward,2,2,1394,13.939999999997713,1.0,0.0,0.3317760098142703,-0.0036661650007887565,-0.020816077022612796,0.5185303073458194,-0.05369787726200554,2.1880548000335693,0.010868743062019348,0
mujoco,flat_forward,2,2,1395,13.949999999997708,1.0,0.0,0.3317751308729749,-0.003664934172038953,-0.02077705784898944,0.5180038873475862,-0.04250465976353152,2.1859991550445557,0.009881308302283287,0
mujoco,flat_forward,2,2,1396,13.959999999997702,1.0,0.0,0.33177958309255823,-0.003680215102500203,-0.02074232198387925,0.5183870656143589,-0.052619810850883665,2.189438581466675,0.011612383648753166,0
mujoco,flat_forward,2,2,1397,13.969999999997697,1.0,0.0,0.33178415860560356,-0.003681788659228647,-0.020723309635780524,0.517861522356173,-0.04639925896773365,2.1858949661254883,0.01008755061775446,0
mujoco,flat_forward,2,2,1398,13.979999999997691,1.0,0.0,0.3317910661108066,-0.0037036806218228597,-0.02070962921314868,0.5180664377729519,-0.04972961530268859,2.188459634780884,0.009293210692703724,0
mujoco,flat_forward,2,2,1399,13.989999999997686,1.0,0.0,0.33179964929149014,-0.003694919977914706,-0.020711069339751517,0.5176659753995432,-0.045167680218726525,2.1869380474090576,0.004279754590243101,0
mujoco,flat_forward,2,2,1400,13.99999999999768,1.0,0.0,0.33180798529263833,-0.0037013892936809687,-0.020709955744893177,0.5175651570742427,-0.04391740839455582,2.187039852142334,0.0026328975800424814,0
mujoco,flat_forward,2,2,1401,14.009999999997675,1.0,0.0,0.3318175793111069,-0.0036796514206633452,-0.020717705852242096,0.5173423014041608,-0.04737843108069084,2.189020872116089,0.005276769865304232,0
mujoco,flat_forward,2,2,1402,14.019999999997669,1.0,0.0,0.33182772893616347,-0.003682262327070911,-0.020712533151318324,0.5171289110704598,-0.04143905515988966,2.188615560531616,0.008546586148440838,0
mujoco,flat_forward,2,2,1403,14.029999999997663,1.0,0.0,0.33183827526651954,-0.0036671679430378907,-0.020738213774973018,0.517168697584008,-0.05146346861028797,2.190009117126465,0.009992101229727268,0
mujoco,flat_forward,2,2,1404,14.039999999997658,1.0,0.0,0.3318463881239678,-0.0036860781690297045,-0.020747311878066832,0.5171577626878642,-0.04354379366503373,2.1883325576782227,0.014916160143911839,0
mujoco,flat_forward,2,2,1405,14.049999999997652,1.0,0.0,0.33184965761123764,-0.0036901930135212484,-0.020795792327080155,0.5172596201206829,-0.055638853756144524,2.1877715587615967,0.013842045329511166,0
mujoco,flat_forward,2,2,1406,14.059999999997647,1.0,0.0,0.33185354743873774,-0.0036959538149684014,-0.020781953213784572,0.51699290997043,-0.0420948002028262,2.187818765640259,0.013371368870139122,0
mujoco,flat_forward,2,2,1407,14.069999999997641,1.0,0.0,0.331851630187204,-0.0036875840661997642,-0.020848278948393063,0.5168480102710455,-0.04815788117149868,2.1866493225097656,0.015253555960953236,0
mujoco,flat_forward,2,2,1408,14.079999999997636,1.0,0.0,0.3318539004276955,-0.0036706784702179997,-0.020820670020535816,0.5167029698073768,-0.03761164942733211,2.190178632736206,0.009626703336834908,0
mujoco,flat_forward,2,2,1409,14.08999999999763,1.0,0.0,0.3318498150170968,-0.0036563404063532003,-0.020880046266884857,0.5166056318820356,-0.047887173589166006,2.187990427017212,0.010370928794145584,0
mujoco,flat_forward,2,2,1410,14.099999999997625,1.0,0.0,0.3318487482444423,-0.0036393645382237784,-0.020883586538037013,0.5168939103404873,-0.03964683264777208,2.192936658859253,0.012090795673429966,0
mujoco,flat_forward,2,2,1411,14.10999999999762,1.0,0.0,0.3318404388946851,-0.0036307566835737147,-0.020913663603007882,0.5163753751964038,-0.04650807317888827,2.187565326690674,0.013674403540790081,0
mujoco,flat_forward,2,2,1412,14.119999999997614,1.0,0.0,0.3318363436975273,-0.0036134682872980464,-0.020933531230077677,0.516952734287106,-0.04193599465011402,2.1953318119049072,0.016080588102340698,0
mujoco,flat_forward,2,2,1413,14.129999999997608,1.0,0.0,0.331829859728174,-0.003610510402102768,-0.020905220543429755,0.5161185231760483,-0.044175127001808166,2.186990976333618,0.019628409296274185,0
mujoco,flat_forward,2,2,1414,14.139999999997602,1.0,0.0,0.33182657953714234,-0.003599976666841138,-0.020945914029685216,0.5170967005206523,-0.04526193306102808,2.195730686187744,0.02143746241927147,0
mujoco,flat_forward,2,2,1415,14.149999999997597,1.0,0.0,0.33182304520174355,-0.0036043178391586238,-0.020870552120834496,0.5160217581192952,-0.04324736118406657,2.1854467391967773,0.02600197121500969,0
mujoco,flat_forward,2,2,1416,14.159999999997591,1.0,0.0,0.3318188783653775,-0.003606212473717132,-0.02096248721635762,0.5170757794813716,-0.04807199924626895,2.193810224533081,0.026307523250579834,0
mujoco,flat_forward,2,2,1417,14.169999999997586,1.0,0.0,0.3318166320399319,-0.003619322336741793,-0.020873851370976616,0.5161486155555175,-0.04671838450579029,2.1840403079986572,0.027100929990410805,0
mujoco,flat_forward,2,2,1418,14.17999999999758,1.0,0.0,0.33180967671096234,-0.003630529812508545,-0.020978827727795045,0.5167982571327434,-0.04822079195388499,2.1906015872955322,0.02391616441309452,0
mujoco,flat_forward,2,2,1419,14.189999999997575,1.0,0.0,0.3318095923712244,-0.0036385105691034906,-0.020877732053174565,0.5159985994921846,-0.04714585900883713,2.1864795684814453,0.016949063166975975,0
mujoco,flat_forward,2,2,1420,14.19999999999757,1.0,0.0,0.3318057604476765,-0.0036435995028303364,-0.0209616560262518,0.5161449986771464,-0.04636964534731197,2.1891024112701416,0.014407847076654434,0
mujoco,flat_forward,2,2,1421,14.209999999997564,1.0,0.0,0.33181138588244197,-0.003644326382416583,-0.02088133251730219,0.5157669547315039,-0.04792054084315809,2.1894724369049072,0.008814550936222076,0
mujoco,flat_forward,2,2,1422,14.219999999997558,1.0,0.0,0.3318116498913461,-0.003640792482953579,-0.020963354902227685,0.5155686892646523,-0.04172294976454427,2.1872870922088623,0.006471374072134495,0
mujoco,flat_forward,2,2,1423,14.229999999997553,1.0,0.0,0.3318174801515104,-0.003635295527535793,-0.02091833748946959,0.5156097258697826,-0.04714975087809542,2.189648151397705,0.006733976770192385,0
mujoco,flat_forward,2,2,1424,14.239999999997547,1.0,0.0,0.3318131989928358,-0.0036334259267579256,-0.020996477696827495,0.5153594813468011,-0.044890338515705196,2.186067819595337,0.010029315017163754,0
mujoco,flat_forward,2,2,1425,14.249999999997542,1.0,0.0,0.33181134717896194,-0.0036406914157060956,-0.020981428903281495,0.5159438764743528,-0.051758326721859683,2.190291404724121,0.009607252664864063,0
mujoco,flat_forward,2,2,1426,14.259999999997536,1.0,0.0,0.3318002739322803,-0.0036457192063275036,-0.020981061903390816,0.5151673919827853,-0.04678721243425812,2.1842010021209717,0.01660233736038208,0
mujoco,flat_forward,2,2,1427,14.26999999999753,1.0,0.0,0.33179128610456526,-0.0036619613391157715,-0.020982242967642232,0.5158214297891696,-0.04853405155556141,2.191331148147583,0.02003050036728382,0
mujoco,flat_forward,2,2,1428,14.279999999997525,1.0,0.0,0.33178267731071676,-0.0036580566910754267,-0.02092147842068636,0.5147299441032692,-0.04749871861305986,2.1845250129699707,0.01715037226676941,0
mujoco,flat_forward,2,2,1429,14.28999999999752,1.0,0.0,0.3317768729814156,-0.0036660473751650006,-0.020926266458932093,0.5153619204053264,-0.043825712587846746,2.191732406616211,0.01817815750837326,0
mujoco,flat_forward,2,2,1430,14.299999999997514,1.0,0.0,0.33177382881120165,-0.0036501037957217784,-0.020860231436497675,0.5143426725891934,-0.048576918946096136,2.1859073638916016,0.016732022166252136,0
mujoco,flat_forward,2,2,1431,14.309999999997508,1.0,0.0,0.33177116795759953,-0.0036476614410534966,-0.020885299850985143,0.5147962915844627,-0.03959497668175076,2.1914820671081543,0.015193711034953594,0
mujoco,flat_forward,2,2,1432,14.319999999997503,1.0,0.0,0.3317704235766755,-0.0036262943050802622,-0.02083684311963607,0.5140557500393347,-0.05048785726223671,2.186868906021118,0.016387155279517174,0
mujoco,flat_forward,2,2,1433,14.329999999997497,1.0,0.0,0.3317650482033879,-0.003624321556291032,-0.020910569451446037,0.5146254158048332,-0.03963819719134481,2.1901917457580566,0.01516796462237835,0
mujoco,flat_forward,2,2,1434,14.339999999997492,1.0,0.0,0.33175492641009624,-0.0036058105850953846,-0.020937461834271816,0.5142340592754023,-0.05173967976289572,2.1849606037139893,0.017346210777759552,0
mujoco,flat_forward,2,2,1435,14.349999999997486,1.0,0.0,0.33173652580998453,-0.003598294176661659,-0.020983026780160428,0.5143236498469822,-0.03729581453738109,2.187013626098633,0.016055472195148468,0
mujoco,flat_forward,2,2,1436,14.35999999999748,1.0,0.0,0.33171704133783203,-0.003593264783753605,-0.020969808289166256,0.5142702593193577,-0.0520597520408877,2.1867544651031494,0.013321536593139172,0
mujoco,flat_forward,2,2,1437,14.369999999997475,1.0,0.0,0.33169802479434574,-0.0035838266718900653,-0.02095528564670381,0.5140149468216997,-0.038073750978489404,2.1876561641693115,0.013312416151165962,0
mujoco,flat_forward,2,2,1438,14.37999999999747,1.0,0.0,0.33168311985121773,-0.0035880828286418125,-0.020914729092773688,0.5138936070185258,-0.04870568559256059,2.188697576522827,0.011826292611658573,0
mujoco,flat_forward,2,2,1439,14.389999999997464,1.0,0.0,0.33167518072417385,-0.0035772569817178815,-0.020877432880845617,0.5136243441236121,-0.040143415909987525,2.18986177444458,0.007868064567446709,0
mujoco,flat_forward,2,2,1440,14.399999999997458,1.0,0.0,0.33167217527143245,-0.0035872801125335515,-0.020839891004119166,0.5134018648932196,-0.04577230212056934,2.189115047454834,0.006015349645167589,0
mujoco,flat_forward,2,2,1441,14.409999999997453,1.0,0.0,0.3316758101112177,-0.003577379960792639,-0.020815513371161134,0.5132717511417674,-0.04339999029386064,2.1903226375579834,0.005316565278917551,0
mujoco,flat_forward,2,2,1442,14.419999999997447,1.0,0.0,0.3316808121088267,-0.003599350864739939,-0.020805764857867053,0.5132493399170597,-0.047218476846513084,2.1882128715515137,0.006654877215623856,0
mujoco,flat_forward,2,2,1443,14.429999999997442,1.0,0.0,0.33168665334514075,-0.0036032526227714207,-0.020819293085270724,0.5132557870688879,-0.04962877403348336,2.1883158683776855,0.00554330600425601,0
mujoco,flat_forward,2,2,1444,14.439999999997436,1.0,0.0,0.331691032413265,-0.0036333007172732012,-0.02079727444173339,0.5129494888188502,-0.04582738371929269,2.186359405517578,0.009288960136473179,0
mujoco,flat_forward,2,2,1445,14.44999999999743,1.0,0.0,0.33169479487450093,-0.003641302430545918,-0.020818825656691742,0.5130900231308978,-0.05343399334185952,2.1875202655792236,0.012047984637320042,0
mujoco,flat_forward,2,2,1446,14.459999999997425,1.0,0.0,0.33169804985358614,-0.0036640006354356157,-0.02076926756903012,0.5125419501879819,-0.043923736795757236,2.1846725940704346,0.015804031863808632,0
mujoco,flat_forward,2,2,1447,14.46999999999742,1.0,0.0,0.3316972380998721,-0.0036684708411729365,-0.020838865204818927,0.5126300634662398,-0.048291205918760495,2.186107873916626,0.01732497848570347,0
mujoco,flat_forward,2,2,1448,14.479999999997414,1.0,0.0,0.33170084111186954,-0.003665434439839271,-0.02076592419311289,0.5119821268543513,-0.0401744959455574,2.1848318576812744,0.010824842378497124,0
mujoco,flat_forward,2,2,1449,14.489999999997409,1.0,0.0,0.33169910509745815,-0.0036580291099335836,-0.020838496315282114,0.5121337240895045,-0.04890809305960295,2.1862425804138184,0.010643389075994492,0
mujoco,flat_forward,2,2,1450,14.499999999997403,1.0,0.0,0.3317016384084753,-0.0036520209854409543,-0.020783271590397417,0.511879760289292,-0.04272891953906057,2.187187910079956,0.011166087351739407,0
mujoco,flat_forward,2,2,1451,14.509999999997397,1.0,0.0,0.3316975038412804,-0.0036481853199496032,-0.02083304901571796,0.5116298333622228,-0.04834990754154312,2.185948371887207,0.008035225793719292,0
mujoco,flat_forward,2,2,1452,14.519999999997392,1.0,0.0,0.33170092596067996,-0.0036391638048227024,-0.0207814584535634,0.5117340032808493,-0.043120426538352345,2.190634250640869,0.009222429245710373,0
mujoco,flat_forward,2,2,1453,14.529999999997386,1.0,0.0,0.33169920203374026,-0.003632640126642583,-0.020796379689790517,0.511015247164427,-0.046150808828447014,2.1852922439575195,0.011727660894393921,0
mujoco,flat_forward,2,2,1454,14.53999999999738,1.0,0.0,0.33170438683559456,-0.003620779775935472,-0.020785138830121046,0.5116327123133304,-0.043436176292941345,2.192768096923828,0.01567801646888256,0
mujoco,flat_forward,2,2,1455,14.549999999997375,1.0,0.0,0.3317003042878233,-0.0036118318706127293,-0.020843671841860263,0.5108433499434789,-0.04493152744195148,2.1825387477874756,0.02256348729133606,0
mujoco,flat_forward,2,2,1456,14.55999999999737,1.0,0.0,0.3316958907613136,-0.003601573660917835,-0.020905427510196983,0.5118820513893898,-0.04479891695581686,2.190573215484619,0.01993548311293125,0
mujoco,flat_forward,2,2,1457,14.569999999997364,1.0,0.0,0.3316822207054677,-0.0035924434441905644,-0.020895110475677815,0.5105406786392805,-0.044836479219142494,2.1790754795074463,0.028525566682219505,0
mujoco,flat_forward,2,2,1458,14.579999999997359,1.0,0.0,0.33166704643444583,-0.0035839765348928327,-0.020978610650360018,0.5115405221231675,-0.04339092336387306,2.1910011768341064,0.029937397688627243,0
mujoco,flat_forward,2,2,1459,14.589999999997353,1.0,0.0,0.331656144142002,-0.003572427733339003,-0.02086033637489186,0.5102549598501325,-0.0454396400308561,2.1812667846679688,0.026633184403181076,0
mujoco,flat_forward,2,2,1460,14.599999999997348,1.0,0.0,0.3316453463342437,-0.003564298413722996,-0.0209275473600346,0.5110155478877506,-0.04157744336117272,2.191068410873413,0.026041753590106964,0
mujoco,flat_forward,2,2,1461,14.609999999997342,1.0,0.0,0.3316439305854836,-0.0035542371989577015,-0.020801869508417444,0.5100701893035363,-0.04646952308171737,2.185542345046997,0.018777167424559593,0
mujoco,flat_forward,2,2,1462,14.619999999997336,1.0,0.0,0.3316410127107112,-0.003552824616996552,-0.020894333618106668,0.510731747050147,-0.044329521154142765,2.189460277557373,0.0164918452501297,0
mujoco,flat_forward,2,2,1463,14.629999999997331,1.0,0.0,0.33164514828317065,-0.0035541334252718326,-0.020808666963118293,0.5102016707072521,-0.050817614613252446,2.1852405071258545,0.014201539568603039,0
mujoco,flat_forward,2,2,1464,14.639999999997325,1.0,0.0,0.33164444257777287,-0.0035606087533554378,-0.020877397618314107,0.5102427175995422,-0.044827599262250356,2.1858811378479004,0.010875833220779896,0
mujoco,flat_forward,2,2,1465,14.64999999999732,1.0,0.0,0.33165146146456065,-0.003567149500925253,-0.020799755075339942,0.5101363295338389,-0.052873787636029894,2.186316728591919,0.006998381111770868,0
mujoco,flat_forward,2,2,1466,14.659999999997314,1.0,0.0,0.3316529707132712,-0.003568749897753746,-0.020830243683340275,0.5098046280676406,-0.04118198668697721,2.183372974395752,0.009336886927485466,0
mujoco,flat_forward,2,2,1467,14.669999999997309,1.0,0.0,0.3316574005619341,-0.0035727857990600696,-0.02079291944657743,0.5101048537270543,-0.05241804459562148,2.186197280883789,0.011499233543872833,0
mujoco,flat_forward,2,2,1468,14.679999999997303,1.0,0.0,0.33165284294330566,-0.003574154477925724,-0.020811684198202632,0.5096397421904925,-0.04488538255261768,2.1818599700927734,0.015545262955129147,0
mujoco,flat_forward,2,2,1469,14.689999999997298,1.0,0.0,0.33164902119032763,-0.00359163241671723,-0.020798015087188364,0.5100118241539668,-0.05212097570715301,2.186152458190918,0.015450875274837017,0
mujoco,flat_forward,2,2,1470,14.699999999997292,1.0,0.0,0.331645247987589,-0.0035886873466456637,-0.02076574985252015,0.5092270291915745,-0.04754433102473163,2.1828691959381104,0.010004962794482708,0
mujoco,flat_forward,2,2,1471,14.709999999997287,1.0,0.0,0.33164556357591385,-0.003601786567865422,-0.020739404660808817,0.5095079541513436,-0.04852375475261469,2.1869301795959473,0.011701189912855625,0
mujoco,flat_forward,2,2,1472,14.719999999997281,1.0,0.0,0.3316493240588694,-0.0035861998174364237,-0.020699868889837318,0.5087449227232351,-0.049336782523854386,2.185227155685425,0.007608805783092976,0
mujoco,flat_forward,2,2,1473,14.729999999997275,1.0,0.0,0.33165659521331015,-0.003590512492250029,-0.02067708147353624,0.5089005579555143,-0.044608437873332574,2.1875216960906982,0.008160288445651531,0
mujoco,flat_forward,2,2,1474,14.73999999999727,1.0,0.0,0.33166518175774035,-0.0035631992178341916,-0.020679701698182097,0.508522001605553,-0.04842386456457516,2.186124801635742,0.00882942508906126,0
mujoco,flat_forward,2,2,1475,14.749999999997264,1.0,0.0,0.33167116865409496,-0.0035618926612940656,-0.020704462598378923,0.5087182011740539,-0.04316335731059151,2.1857759952545166,0.008453316055238247,0
mujoco,flat_forward,2,2,1476,14.759999999997259,1.0,0.0,0.33167332078894257,-0.0035424117845562425,-0.02072565327892257,0.50861307820855,-0.053724820173003264,2.1852216720581055,0.008907102979719639,0
mujoco,flat_forward,2,2,1477,14.769999999997253,1.0,0.0,0.3316720259028772,-0.003543903999303494,-0.020735904090641726,0.5086119209895452,-0.04196111218498703,2.185638189315796,0.01365330908447504,0
mujoco,flat_forward,2,2,1478,14.779999999997248,1.0,0.0,0.33166794476032646,-0.0035322320358417746,-0.020757047289791365,0.5085185627249578,-0.055292171074512585,2.185202121734619,0.01438708882778883,0
mujoco,flat_forward,2,2,1479,14.789999999997242,1.0,0.0,0.3316661915427348,-0.003520939758597038,-0.020748772478146167,0.5083074461464129,-0.03953122180331377,2.1867241859436035,0.01382216066122055,0
mujoco,flat_forward,2,2,1480,14.799999999997237,1.0,0.0,0.33166278069229055,-0.0035073606835481757,-0.020755065213824902,0.5078960690237172,-0.05124093903263838,2.1849772930145264,0.015906119719147682,0
mujoco,flat_forward,2,2,1481,14.809999999997231,1.0,0.0,0.3316653110774329,-0.003483125684520879,-0.0207396268463311,0.5078163008219279,-0.03947954568465907,2.189732074737549,0.013312513008713722,0
mujoco,flat_forward,2,2,1482,14.819999999997226,1.0,0.0,0.3316678216267213,-0.0034754661519241,-0.02074412929682512,0.5076235832809138,-0.05169354242484192,2.1854896545410156,0.011492673307657242,0
mujoco,flat_forward,2,2,1483,14.82999999999722,1.0,0.0,0.3316729097908125,-0.0034594002402879576,-0.02076008865848295,0.5079006982487971,-0.04175221760402423,2.1893935203552246,0.011571083217859268,0
mujoco,flat_forward,2,2,1484,14.839999999997215,1.0,0.0,0.3316723308051636,-0.0034540279029732397,-0.02076225691003883,0.5073237670514897,-0.047467408135995655,2.182668685913086,0.014542905613780022,0
mujoco,flat_forward,2,2,1485,14.849999999997209,1.0,0.0,0.3316737466390539,-0.003433333258476205,-0.020771000166468805,0.5077561473199507,-0.04425031862414037,2.190270185470581,0.016708264127373695,0
mujoco,flat_forward,2,2,1486,14.859999999997203,1.0,0.0,0.33167357232113726,-0.003432045596389981,-0.020713363592602067,0.5069976045597941,-0.04583597032032899,2.1843202114105225,0.016422761604189873,0
mujoco,flat_forward,2,2,1487,14.869999999997198,1.0,0.0,0.3316763114893047,-0.0034216364754625734,-0.02073273647166169,0.5077704066940499,-0.04878055274683976,2.1924285888671875,0.02074289880692959,0
mujoco,flat_forward,2,2,1488,14.879999999997192,1.0,0.0,0.3316805897749791,-0.003429848233625209,-0.020632765525508558,0.5068346162498396,-0.04547555740415123,2.184234142303467,0.02288723550736904,0
mujoco,flat_forward,2,2,1489,14.889999999997187,1.0,0.0,0.3316847223200386,-0.0034339282591310315,-0.020707435712985323,0.5076688540639442,-0.051999923623249344,2.191183090209961,0.024820858612656593,0
mujoco,flat_forward,2,2,1490,14.899999999997181,1.0,0.0,0.3316927235329493,-0.003449928324283324,-0.020614018556654186,0.5068737422206587,-0.04882346381536698,2.1829817295074463,0.02371041104197502,0
mujoco,flat_forward,2,2,1491,14.909999999997176,1.0,0.0,0.33169592265551845,-0.0034595685326674532,-0.020736453541759126,0.5074484224815609,-0.04843418018689776,2.187746524810791,0.021590443328022957,0
mujoco,flat_forward,2,2,1492,14.91999999999717,1.0,0.0,0.33170423583708664,-0.0034597204930193245,-0.020661463490117014,0.5066154584399573,-0.04642560467582406,2.1831371784210205,0.01600952260196209,0
mujoco,flat_forward,2,2,1493,14.929999999997165,1.0,0.0,0.3317077455865613,-0.003455824514081076,-0.020759105073830136,0.506720230689695,-0.045775730460329185,2.186915397644043,0.014244874939322472,0
mujoco,flat_forward,2,2,1494,14.939999999997159,1.0,0.0,0.3317204668709397,-0.003449401866155558,-0.020690572780879938,0.5063844631643513,-0.047423122589331,2.188138961791992,0.008142419159412384,0
mujoco,flat_forward,2,2,1495,14.949999999997154,1.0,0.0,0.3317294731180569,-0.003442827604824502,-0.020755718681737992,0.506045028036218,-0.04521336122979802,2.1872122287750244,0.0052601490169763565,0
mujoco,flat_forward,2,2,1496,14.959999999997148,1.0,0.0,0.3317476513088552,-0.0034386266962056176,-0.020711147525665895,0.5062723843403024,-0.04937457603005864,2.1918559074401855,0.008077982813119888,0
mujoco,flat_forward,2,2,1497,14.969999999997142,1.0,0.0,0.3317585111860977,-0.0034393159181026864,-0.020786358332257105,0.5058691824159719,-0.04899630645718334,2.186333656311035,0.011907410807907581,0
mujoco,flat_forward,2,2,1498,14.979999999997137,1.0,0.0,0.3317726605989411,-0.0034480439264770887,-0.020799788375304964,0.5065810208314291,-0.053426416565922695,2.1910481452941895,0.011836874298751354,0
mujoco,flat_forward,2,2,1499,14.989999999997131,1.0,0.0,0.33177644052557115,-0.003449689551611791,-0.02084764828409779,0.5057207030994567,-0.04641410070518162,2.1824142932891846,0.019533121958374977,0
mujoco,flat_forward,2,2,1500,14.999999999997126,1.0,0.0,0.3317791033687457,-0.0034556454102438704,-0.020895658496488438,0.5063215510272385,-0.04726684526086585,2.189545154571533,0.02069106139242649,0
mujoco,flat_forward,2,2,1501,15.00999999999712,1.0,0.0,0.3317794283620556,-0.0034399774917534373,-0.02087332465946532,0.5052008647746605,-0.04616462941301179,2.183527946472168,0.01725856214761734,0
mujoco,flat_forward,2,2,1502,15.019999999997115,1.0,0.0,0.33178065564975184,-0.003436888309888826,-0.020911180229605208,0.5058379242796679,-0.042515442221938364,2.192147970199585,0.019173191860318184,0
mujoco,flat_forward,2,2,1503,15.02999999999711,1.0,0.0,0.33178386331430315,-0.003413208369054848,-0.020869216518740415,0.504857191804863,-0.047261452469244035,2.1873679161071777,0.016594678163528442,0
mujoco,flat_forward,2,2,1504,15.039999999997104,1.0,0.0,0.33178601014059583,-0.0034104411562591126,-0.020958793436845282,0.5057001394764413,-0.0418251028692269,2.1935741901397705,0.015817340463399887,0
mujoco,flat_forward,2,2,1505,15.049999999997098,1.0,0.0,0.3317873939669906,-0.0033959227305374916,-0.020939993781836024,0.5049228140878129,-0.05119176540069352,2.186481237411499,0.01947472244501114,0
mujoco,flat_forward,2,2,1506,15.059999999997093,1.0,0.0,0.33178370133269525,-0.0033967343481874955,-0.021022387973225896,0.5053753747864885,-0.04057628359280696,2.1913511753082275,0.016495302319526672,0
mujoco,flat_forward,2,2,1507,15.069999999997087,1.0,0.0,0.331782877675046,-0.003392703700869345,-0.020983852445597376,0.5050175339246661,-0.05311741416052379,2.1879947185516357,0.013865673914551735,0
mujoco,flat_forward,2,2,1508,15.079999999997082,1.0,0.0,0.33177808190161956,-0.0033964130374096665,-0.021006701489470047,0.5050087060031826,-0.039948724053840486,2.189244508743286,0.01357815321534872,0
mujoco,flat_forward,2,2,1509,15.089999999997076,1.0,0.0,0.3317766794197522,-0.0034048693109527952,-0.020975669782178102,0.5050280720705482,-0.053426249541308105,2.190065860748291,0.012171397916972637,0
mujoco,flat_forward,2,2,1510,15.09999999999707,1.0,0.0,0.3317762546608745,-0.0034041324179917847,-0.020960406479112414,0.5045690993719727,-0.0407436941409096,2.1882946491241455,0.011051105335354805,0
mujoco,flat_forward,2,2,1511,15.109999999997065,1.0,0.0,0.3317794905040582,-0.0034196116756424547,-0.02094141760366147,0.5047992306143799,-0.05311880920907099,2.190488338470459,0.011194854974746704,0
mujoco,flat_forward,2,2,1512,15.11999999999706,1.0,0.0,0.3317819265509904,-0.003422256540282328,-0.020946075080358412,0.5045381701105588,-0.041918662694918805,2.1879894733428955,0.010416350327432156,0
mujoco,flat_forward,2,2,1513,15.129999999997054,1.0,0.0,0.33178207149477246,-0.0034393020841044565,-0.02094647235190926,0.5045095282447102,-0.048385198996904896,2.1880195140838623,0.008898726664483547,0
mujoco,flat_forward,2,2,1514,15.139999999997048,1.0,0.0,0.33178361927446587,-0.0034339091118030835,-0.020942273753455733,0.5042112524455487,-0.04372671880515391,2.1898927688598633,0.004883564542979002,0
mujoco,flat_forward,2,2,1515,15.149999999997043,1.0,0.0,0.3317861110616851,-0.003451387461092873,-0.020925135807452262,0.50401904390738,-0.04542824721921475,2.1897003650665283,0.002854663413017988,0
mujoco,flat_forward,2,2,1516,15.159999999997037,1.0,0.0,0.3317925573411476,-0.0034461459213120755,-0.02091863992378308,0.5039083643729639,-0.0472027242775462,2.1923699378967285,0.005960931535810232,0
mujoco,flat_forward,2,2,1517,15.169999999997032,1.0,0.0,0.3318007461988834,-0.003469471237201525,-0.020889047130999643,0.5035807305347603,-0.043152180934219846,2.1903882026672363,0.00884983316063881,0
mujoco,flat_forward,2,2,1518,15.179999999997026,1.0,0.0,0.3318106148670996,-0.0034726765605179242,-0.020908394421101383,0.5037216823168951,-0.05109300850004874,2.192196846008301,0.010805949568748474,0
mujoco,flat_forward,2,2,1519,15.18999999999702,1.0,0.0,0.3318184975918359,-0.0035181921550815494,-0.020910085387946822,0.5035881031086391,-0.04528192486445618,2.1888349056243896,0.01573185995221138,0
mujoco,flat_forward,2,2,1520,15.199999999997015,1.0,0.0,0.3318220341235146,-0.0035415471839873322,-0.020969130839278642,0.5037192261329481,-0.05525927162653826,2.188380241394043,0.0140685448423028,0
mujoco,flat_forward,2,2,1521,15.20999999999701,1.0,0.0,0.33182662831943915,-0.003565345699497532,-0.020928275457425122,0.5032775696654737,-0.04379804649330379,2.1875572204589844,0.013259139843285084,0
mujoco,flat_forward,2,2,1522,15.219999999997004,1.0,0.0,0.3318250662996379,-0.0035708213205398057,-0.0210101028162216,0.5032156515517479,-0.04803811794085218,2.187652587890625,0.014608029276132584,0
mujoco,flat_forward,2,2,1523,15.229999999996998,1.0,0.0,0.33182812510900844,-0.0035657036121812657,-0.02096078933612616,0.5028210225004328,-0.0395611197252711,2.1895322799682617,0.008813713677227497,0
mujoco,flat_forward,2,2,1524,15.239999999996993,1.0,0.0,0.33182514485401915,-0.0035572829011235657,-0.02101918599171537,0.5024958959309855,-0.044340006448788626,2.1889328956604004,0.007929896004498005,0
mujoco,flat_forward,2,2,1525,15.249999999996987,1.0,0.0,0.3318297246105172,-0.003544672233882806,-0.02098277293126027,0.5025822601859405,-0.03926730873400534,2.194470167160034,0.009997528046369553,0
mujoco,flat_forward,2,2,1526,15.259999999996982,1.0,0.0,0.3318275458980462,-0.0035414604325832186,-0.021042034086646354,0.5022550632596864,-0.046331359539156694,2.18957257270813,0.011819637380540371,0
mujoco,flat_forward,2,2,1527,15.269999999996976,1.0,0.0,0.3318289226831633,-0.0035347982618381983,-0.021058889285493054,0.5028095049169309,-0.042418470841369064,2.195232391357422,0.012610575184226036,0
mujoco,flat_forward,2,2,1528,15.27999999999697,1.0,0.0,0.33182186556182525,-0.003534983128496943,-0.021076085551662113,0.5019317107160333,-0.045265089320775685,2.1867003440856934,0.019429875537753105,0
mujoco,flat_forward,2,2,1529,15.289999999996965,1.0,0.0,0.33181635655096964,-0.0035298733580062754,-0.02112612720664679,0.5028708992465735,-0.04489759952001203,2.195528030395508,0.021022096276283264,0
mujoco,flat_forward,2,2,1530,15.29999999999696,1.0,0.0,0.3318074003147231,-0.0035353376142536514,-0.021065096734893186,0.5016607690242122,-0.04378330721563024,2.183943510055542,0.02812357246875763,0
mujoco,flat_forward,2,2,1531,15.309999999996954,1.0,0.0,0.3317974834750087,-0.003539992427528383,-0.02115063081075856,0.5027618654249093,-0.04682981983231228,2.1944963932037354,0.028798280283808708,0
mujoco,flat_forward,2,2,1532,15.319999999996949,1.0,0.0,0.3317884209353271,-0.0035538250988384605,-0.021052136878203325,0.5016794134020655,-0.04695243040739547,2.183098554611206,0.02963111735880375,0
mujoco,flat_forward,2,2,1533,15.329999999996943,1.0,0.0,0.33177550485191426,-0.0035690791110585835,-0.021142987367437065,0.5024370555001091,-0.046942903151851116,2.1916308403015137,0.027109570801258087,0
mujoco,flat_forward,2,2,1534,15.339999999996937,1.0,0.0,0.3317694037984262,-0.003580097020051572,-0.02101964921212771,0.5014480787377715,-0.047838369922680264,2.1857945919036865,0.019801199436187744,0
mujoco,flat_forward,2,2,1535,15.349999999996932,1.0,0.0,0.3317609195462012,-0.003590542002927129,-0.021089199342556385,0.5017344381915845,-0.04545403990362067,2.190012216567993,0.017504673451185226,0
mujoco,flat_forward,2,2,1536,15.359999999996926,1.0,0.0,0.3317624104582096,-0.00359609211940289,-0.020979768074526072,0.5011582316975086,-0.04893360888450408,2.18837571144104,0.011651432141661644,0
mujoco,flat_forward,2,2,1537,15.36999999999692,1.0,0.0,0.33176001917838654,-0.0035989561165595983,-0.021046977773455045,0.5010815529661261,-0.04089420790983683,2.187870740890503,0.00850744266062975,0
mujoco,flat_forward,2,2,1538,15.379999999996915,1.0,0.0,0.33176379969623554,-0.0035982345225689973,-0.020977375353523706,0.5009104147816094,-0.0482494034062001,2.188382863998413,0.008082367479801178,0
mujoco,flat_forward,2,2,1539,15.38999999999691,1.0,0.0,0.33175867789689706,-0.003602307739337974,-0.021043866488539488,0.500756745419014,-0.044148528667091964,2.1860952377319336,0.009269901551306248,0
mujoco,flat_forward,2,2,1540,15.399999999996904,1.0,0.0,0.33175658696723376,-0.0036159381547289622,-0.021002921305026727,0.5011523843866802,-0.05323162950772376,2.189035654067993,0.00750377681106329,0
mujoco,flat_forward,2,2,1541,15.409999999996899,1.0,0.0,0.33174631661481113,-0.0036278653735289084,-0.02099277381808412,0.50049534895423,-0.046211317721005216,2.1843760013580322,0.013994554989039898,0
mujoco,flat_forward,2,2,1542,15.419999999996893,1.0,0.0,0.3317391385219286,-0.0036523657009060813,-0.02096516403553253,0.5009459113288177,-0.05037715589649939,2.190124034881592,0.017483551055192947,0
mujoco,flat_forward,2,2,1543,15.429999999996888,1.0,0.0,0.33173326573319717,-0.00365561216132828,-0.02090750433647732,0.49995265706114034,-0.047336462114295666,2.1850531101226807,0.012783699668943882,0
mujoco,flat_forward,2,2,1544,15.439999999996882,1.0,0.0,0.3317316926070985,-0.00367266499250299,-0.020882424088699243,0.5003512772175801,-0.0458867943217346,2.1903858184814453,0.01432675588876009,0
mujoco,flat_forward,2,2,1545,15.449999999996876,1.0,0.0,0.33173182106092797,-0.0036569424542028804,-0.020862727246211448,0.4995251572765165,-0.04493096728068415,2.1865434646606445,0.011613605543971062,0
mujoco,flat_forward,2,2,1546,15.459999999996871,1.0,0.0,0.33173134902937274,-0.003662477107947528,-0.020886987474927732,0.49999292503601184,-0.04338353515067221,2.189053773880005,0.008126476779580116,0
mujoco,flat_forward,2,2,1547,15.469999999996865,1.0,0.0,0.33172865389503137,-0.0036470606683220133,-0.020883934785604907,0.49944855894505635,-0.04941335166146114,2.1865792274475098,0.009973274543881416,0
mujoco,flat_forward,2,2,1548,15.47999999999686,1.0,0.0,0.33172351868512456,-0.0036556750020327387,-0.020903542820962327,0.49972113384288364,-0.04100094739623675,2.1895148754119873,0.010670599527657032,0
mujoco,flat_forward,2,2,1549,15.489999999996854,1.0,0.0,0.3317180461428629,-0.0036442156720504293,-0.02090121024526238,0.4993707147697268,-0.05224610687339855,2.1880321502685547,0.011813746765255928,0
mujoco,flat_forward,2,2,1550,15.499999999996849,1.0,0.0,0.33171094037142845,-0.003648449790381375,-0.02090865902785716,0.49938816780901457,-0.037775194473976856,2.1890110969543457,0.014142072759568691,0
mujoco,flat_forward,2,2,1551,15.509999999996843,1.0,0.0,0.3317026063735275,-0.003642730957169417,-0.02091438500571784,0.49915458691063663,-0.05267934480669617,2.1875181198120117,0.016040559858083725,0
mujoco,flat_forward,2,2,1552,15.519999999996838,1.0,0.0,0.3316961213257563,-0.0036328317691236398,-0.02091127072987456,0.4988833933770733,-0.037199202453412454,2.1887686252593994,0.014878541231155396,0
mujoco,flat_forward,2,2,1553,15.529999999996832,1.0,0.0,0.33169099369994615,-0.0036337857802090025,-0.020908851856378564,0.49885748753281944,-0.05229967287466666,2.1873996257781982,0.01331526879221201,0
mujoco,flat_forward,2,2,1554,15.539999999996827,1.0,0.0,0.3316872029289115,-0.0036292071403806058,-0.020903003854906586,0.49869760037369887,-0.041384563117707496,2.1887192726135254,0.012915452010929585,0
mujoco,flat_forward,2,2,1555,15.549999999996821,1.0,0.0,0.3316835631405105,-0.0036432379064959995,-0.020889718365523644,0.49854050719025106,-0.05066704464857744,2.187809944152832,0.009289158508181572,0
mujoco,flat_forward,2,2,1556,15.559999999996815,1.0,0.0,0.33168449843124503,-0.003638730915737379,-0.020870065601481008,0.4984685461067781,-0.04089682762982089,2.189816474914551,0.007278777193278074,0
mujoco,flat_forward,2,2,1557,15.56999999999681,1.0,0.0,0.3316835696457169,-0.0036449205961202225,-0.020835888545159182,0.49798772816484627,-0.04510004344075361,2.1862127780914307,0.009822463616728783,0
mujoco,flat_forward,2,2,1558,15.579999999996804,1.0,0.0,0.3316862465759747,-0.0036303534890499327,-0.02081961710667398,0.49813671216419503,-0.04337068100358188,2.191868782043457,0.012579312548041344,0
mujoco,flat_forward,2,2,1559,15.589999999996799,1.0,0.0,0.33168937484123445,-0.0036379495615210295,-0.020749590727712208,0.4975271275130768,-0.043456075200652346,2.187565565109253,0.0126446932554245,0
mujoco,flat_forward,2,2,1560,15.599999999996793,1.0,0.0,0.33169552144912384,-0.0036319489961670623,-0.02075331726601227,0.49801557302481203,-0.04817231564509449,2.1933560371398926,0.015996528789401054,0
mujoco,flat_forward,2,2,1561,15.609999999996788,1.0,0.0,0.33170107436216334,-0.00365805024528627,-0.02070153653400855,0.49761126204411177,-0.046596718014716765,2.1874117851257324,0.019153088331222534,0
mujoco,flat_forward,2,2,1562,15.619999999996782,1.0,0.0,0.33170459757240517,-0.0036725634449216956,-0.020757124036289144,0.4980892024726102,-0.05326523762531019,2.190666913986206,0.017947707325220108,0
mujoco,flat_forward,2,2,1563,15.629999999996777,1.0,0.0,0.33171190560227515,-0.0036928705080939467,-0.02065473313548146,0.49736561226191967,-0.046051598455004394,2.1862118244171143,0.01591876894235611,0
mujoco,flat_forward,2,2,1564,15.639999999996771,1.0,0.0,0.33171558607555746,-0.00370012254315001,-0.02074934431292558,0.4976433685780464,-0.04676711787897664,2.189537763595581,0.0185132697224617,0
mujoco,flat_forward,2,2,1565,15.649999999996766,1.0,0.0,0.33172608576526125,-0.003697409218337994,-0.020668913353137742,0.4969099562858639,-0.04244609394826754,2.187045097351074,0.011807439848780632,0
mujoco,flat_forward,2,2,1566,15.65999999999676,1.0,0.0,0.33173166956499267,-0.003693078330255173,-0.02077022497550799,0.4971171671693715,-0.047421820127109805,2.189251184463501,0.010506304912269115,0
mujoco,flat_forward,2,2,1567,15.669999999996755,1.0,0.0,0.33174320486269854,-0.003688691172966569,-0.02071935878047815,0.4968718182261181,-0.045536304454016505,2.189934253692627,0.008817425929009914,0
mujoco,flat_forward,2,2,1568,15.679999999996749,1.0,0.0,0.3317481495883715,-0.003686642511670868,-0.020795225262412245,0.496619731817216,-0.04742685271748164,2.188892364501953,0.005395282059907913,0
mujoco,flat_forward,2,2,1569,15.689999999996743,1.0,0.0,0.3317610255690017,-0.003681883610157023,-0.020754437168677864,0.4967942799837355,-0.04676900631109909,2.1934139728546143,0.007775753270834684,0
mujoco,flat_forward,2,2,1570,15.699999999996738,1.0,0.0,0.33176803870250915,-0.0036771716898370667,-0.0207860128210943,0.4960838026683008,-0.04629772884428759,2.188211679458618,0.011130929924547672,0
mujoco,flat_forward,2,2,1571,15.709999999996732,1.0,0.0,0.33178105934119995,-0.003672741090416203,-0.020784904470896415,0.49682147920592307,-0.04768904042478196,2.195655345916748,0.016073275357484818,0
mujoco,flat_forward,2,2,1572,15.719999999996727,1.0,0.0,0.3317839170475883,-0.003668068574569722,-0.020854846926078204,0.49604300563875,-0.046021708764698945,2.1852591037750244,0.023086220026016235,0
mujoco,flat_forward,2,2,1573,15.729999999996721,1.0,0.0,0.33178508799261663,-0.0036663395792827574,-0.020925529166688602,0.49697526307699064,-0.04727538338921884,2.1929731369018555,0.02052970975637436,0
mujoco,flat_forward,2,2,1574,15.739999999996716,1.0,0.0,0.3317803371230061,-0.0036539505817307803,-0.020898594519642683,0.49571346554793194,-0.04626480883190459,2.1832938194274902,0.024036478251218796,0
mujoco,flat_forward,2,2,1575,15.74999999999671,1.0,0.0,0.33177475731684997,-0.003647290267163567,-0.02096586006026772,0.4966161709453951,-0.04205160876874793,2.1950395107269287,0.02668866701424122,0
mujoco,flat_forward,2,2,1576,15.759999999996705,1.0,0.0,0.3317709191813798,-0.0036242120590142014,-0.020886837837346437,0.4953725501501355,-0.04604422967029732,2.1867313385009766,0.024378420785069466,0
mujoco,flat_forward,2,2,1577,15.769999999996699,1.0,0.0,0.33176634388374027,-0.0036100283279603836,-0.02096359194965445,0.4960602061475877,-0.038637707224961626,2.196411609649658,0.023072784766554832,0
mujoco,flat_forward,2,2,1578,15.779999999996694,1.0,0.0,0.3317686069434241,-0.003590820972879053,-0.02087336855584658,0.49528254444592185,-0.04687104146128,2.190784454345703,0.01881277747452259,0
mujoco,flat_forward,2,2,1579,15.789999999996688,1.0,0.0,0.3317677170958932,-0.003587213801553222,-0.02097324037505304,0.4959618281561795,-0.04130418511368452,2.1950504779815674,0.015668151900172234,0
mujoco,flat_forward,2,2,1580,15.799999999996682,1.0,0.0,0.33177145537718833,-0.003586740798598643,-0.0209161810446327,0.49562282257011736,-0.05157467390607709,2.1909120082855225,0.013573968783020973,0
mujoco,flat_forward,2,2,1581,15.809999999996677,1.0,0.0,0.33176957296530235,-0.0035950707091113978,-0.020975254927600225,0.4957209698291354,-0.042181728449727396,2.19136905670166,0.011437701061367989,0
mujoco,flat_forward,2,2,1582,15.819999999996671,1.0,0.0,0.3317727569469063,-0.0036068724548572358,-0.020918968247747846,0.4958182936680307,-0.0541355880110615,2.191977024078369,0.0093391053378582,0
mujoco,flat_forward,2,2,1583,15.829999999996666,1.0,0.0,0.3317710620634434,-0.003616511085766527,-0.02091581764339426,0.4954098650320472,-0.04268372727712691,2.1888723373413086,0.012401645071804523,0
mujoco,flat_forward,2,2,1584,15.83999999999666,1.0,0.0,0.33177304928286716,-0.0036365202632898937,-0.020883376550596074,0.4955810084478157,-0.05125045293217518,2.192502737045288,0.013843471184372902,0
mujoco,flat_forward,2,2,1585,15.849999999996655,1.0,0.0,0.33177672032121375,-0.0036359854245893598,-0.020861357115553054,0.4948710208520442,-0.04421504738898097,2.18951416015625,0.008192661218345165,0
mujoco,flat_forward,2,2,1586,15.85999999999665,1.0,0.0,0.3317838317318328,-0.0036555477165437973,-0.020857458683379997,0.49525108970356946,-0.051160876031118366,2.192272186279297,0.007940372452139854,0
mujoco,flat_forward,2,2,1587,15.869999999996644,1.0,0.0,0.33178878901968833,-0.003653587696658346,-0.020869238734812275,0.49479160240904474,-0.045486192352868646,2.1891136169433594,0.008562413044273853,0
mujoco,flat_forward,2,2,1588,15.879999999996638,1.0,0.0,0.33179100768669906,-0.003670092234420845,-0.02087901857233944,0.4948942634771936,-0.04630401869685879,2.1901772022247314,0.0052756089717149734,0
mujoco,flat_forward,2,2,1589,15.889999999996633,1.0,0.0,0.3317925436105193,-0.003659123532430356,-0.020882930775711128,0.49450087062923437,-0.047656611189864015,2.1910347938537598,0.003473473247140646,0
mujoco,flat_forward,2,2,1590,15.899999999996627,1.0,0.0,0.3317940251548705,-0.0036725761226108792,-0.020877870331022428,0.4944563179639343,-0.04328830321070957,2.191568613052368,0.005746050272136927,0
mujoco,flat_forward,2,2,1591,15.909999999996622,1.0,0.0,0.33179662483125993,-0.0036628812877298332,-0.020886903697894792,0.49427005128200135,-0.051192861475989844,2.192584753036499,0.008021061308681965,0
mujoco,flat_forward,2,2,1592,15.919999999996616,1.0,0.0,0.3317995861183048,-0.0036810908065647067,-0.020881752563936273,0.4940602674375867,-0.04142152477480207,2.1914846897125244,0.012413136661052704,0
mujoco,flat_forward,2,2,1593,15.92999999999661,1.0,0.0,0.3318014439594536,-0.0036804998191785686,-0.020908087672334257,0.4939571146596975,-0.052977933131538556,2.1913557052612305,0.01336384005844593,0
mujoco,flat_forward,2,2,1594,15.939999999996605,1.0,0.0,0.331806272778891,-0.0036813024008153774,-0.02087705421623025,0.49361936388392036,-0.03932998925005265,2.1913487911224365,0.013060779310762882,0
mujoco,flat_forward,2,2,1595,15.9499999999966,1.0,0.0,0.33180777539632306,-0.0036781690184861334,-0.02090336233250918,0.49356091586439,-0.05302945445077609,2.1905150413513184,0.014313182793557644,0
mujoco,flat_forward,2,2,1596,15.959999999996594,1.0,0.0,0.3318102566881812,-0.0036752012222890065,-0.020899423032270787,0.49352681196170767,-0.040193691208150036,2.192718505859375,0.014161476865410805,0
mujoco,flat_forward,2,2,1597,15.969999999996588,1.0,0.0,0.3318042627217483,-0.0036687138337840428,-0.02095622755082349,0.49319772977959037,-0.047046089892999625,2.1889898777008057,0.014210660941898823,0
mujoco,flat_forward,2,2,1598,15.979999999996583,1.0,0.0,0.3318006285562001,-0.0036525509585699505,-0.0209505813523319,0.4932965519718661,-0.03701645529408926,2.1947076320648193,0.011654525995254517,0
mujoco,flat_forward,2,2,1599,15.989999999996577,1.0,0.0,0.33179033529849117,-0.0036412281740358546,-0.020963048588815193,0.4926469738043218,-0.04333009888425728,2.1895947456359863,0.014151892624795437,0
mujoco,flat_forward,2,2,1600,15.999999999996572,1.0,0.0,0.33178491613753014,-0.0036208785472805908,-0.020968558007281184,0.4931217600291474,-0.03887866746835337,2.1986379623413086,0.017531171441078186,0
mujoco,flat_forward,2,2,1601,16.009999999996584,1.0,0.0,0.3317762935362011,-0.003624573643131842,-0.020964138294313327,0.4926511814052784,-0.045274203592462536,2.1905407905578613,0.019425364211201668,0
mujoco,flat_forward,2,2,1602,16.019999999996596,1.0,0.0,0.33176959415180707,-0.003621074503857422,-0.020997730769439768,0.49343751631355875,-0.04520358095243959,2.197628974914551,0.01837737299501896,0
mujoco,flat_forward,2,2,1603,16.02999999999661,1.0,0.0,0.33176071341474084,-0.0036397479981684854,-0.020943708082620017,0.4926813434657465,-0.045192288616387945,2.1889448165893555,0.021608619019389153,0
mujoco,flat_forward,2,2,1604,16.03999999999662,1.0,0.0,0.33175257271838904,-0.003648526024082655,-0.02100331469496568,0.4934886631523806,-0.04777886693587333,2.1959195137023926,0.023546671494841576,0
mujoco,flat_forward,2,2,1605,16.049999999996633,1.0,0.0,0.33174904093016727,-0.0036611943471339978,-0.020877286618910758,0.49246470763337885,-0.04436593567535911,2.1877691745758057,0.022837843745946884,0
mujoco,flat_forward,2,2,1606,16.059999999996645,1.0,0.0,0.3317447207799575,-0.0036679801877716116,-0.020951269180064295,0.4929699256507843,-0.0452239025080308,2.1949920654296875,0.023765884339809418,0
mujoco,flat_forward,2,2,1607,16.069999999996657,1.0,0.0,0.3317501417052705,-0.003671109675790315,-0.020835766187489935,0.49213867624892654,-0.04410202155721489,2.1907646656036377,0.016404900699853897,0
mujoco,flat_forward,2,2,1608,16.07999999999667,1.0,0.0,0.33175286102961,-0.0036756358282726727,-0.02093569468305012,0.49254527599074466,-0.047381847473248986,2.1935722827911377,0.013519971631467342,0
mujoco,flat_forward,2,2,1609,16.08999999999668,1.0,0.0,0.3317619605662896,-0.003683092422361305,-0.020870668617078363,0.4921653680521903,-0.047703426840444214,2.191497325897217,0.011997937224805355,0
mujoco,flat_forward,2,2,1610,16.099999999996694,1.0,0.0,0.33176433333751837,-0.003692413153130997,-0.020953061156847648,0.4919926378065262,-0.04732453351367099,2.1907424926757812,0.0074983215890824795,0
mujoco,flat_forward,2,2,1611,16.109999999996706,1.0,0.0,0.33177380005791685,-0.0036990492102971406,-0.020898050061607016,0.49199498939534625,-0.04909655750997126,2.1933815479278564,0.005156793165951967,0
mujoco,flat_forward,2,2,1612,16.11999999999672,1.0,0.0,0.33177514824871074,-0.0037011872903493152,-0.020962535619071805,0.491498703746274,-0.042965022405571374,2.1888089179992676,0.008713035844266415,0
mujoco,flat_forward,2,2,1613,16.12999999999673,1.0,0.0,0.3317801645935136,-0.0037022134192460257,-0.020938973425142827,0.4918837174501976,-0.048141931426206735,2.193751096725464,0.011350207030773163,0
mujoco,flat_forward,2,2,1614,16.139999999996743,1.0,0.0,0.33177686286810404,-0.003696761945764851,-0.020938341292879286,0.4910096699804131,-0.04278754103469796,2.187722682952881,0.01594054326415062,0
mujoco,flat_forward,2,2,1615,16.149999999996755,1.0,0.0,0.33177576124909663,-0.0037035780887874916,-0.020951810609517584,0.49184507709870573,-0.048444070043267985,2.195607900619507,0.019687606021761894,0
mujoco,flat_forward,2,2,1616,16.159999999996767,1.0,0.0,0.33176984472825116,-0.0037028240320174525,-0.020923162867404584,0.49084401939648287,-0.04749118653306374,2.186542272567749,0.0226761307567358,0
mujoco,flat_forward,2,2,1617,16.16999999999678,1.0,0.0,0.33176372526948655,-0.003717410947531594,-0.02094905918275873,0.49166898080619637,-0.04594557822131663,2.195507049560547,0.022652627900242805,0
mujoco,flat_forward,2,2,1618,16.17999999999679,1.0,0.0,0.3317581521914947,-0.0037120078316572845,-0.020877890310679176,0.490530107641728,-0.048493177112770465,2.1881489753723145,0.019823264330625534,0
mujoco,flat_forward,2,2,1619,16.189999999996804,1.0,0.0,0.33175289156076754,-0.0037179485426226135,-0.020909901533972635,0.4911596806431465,-0.04096592552249151,2.1957457065582275,0.019586509093642235,0
mujoco,flat_forward,2,2,1620,16.199999999996816,1.0,0.0,0.3317505750437853,-0.003703168763013665,-0.020835324639373702,0.4901890137895929,-0.049470252743778094,2.189723014831543,0.019012274220585823,0
mujoco,flat_forward,2,2,1621,16.20999999999683,1.0,0.0,0.3317467365806938,-0.0036990911670579155,-0.020874287706231637,0.4905044529481326,-0.03871935794857136,2.1949644088745117,0.01670099049806595,0
mujoco,flat_forward,2,2,1622,16.21999999999684,1.0,0.0,0.33174813262342073,-0.0036891894569312878,-0.020805009842957085,0.4900669137029152,-0.051947173037064594,2.191873550415039,0.013823164626955986,0
mujoco,flat_forward,2,2,1623,16.229999999996853,1.0,0.0,0.3317469836899165,-0.0036875972193893825,-0.020811403036026136,0.4900232384605022,-0.03910232337256942,2.1928930282592773,0.01412768755108118,0
mujoco,flat_forward,2,2,1624,16.239999999996865,1.0,0.0,0.3317497437784256,-0.003693184005697714,-0.020769527027960984,0.49017273721162863,-0.05550693491229048,2.1934149265289307,0.011866762302815914,0
mujoco,flat_forward,2,2,1625,16.249999999996877,1.0,0.0,0.3317465553545637,-0.0037066630333680794,-0.020791569323385828,0.4901462043481026,-0.041078356729633926,2.1898229122161865,0.016465244814753532,0
mujoco,flat_forward,2,2,1626,16.25999999999689,1.0,0.0,0.3317399956570247,-0.0037258786505839146,-0.020796741163343645,0.490171674292081,-0.05336233032110138,2.189608097076416,0.015061394311487675,0
mujoco,flat_forward,2,2,1627,16.2699999999969,1.0,0.0,0.3317334270318216,-0.0037279245628788057,-0.020795792667418215,0.4897737322230688,-0.043288067692815395,2.189802408218384,0.009096451103687286,0
mujoco,flat_forward,2,2,1628,16.279999999996914,1.0,0.0,0.33172924089294,-0.0037453044013040734,-0.020774078466618072,0.4896295278814224,-0.05092560347724812,2.1900739669799805,0.00792194064706564,0
mujoco,flat_forward,2,2,1629,16.289999999996926,1.0,0.0,0.3317303490140147,-0.0037419363060716805,-0.02075084824548439,0.4892791675688423,-0.04657214126101924,2.1924374103546143,0.006094407290220261,0
mujoco,flat_forward,2,2,1630,16.29999999999694,1.0,0.0,0.3317350809954695,-0.0037616912289500453,-0.020722697772627023,0.48905400582622216,-0.04854926023744561,2.1916215419769287,0.0030461554415524006,0
mujoco,flat_forward,2,2,1631,16.30999999999695,1.0,0.0,0.33174514747725004,-0.0037587993495375137,-0.020716093784097788,0.488891745229648,-0.05033711823539341,2.193570375442505,0.005762595217674971,0
mujoco,flat_forward,2,2,1632,16.319999999996963,1.0,0.0,0.3317557736491028,-0.0037927140384707595,-0.02071454116833092,0.4888938453695219,-0.050338976959771575,2.1910195350646973,0.009142627939581871,0
mujoco,flat_forward,2,2,1633,16.329999999996975,1.0,0.0,0.331764437399126,-0.003801660024240786,-0.020773011600225915,0.48903951563597037,-0.05315150311944103,2.19085693359375,0.008274632506072521,0
mujoco,flat_forward,2,2,1634,16.339999999996987,1.0,0.0,0.33176842244820004,-0.0038294208600648146,-0.02076954024814572,0.48866719132485703,-0.047010513694993,2.187046766281128,0.013445238582789898,0
mujoco,flat_forward,2,2,1635,16.349999999997,1.0,0.0,0.33176819328358514,-0.003835491260067375,-0.020835742206741073,0.48882760134735426,-0.0543247473188199,2.189770460128784,0.015103432349860668,0
mujoco,flat_forward,2,2,1636,16.35999999999701,1.0,0.0,0.33177078864536635,-0.003844642267606731,-0.020767615934382064,0.4882801591346132,-0.04526788679340942,2.188652992248535,0.013445792719721794,0
mujoco,flat_forward,2,2,1637,16.369999999997024,1.0,0.0,0.3317702682789396,-0.0038443924623699664,-0.020824548420245004,0.4882564305936171,-0.05169267648092455,2.1914632320404053,0.014603686518967152,0
mujoco,flat_forward,2,2,1638,16.379999999997036,1.0,0.0,0.33177840113556634,-0.0038397999033389827,-0.020759217137890716,0.48790340742646715,-0.04428850529809001,2.1929612159729004,0.009338386356830597,0
mujoco,flat_forward,2,2,1639,16.38999999999705,1.0,0.0,0.3317817135444485,-0.003830341096717454,-0.02085732034966943,0.4877147578883712,-0.045968119145781,2.191427707672119,0.008460179902613163,0
mujoco,flat_forward,2,2,1640,16.39999999999706,1.0,0.0,0.3317918969824243,-0.003816301811285778,-0.020841870768158924,0.48767829799702145,-0.042357077079652194,2.1942429542541504,0.006370297633111477,0
mujoco,flat_forward,2,2,1641,16.409999999997073,1.0,0.0,0.33179517923686996,-0.0038040116606872887,-0.020916783276758177,0.48716219501748925,-0.04391901334395631,2.1907849311828613,0.00841302890330553,0
mujoco,flat_forward,2,2,1642,16.419999999997085,1.0,0.0,0.3318044614706208,-0.0037915385385989455,-0.0209280572066706,0.48772828018203007,-0.04355732959013524,2.1979355812072754,0.013170387595891953,0
mujoco,flat_forward,2,2,1643,16.429999999997097,1.0,0.0,0.33180468195066837,-0.0037885093918708945,-0.020998807136743302,0.4871306673827923,-0.04687456524520589,2.189943313598633,0.0193154439330101,0
mujoco,flat_forward,2,2,1644,16.43999999999711,1.0,0.0,0.33180529841983225,-0.003786913596829841,-0.021075872000948848,0.4881957363574188,-0.04727824471414587,2.1981465816497803,0.018966276198625565,0
mujoco,flat_forward,2,2,1645,16.44999999999712,1.0,0.0,0.33179680220849767,-0.003787659699056908,-0.021091044710289227,0.4870016487774696,-0.046990307673906224,2.1859443187713623,0.02863302081823349,0
mujoco,flat_forward,2,2,1646,16.459999999997134,1.0,0.0,0.3317861359428618,-0.003788869562897809,-0.02120444264522586,0.4879254382859359,-0.04514950730651703,2.1967947483062744,0.028682593256235123,0
mujoco,flat_forward,2,2,1647,16.469999999997146,1.0,0.0,0.33177833153962255,-0.003785476296123046,-0.021123109054714737,0.48670863746397297,-0.046886091388114864,2.186159133911133,0.026955261826515198,0
mujoco,flat_forward,2,2,1648,16.47999999999716,1.0,0.0,0.3317687996798339,-0.0037849185028935423,-0.0212234795924253,0.4873741348507328,-0.04292658587019494,2.19541072845459,0.024572720751166344,0
mujoco,flat_forward,2,2,1649,16.48999999999717,1.0,0.0,0.3317665411333125,-0.0037812751851316138,-0.021131852795869748,0.48649673404268523,-0.047676545214443644,2.190040349960327,0.01888112910091877,0
mujoco,flat_forward,2,2,1650,16.499999999997183,1.0,0.0,0.3317619161627951,-0.0037821145236805634,-0.02121979440562569,0.48677385315565985,-0.041724981833794236,2.193969488143921,0.015332745388150215,0
mujoco,flat_forward,2,2,1651,16.509999999997195,1.0,0.0,0.3317656642329459,-0.0037826652046471084,-0.021146801205915035,0.48636463063609403,-0.049247622793421174,2.192307472229004,0.01171886920928955,0
mujoco,flat_forward,2,2,1652,16.519999999997207,1.0,0.0,0.33176335882697905,-0.003793581181885702,-0.021248154302782193,0.48651608229188936,-0.04497801327927681,2.1912739276885986,0.009352101944386959,0
mujoco,flat_forward,2,2,1653,16.52999999999722,1.0,0.0,0.33176500616898136,-0.0038098846280745667,-0.021212229325727264,0.4865791980941272,-0.053643050618537205,2.1912057399749756,0.006150214932858944,0
mujoco,flat_forward,2,2,1654,16.53999999999723,1.0,0.0,0.3317580592644024,-0.0038288502651663654,-0.021254888809887167,0.4861878679833463,-0.04593840154310126,2.1875972747802734,0.010325518436729908,0
mujoco,flat_forward,2,2,1655,16.549999999997244,1.0,0.0,0.3317543804253143,-0.00385428357955752,-0.021225379555939866,0.48650638668552065,-0.053464233438098384,2.1916184425354004,0.01164277270436287,0
mujoco,flat_forward,2,2,1656,16.559999999997256,1.0,0.0,0.3317480135941062,-0.003863035471913355,-0.021186035171054357,0.485603279152029,-0.04609538634569527,2.1865389347076416,0.012216341681778431,0
mujoco,flat_forward,2,2,1657,16.56999999999727,1.0,0.0,0.3317449297633049,-0.0038835063915202313,-0.02116313009517742,0.4859106334816174,-0.04817570332113111,2.192645788192749,0.015057834796607494,0
mujoco,flat_forward,2,2,1658,16.57999999999728,1.0,0.0,0.33174282914754233,-0.003873264015372879,-0.021148966047426707,0.48502922909559887,-0.0430099007847059,2.188605546951294,0.010606364347040653,0
mujoco,flat_forward,2,2,1659,16.589999999997293,1.0,0.0,0.3317414742293806,-0.0038775432747359035,-0.0211427903898799,0.4851301822778475,-0.041405942045135244,2.191250801086426,0.00752596091479063,0
mujoco,flat_forward,2,2,1660,16.599999999997305,1.0,0.0,0.331740769422563,-0.0038552139359420852,-0.021130145337363366,0.48449274367599693,-0.04462490025821046,2.190953016281128,0.006507638841867447,0
mujoco,flat_forward,2,2,1661,16.609999999997317,1.0,0.0,0.3317391928923405,-0.003864260802040722,-0.021146465053213645,0.48487746808960736,-0.04201406984273374,2.1926889419555664,0.0076972306706011295,0
mujoco,flat_forward,2,2,1662,16.61999999999733,1.0,0.0,0.3317356379538732,-0.003855566676669719,-0.021150641167544892,0.48454560233126337,-0.050264830589973795,2.191051721572876,0.008306554518640041,0
mujoco,flat_forward,2,2,1663,16.62999999999734,1.0,0.0,0.33172922656513554,-0.003872961013681274,-0.021164580053994093,0.48466490365343073,-0.03970019435740221,2.191877603530884,0.011006598360836506,0
mujoco,flat_forward,2,2,1664,16.639999999997354,1.0,0.0,0.33172104077806835,-0.0038723175349499477,-0.021171993113781762,0.4844910916840156,-0.053003344631692775,2.190199851989746,0.013697394169867039,0
mujoco,flat_forward,2,2,1665,16.649999999997366,1.0,0.0,0.3317103238498142,-0.0038853914236834353,-0.021175207910521507,0.4843210353818095,-0.03689567712766377,2.1897072792053223,0.016169264912605286,0
mujoco,flat_forward,2,2,1666,16.65999999999738,1.0,0.0,0.3316963292381304,-0.0038877657458765854,-0.021184732050217262,0.4839509556360034,-0.05051174518836736,2.187835693359375,0.018142541870474815,0
mujoco,flat_forward,2,2,1667,16.66999999999739,1.0,0.0,0.3316860663083887,-0.0038775414537702267,-0.021167342194307808,0.4836508394395535,-0.03704353455991306,2.1909124851226807,0.013830487616360188,0
mujoco,flat_forward,2,2,1668,16.679999999997403,1.0,0.0,0.3316756764492184,-0.003880634061916004,-0.021165305972191233,0.483557856815426,-0.05071016910156851,2.188061475753784,0.011602603830397129,0
mujoco,flat_forward,2,2,1669,16.689999999997415,1.0,0.0,0.33166721529928134,-0.0038750898907381824,-0.021152818429715347,0.48342832185347195,-0.04170310910819209,2.190704584121704,0.012057377025485039,0
mujoco,flat_forward,2,2,1670,16.699999999997427,1.0,0.0,0.33165751445806413,-0.003890444991538521,-0.021131092172164814,0.483185458855509,-0.04901255101006684,2.1884171962738037,0.007726165931671858,0
mujoco,flat_forward,2,2,1671,16.70999999999744,1.0,0.0,0.3316522643608079,-0.0038878245734028792,-0.021099591980496293,0.48308434114350235,-0.04477697678048514,2.19122314453125,0.0083646634593606,0
mujoco,flat_forward,2,2,1672,16.71999999999745,1.0,0.0,0.33164788929771066,-0.003906315313426572,-0.021040422857792156,0.4826255729215673,-0.04630170773689219,2.1883411407470703,0.008323714137077332,0
mujoco,flat_forward,2,2,1673,16.729999999997464,1.0,0.0,0.33164765520606687,-0.0039039129102840984,-0.02102136758494817,0.48274797750328236,-0.04838706681863903,2.191763401031494,0.011936203576624393,0
mujoco,flat_forward,2,2,1674,16.739999999997476,1.0,0.0,0.3316485336943446,-0.003921186092575566,-0.020936089358627986,0.48209084778476075,-0.04463110564327253,2.187084436416626,0.015036066062748432,0
mujoco,flat_forward,2,2,1675,16.74999999999749,1.0,0.0,0.33164913088045056,-0.003921530825413495,-0.02098266300970967,0.48263327314584553,-0.04936106570245038,2.1907403469085693,0.016964999958872795,0
mujoco,flat_forward,2,2,1676,16.7599999999975,1.0,0.0,0.3316458436192727,-0.003938084651663456,-0.02092656845383268,0.48195746612318113,-0.04513008924975723,2.1825547218322754,0.024094168096780777,0
mujoco,flat_forward,2,2,1677,16.769999999997513,1.0,0.0,0.3316358085595963,-0.003945414489437221,-0.021004323375377332,0.48227963039876137,-0.05032593009884276,2.187621593475342,0.021737346425652504,0
mujoco,flat_forward,2,2,1678,16.779999999997525,1.0,0.0,0.33163052598314646,-0.003950429658206678,-0.02089287943516673,0.481524225495044,-0.04546631876824607,2.1846437454223633,0.014870625920593739,0
mujoco,flat_forward,2,2,1679,16.789999999997537,1.0,0.0,0.33162189059805486,-0.003950179210807596,-0.020944127068130897,0.4814893051737362,-0.048745580828624555,2.187535047531128,0.014321688562631607,0
mujoco,flat_forward,2,2,1680,16.79999999999755,1.0,0.0,0.3316234942614467,-0.0039448405797161135,-0.0208387844656508,0.4810489528890233,-0.04564346256181547,2.1886868476867676,0.008145819418132305,0
mujoco,flat_forward,2,2,1681,16.80999999999756,1.0,0.0,0.33162242096568617,-0.003938593895133801,-0.02087370491848486,0.4805973550214082,-0.04714234742655034,2.1867599487304688,0.006873813457787037,0
mujoco,flat_forward,2,2,1682,16.819999999997574,1.0,0.0,0.331631817798794,-0.003929471322107006,-0.020799457332824164,0.4806281972570316,-0.046608003228528566,2.1910195350646973,0.0077335163950920105,0
mujoco,flat_forward,2,2,1683,16.829999999997586,1.0,0.0,0.3316332166157622,-0.003920749772112224,-0.020888459189203016,0.4802661055621104,-0.0464810423284435,2.185020923614502,0.011454354971647263,0
mujoco,flat_forward,2,2,1684,16.839999999997598,1.0,0.0,0.3316373949415253,-0.00391229295359015,-0.02088237394169492,0.4806295955618174,-0.04841021908284003,2.1888418197631836,0.009107856079936028,0
mujoco,flat_forward,2,2,1685,16.84999999999761,1.0,0.0,0.3316315120400937,-0.00390271999168239,-0.02090708230006076,0.47978209326967053,-0.046805508243456174,2.182795286178589,0.015185048803687096,0
mujoco,flat_forward,2,2,1686,16.859999999997623,1.0,0.0,0.33162834372653366,-0.00389698144674932,-0.02091818857293369,0.4805120738842994,-0.048010000210841015,2.1913516521453857,0.0203072689473629,0
mujoco,flat_forward,2,2,1687,16.869999999997635,1.0,0.0,0.3316232674251238,-0.003880363097432511,-0.02084553428079366,0.4791694069196751,-0.04687013994897545,2.1824119091033936,0.02209821343421936,0
mujoco,flat_forward,2,2,1688,16.879999999997647,1.0,0.0,0.3316201057092432,-0.00387212703451052,-0.020890169515664227,0.4802232025345063,-0.04616102527584208,2.193664312362671,0.026326846331357956,0
mujoco,flat_forward,2,2,1689,16.88999999999766,1.0,0.0,0.33161638290289513,-0.0038551468040304952,-0.020809508587501767,0.47888644226854765,-0.049355806525176044,2.182016372680664,0.0284330565482378,0
mujoco,flat_forward,2,2,1690,16.89999999999767,1.0,0.0,0.33161070535925447,-0.003845641369241323,-0.02088445859180809,0.4797206146312999,-0.041993202576880696,2.1924142837524414,0.02698817290365696,0
mujoco,flat_forward,2,2,1691,16.909999999997684,1.0,0.0,0.3316058819271259,-0.0038087570947752487,-0.020822968931924576,0.478472998151441,-0.046735822990863804,2.1827707290649414,0.02601308375597,0
mujoco,flat_forward,2,2,1692,16.919999999997696,1.0,0.0,0.3315977064987744,-0.003780171915201531,-0.020890391367153892,0.47891062883406504,-0.03732736447576555,2.1908698081970215,0.02080264501273632,0
mujoco,flat_forward,2,2,1693,16.929999999997708,1.0,0.0,0.3315950772798118,-0.0037452086396038086,-0.02079960814751498,0.47826900211657747,-0.04794170606140871,2.1874477863311768,0.016009798273444176,0
mujoco,flat_forward,2,2,1694,16.93999999999772,1.0,0.0,0.3315889393004382,-0.0037288066576118637,-0.020866565169618927,0.47876891329276233,-0.04070530357311286,2.191176176071167,0.01485342439264059,0
mujoco,flat_forward,2,2,1695,16.949999999997733,1.0,0.0,0.33158803370857715,-0.003718844620318252,-0.020796754407729767,0.478617030516589,-0.05328773290435618,2.189021348953247,0.010801002383232117,0
mujoco,flat_forward,2,2,1696,16.959999999997745,1.0,0.0,0.3315833087113599,-0.0037159248724870325,-0.020814065248528205,0.47855659913193893,-0.04222970746625629,2.188281297683716,0.011729502119123936,0
mujoco,flat_forward,2,2,1697,16.969999999997757,1.0,0.0,0.33158446995599483,-0.0037207329814364517,-0.020754871523124756,0.47866647296984105,-0.054435500533819604,2.189404010772705,0.011705552227795124,0
mujoco,flat_forward,2,2,1698,16.97999999999777,1.0,0.0,0.33158707241224183,-0.0037124667198718364,-0.020716217059671627,0.47806503936140915,-0.04318637028791577,2.1867339611053467,0.010002695955336094,0
mujoco,flat_forward,2,2,1699,16.98999999999778,1.0,0.0,0.33159559695989266,-0.003716849693956943,-0.020671497509500363,0.4781212158398539,-0.05001434355373913,2.1900577545166016,0.012077324092388153,0
mujoco,flat_forward,2,2,1700,16.999999999997794,1.0,0.0,0.33160856702528685,-0.003695243049638097,-0.020657399699557863,0.4775580341659329,-0.04126361931979068,2.1888046264648438,0.004779868759214878,0
mujoco,flat_forward,2,2,1701,17.009999999997806,1.0,0.0,0.33162285794542296,-0.003690933340340088,-0.020659029769526317,0.4776883642327297,-0.04776485749207831,2.188969850540161,0.005452169105410576,0
mujoco,flat_forward,2,2,1702,17.019999999997818,1.0,0.0,0.3316365588708963,-0.003668277275154349,-0.0206625202854783,0.47734124574666364,-0.04604587822385613,2.1895751953125,0.0038539988454431295,0
mujoco,flat_forward,2,2,1703,17.02999999999783,1.0,0.0,0.33164993584005914,-0.003672816892461384,-0.020660062260321452,0.47735211641843955,-0.046294093770801244,2.190227746963501,0.0026190655771642923,0
mujoco,flat_forward,2,2,1704,17.039999999997843,1.0,0.0,0.33166538784021327,-0.003653820331137892,-0.020665150822649497,0.4770756817372091,-0.049901804286021596,2.1913914680480957,0.005540499929338694,0
mujoco,flat_forward,2,2,1705,17.049999999997855,1.0,0.0,0.3316823196729423,-0.0036591909545181833,-0.020653570527655724,0.47686669479588467,-0.04377716537435296,2.190670967102051,0.008165376260876656,0
mujoco,flat_forward,2,2,1706,17.059999999997867,1.0,0.0,0.3316992055452834,-0.0036397597708578695,-0.020697737903661684,0.47690026412986763,-0.049747326037049434,2.1914963722229004,0.01149151474237442,0
mujoco,flat_forward,2,2,1707,17.06999999999788,1.0,0.0,0.3317121563998172,-0.0036442230139107357,-0.020710931372657244,0.47678603176493173,-0.04328901059766843,2.1884679794311523,0.014007716439664364,0
mujoco,flat_forward,2,2,1708,17.07999999999789,1.0,0.0,0.3317191664836965,-0.0036351829958325625,-0.020780171941978866,0.4768959336489136,-0.05324464789097389,2.189390182495117,0.013963672332465649,0
mujoco,flat_forward,2,2,1709,17.089999999997904,1.0,0.0,0.33172759450049777,-0.003630986146002384,-0.020743569669487923,0.4764979694556136,-0.04202044340167196,2.1892857551574707,0.012554120272397995,0
mujoco,flat_forward,2,2,1710,17.099999999997916,1.0,0.0,0.3317325218940479,-0.003619536099078249,-0.020784528605498252,0.4763330794179425,-0.05026113621170651,2.190366744995117,0.014292489737272263,0
mujoco,flat_forward,2,2,1711,17.109999999997928,1.0,0.0,0.3317451751327608,-0.0036032638868004887,-0.020732537893694676,0.4761174920877177,-0.040265249511194534,2.1939423084259033,0.010434869676828384,0
mujoco,flat_forward,2,2,1712,17.11999999999794,1.0,0.0,0.33175411136127314,-0.003590530415282233,-0.020782285111543577,0.4759934500199223,-0.050692553590463145,2.191418409347534,0.010635282844305038,0
mujoco,flat_forward,2,2,1713,17.129999999997953,1.0,0.0,0.3317674679267779,-0.0035742007345321747,-0.020782342584999506,0.476143696691544,-0.042132585433836585,2.1953318119049072,0.010923735797405243,0
mujoco,flat_forward,2,2,1714,17.139999999997965,1.0,0.0,0.33177434391405136,-0.0035642356930602457,-0.020816877612975276,0.4755693660725394,-0.04906742197366735,2.1893157958984375,0.013827923685312271,0
mujoco,flat_forward,2,2,1715,17.149999999997977,1.0,0.0,0.33178511941578076,-0.003543398481252662,-0.020848657439526207,0.4760312471517186,-0.04219908273002511,2.1966774463653564,0.015460281632840633,0
mujoco,flat_forward,2,2,1716,17.15999999999799,1.0,0.0,0.3317875392103877,-0.0035238824095385484,-0.02088819689106668,0.47502916599431794,-0.043175877746593365,2.186786413192749,0.022632138803601265,0
mujoco,flat_forward,2,2,1717,17.169999999998,1.0,0.0,0.3317901240545581,-0.003495488763451085,-0.02096345696578706,0.4758921737254096,-0.04254158231654594,2.197282552719116,0.022731401026248932,0
mujoco,flat_forward,2,2,1718,17.179999999998014,1.0,0.0,0.3317863483729468,-0.0034854528481752358,-0.020962590456616734,0.4750589179410738,-0.045217826652979735,2.1863961219787598,0.02812953293323517,0
mujoco,flat_forward,2,2,1719,17.189999999998026,1.0,0.0,0.3317800234955451,-0.0034767043862196844,-0.021062898066626447,0.4761095804342893,-0.0473047926743215,2.1965997219085693,0.027110831812024117,0
mujoco,flat_forward,2,2,1720,17.199999999998038,1.0,0.0,0.33177519061365845,-0.0034740566852066177,-0.020960905495525192,0.4750455716024843,-0.046018168518178304,2.1866703033447266,0.026175638660788536,0
mujoco,flat_forward,2,2,1721,17.20999999999805,1.0,0.0,0.3317688648628544,-0.003471366757254206,-0.02104771001782511,0.4757563069196457,-0.04556381615701788,2.195864677429199,0.02731270343065262,0
mujoco,flat_forward,2,2,1722,17.219999999998063,1.0,0.0,0.331771558050536,-0.0034672780776037505,-0.020928268376856955,0.47486130860758846,-0.046283955860428716,2.190347671508789,0.019464287906885147,0
mujoco,flat_forward,2,2,1723,17.229999999998075,1.0,0.0,0.33177323523613195,-0.0034637822338860645,-0.021010319796067167,0.47515939747909125,-0.043838845160714145,2.1945948600769043,0.017484860494732857,0
mujoco,flat_forward,2,2,1724,17.239999999998087,1.0,0.0,0.3317855375174405,-0.003459365667812823,-0.02092135344943182,0.4746706650930582,-0.04745559586027213,2.1927294731140137,0.011495157144963741,0
mujoco,flat_forward,2,2,1725,17.2499999999981,1.0,0.0,0.3317933967991084,-0.0034602941956437053,-0.021024579973774948,0.47480291875973796,-0.046930083529683905,2.192164182662964,0.008047833107411861,0
mujoco,flat_forward,2,2,1726,17.25999999999811,1.0,0.0,0.3318069429996371,-0.0034658171306207546,-0.020985736814771467,0.4747897240421289,-0.05198340344676036,2.1924455165863037,0.005572300869971514,0
mujoco,flat_forward,2,2,1727,17.269999999998124,1.0,0.0,0.3318112654882832,-0.0034702783298211546,-0.021072614799135827,0.4745031563645281,-0.04414633660755017,2.1889772415161133,0.007605185266584158,0
mujoco,flat_forward,2,2,1728,17.279999999998136,1.0,0.0,0.33181758976999515,-0.0034744713270767466,-0.02105135399821027,0.4747560739621667,-0.051194907548123725,2.1920371055603027,0.00903676450252533,0
mujoco,flat_forward,2,2,1729,17.289999999998148,1.0,0.0,0.3318148160954201,-0.0034718774603828403,-0.02106014317650694,0.47406192013989656,-0.04365762973915676,2.1879289150238037,0.013284116983413696,0
mujoco,flat_forward,2,2,1730,17.29999999999816,1.0,0.0,0.3318143970716451,-0.003481202877956155,-0.02104887606169905,0.47446965225272486,-0.047951397403721105,2.1945431232452393,0.017411082983016968,0
mujoco,flat_forward,2,2,1731,17.309999999998173,1.0,0.0,0.3318142316009586,-0.0034715594003617766,-0.021006941202490855,0.47352862693265463,-0.04519808891808681,2.189990758895874,0.012657640501856804,0
mujoco,flat_forward,2,2,1732,17.319999999998185,1.0,0.0,0.33181682021455206,-0.0034818693474508882,-0.021018604678393112,0.47426595958240503,-0.04762723673389193,2.195828914642334,0.014103582128882408,0
mujoco,flat_forward,2,2,1733,17.329999999998197,1.0,0.0,0.3318179126955836,-0.0034766712282373715,-0.02098917470069689,0.4734178289335271,-0.049655510408134367,2.189653158187866,0.0158326867967844,0
mujoco,flat_forward,2,2,1734,17.33999999999821,1.0,0.0,0.33181817005097436,-0.003491805181938781,-0.021012305901261952,0.4739629248058612,-0.04476974926567151,2.1951143741607666,0.014887980185449123,0
mujoco,flat_forward,2,2,1735,17.34999999999822,1.0,0.0,0.3318190210484951,-0.003483089237878967,-0.02097441958287044,0.4731602085598504,-0.051519122264212,2.190579891204834,0.014195426367223263,0
mujoco,flat_forward,2,2,1736,17.359999999998234,1.0,0.0,0.3318184994635561,-0.0034887648471450114,-0.020996224924435758,0.4734059169497513,-0.040380130341330395,2.1944327354431152,0.012886046431958675,0
mujoco,flat_forward,2,2,1737,17.369999999998246,1.0,0.0,0.3318168229413929,-0.003468309145477941,-0.02100961063059901,0.47295800677314886,-0.04994195203703114,2.191530466079712,0.014659091830253601,0
mujoco,flat_forward,2,2,1738,17.379999999998258,1.0,0.0,0.331811370067721,-0.0034594666046458855,-0.021035990543659462,0.47292577226292953,-0.035123395288942136,2.1922197341918945,0.01372071634978056,0
mujoco,flat_forward,2,2,1739,17.38999999999827,1.0,0.0,0.3318026080887926,-0.00344286954550706,-0.021056853095710433,0.47287309114366005,-0.05258258513145061,2.191676616668701,0.01506850402802229,0
mujoco,flat_forward,2,2,1740,17.399999999998283,1.0,0.0,0.33178749182767237,-0.003445953365909335,-0.021089723390393354,0.47299142587179366,-0.039055905698912805,2.1917006969451904,0.0198859553784132,0
mujoco,flat_forward,2,2,1741,17.409999999998295,1.0,0.0,0.33176926944930213,-0.003456966250286884,-0.02110370748796927,0.47303260412404996,-0.05323384585017067,2.190908432006836,0.01412941887974739,0
mujoco,flat_forward,2,2,1742,17.419999999998307,1.0,0.0,0.33175343058478585,-0.0034576071491875734,-0.021101568552079463,0.47282719721544797,-0.04155486010216689,2.192392110824585,0.012123746797442436,0
mujoco,flat_forward,2,2,1743,17.42999999999832,1.0,0.0,0.3317399241143154,-0.0034732642445650776,-0.021087610730960236,0.47269263652352106,-0.05032748167954242,2.1911253929138184,0.009717186912894249,0
mujoco,flat_forward,2,2,1744,17.43999999999833,1.0,0.0,0.3317330005083803,-0.003471105035560398,-0.02106193783409421,0.4724687894436516,-0.04400734868794678,2.19326114654541,0.007451441138982773,0
mujoco,flat_forward,2,2,1745,17.449999999998344,1.0,0.0,0.331729129718545,-0.0034904574524465314,-0.021029598163279033,0.4722236351958785,-0.04766790336535346,2.19106125831604,0.005944025702774525,0
mujoco,flat_forward,2,2,1746,17.459999999998356,1.0,0.0,0.3317306831755795,-0.0034888529993716355,-0.021021610580130128,0.47217475216837096,-0.04774426227900943,2.1934313774108887,0.007171230856329203,0
mujoco,flat_forward,2,2,1747,17.469999999998368,1.0,0.0,0.33173347628226,-0.0035109581844872343,-0.02097875359297134,0.47178268642782395,-0.04585263904703268,2.1901025772094727,0.010905628092586994,0
mujoco,flat_forward,2,2,1748,17.47999999999838,1.0,0.0,0.33173775775412156,-0.0035146719815185357,-0.021002811558466627,0.47199049295113094,-0.0521638595902025,2.1928517818450928,0.011936705559492111,0
mujoco,flat_forward,2,2,1749,17.489999999998393,1.0,0.0,0.3317418984089859,-0.0035389757309611564,-0.02094327277250998,0.4714645724986668,-0.04496113729703683,2.1885247230529785,0.01824079640209675,0
mujoco,flat_forward,2,2,1750,17.499999999998405,1.0,0.0,0.3317417071734589,-0.003549151592021331,-0.021038159480362795,0.47187404959517165,-0.050778640408642585,2.1911871433258057,0.01750948093831539,0
mujoco,flat_forward,2,2,1751,17.509999999998417,1.0,0.0,0.3317404175098494,-0.0035649567941516717,-0.0209858231856265,0.4712927687817876,-0.04449353793517988,2.1857385635375977,0.018898651003837585,0
mujoco,flat_forward,2,2,1752,17.51999999999843,1.0,0.0,0.33173105348575577,-0.00357407920058906,-0.021077321938358807,0.47143146216228893,-0.04942825272334229,2.1895604133605957,0.017070962116122246,0
mujoco,flat_forward,2,2,1753,17.52999999999844,1.0,0.0,0.33172738512362354,-0.0035796674494383333,-0.020999110437033064,0.47095070551462886,-0.04441059547977336,2.189553737640381,0.010441048070788383,0
mujoco,flat_forward,2,2,1754,17.539999999998454,1.0,0.0,0.3317193319347474,-0.0035824720669204017,-0.021053161098066132,0.4706897490716851,-0.04773298420502278,2.1896634101867676,0.008641255088150501,0
mujoco,flat_forward,2,2,1755,17.549999999998466,1.0,0.0,0.33172091412423105,-0.0035796551483797024,-0.02098421354198554,0.4705934480206421,-0.04476824812578275,2.1936354637145996,0.0076103052124381065,0
mujoco,flat_forward,2,2,1756,17.559999999998478,1.0,0.0,0.33171812320926664,-0.003577397743009649,-0.021015556905491495,0.4699817069094467,-0.046188354092789236,2.1891157627105713,0.008889229968190193,0
mujoco,flat_forward,2,2,1757,17.56999999999849,1.0,0.0,0.3317235076982169,-0.0035725784522237327,-0.020986434780441984,0.4703923903788689,-0.04585410425903687,2.1954874992370605,0.012424435466527939,0
mujoco,flat_forward,2,2,1758,17.579999999998503,1.0,0.0,0.3317210206119996,-0.0035737789671466424,-0.021025788395427594,0.4697059331797195,-0.04910037470870604,2.1864967346191406,0.019282568246126175,0
mujoco,flat_forward,2,2,1759,17.589999999998515,1.0,0.0,0.33171977148938486,-0.0035760560730654367,-0.02106906069676236,0.4705801541432682,-0.04957460950411201,2.1938414573669434,0.018041113391518593,0
mujoco,flat_forward,2,2,1760,17.599999999998527,1.0,0.0,0.33170761483619193,-0.0035746194048108687,-0.02108738172617337,0.4694050268530763,-0.046795168468368065,2.1817870140075684,0.027834858745336533,0
mujoco,flat_forward,2,2,1761,17.60999999999854,1.0,0.0,0.3316925037565756,-0.0035735527718189332,-0.02116758265614882,0.47018459681087915,-0.04386220651386255,2.1921236515045166,0.027261819690465927,0
mujoco,flat_forward,2,2,1762,17.61999999999855,1.0,0.0,0.3316758433100505,-0.0035580355307072166,-0.0210952238116572,0.468806037870292,-0.0463206878457995,2.182392120361328,0.02652716264128685,0
mujoco,flat_forward,2,2,1763,17.629999999998564,1.0,0.0,0.3316579019528572,-0.003548135817302731,-0.021170231083081588,0.4694886576513901,-0.040902373800925915,2.1934237480163574,0.02620111219584942,0
mujoco,flat_forward,2,2,1764,17.639999999998576,1.0,0.0,0.3316467845208484,-0.003533264678585796,-0.021054682896030526,0.46850875196121927,-0.04716043051718351,2.1866965293884277,0.021459190174937248,0
mujoco,flat_forward,2,2,1765,17.649999999998588,1.0,0.0,0.3316350834816282,-0.0035277007804105326,-0.02111095344260249,0.4689365960567235,-0.039841567476503664,2.1930625438690186,0.019032305106520653,0
mujoco,flat_forward,2,2,1766,17.6599999999986,1.0,0.0,0.33163240805129207,-0.0035217135311357956,-0.021008754379008645,0.46843275955852665,-0.0492293784277067,2.1898202896118164,0.014100582338869572,0
mujoco,flat_forward,2,2,1767,17.669999999998613,1.0,0.0,0.3316259340628754,-0.003529050408233216,-0.02108578500020402,0.46875889124048653,-0.043393686863380306,2.190282106399536,0.011661868542432785,0
mujoco,flat_forward,2,2,1768,17.679999999998625,1.0,0.0,0.33162482120438935,-0.0035421033344977394,-0.021021330456659718,0.4687087070707881,-0.054127852472958635,2.1886322498321533,0.008648424409329891,0
mujoco,flat_forward,2,2,1769,17.689999999998637,1.0,0.0,0.3316175897053335,-0.003560034311339425,-0.021047109143134787,0.46845192205242014,-0.044635388695946424,2.186366319656372,0.010413112118840218,0
mujoco,flat_forward,2,2,1770,17.69999999999865,1.0,0.0,0.33161511929399234,-0.0035842297738081534,-0.020994516907886045,0.4686330424472606,-0.05451865779585623,2.1888372898101807,0.011020168662071228,0
mujoco,flat_forward,2,2,1771,17.70999999999866,1.0,0.0,0.3316114037161158,-0.0035897486595479907,-0.020970933405190254,0.4679410694592926,-0.04145429291389187,2.1851630210876465,0.010026990436017513,0
mujoco,flat_forward,2,2,1772,17.719999999998674,1.0,0.0,0.3316097105257976,-0.0036017951462695595,-0.02094255980160062,0.46793728601670254,-0.0472097458560258,2.1883652210235596,0.012403786182403564,0
mujoco,flat_forward,2,2,1773,17.729999999998686,1.0,0.0,0.33161016534637416,-0.0035883866648465106,-0.020920158611846002,0.46720191920067117,-0.04194046817459561,2.1882810592651367,0.0050168586894869804,0
mujoco,flat_forward,2,2,1774,17.739999999998698,1.0,0.0,0.33161359079969893,-0.003599782620500734,-0.020906577100264393,0.46751013107491524,-0.04730500403233291,2.1901869773864746,0.004827301949262619,0
mujoco,flat_forward,2,2,1775,17.74999999999871,1.0,0.0,0.331617322670839,-0.003593575757955662,-0.020894679097206992,0.4670223906880222,-0.047523520105964945,2.1893503665924072,0.004850832745432854,0
mujoco,flat_forward,2,2,1776,17.759999999998723,1.0,0.0,0.3316217427452926,-0.0036144753324119047,-0.020884115890666487,0.4671749138921519,-0.04530716596075694,2.190547227859497,0.0047257933765649796,0
mujoco,flat_forward,2,2,1777,17.769999999998735,1.0,0.0,0.3316279655505737,-0.0036097732158823616,-0.02087581163389959,0.4667457225567045,-0.05075740528044095,2.189993381500244,0.006844968069344759,0
mujoco,flat_forward,2,2,1778,17.779999999998747,1.0,0.0,0.331635150040733,-0.0036265971190270743,-0.0208647840281571,0.46663657413616616,-0.04213843857890704,2.1897075176239014,0.008922353386878967,0
mujoco,flat_forward,2,2,1779,17.78999999999876,1.0,0.0,0.331642731460667,-0.0036221145827801974,-0.02087346771091674,0.46641389193294014,-0.05374601323912466,2.18904709815979,0.012055960483849049,0
mujoco,flat_forward,2,2,1780,17.79999999999877,1.0,0.0,0.3316499100758452,-0.003631126048816998,-0.02086671145518792,0.4660858970525604,-0.04014142494869251,2.187825918197632,0.014859441667795181,0
mujoco,flat_forward,2,2,1781,17.809999999998784,1.0,0.0,0.3316524476859483,-0.0036234230084362102,-0.020922315582187077,0.4660124116487904,-0.05199687151092825,2.186910629272461,0.016456663608551025,0
mujoco,flat_forward,2,2,1782,17.819999999998796,1.0,0.0,0.33165295193332983,-0.0036185201386752,-0.020930838748676763,0.4658034273009365,-0.039592851974227385,2.186979293823242,0.014864528551697731,0
mujoco,flat_forward,2,2,1783,17.829999999998808,1.0,0.0,0.33164607886974645,-0.003610182040256906,-0.020972722621444978,0.46550352207450546,-0.049929316147469434,2.18611741065979,0.013680679723620415,0
mujoco,flat_forward,2,2,1784,17.83999999999882,1.0,0.0,0.33164299653817597,-0.0035949064799660558,-0.02094372222149649,0.46539046376480564,-0.03815186767004415,2.1911823749542236,0.01271150540560484,0
mujoco,flat_forward,2,2,1785,17.849999999998833,1.0,0.0,0.3316358637246065,-0.0035835754445601524,-0.02094060667021286,0.4648474455573484,-0.046466338163207534,2.1873066425323486,0.013263177126646042,0
mujoco,flat_forward,2,2,1786,17.859999999998845,1.0,0.0,0.3316353330316139,-0.0035613778984602143,-0.020921532856802955,0.46499282064037417,-0.03932036878566761,2.194995403289795,0.015204093419015408,0
mujoco,flat_forward,2,2,1787,17.869999999998857,1.0,0.0,0.3316332507013155,-0.0035597140779720276,-0.020913117982265347,0.46466728992585854,-0.04756623676870741,2.188027858734131,0.015276414342224598,0
mujoco,flat_forward,2,2,1788,17.87999999999887,1.0,0.0,0.3316345099725314,-0.003550414316162325,-0.02092603349239031,0.4650629752445464,-0.045201513356116683,2.193718671798706,0.014695246703922749,0
mujoco,flat_forward,2,2,1789,17.88999999999888,1.0,0.0,0.33163385922377586,-0.003563516469352154,-0.020881063628932776,0.4644690232983272,-0.046850656209229756,2.1867237091064453,0.016382839530706406,0
mujoco,flat_forward,2,2,1790,17.899999999998894,1.0,0.0,0.33163542595482076,-0.0035637549057843157,-0.020906866245126367,0.46504059750783655,-0.04951189699831293,2.1928062438964844,0.01932317391037941,0
mujoco,flat_forward,2,2,1791,17.909999999998906,1.0,0.0,0.33163746177377174,-0.0035786049783325326,-0.020810132295081475,0.464170806762894,-0.045930659058942086,2.1849586963653564,0.022760627791285515,0
mujoco,flat_forward,2,2,1792,17.919999999998918,1.0,0.0,0.33163826476296837,-0.0035830560245473505,-0.020896628625089286,0.46468872928444205,-0.04518923853482128,2.191697597503662,0.024852357804775238,0
mujoco,flat_forward,2,2,1793,17.92999999999893,1.0,0.0,0.33164403202763815,-0.0035796871776564336,-0.020788519629666682,0.4635712771778875,-0.043179564687831885,2.1839821338653564,0.021046891808509827,0
mujoco,flat_forward,2,2,1794,17.939999999998943,1.0,0.0,0.33164611093814245,-0.003574538075173817,-0.02089246052984882,0.46410819976543605,-0.046548849223691985,2.190718173980713,0.0200018510222435,0
mujoco,flat_forward,2,2,1795,17.949999999998955,1.0,0.0,0.3316533898566054,-0.0035723159662481513,-0.020802840853847916,0.4634491772150268,-0.04682052838935672,2.186676263809204,0.017036868259310722,0
mujoco,flat_forward,2,2,1796,17.959999999998967,1.0,0.0,0.33165568614601465,-0.003572494405304734,-0.020888084090163954,0.46355196827221656,-0.046810641936888824,2.190236806869507,0.013987482525408268,0
mujoco,flat_forward,2,2,1797,17.96999999999898,1.0,0.0,0.33166705164438126,-0.003571720452054032,-0.020805067995637916,0.4632292668161413,-0.04825624143034608,2.190416097640991,0.007249167189002037,0
mujoco,flat_forward,2,2,1798,17.97999999999899,1.0,0.0,0.3316746775773023,-0.003570746991984484,-0.02085339235300833,0.46281693092675336,-0.04565023365043265,2.1888468265533447,0.005698137450963259,0
mujoco,flat_forward,2,2,1799,17.989999999999004,1.0,0.0,0.3316916323730982,-0.0035705370604693226,-0.020789581754106463,0.4629589073524466,-0.04956447545360816,2.1930222511291504,0.008145663887262344,0
mujoco,flat_forward,2,2,1800,17.999999999999016,1.0,0.0,0.33170033189038,-0.0035697081572072156,-0.02087683940019813,0.46260624362996194,-0.04529273089885194,2.187084436416626,0.011907435953617096,0
mujoco,flat_forward,2,2,1801,18.009999999999028,1.0,0.0,0.3317106577485074,-0.003572541374770687,-0.020879616725683888,0.46303689071973414,-0.05110483301202239,2.1904819011688232,0.01028199028223753,0
mujoco,flat_forward,2,2,1802,18.01999999999904,1.0,0.0,0.3317111622589934,-0.003569637759195361,-0.020895619816195667,0.4621890499328438,-0.04590238574151868,2.184424638748169,0.015997201204299927,0
mujoco,flat_forward,2,2,1803,18.029999999999053,1.0,0.0,0.3317132918230028,-0.0035758623454667697,-0.020909940533243288,0.46269776623586467,-0.04796290187961785,2.192293405532837,0.020498577505350113,0
mujoco,flat_forward,2,2,1804,18.039999999999065,1.0,0.0,0.3317155108141804,-0.003562443924585321,-0.02085871655051691,0.4615564351583995,-0.046889354984960455,2.1862730979919434,0.01681332476437092,0
mujoco,flat_forward,2,2,1805,18.049999999999077,1.0,0.0,0.33171973658981796,-0.003564733043057332,-0.02089481027709938,0.4623939102439276,-0.04685848373390451,2.194485902786255,0.01912692002952099,0
mujoco,flat_forward,2,2,1806,18.05999999999909,1.0,0.0,0.3317230643707637,-0.0035524503061765515,-0.020850618024806665,0.4613427629087737,-0.050462402755390774,2.186511993408203,0.020470893010497093,0
mujoco,flat_forward,2,2,1807,18.0699999999991,1.0,0.0,0.33172478218064577,-0.003555275507602894,-0.020906720899883956,0.46196073034351526,-0.04336402962201003,2.19385027885437,0.019648265093564987,0
mujoco,flat_forward,2,2,1808,18.079999999999114,1.0,0.0,0.3317261147112801,-0.0035299769732458097,-0.020895269289725828,0.46102913483499525,-0.048420274499993074,2.1871490478515625,0.01926766335964203,0
mujoco,flat_forward,2,2,1809,18.089999999999126,1.0,0.0,0.3317242435967638,-0.003516209021495116,-0.02094260356015063,0.46126974566733536,-0.03675761547736982,2.191995859146118,0.014217138290405273,0
mujoco,flat_forward,2,2,1810,18.099999999999138,1.0,0.0,0.33172252289500426,-0.003483589159265062,-0.020929591153309886,0.4607746852447804,-0.049557541517269516,2.1898093223571777,0.015018160454928875,0
mujoco,flat_forward,2,2,1811,18.10999999999915,1.0,0.0,0.33171799167384747,-0.0034649823687363727,-0.020955200892181152,0.4608047456739938,-0.03537702231375045,2.1923651695251465,0.01586773805320263,0
mujoco,flat_forward,2,2,1812,18.119999999999163,1.0,0.0,0.3317157722009234,-0.0034526658668118633,-0.020942129745684237,0.46094306705326105,-0.052655798227825686,2.1922566890716553,0.012785220518708229,0
mujoco,flat_forward,2,2,1813,18.129999999999175,1.0,0.0,0.33170887342201444,-0.0034537513590978232,-0.020964855152898646,0.46097034835229245,-0.040079577849368705,2.190589666366577,0.017194952815771103,0
mujoco,flat_forward,2,2,1814,18.139999999999187,1.0,0.0,0.3317020435994191,-0.003468967478799798,-0.02096333806402297,0.4611360984054142,-0.05304364224622683,2.1911957263946533,0.014056891202926636,0
mujoco,flat_forward,2,2,1815,18.1499999999992,1.0,0.0,0.33169772299455785,-0.003471281924296448,-0.020961482243843917,0.4607562068276085,-0.042804499080810056,2.190152883529663,0.009509078226983547,0
mujoco,flat_forward,2,2,1816,18.15999999999921,1.0,0.0,0.3316966477340828,-0.0034895783174950417,-0.020947331773966234,0.4606868892378473,-0.049838396325033715,2.1901700496673584,0.008637436665594578,0
mujoco,flat_forward,2,2,1817,18.169999999999224,1.0,0.0,0.33170095300063845,-0.0034859960883142425,-0.020931340734055264,0.46024611380850833,-0.04515754256955269,2.191157341003418,0.004479467868804932,0
mujoco,flat_forward,2,2,1818,18.179999999999236,1.0,0.0,0.3317083142606668,-0.003503353881771587,-0.020913422755311124,0.4600391781892214,-0.046844051872241624,2.1902859210968018,0.003175947815179825,0
mujoco,flat_forward,2,2,1819,18.189999999999248,1.0,0.0,0.3317194026024818,-0.003493915044855301,-0.020929865269490092,0.45985530842253686,-0.044915869825083554,2.191647529602051,0.0046666329726576805,0
mujoco,flat_forward,2,2,1820,18.19999999999926,1.0,0.0,0.3317268485772057,-0.0035105857722058523,-0.020937523367393195,0.45976782752955175,-0.04589384087806124,2.1885106563568115,0.009934795089066029,0
mujoco,flat_forward,2,2,1821,18.209999999999273,1.0,0.0,0.33173117137417385,-0.003507535420328724,-0.020981146771693594,0.45984394391393024,-0.050357923861093945,2.190735340118408,0.008498397655785084,0
mujoco,flat_forward,2,2,1822,18.219999999999285,1.0,0.0,0.3317324713777973,-0.003530346076163144,-0.02095656533609473,0.4595521574321975,-0.04478326566962081,2.188232660293579,0.01366729661822319,0
mujoco,flat_forward,2,2,1823,18.229999999999297,1.0,0.0,0.3317314141751123,-0.003536706153182081,-0.021000033585021883,0.45968538356257527,-0.05228722475093274,2.1909492015838623,0.014908336102962494,0
mujoco,flat_forward,2,2,1824,18.23999999999931,1.0,0.0,0.3317344201422555,-0.003547680144366174,-0.02091456408076474,0.45912690877309215,-0.0426980360266327,2.1893725395202637,0.013064561411738396,0
mujoco,flat_forward,2,2,1825,18.24999999999932,1.0,0.0,0.33173523048362674,-0.0035493866963459404,-0.020954468524036575,0.45902905831287766,-0.04895487113727609,2.191497564315796,0.015112491324543953,0
mujoco,flat_forward,2,2,1826,18.259999999999334,1.0,0.0,0.3317449953788293,-0.0035461120479825087,-0.02087343805234152,0.45860937456396333,-0.04120699074872883,2.1925249099731445,0.008879130706191063,0
mujoco,flat_forward,2,2,1827,18.269999999999346,1.0,0.0,0.331750904216694,-0.003544339347513404,-0.02093380572728558,0.45854678762449763,-0.050058829826114246,2.1906943321228027,0.009088748134672642,0
mujoco,flat_forward,2,2,1828,18.279999999999358,1.0,0.0,0.331761884989182,-0.0035401237424856793,-0.020903676288658503,0.45847704622584606,-0.04367118856013616,2.1930148601531982,0.008943979628384113,0
mujoco,flat_forward,2,2,1829,18.28999999999937,1.0,0.0,0.3317633678043944,-0.0035349323074908706,-0.020994525238314368,0.4580615175753182,-0.0454469668132866,2.1886680126190186,0.009983707219362259,0
mujoco,flat_forward,2,2,1830,18.299999999999383,1.0,0.0,0.3317685678721453,-0.0035228062085522096,-0.020993206149082864,0.4582337276803316,-0.04181041548396031,2.1940243244171143,0.010258307680487633,0
mujoco,flat_forward,2,2,1831,18.309999999999395,1.0,0.0,0.33176532838955985,-0.003512629883627737,-0.02102328168204524,0.45741903241751725,-0.04280210685770314,2.188241720199585,0.014590857550501823,0
mujoco,flat_forward,2,2,1832,18.319999999999407,1.0,0.0,0.33176587940230967,-0.003501025819301368,-0.021048777120149638,0.4581984643593688,-0.042394925064474134,2.1977474689483643,0.019617894664406776,0
mujoco,flat_forward,2,2,1833,18.32999999999942,1.0,0.0,0.33175816481886344,-0.0034972685111825143,-0.021060162055851126,0.45727416895465556,-0.04537129503575877,2.1865768432617188,0.02704249694943428,0
mujoco,flat_forward,2,2,1834,18.33999999999943,1.0,0.0,0.3317492895297513,-0.003494480989561604,-0.02114537959765721,0.4582615859611576,-0.04599065680008999,2.1966028213500977,0.025817256420850754,0
mujoco,flat_forward,2,2,1835,18.349999999999444,1.0,0.0,0.3317404904438638,-0.0034930380574360004,-0.02104589765276256,0.4570459766140154,-0.045752290514401286,2.1846346855163574,0.028443925082683563,0
mujoco,flat_forward,2,2,1836,18.359999999999456,1.0,0.0,0.3317306154391467,-0.003493067104527099,-0.021118523810597787,0.45776965646032974,-0.04374540780290397,2.195460557937622,0.02895829826593399,0
mujoco,flat_forward,2,2,1837,18.369999999999468,1.0,0.0,0.3317284210703562,-0.0034901680252243704,-0.020985311154625905,0.4567331541107256,-0.046074124716065985,2.1882615089416504,0.021705256775021553,0
mujoco,flat_forward,2,2,1838,18.37999999999948,1.0,0.0,0.3317247696893713,-0.0034934523222568356,-0.021073773381466803,0.4574031275304754,-0.04566500549195492,2.1943888664245605,0.020009921863675117,0
mujoco,flat_forward,2,2,1839,18.389999999999493,1.0,0.0,0.33172777023365074,-0.003499406492484771,-0.02097460413525625,0.4567811909665604,-0.05009306490144055,2.1893157958984375,0.017109381034970284,0
mujoco,flat_forward,2,2,1840,18.399999999999505,1.0,0.0,0.33172578067580716,-0.0035086997644352053,-0.0210687050735372,0.45704589023809145,-0.0424821209136498,2.191516160964966,0.014012864790856838,0
mujoco,flat_forward,2,2,1841,18.409999999999517,1.0,0.0,0.3317289377312897,-0.0035101615398950917,-0.020991040410511714,0.4565608200234213,-0.04926117785908016,2.1886045932769775,0.012090373784303665,0
mujoco,flat_forward,2,2,1842,18.41999999999953,1.0,0.0,0.33172605121716897,-0.0035101132337804174,-0.021029962262613507,0.45633432766673454,-0.041311144122559006,2.189356565475464,0.009107745252549648,0
mujoco,flat_forward,2,2,1843,18.42999999999954,1.0,0.0,0.33172968167210887,-0.0035149126172676066,-0.020950769600488518,0.4564759964117775,-0.05162840741774448,2.192391872406006,0.00813375785946846,0
mujoco,flat_forward,2,2,1844,18.439999999999554,1.0,0.0,0.33172875530324764,-0.0035171906059938457,-0.020928566219126733,0.4559196522234343,-0.0423574086514662,2.189171075820923,0.012095002457499504,0
mujoco,flat_forward,2,2,1845,18.449999999999566,1.0,0.0,0.33173267722770766,-0.003535208555498519,-0.02089356958712669,0.45645564284443263,-0.05247035832419506,2.194087028503418,0.014773511327803135,0
mujoco,flat_forward,2,2,1846,18.459999999999578,1.0,0.0,0.33173379487630145,-0.003544100070221462,-0.020868317089697684,0.4557481633493095,-0.047202574968253426,2.1875457763671875,0.015795761719346046,0
mujoco,flat_forward,2,2,1847,18.46999999999959,1.0,0.0,0.33173687706804994,-0.003571429231381558,-0.020855464043155168,0.456196845903066,-0.05010552893385981,2.1927578449249268,0.015669094398617744,0
mujoco,flat_forward,2,2,1848,18.479999999999603,1.0,0.0,0.33173959270395537,-0.0035697099769368555,-0.020846711344448692,0.45536217922857836,-0.04495714921697609,2.1886658668518066,0.010582572780549526,0
mujoco,flat_forward,2,2,1849,18.489999999999615,1.0,0.0,0.3317428067919197,-0.003580847441443532,-0.02084038398229058,0.4554803366782942,-0.043245873909414166,2.1913440227508545,0.008779599331319332,0
mujoco,flat_forward,2,2,1850,18.499999999999627,1.0,0.0,0.3317472380515889,-0.0035628353518487033,-0.020826623293800754,0.4548210267578684,-0.046289344389029395,2.19173264503479,0.006519170477986336,0
mujoco,flat_forward,2,2,1851,18.50999999999964,1.0,0.0,0.3317530806124397,-0.0035671525404779125,-0.02081643456836842,0.45488065676292877,-0.039813566469717086,2.1936779022216797,0.00762227363884449,0
mujoco,flat_forward,2,2,1852,18.51999999999965,1.0,0.0,0.33176042100818814,-0.0035509974069214347,-0.02081523554603457,0.454554850272483,-0.04977891697323752,2.193906307220459,0.009274299256503582,0
mujoco,flat_forward,2,2,1853,18.529999999999664,1.0,0.0,0.33176603955237566,-0.0035654739486161327,-0.020839718725208994,0.454801915844875,-0.04110636508830351,2.193737268447876,0.012928360141813755,0
mujoco,flat_forward,2,2,1854,18.539999999999676,1.0,0.0,0.3317683208432555,-0.0035667153906404035,-0.020860255241383248,0.4547649137555786,-0.05532707373607827,2.1920876502990723,0.012577998451888561,0
mujoco,flat_forward,2,2,1855,18.549999999999688,1.0,0.0,0.33176667225444706,-0.0035848653257200655,-0.02087353332029056,0.4547099349615126,-0.039412490324124874,2.191718578338623,0.016273166984319687,0
mujoco,flat_forward,2,2,1856,18.5599999999997,1.0,0.0,0.33176098138579097,-0.0035915047976339104,-0.020892881385654916,0.45438888663870836,-0.05300806434651278,2.1898560523986816,0.018397612497210503,0
mujoco,flat_forward,2,2,1857,18.569999999999713,1.0,0.0,0.33175837611795234,-0.0035845919526460985,-0.020896075094436695,0.45412354453941656,-0.03948317820524831,2.193240165710449,0.013713840395212173,0
mujoco,flat_forward,2,2,1858,18.579999999999725,1.0,0.0,0.3317564169923259,-0.003586669581983604,-0.02089569177473113,0.45373069781989056,-0.049391150763796195,2.190105676651001,0.011641886085271835,0
mujoco,flat_forward,2,2,1859,18.589999999999737,1.0,0.0,0.33176018418157005,-0.003573307541252722,-0.020892037579540366,0.4536763842590846,-0.03841937510859328,2.1951510906219482,0.01169007457792759,0
mujoco,flat_forward,2,2,1860,18.59999999999975,1.0,0.0,0.33175975692946996,-0.003573878035907262,-0.02090684579567357,0.45339178566480004,-0.047786965031286883,2.1888482570648193,0.014446311630308628,0
mujoco,flat_forward,2,2,1861,18.60999999999976,1.0,0.0,0.33175959663141874,-0.003563309229204175,-0.020926610302142597,0.45358787358773556,-0.043238224487298374,2.19466495513916,0.013574467040598392,0
mujoco,flat_forward,2,2,1862,18.619999999999774,1.0,0.0,0.3317562275196258,-0.0035768728373225898,-0.020899747953079847,0.4531878353931962,-0.04688870692833262,2.190062999725342,0.012235492467880249,0
mujoco,flat_forward,2,2,1863,18.629999999999786,1.0,0.0,0.3317556946021297,-0.0035759298997026932,-0.020907927745608026,0.45357916487275335,-0.04756236117947513,2.1963915824890137,0.016106758266687393,0
mujoco,flat_forward,2,2,1864,18.639999999999798,1.0,0.0,0.3317554528884136,-0.0035972161160077423,-0.020831561699659294,0.4530055854244272,-0.04556595316157466,2.1904592514038086,0.01786762662231922,0
mujoco,flat_forward,2,2,1865,18.64999999999981,1.0,0.0,0.33175651374804827,-0.0036061683724305893,-0.020876431854947662,0.4534692728154848,-0.049648158783205956,2.196477174758911,0.020919466391205788,0
mujoco,flat_forward,2,2,1866,18.659999999999823,1.0,0.0,0.3317636758781655,-0.0036205154202218165,-0.02075660599913119,0.45263855387088636,-0.044411477448500054,2.190187931060791,0.01873016357421875,0
mujoco,flat_forward,2,2,1867,18.669999999999835,1.0,0.0,0.3317695306500361,-0.003629659273145407,-0.020840144876339135,0.45311399192796453,-0.050727981733978585,2.1954002380371094,0.019968749955296516,0
mujoco,flat_forward,2,2,1868,18.679999999999847,1.0,0.0,0.3317808353241697,-0.0036451599882320403,-0.020758412593639006,0.45253538071727817,-0.04653145021019305,2.1906464099884033,0.01762656681239605,0
mujoco,flat_forward,2,2,1869,18.68999999999986,1.0,0.0,0.33178616420950185,-0.0036548428360226233,-0.020880946633945578,0.4526744929601033,-0.04616499220281854,2.192962884902954,0.01492935698479414,0
mujoco,flat_forward,2,2,1870,18.69999999999987,1.0,0.0,0.33179693333453675,-0.0036553853277155675,-0.020829493789899376,0.45212424941772233,-0.044259630049708384,2.1915996074676514,0.009893621318042278,0
mujoco,flat_forward,2,2,1871,18.709999999999884,1.0,0.0,0.33180149952707244,-0.003652653882533705,-0.020916521850379278,0.45184305834439054,-0.04363621262338004,2.192476272583008,0.006653768476098776,0
mujoco,flat_forward,2,2,1872,18.719999999999896,1.0,0.0,0.3318142610885228,-0.0036484140563404345,-0.020868426915286595,0.45182501207473025,-0.04532092284067031,2.196662425994873,0.006948336958885193,0
mujoco,flat_forward,2,2,1873,18.729999999999908,1.0,0.0,0.33181976878624386,-0.0036499903295823086,-0.020953731823031597,0.4515748804675143,-0.04687705236947955,2.192955255508423,0.008126789703965187,0
mujoco,flat_forward,2,2,1874,18.73999999999992,1.0,0.0,0.3318299421420478,-0.0036561702955698653,-0.02094840104916384,0.4520563728486696,-0.049418667375181705,2.1976237297058105,0.00949797686189413,0
mujoco,flat_forward,2,2,1875,18.749999999999932,1.0,0.0,0.3318315115365791,-0.0036643425197291097,-0.02098351935369139,0.4513047487881841,-0.04770904911120013,2.1904830932617188,0.015327508561313152,0
mujoco,flat_forward,2,2,1876,18.759999999999945,1.0,0.0,0.33183583495226715,-0.0036752165998125926,-0.021015037301724264,0.4520145004045359,-0.048932779259133294,2.197956085205078,0.018886161968111992,0
mujoco,flat_forward,2,2,1877,18.769999999999957,1.0,0.0,0.33183723284347644,-0.0036737969032596767,-0.020967375109235544,0.4507456769627102,-0.0474859139135729,2.187908887863159,0.022863326594233513,0
mujoco,flat_forward,2,2,1878,18.77999999999997,1.0,0.0,0.3318390500617754,-0.0036766753548354977,-0.021022674742850023,0.4514148180572926,-0.04302204117891668,2.1988117694854736,0.025101831182837486,0
mujoco,flat_forward,2,2,1879,18.78999999999998,1.0,0.0,0.33184240913776875,-0.0036622095596252667,-0.020947333823585962,0.4501203185420339,-0.0471194004057091,2.189814329147339,0.023682404309511185,0
mujoco,flat_forward,2,2,1880,18.799999999999994,1.0,0.0,0.33184327488671456,-0.0036589825544027033,-0.02105816767494087,0.45099096271331895,-0.04148310193957576,2.1989340782165527,0.02171104960143566,0
mujoco,flat_forward,2,2,1881,18.810000000000006,1.0,0.0,0.3318412392610338,-0.003639750564727777,-0.02104453355853311,0.4499589337867039,-0.04727210757664212,2.188978433609009,0.02599436789751053,0
mujoco,flat_forward,2,2,1882,18.820000000000018,1.0,0.0,0.33183155342545473,-0.0036324397715864817,-0.02115249676666043,0.4504607543987354,-0.03817003725902874,2.1964783668518066,0.01997165009379387,0
mujoco,flat_forward,2,2,1883,18.83000000000003,1.0,0.0,0.3318241883929499,-0.0036198308364466347,-0.021093792224544255,0.44994586352015586,-0.04870000096460376,2.1927011013031006,0.015932923182845116,0
mujoco,flat_forward,2,2,1884,18.840000000000042,1.0,0.0,0.3318125396399094,-0.0036195474495903162,-0.021133980292954144,0.4501197306088103,-0.037518393319124564,2.1962051391601562,0.014499478042125702,0
mujoco,flat_forward,2,2,1885,18.850000000000055,1.0,0.0,0.33180629666103384,-0.0036230454039473297,-0.02106948850615954,0.4501713600186623,-0.0513478592774789,2.1965508460998535,0.011054916307330132,0
mujoco,flat_forward,2,2,1886,18.860000000000067,1.0,0.0,0.33179734068130495,-0.0036333492625159874,-0.021056968162094333,0.4499302816604291,-0.03823210442692958,2.194342613220215,0.013364983722567558,0
mujoco,flat_forward,2,2,1887,18.87000000000008,1.0,0.0,0.3317925004043352,-0.003655212861697206,-0.021025379393917295,0.4503377735579233,-0.052470144475941095,2.1967601776123047,0.013412276282906532,0
mujoco,flat_forward,2,2,1888,18.88000000000009,1.0,0.0,0.33178612256848833,-0.003670798519108974,-0.021018279263885543,0.4499522190890305,-0.04332342047833117,2.1918041706085205,0.014241081662476063,0
mujoco,flat_forward,2,2,1889,18.890000000000104,1.0,0.0,0.3317814820050894,-0.0037047425619608676,-0.02100595488423979,0.4502332544117637,-0.05057307089312397,2.1944971084594727,0.0111478166654706,0
mujoco,flat_forward,2,2,1890,18.900000000000116,1.0,0.0,0.3317790197677102,-0.003715930158154608,-0.020995976486529278,0.4496053085967213,-0.04540771768144808,2.1928725242614746,0.005886154714971781,0
mujoco,flat_forward,2,2,1891,18.910000000000128,1.0,0.0,0.33177942571107016,-0.0037466110736032554,-0.020984175111300803,0.4496739673480525,-0.046564755057992825,2.1942358016967773,0.004653570242226124,0
mujoco,flat_forward,2,2,1892,18.92000000000014,1.0,0.0,0.3317829529551431,-0.003749069708165576,-0.02097416977715295,0.44912054697316367,-0.047857886271698485,2.1944191455841064,0.002897449769079685,0
mujoco,flat_forward,2,2,1893,18.930000000000152,1.0,0.0,0.3317879935447053,-0.0037760519242065835,-0.020963220101044275,0.44903440053468846,-0.0433479226424798,2.194409132003784,0.005438619293272495,0
mujoco,flat_forward,2,2,1894,18.940000000000165,1.0,0.0,0.3317942717397057,-0.0037764177246527786,-0.020971828151831306,0.4487066500389446,-0.05124917997681785,2.1944639682769775,0.00781497173011303,0
mujoco,flat_forward,2,2,1895,18.950000000000177,1.0,0.0,0.3317998785666468,-0.0038073995966943523,-0.020968668276204555,0.4484586863744507,-0.04142010630507185,2.1931002140045166,0.012773316353559494,0
mujoco,flat_forward,2,2,1896,18.96000000000019,1.0,0.0,0.33180164457976835,-0.0038097569451126063,-0.021025041234971696,0.4484744693127118,-0.05153815936083264,2.1928579807281494,0.013114264234900475,0
mujoco,flat_forward,2,2,1897,18.9700000000002,1.0,0.0,0.33179687089547605,-0.0038435196672269994,-0.021042028552523344,0.44839476676810386,-0.04129431662871949,2.1904397010803223,0.018399054184556007,0
mujoco,flat_forward,2,2,1898,18.980000000000214,1.0,0.0,0.3317828945028356,-0.003857096656129965,-0.021107511636917296,0.448289088371948,-0.05153936488258517,2.190751552581787,0.015951763838529587,0
mujoco,flat_forward,2,2,1899,18.990000000000226,1.0,0.0,0.3317712572075628,-0.0038630499410869366,-0.021073443627527343,0.44803573927598733,-0.04033841365436674,2.1928799152374268,0.0120472377166152,0
mujoco,flat_forward,2,2,1900,19.000000000000238,1.0,0.0,0.3317545991810811,-0.003864245047716795,-0.021093249860693723,0.447679352002366,-0.04883410279096429,2.1909823417663574,0.012005824595689774,0
mujoco,flat_forward,2,2,1901,19.01000000000025,1.0,0.0,0.33174457420133413,-0.003855746466226688,-0.021052845494256022,0.44765221416261364,-0.03938724676617373,2.1967554092407227,0.01218490581959486,0
mujoco,flat_forward,2,2,1902,19.020000000000262,1.0,0.0,0.33173060963657675,-0.0038517872041581476,-0.021049188889397375,0.447025959117736,-0.04602033858962808,2.1907248497009277,0.014439845457673073,0
mujoco,flat_forward,2,2,1903,19.030000000000275,1.0,0.0,0.33172283000305813,-0.0038378407102343526,-0.02104636143035962,0.4473460076838368,-0.041457658240217826,2.198427200317383,0.01585380546748638,0
mujoco,flat_forward,2,2,1904,19.040000000000287,1.0,0.0,0.3317135063750789,-0.0038389446563895906,-0.02100492466945068,0.4465836723309114,-0.043964682824746755,2.1896259784698486,0.019732249900698662,0
mujoco,flat_forward,2,2,1905,19.0500000000003,1.0,0.0,0.3317077424533245,-0.0038316697016757273,-0.0210349299174637,0.447289111363417,-0.04546597405931819,2.198321580886841,0.020787030458450317,0
mujoco,flat_forward,2,2,1906,19.06000000000031,1.0,0.0,0.33169906177405095,-0.0038523000011525844,-0.02099405843670558,0.44673885267584323,-0.04721860236903411,2.1881678104400635,0.026240946725010872,0
mujoco,flat_forward,2,2,1907,19.070000000000324,1.0,0.0,0.33168813244951395,-0.003866255989495559,-0.021072133614510446,0.44745498691134367,-0.050257410040215125,2.195167064666748,0.02394421398639679,0
mujoco,flat_forward,2,2,1908,19.080000000000336,1.0,0.0,0.3316796186973243,-0.0038860646320188026,-0.0209527706932662,0.44655044275307965,-0.04733968422681851,2.1868512630462646,0.02297569066286087,0
mujoco,flat_forward,2,2,1909,19.090000000000348,1.0,0.0,0.3316688195254172,-0.0038992808128628185,-0.021027072102819983,0.4468826166927012,-0.04822675329995637,2.1937050819396973,0.02449309080839157,0
mujoco,flat_forward,2,2,1910,19.10000000000036,1.0,0.0,0.3316671011080962,-0.003907081120667411,-0.020899934068446806,0.4460349604372195,-0.047227329159275085,2.1895124912261963,0.01648634485900402,0
mujoco,flat_forward,2,2,1911,19.110000000000372,1.0,0.0,0.33166260917375096,-0.003909065566532169,-0.02098987563805585,0.4461024190063194,-0.04308049491917678,2.1923348903656006,0.014559809118509293,0
mujoco,flat_forward,2,2,1912,19.120000000000385,1.0,0.0,0.3316657996283361,-0.0039044103817969748,-0.02090544005709879,0.44551473374941014,-0.04598713512574429,2.190352439880371,0.01109784934669733,0
mujoco,flat_forward,2,2,1913,19.130000000000397,1.0,0.0,0.3316638582021934,-0.0038980347803195346,-0.020967791248019403,0.4452231701682834,-0.04184761330663707,2.19095516204834,0.007127349730581045,0
mujoco,flat_forward,2,2,1914,19.14000000000041,1.0,0.0,0.33167018759774336,-0.0038944913990386514,-0.02089521121085204,0.44523771675593826,-0.04839550542773492,2.1938841342926025,0.006328709423542023,0
mujoco,flat_forward,2,2,1915,19.15000000000042,1.0,0.0,0.33166892959995864,-0.003897801574856651,-0.02095592906374356,0.44499015190050933,-0.04631333137156304,2.1902976036071777,0.010035448707640171,0
mujoco,flat_forward,2,2,1916,19.160000000000434,1.0,0.0,0.33167181337164514,-0.003911659132256365,-0.020930378785152255,0.4455210852815201,-0.05304495958818336,2.19417142868042,0.009784356690943241,0
mujoco,flat_forward,2,2,1917,19.170000000000446,1.0,0.0,0.33166678754929957,-0.00392271930920351,-0.020927825593843957,0.4447409028735481,-0.04778812973710069,2.187342405319214,0.016013452783226967,0
mujoco,flat_forward,2,2,1918,19.180000000000458,1.0,0.0,0.3316645659560626,-0.0039434624705440334,-0.020930127909760638,0.4452062810114218,-0.04966091007037912,2.1939172744750977,0.020095879212021828,0
mujoco,flat_forward,2,2,1919,19.19000000000047,1.0,0.0,0.33166296405202933,-0.003942140811641432,-0.020872979112977565,0.4440205729633273,-0.04856190349439785,2.186725378036499,0.01692403107881546,0
mujoco,flat_forward,2,2,1920,19.200000000000482,1.0,0.0,0.33166404545189576,-0.0039506679474181775,-0.02087896453433482,0.44442134203545536,-0.04501965669964194,2.1941239833831787,0.01832113228738308,0
mujoco,flat_forward,2,2,1921,19.210000000000495,1.0,0.0,0.33166606717819563,-0.003927171700114904,-0.020859116002886466,0.44333649119321183,-0.04612323496707651,2.1886067390441895,0.01599067822098732,0
mujoco,flat_forward,2,2,1922,19.220000000000507,1.0,0.0,0.33166632033320836,-0.00392236587585984,-0.020916146833546277,0.44387067751794645,-0.04246527652116985,2.1933484077453613,0.012604374438524246,0
mujoco,flat_forward,2,2,1923,19.23000000000052,1.0,0.0,0.3316643728404435,-0.0038992927704454504,-0.020909913215107698,0.44313926406828086,-0.05030063435115798,2.188922882080078,0.014594106003642082,0
mujoco,flat_forward,2,2,1924,19.24000000000053,1.0,0.0,0.3316587906169931,-0.003896196771825628,-0.020955173875806327,0.44347427221201996,-0.03971098418405607,2.193427801132202,0.01420688908547163,0
mujoco,flat_forward,2,2,1925,19.250000000000544,1.0,0.0,0.331653019411689,-0.003876967112558138,-0.020940328947923168,0.443009766927926,-0.05271087129553124,2.190575122833252,0.014841348864138126,0
mujoco,flat_forward,2,2,1926,19.260000000000556,1.0,0.0,0.33164438381878925,-0.003869539631257596,-0.020960774915463307,0.4430291772791943,-0.038326895151796804,2.1925387382507324,0.015665974467992783,0
mujoco,flat_forward,2,2,1927,19.270000000000568,1.0,0.0,0.3316382886928,-0.0038646273061634945,-0.02094069686350806,0.44294411966307573,-0.05315614988031772,2.191828966140747,0.01355794258415699,0
mujoco,flat_forward,2,2,1928,19.28000000000058,1.0,0.0,0.33163441652926484,-0.0038540904576519273,-0.020927486592864235,0.4425753016636512,-0.0390255871496741,2.191702365875244,0.012705479748547077,0
mujoco,flat_forward,2,2,1929,19.290000000000592,1.0,0.0,0.33163426301982524,-0.003856189187400389,-0.02090260987302322,0.44245534418849475,-0.0497607140596796,2.1922080516815186,0.01231375616043806,0
mujoco,flat_forward,2,2,1930,19.300000000000605,1.0,0.0,0.33164001844804747,-0.0038428693865146754,-0.02088178856104032,0.4420024148206985,-0.041204900406323776,2.193118095397949,0.007828295230865479,0
mujoco,flat_forward,2,2,1931,19.310000000000617,1.0,0.0,0.3316486327120056,-0.0038539831810968073,-0.02087429299053825,0.44212445829693625,-0.05052673350643878,2.1926300525665283,0.006061258260160685,0
mujoco,flat_forward,2,2,1932,19.32000000000063,1.0,0.0,0.33165869049495417,-0.0038486305981231656,-0.020890160109746314,0.4419398720125533,-0.04337780666656353,2.1927056312561035,0.005763854831457138,0
mujoco,flat_forward,2,2,1933,19.33000000000064,1.0,0.0,0.3316650953732919,-0.0038613455356398788,-0.020885501145171067,0.441713912640298,-0.04637490846708618,2.1900548934936523,0.006641692016273737,0
mujoco,flat_forward,2,2,1934,19.340000000000654,1.0,0.0,0.33167248112945047,-0.003850655372047995,-0.02089632565489079,0.4415790066932674,-0.046142907231394005,2.193763494491577,0.009260391816496849,0
mujoco,flat_forward,2,2,1935,19.350000000000666,1.0,0.0,0.3316794894776144,-0.0038627080177665437,-0.020854957183977417,0.4412067854156656,-0.04411825330587482,2.191220998764038,0.010284620337188244,0
mujoco,flat_forward,2,2,1936,19.360000000000678,1.0,0.0,0.3316880735204636,-0.003857042853520083,-0.020873209956590703,0.441370492875066,-0.05021320663960626,2.1954524517059326,0.013602967374026775,0
mujoco,flat_forward,2,2,1937,19.37000000000069,1.0,0.0,0.3316956055572767,-0.0038839212134350537,-0.02084962187935087,0.44122709959858697,-0.04654287399809263,2.191251516342163,0.016691993921995163,0
mujoco,flat_forward,2,2,1938,19.380000000000702,1.0,0.0,0.33170025829010924,-0.0038967528533004753,-0.020909127758812117,0.4413971512795469,-0.05483534019320612,2.1926815509796143,0.015668513253331184,0
mujoco,flat_forward,2,2,1939,19.390000000000715,1.0,0.0,0.33170811947652207,-0.003912661851895728,-0.020837193219586,0.44085935370490575,-0.045574860141590116,2.190155267715454,0.013577303849160671,0
mujoco,flat_forward,2,2,1940,19.400000000000727,1.0,0.0,0.3317128820735948,-0.003916904328901395,-0.02089408847962288,0.4407045825870658,-0.0518457019271223,2.1915934085845947,0.015863601118326187,0
mujoco,flat_forward,2,2,1941,19.41000000000074,1.0,0.0,0.3317260630857842,-0.003913065018856165,-0.020820692729611942,0.4402106118727701,-0.0440348990896595,2.1927239894866943,0.009489365853369236,0
mujoco,flat_forward,2,2,1942,19.42000000000075,1.0,0.0,0.33173408563563905,-0.0039020265823181263,-0.020914565937603907,0.4398726367524094,-0.04543044575627267,2.1911826133728027,0.009061780758202076,0
mujoco,flat_forward,2,2,1943,19.430000000000764,1.0,0.0,0.33174892874753953,-0.0038842977234447977,-0.020887653157725866,0.4396598646145123,-0.041746622246201306,2.1944847106933594,0.0065989731810987,0
mujoco,flat_forward,2,2,1944,19.440000000000776,1.0,0.0,0.33175550442954244,-0.0038715155279338566,-0.020983528704922177,0.4394130122677309,-0.047052641816162866,2.1913697719573975,0.007619765587151051,0
mujoco,flat_forward,2,2,1945,19.450000000000788,1.0,0.0,0.3317655717158843,-0.003858572440954318,-0.020993140589811863,0.43972895312659716,-0.04531286651213613,2.196427822113037,0.010168998502194881,0
mujoco,flat_forward,2,2,1946,19.4600000000008,1.0,0.0,0.33176642312622956,-0.0038505293096562482,-0.02103695242537283,0.4390423065024923,-0.04698490990687818,2.190115451812744,0.014739352278411388,0
mujoco,flat_forward,2,2,1947,19.470000000000812,1.0,0.0,0.3317699359248508,-0.0038415513890392343,-0.021076814785966864,0.4398129497842555,-0.04653100934668696,2.1986300945281982,0.019035449251532555,0
mujoco,flat_forward,2,2,1948,19.480000000000825,1.0,0.0,0.3317667322850901,-0.0038334135345088967,-0.02106085462210751,0.4386164296199441,-0.04611829163257586,2.187000036239624,0.02735649235546589,0
mujoco,flat_forward,2,2,1949,19.490000000000837,1.0,0.0,0.3317630321732848,-0.0038260420703194685,-0.02115068879030272,0.4393481609070597,-0.044404039350678166,2.198153257369995,0.028521304950118065,0
mujoco,flat_forward,2,2,1950,19.50000000000085,1.0,0.0,0.3317630000570517,-0.0038149422198625713,-0.021052842857215683,0.43815539193774977,-0.04647361130532555,2.1872639656066895,0.02639276720583439,0
mujoco,flat_forward,2,2,1951,19.51000000000086,1.0,0.0,0.33176117504741826,-0.003809437565912656,-0.02115745984079073,0.43894919744081,-0.04646441882217462,2.196603775024414,0.024561960250139236,0
mujoco,flat_forward,2,2,1952,19.520000000000874,1.0,0.0,0.33176293735396967,-0.0038058507129748865,-0.021068111723338726,0.4381248006109041,-0.05041397590104949,2.188600778579712,0.0227223951369524,0
mujoco,flat_forward,2,2,1953,19.530000000000886,1.0,0.0,0.3317597733834179,-0.003807418742982751,-0.02117333504934669,0.43861412073412465,-0.04320488803402092,2.1941397190093994,0.019614355638623238,0
mujoco,flat_forward,2,2,1954,19.540000000000898,1.0,0.0,0.3317603739593885,-0.0038010967100629268,-0.02108868029095413,0.437872647957686,-0.049339583431078894,2.189056396484375,0.017056047916412354,0
mujoco,flat_forward,2,2,1955,19.55000000000091,1.0,0.0,0.33175550880005295,-0.0037961957335651245,-0.021151525967878764,0.4379075227538458,-0.04131754654294905,2.1927638053894043,0.013951697386801243,0
mujoco,flat_forward,2,2,1956,19.560000000000922,1.0,0.0,0.3317578470227186,-0.003791809377451492,-0.021059405681364052,0.43769625091652725,-0.051475102727022375,2.1928608417510986,0.00930801872164011,0
mujoco,flat_forward,2,2,1957,19.570000000000935,1.0,0.0,0.3317563566129945,-0.0037897190768326947,-0.021068969925472667,0.43739893486828213,-0.042086912411865914,2.1919968128204346,0.010287740267813206,0
mujoco,flat_forward,2,2,1958,19.580000000000947,1.0,0.0,0.3317612982888605,-0.0037987955471638197,-0.021010193158661667,0.4377732206763092,-0.054574510397451856,2.195159673690796,0.010134332813322544,0
mujoco,flat_forward,2,2,1959,19.59000000000096,1.0,0.0,0.3317596975436136,-0.0038107469046529904,-0.021026018367135964,0.43740495995608764,-0.047077489784041436,2.189579725265503,0.016141735017299652,0
mujoco,flat_forward,2,2,1960,19.60000000000097,1.0,0.0,0.3317598743230782,-0.0038391239886459323,-0.0210166898759923,0.4377623844488226,-0.05413546125223259,2.192821979522705,0.014302363619208336,0
mujoco,flat_forward,2,2,1961,19.610000000000984,1.0,0.0,0.33175883305623205,-0.00384250927319573,-0.021018067051579638,0.4369957530488532,-0.04529416220703057,2.1885008811950684,0.010170969180762768,0
mujoco,flat_forward,2,2,1962,19.620000000000996,1.0,0.0,0.3317583438370714,-0.003855768324098561,-0.021020496326602703,0.4370401075805736,-0.04740611089893877,2.190556049346924,0.00954438652843237,0
mujoco,flat_forward,2,2,1963,19.630000000001008,1.0,0.0,0.33175884343319506,-0.003839580040020052,-0.02101441804102108,0.43631237540379536,-0.04635060131307281,2.190967321395874,0.0046855853870511055,0
mujoco,flat_forward,2,2,1964,19.64000000000102,1.0,0.0,0.3317612435520801,-0.0038452446711642147,-0.021005566767545926,0.4363622805407389,-0.043924101317418876,2.1927669048309326,0.005104025360196829,0
mujoco,flat_forward,2,2,1965,19.650000000001032,1.0,0.0,0.3317657783693968,-0.0038271730647306485,-0.021003881984904757,0.4359128661605793,-0.04978348841141431,2.1935696601867676,0.005862790625542402,0
mujoco,flat_forward,2,2,1966,19.660000000001045,1.0,0.0,0.33177131231801005,-0.0038336836571868354,-0.02100266745943028,0.43586090695618135,-0.04138816400031031,2.193634271621704,0.009535054676234722,0
mujoco,flat_forward,2,2,1967,19.670000000001057,1.0,0.0,0.33177672597699204,-0.003822482777887613,-0.021019464247238807,0.4356873942283932,-0.05321042294431173,2.193434238433838,0.011138718575239182,0
mujoco,flat_forward,2,2,1968,19.68000000000107,1.0,0.0,0.3317788253081784,-0.0038423440879979814,-0.021037577544777017,0.43584500904366785,-0.04266900562329754,2.192265748977661,0.01607048697769642,0
mujoco,flat_forward,2,2,1969,19.69000000000108,1.0,0.0,0.33177544175742973,-0.0038483147417730464,-0.021075044844727966,0.43576602499561723,-0.056279818955843795,2.19073224067688,0.014679348096251488,0
mujoco,flat_forward,2,2,1970,19.700000000001094,1.0,0.0,0.3317714414470745,-0.0038521644902415665,-0.021083983418899613,0.4355372841624146,-0.04074547093000512,2.1916520595550537,0.013791773468255997,0
mujoco,flat_forward,2,2,1971,19.710000000001106,1.0,0.0,0.33176340655423153,-0.0038504770516033034,-0.021102942287595034,0.4350688837695052,-0.05235652279146171,2.189201593399048,0.016343217343091965,0
mujoco,flat_forward,2,2,1972,19.720000000001118,1.0,0.0,0.3317595390440151,-0.003835388529733047,-0.021093061599854097,0.4348146490284297,-0.04058357102534729,2.1944072246551514,0.013474458828568459,0
mujoco,flat_forward,2,2,1973,19.73000000000113,1.0,0.0,0.33175539861424325,-0.0038316308046494013,-0.021080366278197135,0.4343503953170041,-0.048587738180429656,2.1903491020202637,0.011091711930930614,0
mujoco,flat_forward,2,2,1974,19.740000000001142,1.0,0.0,0.33175701268057967,-0.0038127278611888595,-0.02107854965124255,0.4344106770591982,-0.039917082580031016,2.1963555812835693,0.01268616784363985,0
mujoco,flat_forward,2,2,1975,19.750000000001155,1.0,0.0,0.3317533020550034,-0.0038088618199700612,-0.021089384408183344,0.4340250422844522,-0.047383221480628804,2.188506603240967,0.01718861609697342,0
mujoco,flat_forward,2,2,1976,19.760000000001167,1.0,0.0,0.3317493901776267,-0.0037950057847074272,-0.021114709314256158,0.434365601890735,-0.04521143400016649,2.195158004760742,0.015913693234324455,0
mujoco,flat_forward,2,2,1977,19.77000000000118,1.0,0.0,0.3317415858625411,-0.003805112610019356,-0.021070606699582838,0.433852656386453,-0.04711685893386282,2.188669204711914,0.017198937013745308,0
mujoco,flat_forward,2,2,1978,19.78000000000119,1.0,0.0,0.3317351784000919,-0.003803950276099071,-0.021096518397816597,0.43442977245764985,-0.04997215888783214,2.1960642337799072,0.020366031676530838,0
mujoco,flat_forward,2,2,1979,19.790000000001204,1.0,0.0,0.33172929653300454,-0.003820230825740139,-0.020995680837480123,0.4337261440935133,-0.046512555086969505,2.1879923343658447,0.02349463291466236,0
mujoco,flat_forward,2,2,1980,19.800000000001216,1.0,0.0,0.3317231847866388,-0.003828965269162771,-0.021060795625491444,0.4340894865349586,-0.049373897327175884,2.194929599761963,0.02525944449007511,0
mujoco,flat_forward,2,2,1981,19.810000000001228,1.0,0.0,0.3317256574254116,-0.0038357359802272824,-0.020943867955296493,0.43325098953024155,-0.046438258242446497,2.189121961593628,0.018388574942946434,0
mujoco,flat_forward,2,2,1982,19.82000000000124,1.0,0.0,0.33172693918585006,-0.0038383032617694693,-0.02102316843769418,0.4332785377119814,-0.04782862236832984,2.1925134658813477,0.016487203538417816,0
mujoco,flat_forward,2,2,1983,19.830000000001252,1.0,0.0,0.3317382647021037,-0.003836583645963271,-0.02093842054357193,0.43270405308491033,-0.04694186760655162,2.191068172454834,0.010653560049831867,0
mujoco,flat_forward,2,2,1984,19.840000000001265,1.0,0.0,0.3317439388445513,-0.003834526159940421,-0.021068231992186156,0.4327813702848995,-0.04665618175723639,2.1903483867645264,0.007100856397300959,0
mujoco,flat_forward,2,2,1985,19.850000000001277,1.0,0.0,0.33175234285315225,-0.0038313072730498427,-0.021046127766336544,0.43251638993111746,-0.048245225321597106,2.1896257400512695,0.007472010795027018,0
mujoco,flat_forward,2,2,1986,19.86000000000129,1.0,0.0,0.3317508513103032,-0.0038290472658135412,-0.021135234363204376,0.43216950688798783,-0.04593320657707563,2.18858003616333,0.0042849271558225155,0
mujoco,flat_forward,2,2,1987,19.8700000000013,1.0,0.0,0.3317546382421543,-0.003828379352727299,-0.021098603361381064,0.4323476024275399,-0.049890642321625725,2.193284749984741,0.008386591449379921,0
mujoco,flat_forward,2,2,1988,19.880000000001314,1.0,0.0,0.33175121404663693,-0.003827069633052531,-0.021118164782881463,0.4316511900552446,-0.046007248245934,2.188600540161133,0.012067483738064766,0
mujoco,flat_forward,2,2,1989,19.890000000001326,1.0,0.0,0.3317528777375243,-0.0038321726856454367,-0.021107339610405187,0.43216018806069206,-0.049265239336933934,2.1958274841308594,0.01686226949095726,0
mujoco,flat_forward,2,2,1990,19.900000000001338,1.0,0.0,0.33175285458359594,-0.0038251403824951153,-0.021053887111271107,0.43100801398346655,-0.04603512511911991,2.187669277191162,0.01836203783750534,0
mujoco,flat_forward,2,2,1991,19.91000000000135,1.0,0.0,0.3317553294616884,-0.0038297510121811052,-0.021083909087456353,0.4318209877912012,-0.04737615040442686,2.1967685222625732,0.021451173350214958,0
mujoco,flat_forward,2,2,1992,19.920000000001362,1.0,0.0,0.3317557194166054,-0.003822446267072334,-0.02103761295829232,0.4306724774180923,-0.04886909237202651,2.186384916305542,0.02456965483725071,0
mujoco,flat_forward,2,2,1993,19.930000000001375,1.0,0.0,0.33175438212927777,-0.0038268245811085492,-0.021095126255645295,0.4312951230227698,-0.04335982436386183,2.1956987380981445,0.022735916078090668,0
mujoco,flat_forward,2,2,1994,19.940000000001387,1.0,0.0,0.33175246302097716,-0.0038042414579471926,-0.02106360222122379,0.4301635522297173,-0.04611291691364567,2.188013792037964,0.021445022895932198,0
mujoco,flat_forward,2,2,1995,19.9500000000014,1.0,0.0,0.33174751262425617,-0.0037920274750435352,-0.02112106253897804,0.4304741838245647,-0.03621677480330592,2.1949450969696045,0.017076384276151657,0
mujoco,flat_forward,2,2,1996,19.96000000000141,1.0,0.0,0.33174370175575646,-0.003760223659366748,-0.021077763275893006,0.42970064554717724,-0.04684649688175982,2.191317081451416,0.016963133588433266,0
mujoco,flat_forward,2,2,1997,19.970000000001424,1.0,0.0,0.33173539254728046,-0.0037495735035737057,-0.021157250612933515,0.43019948945602643,-0.038181744743301195,2.195565700531006,0.01583552360534668,0
mujoco,flat_forward,2,2,1998,19.980000000001436,1.0,0.0,0.33172919108000015,-0.003740572688890219,-0.02111726380251749,0.43000640518141564,-0.05189294882077713,2.192206382751465,0.013051857240498066,0
mujoco,flat_forward,2,2,1999,19.990000000001448,1.0,0.0,0.33171833436619974,-0.003742806867471572,-0.02113984443497227,0.43005937974760855,-0.039202501904503036,2.193174362182617,0.01383992750197649,0
mujoco,flat_forward,2,2,2000,20.00000000000146,1.0,0.0,0.3317110679507067,-0.003750800138538451,-0.021098134103678112,0.43013378683928144,-0.05289816232063422,2.1932408809661865,0.012664824724197388,0
