engine,scenario_id,repeat_id,seed,step,time_s,cmd_vx,cmd_yaw,base_z,base_roll,base_pitch,base_lin_vx,base_ang_yaw,action_l2,action_delta_l2,fallen_flag
mujoco,flat_forward,0,0,1,0.010000000000000002,1.0,0.0,0.49950222584038667,0.0008087515083617997,0.002716951587707118,-0.007952416143620727,-0.11755059927354404,1.104215145111084,0.0,0
mujoco,flat_forward,0,0,2,0.02000000000000001,1.0,0.0,0.49815331305258265,0.0015096610643842026,0.004459882899935137,-0.0009325216789707036,-0.08489580121765218,1.1143792867660522,0.3619922697544098,0
mujoco,flat_forward,0,0,3,0.03000000000000002,1.0,0.0,0.4959547999908833,0.0017575674117622686,0.007162199072768854,-0.0074570372423716095,-0.06741909237468403,1.0977184772491455,0.21245256066322327,0
mujoco,flat_forward,0,0,4,0.04000000000000003,1.0,0.0,0.4928264815712251,0.002040563890904365,0.008718348442975952,-0.002823707408257634,-0.0569802279756749,0.9069163203239441,0.2256426215171814,0
mujoco,flat_forward,0,0,5,0.05000000000000004,1.0,0.0,0.48873022879890154,0.002048315534161742,0.010781137260743206,-0.007637234250996407,-0.04551398300411285,0.7788381576538086,0.21414946019649506,0
mujoco,flat_forward,0,0,6,0.060000000000000046,1.0,0.0,0.48361282233556857,0.0021016778182243257,0.012030928863025816,-0.005373304917030343,-0.040839730288913814,0.6788105368614197,0.13236306607723236,0
mujoco,flat_forward,0,0,7,0.07000000000000005,1.0,0.0,0.4774696087414284,0.0020105766390916095,0.013377445055219348,-0.008243175758048787,-0.036652109434769306,0.6550382375717163,0.09559714794158936,0
mujoco,flat_forward,0,0,8,0.08000000000000006,1.0,0.0,0.4703000396472742,0.0023076435864783527,0.014118530744799102,-0.006944249647648678,-0.01983184908094983,0.6603033542633057,0.11033453792333603,0
mujoco,flat_forward,0,0,9,0.09000000000000007,1.0,0.0,0.4621226918445355,0.002485944643829514,0.015003228863034767,-0.00903300637690147,-0.024420388129317787,0.6920190453529358,0.09388761222362518,0
mujoco,flat_forward,0,0,10,0.10000000000000007,1.0,0.0,0.45293813247342246,0.0026055264657146742,0.015485862465164325,-0.008067548204460158,-0.023978948138223054,0.7288663983345032,0.06266443431377411,0
mujoco,flat_forward,0,0,11,0.11000000000000008,1.0,0.0,0.4427662585671605,0.0027104048010827427,0.01595723342829861,-0.009066447600424405,-0.020169384378635302,0.7483512163162231,0.062121350318193436,0
mujoco,flat_forward,0,0,12,0.12000000000000009,1.0,0.0,0.4316102985227833,0.0027486536897874834,0.016251342483364475,-0.009074282182551192,-0.012749449949943245,0.7546842694282532,0.028971051797270775,0
mujoco,flat_forward,0,0,13,0.1300000000000001,1.0,0.0,0.4194747398523012,0.0027939895370218447,0.016394400286401472,-0.009258393224318906,-0.005953723433640034,0.7412413954734802,0.022455880418419838,0
mujoco,flat_forward,0,0,14,0.1400000000000001,1.0,0.0,0.4063636272425816,0.0028324914098559295,0.01648626117707386,-0.009530363543842587,-0.0032902284158451067,0.7513253688812256,0.0315038226544857,0
mujoco,flat_forward,0,0,15,0.1500000000000001,1.0,0.0,0.39227879324433584,0.0029340040034147945,0.01647428111562302,-0.009283896573764154,0.002257019952438743,0.7464606165885925,0.021463902667164803,0
mujoco,flat_forward,0,0,16,0.16000000000000011,1.0,0.0,0.3776758263288847,0.0038384404207265545,0.023226217565423136,-0.02842671216153297,0.034813488352499866,0.7624804377555847,0.026780806481838226,0
mujoco,flat_forward,0,0,17,0.17000000000000012,1.0,0.0,0.36490757721321804,0.008316223727423465,0.043487227818128374,-0.040404423858739325,0.05304872067150623,1.1605345010757446,1.0415291786193848,0
mujoco,flat_forward,0,0,18,0.18000000000000013,1.0,0.0,0.35527871387497584,0.013207080527234138,0.06298826073753518,-0.03473693632072924,0.002617693153234393,1.8881458044052124,0.8641892671585083,0
mujoco,flat_forward,0,0,19,0.19000000000000014,1.0,0.0,0.3487172041307784,0.018018561473961147,0.07466951929432616,-0.022061769618724962,-0.012002227172095892,2.122255802154541,0.33103981614112854,0
mujoco,flat_forward,0,0,20,0.20000000000000015,1.0,0.0,0.34465258712945873,0.02178921905625629,0.07846826485635591,-0.009061135711411136,-0.11306996805211918,2.0931708812713623,0.25595518946647644,0
mujoco,flat_forward,0,0,21,0.21000000000000016,1.0,0.0,0.34242290966161665,0.025822759215551442,0.07763543521611693,-0.0009523316185840433,-0.08105796567278695,1.6870232820510864,0.613617479801178,0
mujoco,flat_forward,0,0,22,0.22000000000000017,1.0,0.0,0.34134243697662286,0.02916818237864359,0.07497918043433331,0.003725295230185269,-0.10067409707808073,1.4015679359436035,0.7055105566978455,0
mujoco,flat_forward,0,0,23,0.23000000000000018,1.0,0.0,0.34087109839844615,0.0318048760036309,0.07137248112993476,0.008523763584653588,-0.07194433005601716,1.4314827919006348,0.39898744225502014,0
mujoco,flat_forward,0,0,24,0.24000000000000019,1.0,0.0,0.34070337214586666,0.03406186251517668,0.0680592342581639,0.010306804977560934,-0.045697760925832935,1.4908604621887207,0.19480445981025696,0
mujoco,flat_forward,0,0,25,0.25000000000000017,1.0,0.0,0.34067672123295023,0.035941166724075144,0.06451227777990468,0.01423668799804382,-0.010966737028233007,1.5254062414169312,0.14759741723537445,0
mujoco,flat_forward,0,0,26,0.2600000000000002,1.0,0.0,0.3407233952969099,0.03762938006133669,0.061051489921497476,0.016599228072368848,0.01885491516960269,1.5102109909057617,0.1214815154671669,0
mujoco,flat_forward,0,0,27,0.2700000000000002,1.0,0.0,0.340804992237162,0.03906315535773964,0.05783923912570161,0.019140006608960102,0.02084337546197865,1.5020933151245117,0.0943513959646225,0
mujoco,flat_forward,0,0,28,0.2800000000000002,1.0,0.0,0.3409004593258258,0.04044991301876026,0.054766219138520096,0.0218675281489642,0.023291166551282157,1.4877430200576782,0.07721216231584549,0
mujoco,flat_forward,0,0,29,0.2900000000000002,1.0,0.0,0.3409984862464915,0.04187130994994852,0.05189787664638667,0.02437080555579972,0.015060279562944144,1.4744188785552979,0.06207624822854996,0
mujoco,flat_forward,0,0,30,0.3000000000000002,1.0,0.0,0.3410829067170396,0.0434163998126152,0.04931589922860853,0.026580094077576607,0.029227286225164757,1.4697173833847046,0.06778182834386826,0
mujoco,flat_forward,0,0,31,0.3100000000000002,1.0,0.0,0.34114019477969976,0.04503910335732138,0.046978278773482686,0.028861030868021248,0.039264791137827056,1.4802743196487427,0.043369777500629425,0
mujoco,flat_forward,0,0,32,0.32000000000000023,1.0,0.0,0.3411627252621246,0.04662086905425787,0.04479126509989063,0.031291136108064006,0.050439035890711886,1.4839134216308594,0.026183558627963066,0
mujoco,flat_forward,0,0,33,0.33000000000000024,1.0,0.0,0.34114788776546456,0.04811641132328141,0.04269028260433952,0.03388648876921423,0.05810923455206491,1.4817003011703491,0.0171086173504591,0
mujoco,flat_forward,0,0,34,0.34000000000000025,1.0,0.0,0.3410973007769276,0.049527650513671674,0.04065986588079227,0.03650740901157432,0.0631905291831169,1.474825382232666,0.02770005352795124,0
mujoco,flat_forward,0,0,35,0.35000000000000026,1.0,0.0,0.3410150569466076,0.05086144599416491,0.038958469551642505,0.03720009996678561,0.047571815148620564,1.4715173244476318,0.025038190186023712,0
mujoco,flat_forward,0,0,36,0.36000000000000026,1.0,0.0,0.34090714609581824,0.05210767895570801,0.037411930259830896,0.03852391913846572,0.03223346295752651,1.4780865907669067,0.024294430390000343,0
mujoco,flat_forward,0,0,37,0.3700000000000003,1.0,0.0,0.3407803586264186,0.053305147970693134,0.036004396273937304,0.0387204172534631,0.034573779049967286,1.482198715209961,0.0285118967294693,0
mujoco,flat_forward,0,0,38,0.3800000000000003,1.0,0.0,0.3406367978973278,0.054465256089467555,0.03481671152841112,0.03837995124144818,0.04770394620596517,1.4897396564483643,0.02297312207520008,0
mujoco,flat_forward,0,0,39,0.3900000000000003,1.0,0.0,0.3404834535289112,0.05558563648417979,0.033748409397083574,0.03822211423613446,0.05904250123967803,1.4980111122131348,0.023579129949212074,0
mujoco,flat_forward,0,0,40,0.4000000000000003,1.0,0.0,0.34032489795788645,0.056648981269287114,0.03274811294435044,0.0382511739577212,0.06678186080210975,1.5071022510528564,0.02898571640253067,0
mujoco,flat_forward,0,0,41,0.4100000000000003,1.0,0.0,0.3401630092902995,0.05765805951781977,0.03179479925334976,0.03840889203557195,0.07338171085785805,1.517849326133728,0.03137858211994171,0
mujoco,flat_forward,0,0,42,0.4200000000000003,1.0,0.0,0.3399989113791484,0.058621158641000023,0.030878661074313623,0.038704168549529974,0.07895563790755676,1.5298844575881958,0.03259909152984619,0
mujoco,flat_forward,0,0,43,0.4300000000000003,1.0,0.0,0.3398340136686315,0.059546827342650786,0.030007140854575953,0.03908054299341562,0.08405106624494751,1.543285846710205,0.03285888582468033,0
mujoco,flat_forward,0,0,44,0.44000000000000034,1.0,0.0,0.3396691561135079,0.06042948024461452,0.0291636897222848,0.03964672538722471,0.0887740051328572,1.556315302848816,0.03150547668337822,0
mujoco,flat_forward,0,0,45,0.45000000000000034,1.0,0.0,0.3395052307352428,0.06127039385553445,0.028354524881732002,0.04029359526369077,0.09370692225892295,1.5684611797332764,0.03198917210102081,0
mujoco,flat_forward,0,0,46,0.46000000000000035,1.0,0.0,0.3393434439255878,0.062062710408509865,0.02758205995564215,0.04107703763478611,0.0989464381915264,1.580250859260559,0.028999002650380135,0
mujoco,flat_forward,0,0,47,0.47000000000000036,1.0,0.0,0.3391847844438548,0.06280945134631905,0.02686765954673092,0.04131967065590248,0.09701351261124921,1.5924404859542847,0.03069320321083069,0
mujoco,flat_forward,0,0,48,0.48000000000000037,1.0,0.0,0.33902953643727196,0.06350690964268225,0.026351425096975824,0.040559681314088214,0.08233076428050227,1.6043860912322998,0.027566615492105484,0
mujoco,flat_forward,0,0,49,0.4900000000000004,1.0,0.0,0.338881482289391,0.06416150522325112,0.025923686531532163,0.04005094312785544,0.07323200323892767,1.6165034770965576,0.02499120868742466,0
mujoco,flat_forward,0,0,50,0.5000000000000003,1.0,0.0,0.33874393822790716,0.06479261338767514,0.025562579699049168,0.03957723885460533,0.06831514625970467,1.6249802112579346,0.022511614486575127,0
mujoco,flat_forward,0,0,51,0.5100000000000003,1.0,0.0,0.3386171951680775,0.06539674091733769,0.02526173587657713,0.03923155729231042,0.06542095653031858,1.6322649717330933,0.01996704936027527,0
mujoco,flat_forward,0,0,52,0.5200000000000004,1.0,0.0,0.33850115772850037,0.06597108285587049,0.025015480883148446,0.03898702462574975,0.06394005525097636,1.6392853260040283,0.019098902121186256,0
mujoco,flat_forward,0,0,53,0.5300000000000004,1.0,0.0,0.3383955505206127,0.06651729327205208,0.024817232836350935,0.038856055096050446,0.06328382138509953,1.64641273021698,0.018440542742609978,0
mujoco,flat_forward,0,0,54,0.5400000000000004,1.0,0.0,0.3382998868464408,0.06703618811718616,0.024664679376620986,0.03882678738705237,0.06331619914387086,1.6535221338272095,0.01784914918243885,0
mujoco,flat_forward,0,0,55,0.5500000000000004,1.0,0.0,0.3382137118243798,0.06753113403388841,0.024549553941936562,0.038924700831065535,0.06389419328824532,1.660751223564148,0.016603760421276093,0
mujoco,flat_forward,0,0,56,0.5600000000000004,1.0,0.0,0.3381367831818948,0.06800221604277025,0.02446350780679912,0.039131157884042575,0.06486704435536114,1.6676750183105469,0.015178926289081573,0
mujoco,flat_forward,0,0,57,0.5700000000000004,1.0,0.0,0.33806892258286386,0.06844916636694796,0.02439712440313564,0.03940707820844432,0.06619754178982329,1.6740748882293701,0.014361393637955189,0
mujoco,flat_forward,0,0,58,0.5800000000000004,1.0,0.0,0.33801002584675294,0.06887280683946105,0.024345798997344133,0.03972683309349962,0.06780648866393142,1.6798573732376099,0.01289856806397438,0
mujoco,flat_forward,0,0,59,0.5900000000000004,1.0,0.0,0.33796016149306535,0.06927388707346421,0.024306292153656137,0.04007080406824237,0.06930533980956854,1.6856006383895874,0.012039467692375183,0
mujoco,flat_forward,0,0,60,0.6000000000000004,1.0,0.0,0.3379193187799929,0.06965387637974883,0.0243005833937555,0.04045794150394295,0.0706614794445114,1.6914266347885132,0.011558117344975471,0
mujoco,flat_forward,0,0,61,0.6100000000000004,1.0,0.0,0.33788673563868443,0.07001393874475588,0.024328424535956815,0.040980236862591266,0.07214506859629889,1.697313666343689,0.010403267107903957,0
mujoco,flat_forward,0,0,62,0.6200000000000004,1.0,0.0,0.337861758581971,0.07035581583623872,0.02439170346991077,0.04158412788471251,0.07364538421317239,1.7029492855072021,0.009634781628847122,0
mujoco,flat_forward,0,0,63,0.6300000000000004,1.0,0.0,0.3378436538969976,0.07068037758172406,0.02448823784652849,0.04231078097915962,0.07524570287893816,1.7083690166473389,0.008856793865561485,0
mujoco,flat_forward,0,0,64,0.6400000000000005,1.0,0.0,0.3378317314399246,0.07098841113604788,0.024619314630000267,0.04313599403130503,0.07690482682056266,1.713483452796936,0.008296131156384945,0
mujoco,flat_forward,0,0,65,0.6500000000000005,1.0,0.0,0.33782513627805805,0.07127958814956388,0.024781914889991978,0.04408136665093802,0.07866875831995433,1.7183736562728882,0.00790565274655819,0
mujoco,flat_forward,0,0,66,0.6600000000000005,1.0,0.0,0.3378226277994661,0.07155379999776494,0.02497566814644228,0.04513551351150983,0.08056952105275943,1.7230284214019775,0.007645342033356428,0
mujoco,flat_forward,0,0,67,0.6700000000000005,1.0,0.0,0.33782296974551035,0.07181271373275061,0.025197402062542524,0.046311272636663466,0.08265880681777228,1.727554202079773,0.007716346066445112,0
mujoco,flat_forward,0,0,68,0.6800000000000005,1.0,0.0,0.33782521651350983,0.07206129212808488,0.02545415055963474,0.04720012540366167,0.08034030559521947,1.7318196296691895,0.007783961948007345,0
mujoco,flat_forward,0,0,69,0.6900000000000005,1.0,0.0,0.33782534849352425,0.07231495602218423,0.025900250909346435,0.04681578556103067,0.061936262757615386,1.7340236902236938,0.007100352551788092,0
mujoco,flat_forward,0,0,70,0.7000000000000005,1.0,0.0,0.33782303649682416,0.07256276118821467,0.02640110630094039,0.046857922546772825,0.05040107150867573,1.7355893850326538,0.014993448741734028,0
mujoco,flat_forward,0,0,71,0.7100000000000005,1.0,0.0,0.3378212982602844,0.07280472655879489,0.026984653536084258,0.046767994608106656,0.04223380777945365,1.734423041343689,0.01099398359656334,0
mujoco,flat_forward,0,0,72,0.7200000000000005,1.0,0.0,0.3378202864897837,0.07304111097965156,0.027590763669642134,0.046995685971582095,0.037135236529594995,1.7332420349121094,0.015402261167764664,0
mujoco,flat_forward,0,0,73,0.7300000000000005,1.0,0.0,0.33781999715673905,0.07327005607759596,0.028247539387343704,0.04716931138140466,0.03284210634382498,1.7310630083084106,0.014343173243105412,0
mujoco,flat_forward,0,0,74,0.7400000000000005,1.0,0.0,0.33781990686914576,0.073491914447422,0.028915630280699073,0.047590224629704095,0.029399158441212055,1.7297816276550293,0.017178194597363472,0
mujoco,flat_forward,0,0,75,0.7500000000000006,1.0,0.0,0.33781699294291917,0.0736766760602859,0.02965867950734685,0.04629340045232269,0.041677658134008866,1.728043794631958,0.015431988053023815,0
mujoco,flat_forward,0,0,76,0.7600000000000006,1.0,0.0,0.3378087688399644,0.07383210121285982,0.0304247563257563,0.045177685952107825,0.05295041876727359,1.731400966644287,0.023813892155885696,0
mujoco,flat_forward,0,0,77,0.7700000000000006,1.0,0.0,0.33779928850201296,0.07397248060431802,0.03122715784020666,0.044008588169276164,0.059479029248914475,1.7331174612045288,0.02179902046918869,0
mujoco,flat_forward,0,0,78,0.7800000000000006,1.0,0.0,0.3377904406745592,0.07409567471560793,0.032019772355730725,0.04311636158749911,0.06443711948857758,1.734886884689331,0.024627668783068657,0
mujoco,flat_forward,0,0,79,0.7900000000000006,1.0,0.0,0.33778801739377595,0.07424250570862742,0.032750775335472,0.04415344704756085,0.0508485431438149,1.7348746061325073,0.022923557087779045,0
mujoco,flat_forward,0,0,80,0.8000000000000006,1.0,0.0,0.33779534852568177,0.07439803822690255,0.03344915665800224,0.04520439021658093,0.03994699834573221,1.7296407222747803,0.02030910551548004,0
mujoco,flat_forward,0,0,81,0.8100000000000006,1.0,0.0,0.3378077395543926,0.07451986697645102,0.034136186305347496,0.04517802298527397,0.043830923936137633,1.725877046585083,0.021005595102906227,0
mujoco,flat_forward,0,0,82,0.8200000000000006,1.0,0.0,0.33782040760878584,0.07459779156677725,0.03478875713091507,0.04566143531174821,0.04467655809973722,1.7261186838150024,0.024268589913845062,0
mujoco,flat_forward,0,0,83,0.8300000000000006,1.0,0.0,0.3378385117149413,0.07467012501783735,0.03545059269770278,0.046415786779754956,0.04049836604913322,1.7250584363937378,0.021245842799544334,0
mujoco,flat_forward,0,0,84,0.8400000000000006,1.0,0.0,0.33785992007253,0.07472177185651165,0.036125370143606055,0.046231011051574185,0.04975022395826248,1.7233660221099854,0.026008708402514458,0
mujoco,flat_forward,0,0,85,0.8500000000000006,1.0,0.0,0.3378850507390246,0.0747559751410769,0.03671099329825743,0.04715573346498997,0.0480176306750832,1.7235277891159058,0.025510191917419434,0
mujoco,flat_forward,0,0,86,0.8600000000000007,1.0,0.0,0.3379177844403912,0.07478229330483313,0.03728873525734984,0.047928034634791346,0.046516964498430693,1.7218915224075317,0.020918196067214012,0
mujoco,flat_forward,0,0,87,0.8700000000000007,1.0,0.0,0.3379580436759554,0.07480359957312997,0.03783170704346518,0.04893183766192058,0.047996234200732256,1.7212427854537964,0.02432069554924965,0
mujoco,flat_forward,0,0,88,0.8800000000000007,1.0,0.0,0.33800466552496305,0.07481646321256549,0.03835425490569713,0.049274882419408465,0.055720857949977866,1.718702793121338,0.023211559280753136,0
mujoco,flat_forward,0,0,89,0.8900000000000007,1.0,0.0,0.33805795811183703,0.0748079131260244,0.03883809928304986,0.04995317035607428,0.06203457960899485,1.7180291414260864,0.025486497208476067,0
mujoco,flat_forward,0,0,90,0.9000000000000007,1.0,0.0,0.3381194543187207,0.07477494107985652,0.0392505417662334,0.0508165987677079,0.06768714579412195,1.7176624536514282,0.023623177781701088,0
mujoco,flat_forward,0,0,91,0.9100000000000007,1.0,0.0,0.3381900667135188,0.07472130561762733,0.03958369465001687,0.05187813831425643,0.07278661341782988,1.7173371315002441,0.022099316120147705,0
mujoco,flat_forward,0,0,92,0.9200000000000007,1.0,0.0,0.3382702314990458,0.07464448616505953,0.03983744508320529,0.053124825759874525,0.07777779936129575,1.7166407108306885,0.02097015455365181,0
mujoco,flat_forward,0,0,93,0.9300000000000007,1.0,0.0,0.3383601694926752,0.07454409194310839,0.04003025806524008,0.054497199587016446,0.08188141214895882,1.7160167694091797,0.018999574705958366,0
mujoco,flat_forward,0,0,94,0.9400000000000007,1.0,0.0,0.3384595188312157,0.07441944741366915,0.04016106512921199,0.05608676597380541,0.08560876067087395,1.7161998748779297,0.018976403400301933,0
mujoco,flat_forward,0,0,95,0.9500000000000007,1.0,0.0,0.33856762619215097,0.07427409355923602,0.040229394808758645,0.05786104679713524,0.08966977830972979,1.7159793376922607,0.018156222999095917,0
mujoco,flat_forward,0,0,96,0.9600000000000007,1.0,0.0,0.33868338369553563,0.07411023784856223,0.04023966718900166,0.059844058297016944,0.09411223489217889,1.715641736984253,0.01742524467408657,0
mujoco,flat_forward,0,0,97,0.9700000000000008,1.0,0.0,0.3388053533676763,0.07392806240844278,0.040206049333385424,0.06201469737725643,0.09879880021935607,1.7155288457870483,0.016918953508138657,0
mujoco,flat_forward,0,0,98,0.9800000000000008,1.0,0.0,0.33893033215161184,0.0737394090681095,0.04016312127884163,0.06348841842031702,0.09226144638730904,1.7156963348388672,0.015975095331668854,0
mujoco,flat_forward,0,0,99,0.9900000000000008,1.0,0.0,0.3390565053885813,0.07353918508112772,0.040176043841350456,0.06438813433346058,0.07914163183999735,1.7162197828292847,0.017896806821227074,0
mujoco,flat_forward,0,0,100,1.0000000000000007,1.0,0.0,0.33918988390066634,0.07332195739279078,0.04017933862379745,0.06565023072858797,0.07321653915438225,1.7167019844055176,0.01968085579574108,0
mujoco,flat_forward,0,0,101,1.0099999999999996,1.0,0.0,0.33933334318853553,0.07310935337572363,0.04015075357837347,0.06706804543177762,0.07109473650366172,1.7133793830871582,0.017210325226187706,0
mujoco,flat_forward,0,0,102,1.0199999999999985,1.0,0.0,0.33948598916336636,0.07291053299091788,0.04010260798028674,0.06876915311619677,0.07164369176741575,1.7090308666229248,0.01837904006242752,0
mujoco,flat_forward,0,0,103,1.0299999999999974,1.0,0.0,0.33964516047570215,0.07272481400760221,0.04004074848343507,0.07078483285563367,0.0734500028051605,1.7050600051879883,0.01701171137392521,0
mujoco,flat_forward,0,0,104,1.0399999999999963,1.0,0.0,0.33980776795853446,0.07253240059861499,0.039937303444176314,0.07313841632000222,0.07652876171560369,1.7020930051803589,0.015538015402853489,0
mujoco,flat_forward,0,0,105,1.0499999999999952,1.0,0.0,0.3399717678291844,0.07233070480598815,0.039799305479947845,0.0756564935108364,0.08043657683323444,1.6998437643051147,0.012923778966069221,0
mujoco,flat_forward,0,0,106,1.059999999999994,1.0,0.0,0.34013507361192874,0.0721217995458173,0.039627821218315096,0.07843886713074151,0.08500460342416201,1.698762059211731,0.01373594906181097,0
mujoco,flat_forward,0,0,107,1.069999999999993,1.0,0.0,0.3402956488568684,0.07190414263863319,0.03942779327832152,0.08142493668385908,0.08999370823521903,1.6978074312210083,0.013087479397654533,0
mujoco,flat_forward,0,0,108,1.0799999999999919,1.0,0.0,0.3404509267822104,0.0716784454864602,0.039195322349342976,0.08468242551645035,0.09578478036115246,1.6965874433517456,0.012896430678665638,0
mujoco,flat_forward,0,0,109,1.0899999999999908,1.0,0.0,0.3405963555908196,0.07145923509252167,0.039023463671944106,0.08662897262463176,0.08344903101708351,1.6949881315231323,0.01317272987216711,0
mujoco,flat_forward,0,0,110,1.0999999999999897,1.0,0.0,0.34073542947879276,0.07120334532046413,0.03892869067328853,0.08875177295457587,0.07294362458330224,1.698674201965332,0.020626824349164963,0
mujoco,flat_forward,0,0,111,1.1099999999999886,1.0,0.0,0.3408763786497052,0.07093515264199862,0.03882859182347231,0.0912476387668174,0.06926850778715958,1.6996792554855347,0.017521414905786514,0
mujoco,flat_forward,0,0,112,1.1199999999999875,1.0,0.0,0.3410201896501015,0.07066977296379975,0.03870066121049327,0.09399067449099612,0.06838787430265238,1.6955584287643433,0.016261562705039978,0
mujoco,flat_forward,0,0,113,1.1299999999999863,1.0,0.0,0.34116399482149756,0.07040604001022782,0.03852686129458759,0.09707299031779369,0.07011662480466851,1.6914366483688354,0.016210371628403664,0
mujoco,flat_forward,0,0,114,1.1399999999999852,1.0,0.0,0.3413039660521406,0.07014296337356271,0.03831694496779587,0.10040076936451185,0.07234917597695151,1.6873211860656738,0.013349873013794422,0
mujoco,flat_forward,0,0,115,1.1499999999999841,1.0,0.0,0.3414354591170986,0.06987922732246885,0.03806840065605431,0.10405432579149054,0.0755215397171889,1.6843597888946533,0.011061398312449455,0
mujoco,flat_forward,0,0,116,1.159999999999983,1.0,0.0,0.3415539263182731,0.06961564283585944,0.03779329521455327,0.10796561809345055,0.0789764886220064,1.6817970275878906,0.00978653971105814,0
mujoco,flat_forward,0,0,117,1.169999999999982,1.0,0.0,0.34165427920602426,0.06936474652228151,0.03756088026158946,0.11103056027941641,0.06873137684965962,1.6812416315078735,0.00979568064212799,0
mujoco,flat_forward,0,0,118,1.1799999999999808,1.0,0.0,0.3417384794346756,0.06910377016720277,0.03743583935102341,0.11390387842667876,0.05400796141688023,1.6859670877456665,0.016999447718262672,0
mujoco,flat_forward,0,0,119,1.1899999999999797,1.0,0.0,0.34181486280576595,0.06882405858994971,0.037304178585682295,0.1172818924154618,0.04682963344879935,1.6880611181259155,0.01710858941078186,0
mujoco,flat_forward,0,0,120,1.1999999999999786,1.0,0.0,0.34188514203868914,0.06854397739370774,0.037145793943998924,0.1209318362137911,0.043657245345552965,1.684562087059021,0.015535734593868256,0
mujoco,flat_forward,0,0,121,1.2099999999999775,1.0,0.0,0.34194589944132514,0.06827185038141155,0.036930143105366096,0.1250261938750465,0.04298418311233349,1.6804604530334473,0.015184994786977768,0
mujoco,flat_forward,0,0,122,1.2199999999999764,1.0,0.0,0.3419917856949086,0.067997995346337,0.03666870899784787,0.12916255141683874,0.04443845730952284,1.6756459474563599,0.012825814075767994,0
mujoco,flat_forward,0,0,123,1.2299999999999753,1.0,0.0,0.3420194093619711,0.06773811013612814,0.036509104699419724,0.13183890848879767,0.0650417922159409,1.6747262477874756,0.009670774452388287,0
mujoco,flat_forward,0,0,124,1.2399999999999742,1.0,0.0,0.3420329078736306,0.06751703667193541,0.03640629727351932,0.13442911983838107,0.06964842481220206,1.6784273386001587,0.017952360212802887,0
mujoco,flat_forward,0,0,125,1.2499999999999731,1.0,0.0,0.3420419035384763,0.06726692592064812,0.036372953578816244,0.13654753071007597,0.05962722684452303,1.6845179796218872,0.015200085937976837,0
mujoco,flat_forward,0,0,126,1.259999999999972,1.0,0.0,0.3420543857866431,0.06699326422559163,0.03633778827211074,0.13916671135626027,0.05403323292856115,1.6918275356292725,0.01765376701951027,0
mujoco,flat_forward,0,0,127,1.269999999999971,1.0,0.0,0.3420708478777914,0.06671167351621789,0.036237097332663434,0.1424124297922085,0.05139434421802562,1.691664457321167,0.013692331500351429,0
mujoco,flat_forward,0,0,128,1.2799999999999698,1.0,0.0,0.34208678387930147,0.06642295171276667,0.036026615981218126,0.14617042355318013,0.05076680691339436,1.6880011558532715,0.015495514497160912,0
mujoco,flat_forward,0,0,129,1.2899999999999687,1.0,0.0,0.3420958256944327,0.06612017009253764,0.03570878682014352,0.15034272067818774,0.049712694573101394,1.6841211318969727,0.01169347669929266,0
mujoco,flat_forward,0,0,130,1.2999999999999676,1.0,0.0,0.3420903086166387,0.06580562998168564,0.03529109287211488,0.15495703734962096,0.04906670887074839,1.6806634664535522,0.009418862871825695,0
mujoco,flat_forward,0,0,131,1.3099999999999665,1.0,0.0,0.3420647159360506,0.06546753425705672,0.035022387476036504,0.1567092828224458,0.04058340911040554,1.677564024925232,0.01082322746515274,0
mujoco,flat_forward,0,0,132,1.3199999999999654,1.0,0.0,0.3420349403936614,0.06514163209887984,0.03493947514365397,0.15876304025276752,0.039211315026161965,1.6915539503097534,0.03003283590078354,0
mujoco,flat_forward,0,0,133,1.3299999999999643,1.0,0.0,0.3420151471037036,0.06484579679444025,0.03482328685358601,0.1615679711326296,0.038583696615187915,1.6965863704681396,0.014957251027226448,0
mujoco,flat_forward,0,0,134,1.3399999999999632,1.0,0.0,0.342002403415886,0.06455774897207561,0.034586628962171476,0.16495087135876715,0.03906935270962005,1.6952625513076782,0.012713024392724037,0
mujoco,flat_forward,0,0,135,1.3499999999999621,1.0,0.0,0.341988675111537,0.06425648501491,0.03421943512394464,0.1688277000557007,0.04103176025784854,1.6911354064941406,0.012277905829250813,0
mujoco,flat_forward,0,0,136,1.359999999999961,1.0,0.0,0.3419648372425532,0.06394703798649717,0.033738501299073805,0.17318993118229253,0.04258600236346302,1.6862560510635376,0.00993229541927576,0
mujoco,flat_forward,0,0,137,1.36999999999996,1.0,0.0,0.3419223565111708,0.06360375709917888,0.033333331931533976,0.17571463704299753,0.02735633040939083,1.6823511123657227,0.011643357574939728,0
mujoco,flat_forward,0,0,138,1.3799999999999588,1.0,0.0,0.3418725933115981,0.06324240965635775,0.033136224390960554,0.17748886249386847,0.0292367978870119,1.6942236423492432,0.023945407941937447,0
mujoco,flat_forward,0,0,139,1.3899999999999577,1.0,0.0,0.34183274187699314,0.06294501451431261,0.03291085518551574,0.18021876021957015,0.03301749638931871,1.7030317783355713,0.017403170466423035,0
mujoco,flat_forward,0,0,140,1.3999999999999566,1.0,0.0,0.34180247639127104,0.06266771532161326,0.03259091351275996,0.18345326799655925,0.035203919142865046,1.700972557067871,0.013195213861763477,0
mujoco,flat_forward,0,0,141,1.4099999999999555,1.0,0.0,0.34177100052259696,0.06236785361321352,0.03211374980698748,0.18743994417933924,0.03793570805744214,1.6975958347320557,0.00977599248290062,0
mujoco,flat_forward,0,0,142,1.4199999999999544,1.0,0.0,0.34172661884607874,0.06204639647606401,0.03153898602090403,0.1911542476429615,0.03132520188253681,1.6915628910064697,0.012586518190801144,0
mujoco,flat_forward,0,0,143,1.4299999999999533,1.0,0.0,0.3416673738083879,0.061645970626405124,0.03119992042377636,0.1925457879884416,0.02254216021141737,1.691560983657837,0.00908080767840147,0
mujoco,flat_forward,0,0,144,1.4399999999999522,1.0,0.0,0.34161074111630807,0.06130071953813353,0.030900522074086452,0.1949293410833648,0.025738963729896175,1.705639362335205,0.026700899004936218,0
mujoco,flat_forward,0,0,145,1.449999999999951,1.0,0.0,0.3415668825310461,0.06102448419958704,0.030553416706056498,0.1977448922113527,0.026832798114602163,1.7047756910324097,0.012236444279551506,0
mujoco,flat_forward,0,0,146,1.45999999999995,1.0,0.0,0.3415248426920922,0.060733306425000015,0.03006088567902037,0.2014471231722852,0.028707076900061374,1.7036675214767456,0.010381528176367283,0
mujoco,flat_forward,0,0,147,1.469999999999949,1.0,0.0,0.34147046968556555,0.06040381498963699,0.029423906011199607,0.2053756591035425,0.027396177075765197,1.698340892791748,0.011623797938227654,0
mujoco,flat_forward,0,0,148,1.4799999999999478,1.0,0.0,0.34139854725679913,0.060014057728532536,0.02903356467860431,0.2062142585074124,0.019236408699570873,1.6945905685424805,0.010857878252863884,0
mujoco,flat_forward,0,0,149,1.4899999999999467,1.0,0.0,0.3413284156196194,0.05967234054693028,0.028695462433802752,0.20848589366241002,0.019624161066803602,1.7101010084152222,0.030684789642691612,0
mujoco,flat_forward,0,0,150,1.4999999999999456,1.0,0.0,0.3412718911318831,0.059386829193627894,0.028296100607269673,0.21121104981668032,0.01891181035162772,1.7087256908416748,0.011674930341541767,0
mujoco,flat_forward,0,0,151,1.5099999999999445,1.0,0.0,0.34121546473087017,0.0590837384260389,0.027744684972487877,0.21481786134476408,0.019304835016633208,1.7080280780792236,0.01091600488871336,0
mujoco,flat_forward,0,0,152,1.5199999999999434,1.0,0.0,0.3411427469849535,0.05873664823224449,0.027083859805737562,0.21772010035785672,0.021562677958842882,1.7038793563842773,0.013387048617005348,0
mujoco,flat_forward,0,0,153,1.5299999999999423,1.0,0.0,0.3410595813274787,0.058408696077159455,0.02674164343000834,0.21852738987263837,0.01766985717867354,1.7049099206924438,0.006773390341550112,0
mujoco,flat_forward,0,0,154,1.5399999999999412,1.0,0.0,0.3409850617410169,0.05809657454656734,0.02637322747447628,0.22099555111506977,0.015292960378014102,1.7164539098739624,0.021779684349894524,0
mujoco,flat_forward,0,0,155,1.54999999999994,1.0,0.0,0.34092065047334874,0.05779660908981039,0.02589068957480686,0.22381836039650757,0.013576320555171236,1.7133285999298096,0.014459406025707722,0
mujoco,flat_forward,0,0,156,1.559999999999939,1.0,0.0,0.3408479911074034,0.057456828973334054,0.025257429695072126,0.22716753790171032,0.015458028761370224,1.7120064496994019,0.01294816192239523,0
mujoco,flat_forward,0,0,157,1.569999999999938,1.0,0.0,0.3407590649891674,0.057152526621181254,0.02475407584999178,0.2280542299374397,0.021980518365536918,1.7096182107925415,0.00942890252918005,0
mujoco,flat_forward,0,0,158,1.5799999999999368,1.0,0.0,0.3406720644708125,0.05686314358154666,0.02438484135708452,0.22979171980012916,0.016021209707965025,1.7179489135742188,0.021540194749832153,0
mujoco,flat_forward,0,0,159,1.5899999999999357,1.0,0.0,0.34059761616804013,0.05655290613336254,0.02393524594813746,0.2322356083435868,0.01130676095827836,1.7203236818313599,0.01061078067868948,0
mujoco,flat_forward,0,0,160,1.5999999999999346,1.0,0.0,0.340519571586634,0.05621302621322756,0.02330793297859987,0.23540326236825518,0.009851487230007122,1.7168824672698975,0.014899199828505516,0
mujoco,flat_forward,0,0,161,1.6099999999999335,1.0,0.0,0.3404248478372043,0.05589825150700081,0.02272711747517821,0.23664476116134128,0.02607722556861191,1.7142384052276611,0.013285760767757893,0
mujoco,flat_forward,0,0,162,1.6199999999999324,1.0,0.0,0.34032722020868095,0.055629249375858135,0.02238352702543862,0.237657963096836,0.01708290663494154,1.7188283205032349,0.0172589048743248,0
mujoco,flat_forward,0,0,163,1.6299999999999313,1.0,0.0,0.34023984404515384,0.055319414424159344,0.021962152190159755,0.23992543023747254,0.008670042439338011,1.7255126237869263,0.011020253412425518,0
mujoco,flat_forward,0,0,164,1.6399999999999302,1.0,0.0,0.3401524196220635,0.05497752844839022,0.021381128362369828,0.24241883497912847,0.008591012511578532,1.7224339246749878,0.018783390522003174,0
mujoco,flat_forward,0,0,165,1.649999999999929,1.0,0.0,0.3400524167181889,0.05468084441170956,0.020833457677641075,0.2439107797505895,0.02930309405690282,1.7203850746154785,0.010627196170389652,0
mujoco,flat_forward,0,0,166,1.659999999999928,1.0,0.0,0.33994921399355216,0.05442473424147521,0.020515635602517807,0.2443844807026758,0.017295349657624238,1.721045970916748,0.013812274672091007,0
mujoco,flat_forward,0,0,167,1.6699999999999269,1.0,0.0,0.3398535948591497,0.05411918123808301,0.02010878800250083,0.24652573605906003,0.007036724048247897,1.7309788465499878,0.016068561002612114,0
mujoco,flat_forward,0,0,168,1.6799999999999258,1.0,0.0,0.33975784182892804,0.05377716452894469,0.019551161657497734,0.2484726057929385,0.008685524301049963,1.7273579835891724,0.023276569321751595,0
mujoco,flat_forward,0,0,169,1.6899999999999247,1.0,0.0,0.3396510486711294,0.053487884060731364,0.019039389911973594,0.24989837479458651,0.0294003250059563,1.7258257865905762,0.009662780910730362,0
mujoco,flat_forward,0,0,170,1.6999999999999236,1.0,0.0,0.33953911799007136,0.053243796932452,0.018698817815511908,0.250255310293912,0.017521254744551004,1.7266615629196167,0.014995116740465164,0
mujoco,flat_forward,0,0,171,1.7099999999999225,1.0,0.0,0.3394320946622997,0.052956991211067006,0.01829247671253097,0.25210748755317286,0.006503197820179534,1.735460638999939,0.015706803649663925,0
mujoco,flat_forward,0,0,172,1.7199999999999214,1.0,0.0,0.3393229605771671,0.05263155839350991,0.017752191333397973,0.25347173900054354,0.012750958329919909,1.7330036163330078,0.02454293705523014,0
mujoco,flat_forward,0,0,173,1.7299999999999203,1.0,0.0,0.33920452551277674,0.052365325161801236,0.017265277531564167,0.2548216288752144,0.032400164770396374,1.7320998907089233,0.010624746792018414,0
mujoco,flat_forward,0,0,174,1.7399999999999192,1.0,0.0,0.33908083820321494,0.052146396165861045,0.016917693139310696,0.25510456217118477,0.01913670172462224,1.732599139213562,0.016640497371554375,0
mujoco,flat_forward,0,0,175,1.749999999999918,1.0,0.0,0.3389593587405836,0.05187931659765642,0.01651175779370733,0.2567918596654737,0.007102035548898865,1.741422176361084,0.01731582172214985,0
mujoco,flat_forward,0,0,176,1.759999999999917,1.0,0.0,0.3388334577653287,0.0515738119715389,0.01603394128262775,0.2574988947625358,0.016983600473300157,1.7397148609161377,0.02597235143184662,0
mujoco,flat_forward,0,0,177,1.7699999999999159,1.0,0.0,0.3386993436079239,0.05135064990213577,0.015599188901153693,0.2585273778928792,0.031708981349711285,1.740795612335205,0.011932178400456905,0
mujoco,flat_forward,0,0,178,1.7799999999999148,1.0,0.0,0.33856431673475534,0.051149385816787685,0.015320107231760947,0.2587292146969061,0.016099854126849014,1.7419140338897705,0.015382909215986729,0
mujoco,flat_forward,0,0,179,1.7899999999999137,1.0,0.0,0.3384324945054583,0.05089310425531916,0.014952867954444145,0.2602966742378143,0.00541910103804045,1.749764084815979,0.01572878472507,0
mujoco,flat_forward,0,0,180,1.7999999999999126,1.0,0.0,0.33829529189671764,0.0506102522813306,0.01460148726210022,0.26024696936855524,0.020992441698428507,1.746968150138855,0.025511035695672035,0
mujoco,flat_forward,0,0,181,1.8099999999999115,1.0,0.0,0.33815152892255934,0.0504433527855121,0.01422565799317134,0.261137201729914,0.03095091038808326,1.749281883239746,0.01519988477230072,0
mujoco,flat_forward,0,0,182,1.8199999999999104,1.0,0.0,0.3380083482883373,0.050276848636040546,0.013978735821424204,0.2613516832327719,0.013441210294506995,1.7504043579101562,0.01816483773291111,0
mujoco,flat_forward,0,0,183,1.8299999999999093,1.0,0.0,0.3378666078089313,0.05003326962275438,0.013638748785012804,0.2624694513796386,0.006207801102874286,1.757472038269043,0.017446385696530342,0
mujoco,flat_forward,0,0,184,1.8399999999999082,1.0,0.0,0.3377225162429415,0.049796497106687085,0.013378333473997084,0.26238945925954105,0.023643601431050088,1.7566502094268799,0.0201602503657341,0
mujoco,flat_forward,0,0,185,1.849999999999907,1.0,0.0,0.3375753135520696,0.04967901919515359,0.013144943110678356,0.2625677985123966,0.023756123482733836,1.7582122087478638,0.014282944612205029,0
mujoco,flat_forward,0,0,186,1.859999999999906,1.0,0.0,0.337432789875416,0.049524717992787494,0.012963831789266028,0.2630224742699998,0.009082456440837617,1.7629376649856567,0.012320858426392078,0
mujoco,flat_forward,0,0,187,1.8699999999999048,1.0,0.0,0.33729342342361895,0.049294556808894364,0.012664225132234223,0.26349985846668406,0.009335129671837882,1.7655019760131836,0.01769520528614521,0
mujoco,flat_forward,0,0,188,1.8799999999999037,1.0,0.0,0.33715327468600254,0.04914441924711331,0.012456905500351083,0.263619681386424,0.02862663909364509,1.7650266885757446,0.014125394634902477,0
mujoco,flat_forward,0,0,189,1.8899999999999026,1.0,0.0,0.33701095056108354,0.04908411983609697,0.012290765253029601,0.2633582307107408,0.020615650420255784,1.7641245126724243,0.016087759286165237,0
mujoco,flat_forward,0,0,190,1.8999999999999015,1.0,0.0,0.3368734236272501,0.048954465824633316,0.012119214987208166,0.26391236689479997,0.007311007422289252,1.7703872919082642,0.013078780844807625,0
mujoco,flat_forward,0,0,191,1.9099999999999004,1.0,0.0,0.3367379998409221,0.04876734899642212,0.011873550052337842,0.26376061439614185,0.013396133929381592,1.7719299793243408,0.020113375037908554,0
mujoco,flat_forward,0,0,192,1.9199999999998993,1.0,0.0,0.3366017042300169,0.04867567578624761,0.011704064799891126,0.2640190840726136,0.033270748869928035,1.7718532085418701,0.012093869037926197,0
mujoco,flat_forward,0,0,193,1.9299999999998982,1.0,0.0,0.33646420872920785,0.04864803352397871,0.011581442638612906,0.2633240573155265,0.018012442162633473,1.771209716796875,0.017086440697312355,0
mujoco,flat_forward,0,0,194,1.9399999999998971,1.0,0.0,0.33633196361597467,0.04855395758827308,0.011414876548399787,0.263890508065004,0.0060722553082853846,1.7781000137329102,0.016001282259821892,0
mujoco,flat_forward,0,0,195,1.949999999999896,1.0,0.0,0.3362007316105011,0.04841714884629744,0.011200156851569002,0.26338609704323596,0.015872177324373012,1.778185486793518,0.02114100754261017,0
mujoco,flat_forward,0,0,196,1.959999999999895,1.0,0.0,0.336067968257591,0.048381207179945804,0.011069403575316888,0.26332906353606916,0.031140761236222347,1.7782703638076782,0.012119565159082413,0
mujoco,flat_forward,0,0,197,1.9699999999998938,1.0,0.0,0.3359386417788471,0.048377221126202234,0.011026784767283127,0.2625045625430955,0.013901078157054794,1.7796568870544434,0.012610162608325481,0
mujoco,flat_forward,0,0,198,1.9799999999998927,1.0,0.0,0.33581777069680196,0.04831667468446637,0.010929066427890453,0.2629333818915266,0.00397980667703507,1.7856063842773438,0.014188366942107677,0
mujoco,flat_forward,0,0,199,1.9899999999998916,1.0,0.0,0.33569733119680123,0.04823157701366367,0.010784799603668719,0.26219210493347034,0.0172634502732973,1.7842187881469727,0.01800282672047615,0
mujoco,flat_forward,0,0,200,1.9999999999998905,1.0,0.0,0.3355760416803552,0.04824731531031619,0.010708192884229516,0.2618513976176609,0.028689956106671476,1.7839809656143188,0.01175098866224289,0
mujoco,flat_forward,0,0,201,2.0099999999998897,1.0,0.0,0.3354609866456035,0.048273745733817736,0.01072564072763391,0.26092215253015,0.011311380398065935,1.786458969116211,0.010550688952207565,0
mujoco,flat_forward,0,0,202,2.0199999999998886,1.0,0.0,0.33535545417276286,0.048245399744158486,0.010680035805419078,0.26121481772009747,0.002424267286031086,1.7918165922164917,0.01359215285629034,0
mujoco,flat_forward,0,0,203,2.0299999999998875,1.0,0.0,0.3352493344399273,0.04819962618379403,0.01058276689728988,0.26046543849096165,0.016673244370036047,1.7894976139068604,0.01613151654601097,0
mujoco,flat_forward,0,0,204,2.0399999999998863,1.0,0.0,0.33514259794485624,0.04824758249649449,0.010547257806124734,0.2597460788800795,0.025369044634753667,1.7894201278686523,0.010597958229482174,0
mujoco,flat_forward,0,0,205,2.0499999999998852,1.0,0.0,0.3350447113856431,0.04829454469469568,0.010620489537960145,0.2586886443526289,0.009196174768491435,1.7929190397262573,0.009447410702705383,0
mujoco,flat_forward,0,0,206,2.059999999999884,1.0,0.0,0.3349576097907734,0.04829706937982917,0.010622255353384888,0.25883010573379756,0.0012835872245605794,1.7974187135696411,0.012306015938520432,0
mujoco,flat_forward,0,0,207,2.069999999999883,1.0,0.0,0.3348693590810891,0.048284342554093806,0.010555017912570937,0.2582691405624144,0.013840667726768653,1.7940564155578613,0.013619186356663704,0
mujoco,flat_forward,0,0,208,2.079999999999882,1.0,0.0,0.3347797668008544,0.048349294250246574,0.01053448025968813,0.2575383726303358,0.02699849753910372,1.7937240600585938,0.00903354026377201,0
mujoco,flat_forward,0,0,209,2.089999999999881,1.0,0.0,0.3346982954157825,0.048416798022771365,0.010660764735921056,0.2562705817013335,0.010106419359444263,1.797176480293274,0.010633286088705063,0
mujoco,flat_forward,0,0,210,2.0999999999998797,1.0,0.0,0.33462837806434287,0.04843834013764568,0.010732627234709476,0.2562190245435256,0.0014254576895254365,1.8031580448150635,0.01347312331199646,0
mujoco,flat_forward,0,0,211,2.1099999999998786,1.0,0.0,0.3345593317086161,0.04844494875836303,0.010703905027969139,0.25601332639619856,0.008648080261519399,1.7999296188354492,0.011459716595709324,0
mujoco,flat_forward,0,0,212,2.1199999999998775,1.0,0.0,0.3344890809751239,0.04851687509543178,0.010710976787680087,0.2551922195326766,0.026807546768873775,1.7984166145324707,0.006305302958935499,0
mujoco,flat_forward,0,0,213,2.1299999999998764,1.0,0.0,0.334427008139395,0.04861298269394696,0.010901534757877532,0.25365575255152484,0.010686008469417554,1.8011802434921265,0.011803239583969116,0
mujoco,flat_forward,0,0,214,2.1399999999998753,1.0,0.0,0.3343782917203872,0.04865788377655555,0.011048825937082318,0.2533530796753647,0.0024630885753043545,1.8079211711883545,0.015087693929672241,0
mujoco,flat_forward,0,0,215,2.1499999999998742,1.0,0.0,0.3343339005029639,0.04867592895139352,0.011067296837619697,0.25368287763284836,0.001296455114134067,1.8048313856124878,0.00992792472243309,0
mujoco,flat_forward,0,0,216,2.159999999999873,1.0,0.0,0.3342872175280085,0.04874324949876383,0.011101368432421897,0.2528412381294421,0.0261596028937803,1.8013278245925903,0.005501697771251202,0
mujoco,flat_forward,0,0,217,2.169999999999872,1.0,0.0,0.33424357783643793,0.04887310479426745,0.011261454309713955,0.25132569317570935,0.017505773085690332,1.8035565614700317,0.014815588481724262,0
mujoco,flat_forward,0,0,218,2.179999999999871,1.0,0.0,0.3342125176402439,0.04896256352363737,0.01145323949657726,0.2506922302138003,0.006713099803606959,1.811144471168518,0.015021099708974361,0
mujoco,flat_forward,0,0,219,2.18999999999987,1.0,0.0,0.3341904652879306,0.0490141344398374,0.011521533287457402,0.2510846245659446,0.002311681929144922,1.8101327419281006,0.00903920829296112,0
mujoco,flat_forward,0,0,220,2.1999999999998687,1.0,0.0,0.3341639396490607,0.04906066149557541,0.011493229553259274,0.2508687677279699,0.01618219060097366,1.8048360347747803,0.008574194274842739,0
mujoco,flat_forward,0,0,221,2.2099999999998676,1.0,0.0,0.3341358360293067,0.049174122510846754,0.011556715187418016,0.24960167859708757,0.020791251299812876,1.8046531677246094,0.009423576295375824,0
mujoco,flat_forward,0,0,222,2.2199999999998665,1.0,0.0,0.3341188889417616,0.049285938253775606,0.01177470918792445,0.24857489273344296,0.008893113109460518,1.8111010789871216,0.014340170659124851,0
mujoco,flat_forward,0,0,223,2.2299999999998654,1.0,0.0,0.3341135728949632,0.049367774589454586,0.011898674537243479,0.248672367472446,0.003531385747532756,1.8127554655075073,0.009768876247107983,0
mujoco,flat_forward,0,0,224,2.2399999999998643,1.0,0.0,0.334108578687883,0.049423221083732254,0.011887463375201497,0.24940461965659202,0.004394700188202737,1.8079499006271362,0.00826376210898161,0
mujoco,flat_forward,0,0,225,2.249999999999863,1.0,0.0,0.33409878044693453,0.04951942134092595,0.011895269026865671,0.2485748216747201,0.025782626727717226,1.8048306703567505,0.005379599053412676,0
mujoco,flat_forward,0,0,226,2.259999999999862,1.0,0.0,0.33409400814048784,0.04964766672810338,0.012154452966021093,0.24699015297630633,0.013694346265700295,1.8086116313934326,0.016465317457914352,0
mujoco,flat_forward,0,0,227,2.269999999999861,1.0,0.0,0.3341013836101823,0.04974188147932307,0.01235658242909487,0.2468509443115619,0.005952137295121255,1.8157435655593872,0.01894506812095642,0
mujoco,flat_forward,0,0,228,2.27999999999986,1.0,0.0,0.33411737694771027,0.049820309363722094,0.01242069687707638,0.2474177984823501,0.0031395422436115493,1.81187903881073,0.009110081940889359,0
mujoco,flat_forward,0,0,229,2.289999999999859,1.0,0.0,0.33412832085344657,0.04988350131234422,0.012374183364882833,0.24775176947880584,0.016053896079389403,1.8066829442977905,0.007560130674391985,0
mujoco,flat_forward,0,0,230,2.2999999999998577,1.0,0.0,0.3341357083145135,0.049997739374273195,0.012499768038750933,0.24616684468530664,0.0164059968533736,1.8060146570205688,0.009373737499117851,0
mujoco,flat_forward,0,0,231,2.3099999999998566,1.0,0.0,0.3341526128482303,0.05009932465977014,0.012704388024050514,0.24561831666215203,0.008349856518697824,1.8140844106674194,0.02069810777902603,0
mujoco,flat_forward,0,0,232,2.3199999999998555,1.0,0.0,0.33418196221297525,0.05019076354806083,0.01280983979719541,0.24586059580260267,0.006467508290995797,1.8133044242858887,0.007976406253874302,0
mujoco,flat_forward,0,0,233,2.3299999999998544,1.0,0.0,0.33421251493445026,0.05026017253503782,0.012775162191358252,0.2471427677857045,0.006719211675641432,1.8084204196929932,0.007737882900983095,0
mujoco,flat_forward,0,0,234,2.3399999999998533,1.0,0.0,0.3342319891525571,0.050319600662756266,0.01272521113132597,0.24639829995718932,0.01749089153110648,1.803714632987976,0.007835195399820805,0
mujoco,flat_forward,0,0,235,2.349999999999852,1.0,0.0,0.3342531754518369,0.05040144604962618,0.012921968107045465,0.24516418133959275,0.010149311545767224,1.8088624477386475,0.018303150311112404,0
mujoco,flat_forward,0,0,236,2.359999999999851,1.0,0.0,0.3342865291093885,0.050478923484141514,0.0130710264203399,0.2451775427860783,0.006354833324085826,1.8134499788284302,0.014003998599946499,0
mujoco,flat_forward,0,0,237,2.36999999999985,1.0,0.0,0.33432783860351867,0.05055211575893099,0.01309777775093592,0.24608456978665388,0.0072132511507808795,1.80945885181427,0.00791960209608078,0
mujoco,flat_forward,0,0,238,2.379999999999849,1.0,0.0,0.33436327497904766,0.050599302566710094,0.012959914895748237,0.24760110195227314,0.011153931158637395,1.8051979541778564,0.007569226901978254,0
mujoco,flat_forward,0,0,239,2.389999999999848,1.0,0.0,0.3343891631140724,0.05067233089913437,0.013044664452013126,0.2458589056245294,0.012757667302036214,1.8021953105926514,0.006457025185227394,0
mujoco,flat_forward,0,0,240,2.3999999999998467,1.0,0.0,0.3344205695174928,0.05073800659487284,0.013214493010151018,0.24555281270471854,0.009650323850691853,1.8127288818359375,0.02874663658440113,0
mujoco,flat_forward,0,0,241,2.4099999999998456,1.0,0.0,0.3344652438259851,0.05081297464256949,0.013282236841939776,0.24600055607606738,0.011711272027926007,1.8125877380371094,0.006384470500051975,0
mujoco,flat_forward,0,0,242,2.4199999999998445,1.0,0.0,0.33451321974909737,0.05087379855334321,0.013226528824558003,0.24746715179136788,0.013599523386994881,1.808388590812683,0.007677458692342043,0
mujoco,flat_forward,0,0,243,2.4299999999998434,1.0,0.0,0.3345504828949417,0.05090315809354356,0.013102241442550589,0.24750627887812698,0.009235946668620725,1.804735541343689,0.0070215314626693726,0
mujoco,flat_forward,0,0,244,2.4399999999998423,1.0,0.0,0.33458707128945664,0.050930355462399754,0.013235888362152962,0.2464129360439504,0.009307585885342364,1.8080801963806152,0.015110604465007782,0
mujoco,flat_forward,0,0,245,2.449999999999841,1.0,0.0,0.33463489504301525,0.05098096269260781,0.013346576519826063,0.2466061192764218,0.011453019646622528,1.8124749660491943,0.014178485609591007,0
mujoco,flat_forward,0,0,246,2.45999999999984,1.0,0.0,0.33469101388212563,0.05104314868751076,0.013350120207246949,0.24773235057903273,0.015448498407478336,1.8082431554794312,0.007488462142646313,0
mujoco,flat_forward,0,0,247,2.469999999999839,1.0,0.0,0.3347417222750343,0.05108279013591322,0.013197340996566314,0.2494831991830752,0.0133280503153068,1.8049676418304443,0.007969430647790432,0
mujoco,flat_forward,0,0,248,2.479999999999838,1.0,0.0,0.33478161591497774,0.05109104882093004,0.013231508248124524,0.24805870726373327,0.007798965784252584,1.8013612031936646,0.005689960438758135,0
mujoco,flat_forward,0,0,249,2.489999999999837,1.0,0.0,0.334825067863658,0.05109963531010104,0.013355249107046536,0.24788987293858197,0.008823145984458316,1.8095228672027588,0.02715936116874218,0
mujoco,flat_forward,0,0,250,2.4999999999998357,1.0,0.0,0.3348794829063949,0.051136915685156145,0.01338998568072015,0.24864741623941614,0.013476187737608177,1.80861234664917,0.006459703668951988,0
mujoco,flat_forward,0,0,251,2.5099999999998346,1.0,0.0,0.3349350221646543,0.05117156137611975,0.013290840608951013,0.25042091257858334,0.017008521806861753,1.8046208620071411,0.007631686516106129,0
mujoco,flat_forward,0,0,252,2.5199999999998335,1.0,0.0,0.3349777790467599,0.0511813890689113,0.01315166892582016,0.25076087105076844,0.0034268952605926778,1.8012694120407104,0.008870582096278667,0
mujoco,flat_forward,0,0,253,2.5299999999998324,1.0,0.0,0.33501674914528323,0.051182373648181845,0.013235404903330774,0.24994335094304498,0.008165353656199288,1.805012822151184,0.017237301915884018,0
mujoco,flat_forward,0,0,254,2.5399999999998313,1.0,0.0,0.33506409788961367,0.05119387406512039,0.013301860227382912,0.25041468128009187,0.015109919796224716,1.808601975440979,0.013349594548344612,0
mujoco,flat_forward,0,0,255,2.54999999999983,1.0,0.0,0.33511797616112865,0.051216728143977895,0.01327150481739953,0.2518573852035586,0.02031368272077819,1.805863618850708,0.007226578425616026,0
mujoco,flat_forward,0,0,256,2.559999999999829,1.0,0.0,0.33516512175004287,0.051230615068889616,0.013131184043639808,0.2530714219661583,0.007827870332795943,1.8033130168914795,0.00808838102966547,0
mujoco,flat_forward,0,0,257,2.569999999999828,1.0,0.0,0.3352039674470894,0.05118673064494815,0.013120950451921784,0.2524297882157741,0.0050428524862092235,1.8035427331924438,0.008883815258741379,0
mujoco,flat_forward,0,0,258,2.579999999999827,1.0,0.0,0.3352471355278244,0.051163673707358616,0.013163514425938742,0.25254141784465023,0.013651046584818418,1.8069008588790894,0.017924418672919273,0
mujoco,flat_forward,0,0,259,2.5899999999998258,1.0,0.0,0.33529813779358925,0.05117027509213518,0.013147419467817749,0.25367776738066194,0.020120925049275477,1.8047493696212769,0.008779462426900864,0
mujoco,flat_forward,0,0,260,2.5999999999998247,1.0,0.0,0.33534574944816764,0.05118158808668611,0.012997300263920685,0.2553714399313872,0.01773287176674684,1.8020073175430298,0.007087486330419779,0
mujoco,flat_forward,0,0,261,2.6099999999998236,1.0,0.0,0.3353837191427954,0.05113588605879655,0.012916146198672256,0.25558182456872575,5.458700532194049e-05,1.801165223121643,0.007210760377347469,0
mujoco,flat_forward,0,0,262,2.6199999999998225,1.0,0.0,0.3354203875949752,0.05109331933065848,0.012964213323414015,0.2552582096104796,0.010103745535223807,1.8049627542495728,0.018661661073565483,0
mujoco,flat_forward,0,0,263,2.6299999999998214,1.0,0.0,0.33546383664262963,0.05108511218231918,0.012984301417983134,0.25611286079704704,0.01988406585036696,1.805024266242981,0.012437952682375908,0
mujoco,flat_forward,0,0,264,2.6399999999998203,1.0,0.0,0.33550900878489087,0.05109018850948416,0.012900305943018879,0.25777535737757107,0.021691382382112052,1.8028302192687988,0.008461430668830872,0
mujoco,flat_forward,0,0,265,2.649999999999819,1.0,0.0,0.33554863519908845,0.0510517985255931,0.012840822064245484,0.25842531588908946,-0.0017572934167983277,1.801199197769165,0.006796678528189659,0
mujoco,flat_forward,0,0,266,2.659999999999818,1.0,0.0,0.3355830509428869,0.05096886796692113,0.0128436018342926,0.25814946937263766,0.0040189238692306395,1.8033198118209839,0.015420373529195786,0
mujoco,flat_forward,0,0,267,2.669999999999817,1.0,0.0,0.33562110498697334,0.0509317439147764,0.012850518278749121,0.2587984122722837,0.017001107268704532,1.802581787109375,0.014216886833310127,0
mujoco,flat_forward,0,0,268,2.679999999999816,1.0,0.0,0.33566154130636927,0.05092707978077595,0.012774531864871966,0.26059428816222396,0.024587639950358352,1.8002084493637085,0.011297526769340038,0
mujoco,flat_forward,0,0,269,2.6899999999998148,1.0,0.0,0.33569376590113265,0.05091367954831822,0.012689257740507562,0.26124560282460085,0.0030904544066842855,1.7977349758148193,0.00942232459783554,0
mujoco,flat_forward,0,0,270,2.6999999999998137,1.0,0.0,0.33571836947638856,0.05084209159386427,0.012633610486601632,0.2616333888602345,0.0010878293588653769,1.8027547597885132,0.01700146123766899,0
mujoco,flat_forward,0,0,271,2.7099999999998126,1.0,0.0,0.33574441091547785,0.050795762536513106,0.012612983019497974,0.2620584593051581,0.016679158079475193,1.8018032312393188,0.010317002423107624,0
mujoco,flat_forward,0,0,272,2.7199999999998115,1.0,0.0,0.3357727411705022,0.05078580790774675,0.012546061846714675,0.26369504509619435,0.026561797212339023,1.8002020120620728,0.012696020305156708,0
mujoco,flat_forward,0,0,273,2.7299999999998104,1.0,0.0,0.3357948172323342,0.05077035017941955,0.012473094835150163,0.2643102403252438,0.00589428888287781,1.7988600730895996,0.00877030286937952,0
mujoco,flat_forward,0,0,274,2.7399999999998093,1.0,0.0,0.33581181786777275,0.05070059741055881,0.012392423681326044,0.26511590711974775,-0.00018629554056814619,1.8039122819900513,0.015945615246891975,0
mujoco,flat_forward,0,0,275,2.749999999999808,1.0,0.0,0.33582977926179447,0.05065220271161716,0.01235281750189791,0.2653693537789189,0.017105620671184308,1.8027584552764893,0.007736764848232269,0
mujoco,flat_forward,0,0,276,2.759999999999807,1.0,0.0,0.3358495482525939,0.050640298946332214,0.012287711092568477,0.2669195135555648,0.029732708723781247,1.800456166267395,0.014109684154391289,0
mujoco,flat_forward,0,0,277,2.769999999999806,1.0,0.0,0.3358636472728189,0.05062433356470417,0.012221039231480666,0.2675024081219321,0.0092375013257879,1.799828052520752,0.010554460808634758,0
mujoco,flat_forward,0,0,278,2.779999999999805,1.0,0.0,0.33587407708791794,0.05055599322215901,0.01212132816049548,0.26877218459236835,-0.0012383629854259613,1.805314540863037,0.016094190999865532,0
mujoco,flat_forward,0,0,279,2.7899999999998037,1.0,0.0,0.33588337621451614,0.05049205892369753,0.012070487292311345,0.26886436026459576,0.017350041749793176,1.8029959201812744,0.008870492689311504,0
mujoco,flat_forward,0,0,280,2.7999999999998026,1.0,0.0,0.33589321156084695,0.05047212142065285,0.012019737074193222,0.27028807437995406,0.031203581107511712,1.8016226291656494,0.016694514080882072,0
mujoco,flat_forward,0,0,281,2.8099999999998015,1.0,0.0,0.33590125330716347,0.05044234499989227,0.01198866585701061,0.27073173367868886,0.010001727522905764,1.801427960395813,0.010287369601428509,0
mujoco,flat_forward,0,0,282,2.8199999999998004,1.0,0.0,0.3359095036771872,0.050363225266631326,0.011918208344961963,0.2721915945218094,-0.001955318047384369,1.805962085723877,0.01518021896481514,0
mujoco,flat_forward,0,0,283,2.8299999999997993,1.0,0.0,0.33591575303955,0.050283438013913634,0.011881278240312968,0.2722631538420885,0.01712596229141084,1.8023898601531982,0.010529771447181702,0
mujoco,flat_forward,0,0,284,2.8399999999997982,1.0,0.0,0.3359220587324129,0.050251621979005186,0.011857312218082571,0.2733289002362756,0.026646356382819664,1.8007155656814575,0.01914289966225624,0
mujoco,flat_forward,0,0,285,2.849999999999797,1.0,0.0,0.33593111879369036,0.05020454300875931,0.011858375686009124,0.273810514830876,0.007336435987639727,1.8026151657104492,0.009376926347613335,0
mujoco,flat_forward,0,0,286,2.859999999999796,1.0,0.0,0.3359430292728143,0.05011450644270212,0.011794897059758527,0.27536271408108925,-0.0024247124151300426,1.8046116828918457,0.012343939393758774,0
mujoco,flat_forward,0,0,287,2.869999999999795,1.0,0.0,0.3359520349405386,0.05003161350030057,0.011748033326153233,0.27553577856148387,0.01803825642355214,1.7998332977294922,0.010467247106134892,0
mujoco,flat_forward,0,0,288,2.879999999999794,1.0,0.0,0.3359594828345315,0.04999721450227151,0.01171753346966742,0.2764835983430458,0.024920288676977743,1.797966480255127,0.019538089632987976,0
mujoco,flat_forward,0,0,289,2.8899999999997927,1.0,0.0,0.33596967424154256,0.04994465457367562,0.011713314053611696,0.2770604808271296,0.006596875115447912,1.800864338874817,0.00907851941883564,0
mujoco,flat_forward,0,0,290,2.8999999999997916,1.0,0.0,0.3359817383850318,0.04985052387201182,0.011636730017122754,0.2787325875182419,-0.0022124021249774715,1.8025370836257935,0.011897045187652111,0
mujoco,flat_forward,0,0,291,2.9099999999997905,1.0,0.0,0.3359891510886686,0.049765748428793326,0.011568793197822488,0.27902965996873347,0.019093270171461993,1.797361969947815,0.010521958582103252,0
mujoco,flat_forward,0,0,292,2.9199999999997894,1.0,0.0,0.3359940097927557,0.04972551401224325,0.011540970635315827,0.2796580357452709,0.019893794547066416,1.7962857484817505,0.019805878400802612,0
mujoco,flat_forward,0,0,293,2.9299999999997883,1.0,0.0,0.33600351338969325,0.04966025799869502,0.011538355185106007,0.2804364062242856,0.00448787256604747,1.8007845878601074,0.00980126392096281,0
mujoco,flat_forward,0,0,294,2.9399999999997872,1.0,0.0,0.3360145313444897,0.04955646886787458,0.011427370382500242,0.28231450008411896,-0.002407933191767341,1.8009504079818726,0.010504532605409622,0
mujoco,flat_forward,0,0,295,2.949999999999786,1.0,0.0,0.3360196000755135,0.04946960330542061,0.011325662776705775,0.2827344172817421,0.020102837069142766,1.7945562601089478,0.011605873703956604,0
mujoco,flat_forward,0,0,296,2.959999999999785,1.0,0.0,0.3360211451674134,0.049425544505692746,0.011295800091693469,0.28313366459531236,0.015112498258820002,1.7940717935562134,0.020111912861466408,0
mujoco,flat_forward,0,0,297,2.969999999999784,1.0,0.0,0.3360277018163834,0.04934618617431077,0.011279802631759926,0.28418409599063527,0.0026358155091233066,1.8001538515090942,0.011376433074474335,0
mujoco,flat_forward,0,0,298,2.979999999999783,1.0,0.0,0.33603414681837795,0.04923718352198834,0.011136626981973903,0.2858005018753427,0.002459835338744283,1.7993710041046143,0.01066115964204073,0
mujoco,flat_forward,0,0,299,2.9899999999997817,1.0,0.0,0.33603621300310876,0.049167709376139436,0.011040543146220744,0.28649389891029026,0.023538571624141774,1.7943077087402344,0.0076113007962703705,0
mujoco,flat_forward,0,0,300,2.9999999999997806,1.0,0.0,0.33603803909036556,0.049119154854798466,0.011046359923110696,0.2866436728408614,0.009479595710317786,1.7939929962158203,0.017176764085888863,0
mujoco,flat_forward,0,0,301,3.0099999999997795,1.0,0.0,0.3360457651114592,0.04902012036306626,0.011022982168623126,0.2879948658169539,-0.0008912550746692577,1.8000273704528809,0.013019641861319542,0
mujoco,flat_forward,0,0,302,3.0199999999997784,1.0,0.0,0.33605087643234327,0.048897991051096025,0.01086586158486657,0.2893504337147369,0.005760621808582667,1.7970956563949585,0.011941421777009964,0
mujoco,flat_forward,0,0,303,3.0299999999997773,1.0,0.0,0.3360511305426004,0.048832995173803656,0.010779363865036655,0.29010874588989904,0.0200457856089471,1.7929202318191528,0.00821587722748518,0
mujoco,flat_forward,0,0,304,3.039999999999776,1.0,0.0,0.3360525450156603,0.04876907135650913,0.0107631902964806,0.29054899835057785,0.0059998233501265845,1.795273780822754,0.014966356568038464,0
mujoco,flat_forward,0,0,305,3.049999999999775,1.0,0.0,0.3360585655869215,0.048651142467506445,0.010690457610438027,0.2922389027520947,-0.003033409913472843,1.7990003824234009,0.009275956079363823,0
mujoco,flat_forward,0,0,306,3.059999999999774,1.0,0.0,0.3360582250711931,0.0485255372809589,0.010539099372534473,0.293133302450431,0.012088476884930283,1.7944406270980835,0.013538576662540436,0
mujoco,flat_forward,0,0,307,3.069999999999773,1.0,0.0,0.3360531764476431,0.04846055457373745,0.010469646248019295,0.29361517394578257,0.011425390479605193,1.7925866842269897,0.013439728878438473,0
mujoco,flat_forward,0,0,308,3.079999999999772,1.0,0.0,0.3360532470462426,0.048358267036100376,0.010439239113556674,0.29447907607472623,0.0002292797736888055,1.7974190711975098,0.012397105805575848,0
mujoco,flat_forward,0,0,309,3.0899999999997707,1.0,0.0,0.33605491704469165,0.04821784303488648,0.010270128809998521,0.2965480388322461,-0.004685571087013704,1.7980616092681885,0.008409318514168262,0
mujoco,flat_forward,0,0,310,3.0999999999997696,1.0,0.0,0.33604915670695146,0.048117849035340235,0.01011940618786231,0.297058788537799,0.016732109070547452,1.7915204763412476,0.013659989461302757,0
mujoco,flat_forward,0,0,311,3.1099999999997685,1.0,0.0,0.33604114581561356,0.04805226703436119,0.010088689149958007,0.2972179531760892,0.005578717625675602,1.7924803495407104,0.01884664222598076,0
mujoco,flat_forward,0,0,312,3.1199999999997674,1.0,0.0,0.3360390981348484,0.047928363233536116,0.010042885365452248,0.298561961233082,-0.00339209501332973,1.7987922430038452,0.012572206556797028,0
mujoco,flat_forward,0,0,313,3.1299999999997663,1.0,0.0,0.3360337902407633,0.04778292177424348,0.009855404868263532,0.3000064264070972,0.0037512018560799474,1.7967790365219116,0.011064331978559494,0
mujoco,flat_forward,0,0,314,3.139999999999765,1.0,0.0,0.33602296872115367,0.04770508936957036,0.009755687739224929,0.3005050774441449,0.011181221032178803,1.7933555841445923,0.007540056947618723,0
mujoco,flat_forward,0,0,315,3.149999999999764,1.0,0.0,0.33601612250578916,0.04761318205236333,0.009726064950206057,0.3011144944902856,0.0004161451005121159,1.7969138622283936,0.014429307542741299,0
mujoco,flat_forward,0,0,316,3.159999999999763,1.0,0.0,0.3360132643092016,0.04747078447206132,0.009591591930091943,0.30308950656954853,-0.006482316124801371,1.7994966506958008,0.007365330122411251,0
mujoco,flat_forward,0,0,317,3.169999999999762,1.0,0.0,0.336001647290853,0.047345443322475964,0.009441188524241868,0.30369912508467845,0.01409337383916145,1.7930155992507935,0.016786037012934685,0
mujoco,flat_forward,0,0,318,3.179999999999761,1.0,0.0,0.3359829092600316,0.047281948182300804,0.00936598315576606,0.30417301231640903,0.006414483155182298,1.793196439743042,0.0172671340405941,0
mujoco,flat_forward,0,0,319,3.1899999999997597,1.0,0.0,0.33596795805707524,0.047157045256455275,0.009288520708361964,0.3054984847898833,-0.003885729020712037,1.799318552017212,0.012627140618860722,0
mujoco,flat_forward,0,0,320,3.1999999999997586,1.0,0.0,0.33595027955109386,0.04700737711308291,0.009088576617170562,0.3066284881552841,0.0050854979530313114,1.7982908487319946,0.012638148851692677,0
mujoco,flat_forward,0,0,321,3.2099999999997575,1.0,0.0,0.3359284581479567,0.046932793008315585,0.008967785144025988,0.3072326207420185,0.010528809826825842,1.796420693397522,0.007762387860566378,0
mujoco,flat_forward,0,0,322,3.2199999999997564,1.0,0.0,0.33591085449371755,0.0468350071183623,0.008915665744244853,0.30787212690716786,-0.0007808790577255884,1.7987583875656128,0.010570114478468895,0
mujoco,flat_forward,0,0,323,3.2299999999997553,1.0,0.0,0.3358957675349255,0.0466743898816435,0.008733841317898361,0.309790544327466,-0.006530013841703618,1.801616907119751,0.008267476223409176,0
mujoco,flat_forward,0,0,324,3.239999999999754,1.0,0.0,0.3358738094336577,0.046556955820040435,0.008566855371603727,0.31032029047859366,0.01510894622421447,1.7965601682662964,0.014086470007896423,0
mujoco,flat_forward,0,0,325,3.249999999999753,1.0,0.0,0.3358462669581156,0.046497252904967284,0.008502676655650429,0.31058796070501327,0.004769877543681757,1.796987771987915,0.017712779343128204,0
mujoco,flat_forward,0,0,326,3.259999999999752,1.0,0.0,0.3358218526731724,0.04636698532792179,0.008396116622243644,0.3120662418382023,-0.003844018213153985,1.804099440574646,0.013989136554300785,0
mujoco,flat_forward,0,0,327,3.269999999999751,1.0,0.0,0.33579298122971674,0.04621787048795416,0.008186477169687961,0.31294547341973183,0.008292164128636727,1.801979899406433,0.0151761369779706,0
mujoco,flat_forward,0,0,328,3.27999999999975,1.0,0.0,0.3357598108796649,0.04614320945807581,0.008086181048798215,0.3132878709044852,0.007611559159429421,1.800849199295044,0.010705981403589249,0
mujoco,flat_forward,0,0,329,3.2899999999997487,1.0,0.0,0.33573215859420374,0.04603386447257511,0.008019870913592707,0.31420699192730184,-0.001833399652007846,1.8042066097259521,0.010456853546202183,0
mujoco,flat_forward,0,0,330,3.2999999999997476,1.0,0.0,0.33570499950495786,0.045883257094336306,0.007810335853188794,0.3154938373570912,0.0014008655156183087,1.8043955564498901,0.009412234649062157,0
mujoco,flat_forward,0,0,331,3.3099999999997465,1.0,0.0,0.33567354797009563,0.045798537058896194,0.0076780407352132415,0.3160332967875142,0.014414241466618995,1.8014061450958252,0.00789900403469801,0
mujoco,flat_forward,0,0,332,3.3199999999997454,1.0,0.0,0.3356437984661074,0.045726888773641505,0.007629642608918496,0.31637451031359637,0.002059154393835352,1.8024324178695679,0.011681614443659782,0
mujoco,flat_forward,0,0,333,3.3299999999997443,1.0,0.0,0.3356168843334464,0.045580369424213944,0.0074802525621277755,0.3181350725527475,-0.005730748451540202,1.806398630142212,0.009892292320728302,0
mujoco,flat_forward,0,0,334,3.339999999999743,1.0,0.0,0.3355811048131697,0.045442819539536196,0.0073168941084863605,0.31846473701424993,0.013392083345895572,1.801565170288086,0.018152376636862755,0
mujoco,flat_forward,0,0,335,3.349999999999742,1.0,0.0,0.33553958165388703,0.04536950384992601,0.007257866993238937,0.318561136690281,0.0031055506378752195,1.8023953437805176,0.017087459564208984,0
mujoco,flat_forward,0,0,336,3.359999999999741,1.0,0.0,0.33550220598146646,0.04524224006595319,0.007150146381373971,0.31990435887049223,-0.005730391766644716,1.8080222606658936,0.01255898829549551,0
mujoco,flat_forward,0,0,337,3.36999999999974,1.0,0.0,0.33546088593200735,0.04510543578040814,0.006970821337431526,0.3203884705123304,0.008900899962702094,1.8053593635559082,0.01659783534705639,0
mujoco,flat_forward,0,0,338,3.3799999999997388,1.0,0.0,0.33541552472611064,0.04503852275571428,0.006875995054540069,0.3207161919527214,0.007601836101404422,1.8052035570144653,0.011828611604869366,0
mujoco,flat_forward,0,0,339,3.3899999999997377,1.0,0.0,0.3353750173731193,0.04494087026855804,0.006804991278025451,0.32156987469952575,-0.0028707482955740078,1.807997226715088,0.0077623846009373665,0
mujoco,flat_forward,0,0,340,3.3999999999997366,1.0,0.0,0.33533301225292556,0.044800550521969275,0.006607657882052865,0.32251355990832503,0.002591696770539817,1.8082911968231201,0.011399345472455025,0
mujoco,flat_forward,0,0,341,3.4099999999997355,1.0,0.0,0.3352861991612414,0.04472472979477528,0.0064932339766827695,0.3229036428783456,0.011460233367691938,1.8068665266036987,0.007919926196336746,0
mujoco,flat_forward,0,0,342,3.4199999999997344,1.0,0.0,0.33524225683207387,0.044655747790445385,0.006449138729969677,0.3232492166631492,-0.0006287598504010174,1.8088620901107788,0.009506234899163246,0
mujoco,flat_forward,0,0,343,3.4299999999997333,1.0,0.0,0.33519994806526066,0.044522690414018726,0.0062913079939698946,0.3246454549003146,-0.004230322199011438,1.8120144605636597,0.009950390085577965,0
mujoco,flat_forward,0,0,344,3.439999999999732,1.0,0.0,0.3351526690047508,0.04442474017282894,0.006172249630949825,0.32474166306060015,0.012679627153271675,1.8087178468704224,0.012601202353835106,0
mujoco,flat_forward,0,0,345,3.449999999999731,1.0,0.0,0.33510778133938074,0.04435889649582565,0.006158278550729745,0.3246860068352055,0.0004805738014346044,1.8106863498687744,0.015386408194899559,0
mujoco,flat_forward,0,0,346,3.45999999999973,1.0,0.0,0.3350690894793396,0.04424383052033747,0.006073921070603534,0.3260321854617163,-0.007409554917765312,1.8142602443695068,0.010086525231599808,0
mujoco,flat_forward,0,0,347,3.469999999999729,1.0,0.0,0.3350248151453167,0.04413267758482727,0.005963487275852674,0.3261122669113761,0.011949500106548485,1.8100560903549194,0.016501866281032562,0
mujoco,flat_forward,0,0,348,3.4799999999997278,1.0,0.0,0.33497689215332305,0.044074998809914015,0.005923863254200843,0.32616610594818096,0.004180419533678774,1.8104832172393799,0.016347266733646393,0
mujoco,flat_forward,0,0,349,3.4899999999997267,1.0,0.0,0.33493423985397136,0.04398476904607519,0.005855644288120752,0.3271950952208881,-0.00620566709061791,1.8142539262771606,0.009418874979019165,0
mujoco,flat_forward,0,0,350,3.4999999999997256,1.0,0.0,0.33488821758544435,0.04387538996810447,0.005715768776090109,0.32749990414722185,0.0075924341024175435,1.8122607469558716,0.015200155787169933,0
mujoco,flat_forward,0,0,351,3.5099999999997245,1.0,0.0,0.3348390556781421,0.043820344641122104,0.005652277556236749,0.32760909537277216,0.0064118069834895285,1.8120681047439575,0.011597485281527042,0
mujoco,flat_forward,0,0,352,3.5199999999997234,1.0,0.0,0.3347956190607894,0.04374935094613884,0.005605997437031385,0.32825558277484435,-0.005020876307145667,1.8147512674331665,0.007187097333371639,0
mujoco,flat_forward,0,0,353,3.5299999999997222,1.0,0.0,0.3347511402432895,0.04364306983713357,0.0054624455526399935,0.3288091092889831,0.0028562321618901257,1.8144798278808594,0.011940868571400642,0
mujoco,flat_forward,0,0,354,3.539999999999721,1.0,0.0,0.3347038405525922,0.04358693568104286,0.005390719962498403,0.32892482109262533,0.00844731737906101,1.8137716054916382,0.008656659163534641,0
mujoco,flat_forward,0,0,355,3.54999999999972,1.0,0.0,0.3346620778320947,0.04352499643583864,0.005364353037355917,0.3291958911144583,-0.0038285401484595954,1.8158618211746216,0.007957352325320244,0
mujoco,flat_forward,0,0,356,3.559999999999719,1.0,0.0,0.3346220723991833,0.0434250880227327,0.005241246578588557,0.32999139121864374,-0.002071755624307275,1.817238450050354,0.010126503184437752,0
mujoco,flat_forward,0,0,357,3.569999999999718,1.0,0.0,0.33457968060090304,0.043369212289273554,0.00516886027309664,0.33005107274458645,0.010748619916921803,1.8155940771102905,0.007240667473524809,0
mujoco,flat_forward,0,0,358,3.5799999999997167,1.0,0.0,0.33454177347548236,0.04332112806012417,0.005165449404012584,0.3299912419524536,-0.002452285236606767,1.8170831203460693,0.011035026051104069,0
mujoco,flat_forward,0,0,359,3.5899999999997156,1.0,0.0,0.3345081090651978,0.04322809982107982,0.005073245234101305,0.33122741866272465,-0.009441470948129643,1.8194912672042847,0.009933442808687687,0
mujoco,flat_forward,0,0,360,3.5999999999997145,1.0,0.0,0.3344694376599324,0.043153822232415866,0.004980433154904913,0.3311111666048243,0.010657221940904247,1.8157944679260254,0.013247947208583355,0
mujoco,flat_forward,0,0,361,3.6099999999997134,1.0,0.0,0.3344316338954282,0.043115305727899046,0.005004680856879002,0.3307296283040561,-0.0010116362615457007,1.8164180517196655,0.016211973503232002,0
mujoco,flat_forward,0,0,362,3.6199999999997123,1.0,0.0,0.3344005934078286,0.04303578071018473,0.004974181999628365,0.33172765525232234,-0.01056446183218006,1.820794939994812,0.011097053065896034,0
mujoco,flat_forward,0,0,363,3.6299999999997112,1.0,0.0,0.33436519782097956,0.04295018926584765,0.004886220087212433,0.33182047121793945,0.0069650012225190225,1.817236065864563,0.014965346083045006,0
mujoco,flat_forward,0,0,364,3.63999999999971,1.0,0.0,0.3343271744647013,0.04292987828183262,0.004858217777848731,0.3317352113524272,0.0029497232923830774,1.816653847694397,0.014466299675405025,0
mujoco,flat_forward,0,0,365,3.649999999999709,1.0,0.0,0.3342951461654982,0.0428760469443547,0.004828469921431639,0.33241460105920884,-0.008888720474467038,1.8193389177322388,0.008046259172260761,0
mujoco,flat_forward,0,0,366,3.659999999999708,1.0,0.0,0.3342609181970195,0.0427937685185856,0.004718264489621184,0.3328001567359428,0.0016970633003776702,1.818210244178772,0.012622380629181862,0
mujoco,flat_forward,0,0,367,3.669999999999707,1.0,0.0,0.33422435328406935,0.042776208384138155,0.0046731667603845785,0.33280084961432344,0.004606208243284569,1.8174362182617188,0.009469644166529179,0
mujoco,flat_forward,0,0,368,3.6799999999997057,1.0,0.0,0.33419376040470766,0.04273568289449758,0.004657067310498743,0.33315634620809714,-0.008234869955871065,1.8192592859268188,0.0073624905198812485,0
mujoco,flat_forward,0,0,369,3.6899999999997046,1.0,0.0,0.33416359020520214,0.04265509013114665,0.004553034724050433,0.3338023748583737,-0.003736371131142698,1.820166826248169,0.010777527466416359,0
mujoco,flat_forward,0,0,370,3.6999999999997035,1.0,0.0,0.3341312086546808,0.04263097895735402,0.004501912715861891,0.33383467304277015,0.006165504718954119,1.8189828395843506,0.006696674972772598,0
mujoco,flat_forward,0,0,371,3.7099999999997024,1.0,0.0,0.3341040303770465,0.04260722013529897,0.004503419561158039,0.33389311851184567,-0.007343188546415335,1.820164442062378,0.009792398661375046,0
mujoco,flat_forward,0,0,372,3.7199999999997013,1.0,0.0,0.33408022717635816,0.04253616417324942,0.004439712350835988,0.33453207902157417,-0.006524261549491194,1.822058081626892,0.010306056588888168,0
mujoco,flat_forward,0,0,373,3.7299999999997,1.0,0.0,0.3340565267542966,0.04251500753399146,0.004398130168668695,0.3346751847548406,0.009386685678775085,1.8212388753890991,0.004785080440342426,0
mujoco,flat_forward,0,0,374,3.739999999999699,1.0,0.0,0.33403698607855503,0.04251095364259931,0.004416802236067303,0.3344722368947084,-0.005301804766394135,1.820867657661438,0.0112839937210083,0
mujoco,flat_forward,0,0,375,3.749999999999698,1.0,0.0,0.33402214861437063,0.042451232684982236,0.004373092955682182,0.335308598107856,-0.011696970178167853,1.8237608671188354,0.011276976205408573,0
mujoco,flat_forward,0,0,376,3.759999999999697,1.0,0.0,0.3340065601616124,0.042418842294611264,0.004329884138114747,0.33536135323591687,0.009715042978473427,1.82216215133667,0.0071550593711435795,0
mujoco,flat_forward,0,0,377,3.769999999999696,1.0,0.0,0.3339908719630344,0.042430921500174974,0.004336294147619938,0.33501947325405007,-0.0015676342286750986,1.8210135698318481,0.01582173816859722,0
mujoco,flat_forward,0,0,378,3.7799999999996947,1.0,0.0,0.33397962072952714,0.042392141537708615,0.004292562461053687,0.3359854684456002,-0.012632292284252456,1.8253315687179565,0.012064352631568909,0
mujoco,flat_forward,0,0,379,3.7899999999996936,1.0,0.0,0.3339645940470953,0.04234493291622925,0.004219588419985795,0.33578945342138034,0.006829900745849686,1.8223161697387695,0.014809461310505867,0
mujoco,flat_forward,0,0,380,3.7999999999996925,1.0,0.0,0.333947016632093,0.04236234966036388,0.004192313676657857,0.3357018869879784,0.0017568968056245523,1.822075605392456,0.016403378918766975,0
mujoco,flat_forward,0,0,381,3.8099999999996914,1.0,0.0,0.3339341788745152,0.042333229201787295,0.004154182841336413,0.33641869628013776,-0.011167493339977587,1.8244730234146118,0.008171419613063335,0
mujoco,flat_forward,0,0,382,3.8199999999996903,1.0,0.0,0.3339184149802716,0.042279509290993014,0.004054735030264075,0.33655083923630685,0.0017766487156174343,1.8225301504135132,0.012791769579052925,0
mujoco,flat_forward,0,0,383,3.829999999999689,1.0,0.0,0.3339004880965946,0.04230106747013245,0.004010097600044283,0.336592786322645,0.0036825206912547517,1.8227941989898682,0.011055560782551765,0
mujoco,flat_forward,0,0,384,3.839999999999688,1.0,0.0,0.33388685785167344,0.0422849712789704,0.0039880265671230234,0.33701999731781157,-0.010145282662715565,1.8235743045806885,0.006428371649235487,0
mujoco,flat_forward,0,0,385,3.849999999999687,1.0,0.0,0.3338721197055683,0.04222807578565639,0.0038895339776641694,0.3374574519829261,-0.0033694222411006784,1.823918342590332,0.010812243446707726,0
mujoco,flat_forward,0,0,386,3.859999999999686,1.0,0.0,0.33385569481484584,0.042243932729345374,0.003840946125169336,0.3375856874196983,0.005700863198414055,1.8235955238342285,0.007291036657989025,0
mujoco,flat_forward,0,0,387,3.869999999999685,1.0,0.0,0.333843042857374,0.04224504287998486,0.003836054055508112,0.3377117629478548,-0.008987559867961297,1.8241692781448364,0.008271442726254463,0
mujoco,flat_forward,0,0,388,3.8799999999996837,1.0,0.0,0.333831687349484,0.04219039726438584,0.0037589031932654055,0.3384252665504439,-0.008606624500801723,1.8263074159622192,0.01113175693899393,0
mujoco,flat_forward,0,0,389,3.8899999999996826,1.0,0.0,0.33381888621087674,0.042188337343447735,0.003710781379888083,0.3386075702765574,0.007417137152460971,1.8251322507858276,0.005041112657636404,0
mujoco,flat_forward,0,0,390,3.8999999999996815,1.0,0.0,0.33380851994669725,0.04220045105734898,0.003730689155339535,0.3384830357859044,-0.007260762774970974,1.824571132659912,0.011737605556845665,0
mujoco,flat_forward,0,0,391,3.9099999999996804,1.0,0.0,0.333801644375635,0.042153621001687465,0.003685406327499745,0.33942657445429575,-0.013503619605873535,1.8278372287750244,0.011826666072010994,0
mujoco,flat_forward,0,0,392,3.9199999999996793,1.0,0.0,0.3337932545373219,0.04213363423593072,0.0036408884871939164,0.33956843175654094,0.008171830017321908,1.8258228302001953,0.007434920407831669,0
mujoco,flat_forward,0,0,393,3.929999999999678,1.0,0.0,0.33378393313360366,0.04216091351595853,0.003653253882886161,0.33932420828505633,-0.003126719225560362,1.8247145414352417,0.016029858961701393,0
mujoco,flat_forward,0,0,394,3.939999999999677,1.0,0.0,0.333778263403829,0.04213344155329974,0.0036167155814038794,0.34030769162294655,-0.012923836702364574,1.8292962312698364,0.012566912919282913,0
mujoco,flat_forward,0,0,395,3.949999999999676,1.0,0.0,0.3337727703104682,0.0421149742208372,0.003580136426201655,0.3402012379822905,0.008367690277741473,1.8273438215255737,0.011029652319848537,0
mujoco,flat_forward,0,0,396,3.959999999999675,1.0,0.0,0.3337679960380483,0.04215078726195356,0.0035942470755895026,0.3399791711184471,0.0006813986959571807,1.827429175376892,0.016481567174196243,0
mujoco,flat_forward,0,0,397,3.969999999999674,1.0,0.0,0.3337687597880072,0.042132934792850844,0.0035673058219388653,0.3409209132900087,-0.011139535218961895,1.8304270505905151,0.009960520081222057,0
mujoco,flat_forward,0,0,398,3.9799999999996727,1.0,0.0,0.3337664619530819,0.04209759788615998,0.003487697565545958,0.34095140503128657,0.005151168073251335,1.8273729085922241,0.013529795221984386,0
mujoco,flat_forward,0,0,399,3.9899999999996716,1.0,0.0,0.33376189170987525,0.042133384375453796,0.003460005639550326,0.34097759186610344,0.0037396972782969048,1.8274586200714111,0.014183077961206436,0
mujoco,flat_forward,0,0,400,3.9999999999996705,1.0,0.0,0.3337611024600067,0.04212516628889901,0.0034350187140757167,0.3416848085575214,-0.009816657305413194,1.8289482593536377,0.007187842857092619,0
mujoco,flat_forward,0,0,401,4.009999999999674,1.0,0.0,0.3337571198563084,0.04208294340686482,0.003333953467598892,0.3420862572616186,8.653762408688745e-05,1.827958345413208,0.011539231985807419,0
mujoco,flat_forward,0,0,402,4.019999999999677,1.0,0.0,0.3337509336794337,0.04210941012723758,0.0033040977310639734,0.3420393877810314,0.0031102352242216706,1.8278279304504395,0.009372864849865437,0
mujoco,flat_forward,0,0,403,4.0299999999996805,1.0,0.0,0.3337493030899895,0.042101548581173286,0.0033015264889740352,0.34254306771658477,-0.01038855061005651,1.8297441005706787,0.008545045740902424,0
mujoco,flat_forward,0,0,404,4.039999999999684,1.0,0.0,0.3337471356258572,0.04205627374041727,0.0032187002475307217,0.34305298261146755,-0.00304377433497379,1.8296328783035278,0.011001613922417164,0
mujoco,flat_forward,0,0,405,4.049999999999687,1.0,0.0,0.3337441876673051,0.042079804461566755,0.0031920958335402523,0.34302039367847886,0.003701649565317922,1.828748345375061,0.007807298097759485,0
mujoco,flat_forward,0,0,406,4.0599999999996905,1.0,0.0,0.33374642093449347,0.04207970073878337,0.0032066971611211825,0.34331745629150545,-0.01006328620921855,1.830438494682312,0.009385518729686737,0
mujoco,flat_forward,0,0,407,4.069999999999694,1.0,0.0,0.3337491644359907,0.042032478230617704,0.0031234489121630166,0.3441900158271542,-0.008614788185100898,1.8307833671569824,0.010741264559328556,0
mujoco,flat_forward,0,0,408,4.079999999999697,1.0,0.0,0.3337489957518459,0.04203524239714827,0.0030772458786389313,0.3442951532330999,0.0052535222584259595,1.828782320022583,0.005149896256625652,0
mujoco,flat_forward,0,0,409,4.0899999999997005,1.0,0.0,0.33375079226651305,0.04204275397988591,0.0031041036891226383,0.34436714848060296,-0.008502248924456352,1.8297686576843262,0.012108413502573967,0
mujoco,flat_forward,0,0,410,4.099999999999704,1.0,0.0,0.33375440425632635,0.042000818945083875,0.003058148376993937,0.34529261025548097,-0.011076863841481174,1.8319720029830933,0.010739438235759735,0
mujoco,flat_forward,0,0,411,4.109999999999707,1.0,0.0,0.333756300059469,0.04199343075086042,0.003026533110689161,0.34540497848669754,0.005930495570442182,1.8302557468414307,0.004368271213024855,0
mujoco,flat_forward,0,0,412,4.119999999999711,1.0,0.0,0.33376107093098606,0.04199989584655318,0.003081844738461908,0.34530065349094885,-0.007859942823407448,1.8303768634796143,0.013590358197689056,0
mujoco,flat_forward,0,0,413,4.129999999999714,1.0,0.0,0.3337704022906387,0.041959361216318325,0.0030651366465275893,0.34630629044867167,-0.014013605151971068,1.8329496383666992,0.011895207688212395,0
mujoco,flat_forward,0,0,414,4.139999999999717,1.0,0.0,0.3337789449769627,0.04194278092458786,0.003036691612036322,0.3465619214218746,0.008068386581822937,1.830380916595459,0.006676622666418552,0
mujoco,flat_forward,0,0,415,4.149999999999721,1.0,0.0,0.3337861436108066,0.04196409047918613,0.003057073238446221,0.34642810764657456,-0.0032832803555552063,1.8290362358093262,0.016466422006487846,0
mujoco,flat_forward,0,0,416,4.159999999999724,1.0,0.0,0.33379645033446476,0.04193840922760293,0.00302133164520612,0.34766688113173283,-0.015006284045518944,1.8332819938659668,0.012936621904373169,0
mujoco,flat_forward,0,0,417,4.169999999999727,1.0,0.0,0.3338015472025844,0.0419032697613863,0.0029508369817653453,0.3477803173026808,0.004583311747380895,1.8296161890029907,0.014884229749441147,0
mujoco,flat_forward,0,0,418,4.179999999999731,1.0,0.0,0.3338027531212052,0.04191479601696172,0.0029357009717366524,0.34778889025946835,-0.0027314981728044432,1.8294028043746948,0.01705498993396759,0
mujoco,flat_forward,0,0,419,4.189999999999734,1.0,0.0,0.33380771303806067,0.04188638770900409,0.0028904949205620744,0.34891980060635935,-0.015110881175688718,1.832905888557434,0.010599059984087944,0
mujoco,flat_forward,0,0,420,4.199999999999737,1.0,0.0,0.3338081421629158,0.04184420670077969,0.0027956120122572896,0.3492093322731025,0.001507753561818619,1.8293832540512085,0.014364473521709442,0
mujoco,flat_forward,0,0,421,4.209999999999741,1.0,0.0,0.33380521071102526,0.04185383131774711,0.0027641867351804747,0.34933373899626796,-0.0024070978038514476,1.8299638032913208,0.014133188873529434,0
mujoco,flat_forward,0,0,422,4.219999999999744,1.0,0.0,0.3338063770669089,0.041826954760889795,0.0027225030432019605,0.3503693624946699,-0.015103798204028207,1.83230721950531,0.008590403944253922,0
mujoco,flat_forward,0,0,423,4.229999999999747,1.0,0.0,0.3338043267754954,0.041785558673229375,0.0026395745384897545,0.35060114859531316,0.0011885136103639486,1.8298912048339844,0.01373557560145855,0
mujoco,flat_forward,0,0,424,4.239999999999751,1.0,0.0,0.33380068587737144,0.04179148912804772,0.0026128906933547105,0.3506780168709572,-0.003227039548667534,1.8311474323272705,0.013924297876656055,0
mujoco,flat_forward,0,0,425,4.249999999999754,1.0,0.0,0.333802410276737,0.041762555177876824,0.0025722251069611466,0.3516545058829439,-0.016185702456397784,1.8341684341430664,0.007827531546354294,0
mujoco,flat_forward,0,0,426,4.259999999999757,1.0,0.0,0.33380040072889355,0.04171441895981561,0.0024640856449277765,0.352060011764518,-0.0023328743250472126,1.8317317962646484,0.014513120986521244,0
mujoco,flat_forward,0,0,427,4.269999999999761,1.0,0.0,0.3337947046106919,0.041715480114535464,0.002418749518638224,0.3522759369002991,-0.0027425839044112783,1.8321621417999268,0.012233329936861992,0
mujoco,flat_forward,0,0,428,4.279999999999764,1.0,0.0,0.33379239291078144,0.04168629481842531,0.0023822979877308396,0.3531465282459838,-0.01611489164220724,1.8351064920425415,0.007553026545792818,0
mujoco,flat_forward,0,0,429,4.289999999999767,1.0,0.0,0.333786696578632,0.04163703024775249,0.0022895886137862718,0.3535284629860591,-0.002756746561166977,1.833531379699707,0.01363335270434618,0
mujoco,flat_forward,0,0,430,4.299999999999771,1.0,0.0,0.33377868223417145,0.04163451065553077,0.002253008114028999,0.35369472328957935,-0.003616680259034762,1.8340792655944824,0.011686090379953384,0
mujoco,flat_forward,0,0,431,4.309999999999774,1.0,0.0,0.3337753891352859,0.04160157349984251,0.002222622128195507,0.35450971595684794,-0.01726675745375731,1.836825966835022,0.007276802323758602,0
mujoco,flat_forward,0,0,432,4.319999999999777,1.0,0.0,0.33376936998627366,0.041548097493336766,0.0021364815363871794,0.3548679162245398,-0.0038957413014904076,1.8347216844558716,0.013793734833598137,0
mujoco,flat_forward,0,0,433,4.329999999999781,1.0,0.0,0.3337607267469117,0.04154330878944846,0.002088762812602758,0.3552537570194991,-0.002182051323746925,1.8351176977157593,0.0117812380194664,0
mujoco,flat_forward,0,0,434,4.339999999999784,1.0,0.0,0.33375531335077635,0.0415108609348755,0.0020586955365889175,0.3560039631456303,-0.017106268681075572,1.837073802947998,0.005953883286565542,0
mujoco,flat_forward,0,0,435,4.349999999999787,1.0,0.0,0.3337467607340701,0.04145423155059291,0.0019825698692937754,0.3563607648585486,-0.004660150115548604,1.8358147144317627,0.013501960784196854,0
mujoco,flat_forward,0,0,436,4.359999999999791,1.0,0.0,0.33373601862813557,0.041440305425148316,0.0019406793305851758,0.356725286838012,-0.0035519454072538217,1.8365719318389893,0.011275038123130798,0
mujoco,flat_forward,0,0,437,4.369999999999794,1.0,0.0,0.3337293684852363,0.041399704794647156,0.0019140377038281034,0.3574516401291149,-0.018895662204253368,1.8382853269577026,0.00570190092548728,0
mujoco,flat_forward,0,0,438,4.379999999999797,1.0,0.0,0.3337199926775102,0.0413341915139314,0.0018418121096128997,0.35780446705039165,-0.006333076797681016,1.8367538452148438,0.013819628395140171,0
mujoco,flat_forward,0,0,439,4.389999999999801,1.0,0.0,0.33370861078494185,0.041311758013499046,0.0018002842533886038,0.3581810006534172,-0.0053495274344920775,1.837308645248413,0.01148276962339878,0
mujoco,flat_forward,0,0,440,4.399999999999804,1.0,0.0,0.33370137922262527,0.04126467060317541,0.00177319168773442,0.3589139480644002,-0.020847060852643533,1.838722586631775,0.005497252102941275,0
mujoco,flat_forward,0,0,441,4.409999999999807,1.0,0.0,0.33369206577945304,0.04119760269898353,0.0017238556257088509,0.3590533212767453,-0.0054596790189727715,1.836890459060669,0.014120797626674175,0
mujoco,flat_forward,0,0,442,4.419999999999811,1.0,0.0,0.3336812857041542,0.04117843671213353,0.0016624623164522329,0.3597412262534332,-0.002757276854171524,1.8380954265594482,0.013574729673564434,0
mujoco,flat_forward,0,0,443,4.429999999999814,1.0,0.0,0.3336727542512248,0.041134015421797496,0.0016218052447540396,0.3604475188672911,-0.02061520538414084,1.8383114337921143,0.004889313597232103,0
mujoco,flat_forward,0,0,444,4.439999999999817,1.0,0.0,0.33366035108765213,0.04106046745799423,0.0015709242615081123,0.36061955428911324,-0.006668193103082523,1.8376374244689941,0.014619299210608006,0
mujoco,flat_forward,0,0,445,4.449999999999821,1.0,0.0,0.3336458582857216,0.04102742018002236,0.0015067816241021784,0.3613323556252219,-0.004807176336223292,1.839423418045044,0.013167179189622402,0
mujoco,flat_forward,0,0,446,4.459999999999824,1.0,0.0,0.3336336734280279,0.040971566968973756,0.0014640023068621894,0.3620582633268437,-0.023131212815219605,1.8392994403839111,0.0046048699878156185,0
mujoco,flat_forward,0,0,447,4.4699999999998274,1.0,0.0,0.333618905397149,0.0408926345041035,0.0014330282748945072,0.3620317372904758,-0.006442655075520034,1.8386732339859009,0.01505895797163248,0
mujoco,flat_forward,0,0,448,4.479999999999831,1.0,0.0,0.3336032147200873,0.040855508584753765,0.0013615336430517423,0.36284375207657665,-0.005585229230727219,1.840585708618164,0.0154182817786932,0
mujoco,flat_forward,0,0,449,4.489999999999834,1.0,0.0,0.3335898830563923,0.040792689622999125,0.001312224781645791,0.3635037748991448,-0.02352083972634042,1.8397774696350098,0.005927245132625103,0
mujoco,flat_forward,0,0,450,4.4999999999998375,1.0,0.0,0.3335773698639852,0.040721272452323466,0.0012946920890211796,0.3635005023560155,-0.005729693263177666,1.8401273488998413,0.013280226849019527,0
mujoco,flat_forward,0,0,451,4.509999999999841,1.0,0.0,0.33356565335067,0.0406913419889897,0.001230441734474044,0.3643471593663204,-0.005667955899937729,1.8420259952545166,0.014986349269747734,0
mujoco,flat_forward,0,0,452,4.519999999999844,1.0,0.0,0.3335555990033804,0.04062688798246886,0.0011890132083245111,0.364837898204989,-0.020885880142293825,1.8413410186767578,0.005252835340797901,0
mujoco,flat_forward,0,0,453,4.5299999999998475,1.0,0.0,0.33354838754143096,0.040560895385422485,0.0011813207116994262,0.36494990481664313,-0.0038207114509977752,1.8432762622833252,0.011917534284293652,0
mujoco,flat_forward,0,0,454,4.539999999999851,1.0,0.0,0.3335430658967153,0.040531882910683506,0.001129726405037677,0.365648130228642,-0.007861073264931694,1.8437460660934448,0.013876818120479584,0
mujoco,flat_forward,0,0,455,4.549999999999854,1.0,0.0,0.333539811495302,0.040452611398878895,0.001094466094555914,0.36604042300808687,-0.019367736790420188,1.8436800241470337,0.005442666355520487,0
mujoco,flat_forward,0,0,456,4.5599999999998575,1.0,0.0,0.3335403757875555,0.04038566278213933,0.0010836100772959848,0.36630805184126536,-0.0026773134476690513,1.8451838493347168,0.00974885281175375,0
mujoco,flat_forward,0,0,457,4.569999999999861,1.0,0.0,0.33354144024965193,0.04035712606976446,0.0010096312616928703,0.3671315286744559,-0.007532093740655613,1.8440182209014893,0.013635874725878239,0
mujoco,flat_forward,0,0,458,4.579999999999864,1.0,0.0,0.33354173413874366,0.04027138231412428,0.0009645670975843568,0.3673958365200624,-0.016299297914482234,1.8437508344650269,0.006463887635618448,0
mujoco,flat_forward,0,0,459,4.5899999999998675,1.0,0.0,0.3335455896644435,0.04020706602129214,0.0009472760376419044,0.36783423315747443,-0.0010213886642566155,1.8459630012512207,0.009604422375559807,0
mujoco,flat_forward,0,0,460,4.599999999999871,1.0,0.0,0.33354910842408575,0.04017645978865235,0.0008727104216973437,0.3685366539103354,-0.01033235441940886,1.8442938327789307,0.013119707815349102,0
mujoco,flat_forward,0,0,461,4.609999999999874,1.0,0.0,0.33355129920179605,0.04007533851105367,0.0008249193396737566,0.3687459718582937,-0.01516509795519318,1.8447530269622803,0.008654756471514702,0
mujoco,flat_forward,0,0,462,4.6199999999998775,1.0,0.0,0.33355751501513836,0.04000816014899977,0.0007960752424110011,0.3693674474080311,-0.0002913048685516074,1.8468267917633057,0.009102601557970047,0
mujoco,flat_forward,0,0,463,4.629999999999881,1.0,0.0,0.33356191894533727,0.03997642321482856,0.0006872369096964222,0.3702019338993698,-0.010372289940347472,1.844023585319519,0.013738284818828106,0
mujoco,flat_forward,0,0,464,4.639999999999884,1.0,0.0,0.33356289777330106,0.03986964905765878,0.0006249322864184031,0.3703020077375165,-0.012283685484034735,1.844495177268982,0.009734414517879486,0
mujoco,flat_forward,0,0,465,4.649999999999888,1.0,0.0,0.3335673995782108,0.03980105586445235,0.0005809463696220359,0.3711277021941958,0.0011396623774000837,1.8475228548049927,0.01033568661659956,0
mujoco,flat_forward,0,0,466,4.659999999999891,1.0,0.0,0.3335691811394752,0.03976433056578105,0.00047082031207838657,0.3718302924608355,-0.013286718641821366,1.844261884689331,0.014243921265006065,0
mujoco,flat_forward,0,0,467,4.669999999999894,1.0,0.0,0.3335670864931384,0.03964517965958548,0.0004096957357203502,0.3718963777794073,-0.011294502625580943,1.8457841873168945,0.012424204498529434,0
mujoco,flat_forward,0,0,468,4.679999999999898,1.0,0.0,0.33356832262628106,0.03957202106305108,0.0003471436034322994,0.37296440732615,0.0018817348650091825,1.8488142490386963,0.010788492858409882,0
mujoco,flat_forward,0,0,469,4.689999999999901,1.0,0.0,0.3335667962976593,0.03952480833807039,0.0002663493459011543,0.37333464313127335,-0.018767246879330162,1.8442586660385132,0.01618899591267109,0
mujoco,flat_forward,0,0,470,4.699999999999904,1.0,0.0,0.3335619913326247,0.039407856387859014,0.00022712677859743256,0.373170664654948,-0.008971138688371601,1.8470529317855835,0.016563909128308296,0
mujoco,flat_forward,0,0,471,4.709999999999908,1.0,0.0,0.33356072222419514,0.03934160396250635,0.00013240086160869446,0.37448331896399795,0.0019543118483610093,1.8493176698684692,0.01226523332297802,0
mujoco,flat_forward,0,0,472,4.719999999999911,1.0,0.0,0.3335572648505245,0.03928019014104202,2.6731372216411568e-05,0.3748244574923039,-0.020929990741055775,1.8433308601379395,0.016854140907526016,0
mujoco,flat_forward,0,0,473,4.729999999999914,1.0,0.0,0.3335486832386535,0.03915441506083775,-8.676879244491253e-06,0.37455580070834676,-0.00834118307556126,1.8463627099990845,0.017690623179078102,0
mujoco,flat_forward,0,0,474,4.739999999999918,1.0,0.0,0.33354060887550235,0.03908538371645137,-0.00012011330310324051,0.37588222567705826,-0.001468715242674602,1.8488847017288208,0.014379461295902729,0
mujoco,flat_forward,0,0,475,4.749999999999921,1.0,0.0,0.33352972251343493,0.03900243460069177,-0.00021426618195655238,0.3759993529101787,-0.02094983710142391,1.8439104557037354,0.015070761553943157,0
mujoco,flat_forward,0,0,476,4.759999999999924,1.0,0.0,0.33352000122968306,0.03890746293464333,-0.00021789506710171694,0.37589866070540884,-0.006952795539037885,1.8489620685577393,0.01752394624054432,0
mujoco,flat_forward,0,0,477,4.769999999999928,1.0,0.0,0.33351273708423623,0.038857105860943125,-0.0002972289287947377,0.37691332404527905,-0.007189876753025985,1.8501602411270142,0.01176118478178978,0
mujoco,flat_forward,0,0,478,4.779999999999931,1.0,0.0,0.3335046384541543,0.03874597893819461,-0.00033736376379241606,0.3768614399163321,-0.018936497334718888,1.8475509881973267,0.008400162681937218,0
mujoco,flat_forward,0,0,479,4.789999999999934,1.0,0.0,0.3335015517800135,0.038650133711198485,-0.00032982039220337333,0.3771301489620785,-0.005382954356394853,1.8521742820739746,0.013936201110482216,0
mujoco,flat_forward,0,0,480,4.799999999999938,1.0,0.0,0.33349908688960145,0.03860516645187795,-0.00042956731105039036,0.37815461209860746,-0.009998369856781576,1.8503037691116333,0.01189793273806572,0
mujoco,flat_forward,0,0,481,4.809999999999941,1.0,0.0,0.3334935548183152,0.03849090421909747,-0.0004599488369705017,0.37784908887056123,-0.014897332042168194,1.848515272140503,0.008916293270885944,0
mujoco,flat_forward,0,0,482,4.819999999999944,1.0,0.0,0.3334927098017034,0.03841071805672827,-0.00046231186442591087,0.37852561811413715,-0.0033120636027473066,1.853675127029419,0.014184724539518356,0
mujoco,flat_forward,0,0,483,4.829999999999948,1.0,0.0,0.33348922698607986,0.03837121904610439,-0.0005911009376552178,0.3795017041828497,-0.013023108348952848,1.8500981330871582,0.013450734317302704,0
mujoco,flat_forward,0,0,484,4.839999999999951,1.0,0.0,0.3334807455281783,0.038254060567553046,-0.0006111228867540581,0.3789748752701561,-0.011224841315267783,1.8495250940322876,0.010598807595670223,0
mujoco,flat_forward,0,0,485,4.849999999999954,1.0,0.0,0.3334764307822645,0.038178151518854654,-0.0006426184904769182,0.38004409745648343,-0.0016330404221985202,1.854975938796997,0.015663009136915207,0
mujoco,flat_forward,0,0,486,4.859999999999958,1.0,0.0,0.3334681256616647,0.038131086845499235,-0.0007586302785751268,0.3806667758697366,-0.019179948746422162,1.8496990203857422,0.016898538917303085,0
mujoco,flat_forward,0,0,487,4.869999999999961,1.0,0.0,0.3334552967435403,0.038008098753385275,-0.0007682662538397168,0.3800464434532603,-0.00968477053237039,1.8514281511306763,0.014787524938583374,0
mujoco,flat_forward,0,0,488,4.879999999999964,1.0,0.0,0.3334459246902122,0.03793320155609201,-0.0008600103828688655,0.38149389997878386,-0.0011472558726981572,1.8552556037902832,0.01506054773926735,0
mujoco,flat_forward,0,0,489,4.889999999999968,1.0,0.0,0.3334307647880938,0.037875131348854986,-0.000983897067031387,0.381435090664708,-0.020947540741562246,1.8480751514434814,0.021542837843298912,0
mujoco,flat_forward,0,0,490,4.899999999999971,1.0,0.0,0.33341547231613167,0.037792918845627986,-0.0009825350081516576,0.38113252251680035,-0.008272996895541469,1.8543559312820435,0.019915657117962837,0
mujoco,flat_forward,0,0,491,4.909999999999974,1.0,0.0,0.33340336162916656,0.03774434993560985,-0.0010890965767486058,0.3824940769634886,-0.004070924463212114,1.8558859825134277,0.010065785609185696,0
mujoco,flat_forward,0,0,492,4.919999999999978,1.0,0.0,0.3333867074921087,0.037655358359940244,-0.0011562089727234083,0.3821153024672456,-0.018222210756664074,1.850484848022461,0.015072545036673546,0
mujoco,flat_forward,0,0,493,4.929999999999981,1.0,0.0,0.3333740369708278,0.03756670531745264,-0.0011267736476543119,0.3822421125703969,-0.00646472250337088,1.8584237098693848,0.019762035459280014,0
mujoco,flat_forward,0,0,494,4.939999999999984,1.0,0.0,0.3333630220563472,0.037518334289681154,-0.0012317873776555729,0.3834068392210518,-0.009851095069712297,1.8564332723617554,0.010792061686515808,0
mujoco,flat_forward,0,0,495,4.949999999999988,1.0,0.0,0.33334816053937116,0.03740628455672266,-0.0012597584656848732,0.38289037674360166,-0.016863319241453158,1.8535701036453247,0.010584112256765366,0
mujoco,flat_forward,0,0,496,4.959999999999991,1.0,0.0,0.33333891286186196,0.03732284770718741,-0.001241472719885728,0.3835016091615918,-0.005670423235562642,1.8598058223724365,0.016935380175709724,0
mujoco,flat_forward,0,0,497,4.969999999999994,1.0,0.0,0.3333276668304559,0.03728011896766453,-0.0013782059565908256,0.3846536128450996,-0.013499980202967755,1.8555461168289185,0.013766025193035603,0
mujoco,flat_forward,0,0,498,4.979999999999998,1.0,0.0,0.33331102346886277,0.037181971677764325,-0.0013555459942801954,0.3837337473092608,-0.010491249850889551,1.8536986112594604,0.011302622966468334,0
mujoco,flat_forward,0,0,499,4.990000000000001,1.0,0.0,0.3332998030334451,0.03711833911880114,-0.0013642512684442047,0.3849442146290873,-0.0030441832596078437,1.860862374305725,0.01967592164874077,0
mujoco,flat_forward,0,0,500,5.000000000000004,1.0,0.0,0.33328459288754547,0.03707600881347765,-0.0014908168811328857,0.3856000108083247,-0.018523863114470646,1.8546949625015259,0.019055290147662163,0
mujoco,flat_forward,0,0,501,5.010000000000008,1.0,0.0,0.33326746838113663,0.0369936662058682,-0.0014349041746560104,0.38486292007130546,-0.009345912600222963,1.8570971488952637,0.0136422635987401,0
mujoco,flat_forward,0,0,502,5.020000000000011,1.0,0.0,0.3332553843472462,0.03693815682086046,-0.001483597480053918,0.38640311853343273,-0.0023940157911055706,1.8620736598968506,0.015471515245735645,0
mujoco,flat_forward,0,0,503,5.0300000000000145,1.0,0.0,0.3332369596763428,0.03689295054795745,-0.0015748521834815273,0.38605495803691,-0.014530508110805201,1.8544071912765503,0.02157813310623169,0
mujoco,flat_forward,0,0,504,5.040000000000018,1.0,0.0,0.3332229970065152,0.036841047838250346,-0.00151396441254208,0.38595728602375406,-0.006031825776082119,1.8628534078598022,0.020841386169195175,0
mujoco,flat_forward,0,0,505,5.050000000000021,1.0,0.0,0.33321405034951723,0.03680260731403683,-0.0016219968244405524,0.38746114987539626,-0.005441991564064748,1.8625298738479614,0.006987088825553656,0
mujoco,flat_forward,0,0,506,5.0600000000000245,1.0,0.0,0.33320068395061503,0.03671627156573403,-0.0016514975078646744,0.38658645575012573,-0.015639526318310882,1.8560163974761963,0.016386451199650764,0
mujoco,flat_forward,0,0,507,5.070000000000028,1.0,0.0,0.3331935836311438,0.03663721508202676,-0.001596196828388333,0.38704761996629755,-0.006404743588001673,1.8657957315444946,0.024098053574562073,0
mujoco,flat_forward,0,0,508,5.080000000000031,1.0,0.0,0.33318706594490366,0.03658618922852504,-0.00173895336525524,0.3883403623133961,-0.012436016877237057,1.8611372709274292,0.012868327088654041,0
mujoco,flat_forward,0,0,509,5.0900000000000345,1.0,0.0,0.3331751201791479,0.03647671992405215,-0.0017412627946700636,0.3874191104009079,-0.015119220190003476,1.8578121662139893,0.01231080200523138,0
mujoco,flat_forward,0,0,510,5.100000000000038,1.0,0.0,0.33316822410456787,0.03640064641970767,-0.0017311944145205651,0.38842061428069835,-0.005860441829236987,1.8652902841567993,0.021411359310150146,0
mujoco,flat_forward,0,0,511,5.110000000000041,1.0,0.0,0.3331580010126018,0.03635024289141398,-0.0018704985026852044,0.38927227954228466,-0.01838756026885179,1.8588162660598755,0.017817514017224312,0
mujoco,flat_forward,0,0,512,5.1200000000000445,1.0,0.0,0.3331465010841782,0.03627217893753722,-0.0017951448602427044,0.388346635892282,-0.011081767197974306,1.8599474430084229,0.011136757209897041,0
mujoco,flat_forward,0,0,513,5.130000000000048,1.0,0.0,0.3331409022761575,0.036218049126095574,-0.0018244456541208667,0.3898677936234063,-0.003771088278776598,1.8660337924957275,0.017749352380633354,0
mujoco,flat_forward,0,0,514,5.140000000000051,1.0,0.0,0.333129811499881,0.036174457485734265,-0.0019252233437370393,0.38965899176044777,-0.014889685188734163,1.858372449874878,0.021655051037669182,0
mujoco,flat_forward,0,0,515,5.1500000000000545,1.0,0.0,0.33312282232379065,0.03612380741931242,-0.0018518844085243938,0.3894841858776985,-0.00795605438446014,1.865814208984375,0.019454166293144226,0
mujoco,flat_forward,0,0,516,5.160000000000058,1.0,0.0,0.3331202448645612,0.03608507915134835,-0.001973508346570985,0.3913648104911027,-0.002976551370981541,1.8660138845443726,0.00645426893606782,0
mujoco,flat_forward,0,0,517,5.170000000000061,1.0,0.0,0.3331075941108277,0.036039903313644935,-0.002073948500970736,0.3904434255296987,-0.013873623796151991,1.8569213151931763,0.02334611676633358,0
mujoco,flat_forward,0,0,518,5.1800000000000646,1.0,0.0,0.33309797492303517,0.035991513536553534,-0.0020371801309795622,0.3908457978048906,-0.007069373537607792,1.8689550161361694,0.02790563367307186,0
mujoco,flat_forward,0,0,519,5.190000000000068,1.0,0.0,0.3330890359858353,0.035950860325911084,-0.002212682201821679,0.39238911166169044,-0.010808691524210483,1.865807294845581,0.010625708848237991,0
mujoco,flat_forward,0,0,520,5.200000000000071,1.0,0.0,0.33307425745265895,0.03586073091089781,-0.002195918406683942,0.39110587155188603,-0.012325378869831897,1.8608012199401855,0.015382281504571438,0
mujoco,flat_forward,0,0,521,5.210000000000075,1.0,0.0,0.33306592341257757,0.03578790580953328,-0.0021765731305985565,0.39224105212943805,-0.005581629471013968,1.8714649677276611,0.027743080630898476,0
mujoco,flat_forward,0,0,522,5.220000000000078,1.0,0.0,0.33305599885199233,0.03573364758399496,-0.0023185979252321556,0.39283388380727996,-0.017496493308155583,1.86360502243042,0.020210416987538338,0
mujoco,flat_forward,0,0,523,5.230000000000081,1.0,0.0,0.3330480578830504,0.035665632190159245,-0.002239835123979994,0.39204967959208975,-0.011610837381269178,1.8657387495040894,0.010768923908472061,0
mujoco,flat_forward,0,0,524,5.240000000000085,1.0,0.0,0.33304621568637255,0.03561262085041102,-0.002303945396699025,0.3936603028031681,-0.005015237236669736,1.8698866367340088,0.013568881899118423,0
mujoco,flat_forward,0,0,525,5.250000000000088,1.0,0.0,0.33303718582324726,0.035567559611411864,-0.0024123215888811837,0.3932023484966635,-0.014100832066164505,1.8609827756881714,0.022985288873314857,0
mujoco,flat_forward,0,0,526,5.260000000000091,1.0,0.0,0.333031928354625,0.035518379768926696,-0.0023478130772763392,0.3932218470222615,-0.009160441690003913,1.8705874681472778,0.022258540615439415,0
mujoco,flat_forward,0,0,527,5.270000000000095,1.0,0.0,0.3330293025513419,0.03547696540968116,-0.0025057452060651434,0.3950761281327794,-0.006943518121880319,1.869512677192688,0.006033321376889944,0
mujoco,flat_forward,0,0,528,5.280000000000098,1.0,0.0,0.33301877976050326,0.03541022642967065,-0.002505877787245106,0.3936095105094481,-0.013874624120736753,1.8605726957321167,0.022237861528992653,0
mujoco,flat_forward,0,0,529,5.290000000000101,1.0,0.0,0.3330137075805665,0.035348103769735156,-0.0024353022041452912,0.3944059787000093,-0.00966407273629328,1.8749767541885376,0.033827655017375946,0
mujoco,flat_forward,0,0,530,5.300000000000105,1.0,0.0,0.33300813383561073,0.0352975102928148,-0.002620509829721091,0.39589836019436825,-0.014288770898830572,1.8681377172470093,0.01689300499856472,0
mujoco,flat_forward,0,0,531,5.310000000000108,1.0,0.0,0.332998929041413,0.0352386809274618,-0.0025301013606798942,0.39449870645680996,-0.012298982070458936,1.864081621170044,0.010638691484928131,0
mujoco,flat_forward,0,0,532,5.320000000000111,1.0,0.0,0.33299567719250717,0.0351822278969637,-0.0024986350930503013,0.3958528033746482,-0.008543945377083332,1.8753818273544312,0.028021322563290596,0
mujoco,flat_forward,0,0,533,5.330000000000115,1.0,0.0,0.33298860076060555,0.03513062741487802,-0.0026229509936606843,0.3960199322569397,-0.01549972362842874,1.8667956590652466,0.02201720140874386,0
mujoco,flat_forward,0,0,534,5.340000000000118,1.0,0.0,0.33298583101020846,0.03507392548253409,-0.002521445530310445,0.3955720742960611,-0.012705178266071102,1.871870756149292,0.013776413165032864,0
mujoco,flat_forward,0,0,535,5.350000000000121,1.0,0.0,0.33298839710207273,0.03502124624817948,-0.0026199118893839705,0.3974146965341983,-0.00940880793974805,1.8736790418624878,0.007719411514699459,0
mujoco,flat_forward,0,0,536,5.360000000000125,1.0,0.0,0.3329817284943489,0.034974502028611104,-0.002703771496320083,0.39652325959111,-0.013402388455258943,1.8638354539871216,0.02408352494239807,0
mujoco,flat_forward,0,0,537,5.370000000000128,1.0,0.0,0.3329793284321778,0.03492477746885449,-0.0026409850719298763,0.3969710329848994,-0.01162137229849197,1.876143455505371,0.028304465115070343,0
mujoco,flat_forward,0,0,538,5.380000000000131,1.0,0.0,0.3329776848591548,0.034875970926341905,-0.0028508014207771935,0.3990249121026196,-0.012006186327772728,1.8718448877334595,0.010392562486231327,0
mujoco,flat_forward,0,0,539,5.390000000000135,1.0,0.0,0.3329664093809722,0.034804610190334935,-0.0028161591027639496,0.3972919797448995,-0.014835253997443884,1.8626240491867065,0.023189835250377655,0
mujoco,flat_forward,0,0,540,5.400000000000138,1.0,0.0,0.3329590881423416,0.0347333805739708,-0.0027736921594656854,0.39848437797658404,-0.014063666739085044,1.8783605098724365,0.03810315206646919,0
mujoco,flat_forward,0,0,541,5.410000000000141,1.0,0.0,0.33295000936661806,0.03467266240834398,-0.0029488018685568,0.3991022054304889,-0.014812746375445864,1.8696281909942627,0.02223057672381401,0
mujoco,flat_forward,0,0,542,5.420000000000145,1.0,0.0,0.33294452900295113,0.03461815584200144,-0.00285992521028833,0.39837451966658144,-0.01602459038576753,1.8712232112884521,0.006411394104361534,0
mujoco,flat_forward,0,0,543,5.430000000000148,1.0,0.0,0.3329454257912157,0.03455981365831293,-0.0029363333781940444,0.4000862657961025,-0.015240516684043552,1.8768779039382935,0.013371031731367111,0
mujoco,flat_forward,0,0,544,5.440000000000151,1.0,0.0,0.33293852717410655,0.03450658455895047,-0.003042861863529964,0.39938137078148633,-0.016838824766519836,1.8662174940109253,0.02441353350877762,0
mujoco,flat_forward,0,0,545,5.450000000000155,1.0,0.0,0.33293653046542915,0.03445052721418246,-0.0029799626931539167,0.39966777439946227,-0.01732839935885708,1.8774993419647217,0.025065282359719276,0
mujoco,flat_forward,0,0,546,5.460000000000158,1.0,0.0,0.33293572813311534,0.0343933342786933,-0.003183997214749539,0.40166540475305074,-0.014729796891316413,1.8740119934082031,0.00836242362856865,0
mujoco,flat_forward,0,0,547,5.470000000000161,1.0,0.0,0.33292699067072345,0.03435507344142482,-0.003151042922118582,0.3999569549641193,-0.015520206207299023,1.8658663034439087,0.021774334833025932,0
mujoco,flat_forward,0,0,548,5.480000000000165,1.0,0.0,0.33292313450392647,0.03430979637401112,-0.0031173468756631527,0.40109344233239025,-0.015292353837987483,1.882830262184143,0.03736070543527603,0
mujoco,flat_forward,0,0,549,5.490000000000168,1.0,0.0,0.3329168858949359,0.03425999570801573,-0.00332108695013484,0.40190904344056494,-0.012890450660724953,1.8738386631011963,0.022766413167119026,0
mujoco,flat_forward,0,0,550,5.500000000000171,1.0,0.0,0.3329110780972536,0.03421391714690217,-0.00325412276183136,0.4010513935583421,-0.015702488387733245,1.874517798423767,0.004029184579849243,0
mujoco,flat_forward,0,0,551,5.510000000000175,1.0,0.0,0.33291001557895994,0.034155264693583966,-0.0033320819689070034,0.4027065112332425,-0.016668068777748984,1.8816667795181274,0.016627460718154907,0
mujoco,flat_forward,0,0,552,5.520000000000178,1.0,0.0,0.33290140634909404,0.03410106725255933,-0.0034307559695636878,0.401957319974279,-0.013384695871908776,1.8706367015838623,0.025080395862460136,0
mujoco,flat_forward,0,0,553,5.530000000000181,1.0,0.0,0.33289793192104716,0.034048652307330146,-0.0033707399262363704,0.40224601852589287,-0.01681769507250888,1.8820815086364746,0.02548961155116558,0
mujoco,flat_forward,0,0,554,5.540000000000185,1.0,0.0,0.3328961448372083,0.033990175673926246,-0.0035597107779319938,0.4039337539626145,-0.013983742505733976,1.8783774375915527,0.008780146948993206,0
mujoco,flat_forward,0,0,555,5.550000000000188,1.0,0.0,0.3328884017174911,0.03395672623190006,-0.0035458566290204464,0.40257721616668674,-0.013999963752497926,1.8711705207824707,0.017538083717226982,0
mujoco,flat_forward,0,0,556,5.5600000000001915,1.0,0.0,0.3328858245296179,0.03390531189431671,-0.003528444099248655,0.4036940207068179,-0.017125731239529915,1.885655164718628,0.031524963676929474,0
mujoco,flat_forward,0,0,557,5.570000000000195,1.0,0.0,0.33287968283510994,0.033842682198467096,-0.0037240882275091478,0.4044825751979064,-0.010711268212307768,1.8767198324203491,0.021814757958054543,0
mujoco,flat_forward,0,0,558,5.580000000000198,1.0,0.0,0.3328728644625494,0.033798063582588425,-0.0036644051373107326,0.4036986097416691,-0.016715274037803395,1.8779487609863281,0.005384148098528385,0
mujoco,flat_forward,0,0,559,5.5900000000002015,1.0,0.0,0.33286982754217265,0.03372811708704543,-0.003745475253616998,0.40535545337195245,-0.020106725076322662,1.8848493099212646,0.016190573573112488,0
mujoco,flat_forward,0,0,560,5.600000000000205,1.0,0.0,0.33285862133448063,0.03366352079724888,-0.0038509878114227273,0.4046636781292873,-0.012165130612266614,1.8742191791534424,0.025064582005143166,0
mujoco,flat_forward,0,0,561,5.610000000000208,1.0,0.0,0.3328509946499915,0.0336078574074317,-0.0038035777828898817,0.40493488461559235,-0.018201133606830667,1.8846453428268433,0.024520643055438995,0
mujoco,flat_forward,0,0,562,5.6200000000002115,1.0,0.0,0.3328443038143333,0.03353506724753546,-0.003969745120888288,0.406376174747981,-0.014968225719972455,1.8816584348678589,0.008384952321648598,0
mujoco,flat_forward,0,0,563,5.630000000000215,1.0,0.0,0.3328336578122643,0.0334913384699982,-0.003948954397449504,0.40522475450129863,-0.016580201857504813,1.8760367631912231,0.013821405358612537,0
mujoco,flat_forward,0,0,564,5.640000000000218,1.0,0.0,0.3328289126131918,0.033421938209637285,-0.003948339553125572,0.40640906425627177,-0.021876348724043725,1.8881750106811523,0.026497075334191322,0
mujoco,flat_forward,0,0,565,5.6500000000002215,1.0,0.0,0.3328204000650789,0.03335028018074319,-0.004096835328825478,0.4067255121062519,-0.010367332633869682,1.8786629438400269,0.0224591251462698,0
mujoco,flat_forward,0,0,566,5.660000000000225,1.0,0.0,0.3328132926303038,0.03330695771806873,-0.004047694869400378,0.4062488944540818,-0.018608125936367594,1.8820544481277466,0.010729755274951458,0
mujoco,flat_forward,0,0,567,5.670000000000228,1.0,0.0,0.3328095288822642,0.033231089725510234,-0.004147128676305605,0.40782216535736227,-0.02275878115509632,1.8859837055206299,0.01039768848568201,0
mujoco,flat_forward,0,0,568,5.6800000000002315,1.0,0.0,0.3327998923370869,0.033179187903753064,-0.004207127303117921,0.4070317566980021,-0.011806204673409747,1.8770357370376587,0.020824691280722618,0
mujoco,flat_forward,0,0,569,5.690000000000235,1.0,0.0,0.33279380998994906,0.03312950593954628,-0.004163571954246333,0.407460378794601,-0.020003020712868767,1.888479471206665,0.025572407990694046,0
mujoco,flat_forward,0,0,570,5.700000000000238,1.0,0.0,0.3327870472704073,0.03305425026464509,-0.004291627172594694,0.40843374728909093,-0.012536608965645764,1.884768009185791,0.01108742505311966,0
mujoco,flat_forward,0,0,571,5.7100000000002415,1.0,0.0,0.3327781829530035,0.03301447221819394,-0.004274307002348463,0.4076813837562651,-0.016414882181338294,1.8827601671218872,0.009239640086889267,0
mujoco,flat_forward,0,0,572,5.720000000000245,1.0,0.0,0.3327745580453506,0.032941518408599685,-0.004307440647051601,0.4089363507721149,-0.024478724256434846,1.891103982925415,0.018656184896826744,0
mujoco,flat_forward,0,0,573,5.730000000000248,1.0,0.0,0.3327655173985084,0.032869233389793584,-0.00442402945958944,0.4088810298634339,-0.008882694819835502,1.8816730976104736,0.022393848747015,0
mujoco,flat_forward,0,0,574,5.740000000000252,1.0,0.0,0.33275714603889583,0.03282517577793246,-0.004408090205496713,0.40869651673642987,-0.019971465843105968,1.8866139650344849,0.01584262028336525,0
mujoco,flat_forward,0,0,575,5.750000000000255,1.0,0.0,0.33275042701475516,0.03274363515845271,-0.004515956624228632,0.40983136294827005,-0.020670329954467378,1.887714147567749,0.008197320625185966,0
mujoco,flat_forward,0,0,576,5.760000000000258,1.0,0.0,0.332740251887532,0.03269375723175913,-0.004556063796134629,0.4092570118268297,-0.014938960682991753,1.8826704025268555,0.012507186271250248,0
mujoco,flat_forward,0,0,577,5.770000000000262,1.0,0.0,0.33273496671421743,0.03263274873034065,-0.004541317673458838,0.4099032067010585,-0.02553953039230256,1.8915354013442993,0.01942037232220173,0
mujoco,flat_forward,0,0,578,5.780000000000265,1.0,0.0,0.3327265366475558,0.03255152501596019,-0.004657135018200372,0.41051060305467085,-0.01254923005336649,1.8856475353240967,0.01470257993787527,0
mujoco,flat_forward,0,0,579,5.790000000000268,1.0,0.0,0.3327147789100728,0.0325147530138154,-0.004678469924410908,0.41019639694890264,-0.018578976787210533,1.8857848644256592,0.010625407099723816,0
mujoco,flat_forward,0,0,580,5.800000000000272,1.0,0.0,0.3327054931941866,0.03244218013699957,-0.004751158196747796,0.41115200337264673,-0.024553530779421948,1.8906203508377075,0.012330797500908375,0
mujoco,flat_forward,0,0,581,5.810000000000275,1.0,0.0,0.3326951202652315,0.03239509451195493,-0.004811126521344875,0.4109381218327178,-0.009696083047543344,1.8856722116470337,0.013678168877959251,0
mujoco,flat_forward,0,0,582,5.820000000000278,1.0,0.0,0.3326890326016115,0.032357486420445454,-0.004799715413725067,0.4110333813131237,-0.023269749678022072,1.892026424407959,0.015745436772704124,0
mujoco,flat_forward,0,0,583,5.830000000000282,1.0,0.0,0.3326830823942751,0.032280429129842206,-0.00487440309724755,0.4115908303224679,-0.015862456122436225,1.8905340433120728,0.010299835354089737,0
mujoco,flat_forward,0,0,584,5.840000000000285,1.0,0.0,0.3326756304763714,0.03224489793006159,-0.004909686402755591,0.4116112826760876,-0.013507229490826157,1.889572262763977,0.008676287718117237,0
mujoco,flat_forward,0,0,585,5.850000000000288,1.0,0.0,0.33267084051319373,0.032185052231539966,-0.0049488148211789765,0.4124478047329012,-0.028058311334136197,1.893710970878601,0.009650846011936665,0
mujoco,flat_forward,0,0,586,5.860000000000292,1.0,0.0,0.33265991075708073,0.03211501973803998,-0.005015217662790419,0.41251804597816677,-0.008746609085003857,1.887839913368225,0.016797898337244987,0
mujoco,flat_forward,0,0,587,5.870000000000295,1.0,0.0,0.33264451023644154,0.032080524906934506,-0.005030416120417648,0.4124340461551636,-0.02243934673452156,1.8906567096710205,0.01608957350254059,0
mujoco,flat_forward,0,0,588,5.880000000000298,1.0,0.0,0.3326294309819746,0.031999831723786676,-0.005098615287579223,0.4129303930850385,-0.021191989680578144,1.8932303190231323,0.011905189603567123,0
mujoco,flat_forward,0,0,589,5.890000000000302,1.0,0.0,0.332615944620282,0.031956977824240146,-0.005142600735686913,0.4130876236575383,-0.013239511232804686,1.8918217420578003,0.0074700587429106236,0
mujoco,flat_forward,0,0,590,5.900000000000305,1.0,0.0,0.33260633248142607,0.0319090720307502,-0.005166088073062291,0.41355760707202593,-0.029556361160221613,1.8949099779129028,0.008654585108160973,0
mujoco,flat_forward,0,0,591,5.910000000000308,1.0,0.0,0.33259315863915545,0.03183317179687653,-0.005225988563101722,0.41365946680366134,-0.013679425633406942,1.8907947540283203,0.01397352758795023,0
mujoco,flat_forward,0,0,592,5.920000000000312,1.0,0.0,0.3325763406539789,0.03179991785510546,-0.005275134507773178,0.41398894895166977,-0.01846865589193419,1.892189621925354,0.01315869390964508,0
mujoco,flat_forward,0,0,593,5.930000000000315,1.0,0.0,0.33255940726090083,0.0317272011743939,-0.005326033726597755,0.41435598144434344,-0.024180026142734557,1.8942089080810547,0.0076604364439845085,0
mujoco,flat_forward,0,0,594,5.940000000000318,1.0,0.0,0.3325441390470811,0.031684334157356546,-0.005367246607486506,0.4148538242058499,-0.00852497796118306,1.8937350511550903,0.006167992018163204,0
mujoco,flat_forward,0,0,595,5.950000000000322,1.0,0.0,0.33252862167105174,0.031653720528302356,-0.005390784340502198,0.4149545230792,-0.02800182538346363,1.8939281702041626,0.009884214028716087,0
mujoco,flat_forward,0,0,596,5.960000000000325,1.0,0.0,0.3325102801127864,0.031571418755196236,-0.005418682232083972,0.4150215899571933,-0.01872855310434225,1.894515037536621,0.013723533600568771,0
mujoco,flat_forward,0,0,597,5.970000000000328,1.0,0.0,0.33249220626175136,0.03152921944156318,-0.005460290170167438,0.4154733891255831,-0.017824476502403236,1.8965930938720703,0.00995105504989624,0
mujoco,flat_forward,0,0,598,5.980000000000332,1.0,0.0,0.3324760208512844,0.0314642356520917,-0.005487499749128299,0.41569630446076816,-0.02957240437151353,1.8966647386550903,0.0052984473295509815,0
mujoco,flat_forward,0,0,599,5.990000000000335,1.0,0.0,0.3324631026488937,0.03141681970878174,-0.005500326999836629,0.41601094338496697,-0.011376389450365463,1.8965504169464111,0.007991261780261993,0
mujoco,flat_forward,0,0,600,6.000000000000338,1.0,0.0,0.33244909778893406,0.03139282386711648,-0.005537487335321337,0.4162333579084996,-0.026983007217739195,1.8961132764816284,0.012587363831698895,0
mujoco,flat_forward,0,0,601,6.010000000000342,1.0,0.0,0.3324342215377897,0.03131807200598386,-0.005549652299688451,0.41602930892124546,-0.020079909252848766,1.8969719409942627,0.01250293105840683,0
mujoco,flat_forward,0,0,602,6.020000000000345,1.0,0.0,0.33242291085444364,0.03128080253181726,-0.005606681301802512,0.4167532522072751,-0.013821389660476722,1.899143934249878,0.00913537759333849,0
mujoco,flat_forward,0,0,603,6.030000000000348,1.0,0.0,0.3324122990131404,0.03123325978000813,-0.005644455790095208,0.41664485462436307,-0.029015180312824802,1.8968310356140137,0.008450926281511784,0
mujoco,flat_forward,0,0,604,6.040000000000352,1.0,0.0,0.3324058692007704,0.031194733611332404,-0.005638443898468778,0.41674484322067007,-0.01311847329175437,1.89879310131073,0.01125224120914936,0
mujoco,flat_forward,0,0,605,6.050000000000355,1.0,0.0,0.3323990402410669,0.03117629631430958,-0.005707765766644863,0.41723612178267766,-0.02402927156818983,1.8989921808242798,0.01112617738544941,0
mujoco,flat_forward,0,0,606,6.060000000000358,1.0,0.0,0.3323900255158166,0.031098245895003034,-0.005732862114499823,0.4169642457695236,-0.024062613658458284,1.8984109163284302,0.010280687361955643,0
mujoco,flat_forward,0,0,607,6.070000000000362,1.0,0.0,0.3323834343686702,0.031054928599425095,-0.005794000810958897,0.4180016213117533,-0.0101332703684843,1.9013348817825317,0.008899514563381672,0
mujoco,flat_forward,0,0,608,6.080000000000365,1.0,0.0,0.33236952865559616,0.031027188687756613,-0.005884060090818202,0.4179282889155855,-0.028873843813316324,1.8953888416290283,0.0169692300260067,0
mujoco,flat_forward,0,0,609,6.0900000000003685,1.0,0.0,0.33235507846503165,0.030995810964243347,-0.0058730391709915,0.4176925195121213,-0.015489869375554115,1.900586485862732,0.016591409221291542,0
mujoco,flat_forward,0,0,610,6.100000000000372,1.0,0.0,0.33234223934563784,0.030979906073365232,-0.005953074081243432,0.41846214382728236,-0.020146504252177413,1.9034115076065063,0.009561693295836449,0
mujoco,flat_forward,0,0,611,6.110000000000375,1.0,0.0,0.33232892477194587,0.03091906304857019,-0.005961198443280199,0.41783336226367906,-0.022850084154317152,1.9009581804275513,0.009893862530589104,0
mujoco,flat_forward,0,0,612,6.1200000000003785,1.0,0.0,0.3323223024508763,0.03088312739291958,-0.005978388677132171,0.4186885846977598,-0.010656597187759088,1.9059449434280396,0.013210287317633629,0
mujoco,flat_forward,0,0,613,6.130000000000382,1.0,0.0,0.33231242765042196,0.03085886445049489,-0.006060858995924345,0.4186955098508085,-0.027793379920594056,1.8994741439819336,0.01652609556913376,0
mujoco,flat_forward,0,0,614,6.140000000000385,1.0,0.0,0.33230519404136455,0.030826585810146828,-0.006021433169065758,0.4182403929422306,-0.016300726566195002,1.9031102657318115,0.013810764998197556,0
mujoco,flat_forward,0,0,615,6.1500000000003885,1.0,0.0,0.33230103914402986,0.030810844367248878,-0.006119184639969224,0.41936276860535326,-0.015394029231283505,1.9056438207626343,0.008693049661815166,0
mujoco,flat_forward,0,0,616,6.160000000000392,1.0,0.0,0.33229288996258366,0.030764344236969762,-0.006156900918401782,0.4186451100474329,-0.024283736105001164,1.8996202945709229,0.014191371388733387,0
mujoco,flat_forward,0,0,617,6.170000000000395,1.0,0.0,0.3322888007417399,0.03073225158838094,-0.0061462246598995764,0.41922435143575937,-0.014004436208292809,1.9071271419525146,0.017647329717874527,0
mujoco,flat_forward,0,0,618,6.1800000000003985,1.0,0.0,0.33228078893543406,0.03071066113790502,-0.006260350530438357,0.4198195465492527,-0.028105352361866717,1.9025198221206665,0.013252678327262402,0
mujoco,flat_forward,0,0,619,6.190000000000402,1.0,0.0,0.33227243495238434,0.03066865283820884,-0.006195691094102527,0.41894793547432885,-0.018854607228498747,1.903105616569519,0.010156173259019852,0
mujoco,flat_forward,0,0,620,6.200000000000405,1.0,0.0,0.3322681381597639,0.03064535234053489,-0.006260657523946196,0.4204247911894003,-0.011869751854625948,1.9093267917633057,0.014955000020563602,0
mujoco,flat_forward,0,0,621,6.2100000000004085,1.0,0.0,0.3322591406394459,0.030612634055568955,-0.006278749972986838,0.41932770804227554,-0.0229168886864263,1.8989770412445068,0.022388122975826263,0
mujoco,flat_forward,0,0,622,6.220000000000412,1.0,0.0,0.3322563379298091,0.030587473718988067,-0.006203635359774885,0.41978064260110415,-0.015852505465377715,1.909986138343811,0.02587704174220562,0
mujoco,flat_forward,0,0,623,6.230000000000415,1.0,0.0,0.3322533378951969,0.030569550839310282,-0.006326153640230154,0.4207330595980962,-0.025049444794235282,1.9059457778930664,0.011788537725806236,0
mujoco,flat_forward,0,0,624,6.2400000000004185,1.0,0.0,0.3322507227475122,0.030536307474458,-0.006224181728259332,0.41954587618282196,-0.019200962176757173,1.9029461145401,0.008380607701838017,0
mujoco,flat_forward,0,0,625,6.250000000000422,1.0,0.0,0.33225383423422766,0.030514910190456507,-0.006243387337876322,0.4210578985871723,-0.012599254418437162,1.9127589464187622,0.02103145606815815,0
mujoco,flat_forward,0,0,626,6.260000000000425,1.0,0.0,0.3322502703379362,0.0304919079235323,-0.006323402619561651,0.4203890353017541,-0.024404974642279507,1.9010324478149414,0.025333590805530548,0
mujoco,flat_forward,0,0,627,6.270000000000429,1.0,0.0,0.3322507009159577,0.03046463950402998,-0.0062577596826795924,0.4204952930455856,-0.018696605946167556,1.9105656147003174,0.021909762173891068,0
mujoco,flat_forward,0,0,628,6.280000000000432,1.0,0.0,0.3322511850744459,0.030442157260382168,-0.006423834884565342,0.4220115961162704,-0.022632195655219078,1.9090601205825806,0.005958435591310263,0
mujoco,flat_forward,0,0,629,6.290000000000435,1.0,0.0,0.3322459084165092,0.030399071810578243,-0.006366423208207954,0.420484322052925,-0.02125698873358153,1.9004921913146973,0.018485426902770996,0
mujoco,flat_forward,0,0,630,6.300000000000439,1.0,0.0,0.33224495155092987,0.030367015485414105,-0.006367370015619014,0.4218509953379555,-0.017157958639620528,1.9141489267349243,0.03050319477915764,0
mujoco,flat_forward,0,0,631,6.310000000000442,1.0,0.0,0.3322386475520499,0.030341633959395105,-0.006486407933895308,0.4215343201395887,-0.02358033539518534,1.9025169610977173,0.025470726191997528,0
mujoco,flat_forward,0,0,632,6.320000000000445,1.0,0.0,0.33223731995104594,0.030313854167202895,-0.006406743184479242,0.4214387012470473,-0.02115264178539985,1.9099645614624023,0.017423992976546288,0
mujoco,flat_forward,0,0,633,6.330000000000449,1.0,0.0,0.3322376135248099,0.03028742728932727,-0.006576109162652498,0.4233391094602308,-0.020416970394039155,1.9110865592956543,0.002280613873153925,0
mujoco,flat_forward,0,0,634,6.340000000000452,1.0,0.0,0.3322294822371446,0.030255530741344266,-0.0065264284648755425,0.4215405241628694,-0.02277126286491596,1.8976805210113525,0.026899714022874832,0
mujoco,flat_forward,0,0,635,6.350000000000455,1.0,0.0,0.33222512904352824,0.03021940783883849,-0.006490840682418987,0.42275510245779724,-0.022467941970192373,1.9157369136810303,0.0380619540810585,0
mujoco,flat_forward,0,0,636,6.360000000000459,1.0,0.0,0.33221682954752035,0.03018813439499159,-0.006645486037042462,0.422869058803816,-0.022652959417107314,1.9051575660705566,0.024621274322271347,0
mujoco,flat_forward,0,0,637,6.370000000000462,1.0,0.0,0.3322124255805606,0.030160357375377065,-0.006560424626871204,0.42246339604221456,-0.024226202808474945,1.9094178676605225,0.010326596908271313,0
mujoco,flat_forward,0,0,638,6.380000000000465,1.0,0.0,0.3322107527957149,0.03012634496737527,-0.006697504824108701,0.42439886792409753,-0.023318094541044984,1.9143413305282593,0.008904548361897469,0
mujoco,flat_forward,0,0,639,6.390000000000469,1.0,0.0,0.33219942361617494,0.030095684211509943,-0.006681575064950182,0.4225780674614813,-0.025518504800876075,1.899766445159912,0.03028416447341442,0
mujoco,flat_forward,0,0,640,6.400000000000472,1.0,0.0,0.3321923072515781,0.030058744300492234,-0.0066601585701535244,0.4236562029347545,-0.02616911041172342,1.9176565408706665,0.037288106977939606,0
mujoco,flat_forward,0,0,641,6.410000000000475,1.0,0.0,0.332182012445819,0.03002370651997987,-0.006837358921328873,0.4239404212896846,-0.023102714754195557,1.9070767164230347,0.024898746982216835,0
mujoco,flat_forward,0,0,642,6.420000000000479,1.0,0.0,0.33217425864465155,0.029996157043405212,-0.0067685594169961056,0.42338231407363663,-0.026455164677932592,1.9094432592391968,0.006962674669921398,0
mujoco,flat_forward,0,0,643,6.430000000000482,1.0,0.0,0.3321694417349036,0.029959176655361366,-0.006889755473436991,0.4250456325794368,-0.025187894173807908,1.915841817855835,0.012196972034871578,0
mujoco,flat_forward,0,0,644,6.440000000000485,1.0,0.0,0.3321579281528871,0.029941054112039914,-0.006888727034031638,0.42362446306974977,-0.02087584312447823,1.9024052619934082,0.027093196287751198,0
mujoco,flat_forward,0,0,645,6.450000000000489,1.0,0.0,0.3321520301900898,0.02991671690103216,-0.006839421961860383,0.42449401943270815,-0.024832258952130995,1.9200215339660645,0.034005071967840195,0
mujoco,flat_forward,0,0,646,6.460000000000492,1.0,0.0,0.33214370380296415,0.02989157680655796,-0.006983213238212542,0.42498926625506545,-0.014888936715164293,1.9119970798492432,0.020412683486938477,0
mujoco,flat_forward,0,0,647,6.470000000000495,1.0,0.0,0.3321368423045445,0.029878429374338204,-0.006904649967184254,0.4242785559844777,-0.022931008557970232,1.9124526977539062,0.00873866118490696,0
mujoco,flat_forward,0,0,648,6.480000000000499,1.0,0.0,0.3321336737963112,0.029844936207929787,-0.006990337044747819,0.4258432961147745,-0.026199541251052567,1.9209390878677368,0.01690291240811348,0
mujoco,flat_forward,0,0,649,6.490000000000502,1.0,0.0,0.3321251332293007,0.02982408124529208,-0.00699828266354637,0.4245608608367371,-0.020577900205870758,1.9079457521438599,0.026875684037804604,0
mujoco,flat_forward,0,0,650,6.500000000000505,1.0,0.0,0.3321227916919515,0.029792139189131227,-0.006935721510740981,0.42525296803587476,-0.02677742601695747,1.9236043691635132,0.031603261828422546,0
mujoco,flat_forward,0,0,651,6.510000000000509,1.0,0.0,0.332119114390273,0.02975368031333056,-0.007067683662121448,0.425918673442419,-0.014911994277930087,1.91621994972229,0.017947567626833916,0
mujoco,flat_forward,0,0,652,6.520000000000512,1.0,0.0,0.3321155625969276,0.029734432837879732,-0.006993141124869163,0.4251014311571893,-0.023798075084697924,1.9137685298919678,0.010730964131653309,0
mujoco,flat_forward,0,0,653,6.530000000000515,1.0,0.0,0.3321153810664126,0.02969238661637924,-0.0070539921407296625,0.42658459987230873,-0.02910661399497546,1.9231570959091187,0.019568176940083504,0
mujoco,flat_forward,0,0,654,6.540000000000519,1.0,0.0,0.33211079698307844,0.02966484102589291,-0.0070774817410110364,0.42550521179233175,-0.020726438122216993,1.9100940227508545,0.026345454156398773,0
mujoco,flat_forward,0,0,655,6.550000000000522,1.0,0.0,0.3321124011952722,0.029629046375115632,-0.007014329046831623,0.4260343633276703,-0.028822870719885083,1.9237937927246094,0.028849119320511818,0
mujoco,flat_forward,0,0,656,6.560000000000525,1.0,0.0,0.3321132618629257,0.02958417438016314,-0.007137895442751194,0.4268002688183975,-0.016290872049293133,1.9178904294967651,0.0151603352278471,0
mujoco,flat_forward,0,0,657,6.570000000000529,1.0,0.0,0.3321118405223494,0.02957297395965808,-0.007106980765871576,0.4260646370352815,-0.02417034804291105,1.914310097694397,0.013615002855658531,0
mujoco,flat_forward,0,0,658,6.580000000000532,1.0,0.0,0.33211281476406984,0.029537310742745074,-0.007185531701066244,0.4274289278134105,-0.030487461944580227,1.9241321086883545,0.020344682037830353,0
mujoco,flat_forward,0,0,659,6.590000000000535,1.0,0.0,0.3321087841458509,0.02951490632088727,-0.007266343506984268,0.4268135223411687,-0.01598970177915622,1.9120702743530273,0.025238504633307457,0
mujoco,flat_forward,0,0,660,6.600000000000539,1.0,0.0,0.33210720626338186,0.029490184773170544,-0.007239323642299789,0.4271150227285879,-0.026864106685766574,1.922846794128418,0.023802414536476135,0
mujoco,flat_forward,0,0,661,6.610000000000542,1.0,0.0,0.33210487177742204,0.02945353849321224,-0.007318584298309445,0.4275854523350931,-0.01413080917382544,1.9205272197723389,0.011433443985879421,0
mujoco,flat_forward,0,0,662,6.6200000000005454,1.0,0.0,0.3321029388487686,0.029454209930745868,-0.007307787176280008,0.42712226248166413,-0.021351478559861307,1.9186407327651978,0.013407772406935692,0
mujoco,flat_forward,0,0,663,6.630000000000549,1.0,0.0,0.33210535363390464,0.029421341474666834,-0.007370430019887445,0.4280658909875417,-0.02794579260974249,1.9267617464065552,0.016870668157935143,0
mujoco,flat_forward,0,0,664,6.640000000000552,1.0,0.0,0.33210674123046274,0.02940119929652608,-0.007422718588673463,0.42762120804779996,-0.015364463549734073,1.917444109916687,0.01874685287475586,0
mujoco,flat_forward,0,0,665,6.6500000000005555,1.0,0.0,0.33211305444107536,0.029372737403242397,-0.007407075228098176,0.42787793798662715,-0.028653344153508908,1.925816297531128,0.019156990572810173,0
mujoco,flat_forward,0,0,666,6.660000000000559,1.0,0.0,0.3321180882795453,0.02932570718268372,-0.00749378909522275,0.4283067558878332,-0.016517965871883863,1.922329306602478,0.013027414679527283,0
mujoco,flat_forward,0,0,667,6.670000000000562,1.0,0.0,0.332120229618838,0.029314417922612274,-0.00751804615061073,0.4280874856442494,-0.02111405403049673,1.9203534126281738,0.012973603792488575,0
mujoco,flat_forward,0,0,668,6.6800000000005655,1.0,0.0,0.3321234932341593,0.02927291151531827,-0.007588036170328994,0.4289231988107735,-0.02945699575390148,1.927058458328247,0.013868065550923347,0
mujoco,flat_forward,0,0,669,6.690000000000569,1.0,0.0,0.33212381790139167,0.02924561433351496,-0.0076459818022151195,0.4287005461977557,-0.014644545985111343,1.9196680784225464,0.01578509621322155,0
mujoco,flat_forward,0,0,670,6.700000000000572,1.0,0.0,0.3321263184467407,0.029214261118712993,-0.007639662920352127,0.42886493630748157,-0.030100470697369187,1.9262813329696655,0.016990892589092255,0
mujoco,flat_forward,0,0,671,6.7100000000005755,1.0,0.0,0.3321279433001681,0.029162379733227512,-0.007681620067596909,0.4290147449251305,-0.016251479292543648,1.9242606163024902,0.012500109151005745,0
mujoco,flat_forward,0,0,672,6.720000000000579,1.0,0.0,0.3321287189374341,0.02914898931755132,-0.007700765796502243,0.42909572186866013,-0.020121945318669503,1.9235948324203491,0.013121167197823524,0
mujoco,flat_forward,0,0,673,6.730000000000582,1.0,0.0,0.3321309749996527,0.029101025473797105,-0.007744652040191051,0.4296185331780007,-0.028249063585111082,1.9280102252960205,0.010660101659595966,0
mujoco,flat_forward,0,0,674,6.7400000000005855,1.0,0.0,0.33213273582702985,0.02907202344085214,-0.007780033946834975,0.4297686730602091,-0.012932885147838762,1.9234296083450317,0.010382997803390026,0
mujoco,flat_forward,0,0,675,6.750000000000589,1.0,0.0,0.3321355364838243,0.02904239806835701,-0.007783423325555812,0.42989281525485895,-0.031721276476005235,1.926848292350769,0.01283847726881504,0
mujoco,flat_forward,0,0,676,6.760000000000592,1.0,0.0,0.33213598415199,0.02897618006549225,-0.007818621698336675,0.4300363285297589,-0.020007786819214998,1.9254790544509888,0.014074045233428478,0
mujoco,flat_forward,0,0,677,6.7700000000005955,1.0,0.0,0.33213468927304035,0.02894700018008723,-0.007852093227592085,0.43035107686981755,-0.021521748664146856,1.9256230592727661,0.011757354252040386,0
mujoco,flat_forward,0,0,678,6.780000000000599,1.0,0.0,0.3321337134896969,0.02888804495895865,-0.007878271399603518,0.4305716296903644,-0.028444566524468893,1.9282070398330688,0.007783801760524511,0
mujoco,flat_forward,0,0,679,6.790000000000602,1.0,0.0,0.3321349665108592,0.02885411176598561,-0.00790088207320891,0.4310323787836451,-0.012005695489172694,1.9266963005065918,0.006692604627460241,0
mujoco,flat_forward,0,0,680,6.800000000000606,1.0,0.0,0.33213616393790607,0.02882481740347176,-0.0079168154339379,0.4311490667585848,-0.03355713312894363,1.926666021347046,0.011381858959794044,0
mujoco,flat_forward,0,0,681,6.810000000000609,1.0,0.0,0.3321345566656451,0.02875213998572539,-0.007925132395007334,0.4310597781017511,-0.02129838688118501,1.9266947507858276,0.015616696327924728,0
mujoco,flat_forward,0,0,682,6.820000000000612,1.0,0.0,0.3321326869381171,0.02871403036625969,-0.007961269589223656,0.4314574152492759,-0.0250822395081247,1.9281178712844849,0.012309025973081589,0
mujoco,flat_forward,0,0,683,6.830000000000616,1.0,0.0,0.33213206378954574,0.0286385100111313,-0.00798109755600715,0.43144167093676045,-0.03069925456858311,1.9288294315338135,0.007246327120810747,0
mujoco,flat_forward,0,0,684,6.840000000000619,1.0,0.0,0.3321352551212696,0.028595067111544862,-0.00801445450794382,0.43218800234853577,-0.013620580458654274,1.9285866022109985,0.006896554492413998,0
mujoco,flat_forward,0,0,685,6.850000000000622,1.0,0.0,0.3321339305464818,0.028569249936531836,-0.008076963928513328,0.43228463738884493,-0.03379712152183629,1.9258208274841309,0.01445140689611435,0
mujoco,flat_forward,0,0,686,6.860000000000626,1.0,0.0,0.3321319370788908,0.02853204050281015,-0.008073095637737478,0.431965082131148,-0.018317544193355535,1.9287657737731934,0.016071371734142303,0
mujoco,flat_forward,0,0,687,6.870000000000629,1.0,0.0,0.3321309445077795,0.028515622971352544,-0.00814886443106943,0.43269687305813853,-0.021506515249637814,1.9316608905792236,0.011997835710644722,0
mujoco,flat_forward,0,0,688,6.880000000000632,1.0,0.0,0.3321287771146605,0.028443874217680576,-0.00818363366762976,0.4324280461746928,-0.02662717481759246,1.9305344820022583,0.008910504169762135,0
mujoco,flat_forward,0,0,689,6.890000000000636,1.0,0.0,0.3321300355209155,0.028399601931481125,-0.008229003836640814,0.43327459127135287,-0.012881751372978721,1.9337495565414429,0.009746050462126732,0
mujoco,flat_forward,0,0,690,6.900000000000639,1.0,0.0,0.3321263264706941,0.028369307495967253,-0.00830291022766319,0.4331656893355736,-0.03226688680015069,1.9294191598892212,0.015262421220541,0
mujoco,flat_forward,0,0,691,6.910000000000642,1.0,0.0,0.3321237121532216,0.02833429405875042,-0.008295008302797962,0.43294057608713843,-0.018321248844131593,1.9335272312164307,0.016157103702425957,0
mujoco,flat_forward,0,0,692,6.920000000000646,1.0,0.0,0.33212233402329205,0.028315813836004067,-0.008391328974735946,0.4337590386186433,-0.023299793963651665,1.9352872371673584,0.010383212938904762,0
mujoco,flat_forward,0,0,693,6.930000000000649,1.0,0.0,0.33211843020604886,0.028236970782042674,-0.008426697273951197,0.43330457724851257,-0.02562599525014259,1.9322248697280884,0.010239186696708202,0
mujoco,flat_forward,0,0,694,6.940000000000652,1.0,0.0,0.33211775696586654,0.028189140375809805,-0.008482197265378518,0.4342862394897011,-0.01374462546992958,1.936619758605957,0.011613884940743446,0
mujoco,flat_forward,0,0,695,6.950000000000656,1.0,0.0,0.33211083701145533,0.02815534903318535,-0.008564256210472047,0.4339997438664739,-0.031216820969113268,1.9301098585128784,0.017799846827983856,0
mujoco,flat_forward,0,0,696,6.960000000000659,1.0,0.0,0.33210556503715166,0.028123152331968312,-0.008553135584432093,0.43392510014309843,-0.01932357730626183,1.9357433319091797,0.016608739271759987,0
mujoco,flat_forward,0,0,697,6.970000000000662,1.0,0.0,0.3321003707476933,0.028104221540520002,-0.008670458776985928,0.4348377568324003,-0.026034644871363224,1.936631202697754,0.008422828279435635,0
mujoco,flat_forward,0,0,698,6.980000000000666,1.0,0.0,0.3320918736529125,0.02803660983175676,-0.008667117886408802,0.43393449184753796,-0.022319177006496056,1.9324318170547485,0.012372543103992939,0
mujoco,flat_forward,0,0,699,6.990000000000669,1.0,0.0,0.3320873524035305,0.027997462762628662,-0.008728961769345397,0.435211934968661,-0.013514392978787584,1.9393919706344604,0.016590865328907967,0
mujoco,flat_forward,0,0,700,7.000000000000672,1.0,0.0,0.33207608814332334,0.02796796810893134,-0.008808564147573717,0.434423045215314,-0.026569591421600577,1.9300419092178345,0.022904451936483383,0
mujoco,flat_forward,0,0,701,7.010000000000676,1.0,0.0,0.33206846656670425,0.02794476924912678,-0.008785619495022951,0.43466261720692007,-0.018821464043568523,1.9386295080184937,0.020204365253448486,0
mujoco,flat_forward,0,0,702,7.020000000000679,1.0,0.0,0.3320594775972177,0.027926359354420883,-0.00892365931134157,0.43562440362275034,-0.028716577944500485,1.937289834022522,0.010047847405076027,0
mujoco,flat_forward,0,0,703,7.030000000000682,1.0,0.0,0.33204386479295256,0.02785410614709561,-0.008912886297726165,0.43459673127086795,-0.023396688092617485,1.9321295022964478,0.014510559849441051,0
mujoco,flat_forward,0,0,704,7.040000000000686,1.0,0.0,0.33202923295586306,0.027807611139193517,-0.008997819600499763,0.4360173915236189,-0.016805243599962844,1.940581202507019,0.01898362673819065,0
mujoco,flat_forward,0,0,705,7.050000000000689,1.0,0.0,0.33200523560468814,0.027771422994952364,-0.009070984766003395,0.43501729841171527,-0.027487247981708048,1.9292441606521606,0.02637277916073799,0
mujoco,flat_forward,0,0,706,7.060000000000692,1.0,0.0,0.33198459615190473,0.027741178821833683,-0.009040817442595625,0.43545697301592057,-0.02190897708594896,1.9400031566619873,0.02307749353349209,0
mujoco,flat_forward,0,0,707,7.070000000000696,1.0,0.0,0.33196128294454685,0.027715169721955965,-0.009175790226944463,0.4361322663457692,-0.028222957139849163,1.9369087219238281,0.012595077976584435,0
mujoco,flat_forward,0,0,708,7.080000000000699,1.0,0.0,0.33193779548197977,0.02768172822974695,-0.009089333297251295,0.43520153771309406,-0.022519213209825494,1.9341998100280762,0.007553841918706894,0
mujoco,flat_forward,0,0,709,7.090000000000702,1.0,0.0,0.3319183289198389,0.027654336447678958,-0.009154881967447527,0.43679065684028023,-0.018412195842747187,1.942956566810608,0.01582465134561062,0
mujoco,flat_forward,0,0,710,7.100000000000706,1.0,0.0,0.33188946435850825,0.02762885964885679,-0.009160892880865234,0.435349172856057,-0.023471973077427977,1.9301220178604126,0.028800949454307556,0
mujoco,flat_forward,0,0,711,7.110000000000709,1.0,0.0,0.33186593142670073,0.027606564700943498,-0.009110467689735622,0.4361097325247466,-0.021197802767606785,1.9446908235549927,0.029286131262779236,0
mujoco,flat_forward,0,0,712,7.120000000000712,1.0,0.0,0.33183981411806884,0.027583282469558733,-0.009229903543991991,0.43628245152314593,-0.02361829517794089,1.9381303787231445,0.01932770013809204,0
mujoco,flat_forward,0,0,713,7.130000000000716,1.0,0.0,0.3318171334186199,0.02755975907783187,-0.009124480381609172,0.4356722935466776,-0.022275229513175045,1.9384773969650269,0.005799810402095318,0
mujoco,flat_forward,0,0,714,7.140000000000719,1.0,0.0,0.3317980653917991,0.02753388030995976,-0.009212633523042227,0.4373866589801926,-0.021220543840296348,1.9448966979980469,0.010484245605766773,0
mujoco,flat_forward,0,0,715,7.1500000000007224,1.0,0.0,0.3317683591783316,0.027512995872799775,-0.00917018377806893,0.4355720164715489,-0.02209683374079715,1.9303112030029297,0.03103603795170784,0
mujoco,flat_forward,0,0,716,7.160000000000726,1.0,0.0,0.3317427253846372,0.027489528905039654,-0.009131507560661157,0.4365980234707499,-0.022976693693449998,1.947479486465454,0.03473641723394394,0
mujoco,flat_forward,0,0,717,7.170000000000729,1.0,0.0,0.3317133291686888,0.027465696412756826,-0.009227988574952831,0.4362851553895842,-0.020803619604719825,1.937654972076416,0.025367431342601776,0
mujoco,flat_forward,0,0,718,7.1800000000007325,1.0,0.0,0.3316891496426642,0.02744989747519339,-0.009120377891984076,0.436016882722299,-0.023831600344248412,1.941731333732605,0.011813836172223091,0
mujoco,flat_forward,0,0,719,7.190000000000736,1.0,0.0,0.331667435116162,0.02742252440184589,-0.009219444167781608,0.4373186167164824,-0.022264217377829233,1.9453192949295044,0.00750524690374732,0
mujoco,flat_forward,0,0,720,7.200000000000739,1.0,0.0,0.33164402441343055,0.027402142183178567,-0.009075767830635606,0.43562087023891094,-0.02567861632673706,1.9333640336990356,0.02149648219347,0
mujoco,flat_forward,0,0,721,7.2100000000007425,1.0,0.0,0.3316284071720497,0.027371769032016637,-0.009010564557234953,0.4368168799735043,-0.02810668514909114,1.9496955871582031,0.031748585402965546,0
mujoco,flat_forward,0,0,722,7.220000000000746,1.0,0.0,0.33160824189029686,0.027347167650031493,-0.009051686752563556,0.43612356623541976,-0.019989921315712245,1.936773419380188,0.027905818074941635,0
mujoco,flat_forward,0,0,723,7.230000000000749,1.0,0.0,0.3315940861016826,0.02733457212951573,-0.008931037993811824,0.43606615283108807,-0.026205165493499584,1.9442609548568726,0.01971118524670601,0
mujoco,flat_forward,0,0,724,7.2400000000007525,1.0,0.0,0.3315810057557531,0.027308499326175954,-0.009033484435124037,0.4373392477043795,-0.021560863440462635,1.9448133707046509,0.008160780183970928,0
mujoco,flat_forward,0,0,725,7.250000000000756,1.0,0.0,0.3315619871189383,0.027301608139326177,-0.008939471089880696,0.43595255828918655,-0.026016087338366318,1.9342286586761475,0.021281525492668152,0
mujoco,flat_forward,0,0,726,7.260000000000759,1.0,0.0,0.33154686726878585,0.027276574397501026,-0.00891820815645596,0.4372523348108299,-0.031115388818168846,1.9501924514770508,0.03064919263124466,0
mujoco,flat_forward,0,0,727,7.2700000000007625,1.0,0.0,0.3315257321113904,0.027256106376885463,-0.008962461283232765,0.43640887301713677,-0.02115145081029275,1.9372518062591553,0.028917917981743813,0
mujoco,flat_forward,0,0,728,7.280000000000766,1.0,0.0,0.33151068429118874,0.02724497024825832,-0.008860636441937613,0.43650997446177264,-0.028986371196105674,1.946617841720581,0.022949598729610443,0
mujoco,flat_forward,0,0,729,7.290000000000769,1.0,0.0,0.33149715591303625,0.027221855460267893,-0.008945445735283704,0.4373645230061068,-0.01920702582773286,1.9450749158859253,0.009378884918987751,0
mujoco,flat_forward,0,0,730,7.3000000000007725,1.0,0.0,0.33148246609622134,0.027239100119137834,-0.00886630596838731,0.4363407979806821,-0.02634291736437419,1.9371119737625122,0.01755366101861,0
mujoco,flat_forward,0,0,731,7.310000000000776,1.0,0.0,0.3314729624169112,0.027225449645303355,-0.008881082042819167,0.4375676585357085,-0.032525976936918874,1.9498450756072998,0.024752624332904816,0
mujoco,flat_forward,0,0,732,7.320000000000779,1.0,0.0,0.33146116408297055,0.027226036114482374,-0.008898532473284412,0.4366440271108049,-0.01978266884710851,1.9374141693115234,0.026110606268048286,0
mujoco,flat_forward,0,0,733,7.330000000000783,1.0,0.0,0.3314558190789607,0.027225808389304343,-0.008818749838573592,0.43692333129329425,-0.02992424892138028,1.9484975337982178,0.024798931553959846,0
mujoco,flat_forward,0,0,734,7.340000000000786,1.0,0.0,0.3314510916929656,0.027212190210055786,-0.008875254876846567,0.437353413024706,-0.01548803513205757,1.9456579685211182,0.012550676241517067,0
mujoco,flat_forward,0,0,735,7.350000000000789,1.0,0.0,0.3314467001283439,0.02723838970139802,-0.008821011434292347,0.43664678420001063,-0.02558086872192572,1.9417133331298828,0.016173405572772026,0
mujoco,flat_forward,0,0,736,7.360000000000793,1.0,0.0,0.33144600608905395,0.027227050292319036,-0.00887023083698364,0.43766797489067655,-0.03116644645868741,1.9515200853347778,0.02019265666604042,0
mujoco,flat_forward,0,0,737,7.370000000000796,1.0,0.0,0.33144262533065344,0.02723396186446557,-0.008902185780054564,0.43700534579901473,-0.02016068001611001,1.9406293630599976,0.02175198495388031,0
mujoco,flat_forward,0,0,738,7.380000000000799,1.0,0.0,0.3314437658645354,0.027229518771401225,-0.0088657833336508,0.4374021783422148,-0.03249698007407068,1.9502441883087158,0.021660933271050453,0
mujoco,flat_forward,0,0,739,7.390000000000803,1.0,0.0,0.3314430212501232,0.02721001139887548,-0.008924247410458849,0.437672142880092,-0.015614172349012467,1.9458277225494385,0.014324164018034935,0
mujoco,flat_forward,0,0,740,7.400000000000806,1.0,0.0,0.33144130009062517,0.027229887662466912,-0.008892859563624848,0.4371619290831724,-0.027541028619326467,1.9439029693603516,0.01621309667825699,0
mujoco,flat_forward,0,0,741,7.410000000000809,1.0,0.0,0.33144185775028173,0.027214937559200774,-0.00893629199064244,0.43774326591677204,-0.0277767104921894,1.9513722658157349,0.017479589208960533,0
mujoco,flat_forward,0,0,742,7.420000000000813,1.0,0.0,0.33144321950981387,0.027242810322346198,-0.008956218936471328,0.4374549715011026,-0.019554077964255786,1.9441087245941162,0.01462709903717041,0
mujoco,flat_forward,0,0,743,7.430000000000816,1.0,0.0,0.3314494056351201,0.02724570988734544,-0.008955075707424714,0.43796909428298714,-0.03499810379910056,1.9506407976150513,0.014959108084440231,0
mujoco,flat_forward,0,0,744,7.440000000000819,1.0,0.0,0.33145295426573673,0.027233580442598757,-0.008986489709883737,0.4378789385335912,-0.013519193702088641,1.9450737237930298,0.016806259751319885,0
mujoco,flat_forward,0,0,745,7.450000000000823,1.0,0.0,0.3314542667843871,0.027248721609387197,-0.00898277070521606,0.43764560898609095,-0.028785602419582397,1.9456021785736084,0.01869308203458786,0
mujoco,flat_forward,0,0,746,7.460000000000826,1.0,0.0,0.33145620294090167,0.027231308483442632,-0.009019819134241729,0.4378457835302906,-0.024690600186942534,1.9504616260528564,0.015645788982510567,0
mujoco,flat_forward,0,0,747,7.470000000000829,1.0,0.0,0.3314596030403293,0.027261376192047593,-0.009044134392369339,0.43790732051255504,-0.02032580851371671,1.9465360641479492,0.010670643299818039,0
mujoco,flat_forward,0,0,748,7.480000000000833,1.0,0.0,0.331465556993207,0.02725553231567306,-0.009070515977194578,0.43843501743055396,-0.03678950569695408,1.9509408473968506,0.010771848261356354,0
mujoco,flat_forward,0,0,749,7.490000000000836,1.0,0.0,0.3314690995244116,0.027242274105006285,-0.009099877394628189,0.4384462731573915,-0.014754818761796929,1.9459254741668701,0.014640431851148605,0
mujoco,flat_forward,0,0,750,7.500000000000839,1.0,0.0,0.33146923319031907,0.027246403100696447,-0.009102715822476883,0.4383603032007335,-0.031576475932529845,1.9475109577178955,0.01811647228896618,0
mujoco,flat_forward,0,0,751,7.510000000000843,1.0,0.0,0.3314683550941581,0.027220705854038643,-0.00912742336276109,0.43844971140776273,-0.024510392006195907,1.9511748552322388,0.01498105376958847,0
mujoco,flat_forward,0,0,752,7.520000000000846,1.0,0.0,0.33146903137552086,0.02724181067336572,-0.009151227380548304,0.43868527662403634,-0.021652679270439946,1.9495666027069092,0.009564130567014217,0
mujoco,flat_forward,0,0,753,7.530000000000849,1.0,0.0,0.33147182832478217,0.027226267158439676,-0.00916812022987616,0.4388906931700753,-0.03281102800923794,1.9523744583129883,0.008324247784912586,0
mujoco,flat_forward,0,0,754,7.540000000000853,1.0,0.0,0.33147732072620073,0.027218673280056324,-0.009179416035651753,0.43919093689356686,-0.013058095983357448,1.950208306312561,0.009082648903131485,0
mujoco,flat_forward,0,0,755,7.550000000000856,1.0,0.0,0.33148099326253,0.027219339016253643,-0.009195688198466124,0.43928248886570515,-0.03334040373132609,1.9497183561325073,0.015556273981928825,0
mujoco,flat_forward,0,0,756,7.560000000000859,1.0,0.0,0.3314828346288933,0.02719392335340212,-0.009195943930902692,0.43905977000810714,-0.021267415962518015,1.9518717527389526,0.016551997512578964,0
mujoco,flat_forward,0,0,757,7.570000000000863,1.0,0.0,0.3314865201229595,0.027202219618323555,-0.009220554808978541,0.4393371163624165,-0.025360855570910928,1.952390432357788,0.011438307352364063,0
mujoco,flat_forward,0,0,758,7.580000000000866,1.0,0.0,0.33149306101520426,0.027172008342217103,-0.009235152193658435,0.43926795457191997,-0.031185659500588762,1.9536194801330566,0.007769989315420389,0
mujoco,flat_forward,0,0,759,7.590000000000869,1.0,0.0,0.33150444270119883,0.027159991546890513,-0.009259324947586703,0.43978302180759044,-0.015842308627517076,1.9522713422775269,0.0074174776673316956,0
mujoco,flat_forward,0,0,760,7.600000000000873,1.0,0.0,0.3315152778551107,0.02714379113500102,-0.009287713107490833,0.43978617537128106,-0.03829789165949956,1.9497790336608887,0.011941567063331604,0
mujoco,flat_forward,0,0,761,7.610000000000876,1.0,0.0,0.33152713302151726,0.027119293531438302,-0.009259131279567042,0.4394130270986536,-0.02199905167420649,1.9514790773391724,0.016055094078183174,0
mujoco,flat_forward,0,0,762,7.620000000000879,1.0,0.0,0.3315394372756411,0.027113546413944874,-0.00929591309636218,0.4399072585967591,-0.028535590689188317,1.9526267051696777,0.013278004713356495,0
mujoco,flat_forward,0,0,763,7.630000000000883,1.0,0.0,0.3315515970037949,0.027076122334362848,-0.009289422828339071,0.4394499736217466,-0.029378861881668748,1.9525434970855713,0.008447866886854172,0
mujoco,flat_forward,0,0,764,7.640000000000886,1.0,0.0,0.33156814359734466,0.0270618129595631,-0.009322029821343898,0.4404307539171244,-0.015678514618690832,1.9545440673828125,0.009727335534989834,0
mujoco,flat_forward,0,0,765,7.650000000000889,1.0,0.0,0.33157795963367964,0.02705158520619152,-0.009389735493135477,0.440118855966627,-0.0329405563355517,1.9493634700775146,0.016492005437612534,0
mujoco,flat_forward,0,0,766,7.660000000000893,1.0,0.0,0.3315887561215592,0.027043758474879633,-0.009359555470833333,0.44008415966737063,-0.02052349884579657,1.9548542499542236,0.01797865517437458,0
mujoco,flat_forward,0,0,767,7.670000000000896,1.0,0.0,0.33159932858668456,0.027040691869627053,-0.009440744950331292,0.44078684653616634,-0.031141067634511733,1.95606529712677,0.00943618081510067,0
mujoco,flat_forward,0,0,768,7.680000000000899,1.0,0.0,0.3316086198947178,0.02699713230038137,-0.009421651375470606,0.4399955906371187,-0.02666027743918173,1.9537630081176758,0.011407937854528427,0
mujoco,flat_forward,0,0,769,7.690000000000903,1.0,0.0,0.3316220716615976,0.026975340242194456,-0.00948222625462737,0.4411849850679901,-0.018541318428817344,1.9585143327713013,0.014557840302586555,0
mujoco,flat_forward,0,0,770,7.700000000000906,1.0,0.0,0.33163198323554066,0.0269473157493671,-0.00952776942204684,0.4403713386412501,-0.032435922010638614,1.9496381282806396,0.01807429827749729,0
mujoco,flat_forward,0,0,771,7.7100000000009095,1.0,0.0,0.33164695291362645,0.02692686451616058,-0.00948421848501885,0.44075875929667785,-0.023682783253780496,1.957406997680664,0.020834699273109436,0
mujoco,flat_forward,0,0,772,7.720000000000913,1.0,0.0,0.3316601517230007,0.026912703529410928,-0.009596312495962482,0.4414892108352067,-0.03519002631907771,1.9546469449996948,0.010471279732882977,0
mujoco,flat_forward,0,0,773,7.730000000000916,1.0,0.0,0.33167315293425087,0.026882329934408568,-0.009526742052062779,0.44058306594782637,-0.02684348344659299,1.9526172876358032,0.009508181363344193,0
mujoco,flat_forward,0,0,774,7.7400000000009195,1.0,0.0,0.33168918126094105,0.026864450844242445,-0.009606392818051101,0.44211234492550583,-0.021700492161746972,1.9601134061813354,0.016841642558574677,0
mujoco,flat_forward,0,0,775,7.750000000000923,1.0,0.0,0.33169983297207584,0.026835243775814553,-0.009617973267268504,0.4408584589237239,-0.030378938956763732,1.9488645792007446,0.02255851775407791,0
mujoco,flat_forward,0,0,776,7.760000000000926,1.0,0.0,0.3317156908670129,0.026810771107235953,-0.009569643895446334,0.4416859237187046,-0.025385014006876486,1.961186408996582,0.027553388848900795,0
mujoco,flat_forward,0,0,777,7.7700000000009295,1.0,0.0,0.33172856543373286,0.026788820803297586,-0.009696636981445765,0.44201527496647697,-0.03318510610425623,1.9553581476211548,0.014995046891272068,0
mujoco,flat_forward,0,0,778,7.780000000000933,1.0,0.0,0.3317441410779929,0.02676105184903195,-0.009616912389770955,0.44145780611970414,-0.02862833450586099,1.9555562734603882,0.00811662059277296,0
mujoco,flat_forward,0,0,779,7.790000000000936,1.0,0.0,0.3317617516192867,0.026736903534551548,-0.009744188833821651,0.4432346382422563,-0.026717780240496192,1.9615895748138428,0.011785644106566906,0
mujoco,flat_forward,0,0,780,7.8000000000009395,1.0,0.0,0.3317717652918563,0.026700158421519397,-0.009722818248307764,0.4416520104000397,-0.030695664180083595,1.9473663568496704,0.026124432682991028,0
mujoco,flat_forward,0,0,781,7.810000000000943,1.0,0.0,0.33178517737191093,0.026663024016521254,-0.009696624001431065,0.44285648486808044,-0.029426394354937335,1.9634158611297607,0.033816996961832047,0
mujoco,flat_forward,0,0,782,7.820000000000946,1.0,0.0,0.33179385120283367,0.026628056148870094,-0.009840183634922695,0.4427953446725247,-0.03222221092985912,1.9538402557373047,0.021269958466291428,0
mujoco,flat_forward,0,0,783,7.8300000000009495,1.0,0.0,0.3318063976908591,0.026593438445720128,-0.009778410743756056,0.4426659359352464,-0.03214573153698127,1.9574198722839355,0.011438005603849888,0
mujoco,flat_forward,0,0,784,7.840000000000953,1.0,0.0,0.3318189684978749,0.02655648961803603,-0.009941323607195778,0.44424275304436206,-0.027898735316479687,1.9612836837768555,0.007400050759315491,0
mujoco,flat_forward,0,0,785,7.850000000000956,1.0,0.0,0.3318285067273366,0.026531439813772206,-0.009864163402060795,0.44274788375392865,-0.030408423125533587,1.9489576816558838,0.020569313317537308,0
mujoco,flat_forward,0,0,786,7.8600000000009596,1.0,0.0,0.33184270718948583,0.02649778059060199,-0.009870084254529113,0.4442765593856336,-0.03247579656899694,1.9661295413970947,0.03231658414006233,0
mujoco,flat_forward,0,0,787,7.870000000000963,1.0,0.0,0.33185082702828594,0.026465032571220477,-0.009967177535625878,0.44362338766745735,-0.027147220186683554,1.9536700248718262,0.026645010337233543,0
mujoco,flat_forward,0,0,788,7.880000000000966,1.0,0.0,0.3318635209471214,0.026430910438219404,-0.009924900238587378,0.44399257118873064,-0.032064980647130766,1.963198184967041,0.021526414901018143,0
mujoco,flat_forward,0,0,789,7.89000000000097,1.0,0.0,0.33187442126566585,0.026377469443994946,-0.010107554295431857,0.4452056897392626,-0.024815534576741845,1.962767243385315,0.009156661108136177,0
mujoco,flat_forward,0,0,790,7.900000000000973,1.0,0.0,0.33188218549329485,0.02634141975734736,-0.0100736501143181,0.4442119311930873,-0.0312114282658744,1.9536950588226318,0.01588108018040657,0
mujoco,flat_forward,0,0,791,7.910000000000976,1.0,0.0,0.3318915379324312,0.026277181448783635,-0.010155390488803512,0.4457833846615249,-0.03471531350975617,1.9677796363830566,0.025435905903577805,0
mujoco,flat_forward,0,0,792,7.92000000000098,1.0,0.0,0.33189685774227984,0.026230917230800597,-0.010187389868938754,0.44461825042914976,-0.027262594215424703,1.9548343420028687,0.025866471230983734,0
mujoco,flat_forward,0,0,793,7.930000000000983,1.0,0.0,0.3319084131338852,0.02617877733208494,-0.010162085229158258,0.44547085897623045,-0.034267506509923266,1.968975305557251,0.02788376621901989,0
mujoco,flat_forward,0,0,794,7.940000000000986,1.0,0.0,0.3319172949280291,0.02610820204152499,-0.010296371837588948,0.4458221312056886,-0.021526110498568868,1.9632200002670288,0.016764599829912186,0
mujoco,flat_forward,0,0,795,7.95000000000099,1.0,0.0,0.33192721861438285,0.02606377933818406,-0.010280410045956416,0.4454938139150409,-0.03158382877369647,1.961594581604004,0.01274612732231617,0
mujoco,flat_forward,0,0,796,7.960000000000993,1.0,0.0,0.33193771787224985,0.025977836603930386,-0.0103931294936273,0.44643839521962775,-0.027797731496910408,1.968441367149353,0.014540045522153378,0
mujoco,flat_forward,0,0,797,7.970000000000996,1.0,0.0,0.33194563303516894,0.025931071405546312,-0.010444699561116216,0.44602881747687173,-0.024103392767025708,1.9595812559127808,0.01761375367641449,0
mujoco,flat_forward,0,0,798,7.980000000001,1.0,0.0,0.33195600470413156,0.025857966696862265,-0.01050762988963858,0.4470555112649039,-0.035927925870175764,1.9697731733322144,0.018057826906442642,0
mujoco,flat_forward,0,0,799,7.990000000001003,1.0,0.0,0.3319589746634193,0.025781201836854634,-0.010598921842229252,0.44674725446518515,-0.01963772769191592,1.9619652032852173,0.02106933481991291,0
mujoco,flat_forward,0,0,800,8.000000000001005,1.0,0.0,0.33196200755618427,0.0257240707530476,-0.010614297991015868,0.44692251719788534,-0.03387458930340626,1.9676121473312378,0.018374893814325333,0
mujoco,flat_forward,0,0,801,8.010000000001,1.0,0.0,0.3319635481298506,0.025625038234203854,-0.010719585061969801,0.4473484176711929,-0.021992057640999724,1.9682971239089966,0.012311714701354504,0
mujoco,flat_forward,0,0,802,8.020000000000994,1.0,0.0,0.331963977248114,0.025574738005046848,-0.010751731908071827,0.44704396758786613,-0.030340321825154684,1.9635393619537354,0.015704162418842316,0
mujoco,flat_forward,0,0,803,8.030000000000989,1.0,0.0,0.3319650319394532,0.025468056793447706,-0.010859120079668877,0.4478604376778214,-0.03511363493671908,1.9713963270187378,0.015921084210276604,0
mujoco,flat_forward,0,0,804,8.040000000000983,1.0,0.0,0.33196309430549753,0.025394184376569894,-0.010940558343073075,0.44779806684430684,-0.02219899261408551,1.9635478258132935,0.016710950061678886,0
mujoco,flat_forward,0,0,805,8.050000000000978,1.0,0.0,0.33196035238706667,0.02532281766536504,-0.010991308000942295,0.44840066311769267,-0.03762691386134856,1.9692705869674683,0.014051775448024273,0
mujoco,flat_forward,0,0,806,8.060000000000972,1.0,0.0,0.331951343371116,0.02524007171371956,-0.011060824960540555,0.44836804740189784,-0.016285231881594836,1.9659141302108765,0.016697678714990616,0
mujoco,flat_forward,0,0,807,8.070000000000967,1.0,0.0,0.3319375823442784,0.02520170262829357,-0.011089390451241745,0.4483105844454267,-0.03239044861401069,1.966737985610962,0.0186674352735281,0
mujoco,flat_forward,0,0,808,8.080000000000961,1.0,0.0,0.3319216762767043,0.025105163820646943,-0.011161871852016902,0.4484623483290656,-0.025206921019926144,1.9722368717193604,0.016729993745684624,0
mujoco,flat_forward,0,0,809,8.090000000000956,1.0,0.0,0.3319066515079631,0.025056892876182804,-0.011217918983625261,0.4485800336301186,-0.025049196714083566,1.9687715768814087,0.01281949132680893,0
mujoco,flat_forward,0,0,810,8.10000000000095,1.0,0.0,0.3318924104454369,0.024962168522590804,-0.01129148804551422,0.44900770441662796,-0.034807961552655906,1.9729727506637573,0.01037097629159689,0
mujoco,flat_forward,0,0,811,8.110000000000944,1.0,0.0,0.3318770078821206,0.024895455985878088,-0.011352691522845773,0.44914381880965515,-0.0186178939447084,1.9688200950622559,0.012805240228772163,0
mujoco,flat_forward,0,0,812,8.120000000000939,1.0,0.0,0.33186039122024663,0.024843675441132477,-0.011385916403255517,0.4493480180789347,-0.03851167649702347,1.9702826738357544,0.012874809093773365,0
mujoco,flat_forward,0,0,813,8.130000000000933,1.0,0.0,0.33183940730377703,0.02476105604499313,-0.011413057644751234,0.44906662181859386,-0.020535247372629982,1.9698799848556519,0.016496757045388222,0
mujoco,flat_forward,0,0,814,8.140000000000928,1.0,0.0,0.33181562898255484,0.024720782247271453,-0.011443064891804945,0.4491609706466871,-0.031903943549266914,1.969672679901123,0.01658826321363449,0
mujoco,flat_forward,0,0,815,8.150000000000922,1.0,0.0,0.3317911205945461,0.024629230891910523,-0.011468068580542614,0.448979118529029,-0.028444899142714877,1.9728389978408813,0.012437726370990276,0
mujoco,flat_forward,0,0,816,8.160000000000917,1.0,0.0,0.33176891101243616,0.024582760508294464,-0.011514600783737802,0.44929002408683877,-0.023934289818276454,1.9708234071731567,0.009748832322657108,0
mujoco,flat_forward,0,0,817,8.170000000000911,1.0,0.0,0.3317468600855151,0.02451723683542056,-0.011541812341773287,0.4490566598951099,-0.034471658664360194,1.9717708826065063,0.00974260177463293,0
mujoco,flat_forward,0,0,818,8.180000000000906,1.0,0.0,0.3317281554340721,0.024475195003213466,-0.011558797037373768,0.44934092282388344,-0.017472680870961734,1.971238136291504,0.010741417296230793,0
mujoco,flat_forward,0,0,819,8.1900000000009,1.0,0.0,0.3317039579997666,0.02445543620353392,-0.011615499233842743,0.44950836879244904,-0.03663821165469652,1.9688042402267456,0.016844775527715683,0
mujoco,flat_forward,0,0,820,8.200000000000895,1.0,0.0,0.3316723303866091,0.0243901263125161,-0.011622766941297706,0.44898228759543113,-0.023742250463951245,1.9706631898880005,0.0173310786485672,0
mujoco,flat_forward,0,0,821,8.210000000000889,1.0,0.0,0.33163757067582494,0.024357690451239217,-0.011684818971687817,0.44949054918654996,-0.02744311630642271,1.972267746925354,0.012887692078948021,0
mujoco,flat_forward,0,0,822,8.220000000000883,1.0,0.0,0.33159976151211557,0.024292683366674575,-0.011687066115387328,0.44883293854891676,-0.02942945683729433,1.9718117713928223,0.011175788007676601,0
mujoco,flat_forward,0,0,823,8.230000000000878,1.0,0.0,0.33156582541314594,0.024258577472526608,-0.011705646495379494,0.44955956488234017,-0.0189168020862207,1.9740060567855835,0.010134192183613777,0
mujoco,flat_forward,0,0,824,8.240000000000872,1.0,0.0,0.3315283792298929,0.024225311507628876,-0.01170772191162897,0.4488160249472398,-0.03444020843584727,1.969083547592163,0.016924496740102768,0
mujoco,flat_forward,0,0,825,8.250000000000867,1.0,0.0,0.33149611313790356,0.024200961341938665,-0.011637989892874972,0.448837837920897,-0.02263460250052629,1.9743367433547974,0.017474090680480003,0
mujoco,flat_forward,0,0,826,8.260000000000861,1.0,0.0,0.3314634675940443,0.02418720532098602,-0.011661274955755635,0.44906953289058094,-0.036007192302602145,1.9721670150756836,0.013318335637450218,0
mujoco,flat_forward,0,0,827,8.270000000000856,1.0,0.0,0.33143296334697436,0.024159912718903435,-0.011539986935225571,0.4480682662012479,-0.02467520267971297,1.9722435474395752,0.011165675707161427,0
mujoco,flat_forward,0,0,828,8.28000000000085,1.0,0.0,0.3314072364595902,0.02414946756021385,-0.011545016496686546,0.4489062257850791,-0.02462467653458595,1.9768627882003784,0.011901844292879105,0
mujoco,flat_forward,0,0,829,8.290000000000845,1.0,0.0,0.33137949062906236,0.02411436087940459,-0.011496183865299452,0.44779326233532707,-0.03072584085648481,1.971097707748413,0.015991315245628357,0
mujoco,flat_forward,0,0,830,8.30000000000084,1.0,0.0,0.3313580958589753,0.02409509008688472,-0.011442076240093845,0.44845357768519484,-0.02178567853062082,1.9770572185516357,0.016275707632303238,0
mujoco,flat_forward,0,0,831,8.310000000000834,1.0,0.0,0.3313311902549266,0.024083716200765756,-0.011471866409662829,0.4479583732282097,-0.03168221646306496,1.9703917503356934,0.018747078254818916,0
mujoco,flat_forward,0,0,832,8.320000000000828,1.0,0.0,0.331309044729066,0.024079365883205035,-0.011355510593782604,0.4476128168279731,-0.023988846406128233,1.975051999092102,0.014197523705661297,0
mujoco,flat_forward,0,0,833,8.330000000000823,1.0,0.0,0.3312882626051343,0.02407851204073498,-0.011405989384480317,0.44850461695933286,-0.03173683690350242,1.9759504795074463,0.006824467331171036,0
mujoco,flat_forward,0,0,834,8.340000000000817,1.0,0.0,0.33126313185777595,0.024054040597972396,-0.011298580659947587,0.44706334435169837,-0.027956491744372418,1.969541311264038,0.015652233734726906,0
mujoco,flat_forward,0,0,835,8.350000000000811,1.0,0.0,0.33124220520284164,0.02404564404984189,-0.011288877624927278,0.44827674797201944,-0.02282096409252322,1.978269338607788,0.021267879754304886,0
mujoco,flat_forward,0,0,836,8.360000000000806,1.0,0.0,0.3312139507584734,0.02404225686737963,-0.011283007292763079,0.4469671423833122,-0.028237485075668606,1.9669064283370972,0.025991689413785934,0
mujoco,flat_forward,0,0,837,8.3700000000008,1.0,0.0,0.33119258479523106,0.024047231335545437,-0.011182117270840775,0.4473416631397028,-0.025446478986980475,1.977556824684143,0.024331295862793922,0
mujoco,flat_forward,0,0,838,8.380000000000795,1.0,0.0,0.33117041231539274,0.024049573220075973,-0.01125981355150999,0.4475765131632669,-0.031619894366147865,1.9738034009933472,0.014320471324026585,0
mujoco,flat_forward,0,0,839,8.39000000000079,1.0,0.0,0.33115178235909987,0.024052484550283647,-0.011121753327656494,0.44663009104904317,-0.027892651325488585,1.9715311527252197,0.0070252870209515095,0
mujoco,flat_forward,0,0,840,8.400000000000784,1.0,0.0,0.3311377844841475,0.024056920970041997,-0.011161608184730654,0.44803037229457265,-0.028059247798036716,1.978413701057434,0.012668104842305183,0
mujoco,flat_forward,0,0,841,8.410000000000778,1.0,0.0,0.3311174002845056,0.024050598346754437,-0.011067552174504234,0.4462052920910707,-0.03200567687581022,1.9648433923721313,0.026314012706279755,0
mujoco,flat_forward,0,0,842,8.420000000000773,1.0,0.0,0.3311034505630408,0.024052388435928062,-0.01097311536263388,0.4471033506765785,-0.030861731331886962,1.9797238111495972,0.032399777323007584,0
mujoco,flat_forward,0,0,843,8.430000000000767,1.0,0.0,0.3310865101723522,0.024055761143165794,-0.011016599432458127,0.4464673578777013,-0.03080361446268445,1.9698128700256348,0.02244260162115097,0
mujoco,flat_forward,0,0,844,8.440000000000762,1.0,0.0,0.3310771808848169,0.024067820356539267,-0.010870226442373537,0.4462007528314388,-0.03144214132817577,1.9740204811096191,0.014864519238471985,0
mujoco,flat_forward,0,0,845,8.450000000000756,1.0,0.0,0.33107050310366515,0.024075739550230582,-0.010961938546654153,0.4475132149891992,-0.02901529720389024,1.976042628288269,0.0065138209611177444,0
mujoco,flat_forward,0,0,846,8.46000000000075,1.0,0.0,0.3310609393191359,0.02409266361494213,-0.01081402384925473,0.4457812958622193,-0.031558919254847134,1.9635076522827148,0.021160366013646126,0
mujoco,flat_forward,0,0,847,8.470000000000745,1.0,0.0,0.3310565959058573,0.024104952210222883,-0.010747191765286988,0.4470766059698802,-0.034266829813784795,1.980199933052063,0.032779060304164886,0
mujoco,flat_forward,0,0,848,8.48000000000074,1.0,0.0,0.33104804855125075,0.024117929049867558,-0.010719912237626283,0.44567324152827686,-0.02947968820209906,1.967514991760254,0.02712956629693508,0
mujoco,flat_forward,0,0,849,8.490000000000734,1.0,0.0,0.33104931248366976,0.024132729574424826,-0.010590393677995278,0.4459902640392607,-0.034487119478829806,1.978916883468628,0.027099914848804474,0
mujoco,flat_forward,0,0,850,8.500000000000728,1.0,0.0,0.33105220434855226,0.024141039607897645,-0.010686429102136057,0.4465105488755272,-0.026996294132636062,1.9752023220062256,0.012590738944709301,0
mujoco,flat_forward,0,0,851,8.510000000000723,1.0,0.0,0.3310581791584665,0.024164060334196387,-0.010566394281351747,0.44543894073317397,-0.034175383835217205,1.968454122543335,0.012131632305681705,0
mujoco,flat_forward,0,0,852,8.520000000000717,1.0,0.0,0.3310688018736611,0.024172416097339916,-0.010595535131309812,0.4468448292780153,-0.038101182402090816,1.9788413047790527,0.020776281133294106,0
mujoco,flat_forward,0,0,853,8.530000000000712,1.0,0.0,0.33107399079081634,0.024200114579488976,-0.010588165172513762,0.44547460352324564,-0.030040156258982237,1.9641034603118896,0.027048228308558464,0
mujoco,flat_forward,0,0,854,8.540000000000706,1.0,0.0,0.3310845787221634,0.024219969262526432,-0.010508196058459108,0.4460816169949594,-0.03788079281530328,1.9788669347763062,0.030724748969078064,0
mujoco,flat_forward,0,0,855,8.5500000000007,1.0,0.0,0.33109242527338506,0.024231869081123424,-0.010605076272426881,0.44632083497261704,-0.02476742123159622,1.972939372062683,0.015797259286046028,0
mujoco,flat_forward,0,0,856,8.560000000000695,1.0,0.0,0.3311025735015941,0.024258906407304485,-0.010516666435057428,0.44565402760968786,-0.03567918951818892,1.9713293313980103,0.012576422654092312,0
mujoco,flat_forward,0,0,857,8.57000000000069,1.0,0.0,0.3311161250771026,0.024266675813343075,-0.010554546358672054,0.4464651475344276,-0.03219020818811961,1.9790223836898804,0.017180413007736206,0
mujoco,flat_forward,0,0,858,8.580000000000684,1.0,0.0,0.33112983800260254,0.024316342835831246,-0.01054484476685418,0.44576722378810474,-0.027948494210306114,1.9692165851593018,0.01770578883588314,0
mujoco,flat_forward,0,0,859,8.590000000000678,1.0,0.0,0.3311499422409075,0.024343919033094807,-0.010540214566070025,0.4466096309895958,-0.040991914034907734,1.9796884059906006,0.02081146091222763,0
mujoco,flat_forward,0,0,860,8.600000000000673,1.0,0.0,0.3311660301086452,0.02436154294375747,-0.010587521398488382,0.4461068590811898,-0.023886005156555777,1.97111976146698,0.020417429506778717,0
mujoco,flat_forward,0,0,861,8.610000000000667,1.0,0.0,0.33118584643769766,0.024377219146488376,-0.01054906441772474,0.44600349024521224,-0.03881306559007061,1.9759366512298584,0.019895020872354507,0
mujoco,flat_forward,0,0,862,8.620000000000662,1.0,0.0,0.3312074891783827,0.02437102359657035,-0.01062503032567874,0.4465302518187371,-0.030548346826987427,1.976723074913025,0.01216788962483406,0
mujoco,flat_forward,0,0,863,8.630000000000656,1.0,0.0,0.33122745434735085,0.024404434926952823,-0.010646693860325884,0.44611678276325134,-0.03367496764030762,1.9700251817703247,0.015135925263166428,0
mujoco,flat_forward,0,0,864,8.64000000000065,1.0,0.0,0.3312500718843976,0.024407694989135784,-0.010692915927728003,0.4465979981539236,-0.039489738457863674,1.9784572124481201,0.017142310738563538,0
mujoco,flat_forward,0,0,865,8.650000000000645,1.0,0.0,0.33127332909757656,0.02444122081502772,-0.010732192063627757,0.4465150744435867,-0.022836019270582694,1.9721628427505493,0.012102711945772171,0
mujoco,flat_forward,0,0,866,8.66000000000064,1.0,0.0,0.33129879591369193,0.024464895291065127,-0.010744059168080114,0.44674903484005357,-0.041310591014892546,1.9765125513076782,0.014906778000295162,0
mujoco,flat_forward,0,0,867,8.670000000000634,1.0,0.0,0.33132117451693116,0.02446557438283502,-0.010792640701017932,0.44679507314563155,-0.024150500814727735,1.9754126071929932,0.014839958399534225,0
mujoco,flat_forward,0,0,868,8.680000000000629,1.0,0.0,0.33133993883505714,0.024494757184934032,-0.010824850468029864,0.44687421404020333,-0.033247769642043054,1.974770188331604,0.01595897786319256,0
mujoco,flat_forward,0,0,869,8.690000000000623,1.0,0.0,0.3313580425598148,0.024487097177818818,-0.010885557845785765,0.44721350320747627,-0.03563681478468136,1.9799760580062866,0.01341819018125534,0
mujoco,flat_forward,0,0,870,8.700000000000617,1.0,0.0,0.33137617826260096,0.0245085983633291,-0.010933886498170495,0.4473597446252591,-0.027283627300926698,1.976090431213379,0.009068806655704975,0
mujoco,flat_forward,0,0,871,8.710000000000612,1.0,0.0,0.33139609761069455,0.02450489433046335,-0.010964808301477206,0.4476050294189389,-0.04230230601294074,1.9798866510391235,0.010653061792254448,0
mujoco,flat_forward,0,0,872,8.720000000000606,1.0,0.0,0.33141840846020443,0.024503192173115362,-0.010984992196208677,0.4476960661653925,-0.020783763035448502,1.9778549671173096,0.011675969697535038,0
mujoco,flat_forward,0,0,873,8.7300000000006,1.0,0.0,0.33143875909006254,0.024515214407175776,-0.011029229827053679,0.44789932570345464,-0.03692948820769495,1.9778016805648804,0.01698288880288601,0
mujoco,flat_forward,0,0,874,8.740000000000595,1.0,0.0,0.33145663905107653,0.024494340210096607,-0.011069262477447881,0.4478546596249416,-0.029171606331309774,1.980817437171936,0.01442884374409914,0
mujoco,flat_forward,0,0,875,8.75000000000059,1.0,0.0,0.3314750092852318,0.024501598733225362,-0.01113662380691013,0.4482732276818873,-0.028867773156588568,1.9803260564804077,0.00970104243606329,0
mujoco,flat_forward,0,0,876,8.760000000000584,1.0,0.0,0.33149356537204716,0.02447573165480605,-0.011194841148652712,0.44842233184753333,-0.03909231800013836,1.981833577156067,0.0074630375020205975,0
mujoco,flat_forward,0,0,877,8.770000000000579,1.0,0.0,0.3315132608056099,0.02446315436263006,-0.01124884651761364,0.4490006282678107,-0.02064966110483582,1.9804129600524902,0.009048704989254475,0
mujoco,flat_forward,0,0,878,8.780000000000573,1.0,0.0,0.33152679115589817,0.024458524968423333,-0.011323793759454762,0.44913959541445575,-0.04122006218036343,1.9783439636230469,0.01575007103383541,0
mujoco,flat_forward,0,0,879,8.790000000000568,1.0,0.0,0.331538380595242,0.024448332400997835,-0.011340490822704401,0.4488763316234298,-0.02478829445630091,1.9818750619888306,0.016883179545402527,0
mujoco,flat_forward,0,0,880,8.800000000000562,1.0,0.0,0.33154996304409406,0.024452779485534377,-0.011426410476911715,0.4494717533152693,-0.031376327762038664,1.9834375381469727,0.012579127214848995,0
mujoco,flat_forward,0,0,881,8.810000000000556,1.0,0.0,0.3315599610519465,0.02440428600805823,-0.011471200868336764,0.449241590303278,-0.03174175322029138,1.9835034608840942,0.009426230564713478,0
mujoco,flat_forward,0,0,882,8.820000000000551,1.0,0.0,0.33157245563469545,0.02438353534610519,-0.01155812312935132,0.45025300438255683,-0.01991742909938185,1.9850553274154663,0.009037348441779613,0
mujoco,flat_forward,0,0,883,8.830000000000545,1.0,0.0,0.3315797962772044,0.024364531695688404,-0.011640915340488217,0.4497819367215785,-0.035071467917804834,1.9793094396591187,0.01631901040673256,0
mujoco,flat_forward,0,0,884,8.84000000000054,1.0,0.0,0.3315896846213636,0.02435473569784248,-0.011646610501141049,0.4500576371789955,-0.022869353971790025,1.9855141639709473,0.01766815036535263,0
mujoco,flat_forward,0,0,885,8.850000000000534,1.0,0.0,0.33159695570388753,0.024349729396564837,-0.011750963946384542,0.4505940538328694,-0.036375382918462554,1.9842756986618042,0.011916756629943848,0
mujoco,flat_forward,0,0,886,8.860000000000529,1.0,0.0,0.33160498151691903,0.024326044833805176,-0.011720090327232044,0.44989010197247564,-0.025177117244706528,1.9847650527954102,0.010949349030852318,0
mujoco,flat_forward,0,0,887,8.870000000000523,1.0,0.0,0.33161578066743763,0.024317115701704885,-0.011812446324492945,0.4509749880986523,-0.025155595281280335,1.9893239736557007,0.011900597251951694,0
mujoco,flat_forward,0,0,888,8.880000000000518,1.0,0.0,0.3316231803288893,0.024261907364815868,-0.01184171306059967,0.45017296045506316,-0.03130478111134525,1.9833135604858398,0.014968152157962322,0
mujoco,flat_forward,0,0,889,8.890000000000512,1.0,0.0,0.3316343887359229,0.024227469252398343,-0.01186725434145987,0.4511111968130314,-0.022267348021144308,1.9898219108581543,0.016508691012859344,0
mujoco,flat_forward,0,0,890,8.900000000000507,1.0,0.0,0.3316396904452653,0.024203587811624305,-0.011948196596892434,0.45068466485391434,-0.03548200914599823,1.9830443859100342,0.018701860681176186,0
mujoco,flat_forward,0,0,891,8.910000000000501,1.0,0.0,0.3316483176638236,0.024183606614861013,-0.011921305014916889,0.4506951111623754,-0.026373938683276765,1.988500714302063,0.016206253319978714,0
mujoco,flat_forward,0,0,892,8.920000000000496,1.0,0.0,0.33165508832058066,0.02417204404433804,-0.012066646919409195,0.45175745113365506,-0.030871554866856714,1.9883989095687866,0.008339066058397293,0
mujoco,flat_forward,0,0,893,8.93000000000049,1.0,0.0,0.3316587421852013,0.0241501576722835,-0.012009779783019592,0.450582440598969,-0.02417920743462667,1.9829000234603882,0.01140839047729969,0
mujoco,flat_forward,0,0,894,8.940000000000484,1.0,0.0,0.3316641315968582,0.024137357794360964,-0.012077504669243528,0.45215399593126093,-0.019605590249963042,1.993359923362732,0.020102351903915405,0
mujoco,flat_forward,0,0,895,8.950000000000479,1.0,0.0,0.3316595974180658,0.024115212905462518,-0.01213396942528187,0.4509521498620279,-0.028064386352952837,1.981662631034851,0.02732008695602417,0
mujoco,flat_forward,0,0,896,8.960000000000473,1.0,0.0,0.3316573625418663,0.024096117378756925,-0.012119354627727189,0.4516756825880294,-0.024102201429355093,1.9939442873001099,0.02545531652867794,0
mujoco,flat_forward,0,0,897,8.970000000000468,1.0,0.0,0.33165042892067376,0.024075129956589638,-0.012237764456244776,0.4517134059220395,-0.029340173546197387,1.989084005355835,0.01669144630432129,0
mujoco,flat_forward,0,0,898,8.980000000000462,1.0,0.0,0.3316467149961062,0.02405157279829678,-0.012171579168757364,0.45134502411658134,-0.02483940594413882,1.9900838136672974,0.008584516122937202,0
mujoco,flat_forward,0,0,899,8.990000000000457,1.0,0.0,0.3316437637425638,0.02402748791832209,-0.012294339217709851,0.45286957087519064,-0.028111666625583155,1.9942480325698853,0.007145630661398172,0
mujoco,flat_forward,0,0,900,9.000000000000451,1.0,0.0,0.3316321359110018,0.023968957945995528,-0.012248556430179917,0.4513573363337979,-0.027383317749941957,1.981460690498352,0.02461838163435459,0
mujoco,flat_forward,0,0,901,9.010000000000446,1.0,0.0,0.3316219037899646,0.023919809530572878,-0.012269228043274528,0.45272182168237973,-0.025997695445556995,1.9956573247909546,0.02883840911090374,0
mujoco,flat_forward,0,0,902,9.02000000000044,1.0,0.0,0.3316039362876039,0.023878431701684348,-0.012319180787958914,0.45176147461445576,-0.02962092310907312,1.9835788011550903,0.027494411915540695,0
mujoco,flat_forward,0,0,903,9.030000000000435,1.0,0.0,0.3315910050198254,0.023842584692569217,-0.012257379002410801,0.45225955894060216,-0.02902277592654488,1.9928654432296753,0.02100728265941143,0
mujoco,flat_forward,0,0,904,9.040000000000429,1.0,0.0,0.3315755814404488,0.02380643098157758,-0.012368604878755546,0.45261144353568117,-0.029363437798278467,1.9902135133743286,0.013071535155177116,0
mujoco,flat_forward,0,0,905,9.050000000000423,1.0,0.0,0.3315626383310408,0.02377536344793436,-0.01226906545874876,0.4519326546663839,-0.029703630062363873,1.9867160320281982,0.008252291940152645,0
mujoco,flat_forward,0,0,906,9.060000000000418,1.0,0.0,0.3315519313405801,0.023740658535091653,-0.012341232284066328,0.45347625223346333,-0.028648235981581453,1.9940569400787354,0.011924410238862038,0
mujoco,flat_forward,0,0,907,9.070000000000412,1.0,0.0,0.3315333991396333,0.02371992006232183,-0.012252291408390166,0.4517536247190493,-0.02825316331730832,1.9805331230163574,0.026604456827044487,0
mujoco,flat_forward,0,0,908,9.080000000000407,1.0,0.0,0.3315186495951351,0.023695355284152744,-0.012219521849608936,0.45297285844023594,-0.030366545711521333,1.9980791807174683,0.03224795684218407,0
mujoco,flat_forward,0,0,909,9.090000000000401,1.0,0.0,0.3314989238679743,0.02367105112347946,-0.01224710737968101,0.45201999756558936,-0.025454360333211173,1.987757682800293,0.026822049170732498,0
mujoco,flat_forward,0,0,910,9.100000000000396,1.0,0.0,0.33148557903089093,0.023648098528982264,-0.012154617799346361,0.4523235273346034,-0.02952264056693682,1.9952871799468994,0.019750431180000305,0
mujoco,flat_forward,0,0,911,9.11000000000039,1.0,0.0,0.33147125392599536,0.02361466800582472,-0.012260284639663341,0.45303552271328634,-0.02636884177177818,1.9943064451217651,0.01128892321139574,0
mujoco,flat_forward,0,0,912,9.120000000000385,1.0,0.0,0.33145603468894097,0.023589653289982436,-0.012155832260857733,0.45202232125047137,-0.03201536972910985,1.986139178276062,0.013622954487800598,0
mujoco,flat_forward,0,0,913,9.13000000000038,1.0,0.0,0.33144302888630356,0.023550568390116048,-0.012189261425937377,0.4534135763729703,-0.03452856027609476,1.9971052408218384,0.019205836579203606,0
mujoco,flat_forward,0,0,914,9.140000000000374,1.0,0.0,0.3314233197878715,0.023526734997913128,-0.012135010220835131,0.4519268765865264,-0.029671080012837303,1.98328697681427,0.026721889153122902,0
mujoco,flat_forward,0,0,915,9.150000000000368,1.0,0.0,0.33140900444910537,0.02349617674366899,-0.012060345991629653,0.4528258719591973,-0.03527621850349623,1.9980950355529785,0.02908261865377426,0
mujoco,flat_forward,0,0,916,9.160000000000363,1.0,0.0,0.33139111653684605,0.02346745016691958,-0.012111210073398741,0.45254453083661106,-0.021973719882884768,1.9900845289230347,0.020685361698269844,0
mujoco,flat_forward,0,0,917,9.170000000000357,1.0,0.0,0.33137665797578375,0.02345061929604842,-0.012020678487604056,0.45230793067524216,-0.03209185343347916,1.9912456274032593,0.014429189264774323,0
mujoco,flat_forward,0,0,918,9.180000000000351,1.0,0.0,0.33136308573194867,0.023419668073758258,-0.012065219398690943,0.452985058434494,-0.024668998313515968,1.9954110383987427,0.012162825092673302,0
mujoco,flat_forward,0,0,919,9.190000000000346,1.0,0.0,0.33134802366341665,0.023422700049213263,-0.012012984076227041,0.4521520509653904,-0.029317798630463715,1.986554741859436,0.017600733786821365,0
mujoco,flat_forward,0,0,920,9.20000000000034,1.0,0.0,0.3313371691402218,0.023400228398727515,-0.01201405019893115,0.45296255261120927,-0.0353936161594929,1.9977437257766724,0.019723501056432724,0
mujoco,flat_forward,0,0,921,9.210000000000335,1.0,0.0,0.33132517435593994,0.023391993694809772,-0.012009454857094402,0.45225462376737224,-0.02345742491279268,1.988999366760254,0.017936017364263535,0
mujoco,flat_forward,0,0,922,9.22000000000033,1.0,0.0,0.331318942302626,0.02337355360129286,-0.011957043736371032,0.45261475108837323,-0.036503937688555504,1.9965449571609497,0.017223848029971123,0
mujoco,flat_forward,0,0,923,9.230000000000324,1.0,0.0,0.33130975672671154,0.02334284034343612,-0.01200811966013551,0.45276742867810704,-0.02109797330527925,1.993265151977539,0.014544538222253323,0
mujoco,flat_forward,0,0,924,9.240000000000318,1.0,0.0,0.33130093688743834,0.023327432039720857,-0.011937604374277072,0.4522037922967551,-0.035683150828508446,1.9894323348999023,0.014865605160593987,0
mujoco,flat_forward,0,0,925,9.250000000000313,1.0,0.0,0.33129364054478666,0.023286770860923307,-0.01194911297056582,0.4527039644137702,-0.03271720478617256,1.9967058897018433,0.016269691288471222,0
mujoco,flat_forward,0,0,926,9.260000000000307,1.0,0.0,0.3312859529601658,0.023287277496007668,-0.011952187610409117,0.4524229703013188,-0.027924557532175882,1.9886245727539062,0.015152336098253727,0
mujoco,flat_forward,0,0,927,9.270000000000302,1.0,0.0,0.33128087132199086,0.023264717187841805,-0.011950338994182805,0.45280146643902236,-0.03917414835622592,1.9946541786193848,0.012393396347761154,0
mujoco,flat_forward,0,0,928,9.280000000000296,1.0,0.0,0.3312756964839579,0.023253729007056377,-0.011953985719992273,0.45264605899034915,-0.020117825836479558,1.9906977415084839,0.011934086680412292,0
mujoco,flat_forward,0,0,929,9.29000000000029,1.0,0.0,0.3312730911155896,0.02324170457542059,-0.011906755781858798,0.45257693288837275,-0.03959939712782609,1.9926096200942993,0.014337451197206974,0
mujoco,flat_forward,0,0,930,9.300000000000285,1.0,0.0,0.3312700865593395,0.023209986102772553,-0.011884639350346492,0.45245277866669936,-0.02406280157710123,1.994003415107727,0.015398099087178707,0
mujoco,flat_forward,0,0,931,9.31000000000028,1.0,0.0,0.3312676475408531,0.02321166170392159,-0.01187502077427206,0.4523583790287026,-0.033883778957055216,1.9913058280944824,0.015205645933747292,0
mujoco,flat_forward,0,0,932,9.320000000000274,1.0,0.0,0.33126696118556664,0.023174154838213785,-0.011889275436064928,0.45250877681924556,-0.03708411986473481,1.995526671409607,0.012545419856905937,0
mujoco,flat_forward,0,0,933,9.330000000000268,1.0,0.0,0.3312667044604306,0.023164543696162183,-0.011915266035794637,0.45278241354052084,-0.02551460631965128,1.9909393787384033,0.00985117070376873,0
mujoco,flat_forward,0,0,934,9.340000000000263,1.0,0.0,0.33126534606198915,0.02314305660632167,-0.011929742309953445,0.452854129857821,-0.042530713599371224,1.9919352531433105,0.009993386454880238,0
mujoco,flat_forward,0,0,935,9.350000000000257,1.0,0.0,0.3312645601688749,0.023126971192534936,-0.011923783536361384,0.45285364457203586,-0.022905370882191432,1.991686463356018,0.013148386031389236,0
mujoco,flat_forward,0,0,936,9.360000000000252,1.0,0.0,0.3312614345436614,0.023124817630844306,-0.01193859679370168,0.4529446358899671,-0.040290765087870994,1.9911433458328247,0.015385906212031841,0
mujoco,flat_forward,0,0,937,9.370000000000246,1.0,0.0,0.33125756575052895,0.02308989518015949,-0.011928292987673275,0.4525328061953214,-0.02982346274191365,1.9939969778060913,0.015248507261276245,0
mujoco,flat_forward,0,0,938,9.38000000000024,1.0,0.0,0.3312557907080906,0.023089705625694606,-0.011966785143903425,0.4529451406976187,-0.03146708134977234,1.9936116933822632,0.011149926111102104,0
mujoco,flat_forward,0,0,939,9.390000000000235,1.0,0.0,0.33125520129837416,0.023060279716919308,-0.011970345350697638,0.4525293803732602,-0.03655748868279335,1.9938217401504517,0.008643935434520245,0
mujoco,flat_forward,0,0,940,9.40000000000023,1.0,0.0,0.3312593608601885,0.023051698607431104,-0.011997030936332512,0.45331207476274393,-0.021777875761715377,1.99424147605896,0.009961137548089027,0
mujoco,flat_forward,0,0,941,9.410000000000224,1.0,0.0,0.33125747175446973,0.023049527373849722,-0.012056746815227596,0.4529002658872634,-0.03883724491753994,1.9892606735229492,0.018009627237915993,0
mujoco,flat_forward,0,0,942,9.420000000000218,1.0,0.0,0.33125721123484997,0.02305097426007112,-0.01203158440777427,0.4528461476166655,-0.025782720362397035,1.9951739311218262,0.018584640696644783,0
mujoco,flat_forward,0,0,943,9.430000000000213,1.0,0.0,0.33125580858334086,0.023058411097121232,-0.01211592461742869,0.4535077043246348,-0.036433262309858064,1.994993805885315,0.010643644258379936,0
mujoco,flat_forward,0,0,944,9.440000000000207,1.0,0.0,0.33125215200443464,0.023036427734308414,-0.012085215718160042,0.4525957305219646,-0.02829524382955889,1.9936367273330688,0.011986888013780117,0
mujoco,flat_forward,0,0,945,9.450000000000202,1.0,0.0,0.331250843174069,0.023030222272928093,-0.01216435506671156,0.4536931909279716,-0.025131317936836515,1.9984874725341797,0.01458155456930399,0
mujoco,flat_forward,0,0,946,9.460000000000196,1.0,0.0,0.3312466992628455,0.023010862332045214,-0.012167534657312523,0.45256655526251716,-0.032833847587600815,1.9913015365600586,0.01801452226936817,0
mujoco,flat_forward,0,0,947,9.47000000000019,1.0,0.0,0.33124846806924463,0.023002443112695323,-0.012152767407095935,0.4534019735735997,-0.025461271623772673,1.999552607536316,0.021080922335386276,0
mujoco,flat_forward,0,0,948,9.480000000000185,1.0,0.0,0.33124573276597424,0.022992635247398068,-0.012237570052102761,0.4532362006937849,-0.0398306663810397,1.9928849935531616,0.018846970051527023,0
mujoco,flat_forward,0,0,949,9.49000000000018,1.0,0.0,0.3312447445812672,0.022978064346474817,-0.012189018141758299,0.45297793548105986,-0.03147849142858963,1.9958447217941284,0.014069901779294014,0
mujoco,flat_forward,0,0,950,9.500000000000174,1.0,0.0,0.33124284583229535,0.02297019492367588,-0.012292918485403185,0.45398420606861045,-0.037698409189087685,1.997368335723877,0.006494933273643255,0
mujoco,flat_forward,0,0,951,9.510000000000169,1.0,0.0,0.3312363294034796,0.022939699752526216,-0.012240823133299574,0.4527455719750337,-0.03325754341496538,1.9907392263412476,0.014981125481426716,0
mujoco,flat_forward,0,0,952,9.520000000000163,1.0,0.0,0.33123246396984485,0.022922825787954765,-0.012293561149318427,0.45412880689010116,-0.027954253308286856,1.9994711875915527,0.0203799270093441,0
mujoco,flat_forward,0,0,953,9.530000000000157,1.0,0.0,0.3312211781205632,0.022908428291670342,-0.012324672583556429,0.4527978800710852,-0.036370772545794815,1.988045573234558,0.026196887716650963,0
mujoco,flat_forward,0,0,954,9.540000000000152,1.0,0.0,0.3312148207209884,0.022903538070257082,-0.012292536431741836,0.45345648385296,-0.03232839584830732,1.9991178512573242,0.02532372809946537,0
mujoco,flat_forward,0,0,955,9.550000000000146,1.0,0.0,0.3312048474490838,0.022900345829199916,-0.012422291159005384,0.4535881346984366,-0.034128495660497145,1.9936792850494385,0.017369398847222328,0
mujoco,flat_forward,0,0,956,9.56000000000014,1.0,0.0,0.3311969631218055,0.02290009400673891,-0.012347615807578254,0.45306285551497816,-0.03200129508212421,1.9929358959197998,0.007225325796753168,0
mujoco,flat_forward,0,0,957,9.570000000000135,1.0,0.0,0.331189580652851,0.02289903383118093,-0.01245882248737846,0.4545792677754278,-0.03129751307422695,1.9989914894104004,0.009798327460885048,0
mujoco,flat_forward,0,0,958,9.58000000000013,1.0,0.0,0.3311766856043641,0.022899688036172462,-0.012347025675958757,0.4528221896886359,-0.03179870365405135,1.9865721464157104,0.023028036579489708,0
mujoco,flat_forward,0,0,959,9.590000000000124,1.0,0.0,0.3311683086703709,0.022897304630953345,-0.012314019120600607,0.4541815508429262,-0.032875548261735534,2.004019021987915,0.03314852714538574,0
mujoco,flat_forward,0,0,960,9.600000000000119,1.0,0.0,0.3311551756118045,0.022895134763768185,-0.012328212777118729,0.4530365220858442,-0.031111264299111003,1.9924635887145996,0.02753986418247223,0
mujoco,flat_forward,0,0,961,9.610000000000113,1.0,0.0,0.33114956824285585,0.022892696563354176,-0.012237828526762798,0.453492337205266,-0.03394748036113799,2.0021705627441406,0.023606719449162483,0
mujoco,flat_forward,0,0,962,9.620000000000108,1.0,0.0,0.33114399018013474,0.022886411053064725,-0.012333229983286141,0.4537691106896343,-0.029470562708786292,1.9991636276245117,0.013029341585934162,0
mujoco,flat_forward,0,0,963,9.630000000000102,1.0,0.0,0.3311426957024206,0.022884796295972336,-0.012230844466514856,0.4530085584880096,-0.03456463186888109,1.9944814443588257,0.010240212082862854,0
mujoco,flat_forward,0,0,964,9.640000000000096,1.0,0.0,0.3311447844179022,0.022874055350872148,-0.012298313177193819,0.45425376015656643,-0.03327356583722713,2.0021355152130127,0.013690133579075336,0
mujoco,flat_forward,0,0,965,9.650000000000091,1.0,0.0,0.3311429387459379,0.02288028423214409,-0.012239103016943292,0.4527743362927154,-0.03216175598760281,1.989446997642517,0.022951453924179077,0
mujoco,flat_forward,0,0,966,9.660000000000085,1.0,0.0,0.33114631817356754,0.022875972966032325,-0.012215768992878887,0.453868712571528,-0.03774094711231483,2.0044243335723877,0.027618970721960068,0
mujoco,flat_forward,0,0,967,9.67000000000008,1.0,0.0,0.33114462524513083,0.02287492427004262,-0.012282756295803941,0.4531823848735474,-0.02395218615809544,1.9944027662277222,0.02363673783838749,0
mujoco,flat_forward,0,0,968,9.680000000000074,1.0,0.0,0.33114608702027876,0.022874875539020473,-0.01222734740595546,0.45321574420650285,-0.03343823565775666,1.9992822408676147,0.018380245193839073,0
mujoco,flat_forward,0,0,969,9.690000000000069,1.0,0.0,0.33114601132218063,0.022862580008944092,-0.012338310562166008,0.4540222173036624,-0.025493378164621078,2.0011255741119385,0.011133511550724506,0
mujoco,flat_forward,0,0,970,9.700000000000063,1.0,0.0,0.3311417119135829,0.022876037830834115,-0.012310769330264149,0.45309210563474506,-0.03317139201882682,1.9920809268951416,0.018076976761221886,0
mujoco,flat_forward,0,0,971,9.710000000000058,1.0,0.0,0.3311383145207704,0.02286638111019248,-0.012372545850814905,0.4541123774792885,-0.037161502172156476,2.004378318786621,0.021891603246331215,0
mujoco,flat_forward,0,0,972,9.720000000000052,1.0,0.0,0.3311318760623025,0.02287354345176492,-0.01238956752412184,0.45320362568828465,-0.027385956106357,1.993786096572876,0.02119038626551628,0
mujoco,flat_forward,0,0,973,9.730000000000047,1.0,0.0,0.33113023347295706,0.022868611441369764,-0.012366361068353591,0.45386224515373563,-0.03797334131565061,2.0039846897125244,0.020548339933156967,0
mujoco,flat_forward,0,0,974,9.740000000000041,1.0,0.0,0.3311254642628012,0.02285924620474443,-0.01242080831371225,0.45360849848904256,-0.020904827169395835,1.9986752271652222,0.016492566093802452,0
mujoco,flat_forward,0,0,975,9.750000000000036,1.0,0.0,0.33112349809568825,0.022858509716163638,-0.012367756735320515,0.45332449104502437,-0.034926938839898884,1.9983927011489868,0.01611214503645897,0
mujoco,flat_forward,0,0,976,9.76000000000003,1.0,0.0,0.3311232282740655,0.022839075689245737,-0.012409468560572004,0.45371058810916887,-0.027472043649367662,2.0031888484954834,0.013808713294565678,0
mujoco,flat_forward,0,0,977,9.770000000000024,1.0,0.0,0.33112341979282667,0.02285648379989866,-0.012403712571207487,0.45318673659435227,-0.03082613716457256,1.9956107139587402,0.016151048243045807,0
mujoco,flat_forward,0,0,978,9.780000000000019,1.0,0.0,0.33112698495711285,0.022845961462344522,-0.012430370598435554,0.45362252417797255,-0.03670730276865595,2.0035011768341064,0.014543319121003151,0
mujoco,flat_forward,0,0,979,9.790000000000013,1.0,0.0,0.3311307829863405,0.0228567161544364,-0.012446211904112749,0.45323300981774517,-0.0235800022713507,1.9973417520523071,0.012612628750503063,0
mujoco,flat_forward,0,0,980,9.800000000000008,1.0,0.0,0.3311381825113026,0.022856204274723027,-0.01243454006742603,0.4535288191341923,-0.040493910298217715,2.002006769180298,0.01263064332306385,0
mujoco,flat_forward,0,0,981,9.810000000000002,1.0,0.0,0.33114120994273616,0.022839061510190575,-0.012477962755582423,0.45353663535333516,-0.02207346869900631,1.9993698596954346,0.015319743193686008,0
mujoco,flat_forward,0,0,982,9.819999999999997,1.0,0.0,0.33114040605545575,0.02284234650057653,-0.012473979436646859,0.4531586635078257,-0.03714277293341636,1.9966769218444824,0.017490539699792862,0
mujoco,flat_forward,0,0,983,9.829999999999991,1.0,0.0,0.3311384757955402,0.022819802292671828,-0.012513717128983016,0.45333912927473374,-0.03298004617600277,2.002809762954712,0.01555687841027975,0
mujoco,flat_forward,0,0,984,9.839999999999986,1.0,0.0,0.3311368710257351,0.022832058226434672,-0.012530856228942051,0.45312770189375784,-0.03086214336757587,1.99747633934021,0.011950085870921612,0
mujoco,flat_forward,0,0,985,9.84999999999998,1.0,0.0,0.3311372222427411,0.022817672648561917,-0.012551597921387957,0.4533313950293135,-0.03986535936173979,2.002091646194458,0.009583544917404652,0
mujoco,flat_forward,0,0,986,9.859999999999975,1.0,0.0,0.3311382606014004,0.022820969027709637,-0.01257249142765012,0.4534344697360472,-0.019487902979045558,1.9984508752822876,0.009994113817811012,0
mujoco,flat_forward,0,0,987,9.869999999999969,1.0,0.0,0.33113719342403014,0.022826987971889257,-0.012575980391651684,0.4534270236642407,-0.040593015195217644,1.9972474575042725,0.014529828913509846,0
mujoco,flat_forward,0,0,988,9.879999999999963,1.0,0.0,0.3311329390074226,0.02281467080837046,-0.012564147881457982,0.4530174312000312,-0.02410358894126007,1.999778151512146,0.016816342249512672,0
mujoco,flat_forward,0,0,989,9.889999999999958,1.0,0.0,0.3311274571859342,0.022828757805477797,-0.012581785915548848,0.4531639999134124,-0.033037427964075335,1.9989995956420898,0.014858377166092396,0
mujoco,flat_forward,0,0,990,9.899999999999952,1.0,0.0,0.3311226929434534,0.022811433052714825,-0.012576729157070506,0.45279180650829187,-0.03196854304698713,2.0017783641815186,0.011439451016485691,0
mujoco,flat_forward,0,0,991,9.909999999999947,1.0,0.0,0.33112152738101247,0.022825596499148015,-0.012597988702732772,0.45317459936507176,-0.02520072379513253,2.000715732574463,0.00854929443448782,0
mujoco,flat_forward,0,0,992,9.919999999999941,1.0,0.0,0.3311203679789712,0.022814791194197413,-0.012610951643365209,0.4530322370162572,-0.041900588670688736,2.000046968460083,0.009648804552853107,0
mujoco,flat_forward,0,0,993,9.929999999999936,1.0,0.0,0.33112066691700054,0.022806165639159416,-0.012601345881794943,0.4531193957356786,-0.025016326179540856,2.0000109672546387,0.013203694485127926,0
mujoco,flat_forward,0,0,994,9.93999999999993,1.0,0.0,0.3311169819406743,0.022803166158230366,-0.012625533397409612,0.4532236721498705,-0.044197518028067144,1.9979770183563232,0.014383217319846153,0
mujoco,flat_forward,0,0,995,9.949999999999925,1.0,0.0,0.3311105951267359,0.022774735496460426,-0.01259965970604067,0.4526039839259239,-0.030997940344191784,1.9993438720703125,0.015407590195536613,0
mujoco,flat_forward,0,0,996,9.95999999999992,1.0,0.0,0.33110413373976083,0.022778321770726924,-0.012654956558464246,0.4532854681001561,-0.031004968776949176,2.000014066696167,0.012234821915626526,0
mujoco,flat_forward,0,0,997,9.969999999999914,1.0,0.0,0.3310947630681042,0.022759699500748437,-0.012640302144890949,0.4525652892994049,-0.034622398093161956,1.9978336095809937,0.01072835735976696,0
mujoco,flat_forward,0,0,998,9.979999999999908,1.0,0.0,0.33108923413911384,0.022765198948177943,-0.01264407059270514,0.45345949308624767,-0.02325367758704311,2.001805067062378,0.013449370861053467,0
mujoco,flat_forward,0,0,999,9.989999999999903,1.0,0.0,0.33107768908882423,0.022766704195439257,-0.01268026909568567,0.45276827372658196,-0.03894429744637792,1.9959312677383423,0.018961193040013313,0
mujoco,flat_forward,0,0,1000,9.999999999999897,1.0,0.0,0.33107021917550106,0.02277180638182483,-0.012620739088771772,0.4528139123534018,-0.02831985110548663,2.0027027130126953,0.019645752385258675,0
mujoco,flat_forward,0,0,1001,10.009999999999891,1.0,0.0,0.3310623815471987,0.022778749308167628,-0.012680779318472129,0.4533466981084142,-0.03889705723104479,2.0014686584472656,0.01099291443824768,0
mujoco,flat_forward,0,0,1002,10.019999999999886,1.0,0.0,0.33105606886968064,0.022774644175741415,-0.012580859126552274,0.4523735288214413,-0.029255852632852224,2.000380754470825,0.009421699680387974,0
mujoco,flat_forward,0,0,1003,10.02999999999988,1.0,0.0,0.33105385694337186,0.0227802814455685,-0.012618154327050789,0.45355184150571565,-0.02735495781548706,2.0063283443450928,0.01408590842038393,0
mujoco,flat_forward,0,0,1004,10.039999999999875,1.0,0.0,0.3310492186693749,0.022770686689635077,-0.01255687758936424,0.4521687907931974,-0.03188218676545454,1.9977244138717651,0.01896810159087181,0
mujoco,flat_forward,0,0,1005,10.04999999999987,1.0,0.0,0.33105187183902157,0.022773334016204023,-0.012504353202903079,0.45310896665952455,-0.026420881688080572,2.008166551589966,0.024468664079904556,0
mujoco,flat_forward,0,0,1006,10.059999999999864,1.0,0.0,0.3310512954609532,0.0227733310051851,-0.012538112746194223,0.45240369451750917,-0.03536663507009446,1.999755859375,0.020888451486825943,0
mujoco,flat_forward,0,0,1007,10.069999999999858,1.0,0.0,0.33105796885678673,0.02277748653510829,-0.012440550296268818,0.4523664301665308,-0.030367733722563153,2.0054450035095215,0.01759951189160347,0
mujoco,flat_forward,0,0,1008,10.079999999999853,1.0,0.0,0.3310649145591203,0.02278115044234172,-0.012558260583719914,0.45354475547175593,-0.0345307707340113,2.0048420429229736,0.007806365843862295,0
mujoco,flat_forward,0,0,1009,10.089999999999847,1.0,0.0,0.33106772310646493,0.02278072397762818,-0.012459719530893365,0.4521209940164024,-0.03119055274194138,1.9963970184326172,0.01455493550747633,0
mujoco,flat_forward,0,0,1010,10.099999999999842,1.0,0.0,0.33107221933248215,0.022782794960440625,-0.012475767867294846,0.45362321250563586,-0.028653245967711002,2.00897479057312,0.025341421365737915,0
mujoco,flat_forward,0,0,1011,10.109999999999836,1.0,0.0,0.3310686636869504,0.022783140137045053,-0.01247276112338226,0.45218094929451286,-0.03196492217884091,1.996306300163269,0.026924069970846176,0
mujoco,flat_forward,0,0,1012,10.11999999999983,1.0,0.0,0.3310714401855053,0.02278647072512099,-0.012399124888543542,0.45290113062321014,-0.031442631443983744,2.0096209049224854,0.02859855256974697,0
mujoco,flat_forward,0,0,1013,10.129999999999825,1.0,0.0,0.3310728071258937,0.022787254919520467,-0.012496461282664692,0.4527937917381269,-0.03211008172459112,2.0036730766296387,0.016453798860311508,0
mujoco,flat_forward,0,0,1014,10.13999999999982,1.0,0.0,0.33108080118206784,0.02279033233091108,-0.012390512425391137,0.4523281566105809,-0.03262974957021029,2.003431797027588,0.009456409141421318,0
mujoco,flat_forward,0,0,1015,10.149999999999814,1.0,0.0,0.33109132585485895,0.022789180361209038,-0.01250464542118318,0.4539089540230024,-0.0337777552917914,2.0079214572906494,0.009164626710116863,0
mujoco,flat_forward,0,0,1016,10.159999999999808,1.0,0.0,0.33109675689235063,0.02278889776135666,-0.012396169157127443,0.4521189305777842,-0.0348090381727294,1.992924690246582,0.025247618556022644,0
mujoco,flat_forward,0,0,1017,10.169999999999803,1.0,0.0,0.33110577730974383,0.022786348616368572,-0.012355968871986164,0.4534894209963202,-0.0365904209031131,2.0107064247131348,0.03518393635749817,0
mujoco,flat_forward,0,0,1018,10.179999999999797,1.0,0.0,0.3311088150138944,0.022785287747615016,-0.012407926556367084,0.45261202428321584,-0.030960536665262328,1.9980088472366333,0.026714539155364037,0
mujoco,flat_forward,0,0,1019,10.189999999999792,1.0,0.0,0.33111729141888613,0.022785865067067188,-0.012323141881853709,0.45291482921886195,-0.03559963076240074,2.0063586235046387,0.021762050688266754,0
mujoco,flat_forward,0,0,1020,10.199999999999786,1.0,0.0,0.33112480029361213,0.022782373654156564,-0.012433137463206834,0.45352193584463035,-0.028652603496772153,2.0057663917541504,0.010097683407366276,0
mujoco,flat_forward,0,0,1021,10.20999999999978,1.0,0.0,0.331135009519732,0.02278796641949732,-0.012335970541719348,0.45260814016419043,-0.035891717277267435,1.9992440938949585,0.011965099722146988,0
mujoco,flat_forward,0,0,1022,10.219999999999775,1.0,0.0,0.33114928511448183,0.022781414871714215,-0.01238913751668388,0.45389723378039565,-0.03656393957669863,2.009523630142212,0.019088875502347946,0
mujoco,flat_forward,0,0,1023,10.22999999999977,1.0,0.0,0.33116068653554026,0.02279529880119178,-0.012357789465953407,0.4525922108100137,-0.032571953794835115,1.9966100454330444,0.02274179644882679,0
mujoco,flat_forward,0,0,1024,10.239999999999764,1.0,0.0,0.33117820866086517,0.02279707345500688,-0.012322425820702657,0.45358517825206496,-0.040359348414625955,2.0106308460235596,0.026882832869887352,0
mujoco,flat_forward,0,0,1025,10.249999999999758,1.0,0.0,0.33119039763334174,0.02279473166952158,-0.012423982224453463,0.4534661945133972,-0.026989361313123388,2.0021426677703857,0.02042941004037857,0
mujoco,flat_forward,0,0,1026,10.259999999999753,1.0,0.0,0.3312031505706367,0.02279486689044591,-0.012387147363727985,0.4533134509864668,-0.03745594428981426,2.003415822982788,0.01496664434671402,0
mujoco,flat_forward,0,0,1027,10.269999999999747,1.0,0.0,0.3312145931864852,0.022781047557537577,-0.012484722073958123,0.45412452392089325,-0.03005109802708955,2.0075838565826416,0.011960499919950962,0
mujoco,flat_forward,0,0,1028,10.279999999999742,1.0,0.0,0.33122306237621585,0.02279778906446343,-0.012477515956746489,0.45337958688888974,-0.034529572221879246,1.9990613460540771,0.016835179179906845,0
mujoco,flat_forward,0,0,1029,10.289999999999736,1.0,0.0,0.3312340497491261,0.022790170875769084,-0.012526199639683683,0.4543409943093863,-0.04044346316598437,2.010348081588745,0.02004697360098362,0
mujoco,flat_forward,0,0,1030,10.29999999999973,1.0,0.0,0.3312429694133681,0.022796499006736706,-0.012558569408573984,0.4537123725806096,-0.0279977493776437,2.001330614089966,0.017694685608148575,0
mujoco,flat_forward,0,0,1031,10.309999999999725,1.0,0.0,0.3312565420942375,0.022792094460910076,-0.012548944573347456,0.45426776459113893,-0.041212338791990634,2.009420871734619,0.01830477826297283,0
mujoco,flat_forward,0,0,1032,10.31999999999972,1.0,0.0,0.33126736328444023,0.02278008820853406,-0.012610043724006871,0.454283355020646,-0.022318055513633483,2.005758762359619,0.015067861415445805,0
mujoco,flat_forward,0,0,1033,10.329999999999714,1.0,0.0,0.3312786708898618,0.02277906623835078,-0.012595230527512729,0.45399036057823217,-0.03802498012726047,2.003674030303955,0.01655745692551136,0
mujoco,flat_forward,0,0,1034,10.339999999999709,1.0,0.0,0.33129077695090536,0.022752577893463105,-0.012645531547715378,0.45436133627752895,-0.032689727271463895,2.0095055103302,0.015619921498000622,0
mujoco,flat_forward,0,0,1035,10.349999999999703,1.0,0.0,0.3313020206875146,0.022763984848049132,-0.01267980756312389,0.45434985132315725,-0.030118926093819356,2.0031657218933105,0.01336115412414074,0
mujoco,flat_forward,0,0,1036,10.359999999999697,1.0,0.0,0.33131345323643735,0.022746730832422377,-0.012717436146904711,0.45474829439245695,-0.03937430028997813,2.008969306945801,0.011869567446410656,0
mujoco,flat_forward,0,0,1037,10.369999999999692,1.0,0.0,0.33132418332771624,0.022743915818788006,-0.012750482614372552,0.4548796275674346,-0.022162892179733926,2.0056753158569336,0.01019574236124754,0
mujoco,flat_forward,0,0,1038,10.379999999999686,1.0,0.0,0.331334523389192,0.02273591559555817,-0.012765731958483625,0.4551140017093919,-0.04288740030723543,2.007518768310547,0.013026153668761253,0
mujoco,flat_forward,0,0,1039,10.38999999999968,1.0,0.0,0.33134154278140115,0.022703970524557197,-0.012777852101175984,0.4549588438526917,-0.02461043564105295,2.0078375339508057,0.016462156549096107,0
mujoco,flat_forward,0,0,1040,10.399999999999675,1.0,0.0,0.33134570612883457,0.022696696245824145,-0.01280991922606003,0.4551344333206052,-0.0362197622947096,2.006985664367676,0.016691356897354126,0
mujoco,flat_forward,0,0,1041,10.40999999999967,1.0,0.0,0.3313492676729942,0.022639700550139617,-0.012837660505170174,0.45510456092646584,-0.03321098275897242,2.0106306076049805,0.01283316034823656,0
mujoco,flat_forward,0,0,1042,10.419999999999664,1.0,0.0,0.33135463351062866,0.022619891293734557,-0.012896307669256231,0.45552719801054165,-0.028430299552625504,2.0084071159362793,0.009305259212851524,0
mujoco,flat_forward,0,0,1043,10.429999999999659,1.0,0.0,0.33135964511163674,0.02257425139207398,-0.012935511110813178,0.4554844788622857,-0.03952894088474641,2.009049415588379,0.009278688579797745,0
mujoco,flat_forward,0,0,1044,10.439999999999653,1.0,0.0,0.3313669925152296,0.02254728569076936,-0.01296981339074507,0.45596230400009774,-0.022136623541974994,2.0090060234069824,0.010901691392064095,0
mujoco,flat_forward,0,0,1045,10.449999999999648,1.0,0.0,0.33136968575089676,0.02253328986518632,-0.013030550841269275,0.455970633514283,-0.0433015893344251,2.0058703422546387,0.016921835020184517,0
mujoco,flat_forward,0,0,1046,10.459999999999642,1.0,0.0,0.3313708297885389,0.02250626472075337,-0.013036806255926738,0.45566744754014504,-0.02722146103718586,2.0099427700042725,0.01769004948437214,0
mujoco,flat_forward,0,0,1047,10.469999999999636,1.0,0.0,0.3313709284720709,0.022498911267267142,-0.01311349462649088,0.4562109100254302,-0.03409564012284279,2.0106101036071777,0.012211469933390617,0
mujoco,flat_forward,0,0,1048,10.479999999999631,1.0,0.0,0.331368917641114,0.022434828535125264,-0.013136595654337474,0.45574770580464324,-0.030929445406496586,2.0108108520507812,0.010577332228422165,0
mujoco,flat_forward,0,0,1049,10.489999999999625,1.0,0.0,0.3313693511475332,0.02240535633702375,-0.013213793735353616,0.45657801510795487,-0.023603828130866655,2.0129730701446533,0.01036246307194233,0
mujoco,flat_forward,0,0,1050,10.49999999999962,1.0,0.0,0.33136623194822074,0.022364705912544275,-0.013259436663214948,0.4560197954713224,-0.03595600765220655,2.0082950592041016,0.01514993142336607,0
mujoco,flat_forward,0,0,1051,10.509999999999614,1.0,0.0,0.33136650296619014,0.022339575179293678,-0.01326314677522412,0.4564980360615495,-0.02423210002136082,2.0133979320526123,0.016022514551877975,0
mujoco,flat_forward,0,0,1052,10.519999999999609,1.0,0.0,0.3313616907933607,0.022324354093478924,-0.013341321735064986,0.456625073218702,-0.03892427863175158,2.009488344192505,0.015637347474694252,0
mujoco,flat_forward,0,0,1053,10.529999999999603,1.0,0.0,0.33135739251078516,0.022301129211237565,-0.013306142053615425,0.45622658476658534,-0.027489033598515615,2.0121495723724365,0.012882579118013382,0
mujoco,flat_forward,0,0,1054,10.539999999999598,1.0,0.0,0.33135330262429225,0.022289403580692153,-0.013375065853323957,0.4569546968179207,-0.03523386020292788,2.014190673828125,0.008319164626300335,0
mujoco,flat_forward,0,0,1055,10.549999999999592,1.0,0.0,0.33134691412600975,0.022219797375380504,-0.013349192963316254,0.4560807196730301,-0.032002201815779584,2.0109307765960693,0.01234558317810297,0
mujoco,flat_forward,0,0,1056,10.559999999999587,1.0,0.0,0.33134413563900933,0.022181292273793493,-0.013402428224797749,0.457207346042953,-0.025338844746085026,2.015782594680786,0.014263782650232315,0
mujoco,flat_forward,0,0,1057,10.569999999999581,1.0,0.0,0.3313359393725511,0.022140886050197074,-0.013425751710581352,0.45619317997123154,-0.03659191814480245,2.0062577724456787,0.022016922011971474,0
mujoco,flat_forward,0,0,1058,10.579999999999576,1.0,0.0,0.3313314766401895,0.02211554461037365,-0.013390564198496758,0.45675265718763464,-0.029145491223139957,2.014634370803833,0.021523313596844673,0
mujoco,flat_forward,0,0,1059,10.58999999999957,1.0,0.0,0.33132210576260257,0.0220963807525336,-0.013463100638911535,0.45675303411308105,-0.03951465496776962,2.0096144676208496,0.01643441803753376,0
mujoco,flat_forward,0,0,1060,10.599999999999564,1.0,0.0,0.33131437376755396,0.02207440012561645,-0.013386023332672801,0.45634644728271445,-0.0319063071920711,2.0111124515533447,0.010784422978758812,0
mujoco,flat_forward,0,0,1061,10.609999999999559,1.0,0.0,0.33130626818075265,0.02206207555938113,-0.01346923644722155,0.4574059519162219,-0.03390297052882828,2.013864755630493,0.006388820242136717,0
mujoco,flat_forward,0,0,1062,10.619999999999553,1.0,0.0,0.33129673625412764,0.022047571755258063,-0.013338110163387349,0.4559262153485095,-0.029448666157616696,2.0071208477020264,0.012989716604351997,0
mujoco,flat_forward,0,0,1063,10.629999999999548,1.0,0.0,0.33129223771361493,0.02203871061753887,-0.013338039419104558,0.4573671341573368,-0.026717079149283205,2.018808364868164,0.022852793335914612,0
mujoco,flat_forward,0,0,1064,10.639999999999542,1.0,0.0,0.33128082490203936,0.022030368786170602,-0.01332070874510397,0.4559125507302641,-0.030165612252935604,2.006862163543701,0.02796063758432865,0
mujoco,flat_forward,0,0,1065,10.649999999999537,1.0,0.0,0.3312750434008275,0.022024197829695478,-0.013256565469699411,0.4566517022638652,-0.029449450469019152,2.0191619396209717,0.02719685435295105,0
mujoco,flat_forward,0,0,1066,10.659999999999531,1.0,0.0,0.3312660985135638,0.022016050478528434,-0.013346110031245058,0.4564668243118671,-0.030551498110304363,2.0129058361053467,0.019341710954904556,0
mujoco,flat_forward,0,0,1067,10.669999999999526,1.0,0.0,0.33126115997003036,0.022009152810521924,-0.01325003970246467,0.45609566646486865,-0.03092423010826295,2.0133779048919678,0.009887529537081718,0
mujoco,flat_forward,0,0,1068,10.67999999999952,1.0,0.0,0.3312566488102238,0.02199657455574809,-0.013351973437026439,0.45737396836450916,-0.02908405735302123,2.0172502994537354,0.0075606126338243484,0
mujoco,flat_forward,0,0,1069,10.689999999999515,1.0,0.0,0.3312480980132735,0.021988650183979334,-0.01323638705640162,0.4557686816646964,-0.030995842198981702,2.0052196979522705,0.019905054941773415,0
mujoco,flat_forward,0,0,1070,10.699999999999509,1.0,0.0,0.3312428172411877,0.021972384231079445,-0.013226349731103143,0.45718143238573566,-0.03363356649664427,2.0209238529205322,0.028686707839369774,0
mujoco,flat_forward,0,0,1071,10.709999999999503,1.0,0.0,0.33123033982815614,0.021957771776466215,-0.013234283056698971,0.4558768389881386,-0.029243713547455707,2.0078911781311035,0.028230736032128334,0
mujoco,flat_forward,0,0,1072,10.719999999999498,1.0,0.0,0.33122318816567553,0.02194077239484257,-0.013159641761412343,0.45647344063488615,-0.0337855942335379,2.0188069343566895,0.025274120271205902,0
mujoco,flat_forward,0,0,1073,10.729999999999492,1.0,0.0,0.33121383980506064,0.02191971262995483,-0.013246730472269062,0.45653308464759695,-0.026954341550582035,2.0143837928771973,0.015627259388566017,0
mujoco,flat_forward,0,0,1074,10.739999999999487,1.0,0.0,0.33120785758534094,0.021907141948180414,-0.013155163164721822,0.45598824193113774,-0.03364279446469166,2.011509418487549,0.010610773228108883,0
mujoco,flat_forward,0,0,1075,10.749999999999481,1.0,0.0,0.3312035126480023,0.021882033692431895,-0.013227687430444593,0.4570578541458974,-0.030520402647685338,2.017897844314575,0.012290681712329388,0
mujoco,flat_forward,0,0,1076,10.759999999999476,1.0,0.0,0.3311949866296833,0.021878032568382666,-0.013178109343862607,0.4558305496756103,-0.03087007419322734,2.006213903427124,0.020798606798052788,0
mujoco,flat_forward,0,0,1077,10.76999999999947,1.0,0.0,0.33118993912977085,0.021859408143059596,-0.013183147508131009,0.45704160779909,-0.03820310665512898,2.019928455352783,0.02379724010825157,0
mujoco,flat_forward,0,0,1078,10.779999999999465,1.0,0.0,0.3311780278248414,0.021845759969007016,-0.013228267956837852,0.45604382048181313,-0.025409058483575674,2.0088422298431396,0.025379367172718048,0
mujoco,flat_forward,0,0,1079,10.78999999999946,1.0,0.0,0.33116944523348013,0.021829016438241384,-0.013182048661442255,0.45638763833215423,-0.03528739569013233,2.0166072845458984,0.02147061750292778,0
mujoco,flat_forward,0,0,1080,10.799999999999454,1.0,0.0,0.3311591328518019,0.021803605597880398,-0.01325352481787453,0.4564531288318014,-0.02548412045235062,2.015042543411255,0.01353563740849495,0
mujoco,flat_forward,0,0,1081,10.809999999999448,1.0,0.0,0.3311526780086929,0.021788362547063168,-0.013170755089394078,0.45584361733512235,-0.03686222850648784,2.0110621452331543,0.012387953698635101,0
mujoco,flat_forward,0,0,1082,10.819999999999443,1.0,0.0,0.33114897993519915,0.021754107902019856,-0.013217163291162322,0.4565887882973167,-0.03407786027836066,2.017951726913452,0.014231625944375992,0
mujoco,flat_forward,0,0,1083,10.829999999999437,1.0,0.0,0.3311439140794756,0.021747561547993212,-0.013191853104451636,0.4556737157429355,-0.0335102224766003,2.0075740814208984,0.018113812431693077,0
mujoco,flat_forward,0,0,1084,10.839999999999431,1.0,0.0,0.3311426052023946,0.02172399378913088,-0.013200604848108312,0.4565321159871993,-0.04259622246280733,2.017153024673462,0.01696035824716091,0
mujoco,flat_forward,0,0,1085,10.849999999999426,1.0,0.0,0.3311376758737398,0.021713286374637188,-0.013223548110667963,0.45574249984427545,-0.026628084853264216,2.0086090564727783,0.01880716346204281,0
mujoco,flat_forward,0,0,1086,10.85999999999942,1.0,0.0,0.33113599769830127,0.02170034411074692,-0.013177336628161576,0.4559093449673124,-0.04004480865567253,2.014925718307495,0.01817508414387703,0
mujoco,flat_forward,0,0,1087,10.869999999999415,1.0,0.0,0.33113220119524744,0.021677421298715683,-0.013215016206239215,0.45600279213156864,-0.02345048571517301,2.0142533779144287,0.013828539289534092,0
mujoco,flat_forward,0,0,1088,10.87999999999941,1.0,0.0,0.3311252153591851,0.021688928685759147,-0.01321603658766773,0.4556407100930856,-0.032782645296878556,2.009594678878784,0.01711439900100231,0
mujoco,flat_forward,0,0,1089,10.889999999999404,1.0,0.0,0.3311173666638022,0.021674138163942196,-0.01325385054214129,0.45592000187130066,-0.03254007304809194,2.0171329975128174,0.01558825746178627,0
mujoco,flat_forward,0,0,1090,10.899999999999398,1.0,0.0,0.331109782495134,0.021687649370553008,-0.013260908661128492,0.4555005234629653,-0.029510955840324832,2.0115957260131836,0.011706476099789143,0
mujoco,flat_forward,0,0,1091,10.909999999999393,1.0,0.0,0.33110603820584766,0.021674708532612923,-0.01326406736262002,0.45584370359466325,-0.04151860464340421,2.0172832012176514,0.01072273775935173,0
mujoco,flat_forward,0,0,1092,10.919999999999387,1.0,0.0,0.3311028031557307,0.021671262264658736,-0.013272304655249841,0.4555926850599495,-0.02257244864821948,2.012913703918457,0.012278621084988117,0
mujoco,flat_forward,0,0,1093,10.929999999999382,1.0,0.0,0.33110155315547174,0.021665858129929702,-0.013237900372602274,0.4555246576877177,-0.041891686604742906,2.013756275177002,0.01405596174299717,0
mujoco,flat_forward,0,0,1094,10.939999999999376,1.0,0.0,0.3310987892779879,0.02164157471570401,-0.01322749895477557,0.45535014617697867,-0.026505484576822124,2.015085458755493,0.01485606748610735,0
mujoco,flat_forward,0,0,1095,10.94999999999937,1.0,0.0,0.33109418753203024,0.02165142049769947,-0.013241514247490434,0.4554247872846642,-0.032736000042146045,2.011561870574951,0.01568508706986904,0
mujoco,flat_forward,0,0,1096,10.959999999999365,1.0,0.0,0.33108866520303476,0.0216334458189418,-0.013250058426007943,0.45532120690369593,-0.03396146168348105,2.0152182579040527,0.010750249028205872,0
mujoco,flat_forward,0,0,1097,10.96999999999936,1.0,0.0,0.3310846616167076,0.02164732908529819,-0.013274124230065298,0.45557720572638594,-0.02528929068986513,2.012937068939209,0.008210473693907261,0
mujoco,flat_forward,0,0,1098,10.979999999999354,1.0,0.0,0.3310800988657633,0.02164136938862847,-0.01328103755816157,0.4554300614478082,-0.04096914353101295,2.013782262802124,0.009855968877673149,0
mujoco,flat_forward,0,0,1099,10.989999999999348,1.0,0.0,0.3310780579054717,0.0216400056238675,-0.013267226394269771,0.4554961894112433,-0.02318417655134026,2.0145397186279297,0.01308739185333252,0
mujoco,flat_forward,0,0,1100,10.999999999999343,1.0,0.0,0.33107290152673835,0.021646559172954875,-0.013289410752790906,0.45560897913507653,-0.04219894258500641,2.012561321258545,0.01497493963688612,0
mujoco,flat_forward,0,0,1101,11.009999999999337,1.0,0.0,0.3310655201425466,0.021625514416008122,-0.01326675293637805,0.45503510824250865,-0.029003993340640192,2.0146892070770264,0.0159769169986248,0
mujoco,flat_forward,0,0,1102,11.019999999999332,1.0,0.0,0.3310585540650314,0.02163200306144177,-0.013312173996773348,0.4555108864007745,-0.03244675951055812,2.014798879623413,0.012568732723593712,0
mujoco,flat_forward,0,0,1103,11.029999999999326,1.0,0.0,0.3310509149091044,0.021611336399710187,-0.013304136372315213,0.45494431722203504,-0.034989353928446654,2.0139243602752686,0.009849326685070992,0
mujoco,flat_forward,0,0,1104,11.03999999999932,1.0,0.0,0.33104734631351385,0.021615534223066564,-0.013326384162529818,0.4557102533270501,-0.02429556510950994,2.0155715942382812,0.010785792022943497,0
mujoco,flat_forward,0,0,1105,11.049999999999315,1.0,0.0,0.33103990415951795,0.021608175674078498,-0.013342995757074793,0.45505939796704853,-0.04038920877389383,2.009814500808716,0.016799455508589745,0
mujoco,flat_forward,0,0,1106,11.05999999999931,1.0,0.0,0.33103632482736856,0.02160663388520904,-0.013288162058723128,0.45519381223421823,-0.028568036132336015,2.0159130096435547,0.019086115062236786,0
mujoco,flat_forward,0,0,1107,11.069999999999304,1.0,0.0,0.33103053674720356,0.021609869813963713,-0.013334835401624907,0.4555602379738883,-0.042087566061963094,2.0133368968963623,0.01260275486856699,0
mujoco,flat_forward,0,0,1108,11.079999999999298,1.0,0.0,0.3310255716441875,0.021602012953799342,-0.013245011817535006,0.454750688897542,-0.03104177569032355,2.013749837875366,0.010937330313026905,0
mujoco,flat_forward,0,0,1109,11.089999999999293,1.0,0.0,0.33102296966056033,0.021607583123760984,-0.01328632285546728,0.45574779400217574,-0.03127701553930294,2.01804256439209,0.012074694037437439,0
mujoco,flat_forward,0,0,1110,11.099999999999287,1.0,0.0,0.3310178802336414,0.02159309394580628,-0.013232386148755085,0.4546238113050681,-0.034213518415294096,2.011955976486206,0.015149409882724285,0
mujoco,flat_forward,0,0,1111,11.109999999999282,1.0,0.0,0.33101850919568354,0.02159451815889538,-0.013208883402358455,0.45565882938582875,-0.026647775822300396,2.0197737216949463,0.019899774342775345,0
mujoco,flat_forward,0,0,1112,11.119999999999276,1.0,0.0,0.33101357350684274,0.02159350596917644,-0.013242482485429686,0.4548747430344195,-0.03795942481809348,2.0111474990844727,0.021610556170344353,0
mujoco,flat_forward,0,0,1113,11.12999999999927,1.0,0.0,0.33101427407282613,0.021598465529967678,-0.013165771712755259,0.4550283637652037,-0.03131269364494563,2.0184099674224854,0.0197326447814703,0
mujoco,flat_forward,0,0,1114,11.139999999999265,1.0,0.0,0.3310139984777123,0.02160341542397838,-0.013257561354199468,0.45559638884479664,-0.0380533563265236,2.0164060592651367,0.010287277400493622,0
mujoco,flat_forward,0,0,1115,11.14999999999926,1.0,0.0,0.33101534141115874,0.02160615566854011,-0.013154004599841958,0.4546273390032983,-0.031848165575814165,2.013336658477783,0.007457585074007511,0
mujoco,flat_forward,0,0,1116,11.159999999999254,1.0,0.0,0.33101961640954086,0.021612594258570764,-0.013219199693402382,0.4561245249073846,-0.030272304480450977,2.0204885005950928,0.014222006313502789,0
mujoco,flat_forward,0,0,1117,11.169999999999249,1.0,0.0,0.3310175442213644,0.02161122842684576,-0.013152848655154025,0.45442673992059573,-0.033710607440309105,2.0077414512634277,0.024916721507906914,0
mujoco,flat_forward,0,0,1118,11.179999999999243,1.0,0.0,0.3310206384333634,0.02161434606895983,-0.013102545272609283,0.45554360549869627,-0.03245122405765448,2.0224363803863525,0.03173035383224487,0
mujoco,flat_forward,0,0,1119,11.189999999999237,1.0,0.0,0.3310195438780578,0.02161522606642891,-0.013156846929515433,0.45480715429360197,-0.0362600492896036,2.012521505355835,0.023579053580760956,0
mujoco,flat_forward,0,0,1120,11.199999999999232,1.0,0.0,0.3310251728416733,0.02161949332620316,-0.013065493059978336,0.45492702153928605,-0.03549285951106196,2.0182671546936035,0.017879042774438858,0
mujoco,flat_forward,0,0,1121,11.209999999999226,1.0,0.0,0.33103035978394507,0.021621550872286708,-0.0131836217136383,0.45566990922230727,-0.03554208141182361,2.0177929401397705,0.008502858690917492,0
mujoco,flat_forward,0,0,1122,11.21999999999922,1.0,0.0,0.33103685149508644,0.021626592160493327,-0.013074721870850833,0.4545112162422856,-0.03654571214562609,2.010511636734009,0.010799129493534565,0
mujoco,flat_forward,0,0,1123,11.229999999999215,1.0,0.0,0.33104662624801645,0.021627996042298158,-0.013131569775778059,0.4561324115255515,-0.03744903096255614,2.020880699157715,0.01897294819355011,0
mujoco,flat_forward,0,0,1124,11.23999999999921,1.0,0.0,0.331047205102774,0.021633093688837174,-0.013113723442516217,0.4543750721595934,-0.03595283097470297,2.005985736846924,0.029292497783899307,0
mujoco,flat_forward,0,0,1125,11.249999999999204,1.0,0.0,0.3310516744221854,0.021635434393724232,-0.01307992741463116,0.4553690288954616,-0.0392450562485093,2.021326780319214,0.032306969165802,0
mujoco,flat_forward,0,0,1126,11.259999999999199,1.0,0.0,0.33105151656876536,0.021638615571430035,-0.01318795500179868,0.4550827369343678,-0.030992471986315762,2.0126454830169678,0.022275874391198158,0
mujoco,flat_forward,0,0,1127,11.269999999999193,1.0,0.0,0.33105391833469455,0.021648028782606122,-0.013133540296395964,0.454923483748954,-0.03731336271203438,2.014281749725342,0.013155604712665081,0
mujoco,flat_forward,0,0,1128,11.279999999999188,1.0,0.0,0.33105506809306895,0.021648659900859894,-0.0132496930050478,0.4559353438594478,-0.030292496529253164,2.0183563232421875,0.01090450119227171,0
mujoco,flat_forward,0,0,1129,11.289999999999182,1.0,0.0,0.33105189340733515,0.021674873842180014,-0.01321631850810135,0.45480665931186887,-0.03560927446643483,2.007897138595581,0.019223850220441818,0
mujoco,flat_forward,0,0,1130,11.299999999999176,1.0,0.0,0.3310505686388201,0.021684958080137987,-0.013269465252250817,0.4560978883758166,-0.04111755623028437,2.0217459201812744,0.023733431473374367,0
mujoco,flat_forward,0,0,1131,11.309999999999171,1.0,0.0,0.3310442623253829,0.021704015148613396,-0.013300397091903933,0.455025059459083,-0.03013460044026662,2.0103631019592285,0.024052130058407784,0
mujoco,flat_forward,0,0,1132,11.319999999999165,1.0,0.0,0.3310425885811185,0.021712679237883406,-0.01326755044032575,0.45568695046329083,-0.039246582352934045,2.0215418338775635,0.023553719744086266,0
mujoco,flat_forward,0,0,1133,11.32999999999916,1.0,0.0,0.33103807075756536,0.021714420818401328,-0.01334358746805764,0.4556770339181071,-0.024628029076946036,2.0175974369049072,0.016035573557019234,0
mujoco,flat_forward,0,0,1134,11.339999999999154,1.0,0.0,0.33103595095931376,0.021724157141654807,-0.013295269090116246,0.45535187387230214,-0.03688336869171997,2.015681266784668,0.014656632207334042,0
mujoco,flat_forward,0,0,1135,11.349999999999149,1.0,0.0,0.331035140445446,0.02171400466954248,-0.013359491479724935,0.4560306788767855,-0.031767910065410576,2.0217792987823486,0.013994560576975346,0
mujoco,flat_forward,0,0,1136,11.359999999999143,1.0,0.0,0.33103328011530775,0.021736780551445727,-0.013360877812341519,0.45542147491310697,-0.033220644345327024,2.0127832889556885,0.01711009070277214,0
mujoco,flat_forward,0,0,1137,11.369999999999138,1.0,0.0,0.33103469315542766,0.02173654999814188,-0.013384809073737985,0.45592965782221384,-0.037733462571488775,2.021775960922241,0.01564142294228077,0
mujoco,flat_forward,0,0,1138,11.379999999999132,1.0,0.0,0.33103721974687056,0.0217619425389044,-0.01340218986221581,0.4555581470411326,-0.023951980985476337,2.016195297241211,0.011691167019307613,0
mujoco,flat_forward,0,0,1139,11.389999999999127,1.0,0.0,0.33104411706480563,0.021775357057230806,-0.01339552770537358,0.45594249075319565,-0.04068009068272575,2.0205698013305664,0.012238251976668835,0
mujoco,flat_forward,0,0,1140,11.399999999999121,1.0,0.0,0.3310483351027687,0.021776774140749508,-0.01341596061068343,0.45567830991383423,-0.020935077292278007,2.0186827182769775,0.015661731362342834,0
mujoco,flat_forward,0,0,1141,11.409999999999116,1.0,0.0,0.3310534551321277,0.02178000401907005,-0.013387156594550653,0.4553635318792841,-0.039112550694485174,2.01710844039917,0.017000703141093254,0
mujoco,flat_forward,0,0,1142,11.41999999999911,1.0,0.0,0.3310596437753662,0.021758524514303924,-0.01340557316492589,0.4554519302727949,-0.03195233847503327,2.0214498043060303,0.014584695920348167,0
mujoco,flat_forward,0,0,1143,11.429999999999104,1.0,0.0,0.3310660900692164,0.021767536170529518,-0.013413315265918106,0.4552071098757147,-0.034821239740167695,2.0157365798950195,0.012963187880814075,0
mujoco,flat_forward,0,0,1144,11.439999999999099,1.0,0.0,0.3310738223445307,0.021748071195277233,-0.013437275822896685,0.45539052660512924,-0.040412112687463655,2.0202832221984863,0.010088592767715454,0
mujoco,flat_forward,0,0,1145,11.449999999999093,1.0,0.0,0.33108173149664766,0.02175280797629899,-0.013467959127596973,0.4555124584373383,-0.023749493463806483,2.0159804821014404,0.009469623677432537,0
mujoco,flat_forward,0,0,1146,11.459999999999088,1.0,0.0,0.3310865368176312,0.021751006487762323,-0.013487146562600827,0.45560030001824925,-0.043391130044588194,2.0157954692840576,0.012287290766835213,0
mujoco,flat_forward,0,0,1147,11.469999999999082,1.0,0.0,0.33108916739693706,0.021746174676748494,-0.01348222420080226,0.4553150896963271,-0.023966231898807182,2.0174155235290527,0.01484385970979929,0
mujoco,flat_forward,0,0,1148,11.479999999999077,1.0,0.0,0.3310889587959382,0.021757697992612828,-0.013497651977229816,0.4554126642155694,-0.03676622299894622,2.0170176029205322,0.015479335561394691,0
mujoco,flat_forward,0,0,1149,11.489999999999071,1.0,0.0,0.33108761342203846,0.0217360631100676,-0.013494897113968023,0.4550900133646877,-0.030614686692884384,2.0207533836364746,0.013493559323251247,0
mujoco,flat_forward,0,0,1150,11.499999999999066,1.0,0.0,0.33108817933761564,0.02174567025979612,-0.013530575247277021,0.45545036944663064,-0.02760258048719463,2.0198328495025635,0.009572447277605534,0
mujoco,flat_forward,0,0,1151,11.50999999999906,1.0,0.0,0.33108842846583114,0.02172879516769043,-0.013540181546801632,0.45513646595886986,-0.03660436158662912,2.019822120666504,0.008719389326870441,0
mujoco,flat_forward,0,0,1152,11.519999999999055,1.0,0.0,0.33109273925816207,0.021726886875535575,-0.013546892398784944,0.4556054913683483,-0.02098343876207389,2.020446538925171,0.010825135745108128,0
mujoco,flat_forward,0,0,1153,11.529999999999049,1.0,0.0,0.33109224023951894,0.021726165790695223,-0.013586992856664998,0.4553719155420451,-0.040581418915014426,2.0162079334259033,0.01714254915714264,0
mujoco,flat_forward,0,0,1154,11.539999999999043,1.0,0.0,0.3310929275593276,0.021724626487960755,-0.013557775558685339,0.4550571771316905,-0.025602593717928432,2.021042585372925,0.017573047429323196,0
mujoco,flat_forward,0,0,1155,11.549999999999038,1.0,0.0,0.33109412432986557,0.0217308759932996,-0.013589541502874773,0.45537677091167217,-0.03797734162876533,2.020772695541382,0.011287271976470947,0
mujoco,flat_forward,0,0,1156,11.559999999999032,1.0,0.0,0.33109509343607957,0.021700641539371526,-0.013571066444573692,0.45472550222327873,-0.03083260596486913,2.02099347114563,0.011367633007466793,0
mujoco,flat_forward,0,0,1157,11.569999999999027,1.0,0.0,0.33109927447549226,0.021696586307663194,-0.013618595541584321,0.45534812959331394,-0.027609819177975062,2.022322177886963,0.011075896210968494,0
mujoco,flat_forward,0,0,1158,11.579999999999021,1.0,0.0,0.3311017306065748,0.02167250323746944,-0.013625284454785882,0.4546594079482573,-0.03596616573247468,2.0179779529571533,0.012043504975736141,0
mujoco,flat_forward,0,0,1159,11.589999999999016,1.0,0.0,0.3311089899638808,0.02166522316017638,-0.01361937023042644,0.45518848064058914,-0.02443657619671646,2.021991729736328,0.014233258552849293,0
mujoco,flat_forward,0,0,1160,11.59999999999901,1.0,0.0,0.33111079654449993,0.0216602596829521,-0.01367154267098835,0.4548539959103981,-0.03961419086640008,2.016324996948242,0.017001625150442123,0
mujoco,flat_forward,0,0,1161,11.609999999999005,1.0,0.0,0.33111490459452764,0.02165848255004096,-0.013621085612008848,0.45455145386567825,-0.028414643942040966,2.02095627784729,0.015569150447845459,0
mujoco,flat_forward,0,0,1162,11.619999999999,1.0,0.0,0.3311179706839178,0.02166363096002901,-0.013698750163703179,0.4552937254550843,-0.03673615355070224,2.0211009979248047,0.008247941732406616,0
mujoco,flat_forward,0,0,1163,11.629999999998994,1.0,0.0,0.33111729392240874,0.021646792798377147,-0.013645125940350366,0.45418989711224766,-0.030317629951172625,2.0175321102142334,0.01239702943712473,0
mujoco,flat_forward,0,0,1164,11.639999999998988,1.0,0.0,0.3311184726809422,0.021643984242629928,-0.013697592876593567,0.45537264067959365,-0.025455750347090036,2.023833751678467,0.016818981617689133,0
mujoco,flat_forward,0,0,1165,11.649999999998983,1.0,0.0,0.33111375540686544,0.021631487825743718,-0.013684971861236302,0.4540390339032129,-0.034299307670459675,2.013493299484253,0.022777849808335304,0
mujoco,flat_forward,0,0,1166,11.659999999998977,1.0,0.0,0.3311139037796373,0.02162976689902905,-0.013629360712993229,0.45472720307469555,-0.02899796996928255,2.0242159366607666,0.02539975941181183,0
mujoco,flat_forward,0,0,1167,11.669999999998971,1.0,0.0,0.3311098388217072,0.02162685961957594,-0.0136874080642359,0.4544113308188008,-0.03740154247656372,2.01765775680542,0.018157295882701874,0
mujoco,flat_forward,0,0,1168,11.679999999998966,1.0,0.0,0.33111029356341254,0.021626322634521473,-0.01358804067800431,0.45408395058563933,-0.03199338323886611,2.020566701889038,0.012830246239900589,0
mujoco,flat_forward,0,0,1169,11.68999999999896,1.0,0.0,0.3311111331436348,0.02162718740781756,-0.013675844963323313,0.4551545137787271,-0.03565755722085719,2.022273540496826,0.0059003704227507114,0
mujoco,flat_forward,0,0,1170,11.699999999998955,1.0,0.0,0.33111041615592796,0.021624956937748994,-0.013547564293119136,0.45364077522583496,-0.032146081023420446,2.014240026473999,0.013801058754324913,0
mujoco,flat_forward,0,0,1171,11.70999999999895,1.0,0.0,0.3311139694225675,0.021625620737480953,-0.013543267814911226,0.45506282030078077,-0.029733021768962038,2.0263140201568604,0.024182237684726715,0
mujoco,flat_forward,0,0,1172,11.719999999998944,1.0,0.0,0.3311094106953274,0.021620169289382585,-0.01356047878831586,0.4538408117412555,-0.03633108147120161,2.013485908508301,0.02741105481982231,0
mujoco,flat_forward,0,0,1173,11.729999999998938,1.0,0.0,0.33110918971024655,0.02161888712960036,-0.01348971585406293,0.45439945785660446,-0.0342690843997314,2.024817705154419,0.025209764018654823,0
mujoco,flat_forward,0,0,1174,11.739999999998933,1.0,0.0,0.33110550689444174,0.021614392957113093,-0.013593771734372793,0.4545351441268883,-0.037258528221380226,2.019700765609741,0.01429147832095623,0
mujoco,flat_forward,0,0,1175,11.749999999998927,1.0,0.0,0.3311053365420271,0.021612720073894386,-0.013486304342285026,0.4539035317984418,-0.03589455946766728,2.0179450511932373,0.00742965517565608,0
mujoco,flat_forward,0,0,1176,11.759999999998922,1.0,0.0,0.33110646884908324,0.021610381231507377,-0.01358441569267835,0.45556474815315057,-0.033530097193416035,2.023531198501587,0.010430185124278069,0
mujoco,flat_forward,0,0,1177,11.769999999998916,1.0,0.0,0.3310989433137259,0.021620670524210336,-0.013512455818677162,0.4537861541727938,-0.03281128800630977,2.0086488723754883,0.027106737717986107,0
mujoco,flat_forward,0,0,1178,11.77999999999891,1.0,0.0,0.3310938722563149,0.021628305569943766,-0.013488028057321461,0.4551349005646238,-0.03508680747220882,2.027242660522461,0.034907348453998566,0
mujoco,flat_forward,0,0,1179,11.789999999998905,1.0,0.0,0.3310830988667628,0.02163500554800508,-0.013537855722819526,0.4542562138203374,-0.030212510895172243,2.015953540802002,0.02701237052679062,0
mujoco,flat_forward,0,0,1180,11.7999999999989,1.0,0.0,0.3310784728211953,0.021640208460194557,-0.013456997398445941,0.4546379043787884,-0.03501169498512697,2.0243923664093018,0.020874258130788803,0
mujoco,flat_forward,0,0,1181,11.809999999998894,1.0,0.0,0.33107329472909336,0.02163968719869972,-0.013564119341661277,0.4552489092504145,-0.02843342806318402,2.0235273838043213,0.011438760906457901,0
mujoco,flat_forward,0,0,1182,11.819999999998888,1.0,0.0,0.33107046972891124,0.02164851508850292,-0.013473497315539356,0.45442690573147554,-0.03551059907382326,2.016709804534912,0.012417707592248917,0
mujoco,flat_forward,0,0,1183,11.829999999998883,1.0,0.0,0.33107105570559303,0.021645825197229854,-0.01351672165975578,0.4554719345873384,-0.032948329487043,2.0268006324768066,0.017841927707195282,0
mujoco,flat_forward,0,0,1184,11.839999999998877,1.0,0.0,0.33107110477549767,0.021672916056738777,-0.013477018212574117,0.4543707307387775,-0.02990588478683507,2.0157198905944824,0.01969217322766781,0
mujoco,flat_forward,0,0,1185,11.849999999998872,1.0,0.0,0.3310777480630376,0.02168504647211842,-0.01346121271376034,0.45545676838056387,-0.03923302440519216,2.027782917022705,0.021485447883605957,0
mujoco,flat_forward,0,0,1186,11.859999999998866,1.0,0.0,0.3310784463794917,0.021689512471910588,-0.013528102883734407,0.4549645329534634,-0.027351474118799034,2.0190062522888184,0.02184152416884899,0
mujoco,flat_forward,0,0,1187,11.86999999999886,1.0,0.0,0.33108145484886065,0.02168899219331278,-0.01348807794782988,0.45512102681723926,-0.03840686513755721,2.0233733654022217,0.017282985150814056,0
mujoco,flat_forward,0,0,1188,11.879999999998855,1.0,0.0,0.33108356259907923,0.021679230105293153,-0.013554579258451627,0.4555045470068127,-0.023957589118929343,2.0242092609405518,0.011308941058814526,0
mujoco,flat_forward,0,0,1189,11.88999999999885,1.0,0.0,0.33108464375545393,0.021699169650251354,-0.013540315341814994,0.4548697651422437,-0.034299051382904254,2.0175728797912598,0.017538301646709442,0
mujoco,flat_forward,0,0,1190,11.899999999998844,1.0,0.0,0.3310868753733097,0.021696689272696485,-0.0135965808937604,0.45548695579225906,-0.03427067380733464,2.0270068645477295,0.018045393750071526,0
mujoco,flat_forward,0,0,1191,11.909999999998838,1.0,0.0,0.3310891820240475,0.021716354350302364,-0.013597326108272391,0.45478229922417507,-0.03139320187963051,2.0195395946502686,0.014003715477883816,0
mujoco,flat_forward,0,0,1192,11.919999999998833,1.0,0.0,0.3310963431907131,0.0217114196998836,-0.013617628946915726,0.4555470565306813,-0.042558185177393314,2.0269973278045654,0.013328438624739647,0
mujoco,flat_forward,0,0,1193,11.929999999998827,1.0,0.0,0.331101304658199,0.021712398104080384,-0.013652862293079635,0.45498409071396184,-0.024421902188243975,2.020155668258667,0.016103554517030716,0
mujoco,flat_forward,0,0,1194,11.939999999998822,1.0,0.0,0.3311085838555872,0.02170957552042428,-0.013627495733717956,0.4550678795831976,-0.039670340252815045,2.0236101150512695,0.016817506402730942,0
mujoco,flat_forward,0,0,1195,11.949999999998816,1.0,0.0,0.33111408558788974,0.021691190818014797,-0.013664472921543469,0.45515395442787815,-0.025064881562707836,2.024538993835449,0.013729856349527836,0
mujoco,flat_forward,0,0,1196,11.95999999999881,1.0,0.0,0.33111724228945466,0.02170057213477283,-0.013665404437359804,0.45475563149244336,-0.035037737334951,2.019589900970459,0.01616763509809971,0
mujoco,flat_forward,0,0,1197,11.969999999998805,1.0,0.0,0.33112014526241806,0.021682454992570165,-0.013704450897232632,0.4550413150756857,-0.03511735361128608,2.026177167892456,0.013896448537707329,0
mujoco,flat_forward,0,0,1198,11.9799999999988,1.0,0.0,0.33112267706644893,0.021693978046678525,-0.01372641635277147,0.45482035697066325,-0.028733218887470286,2.0205395221710205,0.010973921045660973,0
mujoco,flat_forward,0,0,1199,11.989999999998794,1.0,0.0,0.3311264135655577,0.021683100642103152,-0.013744723905322664,0.45514195396934226,-0.04209923807830575,2.0249252319335938,0.009675529785454273,0
mujoco,flat_forward,0,0,1200,11.999999999998789,1.0,0.0,0.33112916837948586,0.021681422359390152,-0.013760575772976303,0.4550520934975495,-0.021399955587253612,2.0217061042785645,0.012021533213555813,0
mujoco,flat_forward,0,0,1201,12.009999999998783,1.0,0.0,0.33113073802602616,0.02168041772347384,-0.013745002712802238,0.45493733502773565,-0.04186971610784662,2.020862102508545,0.014885695651173592,0
mujoco,flat_forward,0,0,1202,12.019999999998777,1.0,0.0,0.3311299324433988,0.021655838986067842,-0.0137325506397948,0.45473364015418277,-0.028308044056162565,2.0238759517669678,0.016230149194598198,0
mujoco,flat_forward,0,0,1203,12.029999999998772,1.0,0.0,0.3311284526432317,0.02165950826737069,-0.0137419592094703,0.45475581307276747,-0.03550533206092289,2.0211660861968994,0.013950662687420845,0
mujoco,flat_forward,0,0,1204,12.039999999998766,1.0,0.0,0.3311273842900392,0.021632605482536305,-0.01374529031084097,0.45465261674165924,-0.03706185006511263,2.0240347385406494,0.010247561149299145,0
mujoco,flat_forward,0,0,1205,12.04999999999876,1.0,0.0,0.331128637341104,0.02163450691939229,-0.013766474112304148,0.4548761756556984,-0.02841186311148463,2.0214197635650635,0.008407378569245338,0
mujoco,flat_forward,0,0,1206,12.059999999998755,1.0,0.0,0.33112938559266525,0.021616538714941763,-0.013773069913298889,0.4547357896287905,-0.04410181667430342,2.0211403369903564,0.009230616502463818,0
mujoco,flat_forward,0,0,1207,12.06999999999875,1.0,0.0,0.3311324768970569,0.021607031060709957,-0.013756490362638336,0.45478813292661774,-0.02663188737786882,2.021526575088501,0.012874403968453407,0
mujoco,flat_forward,0,0,1208,12.079999999998744,1.0,0.0,0.3311308762011432,0.02161038785003191,-0.013801149679253694,0.4551086575200107,-0.042283664283612396,2.019012928009033,0.014629424549639225,0
mujoco,flat_forward,0,0,1209,12.089999999998739,1.0,0.0,0.33112483787554875,0.021586119598093263,-0.013776064500326455,0.45451536989785774,-0.030860473807221178,2.0205559730529785,0.014586564153432846,0
mujoco,flat_forward,0,0,1210,12.099999999998733,1.0,0.0,0.33111801990233436,0.0215875332403151,-0.013835981808159096,0.4552214729230681,-0.032241658451765076,2.022228479385376,0.01213767472654581,0
mujoco,flat_forward,0,0,1211,12.109999999998728,1.0,0.0,0.33110856315337117,0.021563051468260788,-0.013823466258412045,0.4545781528823802,-0.036970134605186535,2.0201008319854736,0.011917863972485065,0
mujoco,flat_forward,0,0,1212,12.119999999998722,1.0,0.0,0.3311029263277943,0.02155733516157029,-0.013834884513162936,0.4555352705539219,-0.025938798862095838,2.023951530456543,0.013960572890937328,0
mujoco,flat_forward,0,0,1213,12.129999999998716,1.0,0.0,0.3310911702415045,0.02155318144701333,-0.01386100522794998,0.4546305465931577,-0.03827191142717998,2.0172958374023438,0.019996315240859985,0
mujoco,flat_forward,0,0,1214,12.139999999998711,1.0,0.0,0.33108545312411136,0.021557925103797754,-0.013802668550062576,0.4549108507480312,-0.02918895219113973,2.02577543258667,0.021843276917934418,0
mujoco,flat_forward,0,0,1215,12.149999999998705,1.0,0.0,0.3310791093375629,0.021564166093226606,-0.013877555261122186,0.45527586640858475,-0.03800688009054869,2.0225412845611572,0.014182604849338531,0
mujoco,flat_forward,0,0,1216,12.1599999999987,1.0,0.0,0.33107527538876846,0.021564786967228078,-0.013789183109669414,0.4545627429312486,-0.02996311750523868,2.0225234031677246,0.008382843807339668,0
mujoco,flat_forward,0,0,1217,12.169999999998694,1.0,0.0,0.33107407226105195,0.02156858052051846,-0.013851793082891008,0.4556363992104532,-0.03352853429138401,2.0274205207824707,0.009950310923159122,0
mujoco,flat_forward,0,0,1218,12.179999999998689,1.0,0.0,0.3310706588137738,0.021548438443629796,-0.013783590023029656,0.4543656030954168,-0.03450917013562473,2.0200130939483643,0.01694536954164505,0
mujoco,flat_forward,0,0,1219,12.189999999998683,1.0,0.0,0.331072862115759,0.021537871484947714,-0.013785443881719523,0.4555511306631174,-0.029213060250031196,2.0294556617736816,0.02206464670598507,0
mujoco,flat_forward,0,0,1220,12.199999999998678,1.0,0.0,0.3310689748242027,0.021525448656070766,-0.013823406072586022,0.45453436200483294,-0.03808836782849004,2.018418788909912,0.02492869831621647,0
mujoco,flat_forward,0,0,1221,12.209999999998672,1.0,0.0,0.3310703442845199,0.0215212060487904,-0.013767230274291527,0.4548954715203821,-0.03352481908547155,2.026827812194824,0.021885888651013374,0
mujoco,flat_forward,0,0,1222,12.219999999998667,1.0,0.0,0.3310690348781362,0.021515863546165456,-0.013875223999068476,0.4551990052869045,-0.03853487933846922,2.0229742527008057,0.013342230580747128,0
mujoco,flat_forward,0,0,1223,12.229999999998661,1.0,0.0,0.33106924956739875,0.021511295279847267,-0.013786030520053224,0.45443449375997735,-0.03488785438139315,2.020777463912964,0.007131167687475681,0
mujoco,flat_forward,0,0,1224,12.239999999998656,1.0,0.0,0.3310702737243033,0.02150811901761244,-0.01387839394247588,0.45598311090203947,-0.03492209073344074,2.0269014835357666,0.01077678706496954,0
mujoco,flat_forward,0,0,1225,12.24999999999865,1.0,0.0,0.3310625890145799,0.021498167707625485,-0.013798974105514207,0.45417210104290057,-0.03627748768177,2.0130820274353027,0.026258744299411774,0
mujoco,flat_forward,0,0,1226,12.259999999998644,1.0,0.0,0.3310575059455343,0.02148908714552113,-0.013771020545674587,0.45541510211448644,-0.03696983830261317,2.028985023498535,0.03330123797059059,0
mujoco,flat_forward,0,0,1227,12.269999999998639,1.0,0.0,0.33104753922434915,0.021483488210569578,-0.013784770794481276,0.45420346883911683,-0.03511966190761698,2.017340898513794,0.02677333913743496,0
mujoco,flat_forward,0,0,1228,12.279999999998633,1.0,0.0,0.33104527566335945,0.02148169734105758,-0.013697633021124186,0.45459905295512043,-0.03794340936687949,2.0260119438171387,0.023123493418097496,0
mujoco,flat_forward,0,0,1229,12.289999999998628,1.0,0.0,0.3310422077358896,0.02147748292346486,-0.013800783629575876,0.4550708843504409,-0.029894236320611046,2.0230765342712402,0.01424547377973795,0
mujoco,flat_forward,0,0,1230,12.299999999998622,1.0,0.0,0.3310394250450435,0.021485104255983285,-0.013724619813999877,0.4542181776474647,-0.03618423245510654,2.016849994659424,0.01175740733742714,0
mujoco,flat_forward,0,0,1231,12.309999999998617,1.0,0.0,0.33103769239903347,0.021480643221203587,-0.013788628496877862,0.4554397211634453,-0.03643155239517554,2.026313066482544,0.016462793573737144,0
mujoco,flat_forward,0,0,1232,12.319999999998611,1.0,0.0,0.33103018783897153,0.02149441064174226,-0.013763595241985152,0.4541648152949202,-0.03275614178300482,2.0147383213043213,0.02149881422519684,0
mujoco,flat_forward,0,0,1233,12.329999999998606,1.0,0.0,0.33102658120863854,0.021494199118006083,-0.013736836582784991,0.4551830826619638,-0.04048970686653347,2.0288076400756836,0.024960413575172424,0
mujoco,flat_forward,0,0,1234,12.3399999999986,1.0,0.0,0.33101731864422207,0.02149127763608745,-0.013788740500901136,0.454585045586745,-0.02772761869849303,2.020782232284546,0.0212080217897892,0
mujoco,flat_forward,0,0,1235,12.349999999998595,1.0,0.0,0.33101196003741307,0.02148688812838149,-0.013729620915883494,0.4546579003327548,-0.03808085231861766,2.0253748893737793,0.01766284368932247,0
mujoco,flat_forward,0,0,1236,12.359999999998589,1.0,0.0,0.3310063682225439,0.021469066019071874,-0.013807262017062756,0.45526247766466965,-0.026906625900339414,2.026294708251953,0.010901067405939102,0
mujoco,flat_forward,0,0,1237,12.369999999998583,1.0,0.0,0.33099903817810733,0.021478676648450132,-0.013781716209521896,0.4544710687558084,-0.03595730164073172,2.0179805755615234,0.018226727843284607,0
mujoco,flat_forward,0,0,1238,12.379999999998578,1.0,0.0,0.33099335771051125,0.02146657352278333,-0.013839969792668876,0.4553252331780146,-0.03801294914290747,2.028442859649658,0.018947552889585495,0
mujoco,flat_forward,0,0,1239,12.389999999998572,1.0,0.0,0.3309865838896061,0.0214726021048734,-0.013833744782038913,0.4544261941620928,-0.03348660174725934,2.019305944442749,0.017758572474122047,0
mujoco,flat_forward,0,0,1240,12.399999999998567,1.0,0.0,0.3309852292453714,0.02145962265958022,-0.013835657690204197,0.455338439286201,-0.04467382429583064,2.0285837650299072,0.016674751415848732,0
mujoco,flat_forward,0,0,1241,12.409999999998561,1.0,0.0,0.3309788622889983,0.021446123778694016,-0.013887670456477026,0.4547457713018182,-0.02712956142255001,2.020731210708618,0.020361265167593956,0
mujoco,flat_forward,0,0,1242,12.419999999998556,1.0,0.0,0.3309743034309618,0.021434066706391437,-0.0138614323488313,0.4547727161311676,-0.041272585939733764,2.023306131362915,0.018403273075819016,0
mujoco,flat_forward,0,0,1243,12.42999999999855,1.0,0.0,0.3309698517676936,0.021412572665183587,-0.013896708183514458,0.45479256256514217,-0.026378409856858496,2.0246782302856445,0.013216134160757065,0
mujoco,flat_forward,0,0,1244,12.439999999998545,1.0,0.0,0.3309655943214246,0.021424868581357823,-0.013896879379703804,0.4543347219726414,-0.036180189224348895,2.018939971923828,0.017080657184123993,0
mujoco,flat_forward,0,0,1245,12.44999999999854,1.0,0.0,0.3309625555139239,0.021411586377719387,-0.01393502136235353,0.45458258338715046,-0.03618640370355732,2.026055335998535,0.015151060186326504,0
mujoco,flat_forward,0,0,1246,12.459999999998534,1.0,0.0,0.3309598837531575,0.021428425192764188,-0.013957873407355341,0.4543320465713841,-0.029768441175363574,2.0205037593841553,0.011226584203541279,0
mujoco,flat_forward,0,0,1247,12.469999999998528,1.0,0.0,0.3309582438265253,0.021422012116753902,-0.013976596987922299,0.4546330716325248,-0.042916168237310356,2.025080680847168,0.009823661297559738,0
mujoco,flat_forward,0,0,1248,12.479999999998522,1.0,0.0,0.3309556550307155,0.021424258808844524,-0.013993407186203585,0.45451282804159976,-0.022252159818960983,2.02255916595459,0.011829021386802197,0
mujoco,flat_forward,0,0,1249,12.489999999998517,1.0,0.0,0.33095171115305666,0.021426505354143522,-0.013976729577733769,0.45437196782781347,-0.042493589273539384,2.0217087268829346,0.015101726166903973,0
mujoco,flat_forward,0,0,1250,12.499999999998511,1.0,0.0,0.33094496936989665,0.021407363360513198,-0.013964831735410913,0.45415522768967237,-0.028813209245964717,2.0254268646240234,0.016613023355603218,0
mujoco,flat_forward,0,0,1251,12.509999999998506,1.0,0.0,0.330937287994198,0.021414686125021908,-0.013972145491688,0.4541250693281184,-0.03573874458299588,2.0226328372955322,0.014124270528554916,0
mujoco,flat_forward,0,0,1252,12.5199999999985,1.0,0.0,0.3309297849657811,0.02139052796380803,-0.013974780039211132,0.4540097490932959,-0.037086648666997644,2.0257747173309326,0.009855981916189194,0
mujoco,flat_forward,0,0,1253,12.529999999998495,1.0,0.0,0.3309247295990812,0.021395454804066787,-0.013991410066474003,0.4541771677585215,-0.02835003206725155,2.0231943130493164,0.008463012985885143,0
mujoco,flat_forward,0,0,1254,12.53999999999849,1.0,0.0,0.33091928627362516,0.021379880394769984,-0.013991298661040048,0.4540375051088287,-0.04370617126549687,2.022961139678955,0.009297332726418972,0
mujoco,flat_forward,0,0,1255,12.549999999998484,1.0,0.0,0.33091634020541677,0.021374835073250345,-0.01396843790792849,0.45403239508456794,-0.02607513890242317,2.023526191711426,0.012515264563262463,0
mujoco,flat_forward,0,0,1256,12.559999999998478,1.0,0.0,0.3309098822916561,0.02137752272745692,-0.013983823622834382,0.45411990558283166,-0.045126159980798886,2.020904541015625,0.014986512251198292,0
mujoco,flat_forward,0,0,1257,12.569999999998473,1.0,0.0,0.3309004541441998,0.02135817747889735,-0.013953119153841854,0.4535360359193473,-0.03195990907376926,2.023009777069092,0.015973705798387527,0
mujoco,flat_forward,0,0,1258,12.579999999998467,1.0,0.0,0.3308908854685907,0.021362722710418617,-0.013988119443058965,0.4539506117103049,-0.0355198371729424,2.023137092590332,0.01245709415525198,0
mujoco,flat_forward,0,0,1259,12.589999999998462,1.0,0.0,0.330881155561534,0.021346074036705246,-0.013940948335628808,0.45310226161657297,-0.03452817781166405,2.022263288497925,0.010165030136704445,0
mujoco,flat_forward,0,0,1260,12.599999999998456,1.0,0.0,0.33087727176550885,0.021356513665800877,-0.01394571292941964,0.4539366786962002,-0.02531523933872928,2.0253264904022217,0.013018932193517685,0
mujoco,flat_forward,0,0,1261,12.60999999999845,1.0,0.0,0.3308704175817795,0.0213548187120672,-0.013931901141768904,0.4529887842940409,-0.039268955986238904,2.0182838439941406,0.019351903349161148,0
mujoco,flat_forward,0,0,1262,12.619999999998445,1.0,0.0,0.33086911203885716,0.021361457127408733,-0.013857203254655195,0.4532592796099861,-0.029699760851720172,2.0259318351745605,0.02178468182682991,0
mujoco,flat_forward,0,0,1263,12.62999999999844,1.0,0.0,0.33086553675304686,0.021367712386245092,-0.013897808705399637,0.4533414578985467,-0.04194460132684673,2.0217928886413574,0.014827536419034004,0
mujoco,flat_forward,0,0,1264,12.639999999998434,1.0,0.0,0.3308644270191359,0.02136951397970771,-0.013789651214479923,0.4526202404683446,-0.03235420463761792,2.0230355262756348,0.010711021721363068,0
mujoco,flat_forward,0,0,1265,12.649999999998428,1.0,0.0,0.33086528019590716,0.021377428261086125,-0.013834246870183165,0.4536146598521471,-0.03460736819085535,2.026567220687866,0.009090084582567215,0
mujoco,flat_forward,0,0,1266,12.659999999998423,1.0,0.0,0.3308627023231265,0.02136627716399029,-0.013749411601363353,0.4522825537364525,-0.03478598805564152,2.01971697807312,0.015382879413664341,0
mujoco,flat_forward,0,0,1267,12.669999999998417,1.0,0.0,0.3308651855821007,0.021366029339257138,-0.01372781467410414,0.4533894425006051,-0.02904956226761933,2.029118537902832,0.02257668972015381,0
mujoco,flat_forward,0,0,1268,12.679999999998412,1.0,0.0,0.33086185457394646,0.021364375364158878,-0.013746252135329833,0.45231200311341485,-0.038091548204213024,2.0187454223632812,0.02383269928395748,0
mujoco,flat_forward,0,0,1269,12.689999999998406,1.0,0.0,0.3308648937552678,0.021369896121373952,-0.013663890451995503,0.4525732785327812,-0.03352771516839548,2.0275490283966064,0.022323623299598694,0
mujoco,flat_forward,0,0,1270,12.6999999999984,1.0,0.0,0.33086659385944406,0.021373567584400403,-0.013754388472065055,0.4528494573676689,-0.038518101065322635,2.0241336822509766,0.012213795445859432,0
mujoco,flat_forward,0,0,1271,12.709999999998395,1.0,0.0,0.3308716956689513,0.02137834548569798,-0.013643109404872787,0.45196837589195454,-0.03445168130046166,2.0216379165649414,0.006815613713115454,0
mujoco,flat_forward,0,0,1272,12.71999999999839,1.0,0.0,0.3308793440628396,0.02138381095940894,-0.013723767581123767,0.4536092514272599,-0.032341329210847605,2.0279035568237305,0.011933177709579468,0
mujoco,flat_forward,0,0,1273,12.729999999998384,1.0,0.0,0.3308758411970061,0.021392145857029348,-0.01369377216767483,0.4517248095116508,-0.03207981422923993,2.013336420059204,0.028636399656534195,0
mujoco,flat_forward,0,0,1274,12.739999999998378,1.0,0.0,0.33087437191040175,0.021401429839126098,-0.013679646744215897,0.45285464059781505,-0.03308961681758155,2.030400514602661,0.034372780472040176,0
mujoco,flat_forward,0,0,1275,12.749999999998373,1.0,0.0,0.33086776149402447,0.02140951235038935,-0.01375569769952489,0.45208183020717135,-0.03143932677538267,2.020474433898926,0.025431206449866295,0
mujoco,flat_forward,0,0,1276,12.759999999998367,1.0,0.0,0.3308671140568722,0.0214197937894377,-0.01367981117331755,0.45223451385843316,-0.034057902510693384,2.0270838737487793,0.017952555790543556,0
mujoco,flat_forward,0,0,1277,12.769999999998362,1.0,0.0,0.330866199506671,0.021424486934746256,-0.013798453752013854,0.4529439744756221,-0.029749806214602714,2.0274059772491455,0.009278152137994766,0
mujoco,flat_forward,0,0,1278,12.779999999998356,1.0,0.0,0.33086666632633427,0.021436931156593547,-0.01369960224600361,0.45184086432068465,-0.03437159408603329,2.0195465087890625,0.012687343172729015,0
mujoco,flat_forward,0,0,1279,12.78999999999835,1.0,0.0,0.3308707499368284,0.02143939338789037,-0.013752470375779431,0.4532875979496581,-0.036517343141724834,2.0309536457061768,0.019882794469594955,0
mujoco,flat_forward,0,0,1280,12.799999999998345,1.0,0.0,0.33086986878135094,0.021455205146246166,-0.013717664238609446,0.45172023519573706,-0.031125843217713858,2.0171115398406982,0.026159977540373802,0
mujoco,flat_forward,0,0,1281,12.80999999999834,1.0,0.0,0.33087506663527666,0.021464011259747402,-0.013663948197037161,0.45269711099917914,-0.036547894857706764,2.032475233078003,0.030028948560357094,0
mujoco,flat_forward,0,0,1282,12.819999999998334,1.0,0.0,0.3308774858376548,0.021470636035535156,-0.013723837637869293,0.45215995660574465,-0.026324288449295203,2.024562120437622,0.02097180113196373,0
mujoco,flat_forward,0,0,1283,12.829999999998329,1.0,0.0,0.3308856859748877,0.021479789386734238,-0.01364178514514268,0.4520935559257048,-0.034408250051228925,2.0279018878936768,0.01599830761551857,0
mujoco,flat_forward,0,0,1284,12.839999999998323,1.0,0.0,0.3308941400742773,0.02147478238303931,-0.01375110132579889,0.45313618924156346,-0.028854428350729114,2.03054141998291,0.010265885852277279,0
mujoco,flat_forward,0,0,1285,12.849999999998317,1.0,0.0,0.33089790565272326,0.02149168450349552,-0.013706931441489949,0.45196841533752796,-0.03441130709748373,2.019057035446167,0.020549895241856575,0
mujoco,flat_forward,0,0,1286,12.859999999998312,1.0,0.0,0.3309027950030944,0.02149270102746446,-0.013761446198428503,0.453316946446255,-0.04012077407935849,2.0329883098602295,0.024487413465976715,0
mujoco,flat_forward,0,0,1287,12.869999999998306,1.0,0.0,0.33090359877647907,0.021502367341816767,-0.013752183895945106,0.45191665110992596,-0.03245125534300168,2.0202438831329346,0.025579828768968582,0
mujoco,flat_forward,0,0,1288,12.8799999999983,1.0,0.0,0.330910886736771,0.021503541770145452,-0.013699903738761588,0.45276014466177744,-0.03971428646300048,2.0331804752349854,0.026825670152902603,0
mujoco,flat_forward,0,0,1289,12.889999999998295,1.0,0.0,0.3309161802097976,0.021501622212090437,-0.013766577971724318,0.4524352860630311,-0.027105898609687415,2.026280164718628,0.018342114984989166,0
mujoco,flat_forward,0,0,1290,12.89999999999829,1.0,0.0,0.33092614009804033,0.021506770137529947,-0.013692380473035497,0.4521877106630442,-0.03738247318074375,2.0259671211242676,0.015433345921337605,0
mujoco,flat_forward,0,0,1291,12.909999999998284,1.0,0.0,0.33093716773755105,0.02149830342125265,-0.013760897167711611,0.45288443404662454,-0.03056699907338696,2.0302374362945557,0.012285568751394749,0
mujoco,flat_forward,0,0,1292,12.919999999998279,1.0,0.0,0.33094633506731924,0.021522241082512248,-0.013733487154457305,0.45197154561947206,-0.034780692714123,2.020249605178833,0.018391365185379982,0
mujoco,flat_forward,0,0,1293,12.929999999998273,1.0,0.0,0.33095804479938473,0.021527046497605732,-0.013767004197112348,0.4528507640691073,-0.040987682448902565,2.0309276580810547,0.018766606226563454,0
mujoco,flat_forward,0,0,1294,12.939999999998268,1.0,0.0,0.3309670299983224,0.021551429190602534,-0.013783250748594733,0.45205145434541205,-0.028461550476074553,2.0218443870544434,0.01764577254652977,0
mujoco,flat_forward,0,0,1295,12.949999999998262,1.0,0.0,0.3309797088652429,0.021564656760849288,-0.01375702845076823,0.4525496039898938,-0.04199692448585437,2.0298945903778076,0.017705461010336876,0
mujoco,flat_forward,0,0,1296,12.959999999998256,1.0,0.0,0.33098857851617725,0.02157058328576899,-0.013803749554373785,0.4525735386697896,-0.02121718973314808,2.0263991355895996,0.015263507142663002,0
mujoco,flat_forward,0,0,1297,12.969999999998251,1.0,0.0,0.33099276133728145,0.021601593154735605,-0.013804633410184099,0.4522114920011718,-0.03524366840032332,2.0228183269500732,0.019420132040977478,0
mujoco,flat_forward,0,0,1298,12.979999999998245,1.0,0.0,0.33099466446265685,0.02160846371679033,-0.013848604506575653,0.45253083796844035,-0.031100130901759376,2.030531406402588,0.01768004707992077,0
mujoco,flat_forward,0,0,1299,12.98999999999824,1.0,0.0,0.3309967052997657,0.021642858240698358,-0.013856494720621147,0.45211753111017505,-0.0325328770711221,2.0248353481292725,0.012637453153729439,0
mujoco,flat_forward,0,0,1300,12.999999999998234,1.0,0.0,0.3310020829053774,0.021646088757608005,-0.013878898868862493,0.45253517116988723,-0.0407396372099283,2.031108856201172,0.011819076724350452,0
mujoco,flat_forward,0,0,1301,13.009999999998229,1.0,0.0,0.331008323741533,0.021665860503732,-0.013895404519684133,0.45230030060029663,-0.025574612035657855,2.026010036468506,0.011285614222288132,0
mujoco,flat_forward,0,0,1302,13.019999999998223,1.0,0.0,0.33101681736828226,0.021673046696313793,-0.013884580978735876,0.4525564514422083,-0.0448037406652044,2.02785325050354,0.011864088475704193,0
mujoco,flat_forward,0,0,1303,13.029999999998218,1.0,0.0,0.33102246148929704,0.021668191157073975,-0.01388797583219512,0.45235230775198776,-0.025106776292316106,2.026542901992798,0.015535295940935612,0
mujoco,flat_forward,0,0,1304,13.039999999998212,1.0,0.0,0.3310236746031442,0.021686301719403833,-0.013910322597656401,0.4524314500163052,-0.035973866119699674,2.0238962173461914,0.018092697486281395,0
mujoco,flat_forward,0,0,1305,13.049999999998207,1.0,0.0,0.3310229120142747,0.021677103505348197,-0.013923622197182479,0.45238667218122836,-0.033052021043130576,2.0280067920684814,0.013101290911436081,0
mujoco,flat_forward,0,0,1306,13.059999999998201,1.0,0.0,0.33102264659512276,0.021699447848562734,-0.01396030399171601,0.4526593441296086,-0.02865757860485766,2.0255770683288574,0.008859226480126381,0
mujoco,flat_forward,0,0,1307,13.069999999998196,1.0,0.0,0.33102167333774996,0.0216941174197702,-0.01397677974036092,0.4526074174628761,-0.04047244918288256,2.02729868888855,0.009259059093892574,0
mujoco,flat_forward,0,0,1308,13.07999999999819,1.0,0.0,0.3310231158030317,0.021702366291388244,-0.013984856339183829,0.45295221747965414,-0.023068227214913015,2.027181386947632,0.011317698284983635,0
mujoco,flat_forward,0,0,1309,13.089999999998184,1.0,0.0,0.33101976637276903,0.021711718013012065,-0.014017846006663358,0.45291095264391346,-0.04455080719725053,2.024033308029175,0.01624288596212864,0
mujoco,flat_forward,0,0,1310,13.099999999998179,1.0,0.0,0.33101598888018835,0.021711871239443133,-0.013986149135015214,0.45253543138043173,-0.028453276052879926,2.0281739234924316,0.018006417900323868,0
mujoco,flat_forward,0,0,1311,13.109999999998173,1.0,0.0,0.3310120961969713,0.021726403009176595,-0.014024369020727756,0.4530189925662229,-0.03560255888411168,2.028373956680298,0.012379473075270653,0
mujoco,flat_forward,0,0,1312,13.119999999998168,1.0,0.0,0.33100727151757064,0.02170951574807415,-0.014004643541471254,0.4525379207756926,-0.03296451007138623,2.0284311771392822,0.010327737778425217,0
mujoco,flat_forward,0,0,1313,13.129999999998162,1.0,0.0,0.33100614098044023,0.021715012863655868,-0.014023534233853233,0.45310015433525597,-0.029291726343030143,2.0302655696868896,0.01069148350507021,0
mujoco,flat_forward,0,0,1314,13.139999999998157,1.0,0.0,0.33100528788087713,0.021692220762369093,-0.014019132549445992,0.4526637860434229,-0.041245872696635606,2.027223587036133,0.010652397759258747,0
mujoco,flat_forward,0,0,1315,13.149999999998151,1.0,0.0,0.3310103435958915,0.0216831579259907,-0.013992575032152347,0.453078779193285,-0.028195448363390958,2.0296571254730225,0.013710039667785168,0
mujoco,flat_forward,0,0,1316,13.159999999998146,1.0,0.0,0.33101051560676387,0.02168258992872293,-0.014038929152615476,0.4529238615298357,-0.038698135561565386,2.024470567703247,0.01575182005763054,0
mujoco,flat_forward,0,0,1317,13.16999999999814,1.0,0.0,0.33101437488525176,0.021687430155702767,-0.013950154275858712,0.4525697209730354,-0.02845922895691517,2.0287961959838867,0.013420808129012585,0
mujoco,flat_forward,0,0,1318,13.179999999998135,1.0,0.0,0.33101882940984073,0.02169977407196042,-0.014022283718905595,0.45356725039065615,-0.03430769248964534,2.0299770832061768,0.007146609481424093,0
mujoco,flat_forward,0,0,1319,13.189999999998129,1.0,0.0,0.33101956939438026,0.021693311446763983,-0.013939063173908568,0.4523892690404243,-0.03025287001323304,2.0252394676208496,0.014163645915687084,0
mujoco,flat_forward,0,0,1320,13.199999999998123,1.0,0.0,0.3310229759390041,0.021695021221172638,-0.013975999117513647,0.4538118625541259,-0.024882207393395472,2.033802032470703,0.02086661383509636,0
mujoco,flat_forward,0,0,1321,13.209999999998118,1.0,0.0,0.3310185128668056,0.021692494300145686,-0.013995677548135587,0.45249263061114126,-0.03396008785914641,2.0223824977874756,0.026985248550772667,0
mujoco,flat_forward,0,0,1322,13.219999999998112,1.0,0.0,0.33101852917001284,0.021696261637525114,-0.013954593354593437,0.45322677276649337,-0.029899998671048585,2.0341908931732178,0.027085475623607635,0
mujoco,flat_forward,0,0,1323,13.229999999998107,1.0,0.0,0.331015426588514,0.02169219004904093,-0.01401929279297652,0.4529525352309931,-0.03887585257454827,2.0280239582061768,0.018594231456518173,0
mujoco,flat_forward,0,0,1324,13.239999999998101,1.0,0.0,0.33101786245765763,0.021687040918858674,-0.013930753378837204,0.4527165044387561,-0.03364207626153712,2.030555486679077,0.013345792889595032,0
mujoco,flat_forward,0,0,1325,13.249999999998096,1.0,0.0,0.33102100208276075,0.021681941870048984,-0.014031391236090656,0.45383172383413256,-0.03731237878754962,2.0316720008850098,0.006181071512401104,0
mujoco,flat_forward,0,0,1326,13.25999999999809,1.0,0.0,0.3310221495251682,0.021671792966830767,-0.013921711291514462,0.452420335312183,-0.03393114796605164,2.0227179527282715,0.014608489349484444,0
mujoco,flat_forward,0,0,1327,13.269999999998085,1.0,0.0,0.3310268315828529,0.02166542566234106,-0.013937171250566571,0.453880736007656,-0.031850158151970225,2.034836769104004,0.024081764742732048,0
mujoco,flat_forward,0,0,1328,13.27999999999808,1.0,0.0,0.3310234504084971,0.02165756183825393,-0.013937736903818464,0.4524749898101313,-0.035052677171665846,2.021390914916992,0.028016813099384308,0
mujoco,flat_forward,0,0,1329,13.289999999998074,1.0,0.0,0.3310251777317523,0.02165429523773516,-0.013878988765545039,0.45322216736416776,-0.03473667651284953,2.034048318862915,0.027571316808462143,0
mujoco,flat_forward,0,0,1330,13.299999999998068,1.0,0.0,0.3310234117993528,0.021647662507780864,-0.013978950961011382,0.45310662985585326,-0.03541483731217735,2.027696371078491,0.01786882057785988,0
mujoco,flat_forward,0,0,1331,13.309999999998062,1.0,0.0,0.3310257978750322,0.0216447734448187,-0.013885065248207824,0.45273599350752497,-0.036405793833319613,2.0278244018554688,0.009527246467769146,0
mujoco,flat_forward,0,0,1332,13.319999999998057,1.0,0.0,0.331028544982716,0.021637923252182813,-0.01397644607549796,0.4537939932271101,-0.0309729120041009,2.0319511890411377,0.008730495348572731,0
mujoco,flat_forward,0,0,1333,13.329999999998051,1.0,0.0,0.33103100707755706,0.021641913099511866,-0.013851684277966698,0.4523071352840278,-0.03476924182726095,2.021152973175049,0.016607794910669327,0
mujoco,flat_forward,0,0,1334,13.339999999998046,1.0,0.0,0.3310384133155845,0.021636856549767443,-0.01384331684671063,0.4537977795755231,-0.0392789451456389,2.0353970527648926,0.025834955275058746,0
mujoco,flat_forward,0,0,1335,13.34999999999804,1.0,0.0,0.3310392176742203,0.021635421498598283,-0.013848909381928157,0.4523731229328342,-0.032376205961570086,2.021650552749634,0.028238607570528984,0
mujoco,flat_forward,0,0,1336,13.359999999998035,1.0,0.0,0.33104519206987454,0.021628440090357845,-0.01378850511976325,0.45301952867967543,-0.03920817220373291,2.032876968383789,0.02701282873749733,0
mujoco,flat_forward,0,0,1337,13.36999999999803,1.0,0.0,0.33104852506898913,0.02161683408072123,-0.013870570862297728,0.4529484517961419,-0.03009950314105851,2.0277328491210938,0.017163671553134918,0
mujoco,flat_forward,0,0,1338,13.379999999998024,1.0,0.0,0.3310551306726828,0.021612204555667303,-0.013804233225239089,0.45253305295772583,-0.039188658950482874,2.0259640216827393,0.011914384551346302,0
mujoco,flat_forward,0,0,1339,13.389999999998018,1.0,0.0,0.3310619155875409,0.021591567005492966,-0.013882303520051228,0.45342111922026324,-0.03431192750478447,2.030916929244995,0.012318871915340424,0
mujoco,flat_forward,0,0,1340,13.399999999998013,1.0,0.0,0.3310638583259373,0.021600972341615857,-0.013888075492038608,0.45258573189655604,-0.03311280624340625,2.020660161972046,0.017565125599503517,0
mujoco,flat_forward,0,0,1341,13.409999999998007,1.0,0.0,0.33106695652461704,0.021591221334219046,-0.013917379881462407,0.4535648189923691,-0.04237298783514023,2.031445026397705,0.018771599978208542,0
mujoco,flat_forward,0,0,1342,13.419999999998002,1.0,0.0,0.3310651082081048,0.02158843224852978,-0.013932946884642076,0.4526962897134894,-0.03017884275986621,2.023329496383667,0.01812257617712021,0
mujoco,flat_forward,0,0,1343,13.429999999997996,1.0,0.0,0.33106825749665786,0.0215751121688669,-0.013888545314927682,0.45312589817681487,-0.04259542207430327,2.03202223777771,0.020019855350255966,0
mujoco,flat_forward,0,0,1344,13.43999999999799,1.0,0.0,0.33106988723563974,0.02154995466594695,-0.013946346568950488,0.4533812653869579,-0.024535334773077372,2.029250383377075,0.014528438448905945,0
mujoco,flat_forward,0,0,1345,13.449999999997985,1.0,0.0,0.3310686602458481,0.02155299222865854,-0.013947473125898073,0.4529325679610513,-0.03662946589316053,2.024195432662964,0.018454162403941154,0
mujoco,flat_forward,0,0,1346,13.45999999999798,1.0,0.0,0.3310662367493916,0.021531644513273503,-0.014012629321624422,0.45349003910200436,-0.03449441032834149,2.0322465896606445,0.017165761440992355,0
mujoco,flat_forward,0,0,1347,13.469999999997974,1.0,0.0,0.3310636292809512,0.02153630182967281,-0.014029770877570742,0.4529775385946273,-0.033899646290501115,2.0252792835235596,0.013805716298520565,0
mujoco,flat_forward,0,0,1348,13.479999999997968,1.0,0.0,0.3310646625165906,0.02151645800855114,-0.014052734610288905,0.4533851074273092,-0.04034604769778908,2.032215118408203,0.012289782054722309,0
mujoco,flat_forward,0,0,1349,13.489999999997963,1.0,0.0,0.33106764250491694,0.02151553200222632,-0.014071034526278442,0.45312491510682773,-0.024584383604601006,2.028038263320923,0.00978754460811615,0
mujoco,flat_forward,0,0,1350,13.499999999997957,1.0,0.0,0.33107399474306864,0.021507384514051497,-0.014067020871578854,0.4534119741699413,-0.04330303884499602,2.0300498008728027,0.01201704703271389,0
mujoco,flat_forward,0,0,1351,13.509999999997952,1.0,0.0,0.3310777404958448,0.021483217968165876,-0.014080471335855046,0.4532228760334883,-0.023595154581314292,2.0293281078338623,0.015823764726519585,0
mujoco,flat_forward,0,0,1352,13.519999999997946,1.0,0.0,0.33107814035293365,0.02148080661698704,-0.014090494717020688,0.4531273612622499,-0.03784872726807644,2.026672124862671,0.018270034343004227,0
mujoco,flat_forward,0,0,1353,13.52999999999794,1.0,0.0,0.3310769064004063,0.021438635511063255,-0.014117655535322153,0.45318924307478653,-0.033365845440290094,2.031414747238159,0.014340579509735107,0
mujoco,flat_forward,0,0,1354,13.539999999997935,1.0,0.0,0.33107584991550715,0.021433597004978017,-0.014159603764080573,0.4532984147209448,-0.03114551793989478,2.0278890132904053,0.010033047758042812,0
mujoco,flat_forward,0,0,1355,13.54999999999793,1.0,0.0,0.3310740276624228,0.021400543274550224,-0.014190584810553313,0.45342634838738194,-0.040575426655045974,2.0305404663085938,0.009177844040095806,0
mujoco,flat_forward,0,0,1356,13.559999999997924,1.0,0.0,0.33107284544030735,0.021386277207186773,-0.014220669567967623,0.4536920613842169,-0.02376895897756596,2.0290403366088867,0.00970358308404684,0
mujoco,flat_forward,0,0,1357,13.569999999997918,1.0,0.0,0.33106846541701584,0.02137128105658066,-0.014239825584553608,0.4534529441468609,-0.04239756935461134,2.026193618774414,0.014240775257349014,0
mujoco,flat_forward,0,0,1358,13.579999999997913,1.0,0.0,0.3310665461159285,0.021359254675599525,-0.014197678169975634,0.453160306631831,-0.025814535652288615,2.0309271812438965,0.016354596242308617,0
mujoco,flat_forward,0,0,1359,13.589999999997907,1.0,0.0,0.33106465385222095,0.021362390148094434,-0.014226298029474338,0.45350026555774,-0.03754158675066422,2.029813289642334,0.013041991740465164,0
mujoco,flat_forward,0,0,1360,13.599999999997902,1.0,0.0,0.33106159025079834,0.0213208444857819,-0.014202229546054951,0.45291681457254374,-0.030451779095325045,2.0309531688690186,0.012443945743143559,0
mujoco,flat_forward,0,0,1361,13.609999999997896,1.0,0.0,0.33106079166762536,0.02131022345423311,-0.01425217414723461,0.45359279005367226,-0.027188771840977625,2.0324223041534424,0.011065660044550896,0
mujoco,flat_forward,0,0,1362,13.61999999999789,1.0,0.0,0.3310575023029955,0.021276988335132183,-0.01425911310906252,0.4529876376837603,-0.0359846042440133,2.028681755065918,0.013523023575544357,0
mujoco,flat_forward,0,0,1363,13.629999999997885,1.0,0.0,0.3310580645203634,0.021261450211032613,-0.014254261279906142,0.45360540207571876,-0.024353054489521363,2.0327987670898438,0.014811091125011444,0
mujoco,flat_forward,0,0,1364,13.63999999999788,1.0,0.0,0.3310535793525206,0.02124285501338099,-0.014293614153442099,0.4531416228571344,-0.04310337253820692,2.027121067047119,0.01831512153148651,0
mujoco,flat_forward,0,0,1365,13.649999999997874,1.0,0.0,0.3310518720000403,0.021226766133562034,-0.01425057471004646,0.45295900367911207,-0.03055460453096596,2.0322160720825195,0.018068114295601845,0
mujoco,flat_forward,0,0,1366,13.659999999997869,1.0,0.0,0.3310490038982643,0.0212187512499297,-0.014312142838797242,0.45354071078878505,-0.041233076102429406,2.0307512283325195,0.010413704439997673,0
mujoco,flat_forward,0,0,1367,13.669999999997863,1.0,0.0,0.3310422038636768,0.0211727699280154,-0.014274690298636818,0.4527038167233591,-0.03279405733988536,2.0280566215515137,0.01189091894775629,0
mujoco,flat_forward,0,0,1368,13.679999999997857,1.0,0.0,0.3310363439779371,0.02115220656195568,-0.01433898709803508,0.45367949950404896,-0.02971247171180679,2.032301902770996,0.014091991819441319,0
mujoco,flat_forward,0,0,1369,13.689999999997852,1.0,0.0,0.33102611512161095,0.021125268334067217,-0.014296376593855633,0.45239754486007566,-0.033775769412681775,2.0241222381591797,0.019124193117022514,0
mujoco,flat_forward,0,0,1370,13.699999999997846,1.0,0.0,0.33102154388830496,0.02111528293783146,-0.0142668740445186,0.4532807977983684,-0.027940267360208975,2.033947706222534,0.023024724796414375,0
mujoco,flat_forward,0,0,1371,13.70999999999784,1.0,0.0,0.3310115478260274,0.021106290432709326,-0.014309939988008506,0.45260199169668847,-0.03662908499356034,2.0257842540740967,0.02229388803243637,0
mujoco,flat_forward,0,0,1372,13.719999999997835,1.0,0.0,0.3310062599815016,0.021102826488366158,-0.014230773219559682,0.4526396502637664,-0.031611431287218605,2.0320141315460205,0.01777654141187668,0
mujoco,flat_forward,0,0,1373,13.72999999999783,1.0,0.0,0.33099940405789563,0.02109980696166527,-0.01432515181695063,0.45332208737856533,-0.03599039220566791,2.030916213989258,0.009814482182264328,0
mujoco,flat_forward,0,0,1374,13.739999999997824,1.0,0.0,0.33099208774663086,0.02109482102648108,-0.01421589774181173,0.45223313257483566,-0.03181926155649031,2.0265557765960693,0.008443700149655342,0
mujoco,flat_forward,0,0,1375,13.749999999997819,1.0,0.0,0.330987417170627,0.021092244179164568,-0.014265096804598441,0.45376843199015743,-0.029740215728247223,2.0353739261627197,0.015805430710315704,0
mujoco,flat_forward,0,0,1376,13.759999999997813,1.0,0.0,0.3309722255964722,0.021086929693956872,-0.01423488238771654,0.45209139576709073,-0.03245907980682728,2.022204875946045,0.028294922783970833,0
mujoco,flat_forward,0,0,1377,13.769999999997808,1.0,0.0,0.3309604498533086,0.02108482844920416,-0.014200298970991735,0.45309174943203917,-0.0317756428037628,2.0376245975494385,0.03129434213042259,0
mujoco,flat_forward,0,0,1378,13.779999999997802,1.0,0.0,0.3309444967649058,0.021075897756942123,-0.014247629762419013,0.45235980846439977,-0.03596745095626667,2.0285189151763916,0.02400570921599865,0
mujoco,flat_forward,0,0,1379,13.789999999997796,1.0,0.0,0.3309354238812487,0.02106937783087893,-0.014156630613006444,0.45245755602709015,-0.034827341226457136,2.033902406692505,0.016970155760645866,0
mujoco,flat_forward,0,0,1380,13.799999999997791,1.0,0.0,0.33092670074883485,0.02106070863734261,-0.014242619126351441,0.45285927860514436,-0.03167988043427403,2.0328288078308105,0.009326188825070858,0
mujoco,flat_forward,0,0,1381,13.809999999997785,1.0,0.0,0.3309219891678422,0.021059603320662503,-0.014119207493319125,0.45184205075738776,-0.03339665566452615,2.0267651081085205,0.010290040634572506,0
mujoco,flat_forward,0,0,1382,13.81999999999778,1.0,0.0,0.3309213741223677,0.02105371815941824,-0.014166351253275273,0.4532371527570552,-0.03385626770988952,2.035574436187744,0.01482483372092247,0
mujoco,flat_forward,0,0,1383,13.829999999997774,1.0,0.0,0.33091463093774426,0.021058641494795003,-0.014095190055753116,0.4514993929939856,-0.0310998369060671,2.0220258235931396,0.025641197338700294,0
mujoco,flat_forward,0,0,1384,13.839999999997769,1.0,0.0,0.33091246489010057,0.021059324273067455,-0.014047997969644793,0.4525657865303542,-0.034981111207358646,2.0381336212158203,0.030670292675495148,0
mujoco,flat_forward,0,0,1385,13.849999999997763,1.0,0.0,0.33090548194365116,0.021058424267496847,-0.014091690887454192,0.451745924222984,-0.027776326194723384,2.0287563800811768,0.024232283234596252,0
mujoco,flat_forward,0,0,1386,13.859999999997758,1.0,0.0,0.3309037461331675,0.021058226078762985,-0.014002049672336241,0.4518426606543135,-0.03399962522782113,2.034536123275757,0.017922597005963326,0
mujoco,flat_forward,0,0,1387,13.869999999997752,1.0,0.0,0.33090130103782983,0.02104887950271998,-0.014086637632874748,0.45247798052413296,-0.025713867059162038,2.035001754760742,0.010266470722854137,0
mujoco,flat_forward,0,0,1388,13.879999999997747,1.0,0.0,0.33089882584393776,0.021054334026951033,-0.013990778536680681,0.4513940553838206,-0.03357829525980147,2.0262908935546875,0.0150815574452281,0
mujoco,flat_forward,0,0,1389,13.889999999997741,1.0,0.0,0.3308986417372626,0.021042973937833533,-0.014019440545063011,0.4525487229722339,-0.036267850521527215,2.0377349853515625,0.020244745537638664,0
mujoco,flat_forward,0,0,1390,13.899999999997736,1.0,0.0,0.3308950777988411,0.021050763659357475,-0.013992299801286247,0.45131882850309624,-0.02950900163423592,2.0255684852600098,0.022063132375478745,0
mujoco,flat_forward,0,0,1391,13.90999999999773,1.0,0.0,0.3308967417295255,0.021047382310915165,-0.013944376122030219,0.45216814076839124,-0.03882630929549772,2.0373425483703613,0.02298727072775364,0
mujoco,flat_forward,0,0,1392,13.919999999997724,1.0,0.0,0.3308945732356141,0.021040480503074187,-0.013970130828869685,0.4514625417138731,-0.027347173318587763,2.0301852226257324,0.018799422308802605,0
mujoco,flat_forward,0,0,1393,13.929999999997719,1.0,0.0,0.3308987560276709,0.021032726272470572,-0.01388130097110981,0.45142830928909117,-0.03850663100807772,2.0337209701538086,0.01732582040131092,0
mujoco,flat_forward,0,0,1394,13.939999999997713,1.0,0.0,0.33090404925661515,0.021011847214941027,-0.013938366870025209,0.45193645247279324,-0.027711922935916705,2.0343430042266846,0.0111085819080472,0
mujoco,flat_forward,0,0,1395,13.949999999997708,1.0,0.0,0.3309082147053437,0.021019211318784,-0.013890719568797694,0.4509696324862482,-0.03666793942932915,2.025334119796753,0.018195467069745064,0
mujoco,flat_forward,0,0,1396,13.959999999997702,1.0,0.0,0.33091417564438724,0.021007789765888456,-0.013931847520657837,0.45173397904272156,-0.039009445326029075,2.0354092121124268,0.01874244026839733,0
mujoco,flat_forward,0,0,1397,13.969999999997697,1.0,0.0,0.33091844308005275,0.02102162190693465,-0.01393650313468952,0.450874350424584,-0.03055224710076316,2.025805711746216,0.01715925522148609,0
mujoco,flat_forward,0,0,1398,13.979999999997691,1.0,0.0,0.330926257027295,0.02102070164840397,-0.013929609849207679,0.45157996210601264,-0.04365779414196755,2.0338265895843506,0.01578601449728012,0
mujoco,flat_forward,0,0,1399,13.989999999997686,1.0,0.0,0.3309289263348814,0.02101895193960613,-0.013970526669289943,0.4511112774005905,-0.023929444508563297,2.0278589725494385,0.017696063965559006,0
mujoco,flat_forward,0,0,1400,13.99999999999768,1.0,0.0,0.3309319526302154,0.02101978727552385,-0.013935469744486942,0.4509008706639248,-0.04035539372523353,2.0287816524505615,0.017836403101682663,0
mujoco,flat_forward,0,0,1401,14.009999999997675,1.0,0.0,0.33093443498173847,0.02100250313229286,-0.013962535090754805,0.4511166769768731,-0.030992530855515975,2.031982898712158,0.01418272964656353,0
mujoco,flat_forward,0,0,1402,14.019999999997669,1.0,0.0,0.33093578512702293,0.021018027102709735,-0.013962052703712157,0.4506451258497286,-0.03671266711410098,2.0257985591888428,0.014747468754649162,0
mujoco,flat_forward,0,0,1403,14.029999999997663,1.0,0.0,0.3309385487678932,0.021006259025494012,-0.013986010791975987,0.45097403230554306,-0.04097777555525565,2.0322177410125732,0.013394963927567005,0
mujoco,flat_forward,0,0,1404,14.039999999997658,1.0,0.0,0.33094102188769425,0.021023265332084092,-0.014009767030816479,0.4508887117083158,-0.026780534497157126,2.0265965461730957,0.01082020252943039,0
mujoco,flat_forward,0,0,1405,14.049999999997652,1.0,0.0,0.33094247211385885,0.02102847056200095,-0.014015010839265925,0.4511359576221888,-0.04525056043659744,2.0289268493652344,0.011111904866993427,0
mujoco,flat_forward,0,0,1406,14.059999999997647,1.0,0.0,0.3309422704248198,0.021033929406654436,-0.014010286162986843,0.4509553158747142,-0.024093856604267123,2.0286598205566406,0.014323817566037178,0
mujoco,flat_forward,0,0,1407,14.069999999997641,1.0,0.0,0.33093909513344816,0.021054091060560956,-0.014012715343795166,0.4509131546727749,-0.039927966301920706,2.0279088020324707,0.017127960920333862,0
mujoco,flat_forward,0,0,1408,14.079999999997636,1.0,0.0,0.3309351275894481,0.021046266215043265,-0.014010117635678544,0.4507845928062188,-0.0321498468598912,2.032604455947876,0.015726616606116295,0
mujoco,flat_forward,0,0,1409,14.08999999999763,1.0,0.0,0.3309328395910081,0.021067681814300517,-0.014036820700640058,0.45098197327350936,-0.03173480308083341,2.0304343700408936,0.01068686880171299,0
mujoco,flat_forward,0,0,1410,14.099999999997625,1.0,0.0,0.3309313759588257,0.02105809398222352,-0.014045187446414526,0.4509250286450658,-0.039237292388274544,2.0320210456848145,0.008312052115797997,0
mujoco,flat_forward,0,0,1411,14.10999999999762,1.0,0.0,0.3309335643652426,0.02107023073959971,-0.014061459235378191,0.4513234649644817,-0.024384639359281556,2.0310020446777344,0.009504644200205803,0
mujoco,flat_forward,0,0,1412,14.119999999997614,1.0,0.0,0.33093365677221626,0.0210746176351931,-0.014066039631729196,0.45090620576619306,-0.04136486810970942,2.027289390563965,0.014311493374407291,0
mujoco,flat_forward,0,0,1413,14.129999999997608,1.0,0.0,0.33093920001337146,0.021084121207240854,-0.014005129161770687,0.45081240843680875,-0.026638085567635382,2.032942056655884,0.017783839255571365,0
mujoco,flat_forward,0,0,1414,14.139999999997602,1.0,0.0,0.3309448637520188,0.021102241854974443,-0.014040587803296522,0.45125422538629717,-0.04015239758497899,2.030869245529175,0.012644982896745205,0
mujoco,flat_forward,0,0,1415,14.149999999997597,1.0,0.0,0.3309492473924526,0.021094463855991473,-0.013990153056553968,0.4505363038772545,-0.03055880420386147,2.0311009883880615,0.012738539837300777,0
mujoco,flat_forward,0,0,1416,14.159999999997591,1.0,0.0,0.3309557651883717,0.02110294481286971,-0.014031948274402654,0.45115264545346007,-0.032992888973973525,2.0338151454925537,0.013158653862774372,0
mujoco,flat_forward,0,0,1417,14.169999999997586,1.0,0.0,0.3309624433254324,0.02108200312852447,-0.014013934954970114,0.4504735221337428,-0.03848104326319476,2.0303874015808105,0.011872150003910065,0
mujoco,flat_forward,0,0,1418,14.17999999999758,1.0,0.0,0.3309747100332001,0.0210785665540361,-0.014023026454251996,0.45128555318558566,-0.027495390724657495,2.0336544513702393,0.014269334264099598,0
mujoco,flat_forward,0,0,1419,14.189999999997575,1.0,0.0,0.3309810774023469,0.021072294260728517,-0.014075010070692815,0.4506001792596322,-0.04337889285692839,2.025926351547241,0.02002009190618992,0
mujoco,flat_forward,0,0,1420,14.19999999999757,1.0,0.0,0.33099036207189314,0.021074058512692916,-0.014036803742421526,0.4506269313782387,-0.032821654790129044,2.032391309738159,0.019686421379446983,0
mujoco,flat_forward,0,0,1421,14.209999999997564,1.0,0.0,0.33099677429825275,0.021078488108181748,-0.01412618167938956,0.4511546540763837,-0.043275206446592704,2.0301733016967773,0.010950027033686638,0
mujoco,flat_forward,0,0,1422,14.219999999997558,1.0,0.0,0.3310018221072655,0.02107381291402809,-0.014060737871734405,0.4502653423301536,-0.03397596275863912,2.028698205947876,0.009173993952572346,0
mujoco,flat_forward,0,0,1423,14.229999999997553,1.0,0.0,0.33100791685303127,0.021078921202735707,-0.014131637384536735,0.4514127084069525,-0.03225767580618646,2.0344576835632324,0.013785765506327152,0
mujoco,flat_forward,0,0,1424,14.239999999997547,1.0,0.0,0.33100869161272817,0.021066420550956918,-0.0140988941710313,0.45015976412872316,-0.03685532807916932,2.0254323482513428,0.019199058413505554,0
mujoco,flat_forward,0,0,1425,14.249999999997542,1.0,0.0,0.33101401303050026,0.021064893839487366,-0.014074719272279332,0.4511227769706406,-0.031561791245238044,2.036115884780884,0.024551544338464737,0
mujoco,flat_forward,0,0,1426,14.259999999997536,1.0,0.0,0.3310135828553175,0.02106202052800753,-0.014129982055866719,0.4504929466454163,-0.04050207852150958,2.0271074771881104,0.02140159346163273,0
mujoco,flat_forward,0,0,1427,14.26999999999753,1.0,0.0,0.33101806210016094,0.021064325694592007,-0.014053225917562417,0.45055959965617876,-0.03585365645587324,2.0330073833465576,0.017688417807221413,0
mujoco,flat_forward,0,0,1428,14.279999999997525,1.0,0.0,0.3310212867994614,0.021067499318597305,-0.014153999312922614,0.45104370004407063,-0.03706975483974245,2.031893730163574,0.008346945978701115,0
mujoco,flat_forward,0,0,1429,14.28999999999752,1.0,0.0,0.331028103685167,0.021073836703963674,-0.014036526922594378,0.45001797552879924,-0.035226573105786495,2.0279219150543213,0.0064144013449549675,0
mujoco,flat_forward,0,0,1430,14.299999999997514,1.0,0.0,0.3310388685969265,0.021079489411668918,-0.014107701850778677,0.45164683903916586,-0.034373938271446004,2.0358364582061768,0.014311287552118301,0
mujoco,flat_forward,0,0,1431,14.309999999997508,1.0,0.0,0.3310390439933679,0.021089595975482846,-0.014103937365858117,0.4499647558087514,-0.03256973645304247,2.02138090133667,0.028827650472521782,0
mujoco,flat_forward,0,0,1432,14.319999999997503,1.0,0.0,0.3310411682069956,0.02109622991975622,-0.014090092425082728,0.45102724008782424,-0.035555275119468224,2.0371086597442627,0.03209372237324715,0
mujoco,flat_forward,0,0,1433,14.329999999997497,1.0,0.0,0.3310381249120678,0.021099594550196603,-0.014165978729819116,0.4503061446466267,-0.03503428605539136,2.0284006595611572,0.0235352274030447,0
mujoco,flat_forward,0,0,1434,14.339999999997492,1.0,0.0,0.33104126587673305,0.021102161324843664,-0.014097296419971601,0.4504626858069331,-0.03848066759169881,2.0341062545776367,0.017042260617017746,0
mujoco,flat_forward,0,0,1435,14.349999999997486,1.0,0.0,0.3310435071728119,0.02109658430217307,-0.014224078529291195,0.45120745744057983,-0.03420986249716886,2.0337960720062256,0.009803456254303455,0
mujoco,flat_forward,0,0,1436,14.35999999999748,1.0,0.0,0.3310459354266959,0.02109764536945251,-0.014144175643303739,0.45013961798420404,-0.039357150079840086,2.0254154205322266,0.012822987511754036,0
mujoco,flat_forward,0,0,1437,14.369999999997475,1.0,0.0,0.331050450288459,0.02108716937861882,-0.014207941827776216,0.45160351058220743,-0.0415456377279766,2.0359244346618652,0.018481796607375145,0
mujoco,flat_forward,0,0,1438,14.37999999999747,1.0,0.0,0.3310479012097882,0.02108850694362227,-0.014191784728474937,0.45009807458874984,-0.03667776701051201,2.0219004154205322,0.026114020496606827,0
mujoco,flat_forward,0,0,1439,14.389999999997464,1.0,0.0,0.3310491382929202,0.02108302352234679,-0.014154207441996495,0.4510883405940456,-0.042624577726175505,2.036438465118408,0.028479473665356636,0
mujoco,flat_forward,0,0,1440,14.399999999997458,1.0,0.0,0.3310466498240022,0.021081176070727355,-0.014200367504152768,0.4503633808874737,-0.029185625984215147,2.028618097305298,0.021192776039242744,0
mujoco,flat_forward,0,0,1441,14.409999999997453,1.0,0.0,0.33104983216834394,0.021082151457563692,-0.014139182540335372,0.4503775648000983,-0.03920262246242691,2.0327553749084473,0.01791759580373764,0
mujoco,flat_forward,0,0,1442,14.419999999997447,1.0,0.0,0.3310532575074767,0.021072339609220593,-0.014216009632945462,0.45092458181654904,-0.028149081358569878,2.0340576171875,0.012444470077753067,0
mujoco,flat_forward,0,0,1443,14.429999999997442,1.0,0.0,0.33105465254680866,0.021089228033668583,-0.014201773623096397,0.450064948289949,-0.03717654715944581,2.0256946086883545,0.01753774657845497,0
mujoco,flat_forward,0,0,1444,14.439999999997436,1.0,0.0,0.3310566791969255,0.021084363415454336,-0.014264942278000854,0.45086269217693,-0.03961580702842737,2.035595655441284,0.018224500119686127,0
mujoco,flat_forward,0,0,1445,14.44999999999743,1.0,0.0,0.3310559079837718,0.021100667494168997,-0.014289605561004313,0.4501355721714317,-0.03145412176935144,2.0268476009368896,0.016573848202824593,0
mujoco,flat_forward,0,0,1446,14.459999999997425,1.0,0.0,0.33105774237695923,0.0210992858804593,-0.014306201702144646,0.45089268489454604,-0.044538064029988,2.0346739292144775,0.014697308652102947,0
mujoco,flat_forward,0,0,1447,14.46999999999742,1.0,0.0,0.3310530415836972,0.02109309318562716,-0.0143595180872367,0.45053656972680217,-0.025075178221858764,2.029008388519287,0.01794055663049221,0
mujoco,flat_forward,0,0,1448,14.479999999997414,1.0,0.0,0.3310476708038728,0.021088021132261544,-0.014346310943817317,0.4504332872655283,-0.0413837373570254,2.0300214290618896,0.017682215198874474,0
mujoco,flat_forward,0,0,1449,14.489999999997409,1.0,0.0,0.3310419715620031,0.021067616523907207,-0.014371307586058271,0.45044840094562855,-0.028525501003217997,2.0330898761749268,0.013944351114332676,0
mujoco,flat_forward,0,0,1450,14.499999999997403,1.0,0.0,0.3310365045574514,0.021079798295008164,-0.014378442072873272,0.450126005942185,-0.03605154888705035,2.0278713703155518,0.015611444599926472,0
mujoco,flat_forward,0,0,1451,14.509999999997397,1.0,0.0,0.331032355997234,0.021062435784887555,-0.014407149742813942,0.45035426707063075,-0.03788840213462603,2.0338213443756104,0.01345910131931305,0
mujoco,flat_forward,0,0,1452,14.519999999997392,1.0,0.0,0.3310292762900878,0.021072351310743524,-0.014434708409550448,0.4502443443161118,-0.029215355053186957,2.0291213989257812,0.010010883212089539,0
mujoco,flat_forward,0,0,1453,14.529999999997386,1.0,0.0,0.33102658632318843,0.021060723497368265,-0.01445171773640255,0.45050079951317473,-0.04433723772685342,2.0318241119384766,0.009290505200624466,0
mujoco,flat_forward,0,0,1454,14.53999999999738,1.0,0.0,0.33102340475418707,0.021055828376804905,-0.014463026238432118,0.45046962030626875,-0.023131388953915547,2.030583381652832,0.012265434488654137,0
mujoco,flat_forward,0,0,1455,14.549999999997375,1.0,0.0,0.3310158025184989,0.021059502132380326,-0.014477161956120858,0.4503717157927578,-0.042922794298657446,2.028822898864746,0.017357952892780304,0
mujoco,flat_forward,0,0,1456,14.55999999999737,1.0,0.0,0.331004033275962,0.021033480904404062,-0.014481467549571527,0.4501779879209807,-0.030341044355306056,2.033306121826172,0.0177528765052557,0
mujoco,flat_forward,0,0,1457,14.569999999997364,1.0,0.0,0.3309913977410192,0.02103662873271606,-0.014518349978556189,0.450342365594575,-0.034192387842100935,2.0315403938293457,0.01251197885721922,0
mujoco,flat_forward,0,0,1458,14.579999999997359,1.0,0.0,0.33097861475112356,0.02101403890967777,-0.014516543385872493,0.4499664354251004,-0.03356094322694101,2.0333611965179443,0.009219101630151272,0
mujoco,flat_forward,0,0,1459,14.589999999997353,1.0,0.0,0.3309709257919496,0.021019824447756297,-0.014533330308821066,0.4501953892066904,-0.027469621441737056,2.033367156982422,0.009051077999174595,0
mujoco,flat_forward,0,0,1460,14.599999999997348,1.0,0.0,0.3309647910760047,0.02100090132265316,-0.014534930105473557,0.4498930750650585,-0.0411718734051106,2.0317978858947754,0.010728193446993828,0
mujoco,flat_forward,0,0,1461,14.609999999997342,1.0,0.0,0.33096378694697254,0.02099260964670587,-0.014518111061528505,0.4499930565397752,-0.02585235030825984,2.0333385467529297,0.012471291236579418,0
mujoco,flat_forward,0,0,1462,14.619999999997336,1.0,0.0,0.3309590697903018,0.02098843019424434,-0.014550733366129732,0.4499837781762379,-0.04456266319091247,2.0291128158569336,0.0157278124243021,0
mujoco,flat_forward,0,0,1463,14.629999999997331,1.0,0.0,0.33095399890564936,0.020976102152311823,-0.01450060539771547,0.4493769221458277,-0.03012671513942815,2.0321474075317383,0.014957579784095287,0
mujoco,flat_forward,0,0,1464,14.639999999997325,1.0,0.0,0.330948819875822,0.020980103591321613,-0.014540085190198709,0.44987410498317487,-0.034852288193131915,2.03317928314209,0.010925371199846268,0
mujoco,flat_forward,0,0,1465,14.64999999999732,1.0,0.0,0.33094079976240887,0.02095570124865212,-0.014511183596830138,0.44916456908601937,-0.03413078219805756,2.031667947769165,0.011037744581699371,0
mujoco,flat_forward,0,0,1466,14.659999999997314,1.0,0.0,0.33093589275021285,0.020952132628823086,-0.014527077180230427,0.449945332473107,-0.02517645509481637,2.0352025032043457,0.01257359143346548,0
mujoco,flat_forward,0,0,1467,14.669999999997309,1.0,0.0,0.3309256403804171,0.020935978450706837,-0.014529321528655133,0.4491162676482864,-0.039012093706339596,2.0277605056762695,0.0188590120524168,0
mujoco,flat_forward,0,0,1468,14.679999999997303,1.0,0.0,0.3309194409977459,0.020931027077357726,-0.014462848009340659,0.44933026682160115,-0.02945749705218743,2.035135269165039,0.020375769585371017,0
mujoco,flat_forward,0,0,1469,14.689999999997298,1.0,0.0,0.33090996879696977,0.020928344665443126,-0.014504225208400102,0.44947389873600135,-0.04175810246311298,2.0310232639312744,0.014111470431089401,0
mujoco,flat_forward,0,0,1470,14.699999999997292,1.0,0.0,0.33090243273159425,0.02092256304089606,-0.01439507249426532,0.448780734517905,-0.03205127001752895,2.031813144683838,0.01040605641901493,0
mujoco,flat_forward,0,0,1471,14.709999999997287,1.0,0.0,0.3308967623287472,0.02092505392341151,-0.014437123173416156,0.4497961881102262,-0.03439352419639489,2.0351545810699463,0.009103981778025627,0
mujoco,flat_forward,0,0,1472,14.719999999997281,1.0,0.0,0.33088675470058826,0.020908496160050655,-0.014350622861940313,0.4485690293376885,-0.03461732829890675,2.02767014503479,0.016222843900322914,0
mujoco,flat_forward,0,0,1473,14.729999999997275,1.0,0.0,0.3308814801392293,0.02090390333962817,-0.014323973621879673,0.4496818680199279,-0.029219451590803632,2.0369808673858643,0.022207587957382202,0
mujoco,flat_forward,0,0,1474,14.73999999999727,1.0,0.0,0.33087065938879145,0.020902690544291388,-0.014305613249546068,0.44839534692751964,-0.03475099582211951,2.026506185531616,0.024374529719352722,0
mujoco,flat_forward,0,0,1475,14.749999999997264,1.0,0.0,0.33086798231879855,0.02091018957656067,-0.014210777492699599,0.44883746188367124,-0.03169943340388681,2.0370171070098877,0.02486533857882023,0
mujoco,flat_forward,0,0,1476,14.759999999997259,1.0,0.0,0.3308645896280161,0.02091587887977473,-0.014285709952481658,0.44887122375063715,-0.03472248072294571,2.032235860824585,0.016111401841044426,0
mujoco,flat_forward,0,0,1477,14.769999999997253,1.0,0.0,0.3308660993652465,0.020923442677936714,-0.014167054603166241,0.4482244485244883,-0.03291543997114165,2.031428098678589,0.007853012531995773,0
mujoco,flat_forward,0,0,1478,14.779999999997248,1.0,0.0,0.3308694930662731,0.020928562618780542,-0.014249944060953389,0.4496642973697638,-0.03270685283654686,2.0364127159118652,0.00882770773023367,0
mujoco,flat_forward,0,0,1479,14.789999999997242,1.0,0.0,0.33086836068543296,0.02093473864255156,-0.014113761817411365,0.44783081995169466,-0.032908328541625405,2.0234694480895996,0.022443918511271477,0
mujoco,flat_forward,0,0,1480,14.799999999997237,1.0,0.0,0.33087186234638655,0.02093849140783218,-0.01405925536706855,0.4491652354226128,-0.03413634631739195,2.0409529209136963,0.03374483808875084,0
mujoco,flat_forward,0,0,1481,14.809999999997231,1.0,0.0,0.33087005336612224,0.020941512715340078,-0.014065591688667257,0.4479918817893108,-0.032343414664701635,2.0287868976593018,0.02726554684340954,0
mujoco,flat_forward,0,0,1482,14.819999999997226,1.0,0.0,0.3308754478311953,0.020944819736180363,-0.013966701875191072,0.44841753991973865,-0.035207512180414985,2.038577079772949,0.02437772788107395,0
mujoco,flat_forward,0,0,1483,14.82999999999722,1.0,0.0,0.33087991284518325,0.020943640571754178,-0.014060980062324386,0.44870785958776876,-0.03080669032312717,2.0352227687835693,0.012743568979203701,0
mujoco,flat_forward,0,0,1484,14.839999999997215,1.0,0.0,0.33088817738343784,0.020949069292397652,-0.013952362877189987,0.4479021196723098,-0.03577649681117193,2.0304839611053467,0.010316810570657253,0
mujoco,flat_forward,0,0,1485,14.849999999997209,1.0,0.0,0.33089902878430244,0.0209459821672282,-0.01402329330500233,0.4492099317117959,-0.034603270274977865,2.038299083709717,0.014376879669725895,0
mujoco,flat_forward,0,0,1486,14.859999999997203,1.0,0.0,0.33090511796628325,0.020962100108777235,-0.013963538814523556,0.4476352755829172,-0.03328161494061611,2.0248985290527344,0.02318832278251648,0
mujoco,flat_forward,0,0,1487,14.869999999997198,1.0,0.0,0.3309156144418989,0.02096971766469073,-0.013940342904451748,0.4488402129109196,-0.03908312036289327,2.040705919265747,0.029084768146276474,0
mujoco,flat_forward,0,0,1488,14.879999999997192,1.0,0.0,0.3309209558555294,0.020977105045589365,-0.013991389124018868,0.44794681854474266,-0.02850616661183798,2.029930353164673,0.024135470390319824,0
mujoco,flat_forward,0,0,1489,14.889999999997187,1.0,0.0,0.3309313441775334,0.020982310715216283,-0.01392481614360737,0.448181022754295,-0.03675589799468174,2.0366785526275635,0.020692773163318634,0
mujoco,flat_forward,0,0,1490,14.899999999997181,1.0,0.0,0.3309406549918263,0.020979701434598357,-0.014021113383390127,0.44870524653515126,-0.025987398233287776,2.0361828804016113,0.011408845894038677,0
mujoco,flat_forward,0,0,1491,14.909999999997176,1.0,0.0,0.3309505261318536,0.020993863276390533,-0.013957014205192629,0.4478180792819662,-0.03581602347832504,2.028625965118408,0.015032585710287094,0
mujoco,flat_forward,0,0,1492,14.91999999999717,1.0,0.0,0.3309624932339802,0.02098967630449925,-0.014010701294956164,0.44881643424522744,-0.036616534763589496,2.039109468460083,0.01924697495996952,0
mujoco,flat_forward,0,0,1493,14.929999999997165,1.0,0.0,0.3309721013656061,0.02101108774222068,-0.014007676031555621,0.4478228054029525,-0.031216492998182268,2.0282487869262695,0.018853148445487022,0
mujoco,flat_forward,0,0,1494,14.939999999997159,1.0,0.0,0.3309859656352109,0.021016327636077792,-0.014005194342538031,0.4487838574085056,-0.04253755845014761,2.038749933242798,0.019518211483955383,0
mujoco,flat_forward,0,0,1495,14.949999999997154,1.0,0.0,0.33099464799043615,0.021021935040227313,-0.014057759459748402,0.44821223891432355,-0.02481241315813432,2.0308938026428223,0.01965957321226597,0
mujoco,flat_forward,0,0,1496,14.959999999997148,1.0,0.0,0.3310050427703299,0.0210253908048104,-0.014028798503621586,0.4482477412577265,-0.03910167352684116,2.034287929534912,0.018793435767292976,0
mujoco,flat_forward,0,0,1497,14.969999999997142,1.0,0.0,0.33101439363106044,0.021015327160414578,-0.014095066912289433,0.448625909272988,-0.027395476625449236,2.035947561264038,0.01318261306732893,0
mujoco,flat_forward,0,0,1498,14.979999999997137,1.0,0.0,0.3310216099011258,0.021035355215796997,-0.014103519600179377,0.44806012959943964,-0.03554298921457541,2.029323101043701,0.01650061085820198,0
mujoco,flat_forward,0,0,1499,14.989999999997131,1.0,0.0,0.33102938511227376,0.02102955076867877,-0.014159580832895953,0.44864403399768776,-0.03760467050396994,2.0376827716827393,0.01615523360669613,0
mujoco,flat_forward,0,0,1500,14.999999999997126,1.0,0.0,0.3310360804720045,0.021050973757905073,-0.014191001283202507,0.4482519036472235,-0.028656247236121462,2.0307695865631104,0.012847094796597958,0
mujoco,flat_forward,0,0,1501,15.00999999999712,1.0,0.0,0.3310445679297214,0.021052789510189164,-0.014216172592097476,0.4488510798503381,-0.04342035988806137,2.036325216293335,0.011551120318472385,0
mujoco,flat_forward,0,0,1502,15.019999999997115,1.0,0.0,0.3310506236892705,0.021057930775663952,-0.014241520217381039,0.44847345994094956,-0.024244701033554302,2.0325472354888916,0.013879271224141121,0
mujoco,flat_forward,0,0,1503,15.02999999999711,1.0,0.0,0.33105892762377703,0.021058650178336732,-0.014207985471499257,0.44843788859381517,-0.0423522665576439,2.034611225128174,0.015894005075097084,0
mujoco,flat_forward,0,0,1504,15.039999999997104,1.0,0.0,0.33106710104357645,0.02103822684563063,-0.014222716504806164,0.4485569293413092,-0.029790067762789203,2.0369255542755127,0.014448882080614567,0
mujoco,flat_forward,0,0,1505,15.049999999997098,1.0,0.0,0.33107460415272993,0.02104662298757201,-0.014224870146464319,0.44826870928269735,-0.03724881711278017,2.032114267349243,0.015079500153660774,0
mujoco,flat_forward,0,0,1506,15.059999999997093,1.0,0.0,0.33108291300625514,0.021026071796968186,-0.014252189744885584,0.4485610139139296,-0.039050723570473726,2.037111282348633,0.011522237211465836,0
mujoco,flat_forward,0,0,1507,15.069999999997087,1.0,0.0,0.3310917704382509,0.021035097587732685,-0.014276253896021367,0.4484496572471541,-0.030219572607967076,2.0321927070617676,0.00982626248151064,0
mujoco,flat_forward,0,0,1508,15.079999999997082,1.0,0.0,0.3311007886216099,0.02102424503872955,-0.014292978632838103,0.4487587174770864,-0.04554186564384494,2.0347676277160645,0.008987529203295708,0
mujoco,flat_forward,0,0,1509,15.089999999997076,1.0,0.0,0.33110905007084696,0.021022863513126936,-0.014303710017294913,0.4487363413624335,-0.024284811000922352,2.032958507537842,0.012388951145112514,0
mujoco,flat_forward,0,0,1510,15.09999999999707,1.0,0.0,0.3311129088605058,0.021031312082030556,-0.014316508692491183,0.44867826127456184,-0.044278419506883285,2.0313501358032227,0.016802141442894936,0
mujoco,flat_forward,0,0,1511,15.109999999997065,1.0,0.0,0.33111275606813845,0.021011640491497258,-0.014319069809021282,0.44853104149042516,-0.031928429393083366,2.0353307723999023,0.017427697777748108,0
mujoco,flat_forward,0,0,1512,15.11999999999706,1.0,0.0,0.33111144707192897,0.02102104327531871,-0.0143605260365005,0.44874415975290843,-0.03609246532836235,2.0337042808532715,0.01223225612193346,0
mujoco,flat_forward,0,0,1513,15.129999999997054,1.0,0.0,0.33111018501921174,0.021004189302485092,-0.014363507461970362,0.448418284813234,-0.03579640588598719,2.0351459980010986,0.009335435926914215,0
mujoco,flat_forward,0,0,1514,15.139999999997048,1.0,0.0,0.33111307012889213,0.021017473579728926,-0.014402983461957461,0.448894782564599,-0.026401098541418252,2.0350399017333984,0.009313346818089485,0
mujoco,flat_forward,0,0,1515,15.149999999997043,1.0,0.0,0.33111409015940696,0.021013934469654404,-0.014426515330897073,0.44851360826650233,-0.041475581027324133,2.0315802097320557,0.013576188124716282,0
mujoco,flat_forward,0,0,1516,15.159999999997037,1.0,0.0,0.33111866112213906,0.021016728628095956,-0.014409064475529688,0.4487073184201652,-0.02796326111414615,2.0356340408325195,0.01587344892323017,0
mujoco,flat_forward,0,0,1517,15.169999999997032,1.0,0.0,0.3311190241416725,0.021022333796551513,-0.014465218900566705,0.4489321998146713,-0.04439190190376695,2.0320379734039307,0.014379888772964478,0
mujoco,flat_forward,0,0,1518,15.179999999997026,1.0,0.0,0.3311184397692719,0.02101424017676962,-0.01441341860455267,0.4483772243339955,-0.032113064605695074,2.034295082092285,0.013476294465363026,0
mujoco,flat_forward,0,0,1519,15.18999999999702,1.0,0.0,0.3311175220841372,0.021020659924330373,-0.014479837162274769,0.44917749599123064,-0.03473145485608043,2.036720037460327,0.010443051345646381,0
mujoco,flat_forward,0,0,1520,15.199999999997015,1.0,0.0,0.3311130619968477,0.02099579590958135,-0.014454237813545916,0.44843170207482524,-0.03611678118018926,2.03302001953125,0.012723196297883987,0
mujoco,flat_forward,0,0,1521,15.20999999999701,1.0,0.0,0.3311117819272209,0.02098852479388132,-0.014477801514752343,0.4494971255669628,-0.026824190658411743,2.0385851860046387,0.01586807519197464,0
mujoco,flat_forward,0,0,1522,15.219999999997004,1.0,0.0,0.3311031503851233,0.02098264466388244,-0.014503958452585935,0.44841448791037924,-0.036909508988763134,2.0296225547790527,0.022717135027050972,0
mujoco,flat_forward,0,0,1523,15.229999999996998,1.0,0.0,0.3311000389454465,0.02098724529740068,-0.014457781349908955,0.44885763777107746,-0.03010539490040356,2.0395967960357666,0.02362615242600441,0
mujoco,flat_forward,0,0,1524,15.239999999996993,1.0,0.0,0.3310944673384972,0.020990609378715653,-0.014549016303252997,0.4490281093465339,-0.037377083454166286,2.0348305702209473,0.016619078814983368,0
mujoco,flat_forward,0,0,1525,15.249999999996987,1.0,0.0,0.3310913002483681,0.020992663958015786,-0.014470521580165412,0.448518103251879,-0.03144561298477086,2.0354130268096924,0.008489832282066345,0
mujoco,flat_forward,0,0,1526,15.259999999996982,1.0,0.0,0.331088959885396,0.02099438643964606,-0.014560232207778386,0.44970998402242096,-0.036735250163073344,2.039395332336426,0.0072191497310996056,0
mujoco,flat_forward,0,0,1527,15.269999999996976,1.0,0.0,0.3310820286367046,0.02097091659830398,-0.014483273337832881,0.448398632359174,-0.03501736940077563,2.0302553176879883,0.018949847668409348,0
mujoco,flat_forward,0,0,1528,15.27999999999697,1.0,0.0,0.331078362315315,0.020955128311767147,-0.014511706266151912,0.44973150812671936,-0.03199832580693031,2.0411152839660645,0.024190498515963554,0
mujoco,flat_forward,0,0,1529,15.289999999996965,1.0,0.0,0.3310678831868091,0.020944287820417937,-0.014512184258122581,0.44828596412506433,-0.03524732508366206,2.0282905101776123,0.02816168963909149,0
mujoco,flat_forward,0,0,1530,15.29999999999696,1.0,0.0,0.33106352821487933,0.020940667882774742,-0.014465603360421317,0.44899246833453305,-0.03461473195914181,2.0399668216705322,0.026982920244336128,0
mujoco,flat_forward,0,0,1531,15.309999999996954,1.0,0.0,0.33105577090770627,0.02093564121240972,-0.0145682483157083,0.44880385599888684,-0.03525898430003369,2.033357858657837,0.02008703351020813,0
mujoco,flat_forward,0,0,1532,15.319999999996949,1.0,0.0,0.3310513240017214,0.020933968832997578,-0.014489438215702559,0.4484650694214615,-0.03613663837764376,2.033846139907837,0.010328042320907116,0
mujoco,flat_forward,0,0,1533,15.329999999996943,1.0,0.0,0.33104617326238456,0.02092662567266891,-0.014602078372236154,0.4497357059442066,-0.03400294449564481,2.037580728530884,0.00803479366004467,0
mujoco,flat_forward,0,0,1534,15.339999999996937,1.0,0.0,0.3310354223621423,0.020924071830299918,-0.014501175565642895,0.44818334166242707,-0.03652861690830481,2.025686264038086,0.01973663829267025,0
mujoco,flat_forward,0,0,1535,15.349999999996932,1.0,0.0,0.33102678349292775,0.020913699846181497,-0.014501161088810801,0.4496438559661335,-0.039423291428387415,2.0414092540740967,0.02803139202296734,0
mujoco,flat_forward,0,0,1536,15.359999999996926,1.0,0.0,0.33101087935285106,0.020909317260252462,-0.014498475801778361,0.44816474207962687,-0.03184897782083454,2.0283613204956055,0.028756950050592422,0
mujoco,flat_forward,0,0,1537,15.36999999999692,1.0,0.0,0.3310005866156239,0.020901867332660896,-0.014429071418040765,0.44882461825628406,-0.03767295019729488,2.0401110649108887,0.027205167338252068,0
mujoco,flat_forward,0,0,1538,15.379999999996915,1.0,0.0,0.33098797697272825,0.020890935555625236,-0.014498037398759555,0.4487217592168128,-0.02850940710439665,2.0350124835968018,0.018235376104712486,0
mujoco,flat_forward,0,0,1539,15.38999999999691,1.0,0.0,0.33097909748408466,0.02088735551065271,-0.014422869741765959,0.44834302280242616,-0.03734984292531779,2.0333032608032227,0.012388752773404121,0
mujoco,flat_forward,0,0,1540,15.399999999996904,1.0,0.0,0.33097090140324964,0.02086761595437265,-0.014491700048328922,0.4492487482127731,-0.0325566823790723,2.0381903648376465,0.012091763317584991,0
mujoco,flat_forward,0,0,1541,15.409999999996899,1.0,0.0,0.3309597864470535,0.020866719480175863,-0.014424698113463287,0.44800087626276835,-0.038624744059364585,2.027827501296997,0.018691446632146835,0
mujoco,flat_forward,0,0,1542,15.419999999996893,1.0,0.0,0.33095214328901823,0.020849142964092,-0.01443924178812784,0.4489660324698294,-0.041276856820982005,2.040292739868164,0.021188780665397644,0
mujoco,flat_forward,0,0,1543,15.429999999996888,1.0,0.0,0.33094364423472533,0.02085123463666764,-0.01443007656723992,0.4478718577065223,-0.030547100525694128,2.030506134033203,0.018993401899933815,0
mujoco,flat_forward,0,0,1544,15.439999999996882,1.0,0.0,0.3309412336488757,0.020844302479702415,-0.014392863550684453,0.4484999369178743,-0.041184635000712275,2.0388119220733643,0.018055308610200882,0
mujoco,flat_forward,0,0,1545,15.449999999996876,1.0,0.0,0.3309353010795311,0.02083297068515872,-0.014437251211977751,0.44818306311615524,-0.02416854978746597,2.034315586090088,0.017040729522705078,0
mujoco,flat_forward,0,0,1546,15.459999999996871,1.0,0.0,0.33093101508753114,0.020828875148387296,-0.014388370842204559,0.44786273948707944,-0.03832395597362282,2.033144235610962,0.01611509919166565,0
mujoco,flat_forward,0,0,1547,15.469999999996865,1.0,0.0,0.3309263288955817,0.02080428228244542,-0.014428447441576894,0.4482807877400806,-0.03140328855340056,2.037658929824829,0.013401622883975506,0
mujoco,flat_forward,0,0,1548,15.47999999999686,1.0,0.0,0.33091993892996163,0.020811684744265927,-0.01442571971221084,0.4476261102310615,-0.03488768774899017,2.0303168296813965,0.015027019195258617,0
mujoco,flat_forward,0,0,1549,15.489999999996854,1.0,0.0,0.3309148893008798,0.020792556128488748,-0.014451957168976353,0.4481821331934798,-0.04107620169639683,2.0378975868225098,0.013720211572945118,0
mujoco,flat_forward,0,0,1550,15.499999999996849,1.0,0.0,0.33090819971670904,0.020794428823027684,-0.014467870822733299,0.44772127372914006,-0.02811141298428526,2.0318145751953125,0.012274656444787979,0
mujoco,flat_forward,0,0,1551,15.509999999996843,1.0,0.0,0.33090342317821253,0.02078392294359306,-0.014450945176075251,0.4479883602620072,-0.04346234125448922,2.035909652709961,0.011721804738044739,0
mujoco,flat_forward,0,0,1552,15.519999999996838,1.0,0.0,0.33089936050098684,0.020780308084642766,-0.014438837456803456,0.44768935004928206,-0.020172105772615394,2.0348129272460938,0.011952276341617107,0
mujoco,flat_forward,0,0,1553,15.529999999996832,1.0,0.0,0.33089454184692235,0.02079324709546786,-0.014422049462192062,0.4473790775592475,-0.037808588850788194,2.032897472381592,0.01887335814535618,0
mujoco,flat_forward,0,0,1554,15.539999999996827,1.0,0.0,0.3308892474063701,0.020783346437548634,-0.014422775128469846,0.4472724866802785,-0.028296786357032647,2.0386576652526855,0.017303001135587692,0
mujoco,flat_forward,0,0,1555,15.549999999996821,1.0,0.0,0.33088617734277953,0.020798101625997333,-0.014422648522171356,0.4469873746464471,-0.033757601293108536,2.035076856613159,0.012174531817436218,0
mujoco,flat_forward,0,0,1556,15.559999999996815,1.0,0.0,0.33088556640182654,0.020778794689125767,-0.01443283671880856,0.44708385015128854,-0.03749093865052566,2.0388450622558594,0.009673071093857288,0
mujoco,flat_forward,0,0,1557,15.56999999999681,1.0,0.0,0.33088763868778587,0.0207839768625133,-0.014447493154647034,0.44697909383265977,-0.026387569349879122,2.035191297531128,0.009063860401511192,0
mujoco,flat_forward,0,0,1558,15.579999999996804,1.0,0.0,0.33088976931715075,0.020771625234973855,-0.014450882910077699,0.4470611066089873,-0.04336982670551518,2.0351321697235107,0.009492622688412666,0
mujoco,flat_forward,0,0,1559,15.589999999996799,1.0,0.0,0.3308926948899651,0.020765304652803896,-0.014436454174618802,0.4468159254232184,-0.02394131686460176,2.0352959632873535,0.012657791376113892,0
mujoco,flat_forward,0,0,1560,15.599999999996793,1.0,0.0,0.3308924781278137,0.020770953725810497,-0.014442071882260633,0.4467816218719281,-0.04127542692609781,2.0328385829925537,0.015937380492687225,0
mujoco,flat_forward,0,0,1561,15.609999999996788,1.0,0.0,0.330889712592975,0.020754501564910974,-0.014430015647326884,0.4464081365379125,-0.030863433625786967,2.0359184741973877,0.014600919559597969,0
mujoco,flat_forward,0,0,1562,15.619999999996782,1.0,0.0,0.33088732447035574,0.020764180923209207,-0.014459946471643828,0.4465681647473084,-0.03253516460894978,2.034726858139038,0.01109118852764368,0
mujoco,flat_forward,0,0,1563,15.629999999996777,1.0,0.0,0.33088389878226443,0.020744721382155915,-0.014459851517361403,0.44627869249258034,-0.0376069578836374,2.035297393798828,0.008736289106309414,0
mujoco,flat_forward,0,0,1564,15.639999999996771,1.0,0.0,0.33088366676240066,0.020750047476849214,-0.014470718201205018,0.4466535116848089,-0.024757401603236882,2.0355911254882812,0.00968497060239315,0
mujoco,flat_forward,0,0,1565,15.649999999996766,1.0,0.0,0.33087954363587335,0.020745673643127772,-0.014479569531664432,0.4462557351600854,-0.043151024076196136,2.0308492183685303,0.014876455068588257,0
mujoco,flat_forward,0,0,1566,15.65999999999676,1.0,0.0,0.330877863314062,0.020746038530004094,-0.014418002269948096,0.44609427121579576,-0.029218591069937874,2.035647392272949,0.0175901111215353,0
mujoco,flat_forward,0,0,1567,15.669999999996755,1.0,0.0,0.33087423052161424,0.020754086256749328,-0.014445523326447676,0.4464900782779093,-0.04315432699810715,2.0336570739746094,0.011892351321876049,0
mujoco,flat_forward,0,0,1568,15.679999999996749,1.0,0.0,0.330868223668923,0.020741553734474717,-0.014381270190814414,0.44574037996705473,-0.033503074203042056,2.032978057861328,0.01263101864606142,0
mujoco,flat_forward,0,0,1569,15.689999999996743,1.0,0.0,0.3308635889120036,0.02074662052787309,-0.014417460752822445,0.4464868860296248,-0.03265575545967389,2.0358669757843018,0.01343331579118967,0
mujoco,flat_forward,0,0,1570,15.699999999996738,1.0,0.0,0.3308574042520743,0.020736477703398617,-0.014349319885481259,0.4453744592796911,-0.03545979672183942,2.0305142402648926,0.014437282457947731,0
mujoco,flat_forward,0,0,1571,15.709999999996732,1.0,0.0,0.33085828686648994,0.020745201819251442,-0.014315752333100932,0.4462467061610954,-0.02768375037280433,2.037769317626953,0.01992601901292801,0
mujoco,flat_forward,0,0,1572,15.719999999996727,1.0,0.0,0.3308543479763796,0.020752891114571757,-0.014338999055950522,0.4454109551229259,-0.03911604804504723,2.0292563438415527,0.022201409563422203,0
mujoco,flat_forward,0,0,1573,15.729999999996721,1.0,0.0,0.33085628119899296,0.020765477094648266,-0.014256234049476773,0.44551023731758393,-0.03253133638450979,2.0367491245269775,0.020660674199461937,0
mujoco,flat_forward,0,0,1574,15.739999999996716,1.0,0.0,0.33085694810514427,0.02077658555074044,-0.014338004805663678,0.44600227145049914,-0.03928836767137202,2.0343074798583984,0.011297936551272869,0
mujoco,flat_forward,0,0,1575,15.74999999999671,1.0,0.0,0.3308587835898066,0.020784282505680773,-0.014227960834160775,0.44504434229125106,-0.033267528986320724,2.031870126724243,0.007028046529740095,0
mujoco,flat_forward,0,0,1576,15.759999999996705,1.0,0.0,0.33086306509963237,0.020794098458437823,-0.014287521353054585,0.4464714464947969,-0.0316931533855212,2.038940668106079,0.013665993697941303,0
mujoco,flat_forward,0,0,1577,15.769999999996699,1.0,0.0,0.3308604395284452,0.020794938142393662,-0.014214155290632307,0.44482656224545064,-0.035133548776852125,2.026475191116333,0.02465357817709446,0
mujoco,flat_forward,0,0,1578,15.779999999996694,1.0,0.0,0.33086256614903514,0.020798839898375568,-0.014158633620237433,0.44590075383184336,-0.03371579414664933,2.0415353775024414,0.032156821340322495,0
mujoco,flat_forward,0,0,1579,15.789999999996688,1.0,0.0,0.33086012465568987,0.020800433064920843,-0.014207000700427937,0.44517213507001613,-0.03747645498219317,2.031254529953003,0.02386988140642643,0
mujoco,flat_forward,0,0,1580,15.799999999996682,1.0,0.0,0.33086427184655015,0.02080564223646385,-0.014110151831435247,0.44527162472109466,-0.03676046274926044,2.037241220474243,0.01820065826177597,0
mujoco,flat_forward,0,0,1581,15.809999999996677,1.0,0.0,0.3308677952466409,0.02080814699753098,-0.014222753674700583,0.446005593924063,-0.03673200598109988,2.036450147628784,0.008642802014946938,0
mujoco,flat_forward,0,0,1582,15.819999999996671,1.0,0.0,0.33087249877646413,0.020813931705790052,-0.014108896542067557,0.44486224524348555,-0.037734994710313885,2.0291748046875,0.010706664063036442,0
mujoco,flat_forward,0,0,1583,15.829999999996666,1.0,0.0,0.33088031483789415,0.020815792004683937,-0.014162960984711698,0.4464794996444598,-0.03860600422429586,2.039576768875122,0.018983453512191772,0
mujoco,flat_forward,0,0,1584,15.83999999999666,1.0,0.0,0.3308785546270872,0.020821131615512502,-0.01414203112027493,0.44476204445999373,-0.037048781908218635,2.0243780612945557,0.029671330004930496,0
mujoco,flat_forward,0,0,1585,15.849999999996655,1.0,0.0,0.3308805871437377,0.02082385097788554,-0.014105949262421464,0.445781766731206,-0.0403758282341851,2.0401244163513184,0.03278880566358566,0
mujoco,flat_forward,0,0,1586,15.85999999999665,1.0,0.0,0.33087944726330165,0.020830346363374188,-0.014162994359493454,0.445013181137494,-0.032404001226416144,2.031066656112671,0.022877700626850128,0
mujoco,flat_forward,0,0,1587,15.869999999996644,1.0,0.0,0.3308855396974214,0.020841155182938362,-0.01409008698978408,0.445069646927554,-0.03871618856312014,2.035627603530884,0.017879977822303772,0
mujoco,flat_forward,0,0,1588,15.879999999996638,1.0,0.0,0.33089197408539045,0.020844648901445967,-0.014192429070981465,0.4457492353999534,-0.03021319551495759,2.036557197570801,0.011601943522691727,0
mujoco,flat_forward,0,0,1589,15.889999999996633,1.0,0.0,0.3308985013012938,0.020864304229925832,-0.014127223357128581,0.4446929800701466,-0.03824032042124207,2.027726888656616,0.014994977973401546,0
mujoco,flat_forward,0,0,1590,15.899999999996627,1.0,0.0,0.33090746699725554,0.020867058035059588,-0.014177031752264384,0.4458637536339017,-0.040952729541671146,2.0390737056732178,0.01990613341331482,0
mujoco,flat_forward,0,0,1591,15.909999999996622,1.0,0.0,0.33091236470660923,0.020888731971599454,-0.014178055207068775,0.4446893988639038,-0.0341827089469845,2.0275819301605225,0.020909864455461502,0
mujoco,flat_forward,0,0,1592,15.919999999996616,1.0,0.0,0.3309214891459457,0.02089725632881389,-0.01415730806015587,0.4455494599883234,-0.0438817827599184,2.039112091064453,0.022062109783291817,0
mujoco,flat_forward,0,0,1593,15.92999999999661,1.0,0.0,0.33092570443906216,0.020901811008492942,-0.014218927659732759,0.44515424151618627,-0.028806086456970803,2.032747507095337,0.018521921709179878,0
mujoco,flat_forward,0,0,1594,15.939999999996605,1.0,0.0,0.33093233976843567,0.020906994319465286,-0.014179335776241028,0.44505284561076086,-0.04124537189640783,2.034703493118286,0.01649441383779049,0
mujoco,flat_forward,0,0,1595,15.9499999999966,1.0,0.0,0.33093829173854017,0.020896654543298893,-0.014254370745842213,0.44561719434733144,-0.031993779856593144,2.0372507572174072,0.01184813305735588,0
mujoco,flat_forward,0,0,1596,15.959999999996594,1.0,0.0,0.33094183711165637,0.020916772418271976,-0.014256971689246164,0.44487329524790187,-0.03833420835505654,2.029271125793457,0.01659461297094822,0
mujoco,flat_forward,0,0,1597,15.969999999996588,1.0,0.0,0.33094700107191255,0.020915396584078077,-0.014295014243403341,0.4453427333166781,-0.039093529301476165,2.0381977558135986,0.016433045268058777,0
mujoco,flat_forward,0,0,1598,15.979999999996583,1.0,0.0,0.3309532394531124,0.020945218618139368,-0.014314849494062643,0.44483017613633735,-0.029537611280113087,2.0319743156433105,0.011673424392938614,0
mujoco,flat_forward,0,0,1599,15.989999999996577,1.0,0.0,0.33096331957773156,0.02095645081197666,-0.01432825347623819,0.4453372388817336,-0.04422170893501304,2.037005662918091,0.011038457974791527,0
mujoco,flat_forward,0,0,1600,15.999999999996572,1.0,0.0,0.33097205339880137,0.02097010404995632,-0.014351671998417236,0.4451029561175164,-0.02204965072301061,2.033965826034546,0.013368158601224422,0
mujoco,flat_forward,0,0,1601,16.009999999996584,1.0,0.0,0.3309801758640304,0.020984887461666598,-0.014340844964361572,0.4449470761738823,-0.04057744164597924,2.0336155891418457,0.017060143873095512,0
mujoco,flat_forward,0,0,1602,16.019999999996596,1.0,0.0,0.33098689478008686,0.020976629504763138,-0.014356818038602755,0.44499916979607196,-0.029803438586200173,2.037996530532837,0.01573256403207779,0
mujoco,flat_forward,0,0,1603,16.02999999999661,1.0,0.0,0.33099295048715655,0.020995270869567744,-0.014371851063216024,0.4448433665009355,-0.03463231195453903,2.034127950668335,0.013260642997920513,0
mujoco,flat_forward,0,0,1604,16.03999999999662,1.0,0.0,0.33099933401508,0.020981778262318538,-0.01439500467522521,0.4450742635875047,-0.038209118288557865,2.0386364459991455,0.01044933870434761,0
mujoco,flat_forward,0,0,1605,16.049999999996633,1.0,0.0,0.3310071510150313,0.020993824805374994,-0.014422868930989695,0.44509203318652185,-0.02706162940406218,2.035269021987915,0.008601277135312557,0
mujoco,flat_forward,0,0,1606,16.059999999996645,1.0,0.0,0.3310145086152757,0.020986959919451743,-0.01444150245256209,0.4453059611263041,-0.044158407538972676,2.0360512733459473,0.009781180880963802,0
mujoco,flat_forward,0,0,1607,16.069999999996657,1.0,0.0,0.33102234375935546,0.0209851011382737,-0.014444802561652854,0.44521352032427136,-0.024555594284802286,2.0359950065612793,0.012835065834224224,0
mujoco,flat_forward,0,0,1608,16.07999999999667,1.0,0.0,0.3310268394128628,0.020993599521072954,-0.014468465516831926,0.44529007691471456,-0.04181540108265131,2.03413462638855,0.01599702425301075,0
mujoco,flat_forward,0,0,1609,16.08999999999668,1.0,0.0,0.3310282591699462,0.020973940771055945,-0.014469715832521494,0.44508776333959316,-0.031017461173406036,2.0373952388763428,0.015198425389826298,0
mujoco,flat_forward,0,0,1610,16.099999999996694,1.0,0.0,0.3310301454487322,0.020978465207685714,-0.014500829198052602,0.4452058575433994,-0.03611162537835005,2.036468505859375,0.011320047080516815,0
mujoco,flat_forward,0,0,1611,16.109999999996706,1.0,0.0,0.3310325675181388,0.020949351763751557,-0.014515513081880801,0.44518140211062546,-0.039505266466605786,2.0378005504608154,0.008689012378454208,0
mujoco,flat_forward,0,0,1612,16.11999999999672,1.0,0.0,0.33103831769186226,0.020945394714921524,-0.014552066428387972,0.44548693112791055,-0.028607708629705828,2.036259889602661,0.008740933611989021,0
mujoco,flat_forward,0,0,1613,16.12999999999673,1.0,0.0,0.33104214118828135,0.020929253814532013,-0.014568386617313231,0.4450790047974336,-0.04204698679064547,2.0332274436950684,0.011828321032226086,0
mujoco,flat_forward,0,0,1614,16.139999999996743,1.0,0.0,0.3310512276629947,0.020927181937680412,-0.014544872857855337,0.4451052207084778,-0.027554841883941986,2.0370829105377197,0.01482812874019146,0
mujoco,flat_forward,0,0,1615,16.149999999996755,1.0,0.0,0.3310577889228828,0.020932112354681193,-0.014594301396744499,0.4452624234486083,-0.04352336628004628,2.033489227294922,0.014373025856912136,0
mujoco,flat_forward,0,0,1616,16.159999999996767,1.0,0.0,0.3310642152191946,0.020927653737685986,-0.014542046016054754,0.4446322394553864,-0.030853845873997636,2.0359253883361816,0.013156816363334656,0
mujoco,flat_forward,0,0,1617,16.16999999999678,1.0,0.0,0.33107089347956226,0.020937604396352404,-0.01460563253989191,0.4453401196132376,-0.03331654073879514,2.0382132530212402,0.01066510658711195,0
mujoco,flat_forward,0,0,1618,16.17999999999679,1.0,0.0,0.3310740606192495,0.020919359804271172,-0.014583782185912832,0.44456421167299986,-0.03465972788118435,2.034860134124756,0.012712249532341957,0
mujoco,flat_forward,0,0,1619,16.189999999996804,1.0,0.0,0.33108033537414694,0.02091817837177914,-0.014606152183259597,0.4455210834894791,-0.025207418047689244,2.0404107570648193,0.015750057995319366,0
mujoco,flat_forward,0,0,1620,16.199999999996816,1.0,0.0,0.3310785120969966,0.0209123422508924,-0.014659392246287612,0.4446959690985572,-0.03873472995314763,2.031812906265259,0.02229648269712925,0
mujoco,flat_forward,0,0,1621,16.20999999999683,1.0,0.0,0.33107948684773225,0.020915069794682516,-0.01462659427933205,0.4449186020155672,-0.030233155117318534,2.0401506423950195,0.021374937146902084,0
mujoco,flat_forward,0,0,1622,16.21999999999684,1.0,0.0,0.3310767776228523,0.02091658283259994,-0.014723724350021427,0.44532459708462196,-0.03944330161225274,2.0367965698242188,0.013351530767977238,0
mujoco,flat_forward,0,0,1623,16.229999999996853,1.0,0.0,0.33107417332546063,0.020913312561959035,-0.01465403330867711,0.44462669592682214,-0.03132164342092676,2.036099672317505,0.008206193335354328,0
mujoco,flat_forward,0,0,1624,16.239999999996865,1.0,0.0,0.33107251475487165,0.0209148064101398,-0.014725310521120057,0.44568149161821674,-0.03499449697433428,2.0410826206207275,0.010192041285336018,0
mujoco,flat_forward,0,0,1625,16.249999999996877,1.0,0.0,0.33106866035740456,0.020901212926428787,-0.014624900105837384,0.44427914481529085,-0.03226193759178069,2.032907724380493,0.017423825338482857,0
mujoco,flat_forward,0,0,1626,16.25999999999689,1.0,0.0,0.33107077560140047,0.020895277554886526,-0.014629925793747705,0.4455075645414375,-0.028624553430095935,2.043532609939575,0.024275675415992737,0
mujoco,flat_forward,0,0,1627,16.2699999999969,1.0,0.0,0.3310669411312741,0.02088764087005681,-0.014651064131271324,0.44428831520700285,-0.03507443091932212,2.031231164932251,0.027772441506385803,0
mujoco,flat_forward,0,0,1628,16.279999999996914,1.0,0.0,0.3310685417335338,0.020887186294743443,-0.014601794671557708,0.4447986585639471,-0.0326211741827825,2.0410780906677246,0.024195902049541473,0
mujoco,flat_forward,0,0,1629,16.289999999996926,1.0,0.0,0.3310664583246349,0.020884226157140955,-0.014709841348456935,0.4448533192428449,-0.0359147450768381,2.0359411239624023,0.017077596858143806,0
mujoco,flat_forward,0,0,1630,16.29999999999694,1.0,0.0,0.33106621687904486,0.020883585083295644,-0.014626580697421962,0.44429419337218123,-0.034187572447543065,2.035027265548706,0.008374636061489582,0
mujoco,flat_forward,0,0,1631,16.30999999999695,1.0,0.0,0.3310652886946625,0.020880528970503753,-0.014730036548650998,0.4457304323392993,-0.03401010819178452,2.0401995182037354,0.0085664177313447,0
mujoco,flat_forward,0,0,1632,16.319999999996963,1.0,0.0,0.3310572577490851,0.020878691033843547,-0.014618197234076771,0.4440052468996247,-0.034169894352910395,2.0272037982940674,0.022816762328147888,0
mujoco,flat_forward,0,0,1633,16.329999999996975,1.0,0.0,0.3310516496584758,0.02087371865992244,-0.014590236633326086,0.4453735338176895,-0.03556146434197822,2.0445034503936768,0.03257979452610016,0
mujoco,flat_forward,0,0,1634,16.339999999996987,1.0,0.0,0.33103882365364745,0.02086633245087277,-0.01460737580573725,0.44427207498813315,-0.03373780456473106,2.031979560852051,0.028135225176811218,0
mujoco,flat_forward,0,0,1635,16.349999999997,1.0,0.0,0.3310314148779966,0.02086058587635875,-0.014520420113186914,0.44477014470559495,-0.03673848500492848,2.041825771331787,0.02363189309835434,0
mujoco,flat_forward,0,0,1636,16.35999999999701,1.0,0.0,0.33102247063104323,0.02085263451170762,-0.014586916246408616,0.4447979657481444,-0.02891008595801218,2.0382087230682373,0.01405300572514534,0
mujoco,flat_forward,0,0,1637,16.369999999997024,1.0,0.0,0.3310183896700578,0.020854061532850146,-0.014478979335974116,0.4442083526581588,-0.03527583082444967,2.0353193283081055,0.011281854473054409,0
mujoco,flat_forward,0,0,1638,16.379999999997036,1.0,0.0,0.3310169759936515,0.020844497514123768,-0.01453751957700326,0.4452891985851371,-0.03209794532144372,2.0416030883789062,0.012183044105768204,0
mujoco,flat_forward,0,0,1639,16.38999999999705,1.0,0.0,0.33101332910691755,0.020851179661902915,-0.014445666132743007,0.4438148803887368,-0.0361391321595499,2.0301594734191895,0.020023450255393982,0
mujoco,flat_forward,0,0,1640,16.39999999999706,1.0,0.0,0.3310141889798339,0.020843452305007157,-0.014451758472352333,0.44519254825852883,-0.04228115382312989,2.044255256652832,0.024584950879216194,0
mujoco,flat_forward,0,0,1641,16.409999999997073,1.0,0.0,0.3310080447422186,0.020837843551285543,-0.014484714718468244,0.44397065485117254,-0.0320469994787204,2.031334638595581,0.027934014797210693,0
mujoco,flat_forward,0,0,1642,16.419999999997085,1.0,0.0,0.33100543045313163,0.020827161034375295,-0.014440261131597073,0.4444950407486775,-0.040113854696368044,2.0402748584747314,0.023790214210748672,0
mujoco,flat_forward,0,0,1643,16.429999999997097,1.0,0.0,0.33099928007876284,0.020809200543827018,-0.01452685979700468,0.4445945392375159,-0.02883841845977046,2.0365638732910156,0.015717841684818268,0
mujoco,flat_forward,0,0,1644,16.43999999999711,1.0,0.0,0.33099420173983995,0.020804008399821994,-0.014467419875603137,0.4440307155928729,-0.039504344828387425,2.032456159591675,0.013089234940707684,0
mujoco,flat_forward,0,0,1645,16.44999999999712,1.0,0.0,0.33098964304051537,0.02078390471189459,-0.014508573279267122,0.44459347816798184,-0.03317504182945155,2.0394513607025146,0.014392880722880363,0
mujoco,flat_forward,0,0,1646,16.459999999997134,1.0,0.0,0.3309844129311418,0.020798076840506344,-0.014490410192811722,0.44369769729743547,-0.03405446833736194,2.0310003757476807,0.015903247520327568,0
mujoco,flat_forward,0,0,1647,16.469999999997146,1.0,0.0,0.3309826828046597,0.020790648629811045,-0.014505373369314298,0.44442875042918956,-0.04175908726420502,2.0399441719055176,0.015209955163300037,0
mujoco,flat_forward,0,0,1648,16.47999999999716,1.0,0.0,0.33097889457892116,0.020799097353113583,-0.014520495676676105,0.4437945498366346,-0.026940797362525328,2.0333075523376465,0.014419963583350182,0
mujoco,flat_forward,0,0,1649,16.48999999999717,1.0,0.0,0.3309778943396113,0.020797801889790222,-0.014494829924774171,0.44412857081776114,-0.042537799685044154,2.038402795791626,0.014449235051870346,0
mujoco,flat_forward,0,0,1650,16.499999999997183,1.0,0.0,0.3309730971717383,0.020784391482283324,-0.014525090377900588,0.444150769483406,-0.023546529502269615,2.0369999408721924,0.01506977342069149,0
mujoco,flat_forward,0,0,1651,16.509999999997195,1.0,0.0,0.33096491638814257,0.02079161550864807,-0.01451625015271406,0.4436850445565692,-0.03839560829047912,2.033386707305908,0.018163682892918587,0
mujoco,flat_forward,0,0,1652,16.519999999997207,1.0,0.0,0.33095538831205434,0.020772072328720307,-0.01455378207824669,0.444034946013061,-0.03449184595917806,2.0402181148529053,0.01622934080660343,0
mujoco,flat_forward,0,0,1653,16.52999999999722,1.0,0.0,0.3309454059975261,0.020783399461763552,-0.014572578292548566,0.44372811954421193,-0.032508027101435195,2.034334897994995,0.01245944108814001,0
mujoco,flat_forward,0,0,1654,16.53999999999723,1.0,0.0,0.33093673155970516,0.020769469258328916,-0.014585085074678997,0.4439037443904615,-0.03840433336490591,2.0390565395355225,0.009657161310315132,0
mujoco,flat_forward,0,0,1655,16.549999999997244,1.0,0.0,0.33093147344253027,0.02077858889619875,-0.01459053730646692,0.4436265313621139,-0.02611580154429347,2.0366461277008057,0.008109299466013908,0
mujoco,flat_forward,0,0,1656,16.559999999997256,1.0,0.0,0.3309298865530118,0.02077189562769662,-0.014569874082128322,0.4438104786897914,-0.045295587142457024,2.0374338626861572,0.009349371306598186,0
mujoco,flat_forward,0,0,1657,16.56999999999727,1.0,0.0,0.33092962340479737,0.02076255307085985,-0.014550774297632484,0.44352462476460053,-0.02484400337673404,2.037478446960449,0.013843228109180927,0
mujoco,flat_forward,0,0,1658,16.57999999999728,1.0,0.0,0.3309277066430022,0.020767736697074594,-0.01454543159833312,0.4433754230427181,-0.04038920854706668,2.035017728805542,0.017158472910523415,0
mujoco,flat_forward,0,0,1659,16.589999999997293,1.0,0.0,0.33092475680649486,0.020746367288043136,-0.014541056802933904,0.4432136358770096,-0.032661006454197145,2.0388197898864746,0.014275615103542805,0
mujoco,flat_forward,0,0,1660,16.599999999997305,1.0,0.0,0.3309226279360333,0.020754063681764287,-0.014566544275066198,0.44324524938162324,-0.03214691815749431,2.036365509033203,0.010093106888234615,0
mujoco,flat_forward,0,0,1661,16.609999999997317,1.0,0.0,0.3309197649318174,0.020731547414111023,-0.014576325285089738,0.4431871189268543,-0.039514739421641604,2.037724018096924,0.008244206197559834,0
mujoco,flat_forward,0,0,1662,16.61999999999733,1.0,0.0,0.3309190421249467,0.02073110585070086,-0.014591467566328717,0.443395697562997,-0.024745507151215672,2.0368969440460205,0.0093052564188838,0
mujoco,flat_forward,0,0,1663,16.62999999999734,1.0,0.0,0.3309148462942821,0.020724986680170622,-0.014590657769527808,0.4429266062207154,-0.041726199258283206,2.033108949661255,0.014233829453587532,0
mujoco,flat_forward,0,0,1664,16.639999999997354,1.0,0.0,0.33091479469150614,0.020726726136386722,-0.014519512253196355,0.44269269431685054,-0.027161922897062245,2.0387279987335205,0.01743917353451252,0
mujoco,flat_forward,0,0,1665,16.649999999997366,1.0,0.0,0.33091441080577144,0.020737910892306845,-0.014543356587088054,0.4430264866534638,-0.040752295448810094,2.0365309715270996,0.012255420908331871,0
mujoco,flat_forward,0,0,1666,16.65999999999738,1.0,0.0,0.33091256781856937,0.020726727769509297,-0.014479159226344306,0.4422639082710484,-0.03111286381217885,2.0363306999206543,0.012822939082980156,0
mujoco,flat_forward,0,0,1667,16.66999999999739,1.0,0.0,0.3309121909161305,0.020732545141407967,-0.014521780964643934,0.4429609071613181,-0.030123256863972235,2.0389373302459717,0.013317826204001904,0
mujoco,flat_forward,0,0,1668,16.679999999997403,1.0,0.0,0.3309091281411126,0.020714771207680144,-0.014496642107143024,0.4421418549657648,-0.036705095226614935,2.033608913421631,0.014916138723492622,0
mujoco,flat_forward,0,0,1669,16.689999999997415,1.0,0.0,0.330910633031344,0.020712675357888122,-0.014476086855213085,0.4428423102323455,-0.02737617245593642,2.039355993270874,0.017519358545541763,0
mujoco,flat_forward,0,0,1670,16.699999999997427,1.0,0.0,0.3309055375686466,0.020710148237463723,-0.014517422516020928,0.44228596512564033,-0.040995340506976924,2.032083749771118,0.01972627267241478,0
mujoco,flat_forward,0,0,1671,16.70999999999744,1.0,0.0,0.3309038868679021,0.020712628593592516,-0.014445435297715276,0.4421930857351452,-0.032245456592567626,2.0382184982299805,0.01817251369357109,0
mujoco,flat_forward,0,0,1672,16.71999999999745,1.0,0.0,0.3309006222610032,0.020716736640196035,-0.014524388758224092,0.4428843622248632,-0.04047599287280389,2.036954164505005,0.008959135040640831,0
mujoco,flat_forward,0,0,1673,16.729999999997464,1.0,0.0,0.3308965457069418,0.020712641529673823,-0.01442419634764695,0.4418528698583382,-0.03300985567364235,2.0337820053100586,0.008807024918496609,0
mujoco,flat_forward,0,0,1674,16.739999999997476,1.0,0.0,0.33089527101674343,0.020716269465363993,-0.014466627429089662,0.44317496163588593,-0.029513372777788927,2.0413413047790527,0.01655087247490883,0
mujoco,flat_forward,0,0,1675,16.74999999999749,1.0,0.0,0.3308879312199025,0.020708803441503543,-0.014416149167257124,0.4417624837975391,-0.035351341622482386,2.029489517211914,0.0245108250528574,0
mujoco,flat_forward,0,0,1676,16.7599999999975,1.0,0.0,0.33088603823979257,0.020709462595536472,-0.014353870450148427,0.44267492827500543,-0.03182897113340657,2.0429296493530273,0.0294098649173975,0
mujoco,flat_forward,0,0,1677,16.769999999997513,1.0,0.0,0.33088068205961746,0.020710746843770677,-0.014383225514762855,0.44192238187253763,-0.034690463572728626,2.0342392921447754,0.02163415402173996,0
mujoco,flat_forward,0,0,1678,16.779999999997525,1.0,0.0,0.33088404367395957,0.02071749907917579,-0.0142743604407662,0.441976373387423,-0.03308021580363143,2.040344715118408,0.018277360126376152,0
mujoco,flat_forward,0,0,1679,16.789999999997537,1.0,0.0,0.3308888756203324,0.020720982791297714,-0.014357403009801796,0.4424485805677885,-0.03663743045650343,2.039559841156006,0.009506070986390114,0
mujoco,flat_forward,0,0,1680,16.79999999999755,1.0,0.0,0.33089866768640686,0.02072442064236751,-0.014231628125032324,0.44143290052562506,-0.03555964842889223,2.0346486568450928,0.008124038577079773,0
mujoco,flat_forward,0,0,1681,16.80999999999756,1.0,0.0,0.330912987637496,0.02072539587883028,-0.014298248011121324,0.4430147004574019,-0.03525341792745843,2.042262554168701,0.014181053265929222,0
mujoco,flat_forward,0,0,1682,16.819999999997574,1.0,0.0,0.33091817085591574,0.020727320355097438,-0.014260599492483452,0.44112855257626804,-0.035924754899507264,2.026892900466919,0.029415849596261978,0
mujoco,flat_forward,0,0,1683,16.829999999997586,1.0,0.0,0.3309262012072131,0.02072886922895862,-0.014247025124763816,0.44220016728260314,-0.03744038552368286,2.043059825897217,0.03346679359674454,0
mujoco,flat_forward,0,0,1684,16.839999999997598,1.0,0.0,0.3309288119586794,0.02072965155546862,-0.014329709018250323,0.44141515433542455,-0.03565240016323577,2.0326015949249268,0.025424420833587646,0
mujoco,flat_forward,0,0,1685,16.84999999999761,1.0,0.0,0.3309359423163394,0.02073269810941292,-0.01426864366482463,0.4415284074025364,-0.03846414503279531,2.038086414337158,0.017698202282190323,0
mujoco,flat_forward,0,0,1686,16.859999999997623,1.0,0.0,0.3309406777408336,0.020730064233219252,-0.014400033748357865,0.4422064819284998,-0.0340119823593115,2.038001775741577,0.009897097013890743,0
mujoco,flat_forward,0,0,1687,16.869999999997635,1.0,0.0,0.33094471738825176,0.02073565041615931,-0.014318713652078303,0.4410883523401591,-0.03910527000041311,2.0298149585723877,0.012694264762103558,0
mujoco,flat_forward,0,0,1688,16.879999999997647,1.0,0.0,0.33095028409211086,0.020731121282330664,-0.014379441592876468,0.4425058479111131,-0.04138013353947783,2.0408823490142822,0.019334109500050545,0
mujoco,flat_forward,0,0,1689,16.88999999999766,1.0,0.0,0.3309486280840367,0.020739766186520785,-0.014357744703802959,0.440942972183138,-0.036347505425089466,2.0269968509674072,0.02574250102043152,0
mujoco,flat_forward,0,0,1690,16.89999999999767,1.0,0.0,0.33095102151711364,0.02074183754427711,-0.01431280141732789,0.44189889328102805,-0.042362430891387304,2.041934013366699,0.029273614287376404,0
mujoco,flat_forward,0,0,1691,16.909999999997684,1.0,0.0,0.3309501095549329,0.020747766539853548,-0.014354301958353063,0.4411462419475625,-0.028842051991369203,2.033996343612671,0.020972279831767082,0
mujoco,flat_forward,0,0,1692,16.919999999997696,1.0,0.0,0.33095534413822,0.020756160838899307,-0.014285637150969603,0.44112076577577464,-0.038913117654476456,2.0379691123962402,0.018134847283363342,0
mujoco,flat_forward,0,0,1693,16.929999999997708,1.0,0.0,0.33096113619780787,0.020753964660376087,-0.014358713796207064,0.44165622000137894,-0.027877422537564246,2.039362668991089,0.012253736145794392,0
mujoco,flat_forward,0,0,1694,16.93999999999772,1.0,0.0,0.33096517979165474,0.02077942583529958,-0.01433872864439342,0.44070328212117144,-0.036932698836337326,2.0307700634002686,0.017837880179286003,0
mujoco,flat_forward,0,0,1695,16.949999999997733,1.0,0.0,0.3309704006049171,0.02078375772441622,-0.014398630753028909,0.44151865264822493,-0.03948968032033715,2.0409164428710938,0.018593287095427513,0
mujoco,flat_forward,0,0,1696,16.959999999997745,1.0,0.0,0.33097328473951754,0.0208101716141589,-0.014420621208012196,0.4407051660148952,-0.03121575576987454,2.032031774520874,0.016593651846051216,0
mujoco,flat_forward,0,0,1697,16.969999999997757,1.0,0.0,0.3309790553551387,0.020818415317329447,-0.014434467066993287,0.44148476928948,-0.04441127793553344,2.0400304794311523,0.01516022253781557,0
mujoco,flat_forward,0,0,1698,16.97999999999777,1.0,0.0,0.33097886459765435,0.02082197732632491,-0.014487635090386879,0.44111382019824236,-0.024832543300035856,2.034276247024536,0.017773494124412537,0
mujoco,flat_forward,0,0,1699,16.98999999999778,1.0,0.0,0.3309781149765123,0.020825198789879783,-0.014474246329521476,0.44099757234037734,-0.041155036019909975,2.035193681716919,0.017918173223733902,0
mujoco,flat_forward,0,0,1700,16.999999999997794,1.0,0.0,0.3309762010345638,0.020808301547617956,-0.014524226580728055,0.44131398000498745,-0.031810190874721686,2.0383269786834717,0.013905495405197144,0
mujoco,flat_forward,0,0,1701,17.009999999997806,1.0,0.0,0.330972725025413,0.020822679713630644,-0.01453738458819017,0.44085150866723205,-0.037731876008064914,2.0320186614990234,0.015140058472752571,0
mujoco,flat_forward,0,0,1702,17.019999999997818,1.0,0.0,0.33097046270882613,0.020812038972472673,-0.014561915325292584,0.44106772454500404,-0.038329958464642405,2.0386152267456055,0.013271466828882694,0
mujoco,flat_forward,0,0,1703,17.02999999999783,1.0,0.0,0.3309704086922219,0.020833804965743344,-0.014582931617884298,0.4408121732953432,-0.02888853318834316,2.0341570377349854,0.009465278126299381,0
mujoco,flat_forward,0,0,1704,17.039999999997843,1.0,0.0,0.33097223227917094,0.020835568816309956,-0.014592812835408121,0.4410728239624386,-0.04388612261842955,2.0369739532470703,0.00935586541891098,0
mujoco,flat_forward,0,0,1705,17.049999999997855,1.0,0.0,0.330974567934335,0.02084348568463597,-0.014599877218465498,0.4409876213779691,-0.022515353560488824,2.0360569953918457,0.012118806131184101,0
mujoco,flat_forward,0,0,1706,17.059999999997867,1.0,0.0,0.3309734440900435,0.020859026557912545,-0.014612033872777286,0.44086853588765157,-0.042368390147642,2.0340065956115723,0.0175063144415617,0
mujoco,flat_forward,0,0,1707,17.06999999999788,1.0,0.0,0.33096917417253185,0.02085051246668872,-0.01461611691377011,0.44072209573130566,-0.02993983616928735,2.038635492324829,0.01778709888458252,0
mujoco,flat_forward,0,0,1708,17.07999999999789,1.0,0.0,0.33096438213406093,0.02086613560757243,-0.01465604434828477,0.4408309891490503,-0.03370708794986507,2.036707878112793,0.012375706806778908,0
mujoco,flat_forward,0,0,1709,17.089999999997904,1.0,0.0,0.33095861861793546,0.02084869390802915,-0.014675795963536893,0.4408338748754638,-0.03655857711106627,2.038630485534668,0.009155996143817902,0
mujoco,flat_forward,0,0,1710,17.099999999997916,1.0,0.0,0.3309552009127763,0.020854561133642938,-0.014703461304359788,0.44092403758083315,-0.029021523741457788,2.037553548812866,0.008271119557321072,0
mujoco,flat_forward,0,0,1711,17.109999999997928,1.0,0.0,0.3309526572932303,0.020838603356492468,-0.014706045766290999,0.44065700395755564,-0.041506594156630876,2.03678560256958,0.008915760554373264,0
mujoco,flat_forward,0,0,1712,17.11999999999794,1.0,0.0,0.33095648372222647,0.02083659011960728,-0.01468432286631203,0.4406609202003074,-0.025503400009455356,2.0386483669281006,0.011975174769759178,0
mujoco,flat_forward,0,0,1713,17.129999999997953,1.0,0.0,0.330958066882885,0.020840491989998624,-0.014714178755599928,0.4406349434238252,-0.04402338886645144,2.0344393253326416,0.015606599859893322,0
mujoco,flat_forward,0,0,1714,17.139999999997965,1.0,0.0,0.3309600779345992,0.020837147037223384,-0.01466548989774608,0.44004766003122175,-0.029558149415471458,2.0376787185668945,0.015028406865894794,0
mujoco,flat_forward,0,0,1715,17.149999999997977,1.0,0.0,0.33096226175886967,0.02084885627919962,-0.01471061795913168,0.4404976217345583,-0.03422797353498879,2.0384395122528076,0.011026973836123943,0
mujoco,flat_forward,0,0,1716,17.15999999999799,1.0,0.0,0.33096208403864524,0.020832086302000244,-0.014687949810721027,0.43986432389019064,-0.03366537183508756,2.0369374752044678,0.011096585541963577,0
mujoco,flat_forward,0,0,1717,17.169999999998,1.0,0.0,0.33096474893639316,0.020835326974082788,-0.014713643787954065,0.4405889113192818,-0.024667230097154554,2.0404372215270996,0.012629912234842777,0
mujoco,flat_forward,0,0,1718,17.179999999998014,1.0,0.0,0.3309619418804864,0.020825631764366224,-0.01472560629654915,0.4398061847124148,-0.03855639231192574,2.032975435256958,0.018850352615118027,0
mujoco,flat_forward,0,0,1719,17.189999999998026,1.0,0.0,0.3309629633324086,0.020824772949435588,-0.014668546735005472,0.44000569584595656,-0.028900801263594313,2.040524482727051,0.020808719098567963,0
mujoco,flat_forward,0,0,1720,17.199999999998038,1.0,0.0,0.3309603133549289,0.020825077759763732,-0.014721124164999893,0.4401587706206702,-0.041193642749692984,2.0363450050354004,0.014078115113079548,0
mujoco,flat_forward,0,0,1721,17.20999999999805,1.0,0.0,0.3309590413166215,0.020821661925932097,-0.014624596303013392,0.4394910989993438,-0.03156918257773324,2.037189245223999,0.010253190994262695,0
mujoco,flat_forward,0,0,1722,17.219999999998063,1.0,0.0,0.33095889830855807,0.02082558558509923,-0.014679303159878433,0.4404788986748273,-0.03387306630679064,2.0404622554779053,0.009061996825039387,0
mujoco,flat_forward,0,0,1723,17.229999999998075,1.0,0.0,0.33095436360688524,0.02081008203115224,-0.014604859462432746,0.43932813314235164,-0.03405133123509641,2.0328989028930664,0.01612223871052265,0
mujoco,flat_forward,0,0,1724,17.239999999998087,1.0,0.0,0.3309540545970712,0.020805922759153883,-0.014590325077376565,0.4403994910509051,-0.02855969035115195,2.042288064956665,0.02217790111899376,0
mujoco,flat_forward,0,0,1725,17.2499999999981,1.0,0.0,0.33094675922721783,0.020801466406957327,-0.014613953435383818,0.43944309155812145,-0.03758218964316089,2.0317118167877197,0.02434663102030754,0
mujoco,flat_forward,0,0,1726,17.25999999999811,1.0,0.0,0.3309447969815682,0.020804346356101188,-0.014537134767271788,0.43974260119390995,-0.03307985551416783,2.0407979488372803,0.02216099202632904,0
mujoco,flat_forward,0,0,1727,17.269999999998124,1.0,0.0,0.33094040222484356,0.020805634024902948,-0.014631004021566432,0.44009535042403614,-0.03808623483363813,2.0372612476348877,0.012846910394728184,0
mujoco,flat_forward,0,0,1728,17.279999999998136,1.0,0.0,0.3309381830702875,0.02080794220372165,-0.01452461297292222,0.4393346104209697,-0.034084634434785405,2.034916639328003,0.006826242431998253,0
mujoco,flat_forward,0,0,1729,17.289999999998148,1.0,0.0,0.33093767904954446,0.02081102151903872,-0.01460020676726876,0.4407221925294672,-0.03238665231784334,2.04119610786438,0.011269132606685162,0
mujoco,flat_forward,0,0,1730,17.29999999999816,1.0,0.0,0.33093442914863475,0.020817591400329846,-0.014449577292574699,0.4388927513883335,-0.03179096046858095,2.0288233757019043,0.021911125630140305,0
mujoco,flat_forward,0,0,1731,17.309999999998173,1.0,0.0,0.33093774018921074,0.020823539115056227,-0.014387288122788033,0.4402312987661252,-0.032719465957611306,2.0463738441467285,0.033819492906332016,0
mujoco,flat_forward,0,0,1732,17.319999999998185,1.0,0.0,0.33093704623913767,0.02082886055210278,-0.014390719436190483,0.43910411682942063,-0.031059400294990647,2.034353017807007,0.02777673676609993,0
mujoco,flat_forward,0,0,1733,17.329999999998197,1.0,0.0,0.33094410163836124,0.020834049606126025,-0.014296976329352873,0.4395749502353737,-0.03400051946698118,2.043989658355713,0.0242227241396904,0
mujoco,flat_forward,0,0,1734,17.33999999999821,1.0,0.0,0.33095053452658546,0.020833082626287136,-0.01438179506756889,0.4396691809604291,-0.03332404206060142,2.040656566619873,0.013897181488573551,0
mujoco,flat_forward,0,0,1735,17.34999999999822,1.0,0.0,0.3309630751060649,0.020834587739136906,-0.014271017146796967,0.4390412030220182,-0.03665206874677576,2.0376479625701904,0.009699813090264797,0
mujoco,flat_forward,0,0,1736,17.359999999998234,1.0,0.0,0.3309782770786713,0.02082787353229124,-0.014358795405131602,0.4403837896142145,-0.03429444088398237,2.0432465076446533,0.010797040536999702,0
mujoco,flat_forward,0,0,1737,17.369999999998246,1.0,0.0,0.3309880414724153,0.020835643699094686,-0.01428286646655616,0.4386742768313601,-0.035516602688209206,2.029366970062256,0.02336684800684452,0
mujoco,flat_forward,0,0,1738,17.379999999998258,1.0,0.0,0.3310006788951985,0.02083719933876347,-0.01428503790424921,0.4399989303795092,-0.03974927210656896,2.0457684993743896,0.030077101662755013,0
mujoco,flat_forward,0,0,1739,17.38999999999827,1.0,0.0,0.3310066224926497,0.02083880739665091,-0.014335914672393079,0.4388926753209106,-0.031949085879339145,2.0332508087158203,0.02697146125137806,0
mujoco,flat_forward,0,0,1740,17.399999999998283,1.0,0.0,0.33101670025596724,0.020839132877202068,-0.014282744214173687,0.43930822071083825,-0.038301082640866034,2.0419704914093018,0.022892078384757042,0
mujoco,flat_forward,0,0,1741,17.409999999998295,1.0,0.0,0.33102380183224783,0.020833615728681566,-0.014393953946551156,0.4396263518906214,-0.029308002567125933,2.0395214557647705,0.013246994465589523,0
mujoco,flat_forward,0,0,1742,17.419999999998307,1.0,0.0,0.3310318862317888,0.020839431035050093,-0.014331245394833983,0.43887792442988416,-0.03803879307154652,2.034069776535034,0.012284538708627224,0
mujoco,flat_forward,0,0,1743,17.42999999999832,1.0,0.0,0.33104065779670944,0.020829566823608245,-0.014405779075332626,0.4399399555255507,-0.03703623376489379,2.042527437210083,0.015919053927063942,0
mujoco,flat_forward,0,0,1744,17.43999999999833,1.0,0.0,0.3310450495891395,0.020844402869966198,-0.014392800083924386,0.4387635261873567,-0.034730782240332145,2.030989408493042,0.019666673615574837,0
mujoco,flat_forward,0,0,1745,17.449999999998344,1.0,0.0,0.33105237820442174,0.020843666977379743,-0.014398782996631913,0.4398914981465855,-0.04439879389961837,2.0429420471191406,0.02142391726374626,0
mujoco,flat_forward,0,0,1746,17.459999999998356,1.0,0.0,0.3310525849951842,0.02084460486455722,-0.014454400512743515,0.43915333767601733,-0.029262415018467117,2.0332655906677246,0.02241043746471405,0
mujoco,flat_forward,0,0,1747,17.469999999998368,1.0,0.0,0.3310546898915391,0.020841793941711748,-0.01442587906359571,0.4393609025744283,-0.041973421350600684,2.0389134883880615,0.019784044474363327,0
mujoco,flat_forward,0,0,1748,17.47999999999838,1.0,0.0,0.3310558455933068,0.020832975804740195,-0.014476898245506138,0.439512311059794,-0.025160633526856605,2.0385892391204834,0.013450858183205128,0
mujoco,flat_forward,0,0,1749,17.489999999998393,1.0,0.0,0.33105621931901147,0.020852437687199625,-0.014473151394385153,0.438862566854882,-0.03781614927470865,2.032909631729126,0.018070168793201447,0
mujoco,flat_forward,0,0,1750,17.499999999998405,1.0,0.0,0.3310568583001745,0.020847988430633,-0.01452747894433118,0.439368947101416,-0.03608056553167264,2.0412325859069824,0.017854273319244385,0
mujoco,flat_forward,0,0,1751,17.509999999998417,1.0,0.0,0.3310570037030077,0.020872506019419083,-0.014555370999912595,0.4389141697031436,-0.03194661682844185,2.0342891216278076,0.013292248360812664,0
mujoco,flat_forward,0,0,1752,17.51999999999843,1.0,0.0,0.331058557013972,0.020871139307176715,-0.014590768457259916,0.43952427719142106,-0.043242185313584404,2.04008150100708,0.010977338068187237,0
mujoco,flat_forward,0,0,1753,17.52999999999844,1.0,0.0,0.331058026581567,0.020879918090897454,-0.01462348869455937,0.43930544862035426,-0.02427094165174131,2.036017417907715,0.01219628844410181,0
mujoco,flat_forward,0,0,1754,17.539999999998454,1.0,0.0,0.3310569263718781,0.020882978234476806,-0.014621843748534806,0.4394597552539955,-0.043424527342328545,2.037391424179077,0.0143132284283638,0
mujoco,flat_forward,0,0,1755,17.549999999998466,1.0,0.0,0.33105226648135777,0.02086573509127952,-0.014639403523960839,0.4394932489246384,-0.027971671728135566,2.039341926574707,0.01588565669953823,0
mujoco,flat_forward,0,0,1756,17.559999999998478,1.0,0.0,0.33104468163179623,0.020872657429387202,-0.014654422465770738,0.4393734587685607,-0.037718460302091014,2.0361738204956055,0.01576687954366207,0
mujoco,flat_forward,0,0,1757,17.56999999999849,1.0,0.0,0.33103722864480967,0.020852646547046088,-0.014662269858932687,0.43935670609651545,-0.03374479995803715,2.0408148765563965,0.012109200470149517,0
mujoco,flat_forward,0,0,1758,17.579999999998503,1.0,0.0,0.3310333696129739,0.02086318641183509,-0.014681777683049489,0.4392370141150566,-0.032251801541803085,2.038003444671631,0.00927139725536108,0
mujoco,flat_forward,0,0,1759,17.589999999998515,1.0,0.0,0.3310321921114493,0.020842701479290994,-0.014693772130326058,0.4393751738476971,-0.04210697028792149,2.0401082038879395,0.008516424335539341,0
mujoco,flat_forward,0,0,1760,17.599999999998527,1.0,0.0,0.33103410778604997,0.0208391814198597,-0.014711453890207043,0.43948370110959883,-0.025507303056760997,2.0382566452026367,0.009846383705735207,0
mujoco,flat_forward,0,0,1761,17.60999999999854,1.0,0.0,0.33103377955226765,0.02082931054843567,-0.014725727217498416,0.4394610762437538,-0.04742610058099701,2.034562110900879,0.014288363046944141,0
mujoco,flat_forward,0,0,1762,17.61999999999855,1.0,0.0,0.3310325205000014,0.020813032924070326,-0.014699922278466974,0.43913002197754814,-0.03048318514454627,2.037821054458618,0.016731638461351395,0
mujoco,flat_forward,0,0,1763,17.629999999998564,1.0,0.0,0.33102888649105955,0.020813993407262997,-0.014727970342615773,0.43931095744656073,-0.040642126388905395,2.0367584228515625,0.013533215969800949,0
mujoco,flat_forward,0,0,1764,17.639999999998576,1.0,0.0,0.33102430760665297,0.020788312900149805,-0.014687481822425878,0.4387090510114178,-0.03300034806784282,2.038154125213623,0.011434839107096195,0
mujoco,flat_forward,0,0,1765,17.649999999998588,1.0,0.0,0.33102273228942874,0.020790364860932855,-0.014722632950042523,0.43921900793124125,-0.02941688676539063,2.0398168563842773,0.01145640667527914,0
mujoco,flat_forward,0,0,1766,17.6599999999986,1.0,0.0,0.3310192570348006,0.020768911757860307,-0.014716920622583039,0.4386467819222984,-0.03840098829598527,2.0361692905426025,0.013759703375399113,0
mujoco,flat_forward,0,0,1767,17.669999999998613,1.0,0.0,0.33102007035134134,0.02076359543108507,-0.014703621916642044,0.439153285197289,-0.02707961393316113,2.0402016639709473,0.015385444276034832,0
mujoco,flat_forward,0,0,1768,17.679999999998625,1.0,0.0,0.33101443923319995,0.020757834753397597,-0.014752132215852597,0.43882370330004444,-0.04275943709219818,2.034071683883667,0.018525388091802597,0
mujoco,flat_forward,0,0,1769,17.689999999998637,1.0,0.0,0.3310102404820082,0.020753833603619414,-0.014694828255250309,0.43860502747104985,-0.03202903502180374,2.039123296737671,0.01659371890127659,0
mujoco,flat_forward,0,0,1770,17.69999999999865,1.0,0.0,0.3310042113558038,0.020756068504662842,-0.014766234231452702,0.43921122745233165,-0.03857559919175657,2.038743257522583,0.008513035252690315,0
mujoco,flat_forward,0,0,1771,17.70999999999866,1.0,0.0,0.3309986249614043,0.02075202373817814,-0.01465419170961165,0.4381383219223976,-0.030335177505376693,2.0367913246154785,0.007720593828707933,0
mujoco,flat_forward,0,0,1772,17.719999999998674,1.0,0.0,0.3309971994847322,0.020756813822706735,-0.014691571769586251,0.4394227207770329,-0.02637341012467163,2.044243335723877,0.016287675127387047,0
mujoco,flat_forward,0,0,1773,17.729999999998686,1.0,0.0,0.3309905502127575,0.02074822227401612,-0.014639049558734712,0.4380117931574331,-0.03236811663571271,2.032810926437378,0.024992123246192932,0
mujoco,flat_forward,0,0,1774,17.739999999998698,1.0,0.0,0.330989447599359,0.02074755548262501,-0.014584035854874047,0.43891478447261806,-0.028674748236684977,2.045928955078125,0.029119715094566345,0
mujoco,flat_forward,0,0,1775,17.74999999999871,1.0,0.0,0.33098488510131535,0.020738853822158426,-0.0146171501923145,0.43827396433739296,-0.0386812954946545,2.0371253490448,0.022814083844423294,0
mujoco,flat_forward,0,0,1776,17.759999999998723,1.0,0.0,0.33098729445175346,0.02073246964353959,-0.014528128651910794,0.43828560334608385,-0.03395650141367459,2.042625665664673,0.018046675249934196,0
mujoco,flat_forward,0,0,1777,17.769999999998735,1.0,0.0,0.3309894037445996,0.020725663503343778,-0.014626236911955063,0.4389772316092962,-0.03851503539124701,2.0410854816436768,0.009249772876501083,0
mujoco,flat_forward,0,0,1778,17.779999999998747,1.0,0.0,0.3309917827648388,0.020717212183201703,-0.014521969272530513,0.43788060243992327,-0.03425310628035866,2.035032033920288,0.009620322845876217,0
mujoco,flat_forward,0,0,1779,17.78999999999876,1.0,0.0,0.3309965396776912,0.02071199586607064,-0.0145816194786446,0.4393648688996374,-0.03224703859350105,2.0437772274017334,0.01671731285750866,0
mujoco,flat_forward,0,0,1780,17.79999999999877,1.0,0.0,0.33099087714855596,0.02070480659917218,-0.014567130559464537,0.43771413182233804,-0.0351322013937845,2.029330253601074,0.028828822076320648,0
mujoco,flat_forward,0,0,1781,17.809999999998784,1.0,0.0,0.33098810878590196,0.020702571560000344,-0.014543436751371229,0.43865670518488403,-0.034849768727998706,2.0446014404296875,0.031073475256562233,0
mujoco,flat_forward,0,0,1782,17.819999999998796,1.0,0.0,0.3309806785898896,0.020701057307687176,-0.014603996614326724,0.43786171571648996,-0.03229704468878314,2.0355868339538574,0.02325247786939144,0
mujoco,flat_forward,0,0,1783,17.829999999998808,1.0,0.0,0.3309800171071962,0.020703511379723774,-0.014525751875520168,0.4379607632619035,-0.03444648578450558,2.041271924972534,0.017504794523119926,0
mujoco,flat_forward,0,0,1784,17.83999999999882,1.0,0.0,0.33097899935155506,0.020701248095149925,-0.014638816130151729,0.4386155087484708,-0.03009436963747286,2.0411922931671143,0.010744963772594929,0
mujoco,flat_forward,0,0,1785,17.849999999998833,1.0,0.0,0.3309783400990673,0.02070622000251202,-0.014548990625502939,0.4375470353376105,-0.03471990281353954,2.0333759784698486,0.012269404716789722,0
mujoco,flat_forward,0,0,1786,17.859999999998845,1.0,0.0,0.3309796213439748,0.020700450109197046,-0.014609730005635707,0.43897522604937417,-0.03698922941513253,2.0441982746124268,0.01831885799765587,0
mujoco,flat_forward,0,0,1787,17.869999999998857,1.0,0.0,0.330975003341149,0.02070140327552818,-0.014545405272671865,0.4372715021721525,-0.03521036499032234,2.0306496620178223,0.02579009160399437,0
mujoco,flat_forward,0,0,1788,17.87999999999887,1.0,0.0,0.33097554537174273,0.020694858172675815,-0.014506287846815943,0.4383911156496799,-0.039525284512599006,2.046598196029663,0.030544720590114594,0
mujoco,flat_forward,0,0,1789,17.88999999999888,1.0,0.0,0.3309716009414147,0.020685543193750315,-0.014560514113232515,0.43763462627800664,-0.032005318791142934,2.036580801010132,0.02444787696003914,0
mujoco,flat_forward,0,0,1790,17.899999999998894,1.0,0.0,0.3309727697739861,0.02067933985753122,-0.014486471532894375,0.4377533100109936,-0.03821716025408109,2.0415375232696533,0.018056439235806465,0
mujoco,flat_forward,0,0,1791,17.909999999998906,1.0,0.0,0.33097265892131045,0.02066354104131921,-0.014587294212548164,0.43843105101112945,-0.02994636114091601,2.041455030441284,0.010539574548602104,0
mujoco,flat_forward,0,0,1792,17.919999999998918,1.0,0.0,0.3309715691635973,0.020664184490412938,-0.014513087963752041,0.4373674839648368,-0.03800263046879921,2.03233003616333,0.01572563871741295,0
mujoco,flat_forward,0,0,1793,17.92999999999893,1.0,0.0,0.3309718438825167,0.020650692389647163,-0.014543810655411927,0.43827949660477095,-0.0374365201444224,2.043531894683838,0.019655458629131317,0
mujoco,flat_forward,0,0,1794,17.939999999998943,1.0,0.0,0.3309708448175418,0.02066578786060842,-0.014522234125518032,0.4371327237037818,-0.031561653554722686,2.0333337783813477,0.018052352592349052,0
mujoco,flat_forward,0,0,1795,17.949999999998955,1.0,0.0,0.3309750611201515,0.020666716911903676,-0.014503824353392637,0.43804798634461223,-0.04275063495254251,2.0433950424194336,0.018235255032777786,0
mujoco,flat_forward,0,0,1796,17.959999999998967,1.0,0.0,0.3309741137102274,0.020667565683702798,-0.014544592842467898,0.43744063972983344,-0.02525212067384741,2.036088705062866,0.01988673396408558,0
mujoco,flat_forward,0,0,1797,17.96999999999898,1.0,0.0,0.3309748830566568,0.020666298709048778,-0.014509569495322637,0.4374382219734132,-0.03971836969928768,2.0388543605804443,0.018325598910450935,0
mujoco,flat_forward,0,0,1798,17.97999999999899,1.0,0.0,0.33097441728107463,0.02064869935399227,-0.014564054548841738,0.43779516592597567,-0.028451336683430105,2.0403897762298584,0.0134456567466259,0
mujoco,flat_forward,0,0,1799,17.989999999999004,1.0,0.0,0.33097168178724984,0.020660973915813508,-0.014566974754213133,0.43714662468110144,-0.036813666954160364,2.0336198806762695,0.016321491450071335,0
mujoco,flat_forward,0,0,1800,17.999999999999016,1.0,0.0,0.33096896937535114,0.02064543771314112,-0.014613612298737292,0.4377538863880763,-0.03917319357134514,2.041727066040039,0.015792405232787132,0
mujoco,flat_forward,0,0,1801,18.009999999999028,1.0,0.0,0.33096462399425747,0.02065595415095436,-0.0146383009923028,0.43728756146452596,-0.030501380217191593,2.034992218017578,0.012764320708811283,0
mujoco,flat_forward,0,0,1802,18.01999999999904,1.0,0.0,0.3309615524907905,0.020647754248386694,-0.014645807534018715,0.4376627657254602,-0.042216069711049964,2.040097236633301,0.01077338308095932,0
mujoco,flat_forward,0,0,1803,18.029999999999053,1.0,0.0,0.3309595986399784,0.02065227227089154,-0.014649497268395676,0.43726444875474724,-0.023839190195913487,2.0382721424102783,0.010266263037919998,0
mujoco,flat_forward,0,0,1804,18.039999999999065,1.0,0.0,0.33096145514067593,0.020652070039616735,-0.01460631565327208,0.4372492403553694,-0.0436361313771205,2.038827419281006,0.013451067730784416,0
mujoco,flat_forward,0,0,1805,18.049999999999077,1.0,0.0,0.3309630602845263,0.02063222805352343,-0.014594246236263549,0.4371950136783593,-0.028470793771482362,2.040921449661255,0.015654543414711952,0
mujoco,flat_forward,0,0,1806,18.05999999999909,1.0,0.0,0.3309637530584418,0.020637094919943384,-0.014592983951433618,0.4369387559474871,-0.03809447873915845,2.036888837814331,0.015714962035417557,0
mujoco,flat_forward,0,0,1807,18.0699999999991,1.0,0.0,0.3309644788405194,0.020611471159624,-0.014606235380552737,0.43709293366972585,-0.03785484407333841,2.0408172607421875,0.011285423301160336,0
mujoco,flat_forward,0,0,1808,18.079999999999114,1.0,0.0,0.3309659938558116,0.020616105237830775,-0.014631392567877445,0.43698858323809225,-0.031080178608830288,2.036942720413208,0.009123933501541615,0
mujoco,flat_forward,0,0,1809,18.089999999999126,1.0,0.0,0.3309669944921228,0.02059987937807708,-0.014637066923517704,0.43689154429087207,-0.04121898180147331,2.038421869277954,0.00847571436315775,0
mujoco,flat_forward,0,0,1810,18.099999999999138,1.0,0.0,0.33097158504720836,0.020603227720799134,-0.01463782265263552,0.4369261354280799,-0.02307877010613287,2.038766860961914,0.010274272412061691,0
mujoco,flat_forward,0,0,1811,18.10999999999915,1.0,0.0,0.3309721075125662,0.02061085708722166,-0.01466608166322763,0.4367702055910255,-0.044258294330620854,2.035045623779297,0.016863923519849777,0
mujoco,flat_forward,0,0,1812,18.119999999999163,1.0,0.0,0.3309718933619988,0.020611985844810936,-0.014638523944943752,0.43631808377745745,-0.02831943020602484,2.0399374961853027,0.017898069694638252,0
mujoco,flat_forward,0,0,1813,18.129999999999175,1.0,0.0,0.330970935153968,0.020627932213010687,-0.01468132336162241,0.4366152513865767,-0.035358943364566714,2.039700984954834,0.012162127532064915,0
mujoco,flat_forward,0,0,1814,18.139999999999187,1.0,0.0,0.3309680068027185,0.020611367396645555,-0.014671649325267669,0.43620218395766147,-0.03284129433945324,2.039964199066162,0.01064564473927021,0
mujoco,flat_forward,0,0,1815,18.1499999999992,1.0,0.0,0.33096745618203016,0.02061789182010403,-0.014713057610855581,0.43676027335808953,-0.025525889502423793,2.041743040084839,0.010542633011937141,0
mujoco,flat_forward,0,0,1816,18.15999999999921,1.0,0.0,0.33096299391547923,0.020603910058748218,-0.014730248076557515,0.43626807685482105,-0.03819157749179726,2.036722421646118,0.014822594821453094,0
mujoco,flat_forward,0,0,1817,18.169999999999224,1.0,0.0,0.3309622445238555,0.02060142056287714,-0.014704228220483687,0.43653556348721795,-0.02652628190347266,2.04201340675354,0.016828879714012146,0
mujoco,flat_forward,0,0,1818,18.179999999999236,1.0,0.0,0.33095769442481004,0.020596218904045758,-0.014736501849574783,0.4364187122012044,-0.04484847433718322,2.0373785495758057,0.015554114244878292,0
mujoco,flat_forward,0,0,1819,18.189999999999248,1.0,0.0,0.33095557353856453,0.020587015964928252,-0.01467050984233007,0.43598176270602484,-0.03215100073649582,2.040529251098633,0.01510434690862894,0
mujoco,flat_forward,0,0,1820,18.19999999999926,1.0,0.0,0.3309540120985234,0.020588458452004105,-0.014722139683041513,0.4365924861520129,-0.03887733879197744,2.040762186050415,0.009057419374585152,0
mujoco,flat_forward,0,0,1821,18.209999999999273,1.0,0.0,0.330951189462604,0.02057451397531995,-0.014641292551054457,0.43555871484474173,-0.0317359261278687,2.037061929702759,0.011626126244664192,0
mujoco,flat_forward,0,0,1822,18.219999999999285,1.0,0.0,0.33095230656418245,0.020575715437327797,-0.014678635946557748,0.4365829515185414,-0.02644516909130105,2.042987823486328,0.017120078206062317,0
mujoco,flat_forward,0,0,1823,18.229999999999297,1.0,0.0,0.330948531537204,0.020566659969056975,-0.014657378892575445,0.4353417587508476,-0.035568674833861856,2.0322420597076416,0.02405887469649315,0
mujoco,flat_forward,0,0,1824,18.23999999999931,1.0,0.0,0.330949851034726,0.0205680799319833,-0.014603453376427477,0.4359631294240421,-0.030286826200192334,2.0430378913879395,0.025839662179350853,0
mujoco,flat_forward,0,0,1825,18.24999999999932,1.0,0.0,0.33094640272503073,0.02056811889553097,-0.014663900203296356,0.43566600782603215,-0.03898212556030457,2.036158800125122,0.01946779526770115,0
mujoco,flat_forward,0,0,1826,18.259999999999334,1.0,0.0,0.33094651524413327,0.02057043205917553,-0.014571803353788982,0.4353722427902672,-0.03371766797221428,2.039436101913452,0.013377299532294273,0
mujoco,flat_forward,0,0,1827,18.269999999999346,1.0,0.0,0.3309458375319762,0.020572886823531835,-0.014666395104093219,0.4364093843492695,-0.03743794354227644,2.040985107421875,0.006199986208230257,0
mujoco,flat_forward,0,0,1828,18.279999999999358,1.0,0.0,0.33094228714071383,0.020571096773477956,-0.014546893335744293,0.43503695400658776,-0.033943941117228836,2.033050775527954,0.013691985048353672,0
mujoco,flat_forward,0,0,1829,18.28999999999937,1.0,0.0,0.3309419500071256,0.020571769577800325,-0.014555974430985774,0.4364328604476506,-0.031621792758220656,2.045179605484009,0.02404891327023506,0
mujoco,flat_forward,0,0,1830,18.299999999999383,1.0,0.0,0.3309332028174141,0.02057074295456973,-0.014548802830611073,0.4350602367276604,-0.035008593432376015,2.0320112705230713,0.028180982917547226,0
mujoco,flat_forward,0,0,1831,18.309999999999395,1.0,0.0,0.33092972013385863,0.020573187712054075,-0.014482824151187545,0.43578028233510385,-0.03459661059522343,2.0452158451080322,0.02824399247765541,0
mujoco,flat_forward,0,0,1832,18.319999999999407,1.0,0.0,0.33092415626653526,0.02057342411507131,-0.014531477725168688,0.43518438559173594,-0.035353443621480816,2.0385310649871826,0.018625162541866302,0
mujoco,flat_forward,0,0,1833,18.32999999999942,1.0,0.0,0.33092811041745895,0.020577007125637273,-0.014420568981707264,0.4350331538783967,-0.03604006744180792,2.041688919067383,0.014734765514731407,0
mujoco,flat_forward,0,0,1834,18.33999999999943,1.0,0.0,0.3309342385690229,0.020576846458495657,-0.014522274189911654,0.4358740006562926,-0.03390187874888172,2.042356491088867,0.008359820581972599,0
mujoco,flat_forward,0,0,1835,18.349999999999444,1.0,0.0,0.3309409378967589,0.020581656177563815,-0.014410491337702336,0.43454449527509026,-0.036708902589835536,2.0326569080352783,0.014120463281869888,0
mujoco,flat_forward,0,0,1836,18.359999999999456,1.0,0.0,0.33095114120352787,0.020579812659341674,-0.014445716756924245,0.43602423425629305,-0.03956260090693761,2.044647216796875,0.021659627556800842,0
mujoco,flat_forward,0,0,1837,18.369999999999468,1.0,0.0,0.33095211228607413,0.020581580446613228,-0.014447162272048121,0.43443748449824965,-0.035442671069531646,2.029849052429199,0.029298976063728333,0
mujoco,flat_forward,0,0,1838,18.37999999999948,1.0,0.0,0.3309563347163718,0.020579411552058016,-0.014406150453728997,0.4352327785205762,-0.040455158946359725,2.043431043624878,0.02955671399831772,0
mujoco,flat_forward,0,0,1839,18.389999999999493,1.0,0.0,0.3309557718281894,0.02057542583371248,-0.014498075590095574,0.4349047131814461,-0.033516164469965214,2.0363945960998535,0.01999407820403576,0
mujoco,flat_forward,0,0,1840,18.399999999999505,1.0,0.0,0.3309585121949693,0.020576532309213042,-0.014432477579351092,0.4346426724422896,-0.04048255225129213,2.0374670028686523,0.01271558552980423,0
mujoco,flat_forward,0,0,1841,18.409999999999517,1.0,0.0,0.330960813526512,0.020569984941058685,-0.014513821308516724,0.4352907466430601,-0.030325245523001094,2.0407352447509766,0.01032028067857027,0
mujoco,flat_forward,0,0,1842,18.41999999999953,1.0,0.0,0.33096145597859183,0.020592945693369655,-0.014472014913499082,0.4340602333693748,-0.03684149799583586,2.0314204692840576,0.017869574949145317,0
mujoco,flat_forward,0,0,1843,18.42999999999954,1.0,0.0,0.3309644363020954,0.020599682743457408,-0.014518341182770232,0.43505256911887924,-0.04069905584269585,2.0430550575256348,0.020181801170110703,0
mujoco,flat_forward,0,0,1844,18.439999999999554,1.0,0.0,0.330964309323406,0.02062383860807558,-0.014534811717037409,0.43400223281988975,-0.03075841711517891,2.033203125,0.01923264004290104,0
mujoco,flat_forward,0,0,1845,18.449999999999566,1.0,0.0,0.330968205537225,0.020634284831666714,-0.014521648276456777,0.434693133494718,-0.042046723151208956,2.042367935180664,0.01856708712875843,0
mujoco,flat_forward,0,0,1846,18.459999999999578,1.0,0.0,0.33096725914347336,0.020637291310738406,-0.01458301784527243,0.43446467666049265,-0.02506702539592484,2.0376663208007812,0.016988074406981468,0
mujoco,flat_forward,0,0,1847,18.46999999999959,1.0,0.0,0.33096685522027625,0.02064375463292227,-0.014550733134665471,0.434191398810042,-0.039289581583403836,2.0372517108917236,0.01584445685148239,0
mujoco,flat_forward,0,0,1848,18.479999999999603,1.0,0.0,0.3309658937934494,0.020629476103525696,-0.01460594661321807,0.4346957669116316,-0.03213803163570825,2.0416910648345947,0.013349507004022598,0
mujoco,flat_forward,0,0,1849,18.489999999999615,1.0,0.0,0.33096332331786343,0.02064627131605712,-0.014615256756761723,0.4340188812757062,-0.03567801696360613,2.034144401550293,0.015378864482045174,0
mujoco,flat_forward,0,0,1850,18.499999999999627,1.0,0.0,0.3309622084347889,0.020635824217206694,-0.014655254703984842,0.4346712627884082,-0.04185499835306974,2.041592597961426,0.013646158389747143,0
mujoco,flat_forward,0,0,1851,18.50999999999964,1.0,0.0,0.33095956906579815,0.02064658468791801,-0.014680810425527385,0.43419027328344156,-0.02905569194697436,2.0352399349212646,0.01269216276705265,0
mujoco,flat_forward,0,0,1852,18.51999999999965,1.0,0.0,0.33095855023834564,0.020644381702858237,-0.014677367789677211,0.43454598354874924,-0.044430853621963334,2.039619207382202,0.011769933626055717,0
mujoco,flat_forward,0,0,1853,18.529999999999664,1.0,0.0,0.330957866892457,0.020648319003522014,-0.01467854312413759,0.43426994855955464,-0.02103899280701807,2.0383617877960205,0.012462172657251358,0
mujoco,flat_forward,0,0,1854,18.539999999999676,1.0,0.0,0.33095590574335343,0.02066765081292755,-0.014672007288903999,0.43397297303083265,-0.03867147824108768,2.036644697189331,0.018930846825242043,0
mujoco,flat_forward,0,0,1855,18.549999999999688,1.0,0.0,0.33095320572284675,0.02066347887708983,-0.01468113626130385,0.43398488119417006,-0.02904758485263987,2.0425007343292236,0.01749381422996521,0
mujoco,flat_forward,0,0,1856,18.5599999999997,1.0,0.0,0.3309521386562732,0.020683205828369477,-0.0146884554151811,0.43370912340683626,-0.03450104238050852,2.0389904975891113,0.012143046595156193,0
mujoco,flat_forward,0,0,1857,18.569999999999713,1.0,0.0,0.3309530745942334,0.020667817273212603,-0.014706483928179618,0.4339572477271252,-0.03826520959343103,2.042842388153076,0.00981479324400425,0
mujoco,flat_forward,0,0,1858,18.579999999999725,1.0,0.0,0.33095620423504785,0.020676672394755062,-0.014729721040497409,0.4338468721940538,-0.02715909596693959,2.0391597747802734,0.009100384078919888,0
mujoco,flat_forward,0,0,1859,18.589999999999737,1.0,0.0,0.33095887773557714,0.020667196980142636,-0.01474466769856963,0.434051241206018,-0.04415883009176461,2.039118766784668,0.009550516493618488,0
mujoco,flat_forward,0,0,1860,18.59999999999975,1.0,0.0,0.3309617883278449,0.02066301355651741,-0.014743098315845781,0.43385337716653716,-0.024840537130497917,2.03924298286438,0.012745675630867481,0
mujoco,flat_forward,0,0,1861,18.60999999999976,1.0,0.0,0.3309609220938569,0.020670150415264207,-0.014761072252080074,0.433844039067765,-0.04216235604342025,2.036797523498535,0.015941839665174484,0
mujoco,flat_forward,0,0,1862,18.619999999999774,1.0,0.0,0.3309567627778617,0.020653718064992357,-0.014755117472563159,0.43360646572130124,-0.031697746220790544,2.039945363998413,0.014914600178599358,0
mujoco,flat_forward,0,0,1863,18.629999999999786,1.0,0.0,0.3309522978497586,0.02066319256902068,-0.014796479119533504,0.4337750923113108,-0.03347308443075496,2.0389397144317627,0.01105012558400631,0
mujoco,flat_forward,0,0,1864,18.639999999999798,1.0,0.0,0.3309470849461159,0.020648381449791694,-0.014783773894743482,0.4333276963869761,-0.035056567915918546,2.0393662452697754,0.009207842871546745,0
mujoco,flat_forward,0,0,1865,18.64999999999981,1.0,0.0,0.33094679644112557,0.0206610153264166,-0.01479929884250323,0.43379065459937965,-0.02364209071931382,2.0410215854644775,0.010883841663599014,0
mujoco,flat_forward,0,0,1866,18.659999999999823,1.0,0.0,0.33094285250325894,0.020662272093958944,-0.014810238408887844,0.4332284529905543,-0.03972310272751528,2.0350282192230225,0.01756386272609234,0
mujoco,flat_forward,0,0,1867,18.669999999999835,1.0,0.0,0.33094262998514723,0.02066926598244889,-0.014756689482708097,0.43326668511394023,-0.027944566134976746,2.041527032852173,0.01943611539900303,0
mujoco,flat_forward,0,0,1868,18.679999999999847,1.0,0.0,0.33093952873902027,0.020678772858183786,-0.014803599044310344,0.4335858039541126,-0.04167423580564344,2.038214683532715,0.013332923874258995,0
mujoco,flat_forward,0,0,1869,18.68999999999986,1.0,0.0,0.33093627170870504,0.020676994470749898,-0.014716557180370586,0.43288029921355875,-0.03084419578714608,2.0389628410339355,0.01101873442530632,0
mujoco,flat_forward,0,0,1870,18.69999999999987,1.0,0.0,0.3309345726377545,0.020684204565273086,-0.01474235468618021,0.43355312457315687,-0.03471647096627274,2.042948007583618,0.011647426523268223,0
mujoco,flat_forward,0,0,1871,18.709999999999884,1.0,0.0,0.3309319017498831,0.020662037589788823,-0.014685641460483387,0.43280155078994337,-0.036702732064019535,2.038457155227661,0.012837652117013931,0
mujoco,flat_forward,0,0,1872,18.719999999999896,1.0,0.0,0.3309346528795337,0.02065544322987972,-0.0146745816703852,0.43365002111588874,-0.027577650951513856,2.0437347888946533,0.016381744295358658,0
mujoco,flat_forward,0,0,1873,18.729999999999908,1.0,0.0,0.3309309149057348,0.02064776651640981,-0.014704412747220563,0.4328079570769876,-0.04132581432353105,2.0341796875,0.022338081151247025,0
mujoco,flat_forward,0,0,1874,18.73999999999992,1.0,0.0,0.3309313423690542,0.02065005823004464,-0.014645347117452762,0.4329187942998249,-0.03300281851521158,2.041818618774414,0.020940005779266357,0
mujoco,flat_forward,0,0,1875,18.749999999999932,1.0,0.0,0.33092915919423094,0.02065434159517639,-0.014713202631947335,0.4329728722182852,-0.03883812491116231,2.0383596420288086,0.012702351436018944,0
mujoco,flat_forward,0,0,1876,18.759999999999945,1.0,0.0,0.33093118503187946,0.02066166290462433,-0.014602484095149911,0.4322439285009425,-0.03192317305487577,2.0386159420013428,0.007478165905922651,0
mujoco,flat_forward,0,0,1877,18.769999999999957,1.0,0.0,0.3309355536240108,0.02067184812700915,-0.014676727310561575,0.43347802505651123,-0.033563575573752044,2.043027639389038,0.008702218532562256,0
mujoco,flat_forward,0,0,1878,18.77999999999997,1.0,0.0,0.33093429055059836,0.020671950330054877,-0.0145774778031731,0.4319313929932461,-0.033095237948035906,2.0322265625,0.02114984765648842,0
mujoco,flat_forward,0,0,1879,18.78999999999998,1.0,0.0,0.3309366739450707,0.02067424746840809,-0.014562224469343448,0.43312509513028863,-0.03174734758107271,2.045711040496826,0.02928553707897663,0
mujoco,flat_forward,0,0,1880,18.799999999999994,1.0,0.0,0.3309323630767929,0.020675348184721266,-0.014589324832190387,0.4320324210342431,-0.0359718431821602,2.0335566997528076,0.027367563918232918,0
mujoco,flat_forward,0,0,1881,18.810000000000006,1.0,0.0,0.33093357392807504,0.02067964694622578,-0.014513352929896943,0.43243039769693925,-0.03570803959405666,2.0430872440338135,0.023587031289935112,0
mujoco,flat_forward,0,0,1882,18.820000000000018,1.0,0.0,0.33093201889471285,0.02068072843956722,-0.014622899148358064,0.4326999017366199,-0.03617690823455309,2.0392658710479736,0.013867349363863468,0
mujoco,flat_forward,0,0,1883,18.83000000000003,1.0,0.0,0.3309325914563683,0.020684562872345717,-0.014521219866080425,0.4319401797670049,-0.0372168573268812,2.0359699726104736,0.0076406486332416534,0
mujoco,flat_forward,0,0,1884,18.840000000000042,1.0,0.0,0.330934149852944,0.02068386684109268,-0.014607899517340293,0.43344062312467196,-0.03609306203146024,2.042783498764038,0.01185645628720522,0
mujoco,flat_forward,0,0,1885,18.850000000000055,1.0,0.0,0.3309274977429988,0.02069173424077349,-0.014528603427350281,0.4316320573680809,-0.03628936225181707,2.028526544570923,0.02615007385611534,0
mujoco,flat_forward,0,0,1886,18.860000000000067,1.0,0.0,0.3309238757139185,0.02069614121861601,-0.014502290944010727,0.4328958975605259,-0.038883284277397775,2.046613931655884,0.03387214243412018,0
mujoco,flat_forward,0,0,1887,18.87000000000008,1.0,0.0,0.3309157890496799,0.02070442778032203,-0.01452462853251909,0.43174070208146587,-0.030612747827308273,2.0350043773651123,0.027298985049128532,0
mujoco,flat_forward,0,0,1888,18.88000000000009,1.0,0.0,0.33091507502445794,0.020712026687991193,-0.014446129388919845,0.4321227606674437,-0.03646456827839279,2.043846607208252,0.023354534059762955,0
mujoco,flat_forward,0,0,1889,18.890000000000104,1.0,0.0,0.33091408410351053,0.020713948776494587,-0.014535190395341326,0.4324312041746849,-0.02742051359189988,2.0416533946990967,0.014067457988858223,0
mujoco,flat_forward,0,0,1890,18.900000000000116,1.0,0.0,0.33091577233218206,0.020726984569513836,-0.014461910831863548,0.43168991196471324,-0.03612921415090306,2.0358622074127197,0.013002132065594196,0
mujoco,flat_forward,0,0,1891,18.910000000000128,1.0,0.0,0.33091928016601857,0.020723693020660947,-0.014526285408468677,0.4327454542916737,-0.035169799874377516,2.044323682785034,0.01565193198621273,0
mujoco,flat_forward,0,0,1892,18.92000000000014,1.0,0.0,0.3309200570769717,0.020738676473491344,-0.01447385748878617,0.4314019264557846,-0.0365663971062608,2.033066511154175,0.019605305045843124,0
mujoco,flat_forward,0,0,1893,18.930000000000152,1.0,0.0,0.3309255535932508,0.0207364442291553,-0.014475841694989014,0.4326529782224542,-0.04466225119579695,2.0458712577819824,0.022520391270518303,0
mujoco,flat_forward,0,0,1894,18.940000000000165,1.0,0.0,0.3309247469054558,0.02073547892988965,-0.014522563713829803,0.43167221040248327,-0.03189043402694059,2.0346319675445557,0.024683784693479538,0
mujoco,flat_forward,0,0,1895,18.950000000000177,1.0,0.0,0.33092728852535996,0.02072989343192428,-0.01448560011782795,0.4320003323110986,-0.04226646588820492,2.041423797607422,0.02159496210515499,0
mujoco,flat_forward,0,0,1896,18.96000000000019,1.0,0.0,0.33092855863269577,0.02072171176124851,-0.014543413693600479,0.4320049675273185,-0.025858085472464987,2.0393409729003906,0.013865313492715359,0
mujoco,flat_forward,0,0,1897,18.9700000000002,1.0,0.0,0.33093136714996463,0.020732139679326106,-0.014500766220220954,0.4313220128286999,-0.039286853794053694,2.034139394760132,0.016040917485952377,0
mujoco,flat_forward,0,0,1898,18.980000000000214,1.0,0.0,0.33093505069506673,0.020722022290180254,-0.01453902813133461,0.43185680438559193,-0.0362566491722776,2.0416994094848633,0.01657317765057087,0
mujoco,flat_forward,0,0,1899,18.990000000000226,1.0,0.0,0.33093743631897193,0.02074363087964554,-0.014547662627199172,0.43111055757890704,-0.034889729732842246,2.0338122844696045,0.014191681519150734,0
mujoco,flat_forward,0,0,1900,19.000000000000238,1.0,0.0,0.3309420782922843,0.020740308949519476,-0.014570452432636966,0.43172965704027444,-0.04482421131367055,2.040761709213257,0.012619373388588428,0
mujoco,flat_forward,0,0,1901,19.01000000000025,1.0,0.0,0.33094451545294556,0.020750533335172835,-0.01459190996458958,0.431237835635732,-0.027780647302033643,2.0354747772216797,0.01279548928141594,0
mujoco,flat_forward,0,0,1902,19.020000000000262,1.0,0.0,0.33094829016927857,0.020752837478144312,-0.014572479486601132,0.4314242425475257,-0.045549828475687504,2.0385940074920654,0.013987191021442413,0
mujoco,flat_forward,0,0,1903,19.030000000000275,1.0,0.0,0.33094875242361854,0.020739925555450858,-0.014589712231675888,0.43143675965372763,-0.028261774109833875,2.0386030673980713,0.01506392564624548,0
mujoco,flat_forward,0,0,1904,19.040000000000287,1.0,0.0,0.3309462032880817,0.020749782449562302,-0.014587746608525841,0.4310633990320406,-0.040757132942901814,2.035118818283081,0.016904279589653015,0
mujoco,flat_forward,0,0,1905,19.0500000000003,1.0,0.0,0.33094410629087184,0.020736868909512523,-0.014594805500362367,0.4310662623514888,-0.035175221055575356,2.040646553039551,0.013968037441372871,0
mujoco,flat_forward,0,0,1906,19.06000000000031,1.0,0.0,0.3309446341325841,0.020758652244295857,-0.0146181913998272,0.430855268551885,-0.03234790763214619,2.036688804626465,0.010437652468681335,0
mujoco,flat_forward,0,0,1907,19.070000000000324,1.0,0.0,0.33094646366057906,0.02075283947573967,-0.014632198494627205,0.4309765623371938,-0.04179588124215591,2.0391008853912354,0.00903891772031784,0
mujoco,flat_forward,0,0,1908,19.080000000000336,1.0,0.0,0.33095058493557855,0.020764565327818472,-0.014650675533052812,0.4310197588778095,-0.02493427863717411,2.0376992225646973,0.00966886430978775,0
mujoco,flat_forward,0,0,1909,19.090000000000348,1.0,0.0,0.33095247944952666,0.020768033385743276,-0.014665487693491538,0.4309849528352494,-0.04705487296838268,2.0346078872680664,0.014143068343400955,0
mujoco,flat_forward,0,0,1910,19.10000000000036,1.0,0.0,0.33095396724843745,0.020764311997285814,-0.01463939689140335,0.4306410548829887,-0.03001905299922087,2.038208484649658,0.017089707776904106,0
mujoco,flat_forward,0,0,1911,19.110000000000372,1.0,0.0,0.330954025609299,0.02077532952659556,-0.014665721190755654,0.43077981300175355,-0.04022438705563414,2.037400960922241,0.013825563713908195,0
mujoco,flat_forward,0,0,1912,19.120000000000385,1.0,0.0,0.33095300230954794,0.020756037357823755,-0.01465471805406253,0.430516188440174,-0.036216849626679176,2.0389790534973145,0.011195823550224304,0
mujoco,flat_forward,0,0,1913,19.130000000000397,1.0,0.0,0.3309541044605515,0.02076170031170632,-0.0146928834269562,0.43085735758415916,-0.031142894600777245,2.0391600131988525,0.009477585554122925,0
mujoco,flat_forward,0,0,1914,19.14000000000041,1.0,0.0,0.3309538961376722,0.02074739452835778,-0.01468007812871028,0.4302778493604333,-0.03872984572414643,2.036602735519409,0.010800715535879135,0
mujoco,flat_forward,0,0,1915,19.15000000000042,1.0,0.0,0.33096009837435153,0.020752798221765983,-0.014659919342252194,0.43065163650003435,-0.02656441091561106,2.0407509803771973,0.015077394433319569,0
mujoco,flat_forward,0,0,1916,19.160000000000434,1.0,0.0,0.3309622806196478,0.02075888231126514,-0.014704262247444982,0.43030079923152853,-0.04198287531723412,2.034855604171753,0.01819707825779915,0
mujoco,flat_forward,0,0,1917,19.170000000000446,1.0,0.0,0.330967748206377,0.020766265661950337,-0.014649254178569266,0.4300370481469262,-0.031021488932481873,2.040131092071533,0.016602789983153343,0
mujoco,flat_forward,0,0,1918,19.180000000000458,1.0,0.0,0.33097232402501975,0.020777551811071906,-0.014732030579302781,0.43073797846462936,-0.03938650282756923,2.039600133895874,0.0085554588586092,0
mujoco,flat_forward,0,0,1919,19.19000000000047,1.0,0.0,0.33097290085596975,0.020767391351220996,-0.014685053453461503,0.429884193371231,-0.033183786183468365,2.0359416007995605,0.012530596926808357,0
mujoco,flat_forward,0,0,1920,19.200000000000482,1.0,0.0,0.33097467749876625,0.020767265326079924,-0.014753296360778436,0.43097614013809266,-0.028306742458451207,2.0421626567840576,0.01680343970656395,0
mujoco,flat_forward,0,0,1921,19.210000000000495,1.0,0.0,0.33096982175171263,0.020754326987634426,-0.014755027043036136,0.4298477536587535,-0.03731282630829616,2.03153395652771,0.02361186034977436,0
mujoco,flat_forward,0,0,1922,19.220000000000507,1.0,0.0,0.33096895432771334,0.020751757699981794,-0.014718511102496995,0.43052662426421445,-0.0318286442217616,2.0427324771881104,0.025908108800649643,0
mujoco,flat_forward,0,0,1923,19.23000000000052,1.0,0.0,0.33096278817777575,0.020747554424351902,-0.014793996971639689,0.43031033302621274,-0.04031278849219337,2.0357043743133545,0.01931695081293583,0
mujoco,flat_forward,0,0,1924,19.24000000000053,1.0,0.0,0.33096007229220825,0.020745935950510566,-0.014714815087905864,0.4300681464811512,-0.03500624712797013,2.0390515327453613,0.012943793088197708,0
mujoco,flat_forward,0,0,1925,19.250000000000544,1.0,0.0,0.3309573060947502,0.020744642050380402,-0.01479530716466218,0.4306939478135846,-0.03894452196452776,2.0405967235565186,0.005980799440294504,0
mujoco,flat_forward,0,0,1926,19.260000000000556,1.0,0.0,0.3309580778323539,0.020742983179307138,-0.014664501149503278,0.42952534591217534,-0.03452669458363558,2.035752058029175,0.008350769989192486,0
mujoco,flat_forward,0,0,1927,19.270000000000568,1.0,0.0,0.3309648295849753,0.02074398653246264,-0.01470457552803337,0.4309406444000409,-0.03231704374493953,2.044484853744507,0.016538651660084724,0
mujoco,flat_forward,0,0,1928,19.28000000000058,1.0,0.0,0.33096377304913194,0.02074371260467816,-0.01467727824260071,0.4292745592300136,-0.03509519197223672,2.0305697917938232,0.02886050194501877,0
mujoco,flat_forward,0,0,1929,19.290000000000592,1.0,0.0,0.33096705591935327,0.020746490702140873,-0.014651823458397759,0.43017136615505996,-0.03450285169872358,2.0452826023101807,0.030878189951181412,0
mujoco,flat_forward,0,0,1930,19.300000000000605,1.0,0.0,0.33096554688994223,0.020746216754075005,-0.014743009178593374,0.4296206492312928,-0.035358870239153725,2.0361146926879883,0.02400076761841774,0
mujoco,flat_forward,0,0,1931,19.310000000000617,1.0,0.0,0.33096830641052627,0.020748696345136507,-0.014675732735754681,0.42957930267737693,-0.035848573993481944,2.040074348449707,0.014681768603622913,0
mujoco,flat_forward,0,0,1932,19.32000000000063,1.0,0.0,0.33096895206505994,0.02074586140767604,-0.014803220296677355,0.43044553130240015,-0.033845727324584976,2.0411641597747803,0.008510401472449303,0
mujoco,flat_forward,0,0,1933,19.33000000000064,1.0,0.0,0.33096749493681615,0.020747797970603714,-0.014710048121343378,0.4292061214128314,-0.03638079945017561,2.0322916507720947,0.013494261540472507,0
mujoco,flat_forward,0,0,1934,19.340000000000654,1.0,0.0,0.3309676835541944,0.02074260920183588,-0.014754241775219007,0.43054815752179476,-0.03727320414550449,2.044649600982666,0.021391257643699646,0
mujoco,flat_forward,0,0,1935,19.350000000000666,1.0,0.0,0.3309628522224734,0.020752225145400274,-0.014703929931422437,0.42888885765128015,-0.03157381213381996,2.0316734313964844,0.02509881742298603,0
mujoco,flat_forward,0,0,1936,19.360000000000678,1.0,0.0,0.33096420376637914,0.020756819221205095,-0.014644379768815472,0.4298214418364517,-0.03685347056077435,2.0467453002929688,0.02939745970070362,0
mujoco,flat_forward,0,0,1937,19.37000000000069,1.0,0.0,0.33096233773270334,0.020759602206753935,-0.014697408915195087,0.42927420510373804,-0.026937049185365457,2.0388898849487305,0.021957704797387123,0
mujoco,flat_forward,0,0,1938,19.380000000000702,1.0,0.0,0.3309655172503874,0.020764305495691464,-0.014618341538594109,0.42920644199361074,-0.035068721833899606,2.0419695377349854,0.015919100493192673,0
mujoco,flat_forward,0,0,1939,19.390000000000715,1.0,0.0,0.33096849771562104,0.020756154241253183,-0.014697910110071865,0.4298816184335627,-0.02854615714739724,2.0442161560058594,0.010763829573988914,0
mujoco,flat_forward,0,0,1940,19.400000000000727,1.0,0.0,0.3309726595373226,0.020759532364531087,-0.014601030840296183,0.42877269796388895,-0.0372271398005293,2.0354480743408203,0.014872669242322445,0
mujoco,flat_forward,0,0,1941,19.41000000000074,1.0,0.0,0.33098005884426906,0.02074384915857164,-0.01463184212046794,0.4299606250577645,-0.04027299755585684,2.0464365482330322,0.019380813464522362,0
mujoco,flat_forward,0,0,1942,19.42000000000075,1.0,0.0,0.3309841514580479,0.020745458171923508,-0.014612620951289594,0.42868072024759485,-0.033361181113662514,2.033972978591919,0.021840132772922516,0
mujoco,flat_forward,0,0,1943,19.430000000000764,1.0,0.0,0.330992613580769,0.020735889025216316,-0.014578620400977182,0.4295579933438722,-0.04271316783263599,2.044856548309326,0.02209484577178955,0
mujoco,flat_forward,0,0,1944,19.440000000000776,1.0,0.0,0.3309960411876315,0.020724854827131,-0.014631901790475492,0.42907160453130777,-0.027708894338572435,2.0374467372894287,0.019075891003012657,0
mujoco,flat_forward,0,0,1945,19.450000000000788,1.0,0.0,0.33100166434571515,0.020718791639191877,-0.014579015683254223,0.4289199139135077,-0.04015195109912198,2.039046287536621,0.016605710610747337,0
mujoco,flat_forward,0,0,1946,19.4600000000008,1.0,0.0,0.3310060196833772,0.020697828539514334,-0.014642696769327973,0.42944282406965034,-0.031021264793619212,2.0416197776794434,0.012272686697542667,0
mujoco,flat_forward,0,0,1947,19.470000000000812,1.0,0.0,0.3310077885583651,0.020708194849385825,-0.014631053313925184,0.4285598950667177,-0.03734455306905318,2.033705711364746,0.01634492725133896,0
mujoco,flat_forward,0,0,1948,19.480000000000825,1.0,0.0,0.3310105682418704,0.02069824496791222,-0.014658408977842527,0.42905064303018686,-0.03811583193691633,2.042895793914795,0.01664813607931137,0
mujoco,flat_forward,0,0,1949,19.490000000000837,1.0,0.0,0.3310139177030665,0.02071982955388266,-0.014670468338555917,0.42837101627282,-0.028409981223485006,2.0365328788757324,0.011860864236950874,0
mujoco,flat_forward,0,0,1950,19.50000000000085,1.0,0.0,0.3310207552860527,0.020724191046163534,-0.014671508360674424,0.4288826085051198,-0.043109906006009405,2.0415737628936768,0.011105571873486042,0
mujoco,flat_forward,0,0,1951,19.51000000000086,1.0,0.0,0.3310259773843046,0.020732286440724623,-0.014686227237034893,0.4285840888532893,-0.020909968260839778,2.0385868549346924,0.013264953158795834,0
mujoco,flat_forward,0,0,1952,19.520000000000874,1.0,0.0,0.33103042242042385,0.020742519114566812,-0.014661770107071178,0.428387571477674,-0.039631875595026476,2.037993907928467,0.01700623705983162,0
mujoco,flat_forward,0,0,1953,19.530000000000886,1.0,0.0,0.33103345214644747,0.020729567463852853,-0.014667418558847227,0.42848587593813875,-0.028925304903937996,2.0426652431488037,0.015958625823259354,0
mujoco,flat_forward,0,0,1954,19.540000000000898,1.0,0.0,0.3310358128308974,0.020743960625196387,-0.014674680163022716,0.42821639990831906,-0.03382032700009458,2.038602113723755,0.013448367826640606,0
mujoco,flat_forward,0,0,1955,19.55000000000091,1.0,0.0,0.3310384039096108,0.020726141692376757,-0.014690861269848355,0.4285066843281805,-0.03741011021239775,2.043118953704834,0.010442198254168034,0
mujoco,flat_forward,0,0,1956,19.560000000000922,1.0,0.0,0.3310422962141496,0.020734294847204644,-0.014711835753801411,0.42839767442083326,-0.026310005314003366,2.039700746536255,0.008675721473991871,0
mujoco,flat_forward,0,0,1957,19.570000000000935,1.0,0.0,0.3310455851497428,0.020723892361141586,-0.014723543808247015,0.42865600929654646,-0.04344888187729231,2.040457010269165,0.009722931310534477,0
mujoco,flat_forward,0,0,1958,19.580000000000947,1.0,0.0,0.33104925725411605,0.020719249611665828,-0.01472090645516671,0.4284993961119122,-0.023862831936715886,2.040442705154419,0.012884804978966713,0
mujoco,flat_forward,0,0,1959,19.59000000000096,1.0,0.0,0.33105093450119394,0.02072031432026852,-0.014720536848874788,0.4283744270559587,-0.04456336875133968,2.0384674072265625,0.01605050638318062,0
mujoco,flat_forward,0,0,1960,19.60000000000097,1.0,0.0,0.33105075468833733,0.02069353596596865,-0.01471481448385296,0.428240265179796,-0.03231027480201903,2.041799783706665,0.016787700355052948,0
mujoco,flat_forward,0,0,1961,19.610000000000984,1.0,0.0,0.33105084312979294,0.02069440727761886,-0.014744289495511534,0.4282565991321191,-0.03628192604926308,2.039689302444458,0.012267027050256729,0
mujoco,flat_forward,0,0,1962,19.620000000000996,1.0,0.0,0.3310512057502347,0.02067123401520288,-0.014741987202591086,0.4279936579009008,-0.035654848924093666,2.0407376289367676,0.008368577808141708,0
mujoco,flat_forward,0,0,1963,19.630000000001008,1.0,0.0,0.33105596138734056,0.02067855732952681,-0.014774168106250114,0.4282251920110584,-0.025992180444021053,2.0404515266418457,0.009087066166102886,0
mujoco,flat_forward,0,0,1964,19.64000000000102,1.0,0.0,0.33105868928450316,0.020669788086667022,-0.014794075703011722,0.4278987242337972,-0.040774600822784134,2.0368547439575195,0.013408135622739792,0
mujoco,flat_forward,0,0,1965,19.650000000001032,1.0,0.0,0.33106472904851264,0.020670740546790408,-0.014774465674251877,0.42792430024171924,-0.02709887957500597,2.040916681289673,0.015447782352566719,0
mujoco,flat_forward,0,0,1966,19.660000000001045,1.0,0.0,0.3310664201692275,0.020675373262015004,-0.014825658203764434,0.4280735794153434,-0.04343831787891789,2.0373916625976562,0.01425070408731699,0
mujoco,flat_forward,0,0,1967,19.670000000001057,1.0,0.0,0.3310668785463067,0.02066935865154934,-0.014769864650022557,0.4275061305835914,-0.030893404395727134,2.0398311614990234,0.013313326053321362,0
mujoco,flat_forward,0,0,1968,19.68000000000107,1.0,0.0,0.3310669528458026,0.02067732153502176,-0.014827550736289496,0.42815470327154426,-0.03338573113044587,2.0423388481140137,0.01055095437914133,0
mujoco,flat_forward,0,0,1969,19.69000000000108,1.0,0.0,0.3310634237157126,0.02065787889129781,-0.014797579604277392,0.4274996870317605,-0.03457275636349571,2.0388176441192627,0.012442894279956818,0
mujoco,flat_forward,0,0,1970,19.700000000001094,1.0,0.0,0.33106317971454824,0.02065525974451366,-0.014811514165849565,0.4283665072522004,-0.025171322428447246,2.044379234313965,0.01583702862262726,0
mujoco,flat_forward,0,0,1971,19.710000000001106,1.0,0.0,0.3310548240146008,0.020648258675207674,-0.014856653068228833,0.427598030272744,-0.03875176334418964,2.035565137863159,0.022437559440732002,0
mujoco,flat_forward,0,0,1972,19.720000000001118,1.0,0.0,0.3310495229196943,0.020650434640956967,-0.014815700038924857,0.42779378106879423,-0.030429560319976935,2.0439867973327637,0.021287020295858383,0
mujoco,flat_forward,0,0,1973,19.73000000000113,1.0,0.0,0.3310419175816339,0.020651137045581885,-0.014867162199203594,0.4277283293230329,-0.03976676357725716,2.0405335426330566,0.013530274853110313,0
mujoco,flat_forward,0,0,1974,19.740000000001142,1.0,0.0,0.33104020672817974,0.020652333933476298,-0.014768893896030266,0.42719434091613784,-0.03139855137096279,2.0424585342407227,0.01036129891872406,0
mujoco,flat_forward,0,0,1975,19.750000000001155,1.0,0.0,0.3310414051343662,0.020657317065220192,-0.01484602236946778,0.4282359138656154,-0.035081159093241804,2.0445477962493896,0.006604544818401337,0
mujoco,flat_forward,0,0,1976,19.760000000001167,1.0,0.0,0.3310383868833816,0.020647425327654807,-0.014767651587365236,0.426996644248926,-0.032343513935562195,2.0355257987976074,0.018048977479338646,0
mujoco,flat_forward,0,0,1977,19.77000000000118,1.0,0.0,0.3310384314106988,0.020643847571427863,-0.014792594833423446,0.42816002436478756,-0.028946343249273213,2.0461013317108154,0.023809120059013367,0
mujoco,flat_forward,0,0,1978,19.78000000000119,1.0,0.0,0.331030120275432,0.02063907445420762,-0.014823262377577704,0.42701230686038183,-0.03552185242466968,2.033722162246704,0.027853835374116898,0
mujoco,flat_forward,0,0,1979,19.790000000001204,1.0,0.0,0.33102567265883176,0.020640385459390325,-0.014775965936518521,0.4275063999652432,-0.03324444237722555,2.044473886489868,0.02446470968425274,0
mujoco,flat_forward,0,0,1980,19.800000000001216,1.0,0.0,0.33101660674620154,0.020638623265135346,-0.014885207525596947,0.42759685504700473,-0.03639512069520277,2.039538621902466,0.016569752246141434,0
mujoco,flat_forward,0,0,1981,19.810000000001228,1.0,0.0,0.3310093638251483,0.020638765115571847,-0.01479638794016791,0.42705675341890775,-0.03488987878359699,2.039013624191284,0.007799886632710695,0
mujoco,flat_forward,0,0,1982,19.82000000000124,1.0,0.0,0.3310021720811832,0.02063655578478698,-0.014880867922903232,0.4280547840709882,-0.03463247656657222,2.044055461883545,0.008349993266165257,0
mujoco,flat_forward,0,0,1983,19.830000000001252,1.0,0.0,0.3309956341498016,0.020636665041556864,-0.014731412818190227,0.4265270606652291,-0.03526130832524867,2.034745931625366,0.014980913139879704,0
mujoco,flat_forward,0,0,1984,19.840000000001265,1.0,0.0,0.3309954980844824,0.02063343217102026,-0.014713971448752692,0.427887679072393,-0.036634514868529984,2.047995090484619,0.02472257800400257,0
mujoco,flat_forward,0,0,1985,19.850000000001277,1.0,0.0,0.3309887158320421,0.020630246605749247,-0.014691135669077801,0.42644725681061213,-0.03494935927141083,2.034132480621338,0.028913768008351326,0
mujoco,flat_forward,0,0,1986,19.86000000000129,1.0,0.0,0.3309877595343324,0.0206268623694969,-0.014618731743562548,0.4271040249447151,-0.038093062730554274,2.045997381210327,0.027716586366295815,0
mujoco,flat_forward,0,0,1987,19.8700000000013,1.0,0.0,0.3309835200600013,0.02061991935467576,-0.014701360588421652,0.4269315247783376,-0.03374513299591053,2.0393357276916504,0.019057108089327812,0
mujoco,flat_forward,0,0,1988,19.880000000001314,1.0,0.0,0.3309826964436642,0.020618656926138155,-0.014610730359444725,0.4265024306013653,-0.038827125912373854,2.038551092147827,0.010843483731150627,0
mujoco,flat_forward,0,0,1989,19.890000000001326,1.0,0.0,0.3309816048163955,0.020607679619284853,-0.01470096880099898,0.42759673942312476,-0.034205072569837194,2.0429158210754395,0.009939628653228283,0
mujoco,flat_forward,0,0,1990,19.900000000001338,1.0,0.0,0.33097457731949664,0.020616147271746106,-0.014634420100353327,0.42609864930612734,-0.037829857825909904,2.030953884124756,0.020427068695425987,0
mujoco,flat_forward,0,0,1991,19.91000000000135,1.0,0.0,0.3309694238089648,0.02061265572726042,-0.014646938667726768,0.4273047909810421,-0.04199249045041783,2.045583724975586,0.025543328374624252,0
mujoco,flat_forward,0,0,1992,19.920000000001362,1.0,0.0,0.3309609520829079,0.020624442812915426,-0.014641106921647303,0.42597214951243084,-0.030342145941799535,2.034332513809204,0.023227693513035774,0
mujoco,flat_forward,0,0,1993,19.930000000001375,1.0,0.0,0.3309586400995212,0.020630131165877537,-0.014575742511512656,0.42654332358785596,-0.03937989561557412,2.0448975563049316,0.023543663322925568,0
mujoco,flat_forward,0,0,1994,19.940000000001387,1.0,0.0,0.33095421357845767,0.020630009150100714,-0.01462710219687884,0.4264590379682588,-0.024961466304355254,2.0410778522491455,0.01647866889834404,0
mujoco,flat_forward,0,0,1995,19.9500000000014,1.0,0.0,0.330952525329255,0.020637940001913588,-0.014560882383911131,0.42600169057387055,-0.03747466644078579,2.0385541915893555,0.014695468358695507,0
mujoco,flat_forward,0,0,1996,19.96000000000141,1.0,0.0,0.33095187099791795,0.02062539480023405,-0.014606780081713847,0.42668959442657595,-0.03270383098426409,2.0444281101226807,0.014023903757333755,0
mujoco,flat_forward,0,0,1997,19.970000000001424,1.0,0.0,0.3309497107643355,0.020642872243881026,-0.01459602239528122,0.4258074087459105,-0.03425221516017625,2.0354084968566895,0.016527747735381126,0
mujoco,flat_forward,0,0,1998,19.980000000001436,1.0,0.0,0.33095005548502,0.020635714643222152,-0.014619070694183297,0.42665058953641244,-0.0425164854704281,2.0442638397216797,0.015525663271546364,0
mujoco,flat_forward,0,0,1999,19.990000000001448,1.0,0.0,0.33094780954532055,0.020644068550242797,-0.014638165424512222,0.426002650988665,-0.027777104510018913,2.0369386672973633,0.01504561211913824,0
mujoco,flat_forward,0,0,2000,20.00000000000146,1.0,0.0,0.33094809067761577,0.020642184577677823,-0.014617296178794998,0.4264299650068777,-0.043592202445307204,2.0422215461730957,0.014944302849471569,0
