engine,scenario_id,repeat_id,seed,step,time_s,cmd_vx,cmd_yaw,base_z,base_roll,base_pitch,base_lin_vx,base_ang_yaw,action_l2,action_delta_l2,fallen_flag
mujoco,slope_forward,2,2,1,0.010000000000000002,1.0,0.0,0.49951925339504216,0.00031551781193965946,0.0026528117609707163,-0.00710847819081713,-0.10167392808684753,1.0706878900527954,0.0,0
mujoco,slope_forward,2,2,2,0.02000000000000001,1.0,0.0,0.49817438108825474,0.0005547919875861855,0.004568691776320595,-0.0009851003932436601,-0.07488127940506054,1.0949957370758057,0.328556627035141,0
mujoco,slope_forward,2,2,3,0.03000000000000002,1.0,0.0,0.49598331998793765,0.0004487066367242603,0.007265895164045769,-0.006093028423357307,-0.06381184714220564,1.0766799449920654,0.2006673365831375,0
mujoco,slope_forward,2,2,4,0.04000000000000003,1.0,0.0,0.4928522494035309,0.00041459615473352985,0.008969130367115406,-0.0025624710076921652,-0.05475057031529229,0.8925589919090271,0.22282294929027557,0
mujoco,slope_forward,2,2,5,0.05000000000000004,1.0,0.0,0.488755828201712,0.0001376624979374847,0.010980497933084714,-0.006353960466847615,-0.04795704054076425,0.7652779221534729,0.1984386146068573,0
mujoco,slope_forward,2,2,6,0.060000000000000046,1.0,0.0,0.4836358799229121,-6.261956979715995e-05,0.01230676381674027,-0.00510788728407349,-0.04352961148706969,0.6791900992393494,0.12001460790634155,0
mujoco,slope_forward,2,2,7,0.07000000000000005,1.0,0.0,0.47749322606431904,-0.000405250877850585,0.013601751322003865,-0.007491402873731785,-0.04297924654928659,0.6541205644607544,0.08462529629468918,0
mujoco,slope_forward,2,2,8,0.08000000000000006,1.0,0.0,0.47032496368759247,-0.0003723154809633523,0.01442360760696906,-0.0069505871040287555,-0.027292994654723093,0.673954963684082,0.1014246940612793,0
mujoco,slope_forward,2,2,9,0.09000000000000007,1.0,0.0,0.4621527465722592,-0.0004476465066704021,0.015287832093796902,-0.008594568139530011,-0.0326804425537323,0.7052498459815979,0.08790052682161331,0
mujoco,slope_forward,2,2,10,0.10000000000000007,1.0,0.0,0.45297479087752934,-0.0005847066669946759,0.015823626723901543,-0.008167123866546755,-0.03090834327322332,0.7440655827522278,0.05604822561144829,0
mujoco,slope_forward,2,2,11,0.11000000000000008,1.0,0.0,0.4428110131215947,-0.0006893971503549542,0.01628987961213541,-0.00894325766864466,-0.027201105282752824,0.7653821706771851,0.05605565011501312,0
mujoco,slope_forward,2,2,12,0.12000000000000009,1.0,0.0,0.431664273724904,-0.0008623377372117999,0.01661357897079536,-0.009171997683416824,-0.021003010760336074,0.7744008898735046,0.030634088441729546,0
mujoco,slope_forward,2,2,13,0.1300000000000001,1.0,0.0,0.419537470020606,-0.0009869550283687308,0.016760679221733278,-0.009261688246609416,-0.013822374202858107,0.7614835500717163,0.023120515048503876,0
mujoco,slope_forward,2,2,14,0.1400000000000001,1.0,0.0,0.4064360841638299,-0.001111661175460378,0.016868650489297088,-0.00959728648993209,-0.010731297147727253,0.7712223529815674,0.030503205955028534,0
mujoco,slope_forward,2,2,15,0.1500000000000001,1.0,0.0,0.3923620066196071,-0.0011767711063888973,0.01690217943408723,-0.010060053587631766,0.007913253278891703,0.7683999538421631,0.021652257069945335,0
mujoco,slope_forward,2,2,16,0.16000000000000011,1.0,0.0,0.3779680504966583,0.0026078252566211976,0.025144068681554478,-0.025793795099609187,0.12749641453097318,0.7949315309524536,0.05324907973408699,0
mujoco,slope_forward,2,2,17,0.17000000000000012,1.0,0.0,0.36542990332132325,0.009187199811734695,0.04833435622369645,-0.03688837793080726,0.17637486502254124,1.1234395503997803,0.9063460230827332,0
mujoco,slope_forward,2,2,18,0.18000000000000013,1.0,0.0,0.3558999813782478,0.013951800079341065,0.07063229283342984,-0.021174214783760845,0.059768329792523354,2.209758758544922,1.1281867027282715,0
mujoco,slope_forward,2,2,19,0.19000000000000014,1.0,0.0,0.34945204397598184,0.0182864742597966,0.0841109115133031,0.0008861827286553382,-0.03542416845152696,2.6545655727386475,0.5095251798629761,0
mujoco,slope_forward,2,2,20,0.20000000000000015,1.0,0.0,0.34557150904268086,0.02134954334134442,0.08727470721298036,0.025531583589579094,-0.17505993668873596,2.7072534561157227,0.2775246798992157,0
mujoco,slope_forward,2,2,21,0.21000000000000016,1.0,0.0,0.3436464158256765,0.024772348324975088,0.08570834613239728,0.0389947826753814,-0.1579122855273077,2.0660996437072754,0.7909354567527771,0
mujoco,slope_forward,2,2,22,0.22000000000000017,1.0,0.0,0.3429094345303161,0.027750128517137127,0.08181023196413018,0.050601047276794084,-0.1957592186535162,1.4888662099838257,0.8598887324333191,0
mujoco,slope_forward,2,2,23,0.23000000000000018,1.0,0.0,0.34275770227211,0.029901161698276817,0.0775555263132223,0.057689738824713364,-0.17879135772152982,1.3364273309707642,0.5470712184906006,0
mujoco,slope_forward,2,2,24,0.24000000000000019,1.0,0.0,0.3428081712462059,0.03161604488722475,0.0734353146339066,0.06403833778007265,-0.13782271593849826,1.3870553970336914,0.25693580508232117,0
mujoco,slope_forward,2,2,25,0.25000000000000017,1.0,0.0,0.3428938456933465,0.03298576986303328,0.07026570494938478,0.06664116719815807,-0.06617530890399473,1.4420702457427979,0.1365564614534378,0
mujoco,slope_forward,2,2,26,0.2600000000000002,1.0,0.0,0.3429552437312893,0.03412985039951351,0.06724629981212615,0.07161409869444971,-0.017932279413205715,1.4642460346221924,0.1432361900806427,0
mujoco,slope_forward,2,2,27,0.2700000000000002,1.0,0.0,0.34300475019505056,0.03501761149615026,0.06489830445838238,0.07464383908739303,0.004068998279063251,1.452434778213501,0.08812274783849716,0
mujoco,slope_forward,2,2,28,0.2800000000000002,1.0,0.0,0.34303912354130117,0.03590751520123142,0.06269230987670686,0.07960146256707765,0.023735463258347515,1.4423941373825073,0.11244066059589386,0
mujoco,slope_forward,2,2,29,0.2900000000000002,1.0,0.0,0.343071580242614,0.03692185185206408,0.06075852055083658,0.08383666024822374,0.026576560466918177,1.4253631830215454,0.0869763046503067,0
mujoco,slope_forward,2,2,30,0.3000000000000002,1.0,0.0,0.3430966542646521,0.03812382725238558,0.05901224123861314,0.08863937849078111,0.03592465916366851,1.4263426065444946,0.0742422565817833,0
mujoco,slope_forward,2,2,31,0.3100000000000002,1.0,0.0,0.34310646479833695,0.03949984926329268,0.05745690650709426,0.09334507959189933,0.04353963441131646,1.4460523128509521,0.06264857947826385,0
mujoco,slope_forward,2,2,32,0.32000000000000023,1.0,0.0,0.3430962411197006,0.04088404048028894,0.05609808706080591,0.09662326217195112,0.03739127199141686,1.4592961072921753,0.05776931345462799,0
mujoco,slope_forward,2,2,33,0.33000000000000024,1.0,0.0,0.3430742855276845,0.0421732803388478,0.0548153533220626,0.10044908446829387,0.033306229281423044,1.4711295366287231,0.04971613362431526,0
mujoco,slope_forward,2,2,34,0.34000000000000025,1.0,0.0,0.34305035261734523,0.04335647984091469,0.05350414244025601,0.10466543574945482,0.026938873750003842,1.4672436714172363,0.0248654056340456,0
mujoco,slope_forward,2,2,35,0.35000000000000026,1.0,0.0,0.3430259457593661,0.04450369200838058,0.05215289792466817,0.10924099741061753,0.020163956186850743,1.4587358236312866,0.026460060849785805,0
mujoco,slope_forward,2,2,36,0.36000000000000026,1.0,0.0,0.34299983499914327,0.04558983384320468,0.05082945391652294,0.11400564455295333,0.010773961699148862,1.4492818117141724,0.017503896728157997,0
mujoco,slope_forward,2,2,37,0.3700000000000003,1.0,0.0,0.3429649546516755,0.04665526649225441,0.04946324958450159,0.11911809024237818,0.00890123135544309,1.4444602727890015,0.018844155594706535,0
mujoco,slope_forward,2,2,38,0.3800000000000003,1.0,0.0,0.3429221013673863,0.047740488009286555,0.048292486980493425,0.12264191929001494,0.02641807729272254,1.4412932395935059,0.008199064061045647,0
mujoco,slope_forward,2,2,39,0.3900000000000003,1.0,0.0,0.34287458604484106,0.048845377818643995,0.04718696501641984,0.1270504515518106,0.04076593983716703,1.4463348388671875,0.016149932518601418,0
mujoco,slope_forward,2,2,40,0.4000000000000003,1.0,0.0,0.3428261015544939,0.04991945476602616,0.04621207113403447,0.13003446513740216,0.03474310256677943,1.4474600553512573,0.011378288269042969,0
mujoco,slope_forward,2,2,41,0.4100000000000003,1.0,0.0,0.3427818935795652,0.05085556038223709,0.04535189210783416,0.1335182473639058,0.0243111362271478,1.45743727684021,0.020367251709103584,0
mujoco,slope_forward,2,2,42,0.4200000000000003,1.0,0.0,0.3427468831266692,0.0516975531821835,0.04449018527971417,0.13739862150765927,0.018744876347259236,1.465908408164978,0.016930898651480675,0
mujoco,slope_forward,2,2,43,0.4300000000000003,1.0,0.0,0.3427182587811436,0.05248470456307221,0.043590239785843726,0.1416947778819335,0.015391344857071576,1.4705836772918701,0.00910936202853918,0
mujoco,slope_forward,2,2,44,0.44000000000000034,1.0,0.0,0.342688788305814,0.0532223262369432,0.04263958000912347,0.14639828338289615,0.013921100842813738,1.4748398065567017,0.008420758880674839,0
mujoco,slope_forward,2,2,45,0.45000000000000034,1.0,0.0,0.3426499958214983,0.05391764518003991,0.04164183744504231,0.15111319553709804,0.01696244519685991,1.4778828620910645,0.008368083275854588,0
mujoco,slope_forward,2,2,46,0.46000000000000035,1.0,0.0,0.34260152929843635,0.054641842500632726,0.0407606711726209,0.15480174666941485,0.038182521199281776,1.4822931289672852,0.007262120489031076,0
mujoco,slope_forward,2,2,47,0.47000000000000036,1.0,0.0,0.34255054151413405,0.055385383113309226,0.040105809821439506,0.1572509005193179,0.033139575241627355,1.487024188041687,0.015203114598989487,0
mujoco,slope_forward,2,2,48,0.48000000000000037,1.0,0.0,0.3425082544685548,0.05602674141723763,0.0395311290122475,0.1605759412922951,0.02541699901783015,1.4999135732650757,0.023097053170204163,0
mujoco,slope_forward,2,2,49,0.4900000000000004,1.0,0.0,0.3424814936278599,0.056586896736775576,0.038928279022402305,0.16434553245861694,0.020969226768837362,1.5087969303131104,0.01540902629494667,0
mujoco,slope_forward,2,2,50,0.5000000000000003,1.0,0.0,0.3424627660294347,0.057081415718075776,0.03821667501735241,0.16871320722851946,0.01923640419200314,1.5112224817276,0.006055927369743586,0
mujoco,slope_forward,2,2,51,0.5100000000000003,1.0,0.0,0.34243990832764115,0.05751611711794007,0.03740175721674809,0.17347961692858485,0.02032410066728212,1.511129379272461,0.00788660068064928,0
mujoco,slope_forward,2,2,52,0.5200000000000004,1.0,0.0,0.3424018066176977,0.057911061767019795,0.036545692707549704,0.1775391381409675,0.03288773380301447,1.511892318725586,0.007770423777401447,0
mujoco,slope_forward,2,2,53,0.5300000000000004,1.0,0.0,0.3423563019125941,0.05836779551926821,0.03603366888071174,0.17944711865940788,0.030659149051556516,1.5160118341445923,0.010343472473323345,0
mujoco,slope_forward,2,2,54,0.5400000000000004,1.0,0.0,0.3423172169394761,0.058757822486137,0.035603159978699485,0.18268131475431687,0.02519745467374687,1.5293879508972168,0.02893959730863571,0
mujoco,slope_forward,2,2,55,0.5500000000000004,1.0,0.0,0.34229500112497363,0.05908142879325733,0.03513856279425485,0.1863077481142064,0.022973869125032458,1.5375345945358276,0.014063424430787563,0
mujoco,slope_forward,2,2,56,0.5600000000000004,1.0,0.0,0.3422814366900931,0.05933726262809916,0.03454533436188518,0.19066567027480988,0.021208017862626032,1.5397205352783203,0.006590912584215403,0
mujoco,slope_forward,2,2,57,0.5700000000000004,1.0,0.0,0.3422614794069628,0.05953223411903663,0.03380135082042296,0.1955125729769173,0.02254859561002134,1.5386896133422852,0.00821662787348032,0
mujoco,slope_forward,2,2,58,0.5800000000000004,1.0,0.0,0.3422251051735308,0.05971162922285826,0.033149050962043576,0.1979843644991686,0.03165889897915382,1.5369751453399658,0.01027566660195589,0
mujoco,slope_forward,2,2,59,0.5900000000000004,1.0,0.0,0.34218809691294827,0.05991385483570192,0.03282181658068686,0.2003551203367093,0.026612673762107752,1.5473228693008423,0.02523704431951046,0
mujoco,slope_forward,2,2,60,0.6000000000000004,1.0,0.0,0.34216576578304453,0.060065408409201236,0.03249043311604132,0.20379980315289958,0.022153175109631246,1.5585240125656128,0.02033742517232895,0
mujoco,slope_forward,2,2,61,0.6100000000000004,1.0,0.0,0.3421567530590945,0.060158672974283546,0.032038703303268426,0.20779557023307876,0.02060589305272045,1.563034176826477,0.011038471013307571,0
mujoco,slope_forward,2,2,62,0.6200000000000004,1.0,0.0,0.34214616353273336,0.06020110332286375,0.03141681194160644,0.21247630103522133,0.02050350904891567,1.5624446868896484,0.007551397196948528,0
mujoco,slope_forward,2,2,63,0.6300000000000004,1.0,0.0,0.3421203082768683,0.06022885732320485,0.0307616328392208,0.21548720566757043,0.0321315408859121,1.5585951805114746,0.011077606119215488,0
mujoco,slope_forward,2,2,64,0.6400000000000005,1.0,0.0,0.3420934519659322,0.06027422107755518,0.030461939484677725,0.21745427614805948,0.02579148686012736,1.5649569034576416,0.018147887662053108,0
mujoco,slope_forward,2,2,65,0.6500000000000005,1.0,0.0,0.34208064013151507,0.06029778435039551,0.030195188156281184,0.22079821100630717,0.020261973536581768,1.5769184827804565,0.023638207465410233,0
mujoco,slope_forward,2,2,66,0.6600000000000005,1.0,0.0,0.34207946741413264,0.060278430407383544,0.02979213971892747,0.22478938675635174,0.017592882302216586,1.5804014205932617,0.01251754630357027,0
mujoco,slope_forward,2,2,67,0.6700000000000005,1.0,0.0,0.3420739061178006,0.060185532406228266,0.029197229341280346,0.22946531728605063,0.017604281302573774,1.5807687044143677,0.00954525638371706,0
mujoco,slope_forward,2,2,68,0.6800000000000005,1.0,0.0,0.34205723112930103,0.06011276193934986,0.028715566210604882,0.23169814852319495,0.029530494658579414,1.5776132345199585,0.007879395969212055,0
mujoco,slope_forward,2,2,69,0.6900000000000005,1.0,0.0,0.34204458888369704,0.060070232058969254,0.028520611270232293,0.2340611107683618,0.023978636655493813,1.5866891145706177,0.02743382193148136,0
mujoco,slope_forward,2,2,70,0.7000000000000005,1.0,0.0,0.3420470251378865,0.05997338755605512,0.02827470644257138,0.2376469830111041,0.019486120969787493,1.5953032970428467,0.017891626805067062,0
mujoco,slope_forward,2,2,71,0.7100000000000005,1.0,0.0,0.3420554506816004,0.05982561853666255,0.027822414622344045,0.2419556100869307,0.018317271425416632,1.595807433128357,0.01059526763856411,0
mujoco,slope_forward,2,2,72,0.7200000000000005,1.0,0.0,0.3420531121594243,0.05964790350054451,0.02722143444066461,0.24580220978825126,0.02885565372331608,1.5936360359191895,0.01208374835550785,0
mujoco,slope_forward,2,2,73,0.7300000000000005,1.0,0.0,0.3420443138787811,0.05952040232100233,0.026896657169206157,0.2473987095052363,0.02652341968888772,1.592918872833252,0.011110064573585987,0
mujoco,slope_forward,2,2,74,0.7400000000000005,1.0,0.0,0.34204528972427717,0.059380903476855415,0.02667897791338706,0.25052033325155726,0.020997106320963334,1.6043673753738403,0.02787727117538452,0
mujoco,slope_forward,2,2,75,0.7500000000000006,1.0,0.0,0.34205511839236685,0.05917216838451736,0.026290966864488376,0.2545886387652502,0.020032455480232476,1.607147216796875,0.010921194218099117,0
mujoco,slope_forward,2,2,76,0.7600000000000006,1.0,0.0,0.3420571313528198,0.05889493598776031,0.025710507559949913,0.2586557549862217,0.026298250915548205,1.6049779653549194,0.012398707680404186,0
mujoco,slope_forward,2,2,77,0.7700000000000006,1.0,0.0,0.3420513263347474,0.058684997795246864,0.025367895796399687,0.2603511990734745,0.029439453251515084,1.6049156188964844,0.007767265662550926,0
mujoco,slope_forward,2,2,78,0.7800000000000006,1.0,0.0,0.3420524284881809,0.05846057224023714,0.025169335964665293,0.26329595500415753,0.024291155026235894,1.6150486469268799,0.029225187376141548,0
mujoco,slope_forward,2,2,79,0.7900000000000006,1.0,0.0,0.3420629379786473,0.058161056914193855,0.02480649980872116,0.2672680786156708,0.02279748312663647,1.6200644969940186,0.0107364347204566,0
mujoco,slope_forward,2,2,80,0.8000000000000006,1.0,0.0,0.34206700199600387,0.05779545416050377,0.02423819132837053,0.2714663848833383,0.025819284562502324,1.6162883043289185,0.013218221254646778,0
mujoco,slope_forward,2,2,81,0.8100000000000006,1.0,0.0,0.3420620653842216,0.057503410354298456,0.023915607708985105,0.27287461342952096,0.027496882028731094,1.6155436038970947,0.007315649185329676,0
mujoco,slope_forward,2,2,82,0.8200000000000006,1.0,0.0,0.3420633720215973,0.057202973139063855,0.02371409491697617,0.2758590846926824,0.025128070083555467,1.627158522605896,0.032890114933252335,0
mujoco,slope_forward,2,2,83,0.8300000000000006,1.0,0.0,0.3420736141230326,0.0568346142233399,0.023343497097646396,0.279843379834002,0.024105055025973408,1.630984902381897,0.008124093525111675,0
mujoco,slope_forward,2,2,84,0.8400000000000006,1.0,0.0,0.3420754528993082,0.056415369992724514,0.022801500370475798,0.2835274646006321,0.030376534271705648,1.6262420415878296,0.014979330822825432,0
mujoco,slope_forward,2,2,85,0.8500000000000006,1.0,0.0,0.342072009708086,0.05607671941278476,0.0225536254983044,0.28495243401269,0.028072088344397693,1.627547264099121,0.008498026989400387,0
mujoco,slope_forward,2,2,86,0.8600000000000007,1.0,0.0,0.3420771517805752,0.05570591892427862,0.022354180992423714,0.2881449106881469,0.024603101193984296,1.6391263008117676,0.031122511252760887,0
mujoco,slope_forward,2,2,87,0.8700000000000007,1.0,0.0,0.34208689278657783,0.05526159212630176,0.021942469489106328,0.29235321647486423,0.022770248818962464,1.641130805015564,0.00894004013389349,0
mujoco,slope_forward,2,2,88,0.8800000000000007,1.0,0.0,0.34208317464233806,0.05479295578153865,0.021455285584899886,0.2948617281991174,0.023609804453777618,1.634668231010437,0.01774153858423233,0
mujoco,slope_forward,2,2,89,0.8900000000000007,1.0,0.0,0.3420788301201297,0.054391409233536726,0.02126140688620328,0.29693006155513674,0.02325539346088386,1.6431697607040405,0.022158976644277573,0
mujoco,slope_forward,2,2,90,0.9000000000000007,1.0,0.0,0.3420844855568832,0.053961724622698784,0.021007528810064256,0.30051179033228603,0.02209847527219987,1.6509885787963867,0.019337883219122887,0
mujoco,slope_forward,2,2,91,0.9100000000000007,1.0,0.0,0.3420864754739396,0.053477317109018534,0.020493643230368293,0.3048007274983723,0.023617342894738522,1.647896409034729,0.012033462524414062,0
mujoco,slope_forward,2,2,92,0.9200000000000007,1.0,0.0,0.34207846840749867,0.053052906381883654,0.020177466229803202,0.30585018749473064,0.024858143663212387,1.6418399810791016,0.014626546762883663,0
mujoco,slope_forward,2,2,93,0.9300000000000007,1.0,0.0,0.34207639042476784,0.05262795944614809,0.020006117135875166,0.30871039794574506,0.02405094571958835,1.6563501358032227,0.034895915538072586,0
mujoco,slope_forward,2,2,94,0.9400000000000007,1.0,0.0,0.3420784803364336,0.052141665485943456,0.019618576786625545,0.3128477837804689,0.02411862355257391,1.659631609916687,0.009019781835377216,0
mujoco,slope_forward,2,2,95,0.9500000000000007,1.0,0.0,0.3420665992945265,0.05163562445551398,0.0191611701531051,0.3149751876956084,0.02187111271521738,1.6514172554016113,0.019075438380241394,0
mujoco,slope_forward,2,2,96,0.9600000000000007,1.0,0.0,0.3420559601074605,0.051172613308361085,0.01897760518440403,0.3171087420181974,0.022172930193355138,1.6608147621154785,0.02326413430273533,0
mujoco,slope_forward,2,2,97,0.9700000000000008,1.0,0.0,0.3420532638905998,0.05070447905087249,0.018676796176322907,0.3208219695829772,0.023505602341431262,1.6681193113327026,0.015472440980374813,0
mujoco,slope_forward,2,2,98,0.9800000000000008,1.0,0.0,0.34204042348080527,0.05020397803480872,0.01814145128296076,0.3242162891820984,0.01961099832006369,1.6619716882705688,0.016743365675210953,0
mujoco,slope_forward,2,2,99,0.9900000000000008,1.0,0.0,0.3420226182083766,0.049714041939339225,0.017887274820518634,0.325613309984649,0.020823220139642735,1.6608511209487915,0.0056306407786905766,0
mujoco,slope_forward,2,2,100,1.0000000000000007,1.0,0.0,0.34201289123237644,0.049248625404513066,0.017661071998852772,0.32884008267943987,0.022321747738255404,1.673274278640747,0.025324054062366486,0
mujoco,slope_forward,2,2,101,1.0099999999999996,1.0,0.0,0.34199899016297414,0.04877037629654957,0.017187341103668666,0.33266500568072904,0.017480662933670957,1.6718100309371948,0.013276445679366589,0
mujoco,slope_forward,2,2,102,1.0199999999999985,1.0,0.0,0.34197891973766253,0.04828684615418353,0.016936797765672206,0.3336276192356396,0.01850732967216717,1.6653540134429932,0.01197394635528326,0
mujoco,slope_forward,2,2,103,1.0299999999999974,1.0,0.0,0.3419666201419814,0.04782733284294168,0.016764417566431614,0.33658535642503923,0.021806750163629585,1.6800841093063354,0.03143461048603058,0
mujoco,slope_forward,2,2,104,1.0399999999999963,1.0,0.0,0.34195299262342144,0.04736830086550475,0.016323051125874205,0.3405458719118476,0.019837470140314284,1.679839849472046,0.013394000008702278,0
mujoco,slope_forward,2,2,105,1.0499999999999952,1.0,0.0,0.34192736887171254,0.046853485341751065,0.016012806464148523,0.3415764631089542,0.016086543257888344,1.6704682111740112,0.019311927258968353,0
mujoco,slope_forward,2,2,106,1.059999999999994,1.0,0.0,0.3419062300173654,0.046378830680631276,0.015826214963917448,0.3443041867248469,0.01932236370833928,1.6834907531738281,0.03024003468453884,0
mujoco,slope_forward,2,2,107,1.069999999999993,1.0,0.0,0.34188456326603595,0.04592487702447198,0.015395586226998657,0.3481125190884912,0.017261298318683956,1.6841537952423096,0.013879338279366493,0
mujoco,slope_forward,2,2,108,1.0799999999999919,1.0,0.0,0.34185100407194013,0.045394357462322246,0.015080147325565292,0.34924080384577244,0.012228167956204076,1.6757532358169556,0.019500330090522766,0
mujoco,slope_forward,2,2,109,1.0899999999999908,1.0,0.0,0.3418213616856944,0.04491004186509839,0.014888655983780318,0.3518841860162721,0.01693594150994184,1.6881768703460693,0.028765877708792686,0
mujoco,slope_forward,2,2,110,1.0999999999999897,1.0,0.0,0.3417908113388369,0.044458265561861374,0.014453456887542149,0.3556122459100546,0.015303214924312908,1.6882436275482178,0.015163073316216469,0
mujoco,slope_forward,2,2,111,1.1099999999999886,1.0,0.0,0.3417481864612005,0.04392583096074906,0.014143846511707362,0.3566612158276703,0.011011209020065287,1.6803487539291382,0.020187562331557274,0
mujoco,slope_forward,2,2,112,1.1199999999999875,1.0,0.0,0.3417092419675987,0.0434482982481541,0.013937826031269617,0.3593549940803152,0.016013314181769864,1.6927058696746826,0.029244888573884964,0
mujoco,slope_forward,2,2,113,1.1299999999999863,1.0,0.0,0.34166834341364466,0.04299486724527685,0.013495578987839874,0.36281615635783027,0.011611567533795955,1.6915433406829834,0.0167328342795372,0
mujoco,slope_forward,2,2,114,1.1399999999999852,1.0,0.0,0.3416174997768032,0.04245161319389814,0.013216137290243204,0.3637294729633457,0.01006062829113014,1.6860376596450806,0.017923707142472267,0
mujoco,slope_forward,2,2,115,1.1499999999999841,1.0,0.0,0.34157105848962427,0.041982331404215804,0.012966216232242445,0.36659460400718186,0.015546534669307933,1.6977455615997314,0.02802930399775505,0
mujoco,slope_forward,2,2,116,1.159999999999983,1.0,0.0,0.3415208087832288,0.0415288234470076,0.012533152332433347,0.3694590856154017,0.007409547439707142,1.6934306621551514,0.020952168852090836,0
mujoco,slope_forward,2,2,117,1.169999999999982,1.0,0.0,0.34146697732911935,0.04100700559608261,0.012321902788774975,0.37038519413073606,0.010985437262414655,1.692816972732544,0.01200639083981514,0
mujoco,slope_forward,2,2,118,1.1799999999999808,1.0,0.0,0.34141821340985784,0.04056940909688196,0.012027876826727504,0.3734972445718408,0.01774883258029951,1.7021617889404297,0.02234875224530697,0
mujoco,slope_forward,2,2,119,1.1899999999999797,1.0,0.0,0.34136169161976826,0.040119407796183074,0.011617916795032641,0.37554256062421476,0.009466839664099235,1.6946558952331543,0.02565200999379158,0
mujoco,slope_forward,2,2,120,1.1999999999999786,1.0,0.0,0.3413045796729844,0.039624544582917434,0.011440682578770059,0.3769207052505017,0.013993116930533983,1.7003430128097534,0.015524659305810928,0
mujoco,slope_forward,2,2,121,1.2099999999999775,1.0,0.0,0.34125001884486483,0.03920405142992111,0.011068647007915019,0.3803241918575504,0.020492427813676526,1.705143690109253,0.012802314013242722,0
mujoco,slope_forward,2,2,122,1.2199999999999764,1.0,0.0,0.3411839098809615,0.03874198126890466,0.01069110413056383,0.38140542778735964,0.010211357375680904,1.694979190826416,0.029545839875936508,0
mujoco,slope_forward,2,2,123,1.2299999999999753,1.0,0.0,0.34111944465984323,0.03826876847354404,0.010492638269327944,0.3832551252169974,0.01604662833836592,1.7053636312484741,0.025636883452534676,0
mujoco,slope_forward,2,2,124,1.2399999999999742,1.0,0.0,0.34105409406437254,0.03785859571823621,0.010054084809858806,0.38613580149981847,0.013268015157184352,1.7045214176177979,0.011193285696208477,0
mujoco,slope_forward,2,2,125,1.2499999999999731,1.0,0.0,0.34098271263735,0.03733330676109999,0.009754257538892098,0.38676396565583415,0.009962201415014848,1.6985822916030884,0.019316397607326508,0
mujoco,slope_forward,2,2,126,1.259999999999972,1.0,0.0,0.34091628832813337,0.036895323406924696,0.00946845816253537,0.38926783148376654,0.0189989867948435,1.70817232131958,0.02368754707276821,0
mujoco,slope_forward,2,2,127,1.269999999999971,1.0,0.0,0.34084239201164857,0.036491854035108615,0.009017186864424251,0.3914393084890263,0.008083749549200187,1.6992467641830444,0.02603049762547016,0
mujoco,slope_forward,2,2,128,1.2799999999999698,1.0,0.0,0.34076409231068455,0.03599784476007206,0.008787407041095607,0.3921447934526209,0.01254509985152963,1.7010154724121094,0.01268578227609396,0
mujoco,slope_forward,2,2,129,1.2899999999999687,1.0,0.0,0.3406867434366741,0.03561630739108821,0.008421260408244235,0.395084498468881,0.021271021515637853,1.7072432041168213,0.018033340573310852,0
mujoco,slope_forward,2,2,130,1.2999999999999676,1.0,0.0,0.34060058479667377,0.03518323955864026,0.008071398364632939,0.39601691005440276,0.008643123516933967,1.6962319612503052,0.03057590126991272,0
mujoco,slope_forward,2,2,131,1.3099999999999665,1.0,0.0,0.34051623356187516,0.0347398178341048,0.007893295212456809,0.3975365168047906,0.015593019226059846,1.7070095539093018,0.024331016466021538,0
mujoco,slope_forward,2,2,132,1.3199999999999654,1.0,0.0,0.34042962391984793,0.03439035257786181,0.007483361924837248,0.3999906078761278,0.011681132413890264,1.7049778699874878,0.013147409074008465,0
mujoco,slope_forward,2,2,133,1.3299999999999643,1.0,0.0,0.34033771181493505,0.033916539049257864,0.007206917519367441,0.400462125289123,0.009827258124030812,1.699110746383667,0.018976379185914993,0
mujoco,slope_forward,2,2,134,1.3399999999999632,1.0,0.0,0.34025048789741175,0.03353697939838588,0.006918571735236579,0.40284856120517404,0.019640976520059993,1.708566665649414,0.021793300285935402,0
mujoco,slope_forward,2,2,135,1.3499999999999621,1.0,0.0,0.34015667279600936,0.0331774827683091,0.006577511304966047,0.4040384713953628,0.00516552527094707,1.6971243619918823,0.02955511584877968,0
mujoco,slope_forward,2,2,136,1.359999999999961,1.0,0.0,0.3400620596836725,0.032759661927480616,0.006395763202214066,0.4049185311116408,0.012604553672341976,1.7025645971298218,0.017058538272976875,0
mujoco,slope_forward,2,2,137,1.36999999999996,1.0,0.0,0.3399672442287223,0.03245328256640178,0.0060355221801977775,0.4070222206522812,0.011637876598887835,1.704919695854187,0.011883107014000416,0
mujoco,slope_forward,2,2,138,1.3799999999999588,1.0,0.0,0.33986814844960955,0.0320329916661366,0.005734305321449871,0.4076754580290433,0.00675673016888606,1.697173833847046,0.021359138190746307,0
mujoco,slope_forward,2,2,139,1.3899999999999577,1.0,0.0,0.33977278082041457,0.03168407624193092,0.0054812051951077185,0.40953521703895385,0.01814969893434815,1.7056317329406738,0.017688388004899025,0
mujoco,slope_forward,2,2,140,1.3999999999999566,1.0,0.0,0.33967124414103245,0.03138881473868024,0.005154494690544212,0.4107331252411744,0.0034426556120844237,1.6963796615600586,0.024785971269011497,0
mujoco,slope_forward,2,2,141,1.4099999999999555,1.0,0.0,0.33956767010437344,0.031021625294470678,0.0049633962529654525,0.4111912441656908,0.011935177543679582,1.6986428499221802,0.014758199453353882,0
mujoco,slope_forward,2,2,142,1.4199999999999544,1.0,0.0,0.33946458560933157,0.030760831608698885,0.004644857128854666,0.4129530304790101,0.011953105504927827,1.7038296461105347,0.014374908991158009,0
mujoco,slope_forward,2,2,143,1.4299999999999533,1.0,0.0,0.3393592434451019,0.030415016834952357,0.004380383749236117,0.4133906531037221,0.007846009439031576,1.6962608098983765,0.020560622215270996,0
mujoco,slope_forward,2,2,144,1.4399999999999522,1.0,0.0,0.3392589455012502,0.03013291342898004,0.004166739741005239,0.4145635462370535,0.013267976672447498,1.7036688327789307,0.015451340936124325,0
mujoco,slope_forward,2,2,145,1.449999999999951,1.0,0.0,0.33916760477830465,0.02989472078844828,0.005599217078215847,0.3974301865057251,-0.21455169902621873,1.695773959159851,0.016172833740711212,0
mujoco,slope_forward,2,2,146,1.45999999999995,1.0,0.0,0.33918337321119024,0.028870757139236633,0.008803182675758916,0.38014427278491614,-0.4067550966906655,1.8069663047790527,0.2594749331474304,0
mujoco,slope_forward,2,2,147,1.469999999999949,1.0,0.0,0.3393882445054188,0.027721973266778742,0.012171722570945247,0.3659779628947199,-0.5314275375363051,1.9066082239151,0.19961918890476227,0
mujoco,slope_forward,2,2,148,1.4799999999999478,1.0,0.0,0.3397724256193355,0.026408036269378092,0.015161353899223214,0.35385403967711726,-0.6013151006546269,1.9656391143798828,0.1570810228586197,0
mujoco,slope_forward,2,2,149,1.4899999999999467,1.0,0.0,0.34026229728549057,0.025275765614908127,0.01717108979911406,0.35174172300372863,-0.5497576427779322,2.048203706741333,0.14936409890651703,0
mujoco,slope_forward,2,2,150,1.4999999999999456,1.0,0.0,0.3406934659765654,0.0251228458552603,0.017939333778626845,0.35410047104524317,-0.3813975157719537,2.0245957374572754,0.2350303828716278,0
mujoco,slope_forward,2,2,151,1.5099999999999445,1.0,0.0,0.34092052619076196,0.026955349094101452,0.021874298231153985,0.3194373822292287,-0.31104451202806094,1.9940695762634277,0.12916648387908936,0
mujoco,slope_forward,2,2,152,1.5199999999999434,1.0,0.0,0.34115281962680505,0.029050587097284718,0.026902083771030285,0.29493543695229635,-0.2055526212047984,2.3798277378082275,0.5729608535766602,0
mujoco,slope_forward,2,2,153,1.5299999999999423,1.0,0.0,0.34169771054277587,0.03109398583984911,0.031132695040595373,0.27112269326974575,-0.013994736846651121,2.6626482009887695,0.35377711057662964,0
mujoco,slope_forward,2,2,154,1.5399999999999412,1.0,0.0,0.3426496212186416,0.032665999746783504,0.03313225529423735,0.25563873376800034,0.11325484765882406,2.9483954906463623,0.3565964698791504,0
mujoco,slope_forward,2,2,155,1.54999999999994,1.0,0.0,0.3439834150343788,0.033119891248150304,0.03128909235500767,0.2620899715754303,-0.02479415506825751,3.21270489692688,0.363740473985672,0
mujoco,slope_forward,2,2,156,1.559999999999939,1.0,0.0,0.34551810289755175,0.030615651557546402,0.029613195499744352,0.23849395242620675,0.08454145022793204,3.156660556793213,0.5570899844169617,0
mujoco,slope_forward,2,2,157,1.569999999999938,1.0,0.0,0.3474202560048451,0.02868728352179646,0.026091083276601774,0.23833320356145637,0.19056786911867543,3.691349983215332,0.8364898562431335,0
mujoco,slope_forward,2,2,158,1.5799999999999368,1.0,0.0,0.349901116783693,0.026213399669526568,0.02109037360982481,0.2261673604076804,0.19464364296432446,4.0491862297058105,0.6581593751907349,0
mujoco,slope_forward,2,2,159,1.5899999999999357,1.0,0.0,0.35327032599658703,0.025871112789735747,0.013992430317249192,0.2294523303049458,0.24948153381550123,4.806346893310547,0.97085040807724,0
mujoco,slope_forward,2,2,160,1.5999999999999346,1.0,0.0,0.3577923065102906,0.026722552689272653,0.0034549568437070846,0.2387753883171381,0.17852241922624218,5.249804496765137,0.8503822684288025,0
mujoco,slope_forward,2,2,161,1.6099999999999335,1.0,0.0,0.36338362578728983,0.027198924517919384,-0.009237460563313161,0.24765154138582354,0.09664639192866327,5.533205509185791,0.7448577284812927,0
mujoco,slope_forward,2,2,162,1.6199999999999324,1.0,0.0,0.3696130539319963,0.026379535329105155,-0.023371522221043974,0.2570337792431403,0.04160840059674824,5.358870506286621,0.6566836833953857,0
mujoco,slope_forward,2,2,163,1.6299999999999313,1.0,0.0,0.37578569339219503,0.02344306161873217,-0.032218585468823724,0.24648978129524057,0.00873791123727145,4.695847511291504,1.5976240634918213,0
mujoco,slope_forward,2,2,164,1.6399999999999302,1.0,0.0,0.38138186696708126,0.0221849304434681,-0.030024197978227293,0.21988218017688455,0.03590997206760129,3.9120280742645264,2.029604434967041,0
mujoco,slope_forward,2,2,165,1.649999999999929,1.0,0.0,0.386293118238655,0.02288265735009228,-0.021218726189447062,0.2148647636579777,0.07515502103190591,2.9427590370178223,1.263429045677185,0
mujoco,slope_forward,2,2,166,1.659999999999928,1.0,0.0,0.39015412357095963,0.024375037945991794,-0.01237345965585307,0.2076327821868415,0.07402051840150094,2.7511279582977295,0.9896616339683533,0
mujoco,slope_forward,2,2,167,1.6699999999999269,1.0,0.0,0.39288665740041967,0.027135306382695276,-0.004678082192108012,0.20310122934387806,0.13260670740576497,2.78084397315979,0.6454363465309143,0
mujoco,slope_forward,2,2,168,1.6799999999999258,1.0,0.0,0.3944007173573664,0.027007301539734508,0.0033848887228346753,0.19107165644536406,0.24665878736531147,2.556083917617798,0.9872031211853027,0
mujoco,slope_forward,2,2,169,1.6899999999999247,1.0,0.0,0.39476722369128686,0.026770419618550347,0.01434317807670189,0.17623852347424687,0.16191774123710867,2.61364483833313,0.5987911820411682,0
mujoco,slope_forward,2,2,170,1.6999999999999236,1.0,0.0,0.3941946784635731,0.02815192031369156,0.025637556716996628,0.16731947169692102,0.18527572986535157,2.8231871128082275,0.5249569416046143,0
mujoco,slope_forward,2,2,171,1.7099999999999225,1.0,0.0,0.3931426457936278,0.02973836324142831,0.038897772433392895,0.1543543446505952,0.27246553206162555,3.108585834503174,0.9313201904296875,0
mujoco,slope_forward,2,2,172,1.7199999999999214,1.0,0.0,0.3915130137632236,0.029536474759795976,0.048114989539382466,0.1617259564819149,0.0931073047473966,3.556602954864502,0.6671344041824341,0
mujoco,slope_forward,2,2,173,1.7299999999999203,1.0,0.0,0.3889472699443894,0.026078006932881728,0.058560051808975014,0.14162546891149808,-0.23814978250539706,3.6506400108337402,0.5974735617637634,0
mujoco,slope_forward,2,2,174,1.7399999999999192,1.0,0.0,0.38564176142159917,0.0219897741863604,0.07015710379876666,0.1392348517047121,-0.4476133903178671,4.075855255126953,0.7900514006614685,0
mujoco,slope_forward,2,2,175,1.749999999999918,1.0,0.0,0.38176682327088457,0.017436377769834855,0.08114542850461333,0.1309050767071816,-0.6560807056221278,4.799930572509766,0.9165030717849731,0
mujoco,slope_forward,2,2,176,1.759999999999917,1.0,0.0,0.3780766796470283,0.018016956183578146,0.09332876932378084,0.14599824658207536,-0.8815625967104544,5.694239616394043,1.1685839891433716,0
mujoco,slope_forward,2,2,177,1.7699999999999159,1.0,0.0,0.37543342076953956,0.02355733123357871,0.10561408607731308,0.17828745530770837,-1.293561709157474,6.504192352294922,1.090021014213562,0
mujoco,slope_forward,2,2,178,1.7799999999999148,1.0,0.0,0.3742241602842703,0.03176086979459648,0.11610339986488531,0.2086001761059473,-1.3059170182228543,6.956140041351318,0.5859978795051575,0
mujoco,slope_forward,2,2,179,1.7899999999999137,1.0,0.0,0.3742009030124085,0.04644600198829665,0.12485895395093755,0.22368198308454415,-1.6110889137379323,6.804420471191406,0.471842885017395,0
mujoco,slope_forward,2,2,180,1.7999999999999126,1.0,0.0,0.3750871286331927,0.0605380224886087,0.13383297128150895,0.23840068818711155,-1.7985559870839163,6.880385398864746,0.5537274479866028,0
mujoco,slope_forward,2,2,181,1.8099999999999115,1.0,0.0,0.3756597549455222,0.0686990269833895,0.13720990947442468,0.24646268619915648,-2.3420771065972934,6.7315497398376465,0.7433409094810486,0
mujoco,slope_forward,2,2,182,1.8199999999999104,1.0,0.0,0.3751981103257728,0.07138914148463892,0.1430811481463888,0.21882161562271482,-2.5703803051984053,6.019198417663574,1.6136561632156372,0
mujoco,slope_forward,2,2,183,1.8299999999999093,1.0,0.0,0.37403287799602203,0.07548188646539895,0.15743818116025377,0.20865859317460436,-2.4591164171236612,5.446084976196289,0.7614250779151917,0
mujoco,slope_forward,2,2,184,1.8399999999999082,1.0,0.0,0.3719907941942717,0.07527141884326834,0.1746419528598086,0.18262030222893957,-2.4008815596461104,4.835885047912598,1.2402704954147339,0
mujoco,slope_forward,2,2,185,1.849999999999907,1.0,0.0,0.3692459094508265,0.0769212262867004,0.19757743425157612,0.16607891825304102,-2.0563463564600624,3.6803977489471436,1.9259954690933228,0
mujoco,slope_forward,2,2,186,1.859999999999906,1.0,0.0,0.3658864197816351,0.08085414851221627,0.2241681894761823,0.14382224364944915,-1.8148644496695996,2.8425586223602295,1.5180526971817017,0
mujoco,slope_forward,2,2,187,1.8699999999999048,1.0,0.0,0.361689923946585,0.08713650134743975,0.24333684712414713,0.15013591105153584,-1.4801456888283837,3.4114274978637695,2.2813265323638916,0
mujoco,slope_forward,2,2,188,1.8799999999999037,1.0,0.0,0.3573305360199694,0.08976427644168296,0.2540774624472941,0.1736317394083377,-0.8453215038664526,5.012627601623535,2.1290485858917236,0
mujoco,slope_forward,2,2,189,1.8899999999999026,1.0,0.0,0.35445741346686743,0.08528013340375523,0.2655851495657654,0.22981714581211615,-0.5362132126513773,5.501495361328125,0.8949783444404602,0
mujoco,slope_forward,2,2,190,1.8999999999999015,1.0,0.0,0.3536135078964181,0.07683692641986646,0.27221539230085373,0.29469412186486693,-0.4334729582865133,5.6881537437438965,0.3266157805919647,0
mujoco,slope_forward,2,2,191,1.9099999999999004,1.0,0.0,0.3547785447689759,0.0648441313061871,0.27602129521380964,0.3441734976831435,-0.39797509224529326,5.819395065307617,0.30086690187454224,0
mujoco,slope_forward,2,2,192,1.9199999999998993,1.0,0.0,0.35769556630646393,0.05109187546200747,0.274929943774731,0.40431906225417447,-0.31456147319551797,6.05687952041626,0.5001358985900879,0
mujoco,slope_forward,2,2,193,1.9299999999998982,1.0,0.0,0.3620490748050177,0.035828607485405395,0.2734956657750548,0.4553873039091885,-0.17137070524333836,6.287850379943848,0.49445071816444397,0
mujoco,slope_forward,2,2,194,1.9399999999998971,1.0,0.0,0.36771383685760584,0.02212691880518718,0.27261963085751784,0.510399232216146,0.18464704772932936,6.6905012130737305,0.7527186870574951,0
mujoco,slope_forward,2,2,195,1.949999999999896,1.0,0.0,0.3747109325119724,0.012171118177725433,0.268435333413666,0.5653539873307954,0.6118600779850293,7.071742534637451,1.0752990245819092,0
mujoco,slope_forward,2,2,196,1.959999999999895,1.0,0.0,0.38270857153539284,0.0019343788434909525,0.255432624179947,0.6190468467612569,1.0541134245535773,7.112145900726318,1.397486925125122,0
mujoco,slope_forward,2,2,197,1.9699999999998938,1.0,0.0,0.39055808425199673,-0.00815468204263715,0.2377450350500194,0.6204787582528672,1.822318288388474,6.388340473175049,2.2712912559509277,0
mujoco,slope_forward,2,2,198,1.9799999999998927,1.0,0.0,0.39805373400672395,-0.011492542719855753,0.23025529287253854,0.6282248651728675,2.292091732679965,6.077579021453857,1.0512772798538208,0
mujoco,slope_forward,2,2,199,1.9899999999998916,1.0,0.0,0.4045863296871783,-0.011327809562878793,0.22532047305334493,0.610617943980153,2.325937023674309,4.577291488647461,1.9804801940917969,0
mujoco,slope_forward,2,2,200,1.9999999999998905,1.0,0.0,0.4098707157706813,-0.01505089009737753,0.22562054340294238,0.5873351544805646,1.8667920631006147,3.305243492126465,2.0785903930664062,0
mujoco,slope_forward,2,2,201,2.0099999999998897,1.0,0.0,0.4138144321926415,-0.020832080233690476,0.2247761406692676,0.5759321197188507,0.8913836232589432,3.37752103805542,3.1202926635742188,0
mujoco,slope_forward,2,2,202,2.0199999999998886,1.0,0.0,0.4170463076386667,-0.02655081229547262,0.22487516456467346,0.5715928483580732,-0.0583035398460755,4.218365669250488,1.0542563199996948,0
mujoco,slope_forward,2,2,203,2.0299999999998875,1.0,0.0,0.4200862050666358,-0.032868642687612214,0.22164475720116728,0.5772329277153092,-0.5787662175193684,4.197322368621826,0.5600553154945374,0
mujoco,slope_forward,2,2,204,2.0399999999998863,1.0,0.0,0.42322552207014585,-0.036677455147847086,0.21534277269219565,0.5815142358372121,-0.5313366906288634,4.074979305267334,1.193070888519287,0
mujoco,slope_forward,2,2,205,2.0499999999998852,1.0,0.0,0.4265178066932431,-0.03789309015318441,0.2068367650781537,0.5908712415374695,-0.44289537724071604,4.032486438751221,0.8413212299346924,0
mujoco,slope_forward,2,2,206,2.059999999999884,1.0,0.0,0.42985137804652057,-0.036486491443089644,0.1976462995207167,0.5974577386901749,-0.3428245158266534,3.7511544227600098,0.43074288964271545,0
mujoco,slope_forward,2,2,207,2.069999999999883,1.0,0.0,0.4329723814213204,-0.033864524096148645,0.18660579286235923,0.6032139077109877,-0.2762081419370847,3.6968114376068115,0.2932373583316803,0
mujoco,slope_forward,2,2,208,2.079999999999882,1.0,0.0,0.43573850169628514,-0.032632290136779256,0.17510796169954004,0.6063098432976199,-0.2787075550686648,3.8421599864959717,0.48507988452911377,0
mujoco,slope_forward,2,2,209,2.089999999999881,1.0,0.0,0.4379857524564972,-0.03217584161866248,0.16256532142732752,0.6115988061940213,-0.25492762606882013,3.722947120666504,0.40774619579315186,0
mujoco,slope_forward,2,2,210,2.0999999999998797,1.0,0.0,0.4396617322056025,-0.03160788760867948,0.15244917798004973,0.6096045581658606,-0.1875690133764352,3.3898446559906006,0.8007511496543884,0
mujoco,slope_forward,2,2,211,2.1099999999998786,1.0,0.0,0.4405847661936287,-0.032163372522993804,0.14613385524621988,0.6029366370490014,-0.13046294137225722,3.229597568511963,1.4257323741912842,0
mujoco,slope_forward,2,2,212,2.1199999999998775,1.0,0.0,0.44051858526304905,-0.03436626634467258,0.14326008182237626,0.5890868905740316,0.1648619418909887,3.36685848236084,1.1391425132751465,0
mujoco,slope_forward,2,2,213,2.1299999999998764,1.0,0.0,0.439104571421732,-0.03735649095647532,0.13902287257417661,0.5860040592590438,0.28733183700781373,3.148322582244873,0.488614022731781,0
mujoco,slope_forward,2,2,214,2.1399999999998753,1.0,0.0,0.436496964980949,-0.03885898920536004,0.1333778197293603,0.588548138710115,0.28444206567422375,2.589796543121338,0.9736641645431519,0
mujoco,slope_forward,2,2,215,2.1499999999998742,1.0,0.0,0.43314982982470834,-0.03728427738934391,0.12847970339016376,0.5955796782135905,0.22023380794975214,2.453334331512451,0.8602941036224365,0
mujoco,slope_forward,2,2,216,2.159999999999873,1.0,0.0,0.4295538923137314,-0.034152545877382395,0.12622355563434126,0.595107017782354,0.3074126905073694,2.571683883666992,0.3784981071949005,0
mujoco,slope_forward,2,2,217,2.169999999999872,1.0,0.0,0.42578684269838385,-0.030628643726153183,0.12378573404333226,0.5950949616907737,0.37938804388587544,2.7679731845855713,0.3531816601753235,0
mujoco,slope_forward,2,2,218,2.179999999999871,1.0,0.0,0.42204776566711494,-0.025645586016417806,0.12149604157053413,0.5897508491865603,0.4332306814621591,2.9214868545532227,0.3663288652896881,0
mujoco,slope_forward,2,2,219,2.18999999999987,1.0,0.0,0.41895365831530373,-0.023158494770715774,0.12280054616894578,0.582105775888842,0.22761822314109034,3.1443026065826416,0.4339408576488495,0
mujoco,slope_forward,2,2,220,2.1999999999998687,1.0,0.0,0.4170424434075294,-0.02334763943343644,0.12451961848004471,0.5813706202409424,0.011243472615062831,3.262284517288208,0.44260847568511963,0
mujoco,slope_forward,2,2,221,2.2099999999998676,1.0,0.0,0.4164253144611174,-0.02464598131747821,0.12377658278101608,0.5835211684063781,-0.18041347329269117,3.2394304275512695,0.14013364911079407,0
mujoco,slope_forward,2,2,222,2.2199999999998665,1.0,0.0,0.41687160911012155,-0.025705661856739857,0.11979781248199586,0.5877561075015413,-0.2413311196995062,2.9777801036834717,0.3491170406341553,0
mujoco,slope_forward,2,2,223,2.2299999999998654,1.0,0.0,0.41804625672896467,-0.026523349077801725,0.113760298368169,0.5893432891511748,-0.24121304823166312,2.632525682449341,0.487856924533844,0
mujoco,slope_forward,2,2,224,2.2399999999998643,1.0,0.0,0.4195966832489295,-0.027032272133184685,0.10641343660934384,0.5910995034397758,-0.18251134915410228,2.311603546142578,0.44850221276283264,0
mujoco,slope_forward,2,2,225,2.249999999999863,1.0,0.0,0.42127278228875403,-0.027077799939858763,0.0987159703600579,0.5931763475115257,-0.13465269197431698,2.13165020942688,0.2638227939605713,0
mujoco,slope_forward,2,2,226,2.259999999999862,1.0,0.0,0.42291929964458563,-0.02691744287967248,0.09113475853859386,0.595014948784382,-0.09720471542376623,2.075995683670044,0.12109778076410294,0
mujoco,slope_forward,2,2,227,2.269999999999861,1.0,0.0,0.42444733327668244,-0.026772099490752634,0.0840023248267002,0.5946704901663499,-0.05196024867428378,2.0599565505981445,0.12494448572397232,0
mujoco,slope_forward,2,2,228,2.27999999999986,1.0,0.0,0.42583073703659285,-0.026683721856227468,0.07733888574393633,0.5941148768692437,-0.020671538441952277,2.0750160217285156,0.14188912510871887,0
mujoco,slope_forward,2,2,229,2.289999999999859,1.0,0.0,0.4270897262701121,-0.02651096046164884,0.07126238004270001,0.5929978319429909,0.0041865670729286895,2.0829927921295166,0.139448881149292,0
mujoco,slope_forward,2,2,230,2.2999999999998577,1.0,0.0,0.4282268473332686,-0.02630203717112088,0.06552771727477553,0.590774886782091,0.015453197916300294,2.0713388919830322,0.09297896176576614,0
mujoco,slope_forward,2,2,231,2.3099999999998566,1.0,0.0,0.4292572345022588,-0.02581303249159337,0.060050006857713153,0.5879542094055511,0.028906594133765902,2.0397963523864746,0.08257804065942764,0
mujoco,slope_forward,2,2,232,2.3199999999998555,1.0,0.0,0.43020299515665483,-0.025162892660254774,0.05498411123037574,0.5846758542583859,0.03005445147884478,2.0253140926361084,0.04536464065313339,0
mujoco,slope_forward,2,2,233,2.3299999999998544,1.0,0.0,0.43107106527003364,-0.024420391515961173,0.05012240638824393,0.5815756740798362,0.02951335683828976,2.006012201309204,0.04731243848800659,0
mujoco,slope_forward,2,2,234,2.3399999999998533,1.0,0.0,0.43186958128875863,-0.023372731950004715,0.04550996076624512,0.5776048007444471,0.034844545693109845,1.9842371940612793,0.0402136966586113,0
mujoco,slope_forward,2,2,235,2.349999999999852,1.0,0.0,0.4326077433613689,-0.022267102038856908,0.04110358858115006,0.5729223420016302,0.03997885979413434,1.9690355062484741,0.02199905924499035,0
mujoco,slope_forward,2,2,236,2.359999999999851,1.0,0.0,0.433302674027483,-0.021162125114813496,0.03684628472373231,0.5689179403204377,0.04584389483736955,1.9455740451812744,0.03556278720498085,0
mujoco,slope_forward,2,2,237,2.36999999999985,1.0,0.0,0.4339536675860314,-0.01998366488350189,0.032786369688092266,0.5633705758926978,0.05166190480624491,1.9053500890731812,0.055487651377916336,0
mujoco,slope_forward,2,2,238,2.379999999999849,1.0,0.0,0.4345632112049016,-0.018847345001054013,0.028743815343960536,0.558137510698034,0.05282358673966099,1.873042345046997,0.04135623946785927,0
mujoco,slope_forward,2,2,239,2.389999999999848,1.0,0.0,0.43515511671073354,-0.01768448888680079,0.024956158820681005,0.5526844231438305,0.05869128148652886,1.8326915502548218,0.05390002951025963,0
mujoco,slope_forward,2,2,240,2.3999999999998467,1.0,0.0,0.4357135893326432,-0.016490395507339994,0.02118919658659773,0.5465602510282217,0.059556156673338974,1.7898484468460083,0.06324148178100586,0
mujoco,slope_forward,2,2,241,2.4099999999998456,1.0,0.0,0.4362433662511294,-0.015206699881519334,0.01750079296094401,0.5408023038293767,0.06056652182199347,1.7511558532714844,0.059402190148830414,0
mujoco,slope_forward,2,2,242,2.4199999999998445,1.0,0.0,0.4367369259438445,-0.014002171366598403,0.013934616729658322,0.5343107130788525,0.06428547200051389,1.7060978412628174,0.07175639271736145,0
mujoco,slope_forward,2,2,243,2.4299999999998434,1.0,0.0,0.43719086019291026,-0.012649894660349098,0.010513994563459562,0.5277443610068493,0.0636691756485937,1.6629902124404907,0.07209308445453644,0
mujoco,slope_forward,2,2,244,2.4399999999998423,1.0,0.0,0.4376047966218344,-0.011389544501462902,0.007226125902712944,0.5204185826329188,0.06575592758798467,1.6219197511672974,0.07459016144275665,0
mujoco,slope_forward,2,2,245,2.449999999999841,1.0,0.0,0.43798613168920003,-0.010114722423953464,0.004081111690703889,0.5137795992427308,0.06527016558610492,1.5831506252288818,0.07411492615938187,0
mujoco,slope_forward,2,2,246,2.45999999999984,1.0,0.0,0.4383297899317598,-0.008785265920863601,0.0011726164987602033,0.5054233069137144,0.07090825716104163,1.541811466217041,0.08537621796131134,0
mujoco,slope_forward,2,2,247,2.469999999999839,1.0,0.0,0.43863926862340347,-0.00748137683059692,-0.0017445367353323136,0.4988814736234544,0.06994420185279597,1.5131711959838867,0.06907963752746582,0
mujoco,slope_forward,2,2,248,2.479999999999838,1.0,0.0,0.43891209512135476,-0.006139209102140017,-0.004268792697659999,0.489586691394094,0.07586405316477485,1.4747974872589111,0.09768123179674149,0
mujoco,slope_forward,2,2,249,2.489999999999837,1.0,0.0,0.4391462330119269,-0.004778237898157126,-0.006880253858767915,0.48274440933065504,0.07347669635176249,1.4569867849349976,0.06517331302165985,0
mujoco,slope_forward,2,2,250,2.4999999999998357,1.0,0.0,0.43934739322889327,-0.0034189299492213064,-0.009034554704536697,0.4729507258483766,0.07949956304914664,1.4269646406173706,0.09908632189035416,0
mujoco,slope_forward,2,2,251,2.5099999999998346,1.0,0.0,0.43951197650479273,-0.0019899431865090006,-0.011273693751143381,0.46557412644812324,0.07473344788705041,1.4177709817886353,0.0643267035484314,0
mujoco,slope_forward,2,2,252,2.5199999999998335,1.0,0.0,0.43964638585688787,-0.0006341657419982413,-0.013084498066689793,0.45545046381885057,0.07864193286642189,1.3987199068069458,0.0943487137556076,0
mujoco,slope_forward,2,2,253,2.5299999999998324,1.0,0.0,0.4397485750205963,0.0008595785384094921,-0.014978541914190867,0.4475923240597506,0.07839891994552849,1.3949553966522217,0.06902266293764114,0
mujoco,slope_forward,2,2,254,2.5399999999998313,1.0,0.0,0.4398209209407694,0.002261043638318048,-0.016535844693613,0.43747850381312114,0.07369147709123836,1.3845492601394653,0.08944541960954666,0
mujoco,slope_forward,2,2,255,2.54999999999983,1.0,0.0,0.4398654287599753,0.003805402809420071,-0.01808390678337567,0.42878959511783343,0.0766471164750465,1.3851981163024902,0.07382319122552872,0
mujoco,slope_forward,2,2,256,2.559999999999829,1.0,0.0,0.43989072206464375,0.005303405671268493,-0.019350433602641104,0.4185466563347974,0.06515560256442718,1.3832768201828003,0.0818985104560852,0
mujoco,slope_forward,2,2,257,2.569999999999828,1.0,0.0,0.43989753551689165,0.006883674192502258,-0.020607969636987713,0.4096200502574159,0.07620232965816187,1.3907605409622192,0.07470793277025223,0
mujoco,slope_forward,2,2,258,2.579999999999827,1.0,0.0,0.4398906326799509,0.008542388426992854,-0.021646062665272258,0.39952078681899544,0.06140149291048269,1.3943361043930054,0.08062544465065002,0
mujoco,slope_forward,2,2,259,2.5899999999998258,1.0,0.0,0.43986446216077013,0.010079979943526775,-0.022646785933930557,0.38970261290403363,0.06736668524799694,1.4059401750564575,0.06741049885749817,0
mujoco,slope_forward,2,2,260,2.5999999999998247,1.0,0.0,0.43982918739240884,0.011813612523863034,-0.023498935848279952,0.37950379337238677,0.0700065708768407,1.4162468910217285,0.0750349685549736,0
mujoco,slope_forward,2,2,261,2.6099999999998236,1.0,0.0,0.43978728461469724,0.01346024907221611,-0.024240784523423712,0.37001728970450193,0.06019932218556659,1.4280521869659424,0.05996115878224373,0
mujoco,slope_forward,2,2,262,2.6199999999998225,1.0,0.0,0.4397350711987141,0.015056609875150126,-0.024311979825779068,0.3590404327061805,0.05121699155105456,1.4416015148162842,0.06382645666599274,0
mujoco,slope_forward,2,2,263,2.6299999999998214,1.0,0.0,0.439658816596365,0.016779402539385386,-0.02426386352888009,0.34855323901062324,0.02306547279218657,1.4529664516448975,0.036571815609931946,0
mujoco,slope_forward,2,2,264,2.6399999999998203,1.0,0.0,0.43957676264924894,0.01842825612604505,-0.024366081591852863,0.338451410429637,0.016206065833902647,1.4609370231628418,0.05352050065994263,0
mujoco,slope_forward,2,2,265,2.649999999999819,1.0,0.0,0.43950511893571126,0.020087947852898018,-0.024480764279771326,0.3281045214023852,0.03440473167242933,1.4707847833633423,0.05133935064077377,0
mujoco,slope_forward,2,2,266,2.659999999999818,1.0,0.0,0.4394459253361,0.0218412571771635,-0.024629527667109293,0.3176092066879611,0.03730037648031318,1.476447343826294,0.05116109177470207,0
mujoco,slope_forward,2,2,267,2.669999999999817,1.0,0.0,0.43939873767150567,0.02344690313012818,-0.024734505831517848,0.30752305929199397,0.023764634053481015,1.4825570583343506,0.047774121165275574,0
mujoco,slope_forward,2,2,268,2.679999999999816,1.0,0.0,0.43936089967873637,0.02495287788028306,-0.024759548021281982,0.29677845409709996,0.036044332061179914,1.4928152561187744,0.0560811348259449,0
mujoco,slope_forward,2,2,269,2.6899999999998148,1.0,0.0,0.4393357726387382,0.02654912070114871,-0.02474520753269665,0.2870409042161585,0.04851279619062815,1.5002539157867432,0.04787883162498474,0
mujoco,slope_forward,2,2,270,2.6999999999998137,1.0,0.0,0.43931914881840123,0.02814141084503742,-0.024737377581445827,0.2773699984772601,0.04568680790453432,1.504382848739624,0.04340337589383125,0
mujoco,slope_forward,2,2,271,2.7099999999998126,1.0,0.0,0.4393027288325617,0.029599331812409774,-0.024604394155009767,0.26735982285498144,0.026811653012819073,1.5095398426055908,0.04264312982559204,0
mujoco,slope_forward,2,2,272,2.7199999999998115,1.0,0.0,0.43929005997347254,0.030962149150280498,-0.02422983339292656,0.2564866195816849,0.029421238046624176,1.5188753604888916,0.04778221249580383,0
mujoco,slope_forward,2,2,273,2.7299999999998104,1.0,0.0,0.43928963723647557,0.032376431883116265,-0.023738485888847097,0.24651360758380195,0.03353071884259225,1.5242571830749512,0.033722080290317535,0
mujoco,slope_forward,2,2,274,2.7399999999998093,1.0,0.0,0.439302771494787,0.03377156689609173,-0.023208112566117413,0.23718281910410166,0.033390522984604765,1.5266201496124268,0.032635241746902466,0
mujoco,slope_forward,2,2,275,2.749999999999808,1.0,0.0,0.43932266152990723,0.03511233367389451,-0.022698276876721074,0.2287605699440921,0.03103669324010969,1.5306353569030762,0.03484460711479187,0
mujoco,slope_forward,2,2,276,2.759999999999807,1.0,0.0,0.4393428757427968,0.03640016258687574,-0.022157638077958775,0.22029266375631798,0.024500381008442054,1.5343635082244873,0.03312212601304054,0
mujoco,slope_forward,2,2,277,2.769999999999806,1.0,0.0,0.43935837321516913,0.03765613815455657,-0.021228616584311518,0.20912400989834465,0.020488014782862492,1.5392124652862549,0.03218131884932518,0
mujoco,slope_forward,2,2,278,2.779999999999805,1.0,0.0,0.4393764102222379,0.038926547675574644,-0.020103614691247464,0.19904438039893563,0.016558737837044285,1.5471506118774414,0.034353360533714294,0
mujoco,slope_forward,2,2,279,2.7899999999998037,1.0,0.0,0.4394082410476955,0.04019738581307451,-0.01882560548934627,0.1890762079110427,0.010927984828799066,1.5514785051345825,0.0256259273737669,0
mujoco,slope_forward,2,2,280,2.7999999999998026,1.0,0.0,0.4394514038874633,0.04144495212620643,-0.017530563859495463,0.1800420801514562,0.005779776245817084,1.5544086694717407,0.02618788555264473,0
mujoco,slope_forward,2,2,281,2.8099999999998015,1.0,0.0,0.4395033579957686,0.04267726526411401,-0.016157305331445364,0.1712053785509112,0.002321393426844866,1.5554925203323364,0.023229235783219337,0
mujoco,slope_forward,2,2,282,2.8199999999998004,1.0,0.0,0.4395585837716529,0.043909225766819694,-0.014751225368935503,0.16303896536306073,0.0003921793814532362,1.5575542449951172,0.02424866519868374,0
mujoco,slope_forward,2,2,283,2.8299999999997993,1.0,0.0,0.4396146715603255,0.04513896724101691,-0.013266433408840135,0.15510281261366196,-0.0015004141121336928,1.5601391792297363,0.02162720449268818,0
mujoco,slope_forward,2,2,284,2.8399999999997982,1.0,0.0,0.43966919007744565,0.046365121458850196,-0.011742227617383406,0.14772583206952553,-0.00319191977500127,1.5634034872055054,0.02288064919412136,0
mujoco,slope_forward,2,2,285,2.849999999999797,1.0,0.0,0.439722758164687,0.04758284420207322,-0.010144316246025601,0.1406056490882875,-0.004877209015571555,1.5660134553909302,0.021911608055233955,0
mujoco,slope_forward,2,2,286,2.859999999999796,1.0,0.0,0.43977504581543764,0.04878227942731114,-0.008492377812190048,0.13336558418004416,-0.002637698406895081,1.5683916807174683,0.023152031004428864,0
mujoco,slope_forward,2,2,287,2.869999999999795,1.0,0.0,0.439825341432284,0.04995757137954088,-0.006667724988187853,0.1251782095302032,0.009629358943517508,1.5721912384033203,0.023417595773935318,0
mujoco,slope_forward,2,2,288,2.879999999999794,1.0,0.0,0.43987458703602694,0.05112297961302097,-0.0047861774170574,0.11756077898778679,0.018760441417715407,1.5751208066940308,0.029642250388860703,0
mujoco,slope_forward,2,2,289,2.8899999999997927,1.0,0.0,0.43992546190897597,0.05226036376710518,-0.002850051742265312,0.11015350078637634,0.024904866727427175,1.5766854286193848,0.0271335206925869,0
mujoco,slope_forward,2,2,290,2.8999999999997916,1.0,0.0,0.43997761809882463,0.05335996830343095,-0.0009025619518737093,0.10321212857836047,0.029405262931511616,1.5781548023223877,0.030975794419646263,0
mujoco,slope_forward,2,2,291,2.9099999999997905,1.0,0.0,0.44003144651839654,0.05442422820936916,0.0010621858125354142,0.09651295624432536,0.03298166108021712,1.5793579816818237,0.029840728268027306,0
mujoco,slope_forward,2,2,292,2.9199999999997894,1.0,0.0,0.4400872657508855,0.05545561167227742,0.00302801497888335,0.09014571487238686,0.036097470874157045,1.5803574323654175,0.03219778090715408,0
mujoco,slope_forward,2,2,293,2.9299999999997883,1.0,0.0,0.44014614397816193,0.05645316769674081,0.004992377572402564,0.08401334683485659,0.03905579718015305,1.5811554193496704,0.03242619335651398,0
mujoco,slope_forward,2,2,294,2.9399999999997872,1.0,0.0,0.4402090490966209,0.05741487329789708,0.006942836482211854,0.07837930394118961,0.04059691642235234,1.5817795991897583,0.0338653139770031,0
mujoco,slope_forward,2,2,295,2.949999999999786,1.0,0.0,0.44028284312890065,0.05839857041600635,0.008798958965926787,0.07444292028399559,0.028372050657630436,1.5813419818878174,0.03372510150074959,0
mujoco,slope_forward,2,2,296,2.959999999999785,1.0,0.0,0.4403749432573952,0.05940269898382365,0.010653359078864187,0.07044203382730008,0.020848697827685336,1.5785636901855469,0.028175784274935722,0
mujoco,slope_forward,2,2,297,2.969999999999784,1.0,0.0,0.44048320092197357,0.06038993733999739,0.012444297691724398,0.06682171022450305,0.016680991800979858,1.5776077508926392,0.03136640042066574,0
mujoco,slope_forward,2,2,298,2.979999999999783,1.0,0.0,0.44060668519875945,0.06134471868789057,0.014200286773543111,0.06326498530056897,0.013934315075832546,1.5768160820007324,0.02964768186211586,0
mujoco,slope_forward,2,2,299,2.9899999999997817,1.0,0.0,0.44074321208628664,0.062260903082161756,0.01589668919701738,0.06001303214607874,0.012837590591107926,1.577028751373291,0.03280917927622795,0
mujoco,slope_forward,2,2,300,2.9999999999997806,1.0,0.0,0.44089184218020633,0.06313532694973752,0.017552892373476042,0.056878547187842216,0.01255329535576133,1.577414870262146,0.031973209232091904,0
mujoco,slope_forward,2,2,301,3.0099999999997795,1.0,0.0,0.4410512471592891,0.06396841103375926,0.01915724605872979,0.053986515331139726,0.013093226978390162,1.578553557395935,0.033488981425762177,0
mujoco,slope_forward,2,2,302,3.0199999999997784,1.0,0.0,0.4412210399325236,0.0647585198859618,0.020722958942141274,0.051222445499973054,0.013851973727117895,1.579951524734497,0.03301142528653145,0
mujoco,slope_forward,2,2,303,3.0299999999997773,1.0,0.0,0.4414007203168001,0.06550535286510253,0.02224133449842,0.048660847981175204,0.015019908742320376,1.5822372436523438,0.033804330974817276,0
mujoco,slope_forward,2,2,304,3.039999999999776,1.0,0.0,0.44159034795317226,0.06620943784159304,0.023721508570409822,0.04622070328748641,0.016530964757361596,1.5849003791809082,0.03367948904633522,0
mujoco,slope_forward,2,2,305,3.049999999999775,1.0,0.0,0.44178982052478677,0.0668672734562513,0.025157166510008627,0.04394985381312449,0.018358527663281925,1.58774995803833,0.03482218459248543,0
mujoco,slope_forward,2,2,306,3.059999999999774,1.0,0.0,0.44199935160114634,0.06747586619894069,0.02654908185949435,0.04180567250416896,0.02029656434010513,1.590550422668457,0.034106288105249405,0
mujoco,slope_forward,2,2,307,3.069999999999773,1.0,0.0,0.44221899485078897,0.06803011954938236,0.027893052359945616,0.03981404642553693,0.022283906540793826,1.5932170152664185,0.03390135616064072,0
mujoco,slope_forward,2,2,308,3.079999999999772,1.0,0.0,0.4424483398520482,0.06853205235712574,0.029170915637244305,0.037975512189536924,0.025095931668770746,1.5956981182098389,0.03273763880133629,0
mujoco,slope_forward,2,2,309,3.0899999999997707,1.0,0.0,0.44268686209886127,0.06898084725057514,0.030377895479684273,0.036256521660121714,0.02844705068632325,1.597845196723938,0.0314231775701046,0
mujoco,slope_forward,2,2,310,3.0999999999997696,1.0,0.0,0.4429341167010395,0.06937308141218082,0.03152278280298753,0.034643951104515465,0.03194501839746339,1.6000525951385498,0.030763816088438034,0
mujoco,slope_forward,2,2,311,3.1099999999997685,1.0,0.0,0.44319015935992023,0.06970150580527448,0.03263614780970527,0.03307938010286005,0.034283752011660056,1.6024471521377563,0.030483249574899673,0
mujoco,slope_forward,2,2,312,3.1199999999997674,1.0,0.0,0.4434543206504513,0.06996554382539169,0.03371197525478042,0.031663299266761084,0.036384780465331584,1.605729103088379,0.031265612691640854,0
mujoco,slope_forward,2,2,313,3.1299999999997663,1.0,0.0,0.44372611186786176,0.07016752419223589,0.03475909542775705,0.03033253908830032,0.03869731377040173,1.608981728553772,0.03038458339869976,0
mujoco,slope_forward,2,2,314,3.139999999999765,1.0,0.0,0.4440098297270564,0.07037123604183204,0.03571386673384391,0.030861253207051603,0.026289410047141974,1.6122066974639893,0.028959177434444427,0
mujoco,slope_forward,2,2,315,3.149999999999764,1.0,0.0,0.4443149269067295,0.07061358788124346,0.03669450867724964,0.031144225078792637,0.018938882117044642,1.6125212907791138,0.024197502061724663,0
mujoco,slope_forward,2,2,316,3.159999999999763,1.0,0.0,0.4446378424885202,0.07083623829893887,0.03761552315784848,0.03172390381944791,0.014956899283756101,1.6141387224197388,0.026977073401212692,0
mujoco,slope_forward,2,2,317,3.169999999999762,1.0,0.0,0.44497528552838456,0.07101506300267663,0.038510887811673465,0.03222575441252139,0.012025835180061444,1.6158257722854614,0.02229131944477558,0
mujoco,slope_forward,2,2,318,3.179999999999761,1.0,0.0,0.44532221808955036,0.07114371040640938,0.03936118531750129,0.03292809221098853,0.01045817825041458,1.619468092918396,0.024774448946118355,0
mujoco,slope_forward,2,2,319,3.1899999999997597,1.0,0.0,0.44567543330162396,0.07122295791181736,0.0401923630485556,0.03365071176537469,0.00941813400013084,1.6236016750335693,0.02407839149236679,0
mujoco,slope_forward,2,2,320,3.1999999999997586,1.0,0.0,0.44603212724331487,0.07126401305521568,0.04099641003738766,0.034537837773573506,0.008995240136382993,1.628658413887024,0.025996189564466476,0
mujoco,slope_forward,2,2,321,3.2099999999997575,1.0,0.0,0.44639106639539683,0.07128450027511153,0.04178914807082071,0.03548626415297098,0.00847417027873174,1.6334114074707031,0.025807175785303116,0
mujoco,slope_forward,2,2,322,3.2199999999997564,1.0,0.0,0.44675119549444975,0.07129024494758475,0.04256730681974369,0.03656642205660356,0.008146942609439538,1.638304352760315,0.026911485940217972,0
mujoco,slope_forward,2,2,323,3.2299999999997553,1.0,0.0,0.44711200519878314,0.07126511509734301,0.04333937379908433,0.03772277381921759,0.008050902128070307,1.6431128978729248,0.02687671408057213,0
mujoco,slope_forward,2,2,324,3.239999999999754,1.0,0.0,0.4474731162285204,0.07120367160776964,0.04409950021202604,0.03901521966215717,0.008575527572868325,1.6483327150344849,0.028296228498220444,0
mujoco,slope_forward,2,2,325,3.249999999999753,1.0,0.0,0.447834559325564,0.07110959519844057,0.04484956220536891,0.040414180999462514,0.00921812158736957,1.6533470153808594,0.02799266390502453,0
mujoco,slope_forward,2,2,326,3.259999999999752,1.0,0.0,0.4481963432174831,0.07099269728905906,0.04559143921857337,0.04194557819486046,0.00989418054090623,1.65867280960083,0.028308957815170288,0
mujoco,slope_forward,2,2,327,3.269999999999751,1.0,0.0,0.4485582267861348,0.07087190968426313,0.04632083508059347,0.04362122041819439,0.010663443736168406,1.6638234853744507,0.028217429295182228,0
mujoco,slope_forward,2,2,328,3.27999999999975,1.0,0.0,0.4489199902572407,0.0707370492238883,0.04704493840918535,0.04540237627134446,0.01129302322781606,1.668721079826355,0.028528744354844093,0
mujoco,slope_forward,2,2,329,3.2899999999997487,1.0,0.0,0.4492813274274568,0.07056894989874889,0.047756970841042794,0.047331700207906176,0.012545758099285511,1.6746058464050293,0.029766319319605827,0
mujoco,slope_forward,2,2,330,3.2999999999997476,1.0,0.0,0.44964256481197207,0.07036914927610396,0.048461426239370886,0.04938299858304859,0.014062929387035072,1.681016206741333,0.030491814017295837,0
mujoco,slope_forward,2,2,331,3.3099999999997465,1.0,0.0,0.4500040127114218,0.07014190357015523,0.049155881854924054,0.05160646417315486,0.01620938119996643,1.6881192922592163,0.03200322389602661,0
mujoco,slope_forward,2,2,332,3.3199999999997454,1.0,0.0,0.45036681955015223,0.06989517582224541,0.04984292490012481,0.054454779335205636,0.015424009181786031,1.6961642503738403,0.03384234011173248,0
mujoco,slope_forward,2,2,333,3.3299999999997443,1.0,0.0,0.4507378314126966,0.06969284222105045,0.05046153831489633,0.05875915829885794,0.005635050617880516,1.7035987377166748,0.033344533294439316,0
mujoco,slope_forward,2,2,334,3.339999999999743,1.0,0.0,0.45112111621361056,0.06952237894905186,0.051080061013545765,0.06302216922570705,0.0014092062437585883,1.7078276872634888,0.03210672363638878,0
mujoco,slope_forward,2,2,335,3.349999999999742,1.0,0.0,0.45151362977899734,0.06934483801466902,0.05165860951536361,0.06756892164996964,-0.0007762069052081411,1.7145949602127075,0.034281205385923386,0
mujoco,slope_forward,2,2,336,3.359999999999741,1.0,0.0,0.4519131402195173,0.06915337020850788,0.05221246037031971,0.07221557181936394,-0.0023290003792741584,1.7220275402069092,0.03260253369808197,0
mujoco,slope_forward,2,2,337,3.36999999999974,1.0,0.0,0.45231687014588634,0.06894643210332267,0.05273418512594116,0.07710993008811448,-0.003031068313798849,1.7315322160720825,0.034368786960840225,0
mujoco,slope_forward,2,2,338,3.3799999999997388,1.0,0.0,0.4527228411156079,0.06872275679853795,0.0532279371801004,0.08219656156030097,-0.0034292544350548316,1.742110013961792,0.03422626107931137,0
mujoco,slope_forward,2,2,339,3.3899999999997377,1.0,0.0,0.45312956451501474,0.06848667377753365,0.05368936622118351,0.08754599961482291,-0.003430200174918255,1.7538504600524902,0.03567732498049736,0
mujoco,slope_forward,2,2,340,3.3999999999997366,1.0,0.0,0.4535363265460805,0.06823966139171087,0.0541215396651299,0.09314249946155614,-0.0034571554643279246,1.766371250152588,0.036306604743003845,0
mujoco,slope_forward,2,2,341,3.4099999999997355,1.0,0.0,0.4539424257886908,0.06798497735563716,0.0545180283764701,0.09903405156161874,-0.0032953770635350717,1.7794708013534546,0.036541979759931564,0
mujoco,slope_forward,2,2,342,3.4199999999997344,1.0,0.0,0.4543468391449671,0.06772376891744741,0.05489151702657234,0.1046683764299305,-0.0007832796630764436,1.7928271293640137,0.03649849072098732,0
mujoco,slope_forward,2,2,343,3.4299999999997333,1.0,0.0,0.45474753607128976,0.06745860647634506,0.05533849409980875,0.10936078744607591,0.011245366618338713,1.8110181093215942,0.04279989004135132,0
mujoco,slope_forward,2,2,344,3.439999999999732,1.0,0.0,0.455147289825995,0.06721239314212617,0.05575653892059147,0.11444959499338658,0.018111575089164347,1.8358641862869263,0.049707021564245224,0
mujoco,slope_forward,2,2,345,3.449999999999731,1.0,0.0,0.4555522061891551,0.06698953305711876,0.05627864206488826,0.1184414905169143,0.007630184668573135,1.8610634803771973,0.0491856224834919,0
mujoco,slope_forward,2,2,346,3.45999999999973,1.0,0.0,0.45596954688138547,0.06673458939066833,0.056786943365623094,0.12313598884974261,0.002182933880582342,1.8935562372207642,0.0578906424343586,0
mujoco,slope_forward,2,2,347,3.469999999999729,1.0,0.0,0.45640756834165636,0.06645892740744001,0.05721299002619568,0.12820995621476175,-8.252211080521572e-05,1.9209977388381958,0.05070401728153229,0
mujoco,slope_forward,2,2,348,3.4799999999997278,1.0,0.0,0.45686802376984403,0.06617625794290376,0.057529454017591936,0.13372394250248665,-0.0014659999090624242,1.9446779489517212,0.048842351883649826,0
mujoco,slope_forward,2,2,349,3.4899999999997267,1.0,0.0,0.4573494913664273,0.06589079018602245,0.0577388208594702,0.13960786281751403,-0.0018214729805263613,1.9663251638412476,0.04561341926455498,0
mujoco,slope_forward,2,2,350,3.4999999999997256,1.0,0.0,0.4578488476664231,0.06560154119106289,0.05784710419441737,0.1458941712745668,-0.0019461585787636671,1.986733317375183,0.04335244745016098,0
mujoco,slope_forward,2,2,351,3.5099999999997245,1.0,0.0,0.4583619698588028,0.06530404677578183,0.05788434079038197,0.15261763907721643,-0.0013288479212431854,2.0051920413970947,0.04019373655319214,0
mujoco,slope_forward,2,2,352,3.5199999999997234,1.0,0.0,0.45888377543419007,0.06499281586063645,0.05785208437869406,0.15988435218693975,-0.0009779894010684541,2.0243189334869385,0.03973071649670601,0
mujoco,slope_forward,2,2,353,3.5299999999997222,1.0,0.0,0.4594098530635069,0.06466812614041328,0.05772501392807875,0.16765825828850223,-0.0010294072135799246,2.0435264110565186,0.037279464304447174,0
mujoco,slope_forward,2,2,354,3.539999999999721,1.0,0.0,0.45993534292321187,0.06431590481355014,0.0576036590836814,0.17440999087696712,-0.020198882629975854,2.0583693981170654,0.033311985433101654,0
mujoco,slope_forward,2,2,355,3.54999999999972,1.0,0.0,0.4604651340489055,0.06387679875091173,0.057560115352762294,0.1816224453687446,-0.03733501645942337,2.082318067550659,0.043419644236564636,0
mujoco,slope_forward,2,2,356,3.559999999999719,1.0,0.0,0.4610055512951578,0.06339710132196959,0.057557116290021734,0.18771020874908526,-0.03244692845738736,2.106471538543701,0.04112399369478226,0
mujoco,slope_forward,2,2,357,3.569999999999718,1.0,0.0,0.46156543120702387,0.06299202678732879,0.05755376180442863,0.1946003570048219,-0.026335837263127486,2.140974521636963,0.049883294850587845,0
mujoco,slope_forward,2,2,358,3.5799999999997167,1.0,0.0,0.46214967659386513,0.0626423545414484,0.057427492940661476,0.202247554680623,-0.022156869264086734,2.173234224319458,0.0475233793258667,0
mujoco,slope_forward,2,2,359,3.5899999999997156,1.0,0.0,0.4627552084385028,0.0623038951488361,0.05714994889848599,0.21042301631329063,-0.019144323989820376,2.197235345840454,0.03877614811062813,0
mujoco,slope_forward,2,2,360,3.5999999999997145,1.0,0.0,0.463372046972283,0.061943437368265214,0.05671599580564785,0.21864176548211212,-0.0228577010227877,2.2153055667877197,0.032566510140895844,0
mujoco,slope_forward,2,2,361,3.6099999999997134,1.0,0.0,0.4639970253302182,0.06148682936564766,0.0563718272907499,0.22621673947379037,-0.04272136418795676,2.233599901199341,0.0313115268945694,0
mujoco,slope_forward,2,2,362,3.6199999999997123,1.0,0.0,0.4646328278911768,0.06089585125387104,0.056078692156819446,0.23324990020894215,-0.04463467625508858,2.2641654014587402,0.041601672768592834,0
mujoco,slope_forward,2,2,363,3.6299999999997112,1.0,0.0,0.4652949654233516,0.06040883809649951,0.055771224793986385,0.24114081206888155,-0.03945330953687778,2.3064305782318115,0.05096471309661865,0
mujoco,slope_forward,2,2,364,3.63999999999971,1.0,0.0,0.4659918680677859,0.059992093672064206,0.055281264832752336,0.24998119844895017,-0.03582350109810546,2.3449535369873047,0.053644198924303055,0
mujoco,slope_forward,2,2,365,3.649999999999709,1.0,0.0,0.4667194813785581,0.05956427755793245,0.05454986779574905,0.25936946318273063,-0.03335245528714053,2.378328561782837,0.04726697504520416,0
mujoco,slope_forward,2,2,366,3.659999999999708,1.0,0.0,0.46747374761243543,0.05904224097127482,0.053799792514776214,0.2671941316841029,-0.04916348601592102,2.4094274044036865,0.04596418887376785,0
mujoco,slope_forward,2,2,367,3.669999999999707,1.0,0.0,0.46827225314708815,0.05845222168374455,0.05311710228729466,0.27529759990079267,-0.05086660007074677,2.4656565189361572,0.07167688757181168,0
mujoco,slope_forward,2,2,368,3.6799999999997057,1.0,0.0,0.469140069119138,0.057963847918439566,0.05219229590539463,0.28503378518636197,-0.05104082899912538,2.5285022258758545,0.07739852368831635,0
mujoco,slope_forward,2,2,369,3.6899999999997046,1.0,0.0,0.4700822371476454,0.057523764969446424,0.05087615784780783,0.2956703168879399,-0.05181306225787131,2.572610378265381,0.06475457549095154,0
mujoco,slope_forward,2,2,370,3.6999999999997035,1.0,0.0,0.47108573900027034,0.057044892301941666,0.049265261122869795,0.30459297155527826,-0.053569867519571004,2.605132818222046,0.05980983003973961,0
mujoco,slope_forward,2,2,371,3.7099999999997024,1.0,0.0,0.4721745441772032,0.05658407500645012,0.047795558410659945,0.313603021288186,-0.05752633671856645,2.671621561050415,0.09498001635074615,0
mujoco,slope_forward,2,2,372,3.7199999999997013,1.0,0.0,0.473375138382103,0.05615747904030904,0.04590468075422806,0.3250769544075851,-0.061905489343059346,2.7554142475128174,0.11729171127080917,0
mujoco,slope_forward,2,2,373,3.7299999999997,1.0,0.0,0.47469942202176496,0.055761033031017836,0.04351483027729339,0.33631326639812187,-0.05762169259896117,2.8224918842315674,0.126458540558815,0
mujoco,slope_forward,2,2,374,3.739999999999699,1.0,0.0,0.4761635419284539,0.05553131358726051,0.040873270071487555,0.3467564388618804,-0.05806074989117355,2.912424087524414,0.15644684433937073,0
mujoco,slope_forward,2,2,375,3.749999999999698,1.0,0.0,0.47781153165413126,0.05539049567890195,0.037968441116123436,0.35902052416192975,-0.07399033323277752,3.0415713787078857,0.20678366720676422,0
mujoco,slope_forward,2,2,376,3.759999999999697,1.0,0.0,0.47967791277780836,0.05527553293651547,0.03441454661501374,0.3720735364214128,-0.07485472910791467,3.1846635341644287,0.2514834702014923,0
mujoco,slope_forward,2,2,377,3.769999999999696,1.0,0.0,0.4818083224671208,0.05548338488518859,0.030345024525264695,0.38570627573311106,-0.07425634622351886,3.351466417312622,0.30427706241607666,0
mujoco,slope_forward,2,2,378,3.7799999999996947,1.0,0.0,0.4842538581327727,0.05586834189393634,0.025758778553111678,0.40054496581407567,-0.10465500559919197,3.5744197368621826,0.3716500997543335,0
mujoco,slope_forward,2,2,379,3.7899999999996936,1.0,0.0,0.4870522845281625,0.05622308004542549,0.020494408337079856,0.41555449123679683,-0.10390825082666756,3.837843418121338,0.42619916796684265,0
mujoco,slope_forward,2,2,380,3.7999999999996925,1.0,0.0,0.4902392561522257,0.05690443195936012,0.014520588980245252,0.43226811853002545,-0.10168322964089464,4.144642353057861,0.468036949634552,0
mujoco,slope_forward,2,2,381,3.8099999999996914,1.0,0.0,0.4937980240022742,0.05746778668463922,0.00798352884515459,0.4472993141863781,-0.10636464920262974,4.46893310546875,0.5138506293296814,0
mujoco,slope_forward,2,2,382,3.8199999999996903,1.0,0.0,0.49762070365795225,0.057629634979746415,0.0013245864733919602,0.46065454823819696,-0.07209825208042124,4.747726917266846,0.5248331427574158,0
mujoco,slope_forward,2,2,383,3.829999999999689,1.0,0.0,0.5014337183336807,0.05682796678359097,-0.005029615812069112,0.47003574023080275,-0.020350222203941754,4.952415466308594,0.6383990049362183,0
mujoco,slope_forward,2,2,384,3.839999999999688,1.0,0.0,0.5049246985398383,0.055470246648081416,-0.007585548784591222,0.46655394178977805,0.0697588361732933,4.945310115814209,1.0253901481628418,0
mujoco,slope_forward,2,2,385,3.849999999999687,1.0,0.0,0.5079664382319695,0.052244660799219564,-0.004614688579602445,0.45800694291813226,0.2973990593259761,4.356894016265869,1.0167672634124756,0
mujoco,slope_forward,2,2,386,3.859999999999686,1.0,0.0,0.5104321692769389,0.04675153086279703,-0.00023310574408299243,0.4599166515116599,0.4076574971733133,3.303555727005005,1.50327730178833,0
mujoco,slope_forward,2,2,387,3.869999999999685,1.0,0.0,0.5121280565151975,0.0414500821086672,0.0038662840870837805,0.4572202616858562,0.4186119446668151,2.9888460636138916,1.3776745796203613,0
mujoco,slope_forward,2,2,388,3.8799999999996837,1.0,0.0,0.5131354959012228,0.03750114963043722,0.00975756849633398,0.45848999290527337,0.49703361014417763,2.9642810821533203,0.7313862442970276,0
mujoco,slope_forward,2,2,389,3.8899999999996826,1.0,0.0,0.5136261362883133,0.034553516230937685,0.014845548622905136,0.4644743790520859,0.4784181404726637,2.9707348346710205,0.38137325644493103,0
mujoco,slope_forward,2,2,390,3.8999999999996815,1.0,0.0,0.5136306291570284,0.03065920316991452,0.021075497611148134,0.4660211317846851,0.48341253952696495,2.9915807247161865,0.4325374960899353,0
mujoco,slope_forward,2,2,391,3.9099999999996804,1.0,0.0,0.5132820770529765,0.02760910433021926,0.028016903880660665,0.4723943084419611,0.45332999687191666,3.270500898361206,0.5315659046173096,0
mujoco,slope_forward,2,2,392,3.9199999999996793,1.0,0.0,0.5130581208064922,0.02506108546382265,0.03465165542515379,0.4846605026837359,0.369348243912916,3.700338125228882,1.1916645765304565,0
mujoco,slope_forward,2,2,393,3.929999999999678,1.0,0.0,0.5132757128842743,0.022435004734126004,0.03733398563360304,0.5077685297840626,0.1312148448959961,4.1292290687561035,0.786663293838501,0
mujoco,slope_forward,2,2,394,3.939999999999677,1.0,0.0,0.5138600866577357,0.020271672806358294,0.03879654887267498,0.5186342283179554,-0.10325879993249698,3.9021718502044678,0.5271300673484802,0
mujoco,slope_forward,2,2,395,3.949999999999676,1.0,0.0,0.5147318480551372,0.01901436091225235,0.0412329195198375,0.5285464956837118,-0.16765620573012902,3.7843070030212402,0.34115511178970337,0
mujoco,slope_forward,2,2,396,3.959999999999675,1.0,0.0,0.5158606481616198,0.01817409342859788,0.042349640182601546,0.5413825326057234,-0.16079623627854098,3.910806894302368,0.270792156457901,0
mujoco,slope_forward,2,2,397,3.969999999999674,1.0,0.0,0.5172367664213279,0.017127825436443936,0.04283728087111953,0.5512149958591126,-0.1300986482467791,3.930335760116577,0.4247402846813202,0
mujoco,slope_forward,2,2,398,3.9799999999996727,1.0,0.0,0.5186519757011577,0.015840569210899668,0.04289954789032976,0.5563194348704095,-0.1017669831439041,3.9741837978363037,0.665550947189331,0
mujoco,slope_forward,2,2,399,3.9899999999996716,1.0,0.0,0.5199486249124059,0.013825178650607957,0.04521354485549706,0.5543397265832661,-0.15529751732121316,3.9237186908721924,0.7023491859436035,0
mujoco,slope_forward,2,2,400,3.9999999999996705,1.0,0.0,0.5211014016621401,0.01184695014685286,0.048340034139354324,0.55769774031779,-0.24507556730507724,3.8557441234588623,0.5850147008895874,0
mujoco,slope_forward,2,2,401,4.009999999999674,1.0,0.0,0.5220410131759629,0.012412718118221098,0.05131050275187211,0.5595824076619801,-0.3320524537355909,3.9146084785461426,0.5375288128852844,0
mujoco,slope_forward,2,2,402,4.019999999999677,1.0,0.0,0.5226474514366225,0.015025015634398519,0.053496400364562186,0.5626094071747519,-0.4084170519103887,3.9770922660827637,0.5946952700614929,0
mujoco,slope_forward,2,2,403,4.0299999999996805,1.0,0.0,0.5229937858790566,0.01809976490882353,0.05620518782791944,0.562822976740127,-0.44422758582269767,4.016815185546875,0.6875162720680237,0
mujoco,slope_forward,2,2,404,4.039999999999684,1.0,0.0,0.5230341236830345,0.02203978920196934,0.05933277757116831,0.5612256138189738,-0.5453301307578805,4.02640962600708,0.8951324820518494,0
mujoco,slope_forward,2,2,405,4.049999999999687,1.0,0.0,0.5228432048249305,0.027947569798532575,0.062167956255285796,0.561601240592919,-0.6246340324172923,4.265578746795654,0.6236145496368408,0
mujoco,slope_forward,2,2,406,4.0599999999996905,1.0,0.0,0.5225209431467847,0.03336500016626985,0.06404401603627502,0.5621410769867035,-0.7403268111619492,4.473202705383301,0.553229033946991,0
mujoco,slope_forward,2,2,407,4.069999999999694,1.0,0.0,0.5220351660015302,0.03805309204571053,0.06351546070833099,0.5673028507790884,-0.8080603994459998,4.376883029937744,0.6379625201225281,0
mujoco,slope_forward,2,2,408,4.079999999999697,1.0,0.0,0.5212443665695341,0.04259944726348321,0.06281140527085353,0.5659326294640795,-0.7922963941183482,4.156513690948486,0.6074698567390442,0
mujoco,slope_forward,2,2,409,4.0899999999997005,1.0,0.0,0.5199984282965323,0.046670464690360146,0.06380129453950795,0.5652466738881186,-0.7541749199769797,3.9294614791870117,0.47570285201072693,0
mujoco,slope_forward,2,2,410,4.099999999999704,1.0,0.0,0.5184065943522208,0.04999528796326279,0.0698176905027272,0.5601869031015657,-0.7744951186125668,3.980976104736328,0.40727561712265015,0
mujoco,slope_forward,2,2,411,4.109999999999707,1.0,0.0,0.5165741949757516,0.054356264341270756,0.07740736897408837,0.5609561412180822,-0.8523674733170556,4.219809055328369,0.43820151686668396,0
mujoco,slope_forward,2,2,412,4.119999999999711,1.0,0.0,0.5146013884342596,0.05963210025584413,0.08536220554840401,0.559885085992394,-0.9905975922659427,4.358377933502197,0.2119251787662506,0
mujoco,slope_forward,2,2,413,4.129999999999714,1.0,0.0,0.5125207658490124,0.06612077752306915,0.09309281369227618,0.5602724669046034,-1.1296465323086686,4.496010780334473,0.2396230399608612,0
mujoco,slope_forward,2,2,414,4.139999999999717,1.0,0.0,0.5101382407744717,0.07208614133308955,0.10028176261204189,0.5590218875228309,-1.317503219150427,4.55467414855957,0.3050883710384369,0
mujoco,slope_forward,2,2,415,4.149999999999721,1.0,0.0,0.5074494443199822,0.07905809375778503,0.10816429661774926,0.5587901906586605,-1.4395760807646545,4.6053900718688965,0.20537610352039337,0
mujoco,slope_forward,2,2,416,4.159999999999724,1.0,0.0,0.5043751406983832,0.08617454370810279,0.11633534984370422,0.5570961106601662,-1.6078399560557113,4.655853271484375,0.27215537428855896,0
mujoco,slope_forward,2,2,417,4.169999999999727,1.0,0.0,0.5009167682415994,0.09363517764237725,0.1249772664346223,0.5583229741151894,-1.7531900796803441,4.680056571960449,0.1907826066017151,0
mujoco,slope_forward,2,2,418,4.179999999999731,1.0,0.0,0.49702285433410154,0.10091666949585375,0.13434165511704121,0.5564652515651839,-1.8648542818561131,4.67050838470459,0.1972157210111618,0
mujoco,slope_forward,2,2,419,4.189999999999734,1.0,0.0,0.49269968451256435,0.10828289185079767,0.14403281781339408,0.5604160228459404,-1.973141876150804,4.661070823669434,0.335050106048584,0
mujoco,slope_forward,2,2,420,4.199999999999737,1.0,0.0,0.48797924628593525,0.11500774297683712,0.15539060447620112,0.5573342132483957,-1.9804592852271685,4.578831672668457,0.36444881558418274,0
mujoco,slope_forward,2,2,421,4.209999999999741,1.0,0.0,0.4830353990520959,0.12212289855750752,0.16942855271864757,0.5580727377396477,-1.903800912811811,4.3559722900390625,0.6064091324806213,0
mujoco,slope_forward,2,2,422,4.219999999999744,1.0,0.0,0.4780377119644512,0.12941593458427497,0.18648450938554506,0.5548884574043602,-1.6775962586179194,3.934021234512329,1.0220979452133179,0
mujoco,slope_forward,2,2,423,4.229999999999747,1.0,0.0,0.4732646923716168,0.13746458815716145,0.20626938283968355,0.5549631958644919,-1.2549962038219065,3.507140874862671,1.3980988264083862,0
mujoco,slope_forward,2,2,424,4.239999999999751,1.0,0.0,0.46917473323342124,0.14518932711658414,0.22447749048950374,0.5646627699355045,-0.748283250655868,3.7615065574645996,1.8629728555679321,0
mujoco,slope_forward,2,2,425,4.249999999999754,1.0,0.0,0.4664421753682935,0.15164049527169743,0.2344814752048937,0.594432161112736,-0.3661187884754133,4.271996974945068,1.712390422821045,0
mujoco,slope_forward,2,2,426,4.259999999999757,1.0,0.0,0.46546073122754167,0.15480138402633134,0.23310067038171417,0.6284199588381082,-0.01625714841384511,3.9664108753204346,1.3383476734161377,0
mujoco,slope_forward,2,2,427,4.269999999999761,1.0,0.0,0.4661373968955309,0.1520638266984365,0.22559183512966535,0.6484958505612919,0.26635877643987954,3.5880494117736816,2.005427360534668,0
mujoco,slope_forward,2,2,428,4.279999999999764,1.0,0.0,0.46800184823442714,0.145688265218095,0.21188347082326373,0.6779153054111998,0.5195433950135206,3.6551175117492676,1.4808542728424072,0
mujoco,slope_forward,2,2,429,4.289999999999767,1.0,0.0,0.4706445768793088,0.1360784217243958,0.19539833928019107,0.6942007348453797,0.571537298134339,3.7694058418273926,0.49662449955940247,0
mujoco,slope_forward,2,2,430,4.299999999999771,1.0,0.0,0.4738097809507857,0.1253494816696381,0.17807547989235906,0.7145676758791714,0.583496423902652,3.6419761180877686,0.6710584163665771,0
mujoco,slope_forward,2,2,431,4.309999999999774,1.0,0.0,0.47719932687029765,0.1145276314517209,0.1618352421074096,0.7255956454538555,0.5645198392311823,3.4004056453704834,0.7512686848640442,0
mujoco,slope_forward,2,2,432,4.319999999999777,1.0,0.0,0.4804094111320512,0.1033876130750453,0.1463742644996644,0.7348903889123405,0.5345010558184194,3.0413708686828613,0.7128136157989502,0
mujoco,slope_forward,2,2,433,4.329999999999781,1.0,0.0,0.4830357898734652,0.09262289180546142,0.1303082190524727,0.7409491735557594,0.5889178882634402,2.9863321781158447,0.8468916416168213,0
mujoco,slope_forward,2,2,434,4.339999999999784,1.0,0.0,0.48544949022972744,0.0873978560613522,0.12266295838095556,0.7327435112090742,0.7681924049623615,3.075692653656006,0.7574281692504883,0
mujoco,slope_forward,2,2,435,4.349999999999787,1.0,0.0,0.48811665592448716,0.08461400985505492,0.11727533845356687,0.7247681730600071,0.6515175776569213,3.514113664627075,1.3763713836669922,0
mujoco,slope_forward,2,2,436,4.359999999999791,1.0,0.0,0.49124228762761263,0.08142501132432074,0.11019559266615275,0.7167042097499815,0.4244928663268146,3.8886003494262695,0.9433124661445618,0
mujoco,slope_forward,2,2,437,4.369999999999794,1.0,0.0,0.4947133933151414,0.07759917494601323,0.10213636008736528,0.7069889783189333,0.19732980045503146,3.817514181137085,0.5285338759422302,0
mujoco,slope_forward,2,2,438,4.379999999999797,1.0,0.0,0.4982993874222025,0.07440251779890641,0.09334991256613748,0.7030554929643482,0.07838983543859837,3.5170490741729736,0.48196467757225037,0
mujoco,slope_forward,2,2,439,4.389999999999801,1.0,0.0,0.5018165579855598,0.07189558217162453,0.08464944552337819,0.7004923256775796,0.03716290881019957,3.11063551902771,0.6582099795341492,0
mujoco,slope_forward,2,2,440,4.399999999999804,1.0,0.0,0.5051537527165345,0.06933232975436553,0.07664298875025727,0.6998128650111541,0.03734976275453374,2.825137138366699,0.4623309075832367,0
mujoco,slope_forward,2,2,441,4.409999999999807,1.0,0.0,0.5082423499524084,0.06637651237281289,0.06872061067404898,0.7010375994414788,0.08771051530394858,2.5888757705688477,0.3074376881122589,0
mujoco,slope_forward,2,2,442,4.419999999999811,1.0,0.0,0.5110774234387403,0.06299554502414581,0.06149671965908031,0.7000180550144027,0.14562753541099596,2.471301317214966,0.30486249923706055,0
mujoco,slope_forward,2,2,443,4.429999999999814,1.0,0.0,0.5136511831889816,0.05937995255896565,0.05505248872247782,0.6988925971078135,0.1712439107520268,2.4186453819274902,0.443876177072525,0
mujoco,slope_forward,2,2,444,4.439999999999817,1.0,0.0,0.5159710760233365,0.05587220520102753,0.04972309615615921,0.696736332474737,0.17857048991834432,2.4080684185028076,0.3819166421890259,0
mujoco,slope_forward,2,2,445,4.449999999999821,1.0,0.0,0.5180607717854443,0.052505460069550675,0.04504379420623067,0.695623148358484,0.15190968242894676,2.421593189239502,0.15919405221939087,0
mujoco,slope_forward,2,2,446,4.459999999999824,1.0,0.0,0.5199613865734903,0.049395790150190085,0.04082331258490137,0.6933445142154361,0.1312380805293836,2.4023983478546143,0.04564285650849342,0
mujoco,slope_forward,2,2,447,4.4699999999998274,1.0,0.0,0.5217005324270739,0.046466005356658346,0.03651950403383885,0.6915492745947373,0.1078235622831242,2.3562164306640625,0.1419680118560791,0
mujoco,slope_forward,2,2,448,4.479999999999831,1.0,0.0,0.5233040342564551,0.0437484879598386,0.03252504347477755,0.6883392167891966,0.09426261268314112,2.2875847816467285,0.13807864487171173,0
mujoco,slope_forward,2,2,449,4.489999999999834,1.0,0.0,0.5247650049395062,0.04127502901576803,0.028818405430063955,0.6845215463133191,0.08181092421573714,2.2197937965393066,0.1010696142911911,0
mujoco,slope_forward,2,2,450,4.4999999999998375,1.0,0.0,0.5260936208719511,0.03906451040279744,0.025431367884271184,0.6799434068209891,0.0781766375354237,2.1786627769470215,0.07344773411750793,0
mujoco,slope_forward,2,2,451,4.509999999999841,1.0,0.0,0.527322074995037,0.037077177940955414,0.022274913456860498,0.675804402095833,0.07422575840252493,2.16229510307312,0.06636649370193481,0
mujoco,slope_forward,2,2,452,4.519999999999844,1.0,0.0,0.5284838652902757,0.035361157268753385,0.019437715484806724,0.6706398496898962,0.06803227520358698,2.141826868057251,0.0653243213891983,0
mujoco,slope_forward,2,2,453,4.5299999999998475,1.0,0.0,0.5295972696301757,0.033880363516480966,0.016600409964069685,0.6663699828330047,0.06268360028360616,2.1250321865081787,0.07724977284669876,0
mujoco,slope_forward,2,2,454,4.539999999999851,1.0,0.0,0.5306754661293955,0.032467134981888746,0.013978306892914896,0.6611969985420688,0.06107790668968327,2.088106393814087,0.08136863261461258,0
mujoco,slope_forward,2,2,455,4.549999999999854,1.0,0.0,0.5317126167256981,0.031206639712962118,0.011387722649813727,0.6557896052066663,0.06154227617589857,2.0623037815093994,0.04995353892445564,0
mujoco,slope_forward,2,2,456,4.5599999999998575,1.0,0.0,0.5327196489326476,0.03009335125119153,0.008887296326203106,0.6503038467029163,0.06050223952377601,2.035975217819214,0.042268868535757065,0
mujoco,slope_forward,2,2,457,4.569999999999861,1.0,0.0,0.5337028658050611,0.029103002869012736,0.006573617583867682,0.6449216028562116,0.05651827025706855,2.012233257293701,0.03858507424592972,0
mujoco,slope_forward,2,2,458,4.579999999999864,1.0,0.0,0.534649586888905,0.02832209752020782,0.004321131897529556,0.639266746004769,0.05498627621104665,1.9880092144012451,0.04284558445215225,0
mujoco,slope_forward,2,2,459,4.5899999999998675,1.0,0.0,0.53555305242519,0.027495686777950307,0.002095654109069062,0.6336873459900444,0.05028740235556463,1.9688289165496826,0.05008064582943916,0
mujoco,slope_forward,2,2,460,4.599999999999871,1.0,0.0,0.5364212954551995,0.026791486256398357,5.322053394245227e-05,0.6274346910832984,0.04904990676763361,1.9495247602462769,0.03708707168698311,0
mujoco,slope_forward,2,2,461,4.609999999999874,1.0,0.0,0.5372591437669758,0.0262653557600192,-0.002006106395838094,0.621828641557517,0.045823082628886215,1.9343169927597046,0.033097557723522186,0
mujoco,slope_forward,2,2,462,4.6199999999998775,1.0,0.0,0.538069967937294,0.025768231732438904,-0.003825928034480792,0.6154845194034579,0.04539344136262799,1.9060953855514526,0.04984002560377121,0
mujoco,slope_forward,2,2,463,4.629999999999881,1.0,0.0,0.538839691540012,0.025367377665195475,-0.005734616339921766,0.6092475566595345,0.04354919215161076,1.8872061967849731,0.03612787276506424,0
mujoco,slope_forward,2,2,464,4.639999999999884,1.0,0.0,0.5395849070356108,0.025059076631979156,-0.007475989478816018,0.602950239512433,0.042540905429572916,1.864073634147644,0.041834454983472824,0
mujoco,slope_forward,2,2,465,4.649999999999888,1.0,0.0,0.5403102288491227,0.024847138296494986,-0.009043027073913665,0.5965187087978474,0.039820255597270156,1.8423981666564941,0.040975671261548996,0
mujoco,slope_forward,2,2,466,4.659999999999891,1.0,0.0,0.5409983099119167,0.02467314616880877,-0.010756217649489934,0.5903635226380911,0.041170030591833225,1.8195998668670654,0.04545934125781059,0
mujoco,slope_forward,2,2,467,4.669999999999894,1.0,0.0,0.5416610072587897,0.024567466649635945,-0.012253527066204344,0.5837105390651558,0.04078742469829724,1.7941884994506836,0.040151048451662064,0
mujoco,slope_forward,2,2,468,4.679999999999898,1.0,0.0,0.5422959061254771,0.024556189958722906,-0.0137118454519135,0.5771431005881548,0.03873796984551826,1.773867130279541,0.03752625361084938,0
mujoco,slope_forward,2,2,469,4.689999999999901,1.0,0.0,0.5429018030160903,0.024536546333294367,-0.015106142502372076,0.5706735205619015,0.040015741570671025,1.749163031578064,0.05152473598718643,0
mujoco,slope_forward,2,2,470,4.699999999999904,1.0,0.0,0.5434764863308371,0.02464324185983244,-0.016460861413208266,0.5636306483517204,0.03924118062235095,1.724805235862732,0.041614923626184464,0
mujoco,slope_forward,2,2,471,4.709999999999908,1.0,0.0,0.5440311103395515,0.024784754286048715,-0.017644259262417222,0.5569302936805693,0.04113479958827097,1.7033758163452148,0.04513728246092796,0
mujoco,slope_forward,2,2,472,4.719999999999911,1.0,0.0,0.5445573117540651,0.024928374063950758,-0.018787595684675237,0.5495918584001105,0.03928720972388139,1.6786261796951294,0.05160035938024521,0
mujoco,slope_forward,2,2,473,4.729999999999914,1.0,0.0,0.5450623838558848,0.025215251874298888,-0.019902937085058473,0.5430899972396889,0.04049458984075381,1.658736228942871,0.04189414903521538,0
mujoco,slope_forward,2,2,474,4.739999999999918,1.0,0.0,0.5455491619840356,0.02550723383000933,-0.020740396505932103,0.5351525240875933,0.0389850561799211,1.633239507675171,0.0555812232196331,0
mujoco,slope_forward,2,2,475,4.749999999999921,1.0,0.0,0.546007795024697,0.025897432069050243,-0.021794751712884367,0.5287493226115396,0.04216776764294137,1.617922306060791,0.04086732119321823,0
mujoco,slope_forward,2,2,476,4.759999999999924,1.0,0.0,0.5464519863107814,0.02634131663830759,-0.022507953177009942,0.5206223439996503,0.04049558425706383,1.593047022819519,0.05484732985496521,0
mujoco,slope_forward,2,2,477,4.769999999999928,1.0,0.0,0.5468638137229827,0.026834095021431702,-0.023425493178009373,0.5139523752368397,0.04622428546780012,1.5801340341567993,0.0429629422724247,0
mujoco,slope_forward,2,2,478,4.779999999999931,1.0,0.0,0.5472594432795499,0.027398909603451763,-0.024040545430325175,0.5059596526906379,0.04268498865409569,1.5579098463058472,0.05120186135172844,0
mujoco,slope_forward,2,2,479,4.789999999999934,1.0,0.0,0.5476228679601555,0.027969579780196752,-0.024786087320644048,0.49889038578586153,0.04853061171634021,1.547682762145996,0.04624476656317711,0
mujoco,slope_forward,2,2,480,4.799999999999938,1.0,0.0,0.5479697935716598,0.028611294245320062,-0.02528754394926967,0.4907369286702688,0.04515671656648259,1.5286778211593628,0.048223670572042465,0
mujoco,slope_forward,2,2,481,4.809999999999941,1.0,0.0,0.5482975918166104,0.029301690067910106,-0.02580702529372618,0.48317577045080334,0.05071179642275859,1.5200003385543823,0.042948585003614426,0
mujoco,slope_forward,2,2,482,4.819999999999944,1.0,0.0,0.5486140535654249,0.030015533861488947,-0.026178778910225537,0.4751419876342335,0.04445746794473986,1.5040557384490967,0.047514427453279495,0
mujoco,slope_forward,2,2,483,4.829999999999948,1.0,0.0,0.5489135277754628,0.03073821217867238,-0.026578434014759778,0.46760407935555076,0.05197166555574395,1.495995283126831,0.04614167660474777,0
mujoco,slope_forward,2,2,484,4.839999999999951,1.0,0.0,0.5491989329671603,0.03153791738475791,-0.02685601884811222,0.4593296036779599,0.045658689660757715,1.4807602167129517,0.0486861914396286,0
mujoco,slope_forward,2,2,485,4.849999999999954,1.0,0.0,0.5494706058322554,0.03231241848143033,-0.027075471080093748,0.4516254180091247,0.05469904865126442,1.475078821182251,0.043992385268211365,0
mujoco,slope_forward,2,2,486,4.859999999999958,1.0,0.0,0.5497269581379252,0.03321938708477019,-0.02724581087691448,0.44323074178213623,0.04699689722548947,1.462505578994751,0.051012072712183,0
mujoco,slope_forward,2,2,487,4.869999999999961,1.0,0.0,0.549971370344739,0.0340195103888058,-0.02730394962233531,0.4347913155125156,0.05060357023437751,1.4580107927322388,0.045459337532520294,0
mujoco,slope_forward,2,2,488,4.879999999999964,1.0,0.0,0.5502049492835265,0.034971192804041824,-0.027384466718120178,0.42668555749071185,0.048136373706782865,1.4515594244003296,0.050733014941215515,0
mujoco,slope_forward,2,2,489,4.889999999999968,1.0,0.0,0.550427803244848,0.03579405454528975,-0.027357682303138245,0.41789556247818427,0.043666135606988496,1.446232557296753,0.047770723700523376,0
mujoco,slope_forward,2,2,490,4.899999999999971,1.0,0.0,0.5506455652794117,0.0367265491738068,-0.027353281370083696,0.4101282583003991,0.05120265079432945,1.4442138671875,0.051291462033987045,0
mujoco,slope_forward,2,2,491,4.909999999999974,1.0,0.0,0.5508522877228932,0.03765426149235823,-0.02729429039739076,0.4011857857967243,0.03775287106366387,1.4367611408233643,0.05383608117699623,0
mujoco,slope_forward,2,2,492,4.919999999999978,1.0,0.0,0.55105407981547,0.0385544580646249,-0.027090869928983692,0.3927940773282528,0.044943697657769406,1.4385613203048706,0.04728091135621071,0
mujoco,slope_forward,2,2,493,4.929999999999981,1.0,0.0,0.5512480752075335,0.03956805549196051,-0.026987510640243073,0.3847576773004815,0.03932316308590531,1.4358826875686646,0.05104544386267662,0
mujoco,slope_forward,2,2,494,4.939999999999984,1.0,0.0,0.551430698792248,0.04046299138898058,-0.02667445174028608,0.3752654263018858,0.0342480546810658,1.4351893663406372,0.04513855651021004,0
mujoco,slope_forward,2,2,495,4.949999999999988,1.0,0.0,0.5516122592413037,0.04141438225834906,-0.026311584146740744,0.3673559374460076,0.04196461675033706,1.442219614982605,0.04435645043849945,0
mujoco,slope_forward,2,2,496,4.959999999999991,1.0,0.0,0.5517872101994923,0.042446796632157106,-0.026046174210710045,0.35908345736882963,0.02892553454971778,1.440812110900879,0.04860885441303253,0
mujoco,slope_forward,2,2,497,4.969999999999994,1.0,0.0,0.5519533574824064,0.04332409791219277,-0.02550984901067405,0.3493555551698823,0.028337058770928913,1.4448189735412598,0.039356861263513565,0
mujoco,slope_forward,2,2,498,4.979999999999998,1.0,0.0,0.552122049811808,0.044287277063944606,-0.024976189570775492,0.3415338521555798,0.03556966885893704,1.4542474746704102,0.04232868552207947,0
mujoco,slope_forward,2,2,499,4.990000000000001,1.0,0.0,0.5522886705932727,0.045327876347355266,-0.0245276983143792,0.33340751289093695,0.026256599374357398,1.4537831544876099,0.043512798845767975,0
mujoco,slope_forward,2,2,500,5.000000000000004,1.0,0.0,0.552446805575073,0.04622709059422855,-0.02383544091463025,0.3237645218647795,0.02141490425039686,1.4600275754928589,0.03429974243044853,0
mujoco,slope_forward,2,2,501,5.010000000000008,1.0,0.0,0.5526083737491089,0.0471769535321738,-0.023070145256278908,0.31558434416189707,0.027242354683770998,1.4704279899597168,0.03828383982181549,0
mujoco,slope_forward,2,2,502,5.020000000000011,1.0,0.0,0.5527764135021703,0.048191959122182555,-0.022334361767928912,0.30791134607112247,0.028722727150057137,1.4730315208435059,0.031699273735284805,0
mujoco,slope_forward,2,2,503,5.0300000000000145,1.0,0.0,0.5529324723832472,0.04918895341998779,-0.021653244659162713,0.29968400481321045,0.016222670515372756,1.478262186050415,0.028147445991635323,0
mujoco,slope_forward,2,2,504,5.040000000000018,1.0,0.0,0.5530847325471757,0.0500922255151476,-0.02063491416208433,0.2902567282386495,0.016731149654167048,1.4863736629486084,0.03266366198658943,0
mujoco,slope_forward,2,2,505,5.050000000000021,1.0,0.0,0.5532457229570995,0.05103679047367772,-0.01958639896405183,0.28241473406144096,0.02039658950408052,1.4964603185653687,0.025736035779118538,0
mujoco,slope_forward,2,2,506,5.0600000000000245,1.0,0.0,0.5534138645315027,0.052014409030009506,-0.018590726587204388,0.27511422517426676,0.02231718202614714,1.4998719692230225,0.022649675607681274,0
mujoco,slope_forward,2,2,507,5.070000000000028,1.0,0.0,0.5535743930277908,0.05298551503607271,-0.01767376052295957,0.26792310502454986,0.013234180508516543,1.503242015838623,0.02121514268219471,0
mujoco,slope_forward,2,2,508,5.080000000000031,1.0,0.0,0.5537273138543335,0.05382902486595006,-0.016469051106420062,0.2588999675056131,0.007247535395746881,1.5088635683059692,0.020164644345641136,0
mujoco,slope_forward,2,2,509,5.0900000000000345,1.0,0.0,0.5538852042195737,0.05469997385166433,-0.015146389063785555,0.2510009123512658,0.011183519784925475,1.5192681550979614,0.02998095564544201,0
mujoco,slope_forward,2,2,510,5.100000000000038,1.0,0.0,0.5540556447310686,0.0556304575242991,-0.013784488195378888,0.24340571796071847,0.013442319749843158,1.5215624570846558,0.012914164923131466,0
mujoco,slope_forward,2,2,511,5.110000000000041,1.0,0.0,0.5542301114051678,0.05655924188470458,-0.012507782658616216,0.2368648207505325,0.014893616415206187,1.524905800819397,0.014039088040590286,0
mujoco,slope_forward,2,2,512,5.1200000000000445,1.0,0.0,0.5544012767130991,0.05745525877501351,-0.011280421067407228,0.23087058881902653,0.015027330156040576,1.5267423391342163,0.013462644070386887,0
mujoco,slope_forward,2,2,513,5.130000000000048,1.0,0.0,0.5545637448208339,0.05830004979802162,-0.009912671599193502,0.22377466115446046,-0.0020370193977015047,1.5288820266723633,0.013976052403450012,0
mujoco,slope_forward,2,2,514,5.140000000000051,1.0,0.0,0.5547227796304196,0.05907690285700282,-0.008314156037587615,0.21576750588183374,0.00022319710625184831,1.5357211828231812,0.02551875449717045,0
mujoco,slope_forward,2,2,515,5.1500000000000545,1.0,0.0,0.5548902911292692,0.05991091369375326,-0.0066329322128276065,0.20852166806929423,0.006106040276942967,1.542345643043518,0.028571562841534615,0
mujoco,slope_forward,2,2,516,5.160000000000058,1.0,0.0,0.5550734131593861,0.06076675033799683,-0.004951684246380677,0.20175248250598998,0.010148612678732299,1.5431385040283203,0.020174957811832428,0
mujoco,slope_forward,2,2,517,5.170000000000061,1.0,0.0,0.5552695411641322,0.06158221490376531,-0.0033599768194180544,0.19582333168489138,0.014172987664273988,1.5433944463729858,0.02379579469561577,0
mujoco,slope_forward,2,2,518,5.1800000000000646,1.0,0.0,0.555474775348921,0.06235905881098205,-0.0018415564319841894,0.19043369588312584,0.017659553187648516,1.542366862297058,0.01923908293247223,0
mujoco,slope_forward,2,2,519,5.190000000000068,1.0,0.0,0.5556859359312518,0.0631098247847568,-0.0003872370296123912,0.18566382537360085,0.020464749540842236,1.5429028272628784,0.020650222897529602,0
mujoco,slope_forward,2,2,520,5.200000000000071,1.0,0.0,0.5559009858675009,0.06383887309098178,0.0010080349820778775,0.18124527251361092,0.021275797754950292,1.5442109107971191,0.01910794898867607,0
mujoco,slope_forward,2,2,521,5.210000000000075,1.0,0.0,0.556119044881306,0.06455612879326873,0.002546540585137661,0.17564876856019102,0.0066109186058291025,1.5459576845169067,0.024571474641561508,0
mujoco,slope_forward,2,2,522,5.220000000000078,1.0,0.0,0.5563438218881112,0.06521509312940203,0.004086858332159394,0.17103925833205982,-0.002267562766349769,1.5502556562423706,0.04000118002295494,0
mujoco,slope_forward,2,2,523,5.230000000000081,1.0,0.0,0.5565839785321863,0.06583967021915178,0.005617906977571972,0.166501191526076,-0.0049661139598842965,1.5507748126983643,0.030293025076389313,0
mujoco,slope_forward,2,2,524,5.240000000000085,1.0,0.0,0.5568392525317801,0.06641906676793452,0.0072133865824025485,0.1609113524432053,0.0075799745184034605,1.5505964756011963,0.03174252435564995,0
mujoco,slope_forward,2,2,525,5.250000000000088,1.0,0.0,0.5571110536518932,0.06699257034660008,0.008766898124781186,0.15597118445471667,0.01918235244090567,1.5522900819778442,0.037349142134189606,0
mujoco,slope_forward,2,2,526,5.260000000000091,1.0,0.0,0.5574031686124421,0.0675451561559521,0.010273741239442118,0.15134747223096942,0.026625434255048416,1.5517584085464478,0.030490383505821228,0
mujoco,slope_forward,2,2,527,5.270000000000095,1.0,0.0,0.5577136926362396,0.06805472303522861,0.011690761364836643,0.14730184784474507,0.03285668221466338,1.5526740550994873,0.02973087504506111,0
mujoco,slope_forward,2,2,528,5.280000000000098,1.0,0.0,0.5580403412105237,0.06851906808254112,0.01302859411448485,0.143659451947399,0.03673854085922116,1.553576946258545,0.026715731248259544,0
mujoco,slope_forward,2,2,529,5.290000000000101,1.0,0.0,0.5583807707792182,0.06894228474239734,0.014293623375547432,0.14048130146412072,0.039830598745626535,1.5558754205703735,0.02820616215467453,0
mujoco,slope_forward,2,2,530,5.300000000000105,1.0,0.0,0.55873281597187,0.0693201958881125,0.015485341416477106,0.13772353506049648,0.04279561423472162,1.5578795671463013,0.02628025785088539,0
mujoco,slope_forward,2,2,531,5.310000000000108,1.0,0.0,0.5590941398688485,0.06966384739508105,0.016586071908441562,0.1353789955330887,0.047465504593634446,1.5596234798431396,0.026468152180314064,0
mujoco,slope_forward,2,2,532,5.320000000000111,1.0,0.0,0.559463083342648,0.06997166731257529,0.01759978317397773,0.13337090650935488,0.053326639159502774,1.5611412525177002,0.027003103867173195,0
mujoco,slope_forward,2,2,533,5.330000000000115,1.0,0.0,0.5598381789355379,0.07025113608907016,0.018656193109890504,0.13026062935687,0.04416297282528686,1.5626145601272583,0.026446672156453133,0
mujoco,slope_forward,2,2,534,5.340000000000118,1.0,0.0,0.5602193199252996,0.07048001878355549,0.019773664646317593,0.1273066676127262,0.03338264823943513,1.566589117050171,0.034458987414836884,0
mujoco,slope_forward,2,2,535,5.350000000000121,1.0,0.0,0.5606128774289628,0.07067082975741089,0.02087893437170771,0.12471601591216021,0.02792953277268587,1.5699739456176758,0.03263526037335396,0
mujoco,slope_forward,2,2,536,5.360000000000125,1.0,0.0,0.5610208003109146,0.07083828636127555,0.021936540119815533,0.12245383449003588,0.02535877704647666,1.5709762573242188,0.0295551847666502,0
mujoco,slope_forward,2,2,537,5.370000000000128,1.0,0.0,0.5614420926573662,0.07098162610196607,0.022945663890349712,0.12045299848620175,0.024944414515107913,1.5715882778167725,0.027767540886998177,0
mujoco,slope_forward,2,2,538,5.380000000000131,1.0,0.0,0.5618744903726802,0.07109980611154601,0.02390429298952876,0.11876654412714711,0.02539554175364567,1.5726531744003296,0.026566704735159874,0
mujoco,slope_forward,2,2,539,5.390000000000135,1.0,0.0,0.562315306686996,0.07119114686397204,0.02481732288743295,0.1173729626909759,0.02664970524059854,1.5736241340637207,0.023743702098727226,0
mujoco,slope_forward,2,2,540,5.400000000000138,1.0,0.0,0.5627618231566061,0.07125479224340159,0.025692855797878715,0.11629221443641173,0.02847582477171308,1.5750854015350342,0.022730909287929535,0
mujoco,slope_forward,2,2,541,5.410000000000141,1.0,0.0,0.5632120497040843,0.07129508920141638,0.026537882261637488,0.11554460689369365,0.03053877969511271,1.5780714750289917,0.02411184273660183,0
mujoco,slope_forward,2,2,542,5.420000000000145,1.0,0.0,0.5636644920467924,0.0713208775249386,0.02735259310342593,0.11514545029715696,0.032787595139900885,1.5812127590179443,0.023922419175505638,0
mujoco,slope_forward,2,2,543,5.430000000000148,1.0,0.0,0.5641176480568482,0.07133836655042587,0.02813718216461523,0.11506805278225572,0.035776897637141605,1.583607792854309,0.02333284728229046,0
mujoco,slope_forward,2,2,544,5.440000000000151,1.0,0.0,0.5645701455612492,0.07134773161671865,0.028901444802845084,0.11528697186221362,0.03914136002781505,1.5856690406799316,0.02363724261522293,0
mujoco,slope_forward,2,2,545,5.450000000000155,1.0,0.0,0.5650203898245795,0.07133517740703108,0.029640799036132086,0.11584232053098141,0.0426819307881325,1.5882846117019653,0.02411716803908348,0
mujoco,slope_forward,2,2,546,5.460000000000158,1.0,0.0,0.5654660181865988,0.07130871189339305,0.030413851360549273,0.11559603533827661,0.03522788475493688,1.591140627861023,0.02379254437983036,0
mujoco,slope_forward,2,2,547,5.470000000000161,1.0,0.0,0.5659071450103776,0.07125797440908704,0.03129123653035618,0.11523731977115362,0.023983932112557598,1.597121000289917,0.029701096937060356,0
mujoco,slope_forward,2,2,548,5.480000000000165,1.0,0.0,0.5663496828228731,0.07118672204226002,0.032177642917090264,0.1153920315168194,0.018472653029464638,1.603924036026001,0.03189253434538841,0
mujoco,slope_forward,2,2,549,5.490000000000168,1.0,0.0,0.5667963716090662,0.07112511919505045,0.033049741202406197,0.11581869215544674,0.01603614397434609,1.6072739362716675,0.028010370209813118,0
mujoco,slope_forward,2,2,550,5.500000000000171,1.0,0.0,0.5672456528894934,0.07108418409072871,0.03388212262634662,0.11659235172633725,0.015981613440163186,1.6098403930664062,0.02777516283094883,0
mujoco,slope_forward,2,2,551,5.510000000000175,1.0,0.0,0.567695149595622,0.07104316213400873,0.03468451638687561,0.1175867505203176,0.01687289556241387,1.612112045288086,0.025881651788949966,0
mujoco,slope_forward,2,2,552,5.520000000000178,1.0,0.0,0.5681420442114276,0.07099182637218776,0.0354473463387745,0.11893050195043513,0.01887602985206912,1.6157729625701904,0.025478744879364967,0
mujoco,slope_forward,2,2,553,5.530000000000181,1.0,0.0,0.5685843120179425,0.07093072951463694,0.03618196242427245,0.12057011583775254,0.021157336767448638,1.619348168373108,0.023867584764957428,0
mujoco,slope_forward,2,2,554,5.540000000000185,1.0,0.0,0.5690204618395441,0.07086225817219935,0.03688978212876635,0.12257634382209076,0.02376373788384459,1.6251517534255981,0.026015661656856537,0
mujoco,slope_forward,2,2,555,5.550000000000188,1.0,0.0,0.5694497028085855,0.07078459295945247,0.03757090316014367,0.12494347745421959,0.02646606464824657,1.6317424774169922,0.026665931567549706,0
mujoco,slope_forward,2,2,556,5.5600000000001915,1.0,0.0,0.5698711328504295,0.07070244188738646,0.038215563909827235,0.12769604280804941,0.02990358047895273,1.638216257095337,0.02756313793361187,0
mujoco,slope_forward,2,2,557,5.570000000000195,1.0,0.0,0.5702824267025443,0.07063787435577176,0.038929662423997015,0.1291474694573062,0.016816149654874282,1.644883394241333,0.028869669884443283,0
mujoco,slope_forward,2,2,558,5.580000000000198,1.0,0.0,0.5706895879603957,0.07052577838434824,0.039723965298299,0.13122162131484125,0.006697153644199097,1.6589864492416382,0.03928263485431671,0
mujoco,slope_forward,2,2,559,5.5900000000002015,1.0,0.0,0.571100694679726,0.07039986192113014,0.04049905647266143,0.13384351553821025,0.0027118810576393683,1.672379732131958,0.03743940591812134,0
mujoco,slope_forward,2,2,560,5.600000000000205,1.0,0.0,0.5715173964029329,0.07028030805003707,0.0412261625094228,0.13679907936598312,0.0011342229770402437,1.6818828582763672,0.03417184576392174,0
mujoco,slope_forward,2,2,561,5.610000000000208,1.0,0.0,0.5719374573635464,0.070165849379021,0.0418854087364602,0.14015384726212235,0.0008593662559620494,1.691513180732727,0.03412066400051117,0
mujoco,slope_forward,2,2,562,5.6200000000002115,1.0,0.0,0.5723580124674228,0.07005762225214046,0.042482543948878015,0.14385618187862095,0.0008591578827903608,1.7011899948120117,0.032260067760944366,0
mujoco,slope_forward,2,2,563,5.630000000000215,1.0,0.0,0.5727750126309399,0.06994644291799657,0.043022239600510624,0.14735995712934896,0.005620093043259758,1.710950493812561,0.030782373622059822,0
mujoco,slope_forward,2,2,564,5.640000000000218,1.0,0.0,0.573186700827786,0.06983870747870326,0.04364324637058711,0.1500186312991825,0.022307757373728754,1.7247519493103027,0.035030547529459,0
mujoco,slope_forward,2,2,565,5.6500000000002215,1.0,0.0,0.5735966177154559,0.0697576477105832,0.04425205112491694,0.1528767729900059,0.02872907466201586,1.7473995685577393,0.045327309519052505,0
mujoco,slope_forward,2,2,566,5.660000000000225,1.0,0.0,0.5740127045809797,0.06966122528137231,0.044973868130760805,0.15521675588584205,0.019542188303898436,1.7716705799102783,0.04584309458732605,0
mujoco,slope_forward,2,2,567,5.670000000000228,1.0,0.0,0.5744447857783092,0.06951781357907656,0.04567052852759181,0.1584237376825449,0.012664649496177398,1.800354242324829,0.05198489502072334,0
mujoco,slope_forward,2,2,568,5.6800000000002315,1.0,0.0,0.5748981537944913,0.0693619931711912,0.04624716509292593,0.16217878025468374,0.009356869116262403,1.821323037147522,0.0442897267639637,0
mujoco,slope_forward,2,2,569,5.690000000000235,1.0,0.0,0.575370693857166,0.06921775729939338,0.04668145741518733,0.16640111166475938,0.008006689982022424,1.838036060333252,0.04070596769452095,0
mujoco,slope_forward,2,2,570,5.700000000000238,1.0,0.0,0.5758568797287013,0.06909562495940418,0.046985976645572664,0.1710588244149816,0.0076952254880340515,1.852384328842163,0.03659273684024811,0
mujoco,slope_forward,2,2,571,5.7100000000002415,1.0,0.0,0.5763494809992203,0.06899762717878467,0.04717204880905126,0.17616355466240644,0.008264988884880333,1.865372657775879,0.033702921122312546,0
mujoco,slope_forward,2,2,572,5.720000000000245,1.0,0.0,0.5768408775578739,0.06890208420665184,0.047264885712513284,0.18147247871828276,0.007107609246653815,1.8774620294570923,0.03146315738558769,0
mujoco,slope_forward,2,2,573,5.730000000000248,1.0,0.0,0.5773277248393958,0.0687462384547695,0.047463665208159485,0.18586481528692503,-0.01228829462940742,1.8932368755340576,0.03300061821937561,0
mujoco,slope_forward,2,2,574,5.740000000000252,1.0,0.0,0.5778161329266852,0.06849292838992364,0.04778156571744925,0.1896600466444207,-0.013576063028866766,1.921239972114563,0.044043395668268204,0
mujoco,slope_forward,2,2,575,5.750000000000255,1.0,0.0,0.5783203937024909,0.06829563210355381,0.04813959122372159,0.1940399345321093,-0.0055572737387406135,1.9559407234191895,0.050933320075273514,0
mujoco,slope_forward,2,2,576,5.760000000000258,1.0,0.0,0.5788483548948001,0.06815316815326748,0.04838277477592698,0.19903636980751102,-0.0016083575615300613,1.9832963943481445,0.04644714668393135,0
mujoco,slope_forward,2,2,577,5.770000000000262,1.0,0.0,0.5793957829605304,0.06800399062740518,0.04847050874744592,0.20477908071519405,-0.00012714373133252836,2.0052709579467773,0.03937555104494095,0
mujoco,slope_forward,2,2,578,5.780000000000265,1.0,0.0,0.5799520719718303,0.06784033249814074,0.04838046300969078,0.211144367945063,0.00033927452006558985,2.0224759578704834,0.031990475952625275,0
mujoco,slope_forward,2,2,579,5.790000000000268,1.0,0.0,0.5805091820185683,0.06764725696763654,0.04830172208620174,0.2162547845652682,-0.017255276981742784,2.033912420272827,0.025190822780132294,0
mujoco,slope_forward,2,2,580,5.800000000000272,1.0,0.0,0.581068748922712,0.06731384798970838,0.04829772946786702,0.2213554016581885,-0.024910587038773066,2.0565035343170166,0.03521125018596649,0
mujoco,slope_forward,2,2,581,5.810000000000275,1.0,0.0,0.5816409473783934,0.06700836099992863,0.04834692103687566,0.22676349103666227,-0.0178226458874369,2.0880913734436035,0.04125368222594261,0
mujoco,slope_forward,2,2,582,5.820000000000278,1.0,0.0,0.5822325916032626,0.0667793962975157,0.048309611784749615,0.2328922441479209,-0.012305138814495221,2.1170125007629395,0.0424339585006237,0
mujoco,slope_forward,2,2,583,5.830000000000282,1.0,0.0,0.5828385257697234,0.0665549076375593,0.048083698900302195,0.23976419568161633,-0.006827946008270313,2.139352798461914,0.037054531276226044,0
mujoco,slope_forward,2,2,584,5.840000000000285,1.0,0.0,0.5834465697048361,0.06629588121610025,0.04777545217666788,0.24569027003787294,-0.019743518906012524,2.152233600616455,0.029112791642546654,0
mujoco,slope_forward,2,2,585,5.850000000000288,1.0,0.0,0.5840576211867714,0.0658437085409562,0.04759040472980343,0.2511143133422489,-0.026603832382916547,2.173694133758545,0.034699175506830215,0
mujoco,slope_forward,2,2,586,5.860000000000292,1.0,0.0,0.584687450223635,0.0654288239583226,0.04744178417542034,0.25743437505925365,-0.021129415920990362,2.211179733276367,0.045984312891960144,0
mujoco,slope_forward,2,2,587,5.870000000000295,1.0,0.0,0.5853426627463104,0.06508543274220216,0.04711989690105988,0.2645911435879475,-0.01832544997832935,2.2401812076568604,0.0411728136241436,0
mujoco,slope_forward,2,2,588,5.880000000000298,1.0,0.0,0.5860118670351858,0.06472691513431815,0.04657262919729923,0.27188358732473894,-0.020434200969262996,2.2586495876312256,0.031003642827272415,0
mujoco,slope_forward,2,2,589,5.890000000000302,1.0,0.0,0.5866877817651496,0.06420705352154273,0.04616169015530808,0.27729884368027885,-0.029338953666564038,2.27838134765625,0.035233307629823685,0
mujoco,slope_forward,2,2,590,5.900000000000305,1.0,0.0,0.5873885441096106,0.0636734356884017,0.04579877649298376,0.28414315770724974,-0.026668271361953596,2.3311727046966553,0.06416776031255722,0
mujoco,slope_forward,2,2,591,5.910000000000308,1.0,0.0,0.5881275562779185,0.06318009685440273,0.045210816122549576,0.29195245580109613,-0.027131057898503754,2.3705015182495117,0.05129312351346016,0
mujoco,slope_forward,2,2,592,5.920000000000312,1.0,0.0,0.5888927981903926,0.06265703841317241,0.04432578680714645,0.2995425837938067,-0.029151653856120285,2.393920421600342,0.03649967536330223,0
mujoco,slope_forward,2,2,593,5.930000000000315,1.0,0.0,0.5896857806495983,0.062056269912165146,0.04369911750321322,0.30513049618375754,-0.03305400783844763,2.4233922958374023,0.04351898655295372,0
mujoco,slope_forward,2,2,594,5.940000000000318,1.0,0.0,0.590523351901191,0.06142317173112559,0.0428851761853377,0.31332668428456456,-0.035125570955833324,2.4900619983673096,0.07939886301755905,0
mujoco,slope_forward,2,2,595,5.950000000000322,1.0,0.0,0.5914111548224085,0.06077227998261371,0.041747208954399616,0.32197556201263877,-0.037254614851499473,2.522226572036743,0.04903240501880646,0
mujoco,slope_forward,2,2,596,5.960000000000325,1.0,0.0,0.5923342805959958,0.06010479711862493,0.04050053505321081,0.3283679618574213,-0.03409709303945988,2.5452945232391357,0.04418104514479637,0
mujoco,slope_forward,2,2,597,5.970000000000328,1.0,0.0,0.5933145191986103,0.05940210400553945,0.039336327319226705,0.3360835863276483,-0.04048868202674732,2.608247756958008,0.08074241876602173,0
mujoco,slope_forward,2,2,598,5.980000000000332,1.0,0.0,0.594363544910326,0.05863274691839852,0.03776035442218985,0.34531705720476535,-0.04057522764605081,2.6683995723724365,0.08243033289909363,0
mujoco,slope_forward,2,2,599,5.990000000000335,1.0,0.0,0.5954815852483468,0.057925949289270716,0.035962750271591605,0.3529155527285398,-0.02960298431134099,2.705758571624756,0.07124628126621246,0
mujoco,slope_forward,2,2,600,6.000000000000338,1.0,0.0,0.5966871458002941,0.05719733831984831,0.034137751402952,0.3613360356069766,-0.041371671043241014,2.7745206356048584,0.10267080366611481,0
mujoco,slope_forward,2,2,601,6.010000000000342,1.0,0.0,0.5979910306647006,0.05632787477581173,0.031877738245203485,0.3708007276377067,-0.0401414077700214,2.8485708236694336,0.11816287785768509,0
mujoco,slope_forward,2,2,602,6.020000000000345,1.0,0.0,0.5994077681830225,0.05561495194627686,0.02930534622816729,0.3796976710512683,-0.031583180627553345,2.9157907962799072,0.12855127453804016,0
mujoco,slope_forward,2,2,603,6.030000000000348,1.0,0.0,0.6009583557776136,0.05482614610124494,0.026543158366718736,0.389277991693648,-0.0492908361286867,3.002516746520996,0.16045139729976654,0
mujoco,slope_forward,2,2,604,6.040000000000352,1.0,0.0,0.6026583103631629,0.053970119129292164,0.02338338258524407,0.3991543139479436,-0.03653571489033931,3.100273847579956,0.17650766670703888,0
mujoco,slope_forward,2,2,605,6.050000000000355,1.0,0.0,0.6045313147994853,0.05334359304221587,0.019870478748862882,0.4092373057258201,-0.04449677454874561,3.2041311264038086,0.1925547569990158,0
mujoco,slope_forward,2,2,606,6.060000000000358,1.0,0.0,0.6065925453461807,0.05257967770202709,0.016023412294257654,0.41924325098873255,-0.048516482359388984,3.316558599472046,0.2243993878364563,0
mujoco,slope_forward,2,2,607,6.070000000000362,1.0,0.0,0.608881457219478,0.05201476522216721,0.011887678032359615,0.43073987246225715,-0.04163347359410351,3.458012819290161,0.25296616554260254,0
mujoco,slope_forward,2,2,608,6.080000000000365,1.0,0.0,0.611409158130254,0.051503901657881344,0.007278336727835733,0.441172566161644,-0.055455179770705736,3.6136422157287598,0.29114121198654175,0
mujoco,slope_forward,2,2,609,6.0900000000003685,1.0,0.0,0.6142059867984482,0.05102079104888715,0.0024815411287456594,0.4528219674368449,-0.05215606782150181,3.8093652725219727,0.32812246680259705,0
mujoco,slope_forward,2,2,610,6.100000000000372,1.0,0.0,0.617264885611346,0.05058734418480792,-0.002998031210318161,0.46526982512493475,-0.04548574652858783,4.034217834472656,0.3729352653026581,0
mujoco,slope_forward,2,2,611,6.110000000000375,1.0,0.0,0.6205644540253094,0.0500239859045927,-0.008418997065497806,0.47653586026348366,-0.032004864554010304,4.299903392791748,0.44437822699546814,0
mujoco,slope_forward,2,2,612,6.1200000000003785,1.0,0.0,0.6239880471765026,0.048940864650092876,-0.014261728375641342,0.4902232474589987,0.0063630857793242545,4.574985504150391,0.5156251192092896,0
mujoco,slope_forward,2,2,613,6.130000000000382,1.0,0.0,0.6273777866999987,0.04756158724302266,-0.018302864548454537,0.49781224487050024,0.067137367465102,4.776005268096924,0.635891318321228,0
mujoco,slope_forward,2,2,614,6.140000000000385,1.0,0.0,0.6306027652710346,0.046500221544386634,-0.018149158070635586,0.4997168875620023,0.24476030782968586,4.836775302886963,1.016297459602356,0
mujoco,slope_forward,2,2,615,6.1500000000003885,1.0,0.0,0.63351263571388,0.04334276704299999,-0.016084919582333018,0.49920998873163364,0.5109363575376089,4.022437572479248,1.063693642616272,0
mujoco,slope_forward,2,2,616,6.160000000000392,1.0,0.0,0.6358928541913185,0.036797570268614375,-0.013839563873263658,0.5002304383948942,0.6687003899133743,3.365591049194336,1.291205883026123,0
mujoco,slope_forward,2,2,617,6.170000000000395,1.0,0.0,0.6378143134180675,0.03239922217377936,-0.009686172189264292,0.5119651756722515,0.687223938763376,3.4092094898223877,0.923445999622345,0
mujoco,slope_forward,2,2,618,6.1800000000003985,1.0,0.0,0.6392604350559182,0.027756516288589553,-0.006468846411083817,0.5164219451724493,0.7373348823512487,2.910217523574829,0.8094906210899353,0
mujoco,slope_forward,2,2,619,6.190000000000402,1.0,0.0,0.6399584497628013,0.02278670175538533,-0.0011316765504569056,0.5122143062896471,0.6858001274974286,2.594393014907837,0.7617030143737793,0
mujoco,slope_forward,2,2,620,6.200000000000405,1.0,0.0,0.6398422517064984,0.019886421943642093,0.005814050556766285,0.5115351744080977,0.514580381815366,2.489799976348877,0.42151132225990295,0
mujoco,slope_forward,2,2,621,6.2100000000004085,1.0,0.0,0.6391941698671317,0.018152019743082823,0.01435891007594352,0.5088723798509758,0.33242613148732586,2.529332399368286,0.7153571844100952,0
mujoco,slope_forward,2,2,622,6.220000000000412,1.0,0.0,0.6384651185331014,0.015828784833735843,0.022293898064566872,0.5132447139695865,0.13234232155885514,3.0521697998046875,0.8213499784469604,0
mujoco,slope_forward,2,2,623,6.230000000000415,1.0,0.0,0.6378702907422328,0.012526730044700916,0.027569872482165688,0.5221659504365063,-0.037691086835869705,3.299135446548462,0.38190802931785583,0
mujoco,slope_forward,2,2,624,6.2400000000004185,1.0,0.0,0.6375521668197252,0.00992356964750827,0.03287774158358099,0.5259975473205529,-0.12300513806101576,3.553105592727661,0.37490296363830566,0
mujoco,slope_forward,2,2,625,6.250000000000422,1.0,0.0,0.6375897221871742,0.007492706867268363,0.03714509300488409,0.5347029152672851,-0.16758714065072847,3.8987109661102295,0.40524008870124817,0
mujoco,slope_forward,2,2,626,6.260000000000425,1.0,0.0,0.638044573356077,0.005365360599494161,0.040286510177978935,0.5432600291832091,-0.15832360903594153,3.969698667526245,0.31109267473220825,0
mujoco,slope_forward,2,2,627,6.270000000000429,1.0,0.0,0.6389109739008494,0.0032316186667234355,0.04219551567226192,0.5541830755776475,-0.13363354803568933,4.115151882171631,0.36055123805999756,0
mujoco,slope_forward,2,2,628,6.280000000000432,1.0,0.0,0.640192975309094,0.001593457018358752,0.043328746029756476,0.566598071891815,-0.07890442117351897,4.261532783508301,0.4016207754611969,0
mujoco,slope_forward,2,2,629,6.290000000000435,1.0,0.0,0.6419469098575963,0.0004740082808236763,0.04315240400215853,0.5839845229230323,-0.007895176847999239,4.5606489181518555,0.4551204741001129,0
mujoco,slope_forward,2,2,630,6.300000000000439,1.0,0.0,0.6442503256242703,-0.00010730664444519929,0.041618835454929434,0.6020612370829637,0.04155779501161021,4.8934550285339355,0.47377726435661316,0
mujoco,slope_forward,2,2,631,6.310000000000442,1.0,0.0,0.647011542297098,-0.0008462389491761737,0.03817715868484266,0.6183950583127225,0.08878963497174568,5.098525047302246,0.5079571008682251,0
mujoco,slope_forward,2,2,632,6.320000000000445,1.0,0.0,0.6499002256587736,-0.0018315049169055758,0.03411388824356504,0.6258226361779248,0.10401379712668672,5.050832748413086,0.6941905617713928,0
mujoco,slope_forward,2,2,633,6.330000000000449,1.0,0.0,0.6524848814624604,-0.004003676904109504,0.03242918106091654,0.619503910400107,0.07922767229704424,4.651639461517334,1.0961717367172241,0
mujoco,slope_forward,2,2,634,6.340000000000452,1.0,0.0,0.6546320033143982,-0.006692884065143572,0.03420965718572967,0.6168940774227488,-0.05484480167349374,4.096435070037842,0.9100293517112732,0
mujoco,slope_forward,2,2,635,6.350000000000455,1.0,0.0,0.6562610009401264,-0.006446452354320996,0.03724291313073649,0.6160460703160834,-0.19944329403411493,3.471630334854126,1.091230869293213,0
mujoco,slope_forward,2,2,636,6.360000000000459,1.0,0.0,0.6572195760046025,-0.0032558236620059797,0.03987316754137569,0.6159511899369259,-0.2633259797419289,3.078556537628174,1.0771300792694092,0
mujoco,slope_forward,2,2,637,6.370000000000462,1.0,0.0,0.6576118043500275,-0.0010286791176770903,0.04443970642705912,0.6074929137442346,-0.23999724477540055,3.179551839828491,0.8153432607650757,0
mujoco,slope_forward,2,2,638,6.380000000000465,1.0,0.0,0.6574358748293062,0.0028971680555068442,0.04835845950809736,0.6032648259711163,-0.2488224610199593,3.425795793533325,0.9313495755195618,0
mujoco,slope_forward,2,2,639,6.390000000000469,1.0,0.0,0.6568677490625638,0.007039655980082624,0.05439708579370572,0.5898404320055521,-0.3202016751428808,3.7124218940734863,0.5504401326179504,0
mujoco,slope_forward,2,2,640,6.400000000000472,1.0,0.0,0.6560342191940906,0.011177075287991852,0.05970772344741769,0.5807121435007521,-0.37299929886298067,4.077353000640869,0.5484669804573059,0
mujoco,slope_forward,2,2,641,6.410000000000475,1.0,0.0,0.6550692578801508,0.014754939719762947,0.06338137234169344,0.5739469918190436,-0.5104860548693471,4.242868900299072,0.4698337912559509,0
mujoco,slope_forward,2,2,642,6.420000000000479,1.0,0.0,0.6539370970387093,0.018427675164818386,0.0656555882067161,0.5685301837850106,-0.5439108752073079,4.070768356323242,0.5298289656639099,0
mujoco,slope_forward,2,2,643,6.430000000000482,1.0,0.0,0.6524974312846621,0.021975214903426035,0.06886475244656502,0.5622865222447921,-0.5212522086778201,3.73789644241333,0.632487952709198,0
mujoco,slope_forward,2,2,644,6.440000000000485,1.0,0.0,0.6507801569810332,0.02466948915039031,0.07631677450388948,0.5534306655137066,-0.5197991197523024,3.6798346042633057,0.31160470843315125,0
mujoco,slope_forward,2,2,645,6.450000000000489,1.0,0.0,0.6488438870433765,0.0277560334896451,0.08527966019024062,0.5491131240525695,-0.5890268187784587,3.8428566455841064,0.33019447326660156,0
mujoco,slope_forward,2,2,646,6.460000000000492,1.0,0.0,0.6467756663878294,0.031794039825495085,0.09440909525891471,0.5447963679085962,-0.7180118604316315,4.006487846374512,0.24618564546108246,0
mujoco,slope_forward,2,2,647,6.470000000000495,1.0,0.0,0.6446425618468206,0.03711947873830212,0.10331525050136084,0.541380594536599,-0.8768614533420063,4.19327449798584,0.31011733412742615,0
mujoco,slope_forward,2,2,648,6.480000000000499,1.0,0.0,0.6424749260538274,0.04380672493546826,0.1118210926538752,0.5371338033401774,-1.0665022394199488,4.393747806549072,0.3383444547653198,0
mujoco,slope_forward,2,2,649,6.490000000000502,1.0,0.0,0.6403249564137262,0.051707750948612,0.12007383710015976,0.5321046485841113,-1.27113262332072,4.610381603240967,0.3858402669429779,0
mujoco,slope_forward,2,2,650,6.500000000000505,1.0,0.0,0.6382330255332274,0.060531404465356084,0.1280028134760866,0.5264116409730633,-1.4832485804726379,4.746675491333008,0.2730805575847626,0
mujoco,slope_forward,2,2,651,6.510000000000509,1.0,0.0,0.6361856880443081,0.07015939219843723,0.1351683151342444,0.5224510971962173,-1.675066973159644,4.810581684112549,0.16323129832744598,0
mujoco,slope_forward,2,2,652,6.520000000000512,1.0,0.0,0.6341632035780671,0.08038597665698582,0.14225080246630228,0.5176185546969504,-1.8293450941764688,4.819522380828857,0.12184812873601913,0
mujoco,slope_forward,2,2,653,6.530000000000515,1.0,0.0,0.632023783788729,0.0905532193166348,0.14826844920595564,0.5159324085747619,-1.9719221539332845,4.779305934906006,0.1737985908985138,0
mujoco,slope_forward,2,2,654,6.540000000000519,1.0,0.0,0.6296360902132138,0.10046139950039837,0.15463624176391846,0.5128468424513825,-2.030327713293741,4.677145957946777,0.25901737809181213,0
mujoco,slope_forward,2,2,655,6.550000000000522,1.0,0.0,0.6268177243523902,0.10968278919480544,0.1607141935525943,0.5156359290133149,-2.1009765579913044,4.621574401855469,0.3701525628566742,0
mujoco,slope_forward,2,2,656,6.560000000000525,1.0,0.0,0.6234285714676551,0.11797929486201904,0.168031001723207,0.5183110817004216,-2.0858410875954405,4.441126346588135,0.5048496723175049,0
mujoco,slope_forward,2,2,657,6.570000000000529,1.0,0.0,0.6195907799262838,0.12686561434461538,0.17825899248939422,0.5277261216297583,-1.997774248433792,4.2513017654418945,0.7582399249076843,0
mujoco,slope_forward,2,2,658,6.580000000000532,1.0,0.0,0.6155015629804043,0.136225685071036,0.19277191810408148,0.5367027868885412,-1.7863812373763328,3.874906539916992,1.0459914207458496,0
mujoco,slope_forward,2,2,659,6.590000000000535,1.0,0.0,0.6114899423831395,0.14612557066520582,0.2112298628052825,0.5513677077381536,-1.4105094029240077,3.587655782699585,1.2916032075881958,0
mujoco,slope_forward,2,2,660,6.600000000000539,1.0,0.0,0.6080237750466876,0.15557196726465397,0.22885759658631272,0.5807531703496346,-0.9958039882706868,3.8165719509124756,1.6455442905426025,0
mujoco,slope_forward,2,2,661,6.610000000000542,1.0,0.0,0.6057954594817113,0.16414010686181207,0.23919996652046996,0.6342890035674414,-0.6868564337826446,4.096763610839844,1.63689124584198,0
mujoco,slope_forward,2,2,662,6.6200000000005454,1.0,0.0,0.605209565082059,0.16806271061634165,0.2394489020700682,0.6813355918769899,-0.4373446363279905,3.9527640342712402,1.4137637615203857,0
mujoco,slope_forward,2,2,663,6.630000000000549,1.0,0.0,0.6062711273013088,0.16659086704930498,0.23411726678536274,0.7162812181523125,-0.15248236040113078,3.72249174118042,1.7951605319976807,0
mujoco,slope_forward,2,2,664,6.640000000000552,1.0,0.0,0.6085470113873689,0.16194435397939896,0.22213564731231575,0.7512371260043804,0.1108028376771831,3.919311761856079,1.2702128887176514,0
mujoco,slope_forward,2,2,665,6.6500000000005555,1.0,0.0,0.6116620456419952,0.1543213508280795,0.20718877799670704,0.7723213706578703,0.24928199809468687,3.9795405864715576,0.5334689021110535,0
mujoco,slope_forward,2,2,666,6.660000000000559,1.0,0.0,0.6153224374819928,0.1457245461168378,0.19067750031302816,0.7988766631883217,0.2860716483181314,3.8864800930023193,0.6655035018920898,0
mujoco,slope_forward,2,2,667,6.670000000000562,1.0,0.0,0.6192680425180075,0.13705041548656013,0.17527119835745306,0.8161909615295662,0.2888609250830564,3.597104787826538,0.6708365082740784,0
mujoco,slope_forward,2,2,668,6.6800000000005655,1.0,0.0,0.623130562989738,0.1280819540646306,0.16055453179639825,0.8319951144363514,0.26306847807887906,3.228549003601074,0.6315131187438965,0
mujoco,slope_forward,2,2,669,6.690000000000569,1.0,0.0,0.6265376908749314,0.11954862829701353,0.14450553990947318,0.847890679868742,0.1824185525229433,3.199068307876587,0.7114158868789673,0
mujoco,slope_forward,2,2,670,6.700000000000572,1.0,0.0,0.6292123331059789,0.11104319791031479,0.12934634567367959,0.848891362222526,0.11931281828932362,3.076298475265503,0.6213861703872681,0
mujoco,slope_forward,2,2,671,6.7100000000005755,1.0,0.0,0.6313616713801952,0.10607829301652479,0.12354722211746137,0.8369218778411834,0.2055818712747129,2.922269344329834,0.3928331136703491,0
mujoco,slope_forward,2,2,672,6.720000000000579,1.0,0.0,0.6335160304065764,0.10448403011069334,0.12135810542351483,0.8160580044251269,0.1989695075950101,3.133023977279663,1.379869818687439,0
mujoco,slope_forward,2,2,673,6.730000000000582,1.0,0.0,0.6359566344348976,0.10333339799809248,0.11685819940345199,0.7937800450192998,0.18329959662960033,3.5511536598205566,0.7596850395202637,0
mujoco,slope_forward,2,2,674,6.7400000000005855,1.0,0.0,0.6387049998940613,0.10182257057755227,0.11193531726582384,0.7722182572316528,0.17005956206332767,3.4112563133239746,0.3933282792568207,0
mujoco,slope_forward,2,2,675,6.750000000000589,1.0,0.0,0.6415853217815812,0.09972803512055173,0.10600395858532087,0.7627737572104734,0.15724523104804608,3.209111213684082,0.39841657876968384,0
mujoco,slope_forward,2,2,676,6.760000000000592,1.0,0.0,0.644477444593715,0.09726739664076942,0.10014957682104002,0.7576829516211558,0.18000198842714835,2.912367343902588,0.4316532015800476,0
mujoco,slope_forward,2,2,677,6.7700000000005955,1.0,0.0,0.6472838188088065,0.09440366298775925,0.09422172779733333,0.7587598732157272,0.20154128324361822,2.7590153217315674,0.28959909081459045,0
mujoco,slope_forward,2,2,678,6.780000000000599,1.0,0.0,0.6499637806794525,0.09115914364099464,0.08830543477535527,0.7617229483322566,0.23756593672550444,2.647129774093628,0.20481131970882416,0
mujoco,slope_forward,2,2,679,6.790000000000602,1.0,0.0,0.6525105489359632,0.08769383081972028,0.08241211171813546,0.7649292759677071,0.2512960718284423,2.6469008922576904,0.14572450518608093,0
mujoco,slope_forward,2,2,680,6.800000000000606,1.0,0.0,0.6549374432488543,0.08395114771548304,0.07683593951569252,0.7668745925276452,0.24091564639342186,2.667959690093994,0.12109878659248352,0
mujoco,slope_forward,2,2,681,6.810000000000609,1.0,0.0,0.6572474676451019,0.08032099328697105,0.07147474414168792,0.7683685429323084,0.25484200065894547,2.686352252960205,0.11634788662195206,0
mujoco,slope_forward,2,2,682,6.820000000000612,1.0,0.0,0.6594419735888545,0.07663564871773754,0.06650390006325747,0.7677095214438102,0.23348551237779577,2.696077585220337,0.1170596033334732,0
mujoco,slope_forward,2,2,683,6.830000000000616,1.0,0.0,0.6615208500700448,0.07288040295839661,0.06163223238540099,0.7670216528779835,0.20645599548928648,2.660930871963501,0.07914327830076218,0
mujoco,slope_forward,2,2,684,6.840000000000619,1.0,0.0,0.6634927175674116,0.06923151444083743,0.05686981059060149,0.7645600126517674,0.1780785518735118,2.5866284370422363,0.13558539748191833,0
mujoco,slope_forward,2,2,685,6.850000000000622,1.0,0.0,0.6653521587152462,0.06578759347500941,0.05221556103264118,0.7610906582247887,0.15731775269338566,2.52260422706604,0.11732874810695648,0
mujoco,slope_forward,2,2,686,6.860000000000626,1.0,0.0,0.667099071322233,0.06250746622706312,0.04790177737381438,0.7563755287418383,0.14116081562609048,2.4711852073669434,0.10149624943733215,0
mujoco,slope_forward,2,2,687,6.870000000000629,1.0,0.0,0.6687387504531563,0.05937165914377743,0.04387978633749162,0.751580567248623,0.13177443902561198,2.4569196701049805,0.07464204728603363,0
mujoco,slope_forward,2,2,688,6.880000000000632,1.0,0.0,0.6702820369110299,0.056304818914308934,0.040102231910035896,0.7464343757700687,0.1288399897887259,2.4439291954040527,0.07352906465530396,0
mujoco,slope_forward,2,2,689,6.890000000000636,1.0,0.0,0.6717493110543112,0.05330284500549353,0.03652441808450949,0.7412340741507351,0.12691669322691135,2.4309256076812744,0.06101183220744133,0
mujoco,slope_forward,2,2,690,6.900000000000639,1.0,0.0,0.6731636616152015,0.050368637727966355,0.03308957682475423,0.7361295090600467,0.12718753584780126,2.4127144813537598,0.0557805597782135,0
mujoco,slope_forward,2,2,691,6.910000000000642,1.0,0.0,0.6745356893779559,0.047542214352697426,0.029755363860246013,0.7310249407373242,0.128664431346244,2.387723445892334,0.04843316972255707,0
mujoco,slope_forward,2,2,692,6.920000000000646,1.0,0.0,0.6758640496147396,0.044862303258603284,0.026517052941450178,0.7258765854853071,0.13000810997187903,2.3520634174346924,0.05006514862179756,0
mujoco,slope_forward,2,2,693,6.930000000000649,1.0,0.0,0.6771385069433898,0.04236385924472673,0.023398943280023173,0.7203321799557268,0.13105304956327457,2.3140079975128174,0.048775818198919296,0
mujoco,slope_forward,2,2,694,6.940000000000652,1.0,0.0,0.6783543279099561,0.03992841220874957,0.02041912328304232,0.7143849357064619,0.13014484857692402,2.2841603755950928,0.04417102783918381,0
mujoco,slope_forward,2,2,695,6.950000000000656,1.0,0.0,0.6795215968733503,0.037597227528044085,0.017553915864737233,0.7082102367899024,0.13124506880645603,2.260486602783203,0.03480761498212814,0
mujoco,slope_forward,2,2,696,6.960000000000659,1.0,0.0,0.6806511917404237,0.035374538838669804,0.014801387603004324,0.701620347032843,0.1302559794627545,2.2390592098236084,0.03678712248802185,0
mujoco,slope_forward,2,2,697,6.970000000000662,1.0,0.0,0.6817449715078747,0.033291352106092124,0.0120827874140318,0.6962492314231429,0.12444806301456668,2.217290163040161,0.033924318850040436,0
mujoco,slope_forward,2,2,698,6.980000000000666,1.0,0.0,0.6825263521162576,0.032587513320152375,0.007658585401754788,0.6889856657981741,0.14578568263567418,2.1827197074890137,0.08508823066949844,0
mujoco,slope_forward,2,2,699,6.990000000000669,1.0,0.0,0.6828366483527964,0.0314594398706607,0.0038835281766638674,0.6660353351996326,0.23729107955097412,2.160642385482788,0.3011895716190338,0
mujoco,slope_forward,2,2,700,7.000000000000672,1.0,0.0,0.6827250706373543,0.030569540162088047,0.0005973132884783295,0.6529436897368108,0.2563361871606696,2.2014272212982178,0.2144552320241928,0
mujoco,slope_forward,2,2,701,7.010000000000676,1.0,0.0,0.6822991921945429,0.03008158123872919,-0.0016998085936638545,0.636690634780874,0.2677620889320097,2.226004123687744,0.15036237239837646,0
mujoco,slope_forward,2,2,702,7.020000000000679,1.0,0.0,0.6816140540878934,0.030355356650194336,-0.004017984128548762,0.627042667985631,0.2764540612763651,2.2724175453186035,0.17967136204242706,0
mujoco,slope_forward,2,2,703,7.030000000000682,1.0,0.0,0.6805423927548881,0.03226944228452401,-0.006225880305803456,0.6100056635990008,0.31229028218636234,2.2869913578033447,0.16680733859539032,0
mujoco,slope_forward,2,2,704,7.040000000000686,1.0,0.0,0.6790480798291741,0.035675925638535846,-0.008089224194857948,0.5956846328039904,0.32286456653407963,2.330944061279297,0.15093708038330078,0
mujoco,slope_forward,2,2,705,7.050000000000689,1.0,0.0,0.6771268538934828,0.0403631041225514,-0.009683485780148323,0.5802847490137506,0.32736214545570785,2.368199110031128,0.19179728627204895,0
mujoco,slope_forward,2,2,706,7.060000000000692,1.0,0.0,0.6747366218108992,0.04608477362156289,-0.011074053869339717,0.5659166268717019,0.3348947882798398,2.355560779571533,0.23245331645011902,0
mujoco,slope_forward,2,2,707,7.070000000000696,1.0,0.0,0.6718111122269412,0.05230444479741445,-0.012327667254908319,0.551683982470357,0.3660941707970545,2.3968610763549805,0.3680114150047302,0
mujoco,slope_forward,2,2,708,7.080000000000699,1.0,0.0,0.6682953806738653,0.05881598379870495,-0.013450991764531184,0.5372704142970441,0.4221755060761658,2.4906861782073975,0.3470282256603241,0
mujoco,slope_forward,2,2,709,7.090000000000702,1.0,0.0,0.6641556224832563,0.06533092463786933,-0.013918549204978342,0.519193391652352,0.4395503826600536,2.6328351497650146,0.3308727443218231,0
mujoco,slope_forward,2,2,710,7.100000000000706,1.0,0.0,0.6595156697137133,0.06914111390218038,-0.013182337888701025,0.49869153130533284,0.41487548302590677,2.773792266845703,0.2967069447040558,0
mujoco,slope_forward,2,2,711,7.110000000000709,1.0,0.0,0.6547758644040056,0.06887036498642261,-0.013574422472094649,0.4791452155403577,0.6142847581176096,2.6978752613067627,0.6834681630134583,0
mujoco,slope_forward,2,2,712,7.120000000000712,1.0,0.0,0.650172075658345,0.06696270072095144,-0.015308277880882173,0.46188876963423553,0.6880953960661191,2.7869603633880615,0.513071596622467,0
mujoco,slope_forward,2,2,713,7.130000000000716,1.0,0.0,0.6454599036031428,0.0673113019996437,-0.01861889528513889,0.44249510966864564,0.6706651190115898,2.814823627471924,0.41521430015563965,0
mujoco,slope_forward,2,2,714,7.140000000000719,1.0,0.0,0.6405365241049698,0.07037708794404289,-0.022049997171581365,0.42838677374981277,0.5610753825486925,2.878296375274658,0.20307596027851105,0
mujoco,slope_forward,2,2,715,7.1500000000007224,1.0,0.0,0.6352681560214438,0.07587491501215583,-0.026371289146196984,0.41869365219384175,0.510332101230494,2.9381325244903564,0.3651280701160431,0
mujoco,slope_forward,2,2,716,7.160000000000726,1.0,0.0,0.6294961280809264,0.0832480666122817,-0.031215292987550613,0.41308491622729904,0.5084212858737829,3.033993721008301,0.49837449193000793,0
mujoco,slope_forward,2,2,717,7.170000000000729,1.0,0.0,0.6230496344291193,0.09204701403819825,-0.03613737031265881,0.41044118276549607,0.5476410095177782,3.203446865081787,0.49347761273384094,0
mujoco,slope_forward,2,2,718,7.1800000000007325,1.0,0.0,0.6157856647051042,0.10136261677814652,-0.04066740130364784,0.4070500744963344,0.5928960967330302,3.4259824752807617,0.4252212345600128,0
mujoco,slope_forward,2,2,719,7.190000000000736,1.0,0.0,0.6076869960725853,0.11075793378726626,-0.04482982862691346,0.40129323543953843,0.6396088646364733,3.655543088912964,0.33777356147766113,0
mujoco,slope_forward,2,2,720,7.200000000000739,1.0,0.0,0.5988118030070911,0.12010891265554388,-0.0491538151396305,0.39355901143569394,0.6646674612023223,3.906832218170166,0.385494202375412,0
mujoco,slope_forward,2,2,721,7.2100000000007425,1.0,0.0,0.5892357245424099,0.12991079454127638,-0.05421433656360957,0.3860185828191528,0.6675234904558618,4.2018046379089355,0.4214465916156769,0
mujoco,slope_forward,2,2,722,7.220000000000746,1.0,0.0,0.5790031976949312,0.14054953146530497,-0.06108744062349243,0.37913095488910503,0.6464737293953468,4.520170211791992,0.4424821734428406,0
mujoco,slope_forward,2,2,723,7.230000000000749,1.0,0.0,0.5681649894379915,0.15336298373213075,-0.06986175121634434,0.37401279548885374,0.5853144631724807,4.691024303436279,0.3464333415031433,0
mujoco,slope_forward,2,2,724,7.2400000000007525,1.0,0.0,0.5566859342465766,0.1692045641968872,-0.0800278563815296,0.3716826084904991,0.5233870400623917,4.818350315093994,0.307504802942276,0
mujoco,slope_forward,2,2,725,7.250000000000756,1.0,0.0,0.5444773292169912,0.1884075203792662,-0.08916104631125199,0.3699487493403524,0.5208245004025785,4.8812575340271,0.3907976448535919,0
mujoco,slope_forward,2,2,726,7.260000000000759,1.0,0.0,0.5314757933312831,0.21148598397975543,-0.0967401209731314,0.37254691686325986,0.5375759544108704,4.890218734741211,0.44571182131767273,0
mujoco,slope_forward,2,2,727,7.2700000000007625,1.0,0.0,0.5176724998408658,0.2378948647427242,-0.1031800478218204,0.37209836351998427,0.6156566135538767,4.77421760559082,0.3920997381210327,0
mujoco,slope_forward,2,2,728,7.280000000000766,1.0,0.0,0.5042212991865811,0.2576477427132703,-0.09900711077825167,0.34521974560738644,0.8802695820548316,4.672024250030518,0.5422276854515076,0
mujoco,slope_forward,2,2,729,7.290000000000769,1.0,0.0,0.494239514974016,0.2541828540052482,-0.08161595678045341,0.32906423827210124,1.1009777422373308,4.67728328704834,1.273592472076416,0
mujoco,slope_forward,2,2,730,7.3000000000007725,1.0,0.0,0.4884258924097613,0.2489996799764602,-0.07071312933102611,0.35701827009591575,1.256980325535537,4.748183250427246,1.060654878616333,0
mujoco,slope_forward,2,2,731,7.310000000000776,1.0,0.0,0.48598940876867947,0.2483982986223978,-0.06339582460437672,0.3507086096900304,1.6182850148711836,4.382931232452393,0.6038461923599243,0
mujoco,slope_forward,2,2,732,7.320000000000779,1.0,0.0,0.4854312900965903,0.2535892547056699,-0.06165695634400435,0.365668900165937,1.6986520730215227,3.7414770126342773,1.0625524520874023,0
mujoco,slope_forward,2,2,733,7.330000000000783,1.0,0.0,0.48498738829930743,0.264937917484696,-0.059012363224589574,0.3588203280809411,1.6294175473005381,2.830549478530884,2.519582986831665,0
mujoco,slope_forward,2,2,734,7.340000000000786,1.0,0.0,0.48351465041075714,0.2782349617459503,-0.05272906612601391,0.35703750421060804,1.2847095279754182,2.9004108905792236,1.460321068763733,0
mujoco,slope_forward,2,2,735,7.350000000000789,1.0,0.0,0.48121289359245,0.2912043972692099,-0.04272598674880205,0.3565457944246461,0.9559070619007449,2.785708427429199,0.41581156849861145,0
mujoco,slope_forward,2,2,736,7.360000000000793,1.0,0.0,0.4781861173279042,0.30618030416599806,-0.031164316387370446,0.3516711368770356,0.8707545633597252,2.7909960746765137,0.35154107213020325,0
mujoco,slope_forward,2,2,737,7.370000000000796,1.0,0.0,0.47444127571169,0.32238491856406165,-0.02004468259385426,0.34837245601720196,0.7995083530389241,2.7627179622650146,0.5523034930229187,0
mujoco,slope_forward,2,2,738,7.380000000000799,1.0,0.0,0.4699983459321351,0.3374900854512245,-0.011210396086268615,0.3476110081231272,0.6980779274878786,2.903656244277954,0.36982986330986023,0
mujoco,slope_forward,2,2,739,7.390000000000803,1.0,0.0,0.46504834212158946,0.35068416285002635,-0.0023248842105742028,0.3414462306366256,0.6786974973249741,2.9625818729400635,0.2683585286140442,0
mujoco,slope_forward,2,2,740,7.400000000000806,1.0,0.0,0.45972077989754057,0.3628348725068624,0.005325669986486075,0.3422018901061129,0.5676279541985281,2.974609613418579,0.31877341866493225,0
mujoco,slope_forward,2,2,741,7.410000000000809,1.0,0.0,0.4546133481539511,0.37523288986262343,0.013906264679613244,0.3361187619090195,0.4858332904661781,3.076103687286377,0.8142300248146057,0
mujoco,slope_forward,2,2,742,7.420000000000813,1.0,0.0,0.4501389147190683,0.38545601117150396,0.020235773644953898,0.3320007673970368,0.5209187562947475,3.3328444957733154,0.9910148978233337,0
mujoco,slope_forward,2,2,743,7.430000000000816,1.0,0.0,0.44646564742192413,0.39265324314299144,0.020723387505221333,0.32927120977375357,0.620001616171685,3.39394474029541,0.6284282803535461,0
mujoco,slope_forward,2,2,744,7.440000000000819,1.0,0.0,0.4437886328395476,0.3992091608156806,0.0176505527521657,0.3259346541743876,0.6505081649617539,3.341338872909546,0.7158262133598328,0
mujoco,slope_forward,2,2,745,7.450000000000823,1.0,0.0,0.44183161380127955,0.40641818195273177,0.012603869225778915,0.3232332909958961,0.6918536102258434,3.130703926086426,0.6863324642181396,0
mujoco,slope_forward,2,2,746,7.460000000000826,1.0,0.0,0.44032263076397427,0.4161341209172946,0.007796848801742696,0.32002590505918427,0.6707367044010043,2.942638635635376,0.7251126170158386,0
mujoco,slope_forward,2,2,747,7.470000000000829,1.0,0.0,0.4388202224894004,0.4280977530965818,0.003993817595087743,0.3175029495840509,0.690825067435242,2.8217010498046875,0.8239202499389648,0
mujoco,slope_forward,2,2,748,7.480000000000833,1.0,0.0,0.4367629613083648,0.44376077033598144,0.0016593782876347567,0.31789283137977814,0.7045192630406241,3.105933666229248,1.2196022272109985,0
mujoco,slope_forward,2,2,749,7.490000000000836,1.0,0.0,0.4336683662837612,0.46253209775111825,0.0011561835424913859,0.3167393623269308,0.7186657691873339,3.5200507640838623,1.0303115844726562,0
mujoco,slope_forward,2,2,750,7.500000000000839,1.0,0.0,0.42954469783649424,0.4838605393980469,0.0012881727031442626,0.31853733488817615,0.6475747529896654,3.4817087650299072,0.4084263741970062,0
mujoco,slope_forward,2,2,751,7.510000000000843,1.0,0.0,0.4246926144749103,0.5069761215848827,0.0026065392101522105,0.31278945973121336,0.6693047052223666,3.147881269454956,0.6435732841491699,0
mujoco,slope_forward,2,2,752,7.520000000000846,1.0,0.0,0.4194071649926783,0.5329893845684018,0.004577683573059979,0.3072946533893254,0.6485685276943266,2.7070631980895996,0.6948233842849731,0
mujoco,slope_forward,2,2,753,7.530000000000849,1.0,0.0,0.4139158646159372,0.5601222791063193,0.0073827473332289065,0.29755576234534287,0.5931843381451108,2.4612746238708496,0.5029162764549255,0
mujoco,slope_forward,2,2,754,7.540000000000853,1.0,0.0,0.40833360652852224,0.5864112044257012,0.010489320365123843,0.29037035375512815,0.46723909778538114,2.42313289642334,0.42417335510253906,0
mujoco,slope_forward,2,2,755,7.550000000000856,1.0,0.0,0.40277896640680333,0.6120822612356008,0.014735466777496946,0.2784452727829274,0.41325736012121433,2.51774263381958,0.6998297572135925,0
mujoco,slope_forward,2,2,756,7.560000000000859,1.0,0.0,0.3974035145566043,0.6389861537454092,0.018516918768119856,0.2699458442744366,0.41240305832924123,2.4637773036956787,0.818865180015564,0
mujoco,slope_forward,2,2,757,7.570000000000863,1.0,0.0,0.3923006204385748,0.6658091474052186,0.020510050703720167,0.2586239209505227,0.41484385613760727,2.3700098991394043,0.4171939790248871,0
mujoco,slope_forward,2,2,758,7.580000000000866,1.0,0.0,0.3874781208020512,0.6920326247826523,0.02063216060426935,0.24841013589074312,0.39610769830556736,2.246286392211914,0.32819196581840515,0
mujoco,slope_forward,2,2,759,7.590000000000869,1.0,0.0,0.38273758046444994,0.7187758997704224,0.019332267058046002,0.24369971733436888,0.36634643994814337,2.377976417541504,0.5855303406715393,0
mujoco,slope_forward,2,2,760,7.600000000000873,1.0,0.0,0.3776948674003762,0.7470663505336281,0.01726591061079816,0.2426350650319388,0.379548487379409,2.8706703186035156,0.8337224721908569,0
mujoco,slope_forward,2,2,761,7.610000000000876,1.0,0.0,0.37203101918026904,0.7777421486968767,0.014852673279419937,0.24164636306133971,0.43149323260567657,3.2095887660980225,0.6766858100891113,0
mujoco,slope_forward,2,2,762,7.620000000000879,1.0,0.0,0.36568948887374425,0.8121885812699838,0.01286647077598273,0.23952415147302214,0.472082044064165,3.1557350158691406,0.34915491938591003,0
mujoco,slope_forward,2,2,763,7.630000000000883,1.0,0.0,0.35877556342288597,0.8495711342186135,0.012089735052270704,0.23324091428967525,0.46953603452192055,2.8452558517456055,0.3415910303592682,0
mujoco,slope_forward,2,2,764,7.640000000000886,1.0,0.0,0.351414668583286,0.8887609363791236,0.012220385919270882,0.22769613460560925,0.4156781840948286,2.5839338302612305,0.37521085143089294,0
mujoco,slope_forward,2,2,765,7.650000000000889,1.0,0.0,0.3436468191098957,0.9289408890341162,0.013331102819185717,0.22022964964026587,0.375230919174451,2.5299534797668457,0.1512482911348343,0
mujoco,slope_forward,2,2,766,7.660000000000893,1.0,0.0,0.3354748689542756,0.9697006371253557,0.015120026307545074,0.21379661159168395,0.3177073208366273,2.523048162460327,0.08220051974058151,0
mujoco,slope_forward,2,2,767,7.670000000000896,1.0,0.0,0.32692344590748856,1.0106988513930186,0.017470083948165547,0.20660604172396876,0.2546002533602771,2.554912567138672,0.18974439799785614,0
mujoco,slope_forward,2,2,768,7.680000000000899,1.0,0.0,0.3180423781933509,1.051734028956558,0.02006074267158324,0.19890738674306147,0.19559111805310767,2.5653083324432373,0.23901373147964478,0
mujoco,slope_forward,2,2,769,7.690000000000903,1.0,0.0,0.30888600260727384,1.0931591068107869,0.022661974511285248,0.18958206184756604,0.1871870628105848,2.440401554107666,0.19147340953350067,0
mujoco,slope_forward,2,2,770,7.700000000000906,1.0,0.0,0.2994472255342657,1.1351857936507284,0.024571089820862025,0.17895724965357385,0.24915198466437743,2.3618383407592773,0.14353038370609283,0
mujoco,slope_forward,2,2,771,7.7100000000009095,1.0,0.0,0.28970673984183803,1.1778015786224296,0.024204434782659313,0.16637341974165426,0.4890513097835844,2.3401384353637695,0.06558172404766083,0
mujoco,slope_forward,2,2,772,7.720000000000913,1.0,0.0,0.2803137252893343,1.2189025202046815,0.020983986314241813,0.16963565575694364,0.7655456024696937,2.3500819206237793,0.13445298373699188,0
mujoco,slope_forward,2,2,773,7.730000000000916,1.0,0.0,0.2717093756598839,1.2622425888587525,0.013502533210334823,0.16401343200810803,1.0062597837784535,2.3868770599365234,0.3572976291179657,0
mujoco,slope_forward,2,2,774,7.7400000000009195,1.0,0.0,0.2636812908350276,1.3071316830884823,0.004093945584543589,0.15524455925649575,1.078427270332447,2.5835189819335938,0.2615758776664734,0
mujoco,slope_forward,2,2,775,7.750000000000923,1.0,0.0,0.25596178179001056,1.3529058042544815,-0.0065117575235898095,0.15186935554716613,1.1296556476126287,2.696253538131714,0.16328325867652893,0
mujoco,slope_forward,2,2,776,7.760000000000926,1.0,0.0,0.24828672217048536,1.399707352791688,-0.01802423778837914,0.1485203773645582,1.1727898982075278,2.800051212310791,0.18994641304016113,0
mujoco,slope_forward,2,2,777,7.7700000000009295,1.0,0.0,0.24044563349743056,1.4477202936666724,-0.030084100868590084,0.147307386862413,1.1955824857360546,2.9234938621520996,0.21085001528263092,0
mujoco,slope_forward,2,2,778,7.780000000000933,1.0,0.0,0.23229636602762505,1.4970996094841238,-0.042340226025273375,0.1456738844039688,1.202648161377155,3.0385191440582275,0.17633330821990967,0
mujoco,slope_forward,2,2,779,7.790000000000936,1.0,0.0,0.22377255381776676,1.5480928685058906,-0.054596366478355994,0.14546477227806592,1.2139858248852333,3.1231038570404053,0.12640950083732605,0
mujoco,slope_forward,2,2,780,7.8000000000009395,1.0,0.0,0.21482971012904348,1.6005532462089818,-0.06676609937841949,0.14508544736210122,1.2148724590120252,3.1839284896850586,0.12091539055109024,0
mujoco,slope_forward,2,2,781,7.810000000000943,1.0,0.0,0.20545878810739826,1.6542392421480072,-0.0784488382114614,0.144408608188212,1.191257989376459,3.2303364276885986,0.10555952042341232,0
mujoco,slope_forward,2,2,782,7.820000000000946,1.0,0.0,0.19567183824301512,1.708953193498335,-0.0897015890742441,0.14643882289831936,1.1917087443898247,3.267049551010132,0.09116354584693909,1
