engine,scenario_id,repeat_id,seed,step,time_s,cmd_vx,cmd_yaw,base_z,base_roll,base_pitch,base_lin_vx,base_ang_yaw,action_l2,action_delta_l2,fallen_flag
mujoco,slope_forward,0,0,1,0.010000000000000002,1.0,0.0,0.49950222584038667,0.0008087515083617997,0.002716951587707118,-0.007952416143620727,-0.11755059927354404,1.104215145111084,0.0,0
mujoco,slope_forward,0,0,2,0.02000000000000001,1.0,0.0,0.49815331305258265,0.0015096610643842026,0.004459882899935137,-0.0009325216789707036,-0.08489580121765218,1.1143792867660522,0.3619922697544098,0
mujoco,slope_forward,0,0,3,0.03000000000000002,1.0,0.0,0.4959547999908833,0.0017575674117622686,0.007162199072768854,-0.0074570372423716095,-0.06741909237468403,1.0977184772491455,0.21245256066322327,0
mujoco,slope_forward,0,0,4,0.04000000000000003,1.0,0.0,0.4928264815712251,0.002040563890904365,0.008718348442975952,-0.002823707408257634,-0.0569802279756749,0.9069163203239441,0.2256426215171814,0
mujoco,slope_forward,0,0,5,0.05000000000000004,1.0,0.0,0.48873022879890154,0.002048315534161742,0.010781137260743206,-0.007637234250996407,-0.04551398300411285,0.7788381576538086,0.21414946019649506,0
mujoco,slope_forward,0,0,6,0.060000000000000046,1.0,0.0,0.48361282233556857,0.0021016778182243257,0.012030928863025816,-0.005373304917030343,-0.040839730288913814,0.6788105368614197,0.13236306607723236,0
mujoco,slope_forward,0,0,7,0.07000000000000005,1.0,0.0,0.4774696087414284,0.0020105766390916095,0.013377445055219348,-0.008243175758048787,-0.036652109434769306,0.6550382375717163,0.09559714794158936,0
mujoco,slope_forward,0,0,8,0.08000000000000006,1.0,0.0,0.4703000396472742,0.0023076435864783527,0.014118530744799102,-0.006944249647648678,-0.01983184908094983,0.6603033542633057,0.11033453792333603,0
mujoco,slope_forward,0,0,9,0.09000000000000007,1.0,0.0,0.4621226918445355,0.002485944643829514,0.015003228863034767,-0.00903300637690147,-0.024420388129317787,0.6920190453529358,0.09388761222362518,0
mujoco,slope_forward,0,0,10,0.10000000000000007,1.0,0.0,0.45293813247342246,0.0026055264657146742,0.015485862465164325,-0.008067548204460158,-0.023978948138223054,0.7288663983345032,0.06266443431377411,0
mujoco,slope_forward,0,0,11,0.11000000000000008,1.0,0.0,0.4427662585671605,0.0027104048010827427,0.01595723342829861,-0.009066447600424405,-0.020169384378635302,0.7483512163162231,0.062121350318193436,0
mujoco,slope_forward,0,0,12,0.12000000000000009,1.0,0.0,0.4316102985227833,0.0027486536897874834,0.016251342483364475,-0.009074282182551192,-0.012749449949943245,0.7546842694282532,0.028971051797270775,0
mujoco,slope_forward,0,0,13,0.1300000000000001,1.0,0.0,0.4194747398523012,0.0027939895370218447,0.016394400286401472,-0.009258393224318906,-0.005953723433640034,0.7412413954734802,0.022455880418419838,0
mujoco,slope_forward,0,0,14,0.1400000000000001,1.0,0.0,0.4063636272425816,0.0028324914098559295,0.01648626117707386,-0.009530363543842587,-0.0032902284158451067,0.7513253688812256,0.0315038226544857,0
mujoco,slope_forward,0,0,15,0.1500000000000001,1.0,0.0,0.39227879324433584,0.0029340040034147945,0.01647428111562302,-0.009283896573764154,0.002257019952438743,0.7464606165885925,0.021463902667164803,0
mujoco,slope_forward,0,0,16,0.16000000000000011,1.0,0.0,0.3776758263288847,0.0038384404207265545,0.023226217565423136,-0.02842671216153297,0.034813488352499866,0.7624804377555847,0.026780806481838226,0
mujoco,slope_forward,0,0,17,0.17000000000000012,1.0,0.0,0.36490757721321804,0.008316223727423465,0.043487227818128374,-0.040404423858739325,0.05304872067150623,1.1605345010757446,1.0415291786193848,0
mujoco,slope_forward,0,0,18,0.18000000000000013,1.0,0.0,0.35527871387497584,0.013207080527234138,0.06298826073753518,-0.03473693632072924,0.002617693153234393,1.8881458044052124,0.8641892671585083,0
mujoco,slope_forward,0,0,19,0.19000000000000014,1.0,0.0,0.3487172041307784,0.018018561473961147,0.07466951929432616,-0.022061769618724962,-0.012002227172095892,2.122255802154541,0.33103981614112854,0
mujoco,slope_forward,0,0,20,0.20000000000000015,1.0,0.0,0.34465258712945873,0.02178921905625629,0.07846826485635591,-0.009061135711411136,-0.11306996805211918,2.0931708812713623,0.25595518946647644,0
mujoco,slope_forward,0,0,21,0.21000000000000016,1.0,0.0,0.34242290966161665,0.025822759215551442,0.07763543521611693,-0.0009523316185840433,-0.08105796567278695,1.6870232820510864,0.613617479801178,0
mujoco,slope_forward,0,0,22,0.22000000000000017,1.0,0.0,0.34134243697662286,0.02916818237864359,0.07497918043433331,0.003725295230185269,-0.10067409707808073,1.4015679359436035,0.7055105566978455,0
mujoco,slope_forward,0,0,23,0.23000000000000018,1.0,0.0,0.34087109839844615,0.0318048760036309,0.07137248112993476,0.008523763584653588,-0.07194433005601716,1.4314827919006348,0.39898744225502014,0
mujoco,slope_forward,0,0,24,0.24000000000000019,1.0,0.0,0.34070337214586666,0.03406186251517668,0.0680592342581639,0.010306804977560934,-0.045697760925832935,1.4908604621887207,0.19480445981025696,0
mujoco,slope_forward,0,0,25,0.25000000000000017,1.0,0.0,0.34067672123295023,0.035941166724075144,0.06451227777990468,0.01423668799804382,-0.010966737028233007,1.5254062414169312,0.14759741723537445,0
mujoco,slope_forward,0,0,26,0.2600000000000002,1.0,0.0,0.3407233952969099,0.03762938006133669,0.061051489921497476,0.016599228072368848,0.01885491516960269,1.5102109909057617,0.1214815154671669,0
mujoco,slope_forward,0,0,27,0.2700000000000002,1.0,0.0,0.340804992237162,0.03906315535773964,0.05783923912570161,0.019140006608960102,0.02084337546197865,1.5020933151245117,0.0943513959646225,0
mujoco,slope_forward,0,0,28,0.2800000000000002,1.0,0.0,0.3409004593258258,0.04044991301876026,0.054766219138520096,0.0218675281489642,0.023291166551282157,1.4877430200576782,0.07721216231584549,0
mujoco,slope_forward,0,0,29,0.2900000000000002,1.0,0.0,0.3409984862464915,0.04187130994994852,0.05189787664638667,0.02437080555579972,0.015060279562944144,1.4744188785552979,0.06207624822854996,0
mujoco,slope_forward,0,0,30,0.3000000000000002,1.0,0.0,0.3410829067170396,0.0434163998126152,0.04931589922860853,0.026580094077576607,0.029227286225164757,1.4697173833847046,0.06778182834386826,0
mujoco,slope_forward,0,0,31,0.3100000000000002,1.0,0.0,0.34114019477969976,0.04503910335732138,0.046978278773482686,0.028861030868021248,0.039264791137827056,1.4802743196487427,0.043369777500629425,0
mujoco,slope_forward,0,0,32,0.32000000000000023,1.0,0.0,0.3411627252621246,0.04662086905425787,0.04479126509989063,0.031291136108064006,0.050439035890711886,1.4839134216308594,0.026183558627963066,0
mujoco,slope_forward,0,0,33,0.33000000000000024,1.0,0.0,0.34114788776546456,0.04811641132328141,0.04269028260433952,0.03388648876921423,0.05810923455206491,1.4817003011703491,0.0171086173504591,0
mujoco,slope_forward,0,0,34,0.34000000000000025,1.0,0.0,0.3410973007769276,0.049527650513671674,0.04065986588079227,0.03650740901157432,0.0631905291831169,1.474825382232666,0.02770005352795124,0
mujoco,slope_forward,0,0,35,0.35000000000000026,1.0,0.0,0.3410150569466076,0.05086144599416491,0.038958469551642505,0.03720009996678561,0.047571815148620564,1.4715173244476318,0.025038190186023712,0
mujoco,slope_forward,0,0,36,0.36000000000000026,1.0,0.0,0.34090714609581824,0.05210767895570801,0.037411930259830896,0.03852391913846572,0.03223346295752651,1.4780865907669067,0.024294430390000343,0
mujoco,slope_forward,0,0,37,0.3700000000000003,1.0,0.0,0.3407803586264186,0.053305147970693134,0.036004396273937304,0.0387204172534631,0.034573779049967286,1.482198715209961,0.0285118967294693,0
mujoco,slope_forward,0,0,38,0.3800000000000003,1.0,0.0,0.3406367978973278,0.054465256089467555,0.03481671152841112,0.03837995124144818,0.04770394620596517,1.4897396564483643,0.02297312207520008,0
mujoco,slope_forward,0,0,39,0.3900000000000003,1.0,0.0,0.3404834535289112,0.05558563648417979,0.033748409397083574,0.03822211423613446,0.05904250123967803,1.4980111122131348,0.023579129949212074,0
mujoco,slope_forward,0,0,40,0.4000000000000003,1.0,0.0,0.34032489795788645,0.056648981269287114,0.03274811294435044,0.0382511739577212,0.06678186080210975,1.5071022510528564,0.02898571640253067,0
mujoco,slope_forward,0,0,41,0.4100000000000003,1.0,0.0,0.3401630092902995,0.05765805951781977,0.03179479925334976,0.03840889203557195,0.07338171085785805,1.517849326133728,0.03137858211994171,0
mujoco,slope_forward,0,0,42,0.4200000000000003,1.0,0.0,0.3399989113791484,0.058621158641000023,0.030878661074313623,0.038704168549529974,0.07895563790755676,1.5298844575881958,0.03259909152984619,0
mujoco,slope_forward,0,0,43,0.4300000000000003,1.0,0.0,0.3398340136686315,0.059546827342650786,0.030007140854575953,0.03908054299341562,0.08405106624494751,1.543285846710205,0.03285888582468033,0
mujoco,slope_forward,0,0,44,0.44000000000000034,1.0,0.0,0.3396691561135079,0.06042948024461452,0.0291636897222848,0.03964672538722471,0.0887740051328572,1.556315302848816,0.03150547668337822,0
mujoco,slope_forward,0,0,45,0.45000000000000034,1.0,0.0,0.3395052307352428,0.06127039385553445,0.028354524881732002,0.04029359526369077,0.09370692225892295,1.5684611797332764,0.03198917210102081,0
mujoco,slope_forward,0,0,46,0.46000000000000035,1.0,0.0,0.3393434439255878,0.062062710408509865,0.02758205995564215,0.04107703763478611,0.0989464381915264,1.580250859260559,0.028999002650380135,0
mujoco,slope_forward,0,0,47,0.47000000000000036,1.0,0.0,0.3391847844438548,0.06280945134631905,0.02686765954673092,0.04131967065590248,0.09701351261124921,1.5924404859542847,0.03069320321083069,0
mujoco,slope_forward,0,0,48,0.48000000000000037,1.0,0.0,0.33902953643727196,0.06350690964268225,0.026351425096975824,0.040559681314088214,0.08233076428050227,1.6043860912322998,0.027566615492105484,0
mujoco,slope_forward,0,0,49,0.4900000000000004,1.0,0.0,0.338881482289391,0.06416150522325112,0.025923686531532163,0.04005094312785544,0.07323200323892767,1.6165034770965576,0.02499120868742466,0
mujoco,slope_forward,0,0,50,0.5000000000000003,1.0,0.0,0.33874393822790716,0.06479261338767514,0.025562579699049168,0.03957723885460533,0.06831514625970467,1.6249802112579346,0.022511614486575127,0
mujoco,slope_forward,0,0,51,0.5100000000000003,1.0,0.0,0.3386171951680775,0.06539674091733769,0.02526173587657713,0.03923155729231042,0.06542095653031858,1.6322649717330933,0.01996704936027527,0
mujoco,slope_forward,0,0,52,0.5200000000000004,1.0,0.0,0.33850115772850037,0.06597108285587049,0.025015480883148446,0.03898702462574975,0.06394005525097636,1.6392853260040283,0.019098902121186256,0
mujoco,slope_forward,0,0,53,0.5300000000000004,1.0,0.0,0.3383955505206127,0.06651729327205208,0.024817232836350935,0.038856055096050446,0.06328382138509953,1.64641273021698,0.018440542742609978,0
mujoco,slope_forward,0,0,54,0.5400000000000004,1.0,0.0,0.3382998868464408,0.06703618811718616,0.024664679376620986,0.03882678738705237,0.06331619914387086,1.6535221338272095,0.01784914918243885,0
mujoco,slope_forward,0,0,55,0.5500000000000004,1.0,0.0,0.3382137118243798,0.06753113403388841,0.024549553941936562,0.038924700831065535,0.06389419328824532,1.660751223564148,0.016603760421276093,0
mujoco,slope_forward,0,0,56,0.5600000000000004,1.0,0.0,0.3381367831818948,0.06800221604277025,0.02446350780679912,0.039131157884042575,0.06486704435536114,1.6676750183105469,0.015178926289081573,0
mujoco,slope_forward,0,0,57,0.5700000000000004,1.0,0.0,0.33806892258286386,0.06844916636694796,0.02439712440313564,0.03940707820844432,0.06619754178982329,1.6740748882293701,0.014361393637955189,0
mujoco,slope_forward,0,0,58,0.5800000000000004,1.0,0.0,0.33801002584675294,0.06887280683946105,0.024345798997344133,0.03972683309349962,0.06780648866393142,1.6798573732376099,0.01289856806397438,0
mujoco,slope_forward,0,0,59,0.5900000000000004,1.0,0.0,0.33796016149306535,0.06927388707346421,0.024306292153656137,0.04007080406824237,0.06930533980956854,1.6856006383895874,0.012039467692375183,0
mujoco,slope_forward,0,0,60,0.6000000000000004,1.0,0.0,0.3379193187799929,0.06965387637974883,0.0243005833937555,0.04045794150394295,0.0706614794445114,1.6914266347885132,0.011558117344975471,0
mujoco,slope_forward,0,0,61,0.6100000000000004,1.0,0.0,0.33788673563868443,0.07001393874475588,0.024328424535956815,0.040980236862591266,0.07214506859629889,1.697313666343689,0.010403267107903957,0
mujoco,slope_forward,0,0,62,0.6200000000000004,1.0,0.0,0.337861758581971,0.07035581583623872,0.02439170346991077,0.04158412788471251,0.07364538421317239,1.7029492855072021,0.009634781628847122,0
mujoco,slope_forward,0,0,63,0.6300000000000004,1.0,0.0,0.3378436538969976,0.07068037758172406,0.02448823784652849,0.04231078097915962,0.07524570287893816,1.7083690166473389,0.008856793865561485,0
mujoco,slope_forward,0,0,64,0.6400000000000005,1.0,0.0,0.3378317314399246,0.07098841113604788,0.024619314630000267,0.04313599403130503,0.07690482682056266,1.713483452796936,0.008296131156384945,0
mujoco,slope_forward,0,0,65,0.6500000000000005,1.0,0.0,0.33782513627805805,0.07127958814956388,0.024781914889991978,0.04408136665093802,0.07866875831995433,1.7183736562728882,0.00790565274655819,0
mujoco,slope_forward,0,0,66,0.6600000000000005,1.0,0.0,0.3378226277994661,0.07155379999776494,0.02497566814644228,0.04513551351150983,0.08056952105275943,1.7230284214019775,0.007645342033356428,0
mujoco,slope_forward,0,0,67,0.6700000000000005,1.0,0.0,0.33782296974551035,0.07181271373275061,0.025197402062542524,0.046311272636663466,0.08265880681777228,1.727554202079773,0.007716346066445112,0
mujoco,slope_forward,0,0,68,0.6800000000000005,1.0,0.0,0.33782521651350983,0.07206129212808488,0.02545415055963474,0.04720012540366167,0.08034030559521947,1.7318196296691895,0.007783961948007345,0
mujoco,slope_forward,0,0,69,0.6900000000000005,1.0,0.0,0.33782534849352425,0.07231495602218423,0.025900250909346435,0.04681578556103067,0.061936262757615386,1.7340236902236938,0.007100352551788092,0
mujoco,slope_forward,0,0,70,0.7000000000000005,1.0,0.0,0.33782303649682416,0.07256276118821467,0.02640110630094039,0.046857922546772825,0.05040107150867573,1.7355893850326538,0.014993448741734028,0
mujoco,slope_forward,0,0,71,0.7100000000000005,1.0,0.0,0.3378212982602844,0.07280472655879489,0.026984653536084258,0.046767994608106656,0.04223380777945365,1.734423041343689,0.01099398359656334,0
mujoco,slope_forward,0,0,72,0.7200000000000005,1.0,0.0,0.3378202864897837,0.07304111097965156,0.027590763669642134,0.046995685971582095,0.037135236529594995,1.7332420349121094,0.015402261167764664,0
mujoco,slope_forward,0,0,73,0.7300000000000005,1.0,0.0,0.33781999715673905,0.07327005607759596,0.028247539387343704,0.04716931138140466,0.03284210634382498,1.7310630083084106,0.014343173243105412,0
mujoco,slope_forward,0,0,74,0.7400000000000005,1.0,0.0,0.33781990686914576,0.073491914447422,0.028915630280699073,0.047590224629704095,0.029399158441212055,1.7297816276550293,0.017178194597363472,0
mujoco,slope_forward,0,0,75,0.7500000000000006,1.0,0.0,0.33781699294291917,0.0736766760602859,0.02965867950734685,0.04629340045232269,0.041677658134008866,1.728043794631958,0.015431988053023815,0
mujoco,slope_forward,0,0,76,0.7600000000000006,1.0,0.0,0.3378087688399644,0.07383210121285982,0.0304247563257563,0.045177685952107825,0.05295041876727359,1.731400966644287,0.023813892155885696,0
mujoco,slope_forward,0,0,77,0.7700000000000006,1.0,0.0,0.33779928850201296,0.07397248060431802,0.03122715784020666,0.044008588169276164,0.059479029248914475,1.7331174612045288,0.02179902046918869,0
mujoco,slope_forward,0,0,78,0.7800000000000006,1.0,0.0,0.3377904406745592,0.07409567471560793,0.032019772355730725,0.04311636158749911,0.06443711948857758,1.734886884689331,0.024627668783068657,0
mujoco,slope_forward,0,0,79,0.7900000000000006,1.0,0.0,0.33778801739377595,0.07424250570862742,0.032750775335472,0.04415344704756085,0.0508485431438149,1.7348746061325073,0.022923557087779045,0
mujoco,slope_forward,0,0,80,0.8000000000000006,1.0,0.0,0.33779534852568177,0.07439803822690255,0.03344915665800224,0.04520439021658093,0.03994699834573221,1.7296407222747803,0.02030910551548004,0
mujoco,slope_forward,0,0,81,0.8100000000000006,1.0,0.0,0.3378077395543926,0.07451986697645102,0.034136186305347496,0.04517802298527397,0.043830923936137633,1.725877046585083,0.021005595102906227,0
mujoco,slope_forward,0,0,82,0.8200000000000006,1.0,0.0,0.33782040760878584,0.07459779156677725,0.03478875713091507,0.04566143531174821,0.04467655809973722,1.7261186838150024,0.024268589913845062,0
mujoco,slope_forward,0,0,83,0.8300000000000006,1.0,0.0,0.3378385117149413,0.07467012501783735,0.03545059269770278,0.046415786779754956,0.04049836604913322,1.7250584363937378,0.021245842799544334,0
mujoco,slope_forward,0,0,84,0.8400000000000006,1.0,0.0,0.33785992007253,0.07472177185651165,0.036125370143606055,0.046231011051574185,0.04975022395826248,1.7233660221099854,0.026008708402514458,0
mujoco,slope_forward,0,0,85,0.8500000000000006,1.0,0.0,0.3378850507390246,0.0747559751410769,0.03671099329825743,0.04715573346498997,0.0480176306750832,1.7235277891159058,0.025510191917419434,0
mujoco,slope_forward,0,0,86,0.8600000000000007,1.0,0.0,0.3379177844403912,0.07478229330483313,0.03728873525734984,0.047928034634791346,0.046516964498430693,1.7218915224075317,0.020918196067214012,0
mujoco,slope_forward,0,0,87,0.8700000000000007,1.0,0.0,0.3379580436759554,0.07480359957312997,0.03783170704346518,0.04893183766192058,0.047996234200732256,1.7212427854537964,0.02432069554924965,0
mujoco,slope_forward,0,0,88,0.8800000000000007,1.0,0.0,0.33800466552496305,0.07481646321256549,0.03835425490569713,0.049274882419408465,0.055720857949977866,1.718702793121338,0.023211559280753136,0
mujoco,slope_forward,0,0,89,0.8900000000000007,1.0,0.0,0.33805795811183703,0.0748079131260244,0.03883809928304986,0.04995317035607428,0.06203457960899485,1.7180291414260864,0.025486497208476067,0
mujoco,slope_forward,0,0,90,0.9000000000000007,1.0,0.0,0.3381194543187207,0.07477494107985652,0.0392505417662334,0.0508165987677079,0.06768714579412195,1.7176624536514282,0.023623177781701088,0
mujoco,slope_forward,0,0,91,0.9100000000000007,1.0,0.0,0.3381900667135188,0.07472130561762733,0.03958369465001687,0.05187813831425643,0.07278661341782988,1.7173371315002441,0.022099316120147705,0
mujoco,slope_forward,0,0,92,0.9200000000000007,1.0,0.0,0.3382702314990458,0.07464448616505953,0.03983744508320529,0.053124825759874525,0.07777779936129575,1.7166407108306885,0.02097015455365181,0
mujoco,slope_forward,0,0,93,0.9300000000000007,1.0,0.0,0.3383601694926752,0.07454409194310839,0.04003025806524008,0.054497199587016446,0.08188141214895882,1.7160167694091797,0.018999574705958366,0
mujoco,slope_forward,0,0,94,0.9400000000000007,1.0,0.0,0.3384595188312157,0.07441944741366915,0.04016106512921199,0.05608676597380541,0.08560876067087395,1.7161998748779297,0.018976403400301933,0
mujoco,slope_forward,0,0,95,0.9500000000000007,1.0,0.0,0.33856762619215097,0.07427409355923602,0.040229394808758645,0.05786104679713524,0.08966977830972979,1.7159793376922607,0.018156222999095917,0
mujoco,slope_forward,0,0,96,0.9600000000000007,1.0,0.0,0.33868338369553563,0.07411023784856223,0.04023966718900166,0.059844058297016944,0.09411223489217889,1.715641736984253,0.01742524467408657,0
mujoco,slope_forward,0,0,97,0.9700000000000008,1.0,0.0,0.3388053533676763,0.07392806240844278,0.040206049333385424,0.06201469737725643,0.09879880021935607,1.7155288457870483,0.016918953508138657,0
mujoco,slope_forward,0,0,98,0.9800000000000008,1.0,0.0,0.33893033215161184,0.0737394090681095,0.04016312127884163,0.06348841842031702,0.09226144638730904,1.7156963348388672,0.015975095331668854,0
mujoco,slope_forward,0,0,99,0.9900000000000008,1.0,0.0,0.3390565053885813,0.07353918508112772,0.040176043841350456,0.06438813433346058,0.07914163183999735,1.7162197828292847,0.017896806821227074,0
mujoco,slope_forward,0,0,100,1.0000000000000007,1.0,0.0,0.33918988390066634,0.07332195739279078,0.04017933862379745,0.06565023072858797,0.07321653915438225,1.7167019844055176,0.01968085579574108,0
mujoco,slope_forward,0,0,101,1.0099999999999996,1.0,0.0,0.33933334318853553,0.07310935337572363,0.04015075357837347,0.06706804543177762,0.07109473650366172,1.7133793830871582,0.017210325226187706,0
mujoco,slope_forward,0,0,102,1.0199999999999985,1.0,0.0,0.33948598916336636,0.07291053299091788,0.04010260798028674,0.06876915311619677,0.07164369176741575,1.7090308666229248,0.01837904006242752,0
mujoco,slope_forward,0,0,103,1.0299999999999974,1.0,0.0,0.33964516047570215,0.07272481400760221,0.04004074848343507,0.07078483285563367,0.0734500028051605,1.7050600051879883,0.01701171137392521,0
mujoco,slope_forward,0,0,104,1.0399999999999963,1.0,0.0,0.33980776795853446,0.07253240059861499,0.039937303444176314,0.07313841632000222,0.07652876171560369,1.7020930051803589,0.015538015402853489,0
mujoco,slope_forward,0,0,105,1.0499999999999952,1.0,0.0,0.3399717678291844,0.07233070480598815,0.039799305479947845,0.0756564935108364,0.08043657683323444,1.6998437643051147,0.012923778966069221,0
mujoco,slope_forward,0,0,106,1.059999999999994,1.0,0.0,0.34013507361192874,0.0721217995458173,0.039627821218315096,0.07843886713074151,0.08500460342416201,1.698762059211731,0.01373594906181097,0
mujoco,slope_forward,0,0,107,1.069999999999993,1.0,0.0,0.3402956488568684,0.07190414263863319,0.03942779327832152,0.08142493668385908,0.08999370823521903,1.6978074312210083,0.013087479397654533,0
mujoco,slope_forward,0,0,108,1.0799999999999919,1.0,0.0,0.3404509267822104,0.0716784454864602,0.039195322349342976,0.08468242551645035,0.09578478036115246,1.6965874433517456,0.012896430678665638,0
mujoco,slope_forward,0,0,109,1.0899999999999908,1.0,0.0,0.3405963555908196,0.07145923509252167,0.039023463671944106,0.08662897262463176,0.08344903101708351,1.6949881315231323,0.01317272987216711,0
mujoco,slope_forward,0,0,110,1.0999999999999897,1.0,0.0,0.34073542947879276,0.07120334532046413,0.03892869067328853,0.08875177295457587,0.07294362458330224,1.698674201965332,0.020626824349164963,0
mujoco,slope_forward,0,0,111,1.1099999999999886,1.0,0.0,0.3408763786497052,0.07093515264199862,0.03882859182347231,0.0912476387668174,0.06926850778715958,1.6996792554855347,0.017521414905786514,0
mujoco,slope_forward,0,0,112,1.1199999999999875,1.0,0.0,0.3410201896501015,0.07066977296379975,0.03870066121049327,0.09399067449099612,0.06838787430265238,1.6955584287643433,0.016261562705039978,0
mujoco,slope_forward,0,0,113,1.1299999999999863,1.0,0.0,0.34116399482149756,0.07040604001022782,0.03852686129458759,0.09707299031779369,0.07011662480466851,1.6914366483688354,0.016210371628403664,0
mujoco,slope_forward,0,0,114,1.1399999999999852,1.0,0.0,0.3413039660521406,0.07014296337356271,0.03831694496779587,0.10040076936451185,0.07234917597695151,1.6873211860656738,0.013349873013794422,0
mujoco,slope_forward,0,0,115,1.1499999999999841,1.0,0.0,0.3414354591170986,0.06987922732246885,0.03806840065605431,0.10405432579149054,0.0755215397171889,1.6843597888946533,0.011061398312449455,0
mujoco,slope_forward,0,0,116,1.159999999999983,1.0,0.0,0.3415539263182731,0.06961564283585944,0.03779329521455327,0.10796561809345055,0.0789764886220064,1.6817970275878906,0.00978653971105814,0
mujoco,slope_forward,0,0,117,1.169999999999982,1.0,0.0,0.34165427920602426,0.06936474652228151,0.03756088026158946,0.11103056027941641,0.06873137684965962,1.6812416315078735,0.00979568064212799,0
mujoco,slope_forward,0,0,118,1.1799999999999808,1.0,0.0,0.3417384794346756,0.06910377016720277,0.03743583935102341,0.11390387842667876,0.05400796141688023,1.6859670877456665,0.016999447718262672,0
mujoco,slope_forward,0,0,119,1.1899999999999797,1.0,0.0,0.34181486280576595,0.06882405858994971,0.037304178585682295,0.1172818924154618,0.04682963344879935,1.6880611181259155,0.01710858941078186,0
mujoco,slope_forward,0,0,120,1.1999999999999786,1.0,0.0,0.34188514203868914,0.06854397739370774,0.037145793943998924,0.1209318362137911,0.043657245345552965,1.684562087059021,0.015535734593868256,0
mujoco,slope_forward,0,0,121,1.2099999999999775,1.0,0.0,0.34194589944132514,0.06827185038141155,0.036930143105366096,0.1250261938750465,0.04298418311233349,1.6804604530334473,0.015184994786977768,0
mujoco,slope_forward,0,0,122,1.2199999999999764,1.0,0.0,0.3419917856949086,0.067997995346337,0.03666870899784787,0.12916255141683874,0.04443845730952284,1.6756459474563599,0.012825814075767994,0
mujoco,slope_forward,0,0,123,1.2299999999999753,1.0,0.0,0.3420194093619711,0.06773811013612814,0.036509104699419724,0.13183890848879767,0.0650417922159409,1.6747262477874756,0.009670774452388287,0
mujoco,slope_forward,0,0,124,1.2399999999999742,1.0,0.0,0.3420329078736306,0.06751703667193541,0.03640629727351932,0.13442911983838107,0.06964842481220206,1.6784273386001587,0.017952360212802887,0
mujoco,slope_forward,0,0,125,1.2499999999999731,1.0,0.0,0.3420419035384763,0.06726692592064812,0.036372953578816244,0.13654753071007597,0.05962722684452303,1.6845179796218872,0.015200085937976837,0
mujoco,slope_forward,0,0,126,1.259999999999972,1.0,0.0,0.3420543857866431,0.06699326422559163,0.03633778827211074,0.13916671135626027,0.05403323292856115,1.6918275356292725,0.01765376701951027,0
mujoco,slope_forward,0,0,127,1.269999999999971,1.0,0.0,0.3420708478777914,0.06671167351621789,0.036237097332663434,0.1424124297922085,0.05139434421802562,1.691664457321167,0.013692331500351429,0
mujoco,slope_forward,0,0,128,1.2799999999999698,1.0,0.0,0.34208678387930147,0.06642295171276667,0.036026615981218126,0.14617042355318013,0.05076680691339436,1.6880011558532715,0.015495514497160912,0
mujoco,slope_forward,0,0,129,1.2899999999999687,1.0,0.0,0.3420958256944327,0.06612017009253764,0.03570878682014352,0.15034272067818774,0.049712694573101394,1.6841211318969727,0.01169347669929266,0
mujoco,slope_forward,0,0,130,1.2999999999999676,1.0,0.0,0.3420903086166387,0.06580562998168564,0.03529109287211488,0.15495703734962096,0.04906670887074839,1.6806634664535522,0.009418862871825695,0
mujoco,slope_forward,0,0,131,1.3099999999999665,1.0,0.0,0.3420647159360506,0.06546753425705672,0.035022387476036504,0.1567092828224458,0.04058340911040554,1.677564024925232,0.01082322746515274,0
mujoco,slope_forward,0,0,132,1.3199999999999654,1.0,0.0,0.3420349403936614,0.06514163209887984,0.03493947514365397,0.15876304025276752,0.039211315026161965,1.6915539503097534,0.03003283590078354,0
mujoco,slope_forward,0,0,133,1.3299999999999643,1.0,0.0,0.3420151471037036,0.06484579679444025,0.03482328685358601,0.1615679711326296,0.038583696615187915,1.6965863704681396,0.014957251027226448,0
mujoco,slope_forward,0,0,134,1.3399999999999632,1.0,0.0,0.342002403415886,0.06455774897207561,0.034586628962171476,0.16495087135876715,0.03906935270962005,1.6952625513076782,0.012713024392724037,0
mujoco,slope_forward,0,0,135,1.3499999999999621,1.0,0.0,0.341988675111537,0.06425648501491,0.03421943512394464,0.1688277000557007,0.04103176025784854,1.6911354064941406,0.012277905829250813,0
mujoco,slope_forward,0,0,136,1.359999999999961,1.0,0.0,0.3419648372425532,0.06394703798649717,0.033738501299073805,0.17318993118229253,0.04258600236346302,1.6862560510635376,0.00993229541927576,0
mujoco,slope_forward,0,0,137,1.36999999999996,1.0,0.0,0.3419223565111708,0.06360375709917888,0.033333331931533976,0.17571463704299753,0.02735633040939083,1.6823511123657227,0.011643357574939728,0
mujoco,slope_forward,0,0,138,1.3799999999999588,1.0,0.0,0.3418725933115981,0.06324240965635775,0.033136224390960554,0.17748886249386847,0.0292367978870119,1.6942236423492432,0.023945407941937447,0
mujoco,slope_forward,0,0,139,1.3899999999999577,1.0,0.0,0.34183274187699314,0.06294501451431261,0.03291085518551574,0.18021876021957015,0.03301749638931871,1.7030317783355713,0.017403170466423035,0
mujoco,slope_forward,0,0,140,1.3999999999999566,1.0,0.0,0.34180247639127104,0.06266771532161326,0.03259091351275996,0.18345326799655925,0.035203919142865046,1.700972557067871,0.013195213861763477,0
mujoco,slope_forward,0,0,141,1.4099999999999555,1.0,0.0,0.34177100052259696,0.06236785361321352,0.03211374980698748,0.18743994417933924,0.03793570805744214,1.6975958347320557,0.00977599248290062,0
mujoco,slope_forward,0,0,142,1.4199999999999544,1.0,0.0,0.34172661884607874,0.06204639647606401,0.03153898602090403,0.1911542476429615,0.03132520188253681,1.6915628910064697,0.012586518190801144,0
mujoco,slope_forward,0,0,143,1.4299999999999533,1.0,0.0,0.3416673738083879,0.061645970626405124,0.03119992042377636,0.1925457879884416,0.02254216021141737,1.691560983657837,0.00908080767840147,0
mujoco,slope_forward,0,0,144,1.4399999999999522,1.0,0.0,0.34161074111630807,0.06130071953813353,0.030900522074086452,0.1949293410833648,0.025738963729896175,1.705639362335205,0.026700899004936218,0
mujoco,slope_forward,0,0,145,1.449999999999951,1.0,0.0,0.3415668825310461,0.06102448419958704,0.030553416706056498,0.1977448922113527,0.026832798114602163,1.7047756910324097,0.012236444279551506,0
mujoco,slope_forward,0,0,146,1.45999999999995,1.0,0.0,0.3415248426920922,0.060733306425000015,0.03006088567902037,0.2014471231722852,0.028707076900061374,1.7036675214767456,0.010381528176367283,0
mujoco,slope_forward,0,0,147,1.469999999999949,1.0,0.0,0.34147046968556555,0.06040381498963699,0.029423906011199607,0.2053756591035425,0.027396177075765197,1.698340892791748,0.011623797938227654,0
mujoco,slope_forward,0,0,148,1.4799999999999478,1.0,0.0,0.34139854725679913,0.060014057728532536,0.02903356467860431,0.2062142585074124,0.019236408699570873,1.6945905685424805,0.010857878252863884,0
mujoco,slope_forward,0,0,149,1.4899999999999467,1.0,0.0,0.3413284156196194,0.05967234054693028,0.028695462433802752,0.20848589366241002,0.019624161066803602,1.7101010084152222,0.030684789642691612,0
mujoco,slope_forward,0,0,150,1.4999999999999456,1.0,0.0,0.3412718911318831,0.059386829193627894,0.028296100607269673,0.21121104981668032,0.01891181035162772,1.7087256908416748,0.011674930341541767,0
mujoco,slope_forward,0,0,151,1.5099999999999445,1.0,0.0,0.34121546473087017,0.0590837384260389,0.027744684972487877,0.21481786134476408,0.019304835016633208,1.7080280780792236,0.01091600488871336,0
mujoco,slope_forward,0,0,152,1.5199999999999434,1.0,0.0,0.3411427469849535,0.05873664823224449,0.027083859805737562,0.21772010035785672,0.021562677958842882,1.7038793563842773,0.013387048617005348,0
mujoco,slope_forward,0,0,153,1.5299999999999423,1.0,0.0,0.3410595813274787,0.058408696077159455,0.02674164343000834,0.21852738987263837,0.01766985717867354,1.7049099206924438,0.006773390341550112,0
mujoco,slope_forward,0,0,154,1.5399999999999412,1.0,0.0,0.3409850617410169,0.05809657454656734,0.02637322747447628,0.22099555111506977,0.015292960378014102,1.7164539098739624,0.021779684349894524,0
mujoco,slope_forward,0,0,155,1.54999999999994,1.0,0.0,0.34092065047334874,0.05779660908981039,0.02589068957480686,0.22381836039650757,0.013576320555171236,1.7133285999298096,0.014459406025707722,0
mujoco,slope_forward,0,0,156,1.559999999999939,1.0,0.0,0.3408479911074034,0.057456828973334054,0.025257429695072126,0.22716753790171032,0.015458028761370224,1.7120064496994019,0.01294816192239523,0
mujoco,slope_forward,0,0,157,1.569999999999938,1.0,0.0,0.3407590649891674,0.057152526621181254,0.02475407584999178,0.2280542299374397,0.021980518365536918,1.7096182107925415,0.00942890252918005,0
mujoco,slope_forward,0,0,158,1.5799999999999368,1.0,0.0,0.3406720644708125,0.05686314358154666,0.02438484135708452,0.22979171980012916,0.016021209707965025,1.7179489135742188,0.021540194749832153,0
mujoco,slope_forward,0,0,159,1.5899999999999357,1.0,0.0,0.34059761616804013,0.05655290613336254,0.02393524594813746,0.2322356083435868,0.01130676095827836,1.7203236818313599,0.01061078067868948,0
mujoco,slope_forward,0,0,160,1.5999999999999346,1.0,0.0,0.340519571586634,0.05621302621322756,0.02330793297859987,0.23540326236825518,0.009851487230007122,1.7168824672698975,0.014899199828505516,0
mujoco,slope_forward,0,0,161,1.6099999999999335,1.0,0.0,0.3404248478372043,0.05589825150700081,0.02272711747517821,0.23664476116134128,0.02607722556861191,1.7142384052276611,0.013285760767757893,0
mujoco,slope_forward,0,0,162,1.6199999999999324,1.0,0.0,0.34032722020868095,0.055629249375858135,0.02238352702543862,0.237657963096836,0.01708290663494154,1.7188283205032349,0.0172589048743248,0
mujoco,slope_forward,0,0,163,1.6299999999999313,1.0,0.0,0.34023984404515384,0.055319414424159344,0.021962152190159755,0.23992543023747254,0.008670042439338011,1.7255126237869263,0.011020253412425518,0
mujoco,slope_forward,0,0,164,1.6399999999999302,1.0,0.0,0.3401524196220635,0.05497752844839022,0.021381128362369828,0.24241883497912847,0.008591012511578532,1.7224339246749878,0.018783390522003174,0
mujoco,slope_forward,0,0,165,1.649999999999929,1.0,0.0,0.3400524167181889,0.05468084441170956,0.020833457677641075,0.2439107797505895,0.02930309405690282,1.7203850746154785,0.010627196170389652,0
mujoco,slope_forward,0,0,166,1.659999999999928,1.0,0.0,0.33994921399355216,0.05442473424147521,0.020515635602517807,0.2443844807026758,0.017295349657624238,1.721045970916748,0.013812274672091007,0
mujoco,slope_forward,0,0,167,1.6699999999999269,1.0,0.0,0.3398535948591497,0.05411918123808301,0.02010878800250083,0.24652573605906003,0.007036724048247897,1.7309788465499878,0.016068561002612114,0
mujoco,slope_forward,0,0,168,1.6799999999999258,1.0,0.0,0.33975784182892804,0.05377716452894469,0.019551161657497734,0.2484726057929385,0.008685524301049963,1.7273579835891724,0.023276569321751595,0
mujoco,slope_forward,0,0,169,1.6899999999999247,1.0,0.0,0.3396510486711294,0.053487884060731364,0.019039389911973594,0.24989837479458651,0.0294003250059563,1.7258257865905762,0.009662780910730362,0
mujoco,slope_forward,0,0,170,1.6999999999999236,1.0,0.0,0.33953911799007136,0.053243796932452,0.018698817815511908,0.250255310293912,0.017521254744551004,1.7266615629196167,0.014995116740465164,0
mujoco,slope_forward,0,0,171,1.7099999999999225,1.0,0.0,0.3394320946622997,0.052956991211067006,0.01829247671253097,0.25210748755317286,0.006503197820179534,1.735460638999939,0.015706803649663925,0
mujoco,slope_forward,0,0,172,1.7199999999999214,1.0,0.0,0.3393229605771671,0.05263155839350991,0.017752191333397973,0.25347173900054354,0.012750958329919909,1.7330036163330078,0.02454293705523014,0
mujoco,slope_forward,0,0,173,1.7299999999999203,1.0,0.0,0.33920452551277674,0.052365325161801236,0.017265277531564167,0.2548216288752144,0.032400164770396374,1.7320998907089233,0.010624746792018414,0
mujoco,slope_forward,0,0,174,1.7399999999999192,1.0,0.0,0.33908083820321494,0.052146396165861045,0.016917693139310696,0.25510456217118477,0.01913670172462224,1.732599139213562,0.016640497371554375,0
mujoco,slope_forward,0,0,175,1.749999999999918,1.0,0.0,0.3389593587405836,0.05187931659765642,0.01651175779370733,0.2567918596654737,0.007102035548898865,1.741422176361084,0.01731582172214985,0
mujoco,slope_forward,0,0,176,1.759999999999917,1.0,0.0,0.3388334577653287,0.0515738119715389,0.01603394128262775,0.2574988947625358,0.016983600473300157,1.7397148609161377,0.02597235143184662,0
mujoco,slope_forward,0,0,177,1.7699999999999159,1.0,0.0,0.3386993436079239,0.05135064990213577,0.015599188901153693,0.2585273778928792,0.031708981349711285,1.740795612335205,0.011932178400456905,0
mujoco,slope_forward,0,0,178,1.7799999999999148,1.0,0.0,0.33856431673475534,0.051149385816787685,0.015320107231760947,0.2587292146969061,0.016099854126849014,1.7419140338897705,0.015382909215986729,0
mujoco,slope_forward,0,0,179,1.7899999999999137,1.0,0.0,0.3384324945054583,0.05089310425531916,0.014952867954444145,0.2602966742378143,0.00541910103804045,1.749764084815979,0.01572878472507,0
mujoco,slope_forward,0,0,180,1.7999999999999126,1.0,0.0,0.33829529189671764,0.0506102522813306,0.01460148726210022,0.26024696936855524,0.020992441698428507,1.746968150138855,0.025511035695672035,0
mujoco,slope_forward,0,0,181,1.8099999999999115,1.0,0.0,0.33815152892255934,0.0504433527855121,0.01422565799317134,0.261137201729914,0.03095091038808326,1.749281883239746,0.01519988477230072,0
mujoco,slope_forward,0,0,182,1.8199999999999104,1.0,0.0,0.3380083482883373,0.050276848636040546,0.013978735821424204,0.2613516832327719,0.013441210294506995,1.7504043579101562,0.01816483773291111,0
mujoco,slope_forward,0,0,183,1.8299999999999093,1.0,0.0,0.3378666078089313,0.05003326962275438,0.013638748785012804,0.2624694513796386,0.006207801102874286,1.757472038269043,0.017446385696530342,0
mujoco,slope_forward,0,0,184,1.8399999999999082,1.0,0.0,0.3377225162429415,0.049796497106687085,0.013378333473997084,0.26238945925954105,0.023643601431050088,1.7566502094268799,0.0201602503657341,0
mujoco,slope_forward,0,0,185,1.849999999999907,1.0,0.0,0.3375753135520696,0.04967901919515359,0.013144943110678356,0.2625677985123966,0.023756123482733836,1.7582122087478638,0.014282944612205029,0
mujoco,slope_forward,0,0,186,1.859999999999906,1.0,0.0,0.337432789875416,0.049524717992787494,0.012963831789266028,0.2630224742699998,0.009082456440837617,1.7629376649856567,0.012320858426392078,0
mujoco,slope_forward,0,0,187,1.8699999999999048,1.0,0.0,0.33729342342361895,0.049294556808894364,0.012664225132234223,0.26349985846668406,0.009335129671837882,1.7655019760131836,0.01769520528614521,0
mujoco,slope_forward,0,0,188,1.8799999999999037,1.0,0.0,0.33715327468600254,0.04914441924711331,0.012456905500351083,0.263619681386424,0.02862663909364509,1.7650266885757446,0.014125394634902477,0
mujoco,slope_forward,0,0,189,1.8899999999999026,1.0,0.0,0.33701095056108354,0.04908411983609697,0.012290765253029601,0.2633582307107408,0.020615650420255784,1.7641245126724243,0.016087759286165237,0
mujoco,slope_forward,0,0,190,1.8999999999999015,1.0,0.0,0.3368734236272501,0.048954465824633316,0.012119214987208166,0.26391236689479997,0.007311007422289252,1.7703872919082642,0.013078780844807625,0
mujoco,slope_forward,0,0,191,1.9099999999999004,1.0,0.0,0.3367379998409221,0.04876734899642212,0.011873550052337842,0.26376061439614185,0.013396133929381592,1.7719299793243408,0.020113375037908554,0
mujoco,slope_forward,0,0,192,1.9199999999998993,1.0,0.0,0.3366017042300169,0.04867567578624761,0.011704064799891126,0.2640190840726136,0.033270748869928035,1.7718532085418701,0.012093869037926197,0
mujoco,slope_forward,0,0,193,1.9299999999998982,1.0,0.0,0.33646420872920785,0.04864803352397871,0.011581442638612906,0.2633240573155265,0.018012442162633473,1.771209716796875,0.017086440697312355,0
mujoco,slope_forward,0,0,194,1.9399999999998971,1.0,0.0,0.33633196361597467,0.04855395758827308,0.011414876548399787,0.263890508065004,0.0060722553082853846,1.7781000137329102,0.016001282259821892,0
mujoco,slope_forward,0,0,195,1.949999999999896,1.0,0.0,0.3362007316105011,0.04841714884629744,0.011200156851569002,0.26338609704323596,0.015872177324373012,1.778185486793518,0.02114100754261017,0
mujoco,slope_forward,0,0,196,1.959999999999895,1.0,0.0,0.336067968257591,0.048381207179945804,0.011069403575316888,0.26332906353606916,0.031140761236222347,1.7782703638076782,0.012119565159082413,0
mujoco,slope_forward,0,0,197,1.9699999999998938,1.0,0.0,0.3359386417788471,0.048377221126202234,0.011026784767283127,0.2625045625430955,0.013901078157054794,1.7796568870544434,0.012610162608325481,0
mujoco,slope_forward,0,0,198,1.9799999999998927,1.0,0.0,0.33581777069680196,0.04831667468446637,0.010929066427890453,0.2629333818915266,0.00397980667703507,1.7856063842773438,0.014188366942107677,0
mujoco,slope_forward,0,0,199,1.9899999999998916,1.0,0.0,0.33569733119680123,0.04823157701366367,0.010784799603668719,0.26219210493347034,0.0172634502732973,1.7842187881469727,0.01800282672047615,0
mujoco,slope_forward,0,0,200,1.9999999999998905,1.0,0.0,0.3355760416803552,0.04824731531031619,0.010708192884229516,0.2618513976176609,0.028689956106671476,1.7839809656143188,0.01175098866224289,0
mujoco,slope_forward,0,0,201,2.0099999999998897,1.0,0.0,0.3354609866456035,0.048273745733817736,0.01072564072763391,0.26092215253015,0.011311380398065935,1.786458969116211,0.010550688952207565,0
mujoco,slope_forward,0,0,202,2.0199999999998886,1.0,0.0,0.33535545417276286,0.048245399744158486,0.010680035805419078,0.26121481772009747,0.002424267286031086,1.7918165922164917,0.01359215285629034,0
mujoco,slope_forward,0,0,203,2.0299999999998875,1.0,0.0,0.3352493344399273,0.04819962618379403,0.01058276689728988,0.26046543849096165,0.016673244370036047,1.7894976139068604,0.01613151654601097,0
mujoco,slope_forward,0,0,204,2.0399999999998863,1.0,0.0,0.33514259794485624,0.04824758249649449,0.010547257806124734,0.2597460788800795,0.025369044634753667,1.7894201278686523,0.010597958229482174,0
mujoco,slope_forward,0,0,205,2.0499999999998852,1.0,0.0,0.3350447113856431,0.04829454469469568,0.010620489537960145,0.2586886443526289,0.009196174768491435,1.7929190397262573,0.009447410702705383,0
mujoco,slope_forward,0,0,206,2.059999999999884,1.0,0.0,0.3349576097907734,0.04829706937982917,0.010622255353384888,0.25883010573379756,0.0012835872245605794,1.7974187135696411,0.012306015938520432,0
mujoco,slope_forward,0,0,207,2.069999999999883,1.0,0.0,0.3348693590810891,0.048284342554093806,0.010555017912570937,0.2582691405624144,0.013840667726768653,1.7940564155578613,0.013619186356663704,0
mujoco,slope_forward,0,0,208,2.079999999999882,1.0,0.0,0.3347797668008544,0.048349294250246574,0.01053448025968813,0.2575383726303358,0.02699849753910372,1.7937240600585938,0.00903354026377201,0
mujoco,slope_forward,0,0,209,2.089999999999881,1.0,0.0,0.3346982954157825,0.048416798022771365,0.010660764735921056,0.2562705817013335,0.010106419359444263,1.797176480293274,0.010633286088705063,0
mujoco,slope_forward,0,0,210,2.0999999999998797,1.0,0.0,0.33462837806434287,0.04843834013764568,0.010732627234709476,0.2562190245435256,0.0014254576895254365,1.8031580448150635,0.01347312331199646,0
mujoco,slope_forward,0,0,211,2.1099999999998786,1.0,0.0,0.3345593317086161,0.04844494875836303,0.010703905027969139,0.25601332639619856,0.008648080261519399,1.7999296188354492,0.011459716595709324,0
mujoco,slope_forward,0,0,212,2.1199999999998775,1.0,0.0,0.3344890809751239,0.04851687509543178,0.010710976787680087,0.2551922195326766,0.026807546768873775,1.7984166145324707,0.006305302958935499,0
mujoco,slope_forward,0,0,213,2.1299999999998764,1.0,0.0,0.334427008139395,0.04861298269394696,0.010901534757877532,0.25365575255152484,0.010686008469417554,1.8011802434921265,0.011803239583969116,0
mujoco,slope_forward,0,0,214,2.1399999999998753,1.0,0.0,0.3343782917203872,0.04865788377655555,0.011048825937082318,0.2533530796753647,0.0024630885753043545,1.8079211711883545,0.015087693929672241,0
mujoco,slope_forward,0,0,215,2.1499999999998742,1.0,0.0,0.3343339005029639,0.04867592895139352,0.011067296837619697,0.25368287763284836,0.001296455114134067,1.8048313856124878,0.00992792472243309,0
mujoco,slope_forward,0,0,216,2.159999999999873,1.0,0.0,0.3342872175280085,0.04874324949876383,0.011101368432421897,0.2528412381294421,0.0261596028937803,1.8013278245925903,0.005501697771251202,0
mujoco,slope_forward,0,0,217,2.169999999999872,1.0,0.0,0.33424357783643793,0.04887310479426745,0.011261454309713955,0.25132569317570935,0.017505773085690332,1.8035565614700317,0.014815588481724262,0
mujoco,slope_forward,0,0,218,2.179999999999871,1.0,0.0,0.3342125176402439,0.04896256352363737,0.01145323949657726,0.2506922302138003,0.006713099803606959,1.811144471168518,0.015021099708974361,0
mujoco,slope_forward,0,0,219,2.18999999999987,1.0,0.0,0.3341904652879306,0.0490141344398374,0.011521533287457402,0.2510846245659446,0.002311681929144922,1.8101327419281006,0.00903920829296112,0
mujoco,slope_forward,0,0,220,2.1999999999998687,1.0,0.0,0.3341639396490607,0.04906066149557541,0.011493229553259274,0.2508687677279699,0.01618219060097366,1.8048360347747803,0.008574194274842739,0
mujoco,slope_forward,0,0,221,2.2099999999998676,1.0,0.0,0.3341358360293067,0.049174122510846754,0.011556715187418016,0.24960167859708757,0.020791251299812876,1.8046531677246094,0.009423576295375824,0
mujoco,slope_forward,0,0,222,2.2199999999998665,1.0,0.0,0.3341188889417616,0.049285938253775606,0.01177470918792445,0.24857489273344296,0.008893113109460518,1.8111010789871216,0.014340170659124851,0
mujoco,slope_forward,0,0,223,2.2299999999998654,1.0,0.0,0.3341135728949632,0.049367774589454586,0.011898674537243479,0.248672367472446,0.003531385747532756,1.8127554655075073,0.009768876247107983,0
mujoco,slope_forward,0,0,224,2.2399999999998643,1.0,0.0,0.334108578687883,0.049423221083732254,0.011887463375201497,0.24940461965659202,0.004394700188202737,1.8079499006271362,0.00826376210898161,0
mujoco,slope_forward,0,0,225,2.249999999999863,1.0,0.0,0.33409878044693453,0.04951942134092595,0.011895269026865671,0.2485748216747201,0.025782626727717226,1.8048306703567505,0.005379599053412676,0
mujoco,slope_forward,0,0,226,2.259999999999862,1.0,0.0,0.33409400814048784,0.04964766672810338,0.012154452966021093,0.24699015297630633,0.013694346265700295,1.8086116313934326,0.016465317457914352,0
mujoco,slope_forward,0,0,227,2.269999999999861,1.0,0.0,0.3341013836101823,0.04974188147932307,0.01235658242909487,0.2468509443115619,0.005952137295121255,1.8157435655593872,0.01894506812095642,0
mujoco,slope_forward,0,0,228,2.27999999999986,1.0,0.0,0.33411737694771027,0.049820309363722094,0.01242069687707638,0.2474177984823501,0.0031395422436115493,1.81187903881073,0.009110081940889359,0
mujoco,slope_forward,0,0,229,2.289999999999859,1.0,0.0,0.33412832085344657,0.04988350131234422,0.012374183364882833,0.24775176947880584,0.016053896079389403,1.8066829442977905,0.007560130674391985,0
mujoco,slope_forward,0,0,230,2.2999999999998577,1.0,0.0,0.3341357083145135,0.049997739374273195,0.012499768038750933,0.24616684468530664,0.0164059968533736,1.8060146570205688,0.009373737499117851,0
mujoco,slope_forward,0,0,231,2.3099999999998566,1.0,0.0,0.3341526128482303,0.05009932465977014,0.012704388024050514,0.24561831666215203,0.008349856518697824,1.8140844106674194,0.02069810777902603,0
mujoco,slope_forward,0,0,232,2.3199999999998555,1.0,0.0,0.33418196221297525,0.05019076354806083,0.01280983979719541,0.24586059580260267,0.006467508290995797,1.8133044242858887,0.007976406253874302,0
mujoco,slope_forward,0,0,233,2.3299999999998544,1.0,0.0,0.33421251493445026,0.05026017253503782,0.012775162191358252,0.2471427677857045,0.006719211675641432,1.8084204196929932,0.007737882900983095,0
mujoco,slope_forward,0,0,234,2.3399999999998533,1.0,0.0,0.3342279623524328,0.05034436303415352,0.012875602643341763,0.24189571086016376,-0.046625854965066924,1.803714632987976,0.007835195399820805,0
mujoco,slope_forward,0,0,235,2.349999999999852,1.0,0.0,0.33423803948913655,0.05049970606364939,0.0143664730642118,0.22798875369262234,-0.2039104193593039,1.8079477548599243,0.06853792071342468,0
mujoco,slope_forward,0,0,236,2.359999999999851,1.0,0.0,0.33429806993386835,0.050675825262707086,0.016185680013143848,0.2177191296578977,-0.29007477449800745,1.8196117877960205,0.1546531468629837,0
mujoco,slope_forward,0,0,237,2.36999999999985,1.0,0.0,0.33443167667859497,0.05096704443017844,0.017796028192093194,0.2084399758527284,-0.3342692905408997,1.7921550273895264,0.10536793619394302,0
mujoco,slope_forward,0,0,238,2.379999999999849,1.0,0.0,0.334620129056207,0.05136157681854392,0.018925892954207674,0.20109009806565872,-0.3344864246133734,1.7725863456726074,0.10025031119585037,0
mujoco,slope_forward,0,0,239,2.389999999999848,1.0,0.0,0.33484877431339755,0.05187101225755281,0.019825623687613553,0.1935773583007918,-0.305915408038335,1.7632642984390259,0.06867626309394836,0
mujoco,slope_forward,0,0,240,2.3999999999998467,1.0,0.0,0.3351164602278931,0.052464223177900685,0.02036044298829206,0.18898517576962004,-0.2758193646882108,1.765316128730774,0.05527377128601074,0
mujoco,slope_forward,0,0,241,2.4099999999998456,1.0,0.0,0.3354194957411583,0.053032911226729075,0.020581158456063967,0.1855819090544592,-0.2529837763552948,1.7618554830551147,0.04291917756199837,0
mujoco,slope_forward,0,0,242,2.4199999999998445,1.0,0.0,0.33574823692460987,0.05350245545146226,0.020494644970270055,0.1835913238037542,-0.23395696086765091,1.767137050628662,0.05140823870897293,0
mujoco,slope_forward,0,0,243,2.4299999999998434,1.0,0.0,0.3361022371383283,0.05383087322163668,0.020430267218532576,0.18029086445626227,-0.20337638603335814,1.7801228761672974,0.05750901252031326,0
mujoco,slope_forward,0,0,244,2.4399999999998423,1.0,0.0,0.3364911551897604,0.05407115256134597,0.02019835885589981,0.17882740038798267,-0.18161031764349256,1.790948510169983,0.052409932017326355,0
mujoco,slope_forward,0,0,245,2.449999999999841,1.0,0.0,0.33691681734290446,0.05420679028824894,0.01992235459148629,0.17729467114017017,-0.17301290217141418,1.787893533706665,0.05538304150104523,0
mujoco,slope_forward,0,0,246,2.45999999999984,1.0,0.0,0.3373652623604748,0.05421690327895206,0.01954492457873328,0.17656579612390724,-0.1729798456738546,1.7925382852554321,0.05368207395076752,0
mujoco,slope_forward,0,0,247,2.469999999999839,1.0,0.0,0.33782064437875015,0.05409150011683604,0.01928306540882218,0.17358360614048912,-0.16342407702894451,1.7987010478973389,0.06011250242590904,0
mujoco,slope_forward,0,0,248,2.479999999999838,1.0,0.0,0.33828546090105804,0.053977763947812826,0.019095692046386913,0.17151805464863323,-0.16071844065040214,1.81727933883667,0.05140973627567291,0
mujoco,slope_forward,0,0,249,2.489999999999837,1.0,0.0,0.3387632483647625,0.053877992441908044,0.01896583203384489,0.16945125332478528,-0.17002143344430465,1.834358811378479,0.054869167506694794,0
mujoco,slope_forward,0,0,250,2.4999999999998357,1.0,0.0,0.3392455308304153,0.053714346154330135,0.01884678873240505,0.16786600846624727,-0.18203482307246274,1.8552589416503906,0.0526716373860836,0
mujoco,slope_forward,0,0,251,2.5099999999998346,1.0,0.0,0.33972329955894615,0.05345873964629329,0.01878533996791607,0.16546533734482322,-0.18761043564256777,1.8769429922103882,0.05373913794755936,0
mujoco,slope_forward,0,0,252,2.5199999999998335,1.0,0.0,0.340196923873457,0.053209646888857494,0.01886165403389657,0.16229004357785584,-0.18214228403019192,1.9005051851272583,0.04805155098438263,0
mujoco,slope_forward,0,0,253,2.5299999999998324,1.0,0.0,0.34067635845132943,0.052992356160434025,0.019033894635412822,0.15951697626175265,-0.18335401479238855,1.9241797924041748,0.04602387920022011,0
mujoco,slope_forward,0,0,254,2.5399999999998313,1.0,0.0,0.34116272009622356,0.052746620203284335,0.01923882911339451,0.15725343960812768,-0.1868070426252106,1.9462652206420898,0.042212408035993576,0
mujoco,slope_forward,0,0,255,2.54999999999983,1.0,0.0,0.34165218289211013,0.05243989392302566,0.019454137635146914,0.15539117112550582,-0.19170579639238405,1.9659326076507568,0.04143013060092926,0
mujoco,slope_forward,0,0,256,2.559999999999829,1.0,0.0,0.34213978511352267,0.05206662821619738,0.019690717531306818,0.15362758653314168,-0.19400678965679533,1.9832853078842163,0.040834229439496994,0
mujoco,slope_forward,0,0,257,2.569999999999828,1.0,0.0,0.34262174119095345,0.05165435888922021,0.02014298033549223,0.15037070548789572,-0.1790658825990364,1.9999107122421265,0.036737583577632904,0
mujoco,slope_forward,0,0,258,2.579999999999827,1.0,0.0,0.3431043889642221,0.051285617802350754,0.020684261801761177,0.14799148410397364,-0.1693062033794139,2.020961284637451,0.034586966037750244,0
mujoco,slope_forward,0,0,259,2.5899999999998258,1.0,0.0,0.3435937776292848,0.05091765170631489,0.021286989238400205,0.14588473112489386,-0.165566601408207,2.0370988845825195,0.029140301048755646,0
mujoco,slope_forward,0,0,260,2.5999999999998247,1.0,0.0,0.3440884624408462,0.05050484806735492,0.021891972283486414,0.14437844972204378,-0.1638933964226972,2.0525054931640625,0.027211666107177734,0
mujoco,slope_forward,0,0,261,2.6099999999998236,1.0,0.0,0.3445859341761459,0.050046478828988716,0.02250951173309058,0.14317266091975092,-0.1641800141269156,2.0652918815612793,0.02517087757587433,0
mujoco,slope_forward,0,0,262,2.6199999999998225,1.0,0.0,0.3450829471614374,0.04954683448745177,0.02314216804769225,0.14239448775801297,-0.16564808293062422,2.077852249145508,0.024599816650152206,0
mujoco,slope_forward,0,0,263,2.6299999999998214,1.0,0.0,0.34557198725871774,0.04896092655869792,0.023988253178462732,0.13705237457070102,-0.11913823862001016,2.090710401535034,0.02360764890909195,0
mujoco,slope_forward,0,0,264,2.6399999999998203,1.0,0.0,0.34604157700422405,0.04828291600455947,0.025483112835421543,0.12778330189938528,-0.04264054766230917,2.109386920928955,0.07286418974399567,0
mujoco,slope_forward,0,0,265,2.649999999999819,1.0,0.0,0.34651751274698506,0.047686089662009434,0.027080327166927733,0.12177388618717862,-0.012857701851272088,2.1354806423187256,0.12301426380872726,0
mujoco,slope_forward,0,0,266,2.659999999999818,1.0,0.0,0.34703231417328634,0.047160682900677785,0.028585045600391858,0.11752639923700917,-0.013605483629514505,2.152768850326538,0.090936578810215,0
mujoco,slope_forward,0,0,267,2.669999999999817,1.0,0.0,0.34759858673152677,0.046650383796090544,0.029815534397171533,0.11522201878066397,-0.02685238982493489,2.165512800216675,0.06902419775724411,0
mujoco,slope_forward,0,0,268,2.679999999999816,1.0,0.0,0.3482187691142045,0.04616164418435089,0.030744277002122924,0.1139157026455151,-0.043239370598795776,2.1688175201416016,0.04252254217863083,0
mujoco,slope_forward,0,0,269,2.6899999999998148,1.0,0.0,0.34888971638942934,0.045670603267696834,0.03146049837785702,0.11342899410158726,-0.05877151344974303,2.1680636405944824,0.0322546623647213,0
mujoco,slope_forward,0,0,270,2.6999999999998137,1.0,0.0,0.349604630072467,0.04516387857202365,0.03199108961306328,0.11368056617363533,-0.06922803864411095,2.1689436435699463,0.029205096885561943,0
mujoco,slope_forward,0,0,271,2.7099999999998126,1.0,0.0,0.3503572817816323,0.044644786819627275,0.03239040878762202,0.11437868264871157,-0.07464401637257567,2.179155111312866,0.03084639087319374,0
mujoco,slope_forward,0,0,272,2.7199999999998115,1.0,0.0,0.3511457968165698,0.04410479100276856,0.03266306677616922,0.11559881378973191,-0.07587743939709231,2.2063608169555664,0.0464300811290741,0
mujoco,slope_forward,0,0,273,2.7299999999998104,1.0,0.0,0.35197425639039226,0.043549966997858465,0.032808800465030034,0.11732672037924015,-0.07412367376750233,2.2459802627563477,0.05822531506419182,0
mujoco,slope_forward,0,0,274,2.7399999999998093,1.0,0.0,0.35285139649660247,0.042997302806972025,0.03286183757896793,0.11952268392465189,-0.07089856645815074,2.3017776012420654,0.07464854419231415,0
mujoco,slope_forward,0,0,275,2.749999999999808,1.0,0.0,0.3537880969088185,0.042462691210199785,0.03272144999275318,0.12249723917393773,-0.0642200437704056,2.3764400482177734,0.09460046887397766,0
mujoco,slope_forward,0,0,276,2.759999999999807,1.0,0.0,0.3547997393844367,0.04195944541640182,0.03238132377572804,0.1258144119316512,-0.0547574287247081,2.4741103649139404,0.11990007758140564,0
mujoco,slope_forward,0,0,277,2.769999999999806,1.0,0.0,0.355902817805544,0.041482861993538775,0.03177849693511829,0.1298352129941736,-0.04214099902788107,2.594616174697876,0.1443384736776352,0
mujoco,slope_forward,0,0,278,2.779999999999805,1.0,0.0,0.35711633461262804,0.04103395985854114,0.030882037056906033,0.13441317859331334,-0.02732838638532603,2.7362990379333496,0.16702167689800262,0
mujoco,slope_forward,0,0,279,2.7899999999998037,1.0,0.0,0.35846236415662214,0.04060651450102101,0.029610511588551006,0.13986265457991118,-0.011087879549692621,2.9051060676574707,0.19586054980754852,0
mujoco,slope_forward,0,0,280,2.7999999999998026,1.0,0.0,0.3599695499609456,0.040196827039282915,0.027935104814007274,0.1460823367387421,0.00552966647848062,3.1084165573120117,0.23432977497577667,0
mujoco,slope_forward,0,0,281,2.8099999999998015,1.0,0.0,0.3616755518927766,0.039777348058413375,0.02572577174909436,0.1535924127143789,0.026380566099090272,3.361461639404297,0.28995805978775024,0
mujoco,slope_forward,0,0,282,2.8199999999998004,1.0,0.0,0.3636210580692367,0.039354906460773095,0.022905251297141563,0.16227350077628666,0.05002753263710426,3.663607358932495,0.3467024862766266,0
mujoco,slope_forward,0,0,283,2.8299999999997993,1.0,0.0,0.36583720389133917,0.03897782526272413,0.019466859621383965,0.17209709907789864,0.07725745464076099,4.000432968139648,0.38971206545829773,0
mujoco,slope_forward,0,0,284,2.8399999999997982,1.0,0.0,0.3683300554466613,0.03854996349513307,0.01552848227370026,0.18216930053276176,0.11324073646330872,4.3390703201293945,0.3953225910663605,0
mujoco,slope_forward,0,0,285,2.849999999999797,1.0,0.0,0.37105144061231304,0.037890244052065536,0.011224307727345773,0.19267787557823374,0.14681471555271178,4.652862071990967,0.3818448483943939,0
mujoco,slope_forward,0,0,286,2.859999999999796,1.0,0.0,0.3738449790429448,0.03654968591270285,0.007191477827915066,0.20034390605384075,0.21491928164424745,4.883676528930664,0.3987314701080322,0
mujoco,slope_forward,0,0,287,2.869999999999795,1.0,0.0,0.376479013714851,0.034589697671036285,0.004866449576711044,0.20108834840815182,0.27135264436213397,4.994685173034668,0.4332972764968872,0
mujoco,slope_forward,0,0,288,2.879999999999794,1.0,0.0,0.37879655684036534,0.03286024712376689,0.0057057531617543174,0.1985265084349677,0.32392468789130535,5.008940696716309,0.5285040736198425,0
mujoco,slope_forward,0,0,289,2.8899999999997927,1.0,0.0,0.3806379342576563,0.02780300259645565,0.010993414562474869,0.18758283387983035,0.6255946961427781,4.544947624206543,0.7360600233078003,0
mujoco,slope_forward,0,0,290,2.8999999999997916,1.0,0.0,0.3818673138026598,0.02264328544982222,0.02112555584231719,0.17955248653512923,0.5872096250122188,4.034747123718262,0.7899953722953796,0
mujoco,slope_forward,0,0,291,2.9099999999997905,1.0,0.0,0.3823382585145438,0.019948205235543276,0.03265566867997162,0.17808365679374882,0.42420054693868126,3.3371663093566895,1.0057377815246582,0
mujoco,slope_forward,0,0,292,2.9199999999997894,1.0,0.0,0.3820874251176364,0.01864884831199419,0.04293778111740534,0.1801362222340074,0.22394982054934423,2.6122589111328125,1.264992356300354,0
mujoco,slope_forward,0,0,293,2.9299999999997883,1.0,0.0,0.3813399471328918,0.018971026245206725,0.05159596831479923,0.18811315672187032,-0.07246314434859392,2.600571393966675,1.1017816066741943,0
mujoco,slope_forward,0,0,294,2.9399999999997872,1.0,0.0,0.3802862285701512,0.01825850463030223,0.06021523195184864,0.19289664619024582,-0.33839469931856714,2.9963059425354004,0.519333004951477,0
mujoco,slope_forward,0,0,295,2.949999999999786,1.0,0.0,0.37908997816953954,0.01652940440840105,0.06908980890801057,0.2017007217120217,-0.5093759835904039,3.534724235534668,0.5568353533744812,0
mujoco,slope_forward,0,0,296,2.959999999999785,1.0,0.0,0.37792670824572566,0.015353464701499541,0.07749873016212995,0.20679247762229597,-0.5543525895794018,4.149370193481445,0.6286816596984863,0
mujoco,slope_forward,0,0,297,2.969999999999784,1.0,0.0,0.3767590436540955,0.01633867672758275,0.08655693051918248,0.20338162532438867,-0.6364458690678,4.810986042022705,0.70237135887146,0
mujoco,slope_forward,0,0,298,2.979999999999783,1.0,0.0,0.37581539767752536,0.019770145268942517,0.09589787354151044,0.20398267258772176,-0.7267522184497089,5.327364921569824,0.6546119451522827,0
mujoco,slope_forward,0,0,299,2.9899999999997817,1.0,0.0,0.37523242803259904,0.026350597175828078,0.1058131170049909,0.20390055584689173,-0.8166208096821815,5.613655090332031,0.4784177541732788,0
mujoco,slope_forward,0,0,300,2.9999999999997806,1.0,0.0,0.3748009228519792,0.0342630283568155,0.11444254264780696,0.21364513487890682,-1.0918893698626109,5.922289848327637,0.42901360988616943,0
mujoco,slope_forward,0,0,301,3.0099999999997795,1.0,0.0,0.37411835779103964,0.0391284099381594,0.12091226295449778,0.2117933153186652,-1.540112061748498,6.176922798156738,0.7651559710502625,0
mujoco,slope_forward,0,0,302,3.0199999999997784,1.0,0.0,0.3736422196218526,0.04602773083336961,0.12867940843276993,0.23415042102593392,-1.778215055800074,6.498929977416992,0.6536992788314819,0
mujoco,slope_forward,0,0,303,3.0299999999997773,1.0,0.0,0.3737480633376666,0.05573286994461009,0.1363467301036052,0.2565468216503125,-1.8995660595478507,6.592531204223633,0.4334890842437744,0
mujoco,slope_forward,0,0,304,3.039999999999776,1.0,0.0,0.37429723418287325,0.06750873103594617,0.14508775143368272,0.2584448736167053,-2.0141102955306662,6.477720737457275,0.30451199412345886,0
mujoco,slope_forward,0,0,305,3.049999999999775,1.0,0.0,0.3750563859983349,0.07850725816539174,0.15486405585654153,0.2575568911613764,-2.123008744059632,6.56151008605957,0.3728896677494049,0
mujoco,slope_forward,0,0,306,3.059999999999774,1.0,0.0,0.37542653056079944,0.08643066981819547,0.16260121003512776,0.2595619688694226,-2.4723369080476707,6.68109655380249,0.3921382427215576,0
mujoco,slope_forward,0,0,307,3.069999999999773,1.0,0.0,0.3747337073846154,0.08723729289617832,0.17222466080507023,0.22923214212664908,-2.711714620843034,6.147286415100098,1.3344875574111938,0
mujoco,slope_forward,0,0,308,3.079999999999772,1.0,0.0,0.373371256907148,0.08966993041424158,0.1882233669842987,0.22178375049377197,-2.541392341629252,5.356980323791504,1.1732852458953857,0
mujoco,slope_forward,0,0,309,3.0899999999997707,1.0,0.0,0.37126778104093644,0.09007009288712699,0.20982516597144843,0.18606822062310088,-2.277542397313254,4.1581010818481445,1.8782891035079956,0
mujoco,slope_forward,0,0,310,3.0999999999997696,1.0,0.0,0.3687132685429303,0.09375589889596245,0.23652830195573843,0.17850390856646386,-1.9486238890526284,3.19997239112854,2.0884909629821777,0
mujoco,slope_forward,0,0,311,3.1099999999997685,1.0,0.0,0.36552592206235934,0.09966583782780258,0.25900946775016037,0.17149963591018091,-1.5764153737348454,2.9377403259277344,1.7252864837646484,0
mujoco,slope_forward,0,0,312,3.1199999999997674,1.0,0.0,0.3615499192771224,0.10726595058701272,0.27159063608194234,0.1890510870144445,-0.9838074093049108,4.257193565368652,2.1753106117248535,0
mujoco,slope_forward,0,0,313,3.1299999999997663,1.0,0.0,0.35792916943936365,0.10690320164348124,0.2813531046956198,0.21684900619325106,-0.6150920651080115,4.950601100921631,1.4755637645721436,0
mujoco,slope_forward,0,0,314,3.139999999999765,1.0,0.0,0.35582771663879226,0.1019577571366407,0.2886541994406833,0.291916400895281,-0.38786061168873,5.470529556274414,0.688275158405304,0
mujoco,slope_forward,0,0,315,3.149999999999764,1.0,0.0,0.3557468528765742,0.09381008470980894,0.2952393902307367,0.345178609941895,-0.40692369708276993,5.675727367401123,0.42306897044181824,0
mujoco,slope_forward,0,0,316,3.159999999999763,1.0,0.0,0.35763436023753925,0.08212692809243255,0.29836484987735756,0.41040826998572294,-0.43352360528467315,6.070300579071045,0.49468138813972473,0
mujoco,slope_forward,0,0,317,3.169999999999762,1.0,0.0,0.3613629179234754,0.06879160837794086,0.29804554211480433,0.47383810921415054,-0.38465579695961055,6.315126419067383,0.5429076552391052,0
mujoco,slope_forward,0,0,318,3.179999999999761,1.0,0.0,0.366644252973689,0.053896266687041505,0.29251218782641664,0.5380665914013387,-0.3684449420330352,6.287447929382324,0.5058754086494446,0
mujoco,slope_forward,0,0,319,3.1899999999997597,1.0,0.0,0.37322603469047433,0.038383729226671416,0.28068607361358705,0.6040419511271233,-0.2765662841356416,6.306057929992676,1.002289891242981,0
mujoco,slope_forward,0,0,320,3.1999999999997586,1.0,0.0,0.3808354353368807,0.023848572861229825,0.2633827585264169,0.6601278663935755,0.09194489763028862,6.576210021972656,1.535120964050293,0
mujoco,slope_forward,0,0,321,3.2099999999997575,1.0,0.0,0.38904285445249603,0.014994725312996875,0.24972449893907875,0.6948927964319902,0.9220390249410726,6.951775074005127,1.4856470823287964,0
mujoco,slope_forward,0,0,322,3.2199999999997564,1.0,0.0,0.39745798204381266,0.014989096710513686,0.23819211936840057,0.7265013577626088,1.8616660479915286,7.129500865936279,0.6143152713775635,0
mujoco,slope_forward,0,0,323,3.2299999999997553,1.0,0.0,0.40530404513977875,0.019478393583824843,0.23141701585042995,0.7083290862732535,2.3600378458757496,6.196160793304443,1.6050056219100952,0
mujoco,slope_forward,0,0,324,3.239999999999754,1.0,0.0,0.41199975909081143,0.020988002891697975,0.2307336664377213,0.6776202296362256,2.2789910089752294,4.398952484130859,2.292750120162964,0
mujoco,slope_forward,0,0,325,3.249999999999753,1.0,0.0,0.4171931395854835,0.018151582111646643,0.2326819677105091,0.6497509334104975,1.6177424668979754,3.0013043880462646,2.3865861892700195,0
mujoco,slope_forward,0,0,326,3.259999999999752,1.0,0.0,0.42095895996063,0.014394484805528423,0.2339407745104014,0.6428073109493248,0.6096971978534637,2.8986456394195557,1.9608463048934937,0
mujoco,slope_forward,0,0,327,3.269999999999751,1.0,0.0,0.4236431799179763,0.01029502623758866,0.23458025088884701,0.6424579596085782,-0.19055249920143227,3.863142728805542,1.4623908996582031,0
mujoco,slope_forward,0,0,328,3.27999999999975,1.0,0.0,0.42529087277871197,0.003274619661656492,0.23162972935688086,0.6473437295191292,-0.6457603231293119,4.035204887390137,0.9356467723846436,0
mujoco,slope_forward,0,0,329,3.2899999999997487,1.0,0.0,0.4266134108953549,4.211115478668691e-05,0.23020017767572615,0.6458523344323349,-0.537521277971068,4.504025936126709,0.9415318965911865,0
mujoco,slope_forward,0,0,330,3.2999999999997476,1.0,0.0,0.42803292531739084,0.0012333469240593906,0.22747753030970896,0.6518410998006267,-0.47174512090344933,4.572211742401123,0.41311925649642944,0
mujoco,slope_forward,0,0,331,3.3099999999997465,1.0,0.0,0.4296086548898498,0.005723470790159968,0.2231786729335963,0.6556263731983454,-0.4144478153985219,4.393136024475098,0.3601880669593811,0
mujoco,slope_forward,0,0,332,3.3199999999997454,1.0,0.0,0.43121834596599223,0.011524747799945886,0.21638913555361433,0.6570977551898696,-0.3913188570555926,4.491374969482422,0.4362982213497162,0
mujoco,slope_forward,0,0,333,3.3299999999997443,1.0,0.0,0.4327023872691792,0.01706074522029109,0.20677029846659217,0.6592418083748883,-0.37305845342520727,4.684996604919434,0.4631669819355011,0
mujoco,slope_forward,0,0,334,3.339999999999743,1.0,0.0,0.4339296250018973,0.022238578261043328,0.1959736922979824,0.6579172164146033,-0.3975553656059909,4.698940277099609,0.4208725690841675,0
mujoco,slope_forward,0,0,335,3.349999999999742,1.0,0.0,0.4348137478656226,0.027110268529347226,0.18542935111567718,0.6549115569314337,-0.460781746246905,4.499597072601318,0.63824063539505,0
mujoco,slope_forward,0,0,336,3.359999999999741,1.0,0.0,0.4352390534474466,0.03176931314802264,0.1753615325255318,0.6514304848298006,-0.48068316940038863,4.17824125289917,0.8123302459716797,0
mujoco,slope_forward,0,0,337,3.36999999999974,1.0,0.0,0.43500247513061535,0.035674753426723146,0.16766472923244868,0.6440772225404986,-0.3875918308522064,3.823514461517334,1.062535047531128,0
mujoco,slope_forward,0,0,338,3.3799999999997388,1.0,0.0,0.433898489608184,0.038008624149866874,0.16381210676563987,0.6328932348400597,-0.12567627845858553,3.6369051933288574,1.1255425214767456,0
mujoco,slope_forward,0,0,339,3.3899999999997377,1.0,0.0,0.4318271009780282,0.038302217334258634,0.16353515574197727,0.6199492923815776,0.32782694038580995,3.6492655277252197,0.7643907070159912,0
mujoco,slope_forward,0,0,340,3.3999999999997366,1.0,0.0,0.42917736424002817,0.03734863687837433,0.16868825673600404,0.6220153518078968,0.3759042855914268,3.5044190883636475,0.620796263217926,0
mujoco,slope_forward,0,0,341,3.4099999999997355,1.0,0.0,0.42657770853030674,0.0407192301238196,0.1754714950047047,0.6420357938109353,0.1984412964390928,3.2902514934539795,0.9026976823806763,0
mujoco,slope_forward,0,0,342,3.4199999999997344,1.0,0.0,0.4244737955363627,0.04611599738877189,0.18404758836760285,0.6557003908611656,0.023755633132397952,3.473283290863037,0.9440432786941528,0
mujoco,slope_forward,0,0,343,3.4299999999997333,1.0,0.0,0.42333866967494715,0.052692245594223926,0.18719668467391476,0.6931050362791201,-0.036487448602658915,4.194784641265869,1.9043315649032593,0
mujoco,slope_forward,0,0,344,3.439999999999732,1.0,0.0,0.423552752638893,0.056963441167014954,0.1857140367373633,0.7141740900041247,0.10136513332860349,4.916257381439209,1.035831093788147,0
mujoco,slope_forward,0,0,345,3.449999999999731,1.0,0.0,0.4250196004101692,0.057254686401722855,0.1768770479567425,0.7444400049842799,0.21335363091573603,5.191959381103516,0.644588828086853,0
mujoco,slope_forward,0,0,346,3.45999999999973,1.0,0.0,0.4274704418175523,0.05526070967743346,0.1655744645548398,0.7610801015525434,0.3396758762008678,4.898963928222656,0.8721651434898376,0
mujoco,slope_forward,0,0,347,3.469999999999729,1.0,0.0,0.43039119239148005,0.05295885002564707,0.15305795290087754,0.7794628062732089,0.3051405763520875,4.511008262634277,0.928748607635498,0
mujoco,slope_forward,0,0,348,3.4799999999997278,1.0,0.0,0.4332162640671668,0.04941484172615167,0.14181147092830074,0.7816000575880886,0.23147367242586697,3.6397154331207275,1.29000723361969,0
mujoco,slope_forward,0,0,349,3.4899999999997267,1.0,0.0,0.43526859130417284,0.043867248031665564,0.13027426076682755,0.7850985010911196,-0.08509814450687532,3.06990647315979,1.8701436519622803,0
mujoco,slope_forward,0,0,350,3.4999999999997256,1.0,0.0,0.4363879222470709,0.03811159675481323,0.12320876120325927,0.7723572222823255,-0.40327809804565284,3.1149721145629883,1.3280234336853027,0
mujoco,slope_forward,0,0,351,3.5099999999997245,1.0,0.0,0.43727096815222344,0.034857286610882186,0.11836636855095414,0.7559386427347471,-0.5617622991494542,3.3738436698913574,0.8658157587051392,0
mujoco,slope_forward,0,0,352,3.5199999999997234,1.0,0.0,0.4382625841673398,0.0343061626860098,0.11299461000310322,0.7323499812656953,-0.4946096785053521,3.2127773761749268,0.4127427339553833,0
mujoco,slope_forward,0,0,353,3.5299999999997222,1.0,0.0,0.4394044635607676,0.03448462308805685,0.10850371700074829,0.7096048172067856,-0.3809184159792956,3.095905065536499,0.5880950093269348,0
mujoco,slope_forward,0,0,354,3.539999999999721,1.0,0.0,0.44052444964329485,0.03509979803844644,0.1042086365759075,0.6904024910961553,-0.24955632503313446,3.2968592643737793,0.6558018326759338,0
mujoco,slope_forward,0,0,355,3.54999999999972,1.0,0.0,0.4415679180870225,0.03636991647163912,0.10013733457705445,0.6718453612744949,-0.23554396761076277,3.614630699157715,0.5199098587036133,0
mujoco,slope_forward,0,0,356,3.559999999999719,1.0,0.0,0.4425070747404874,0.037480965491671375,0.09487179499679829,0.6575264515565564,-0.34112587456111004,3.6053738594055176,0.23290780186653137,0
mujoco,slope_forward,0,0,357,3.569999999999718,1.0,0.0,0.4432125131578402,0.039182035280586974,0.0890513468304419,0.6450198687045645,-0.27768761762885846,3.219943046569824,0.6539158821105957,0
mujoco,slope_forward,0,0,358,3.5799999999997167,1.0,0.0,0.44344375461724034,0.041026708239098916,0.08485099958465375,0.6331020298033007,-0.15455214736047967,2.9380295276641846,0.976967990398407,0
mujoco,slope_forward,0,0,359,3.5899999999997156,1.0,0.0,0.4429245872664769,0.04203797425820512,0.08299625519743227,0.6218015094942962,0.03622440813909222,2.8702476024627686,1.027282953262329,0
mujoco,slope_forward,0,0,360,3.5999999999997145,1.0,0.0,0.4415183100060423,0.042865544965965466,0.08236275040226106,0.6151505975418537,0.16551655841555526,2.7428109645843506,0.7316474914550781,0
mujoco,slope_forward,0,0,361,3.6099999999997134,1.0,0.0,0.4393324697742125,0.04259154875391794,0.08184851347397702,0.6108787508425879,0.2939656667912414,2.5443854331970215,0.4942733645439148,0
mujoco,slope_forward,0,0,362,3.6199999999997123,1.0,0.0,0.43713157210368675,0.04321000971075645,0.08133296533302287,0.6215930671835902,0.2433262044902831,2.5810205936431885,0.8284485340118408,0
mujoco,slope_forward,0,0,363,3.6299999999997112,1.0,0.0,0.43547830700888013,0.0434467587547255,0.07933555387381767,0.6238595709347803,0.1650909057258055,2.453230857849121,0.7221552729606628,0
mujoco,slope_forward,0,0,364,3.63999999999971,1.0,0.0,0.4346500547844534,0.04308383187558636,0.07594893706226037,0.6170916965568811,0.21583670879022512,2.485997438430786,0.4226974546909332,0
mujoco,slope_forward,0,0,365,3.649999999999709,1.0,0.0,0.434677531034292,0.042941451721839184,0.07007126811369743,0.6090968531453371,0.21236904213878136,2.425273895263672,0.4273237884044647,0
mujoco,slope_forward,0,0,366,3.659999999999708,1.0,0.0,0.43539545925912276,0.04289088727005058,0.06231823285516025,0.5981440584417733,0.1655861363525987,2.1479079723358154,0.5055695176124573,0
mujoco,slope_forward,0,0,367,3.669999999999707,1.0,0.0,0.43655777380151145,0.04282684435866888,0.05367227411101227,0.5868344101506885,0.09504186456173723,1.7593995332717896,0.5409848093986511,0
mujoco,slope_forward,0,0,368,3.6799999999997057,1.0,0.0,0.4379425487649921,0.042779119153333094,0.044716460421816075,0.5766954704224114,0.023656500145623826,1.3469380140304565,0.5896030068397522,0
mujoco,slope_forward,0,0,369,3.6899999999997046,1.0,0.0,0.43935948559021143,0.04244928019949687,0.03560016038843022,0.5679340413784377,-0.026629246998524297,1.2066574096679688,0.4588589370250702,0
mujoco,slope_forward,0,0,370,3.6999999999997035,1.0,0.0,0.44071406823369275,0.041842756705983794,0.02693613272548176,0.5593526745408938,-0.033744837003538725,1.1764501333236694,0.30227214097976685,0
mujoco,slope_forward,0,0,371,3.7099999999997024,1.0,0.0,0.44197936107661556,0.041257118790436545,0.018763171220800852,0.5524204084568677,-0.0026086231283154954,1.154921054840088,0.15495812892913818,0
mujoco,slope_forward,0,0,372,3.7199999999997013,1.0,0.0,0.44314156731159615,0.04068640096548116,0.011210410033003862,0.5446258462902553,0.03686070205889261,1.1203795671463013,0.08690208196640015,0
mujoco,slope_forward,0,0,373,3.7299999999997,1.0,0.0,0.444190293998187,0.04016962139280888,0.004159342885358981,0.5364025057181697,0.052202176741557256,1.092207908630371,0.08337296545505524,0
mujoco,slope_forward,0,0,374,3.739999999999699,1.0,0.0,0.4451318414795191,0.03980834240555528,-0.002196366107652334,0.5272567832701265,0.062358850696764306,1.0823023319244385,0.14144176244735718,0
mujoco,slope_forward,0,0,375,3.749999999999698,1.0,0.0,0.44596405315387766,0.039574108039992256,-0.007862669866459587,0.5173042361243697,0.07213122012825221,1.119582176208496,0.16253964602947235,0
mujoco,slope_forward,0,0,376,3.759999999999697,1.0,0.0,0.4466964466644701,0.039607776121834186,-0.01286227674843395,0.5061893420461145,0.07487547396641,1.1880004405975342,0.1615399420261383,0
mujoco,slope_forward,0,0,377,3.769999999999696,1.0,0.0,0.44734084831140525,0.03971152431841941,-0.017180465053805345,0.49442882719782627,0.0777378726361501,1.2551357746124268,0.11419795453548431,0
mujoco,slope_forward,0,0,378,3.7799999999996947,1.0,0.0,0.44791186390420246,0.040016261853035626,-0.020894297755371005,0.4820959820154735,0.06826226337682949,1.3072974681854248,0.08332322537899017,0
mujoco,slope_forward,0,0,379,3.7899999999996936,1.0,0.0,0.4484133355319097,0.04036624328811553,-0.02412353327286117,0.46959517565471787,0.07077715233153174,1.3480658531188965,0.07153623551130295,0
mujoco,slope_forward,0,0,380,3.7999999999996925,1.0,0.0,0.44885656290366055,0.04088665360195155,-0.02683642330049568,0.45622859687771244,0.06274794688471746,1.3886406421661377,0.08064215630292892,0
mujoco,slope_forward,0,0,381,3.8099999999996914,1.0,0.0,0.4492451027142018,0.04137240990001006,-0.029204443362693743,0.44314260073241013,0.06123373117116502,1.4263699054718018,0.07426506280899048,0
mujoco,slope_forward,0,0,382,3.8199999999996903,1.0,0.0,0.4495897862167847,0.042087216096154303,-0.031096323150998383,0.4287624692232725,0.057791859874624686,1.4670449495315552,0.07798738032579422,0
mujoco,slope_forward,0,0,383,3.829999999999689,1.0,0.0,0.44990212099640414,0.04281293075849023,-0.03267017493721933,0.41512747887544954,0.04725753048175059,1.4988439083099365,0.05874789506196976,0
mujoco,slope_forward,0,0,384,3.839999999999688,1.0,0.0,0.4501855719149016,0.04366114489069813,-0.03385833491531863,0.4008242960578224,0.06067298258338825,1.5295748710632324,0.058793969452381134,0
mujoco,slope_forward,0,0,385,3.849999999999687,1.0,0.0,0.45044095024482855,0.04464688211518247,-0.03465355719337916,0.3860387943944109,0.0494790054172301,1.549971342086792,0.046616777777671814,0
mujoco,slope_forward,0,0,386,3.859999999999686,1.0,0.0,0.45067317658893824,0.04557359692726715,-0.035236725839020315,0.37223141562366957,0.04029685042218783,1.5666368007659912,0.04539160430431366,0
mujoco,slope_forward,0,0,387,3.869999999999685,1.0,0.0,0.45088429418715054,0.04656257577327232,-0.035549662965877235,0.35766222644045137,0.05212641520177408,1.5874629020690918,0.046895161271095276,0
mujoco,slope_forward,0,0,388,3.8799999999996837,1.0,0.0,0.45107595637935993,0.04772744954030431,-0.03561847528381357,0.3425628659636057,0.05053322717863487,1.600987434387207,0.03916769102215767,0
mujoco,slope_forward,0,0,389,3.8899999999996826,1.0,0.0,0.4512556258850949,0.04886037850454591,-0.03540992576682557,0.32779749642995687,0.037590054318633,1.6143485307693481,0.03900172933936119,0
mujoco,slope_forward,0,0,390,3.8999999999996815,1.0,0.0,0.45142796766996196,0.04997954963666355,-0.03510642431692762,0.3142358113496544,0.031184684808432943,1.6274528503417969,0.04253509268164635,0
mujoco,slope_forward,0,0,391,3.9099999999996804,1.0,0.0,0.45158762375105904,0.051124130495365336,-0.03454837364191367,0.2994351516651937,0.04596313220555027,1.6395255327224731,0.030709004029631615,0
mujoco,slope_forward,0,0,392,3.9199999999996793,1.0,0.0,0.45173284843228284,0.05237479808074662,-0.03386051783027983,0.2854180361529333,0.06100407055355395,1.6459420919418335,0.03572743013501167,0
mujoco,slope_forward,0,0,393,3.929999999999678,1.0,0.0,0.4518666081295705,0.053642963719014766,-0.032810717636301105,0.26982876521187893,0.0530504017676346,1.6513220071792603,0.024951739236712456,0
mujoco,slope_forward,0,0,394,3.939999999999677,1.0,0.0,0.45199116445718934,0.05485044026591021,-0.031668511782886155,0.25573545890043176,0.046247781336764764,1.6567726135253906,0.04073048755526543,0
mujoco,slope_forward,0,0,395,3.949999999999676,1.0,0.0,0.4521127914191354,0.0560473799537286,-0.03036082969726165,0.24166211679627345,0.042372928906726344,1.6612805128097534,0.024738209322094917,0
mujoco,slope_forward,0,0,396,3.959999999999675,1.0,0.0,0.4522342061795181,0.05730389739209143,-0.028965256171768334,0.22900285616238153,0.03458801132534494,1.6612471342086792,0.030398577451705933,0
mujoco,slope_forward,0,0,397,3.969999999999674,1.0,0.0,0.45235483902661733,0.058469549929449104,-0.027111735549635613,0.21516291911182306,0.04868497062794225,1.6531448364257812,0.02722594141960144,0
mujoco,slope_forward,0,0,398,3.9799999999996727,1.0,0.0,0.45245626199464545,0.05950690396717273,-0.025281453194096446,0.20311485285486297,0.06448202665466328,1.6436437368392944,0.05194467306137085,0
mujoco,slope_forward,0,0,399,3.9899999999996716,1.0,0.0,0.4525357435384226,0.060541435633840464,-0.02344933636453559,0.191174286637762,0.07053154131114699,1.6396198272705078,0.03269534185528755,0
mujoco,slope_forward,0,0,400,3.9999999999996705,1.0,0.0,0.45259995582262513,0.06166119652012832,-0.021724878019466556,0.18051818437375658,0.06486026123494845,1.636488676071167,0.03284802287817001,0
mujoco,slope_forward,0,0,401,4.009999999999674,1.0,0.0,0.4526499149019707,0.06277998050220973,-0.019900126105001362,0.16852597000065064,0.0696478217580804,1.634761929512024,0.021701840683817863,0
mujoco,slope_forward,0,0,402,4.019999999999677,1.0,0.0,0.45267909776090126,0.06387429493638434,-0.018001932567448344,0.15607470190155154,0.06619762207237263,1.634034514427185,0.03566007316112518,0
mujoco,slope_forward,0,0,403,4.0299999999996805,1.0,0.0,0.45268791548481996,0.06495100860018778,-0.015923070589142073,0.14345988688466155,0.057470298993493533,1.6313122510910034,0.030331989750266075,0
mujoco,slope_forward,0,0,404,4.039999999999684,1.0,0.0,0.45268460943313665,0.06605178822835259,-0.0138939677289917,0.13284847703792496,0.040099751491587135,1.6260309219360352,0.03734565153717995,0
mujoco,slope_forward,0,0,405,4.049999999999687,1.0,0.0,0.4526757320836127,0.06718000883000591,-0.011789957764272982,0.12199294575698269,0.02898108428996613,1.619476556777954,0.02530035190284252,0
mujoco,slope_forward,0,0,406,4.0599999999996905,1.0,0.0,0.45265854119053894,0.06829618981853738,-0.009701163639419967,0.11176950513224816,0.022153670379600542,1.6127160787582397,0.033083245158195496,0
mujoco,slope_forward,0,0,407,4.069999999999694,1.0,0.0,0.4526332129318642,0.06940446778805343,-0.007584999431718669,0.10166437781982005,0.016557375660168395,1.6083892583847046,0.0263009462505579,0
mujoco,slope_forward,0,0,408,4.079999999999697,1.0,0.0,0.4526067878955515,0.07048662109776248,-0.005361250071630848,0.09161165075611881,0.013618122549964225,1.6012053489685059,0.02949807420372963,0
mujoco,slope_forward,0,0,409,4.0899999999997005,1.0,0.0,0.45257237302206194,0.07143570026047677,-0.003031940332626833,0.08148580616585345,0.023981796037861495,1.5924593210220337,0.036047980189323425,0
mujoco,slope_forward,0,0,410,4.099999999999704,1.0,0.0,0.4525234805719163,0.07233711620018833,-0.0007787806772358173,0.07208996788233095,0.029865810909133015,1.5878297090530396,0.03997386619448662,0
mujoco,slope_forward,0,0,411,4.109999999999707,1.0,0.0,0.4524653374672763,0.07324821980504861,0.001434669213834798,0.0627519918436163,0.028980298336916146,1.5824072360992432,0.028978101909160614,0
mujoco,slope_forward,0,0,412,4.119999999999711,1.0,0.0,0.4523963452074673,0.07415459523763455,0.003553844815054806,0.0540008973298251,0.02523827824141475,1.5796854496002197,0.03158564493060112,0
mujoco,slope_forward,0,0,413,4.129999999999714,1.0,0.0,0.4523203896159206,0.07504378231057111,0.005598343705303763,0.04644717168303375,0.02791079868590106,1.5770751237869263,0.02700110897421837,0
mujoco,slope_forward,0,0,414,4.139999999999717,1.0,0.0,0.4522464784724341,0.07584769058169702,0.007553983333396051,0.03968480622597328,0.03397873400081335,1.5768585205078125,0.03005928359925747,0
mujoco,slope_forward,0,0,415,4.149999999999721,1.0,0.0,0.45217520691838187,0.07658070967313552,0.009444709690503409,0.0331428860601803,0.03918984057935076,1.5776816606521606,0.02811775915324688,0
mujoco,slope_forward,0,0,416,4.159999999999724,1.0,0.0,0.45210471713429295,0.07725336010534439,0.011271211758241311,0.02677791499815962,0.04424848388619082,1.578067421913147,0.02707609534263611,0
mujoco,slope_forward,0,0,417,4.169999999999727,1.0,0.0,0.4520326740753445,0.07786382371857255,0.013034134233305496,0.020544393290818315,0.04921681037757573,1.5780397653579712,0.025951264426112175,0
mujoco,slope_forward,0,0,418,4.179999999999731,1.0,0.0,0.45195699769707126,0.07841287341885193,0.014740557276798355,0.01439650455319288,0.05438074816495712,1.5784275531768799,0.024528425186872482,0
mujoco,slope_forward,0,0,419,4.189999999999734,1.0,0.0,0.4518759975514294,0.07890171637363588,0.016394220990224445,0.008315936382679306,0.05959555133491443,1.5796276330947876,0.02332347258925438,0
mujoco,slope_forward,0,0,420,4.199999999999737,1.0,0.0,0.4517891631711308,0.07933707928855113,0.017998876644814792,0.0026422097972870996,0.06261602999937445,1.581181287765503,0.023091427981853485,0
mujoco,slope_forward,0,0,421,4.209999999999741,1.0,0.0,0.45170798774944354,0.07982716917603104,0.019513774049678474,-0.0019330804522737248,0.055748219953398626,1.5812971591949463,0.019395040348172188,0
mujoco,slope_forward,0,0,422,4.219999999999744,1.0,0.0,0.45163831728262155,0.08034043233563941,0.021020201522027018,-0.006801199480209014,0.052539237243678906,1.5787273645401,0.014981330372393131,0
mujoco,slope_forward,0,0,423,4.229999999999747,1.0,0.0,0.4515763203757285,0.080815503124313,0.022459870206031674,-0.011550127114670823,0.051518260663725904,1.5783525705337524,0.017763793468475342,0
mujoco,slope_forward,0,0,424,4.239999999999751,1.0,0.0,0.45151765480381467,0.08123620465194122,0.023846422722230906,-0.016369087831493528,0.05168285886500364,1.5788441896438599,0.015594014897942543,0
mujoco,slope_forward,0,0,425,4.249999999999754,1.0,0.0,0.4514577211700745,0.08160110566207317,0.02517790231094405,-0.021172140726874827,0.05293925637459663,1.579995036125183,0.016298294067382812,0
mujoco,slope_forward,0,0,426,4.259999999999757,1.0,0.0,0.45139294670998187,0.08191277197806443,0.026459716749943737,-0.026014956926851678,0.055163978002587544,1.5816912651062012,0.015943752601742744,0
mujoco,slope_forward,0,0,427,4.269999999999761,1.0,0.0,0.4513205725682544,0.08217321609244424,0.027702197215367735,-0.030909687701203246,0.05793867791122954,1.5837774276733398,0.01585485227406025,0
mujoco,slope_forward,0,0,428,4.279999999999764,1.0,0.0,0.45123834707550325,0.0823820931450093,0.028912510505053182,-0.03587556156826364,0.06098863419533193,1.586201786994934,0.016394775360822678,0
mujoco,slope_forward,0,0,429,4.289999999999767,1.0,0.0,0.45114477911225426,0.08254203162434262,0.03010214928898648,-0.04086944256608401,0.06409837090951974,1.5889168977737427,0.016530562192201614,0
mujoco,slope_forward,0,0,430,4.299999999999771,1.0,0.0,0.45104942048046537,0.08275743578141949,0.031238138415872946,-0.04455293652116121,0.054663346341174326,1.590933918952942,0.015978660434484482,0
mujoco,slope_forward,0,0,431,4.309999999999774,1.0,0.0,0.4509615538830273,0.08304012589959923,0.032397612108917666,-0.04882912206090224,0.04983476643024694,1.5891525745391846,0.011855904012918472,0
mujoco,slope_forward,0,0,432,4.319999999999777,1.0,0.0,0.4508801370077351,0.083294113713172,0.03350535878604132,-0.05220060456525236,0.053652240169951154,1.58962082862854,0.014007516205310822,0
mujoco,slope_forward,0,0,433,4.329999999999781,1.0,0.0,0.4508117190249137,0.08344411106467593,0.03451864219106738,-0.054954061173195685,0.0623050702185115,1.5940532684326172,0.014788812026381493,0
mujoco,slope_forward,0,0,434,4.339999999999784,1.0,0.0,0.45075626390443746,0.08352518200002979,0.03546692152769489,-0.05768276128372945,0.06868245840467413,1.5992863178253174,0.013603724539279938,0
mujoco,slope_forward,0,0,435,4.349999999999787,1.0,0.0,0.45070863808417927,0.08357020516110147,0.03635059201003828,-0.06048180268768466,0.07425567263558025,1.6024980545043945,0.009834677912294865,0
mujoco,slope_forward,0,0,436,4.359999999999791,1.0,0.0,0.4506619386517849,0.08357578480868394,0.0371825441008899,-0.06341094588528952,0.07913525092444117,1.604714274406433,0.008118894882500172,0
mujoco,slope_forward,0,0,437,4.369999999999794,1.0,0.0,0.4506095850115624,0.0835250872848039,0.037975889630824655,-0.0664144998443564,0.08415877757472866,1.6073931455612183,0.008931697346270084,0
mujoco,slope_forward,0,0,438,4.379999999999797,1.0,0.0,0.4505549558024829,0.0834917797639313,0.03871041083466486,-0.06822466641403128,0.0764282862590725,1.6095370054244995,0.008787388913333416,0
mujoco,slope_forward,0,0,439,4.389999999999801,1.0,0.0,0.45050569430190435,0.08350422594320338,0.03949542590964895,-0.07051680072947884,0.074023547660899,1.608726978302002,0.0040425448678433895,0
mujoco,slope_forward,0,0,440,4.399999999999804,1.0,0.0,0.4504583594939712,0.08353161910282318,0.040258677224960064,-0.07287417904230772,0.07392731477681584,1.608926773071289,0.0068909660913050175,0
mujoco,slope_forward,0,0,441,4.409999999999807,1.0,0.0,0.45040814879041374,0.08355833877624483,0.041010370955270985,-0.0755248326423433,0.07407830361106821,1.6095024347305298,0.005623387638479471,0
mujoco,slope_forward,0,0,442,4.419999999999811,1.0,0.0,0.450349494641155,0.08355140800820995,0.04174770938752628,-0.07832036775052718,0.07445531745910608,1.61124849319458,0.008775844238698483,0
mujoco,slope_forward,0,0,443,4.429999999999814,1.0,0.0,0.45027795529592984,0.08350041114951942,0.04247915949178897,-0.081316864298434,0.07573470625671633,1.6141713857650757,0.009379169903695583,0
mujoco,slope_forward,0,0,444,4.439999999999817,1.0,0.0,0.45018985868248446,0.0834091864718468,0.043211792970612777,-0.08449911372305421,0.0774986588547475,1.6170881986618042,0.009942743927240372,0
mujoco,slope_forward,0,0,445,4.449999999999821,1.0,0.0,0.45008501971900367,0.08330703437066234,0.04393434605202427,-0.08704385608658252,0.07341438387374455,1.6200817823410034,0.011116107925772667,0
mujoco,slope_forward,0,0,446,4.459999999999824,1.0,0.0,0.4499771070543902,0.08328583067159229,0.04470889137122787,-0.08944036899215618,0.06665963390686126,1.6200546026229858,0.007025266066193581,0
mujoco,slope_forward,0,0,447,4.4699999999998274,1.0,0.0,0.44987431397821165,0.08328057357128246,0.04545762319760013,-0.09042583948056311,0.07658894800364703,1.6193771362304688,0.009095456451177597,0
mujoco,slope_forward,0,0,448,4.479999999999831,1.0,0.0,0.4497843942153296,0.08319821086768302,0.046205788614930764,-0.09166268412191925,0.08092121122673124,1.6230312585830688,0.012449369765818119,0
mujoco,slope_forward,0,0,449,4.489999999999834,1.0,0.0,0.44970400220601675,0.0830548889017134,0.04686690704981577,-0.09282212227093245,0.08626039240176121,1.6278250217437744,0.010144006460905075,0
mujoco,slope_forward,0,0,450,4.4999999999998375,1.0,0.0,0.44962691676773897,0.08286388943179483,0.047486579146184524,-0.09436418246838298,0.09064797643738526,1.628843069076538,0.006252259016036987,0
mujoco,slope_forward,0,0,451,4.509999999999841,1.0,0.0,0.44954492720487166,0.08261863716488982,0.04804585724739877,-0.09598935238992201,0.09542845829384558,1.6305526494979858,0.007161272689700127,0
mujoco,slope_forward,0,0,452,4.519999999999844,1.0,0.0,0.4494540270323386,0.082350302732649,0.048573039704757376,-0.09712639774203186,0.09366961442482158,1.6314799785614014,0.006750995293259621,0
mujoco,slope_forward,0,0,453,4.5299999999998475,1.0,0.0,0.4493642586322097,0.08218056664435089,0.04913791531647835,-0.09807635136494905,0.08918348722908749,1.6306016445159912,0.005519016180187464,0
mujoco,slope_forward,0,0,454,4.539999999999851,1.0,0.0,0.4492756059949468,0.08205190821959824,0.04970707680777545,-0.09928998488109196,0.08794698968697698,1.6274787187576294,0.006314634345471859,0
mujoco,slope_forward,0,0,455,4.549999999999854,1.0,0.0,0.449183732123285,0.08190920450152757,0.05026983877863377,-0.10083589563585194,0.08762377706462526,1.6266194581985474,0.005139757879078388,0
mujoco,slope_forward,0,0,456,4.5599999999998575,1.0,0.0,0.44908295492785116,0.08173453322575229,0.05080937182845208,-0.10258189102263807,0.08810130182081613,1.6275533437728882,0.006909244693815708,0
mujoco,slope_forward,0,0,457,4.569999999999861,1.0,0.0,0.4489685071192917,0.08151855879885136,0.051344603560357804,-0.10462752202418717,0.08863597850116643,1.6290414333343506,0.008471337147057056,0
mujoco,slope_forward,0,0,458,4.579999999999864,1.0,0.0,0.448836133872099,0.0812642995288222,0.051872306796643564,-0.10688685628349413,0.09013744884362626,1.6310827732086182,0.009521911852061749,0
mujoco,slope_forward,0,0,459,4.5899999999998675,1.0,0.0,0.4486918974087489,0.08106429881462568,0.052415151106302744,-0.10803157505469452,0.08093622896303235,1.6328619718551636,0.01016535796225071,0
mujoco,slope_forward,0,0,460,4.599999999999871,1.0,0.0,0.44854883161517284,0.08095723655124053,0.05299863164134742,-0.10872184909312013,0.08433034639038502,1.6300172805786133,0.009534641169011593,0
mujoco,slope_forward,0,0,461,4.609999999999874,1.0,0.0,0.4484175038242007,0.08080706910197652,0.053556679476667514,-0.10895521082116719,0.09130226849108149,1.6305959224700928,0.010000367648899555,0
mujoco,slope_forward,0,0,462,4.6199999999998775,1.0,0.0,0.4482978422213713,0.08060683199649694,0.05405125535322033,-0.10925603484208951,0.09629133016518299,1.6334151029586792,0.00817376933991909,0
mujoco,slope_forward,0,0,463,4.629999999999881,1.0,0.0,0.44818389994910585,0.08036231120347398,0.05449116305975231,-0.10986001758436655,0.1004944698417803,1.6340110301971436,0.005246981978416443,0
mujoco,slope_forward,0,0,464,4.639999999999884,1.0,0.0,0.44806747347418907,0.08006210751089415,0.05487491307978242,-0.11068513729790362,0.10472790824679401,1.633863091468811,0.005670825019478798,0
mujoco,slope_forward,0,0,465,4.649999999999888,1.0,0.0,0.44794283553147,0.07972072369593936,0.05521146510307745,-0.11113392263627125,0.10389275136498417,1.6337178945541382,0.006093023810535669,0
mujoco,slope_forward,0,0,466,4.659999999999891,1.0,0.0,0.44781997395792816,0.07943038177580533,0.055578036858529564,-0.11133592417567671,0.09815214910716279,1.631872534751892,0.005783211439847946,0
mujoco,slope_forward,0,0,467,4.669999999999894,1.0,0.0,0.44770021346067074,0.07918792078582146,0.055951961278633604,-0.11175281661255299,0.09690405320583771,1.6289722919464111,0.006440178491175175,0
mujoco,slope_forward,0,0,468,4.679999999999898,1.0,0.0,0.4475788281695872,0.07896801586160825,0.056319253024028966,-0.11253951001195878,0.09621120192445795,1.625961184501648,0.005393069237470627,0
mujoco,slope_forward,0,0,469,4.689999999999901,1.0,0.0,0.4474494236189952,0.07874483981538484,0.05666728773706145,-0.11356847569167695,0.09607236163570256,1.6250958442687988,0.0057174162939190865,0
mujoco,slope_forward,0,0,470,4.699999999999904,1.0,0.0,0.4473066187550895,0.07848237735737217,0.05701148219447134,-0.1149410149664054,0.09609002901271455,1.625447392463684,0.007121927570551634,0
mujoco,slope_forward,0,0,471,4.709999999999908,1.0,0.0,0.44714614242984574,0.07817869719327787,0.057346608317192405,-0.11648832194264458,0.09744068620776347,1.6271958351135254,0.00871105957776308,0
mujoco,slope_forward,0,0,472,4.719999999999911,1.0,0.0,0.4469753123277993,0.0779289537001485,0.05766096168077005,-0.11696764577610891,0.0860131837951711,1.6271319389343262,0.006978573277592659,0
mujoco,slope_forward,0,0,473,4.729999999999914,1.0,0.0,0.44680548350007737,0.07777613134245609,0.05804595251692513,-0.11791277597556611,0.08033096287554564,1.6232516765594482,0.0075725894421339035,0
mujoco,slope_forward,0,0,474,4.739999999999918,1.0,0.0,0.44664030471150784,0.07761494440753997,0.058344374003829864,-0.11743654139499077,0.09151098967004634,1.6216189861297607,0.008142124861478806,0
mujoco,slope_forward,0,0,475,4.749999999999921,1.0,0.0,0.4464857303842188,0.07736295481385164,0.058653933904110216,-0.11745922971598763,0.09655901507443784,1.6243852376937866,0.007958908565342426,0
mujoco,slope_forward,0,0,476,4.759999999999924,1.0,0.0,0.44633718193116795,0.07705124649007573,0.05888165449514614,-0.1174000002428555,0.10254184484135463,1.6280999183654785,0.007262052968144417,0
mujoco,slope_forward,0,0,477,4.769999999999928,1.0,0.0,0.4461886040994962,0.07669302316886939,0.05908736765583772,-0.1178628900545024,0.10687115894976382,1.6276745796203613,0.005919153336435556,0
mujoco,slope_forward,0,0,478,4.779999999999931,1.0,0.0,0.4460348591034727,0.0763153470727093,0.059229937434301085,-0.11754700094546791,0.10510491848268791,1.6281834840774536,0.006633887533098459,0
mujoco,slope_forward,0,0,479,4.789999999999934,1.0,0.0,0.44588664095733616,0.07604736190725574,0.05941367908468106,-0.11725216841713819,0.09955790221748988,1.6243152618408203,0.00738278916105628,0
mujoco,slope_forward,0,0,480,4.799999999999938,1.0,0.0,0.4457430520768166,0.07582601306842572,0.05960480154514744,-0.11714169972662578,0.097615266929344,1.6201368570327759,0.00798808317631483,0
mujoco,slope_forward,0,0,481,4.809999999999941,1.0,0.0,0.4455986407864413,0.0755937840175842,0.05978985444542437,-0.11745946736043902,0.0969202237122802,1.6173015832901,0.004756193608045578,0
mujoco,slope_forward,0,0,482,4.819999999999944,1.0,0.0,0.4454471576334363,0.0753366828771809,0.059956673412818996,-0.11802027017999395,0.09696130253576808,1.616945505142212,0.004326652269810438,0
mujoco,slope_forward,0,0,483,4.829999999999948,1.0,0.0,0.4452835667038567,0.0750505632046462,0.06012195369540601,-0.11893530331289935,0.09753812702921924,1.61747407913208,0.005525204353034496,0
mujoco,slope_forward,0,0,484,4.839999999999951,1.0,0.0,0.4451037323835987,0.07472788660350228,0.060286044294582494,-0.12012080381322457,0.09818589677797028,1.618809700012207,0.0075934394262731075,0
mujoco,slope_forward,0,0,485,4.849999999999954,1.0,0.0,0.44491394644378485,0.0744703379440975,0.060459609405520184,-0.1201321326634213,0.0883733188811174,1.6199836730957031,0.0074768043123185635,0
mujoco,slope_forward,0,0,486,4.859999999999958,1.0,0.0,0.44472601137721385,0.07433225033820826,0.06070685684698852,-0.1206301518631843,0.08319358071994816,1.6153432130813599,0.010068460367619991,0
mujoco,slope_forward,0,0,487,4.869999999999961,1.0,0.0,0.4445381683924912,0.07422140914941515,0.06095706988881105,-0.12134800658821344,0.07979586890608216,1.6112669706344604,0.00837759766727686,0
mujoco,slope_forward,0,0,488,4.879999999999964,1.0,0.0,0.4443533446649626,0.07403953247067187,0.061112472860409016,-0.12080754172332447,0.09194988315387005,1.6109830141067505,0.00482906075194478,0
mujoco,slope_forward,0,0,489,4.889999999999968,1.0,0.0,0.4441770283200431,0.07376967060012819,0.06126319133101736,-0.1206614994897218,0.09808415790322134,1.6152074337005615,0.008853779174387455,0
mujoco,slope_forward,0,0,490,4.899999999999971,1.0,0.0,0.4440044506043639,0.07344422832115162,0.0613481258659781,-0.12056117512819584,0.10396430488611678,1.6181572675704956,0.005955875851213932,0
mujoco,slope_forward,0,0,491,4.909999999999974,1.0,0.0,0.44383069243515716,0.0730896287032117,0.061397758440565144,-0.12032603972161851,0.10479234640898406,1.6178876161575317,0.005878663156181574,0
mujoco,slope_forward,0,0,492,4.919999999999978,1.0,0.0,0.4436631675586561,0.07282901967745231,0.06142605240199366,-0.11943732383937183,0.09793415737330893,1.6151238679885864,0.006955515127629042,0
mujoco,slope_forward,0,0,493,4.929999999999981,1.0,0.0,0.4435037335115268,0.07263826187702944,0.061483455585372285,-0.11900071479898633,0.09511360909582244,1.6085871458053589,0.009183073416352272,0
mujoco,slope_forward,0,0,494,4.939999999999984,1.0,0.0,0.44334667626536517,0.07245051671355246,0.061534308768120494,-0.11884748313258732,0.09392492980425493,1.6053744554519653,0.005308315623551607,0
mujoco,slope_forward,0,0,495,4.949999999999988,1.0,0.0,0.4431854087926955,0.07224468846994027,0.06157136562481004,-0.1190324742297895,0.09367017491045349,1.6042109727859497,0.0031553907319903374,0
mujoco,slope_forward,0,0,496,4.959999999999991,1.0,0.0,0.44301403805078426,0.07201768855260861,0.06160752725000934,-0.11954448081319351,0.09424257725585568,1.6042861938476562,0.0032238177955150604,0
mujoco,slope_forward,0,0,497,4.969999999999994,1.0,0.0,0.4428281794261034,0.07176336042270501,0.06165062489823622,-0.12036942585936194,0.09507454362343802,1.6057440042495728,0.006036755163222551,0
mujoco,slope_forward,0,0,498,4.979999999999998,1.0,0.0,0.4426275739306614,0.0715119285299483,0.06168981191615529,-0.12057293570808282,0.08945859935192825,1.6073466539382935,0.006700978148728609,0
mujoco,slope_forward,0,0,499,4.990000000000001,1.0,0.0,0.44242605321269424,0.07138883358328263,0.061779863316203124,-0.12061559347868887,0.08082256607641643,1.6045291423797607,0.005932939238846302,0
mujoco,slope_forward,0,0,500,5.000000000000004,1.0,0.0,0.44222574116152963,0.0713308770798662,0.061904395208584984,-0.12093275385506913,0.07583055635866304,1.5999804735183716,0.009099511429667473,0
mujoco,slope_forward,0,0,501,5.010000000000008,1.0,0.0,0.4420232981928469,0.07128172825827293,0.062030611282455426,-0.12142397180530541,0.07386141965573256,1.5977723598480225,0.004496149718761444,0
mujoco,slope_forward,0,0,502,5.020000000000011,1.0,0.0,0.44182473063390876,0.07115034272376311,0.0620773042717241,-0.12076986711427952,0.08586196277672582,1.5992109775543213,0.003839971963316202,0
mujoco,slope_forward,0,0,503,5.0300000000000145,1.0,0.0,0.4416350543028466,0.07093511337052902,0.06209852385355821,-0.1204747103335032,0.09244609843321663,1.6042131185531616,0.00859327707439661,0
mujoco,slope_forward,0,0,504,5.040000000000018,1.0,0.0,0.4414495859198094,0.07067686418807102,0.06208154357584385,-0.12035484471553948,0.09812446298916784,1.6073005199432373,0.005190775264054537,0
mujoco,slope_forward,0,0,505,5.050000000000021,1.0,0.0,0.4412634004860668,0.07040454270548913,0.06203495519704116,-0.1198350320055799,0.09755683679628345,1.6078075170516968,0.005138830281794071,0
mujoco,slope_forward,0,0,506,5.0600000000000245,1.0,0.0,0.44108470654215476,0.07023673902420034,0.061986328196558194,-0.11882411087163636,0.09112444644792468,1.6044602394104004,0.007504610810428858,0
mujoco,slope_forward,0,0,507,5.070000000000028,1.0,0.0,0.44091389820422744,0.07013612221139762,0.06195645497646838,-0.11828749127387232,0.08808972381528694,1.5980404615402222,0.009302179329097271,0
mujoco,slope_forward,0,0,508,5.080000000000031,1.0,0.0,0.44074538293650684,0.0700422001330681,0.06192482982283597,-0.11803814696902788,0.08661862992841395,1.5955485105514526,0.004309468902647495,0
mujoco,slope_forward,0,0,509,5.0900000000000345,1.0,0.0,0.4405730246040275,0.0699366108332798,0.06188573143664847,-0.11812298684321676,0.08610772634307272,1.5948984622955322,0.002572491532191634,0
mujoco,slope_forward,0,0,510,5.100000000000038,1.0,0.0,0.44039138655624255,0.06981282946459547,0.0618513539617517,-0.11854194814767041,0.08641112743119414,1.5953115224838257,0.0027782514225691557,0
mujoco,slope_forward,0,0,511,5.110000000000041,1.0,0.0,0.4401964764561786,0.06966607939745333,0.06182197630529488,-0.11925728348033372,0.08679268471775925,1.5973963737487793,0.005288741551339626,0
mujoco,slope_forward,0,0,512,5.1200000000000445,1.0,0.0,0.4399858352011944,0.06950040334192016,0.061801083956221546,-0.12007977565358817,0.08607556882837628,1.5994150638580322,0.0054794237948954105,0
mujoco,slope_forward,0,0,513,5.130000000000048,1.0,0.0,0.4397688073784436,0.06941728360907858,0.06178736484381133,-0.11985423951399365,0.07312632480897445,1.5989097356796265,0.0037169756833463907,0
mujoco,slope_forward,0,0,514,5.140000000000051,1.0,0.0,0.43955392034340124,0.06941814581614823,0.061844077483747706,-0.12004950313987411,0.06585292029824476,1.5942645072937012,0.008571361191570759,0
mujoco,slope_forward,0,0,515,5.1500000000000545,1.0,0.0,0.43934244711232473,0.0694364461017889,0.061909188608621185,-0.11952900196091563,0.07041526896398645,1.5915769338607788,0.006244855001568794,0
mujoco,slope_forward,0,0,516,5.160000000000058,1.0,0.0,0.43914417223345786,0.06938597572258919,0.06193750475881579,-0.11874174316379955,0.07705618973029016,1.594619870185852,0.006122373044490814,0
mujoco,slope_forward,0,0,517,5.170000000000061,1.0,0.0,0.43895698475430106,0.06928047574149776,0.061921416719184774,-0.11815207624970084,0.08212477451096964,1.5984467267990112,0.005502286367118359,0
mujoco,slope_forward,0,0,518,5.1800000000000646,1.0,0.0,0.43877405094352867,0.06913969955486692,0.06187755482372672,-0.11784604489671893,0.08617292552872276,1.6002296209335327,0.0032715199049562216,0
mujoco,slope_forward,0,0,519,5.190000000000068,1.0,0.0,0.4385883348280878,0.06896943495802119,0.06181880867701555,-0.11781429827145604,0.09012373005647392,1.600987434387207,0.0038308086805045605,0
mujoco,slope_forward,0,0,520,5.200000000000071,1.0,0.0,0.43839721928065806,0.06880512210339157,0.06175424062741611,-0.11724681699725324,0.08735470424799446,1.601181983947754,0.004851733334362507,0
mujoco,slope_forward,0,0,521,5.210000000000075,1.0,0.0,0.4382115790944086,0.06875158679483574,0.061698774578512985,-0.11638899409085296,0.08065931860115261,1.597762107849121,0.006308502983301878,0
mujoco,slope_forward,0,0,522,5.220000000000078,1.0,0.0,0.43803138997279806,0.06875410679172562,0.06165405935861588,-0.11596371357948669,0.07711448012636499,1.5927499532699585,0.007158261723816395,0
mujoco,slope_forward,0,0,523,5.230000000000081,1.0,0.0,0.43785163740710364,0.06876220791707639,0.06161271640884368,-0.11587792258501177,0.07488545965245956,1.5904541015625,0.003286842256784439,0
mujoco,slope_forward,0,0,524,5.240000000000085,1.0,0.0,0.43766719574260265,0.06875762632205225,0.06157457246612119,-0.11611522341646364,0.07346918814498127,1.5906704664230347,0.0014800294302403927,0
mujoco,slope_forward,0,0,525,5.250000000000088,1.0,0.0,0.43747392389221595,0.06873623776819199,0.061544380549557395,-0.11666256009271309,0.07231605093373306,1.592452049255371,0.00408619549125433,0
mujoco,slope_forward,0,0,526,5.260000000000091,1.0,0.0,0.43726846947607223,0.06869828317904283,0.06152566815554848,-0.11751902444585745,0.0716433110068858,1.5947552919387817,0.005244712810963392,0
mujoco,slope_forward,0,0,527,5.270000000000095,1.0,0.0,0.4370484500433836,0.06864539001094022,0.06152532775924999,-0.11869974388647613,0.07069729202491011,1.5969690084457397,0.006011566147208214,0
mujoco,slope_forward,0,0,528,5.280000000000098,1.0,0.0,0.4368263569421688,0.06854845265929313,0.061509902536761626,-0.1176589828281532,0.07525285562732947,1.6003180742263794,0.007592320442199707,0
mujoco,slope_forward,0,0,529,5.290000000000101,1.0,0.0,0.4366268602296216,0.06850933988795434,0.06149265125371143,-0.11626659532473688,0.07563947582428955,1.603169322013855,0.0085445586591959,0
mujoco,slope_forward,0,0,530,5.300000000000105,1.0,0.0,0.43644941526284403,0.06850290592767078,0.06145478529645989,-0.11520641803398483,0.07730201449316004,1.600197434425354,0.004575144499540329,0
mujoco,slope_forward,0,0,531,5.310000000000108,1.0,0.0,0.43628575786681323,0.06848574032653715,0.061400158942722605,-0.11437328619438696,0.07822794383023687,1.5985738039016724,0.0034261788241565228,0
mujoco,slope_forward,0,0,532,5.320000000000111,1.0,0.0,0.4361268796891581,0.06844568302682806,0.061331409797326805,-0.11377252732225657,0.07913949713081711,1.5983810424804688,0.003158238483592868,0
mujoco,slope_forward,0,0,533,5.330000000000115,1.0,0.0,0.4359653155745848,0.068386596198554,0.061248248685762674,-0.11348377463776588,0.08054092931822554,1.5986794233322144,0.002935039112344384,0
mujoco,slope_forward,0,0,534,5.340000000000118,1.0,0.0,0.4357953408610291,0.06830197521586587,0.06116501528820161,-0.11353310314615048,0.08171750476622208,1.5999579429626465,0.002776283072307706,0
mujoco,slope_forward,0,0,535,5.350000000000121,1.0,0.0,0.4356131400771323,0.06819438032158216,0.061091826091657815,-0.11391253479293038,0.08313990913090069,1.6016521453857422,0.004083211068063974,0
mujoco,slope_forward,0,0,536,5.360000000000125,1.0,0.0,0.43542189482691784,0.0681142270644095,0.06103410550163276,-0.113416783911781,0.0750461198329282,1.6031134128570557,0.005791767034679651,0
mujoco,slope_forward,0,0,537,5.370000000000128,1.0,0.0,0.4352341903959866,0.06811771144881063,0.06099379268052935,-0.1129758182802348,0.06789566491535894,1.6001157760620117,0.007837427780032158,0
mujoco,slope_forward,0,0,538,5.380000000000131,1.0,0.0,0.43505052479591605,0.06816206532632266,0.06096716649990068,-0.11293279444273675,0.06324716689311703,1.5968341827392578,0.005789118353277445,0
mujoco,slope_forward,0,0,539,5.390000000000135,1.0,0.0,0.43486720300419157,0.06822008773455303,0.06095308065027538,-0.1132067747135107,0.05942159690404849,1.5960419178009033,0.0032796466257423162,0
mujoco,slope_forward,0,0,540,5.400000000000138,1.0,0.0,0.4346817940637469,0.06826751075023371,0.06094589393987004,-0.11316061265186393,0.06079777974173781,1.5969327688217163,0.004437056835740805,0
mujoco,slope_forward,0,0,541,5.410000000000141,1.0,0.0,0.4345041867068391,0.06824689635856958,0.06092291105838786,-0.11248575571686313,0.06770898026112546,1.6020348072052002,0.008058561943471432,0
mujoco,slope_forward,0,0,542,5.420000000000145,1.0,0.0,0.43433490757022497,0.06816809392433945,0.06088196880852873,-0.11199075713573979,0.07272077123168573,1.6080049276351929,0.008519443683326244,0
mujoco,slope_forward,0,0,543,5.430000000000148,1.0,0.0,0.4341689336177716,0.068060705525074,0.0608249714469089,-0.11169462055028428,0.07800357163395837,1.6110224723815918,0.004918789025396109,0
mujoco,slope_forward,0,0,544,5.440000000000151,1.0,0.0,0.43400338076968764,0.06796175499035946,0.06075457339190804,-0.11081262068353402,0.07741989777658574,1.61171555519104,0.005187322851270437,0
mujoco,slope_forward,0,0,545,5.450000000000155,1.0,0.0,0.4338466196228704,0.06794778898179764,0.06068289216323968,-0.1095193886940178,0.07297577741101957,1.6073983907699585,0.007605586666613817,0
mujoco,slope_forward,0,0,546,5.460000000000158,1.0,0.0,0.4336983430164272,0.06797406149290876,0.06061685910395837,-0.10861984403558415,0.07079382516772736,1.6027345657348633,0.006083928048610687,0
mujoco,slope_forward,0,0,547,5.470000000000161,1.0,0.0,0.4335540855682082,0.06801271173175748,0.06055649913288589,-0.10803025276086145,0.06878552501546022,1.600687026977539,0.0026271857786923647,0
mujoco,slope_forward,0,0,548,5.480000000000165,1.0,0.0,0.43340823024918523,0.06805147806571361,0.06050136842078325,-0.10773980071056383,0.06655575216447973,1.6004356145858765,0.001688180840574205,0
mujoco,slope_forward,0,0,549,5.490000000000168,1.0,0.0,0.43325580422010285,0.06808602019548854,0.06045174342794432,-0.10778442994891373,0.06468508940360532,1.6015334129333496,0.003928113263100386,0
mujoco,slope_forward,0,0,550,5.500000000000171,1.0,0.0,0.4330935320172217,0.06810976890115905,0.060410604591762784,-0.10817654544917152,0.06305897641026408,1.603714942932129,0.0059402924962341785,0
mujoco,slope_forward,0,0,551,5.510000000000175,1.0,0.0,0.43291935456247366,0.06811885487297245,0.06037763007368917,-0.10892166428122003,0.061878334970774405,1.605965495109558,0.006785417441278696,0
mujoco,slope_forward,0,0,552,5.520000000000178,1.0,0.0,0.43273249311496864,0.06812008080066433,0.06035616241724285,-0.10961738615337775,0.05839948863749414,1.6078768968582153,0.007625543512403965,0
mujoco,slope_forward,0,0,553,5.530000000000181,1.0,0.0,0.4325513188111802,0.06813931454713411,0.060331527304981473,-0.10794336141881249,0.05875513330527978,1.6070210933685303,0.006319498643279076,0
mujoco,slope_forward,0,0,554,5.540000000000185,1.0,0.0,0.43239358959288604,0.06816690491755417,0.06033330717890807,-0.10647747466838593,0.05837221729851936,1.6098241806030273,0.009563098661601543,0
mujoco,slope_forward,0,0,555,5.550000000000188,1.0,0.0,0.4322571249375761,0.06819759083469444,0.06030512394909769,-0.10514222227587866,0.058635052286398134,1.610257625579834,0.003092085709795356,0
mujoco,slope_forward,0,0,556,5.5600000000001915,1.0,0.0,0.43213352029413993,0.0682280050153869,0.06024325558062692,-0.10400511762273243,0.059547853299744304,1.6097229719161987,0.001988206757232547,0
mujoco,slope_forward,0,0,557,5.570000000000195,1.0,0.0,0.43201447966074885,0.06825238770469606,0.06015666287921325,-0.10315314309743652,0.06091481078376505,1.609269380569458,0.0016019971808418632,0
mujoco,slope_forward,0,0,558,5.580000000000198,1.0,0.0,0.43189325514669424,0.06825989239615084,0.06005980039743918,-0.10260969625476433,0.06257670935726072,1.6092842817306519,0.0017679529264569283,0
mujoco,slope_forward,0,0,559,5.5900000000002015,1.0,0.0,0.43176473243931224,0.06824563192962485,0.05997051579061867,-0.10237546344817346,0.06435078978656754,1.610611915588379,0.0027450942434370518,0
mujoco,slope_forward,0,0,560,5.600000000000205,1.0,0.0,0.4316255754165038,0.06821157320817532,0.05989687676305301,-0.10243512094381642,0.06595943205667548,1.6122177839279175,0.004830785095691681,0
mujoco,slope_forward,0,0,561,5.610000000000208,1.0,0.0,0.43147511240197456,0.06816934593714416,0.059837106488664624,-0.10226408728599191,0.06376232714999776,1.6140748262405396,0.006968902423977852,0
mujoco,slope_forward,0,0,562,5.6200000000002115,1.0,0.0,0.43132380981521534,0.06818597739561078,0.05978771203277601,-0.1012634186613534,0.05442314866321239,1.613222599029541,0.007209510076791048,0
mujoco,slope_forward,0,0,563,5.630000000000215,1.0,0.0,0.431177826452694,0.06827150084210705,0.059752396198526965,-0.10066572897899222,0.048544006411173984,1.6104518175125122,0.008003421127796173,0
mujoco,slope_forward,0,0,564,5.640000000000218,1.0,0.0,0.4310358464399162,0.06838343272208891,0.059723667353819614,-0.10040283667795545,0.04373394416967481,1.6079716682434082,0.005767920520156622,0
mujoco,slope_forward,0,0,565,5.6500000000002215,1.0,0.0,0.4308941453338647,0.0684900146830565,0.059696346322630156,-0.10002662245947878,0.042974750975062925,1.6084097623825073,0.004955560900270939,0
mujoco,slope_forward,0,0,566,5.660000000000225,1.0,0.0,0.43075894652076574,0.06855007568265944,0.059645102562566,-0.09864462888421915,0.05245271910377364,1.6124151945114136,0.006813437677919865,0
mujoco,slope_forward,0,0,567,5.670000000000228,1.0,0.0,0.43063316729963674,0.06855577809147832,0.05958136171744623,-0.09750166717371228,0.05779405235038309,1.6184687614440918,0.00923164002597332,0
mujoco,slope_forward,0,0,568,5.6800000000002315,1.0,0.0,0.43051373284962074,0.06853014012141102,0.059494907963761647,-0.0965784227866968,0.06301165858161549,1.622341513633728,0.005630978848785162,0
mujoco,slope_forward,0,0,569,5.690000000000235,1.0,0.0,0.4303959694571294,0.06848253086555733,0.059391693814881255,-0.09593989183446493,0.0671476957376006,1.6235102415084839,0.004344623535871506,0
mujoco,slope_forward,0,0,570,5.700000000000238,1.0,0.0,0.4302756862480875,0.06841406031335283,0.059278653568073186,-0.09551380046334904,0.07155878493986771,1.6240235567092896,0.005645561031997204,0
mujoco,slope_forward,0,0,571,5.7100000000002415,1.0,0.0,0.43015668608284474,0.06838242680836527,0.05913689458882651,-0.09369114057348957,0.06191112294820264,1.622309923171997,0.005971399135887623,0
mujoco,slope_forward,0,0,572,5.720000000000245,1.0,0.0,0.4300456143156187,0.06841686110104712,0.05902557541282951,-0.09224543129889441,0.058158312088508315,1.6177737712860107,0.007175233215093613,0
mujoco,slope_forward,0,0,573,5.730000000000248,1.0,0.0,0.4299403189699594,0.06847255105583863,0.05894002795774587,-0.09103610440019388,0.055133036719065456,1.6144366264343262,0.005351055413484573,0
mujoco,slope_forward,0,0,574,5.740000000000252,1.0,0.0,0.4298364941971927,0.06852155549131222,0.05886947952798659,-0.09007877607496169,0.05264878606712677,1.6144179105758667,0.002607609611004591,0
mujoco,slope_forward,0,0,575,5.750000000000255,1.0,0.0,0.4297303540057893,0.06856380833265073,0.05881366987590426,-0.08937462923724776,0.05020598012995518,1.6162238121032715,0.005435094702988863,0
mujoco,slope_forward,0,0,576,5.760000000000258,1.0,0.0,0.42961919644199914,0.06860064223409028,0.05876791112369485,-0.08894888083404569,0.04816028114123345,1.6186974048614502,0.006616272497922182,0
mujoco,slope_forward,0,0,577,5.770000000000262,1.0,0.0,0.429501274115634,0.06863384409484512,0.05873035074064192,-0.08883583041870666,0.046684829036362105,1.6208347082138062,0.007078086957335472,0
mujoco,slope_forward,0,0,578,5.780000000000265,1.0,0.0,0.42937557448753516,0.06866450637959459,0.05869994051098169,-0.08901857498616615,0.045410631488728634,1.6231560707092285,0.00811679381877184,0
mujoco,slope_forward,0,0,579,5.790000000000268,1.0,0.0,0.42924137312057997,0.06869365129474864,0.05867502641546995,-0.08946226721403437,0.044914765903761276,1.624964952468872,0.008431370370090008,0
mujoco,slope_forward,0,0,580,5.800000000000272,1.0,0.0,0.42910465479746895,0.06868662467437059,0.05863876741974314,-0.08856906261867213,0.05903845816985365,1.626740574836731,0.008822398260235786,0
mujoco,slope_forward,0,0,581,5.810000000000275,1.0,0.0,0.4289821311166505,0.06867370356603739,0.05857386089978889,-0.08628410994331581,0.05217530346087701,1.631733775138855,0.012888772413134575,0
mujoco,slope_forward,0,0,582,5.820000000000278,1.0,0.0,0.4288831482148252,0.06869525414277504,0.058504988733874365,-0.08422084681930536,0.05009527003917641,1.6304643154144287,0.0057401955127716064,0
mujoco,slope_forward,0,0,583,5.830000000000282,1.0,0.0,0.4288035830461968,0.06873106702924237,0.05841777134951172,-0.08226165830583326,0.0499596158373168,1.6277201175689697,0.004366290755569935,0
mujoco,slope_forward,0,0,584,5.840000000000285,1.0,0.0,0.42873607914144635,0.06876731660342904,0.05830078803207367,-0.08049198641962463,0.05010437523938949,1.6256883144378662,0.0030039402190595865,0
mujoco,slope_forward,0,0,585,5.850000000000288,1.0,0.0,0.4286736761086457,0.068800766150072,0.05816153271084588,-0.07897165295651869,0.050619087372966755,1.623895287513733,0.0028845351189374924,0
mujoco,slope_forward,0,0,586,5.860000000000292,1.0,0.0,0.4286105426439732,0.06882981063557579,0.058020982045059,-0.07769991777653759,0.051260426600026256,1.6242326498031616,0.002332769799977541,0
mujoco,slope_forward,0,0,587,5.870000000000295,1.0,0.0,0.42854256225447845,0.06885346317462283,0.05789414792362879,-0.07666414175261929,0.052242244187407215,1.6248958110809326,0.002704272046685219,0
mujoco,slope_forward,0,0,588,5.880000000000298,1.0,0.0,0.42846724636553907,0.06886488508516987,0.05779105739194712,-0.075860480217664,0.053221329367204834,1.6266376972198486,0.005712616723030806,0
mujoco,slope_forward,0,0,589,5.890000000000302,1.0,0.0,0.42838382892043536,0.0688623483495269,0.057714171449805195,-0.07526775488709994,0.054236389280660324,1.6295844316482544,0.008739993907511234,0
mujoco,slope_forward,0,0,590,5.900000000000305,1.0,0.0,0.4282927027917835,0.06884845992876089,0.05765770626475087,-0.07490630643097652,0.05510781998866955,1.6325609683990479,0.010082044638693333,0
mujoco,slope_forward,0,0,591,5.910000000000308,1.0,0.0,0.42819475530702555,0.06882718423145194,0.057612477014908244,-0.07479824902086989,0.056162670975662875,1.6348824501037598,0.011112201027572155,0
mujoco,slope_forward,0,0,592,5.920000000000312,1.0,0.0,0.428095492596732,0.06882427687364083,0.057559002172344484,-0.07320731465169422,0.04474573411159334,1.63640558719635,0.010775566101074219,0
mujoco,slope_forward,0,0,593,5.930000000000315,1.0,0.0,0.42800494549563534,0.06889376832005595,0.05752044788037167,-0.07181102313887965,0.03714366986119847,1.6342482566833496,0.010759922675788403,0
mujoco,slope_forward,0,0,594,5.940000000000318,1.0,0.0,0.4279233759437238,0.06900173055962398,0.057491370349234,-0.07066316582641273,0.031221551776344655,1.6299632787704468,0.008976682089269161,0
mujoco,slope_forward,0,0,595,5.950000000000322,1.0,0.0,0.4278474648204177,0.06911385334590417,0.057464322876975185,-0.06972656042017805,0.02656915928840189,1.6286944150924683,0.0065179308876395226,0
mujoco,slope_forward,0,0,596,5.960000000000325,1.0,0.0,0.42777360949937243,0.06922561013347504,0.057437879376643186,-0.06899608744037489,0.02284898388411585,1.6287394762039185,0.006540146190673113,0
mujoco,slope_forward,0,0,597,5.970000000000328,1.0,0.0,0.42770405631435554,0.06930328610243304,0.05739182975663245,-0.06687804108010895,0.03517018750717891,1.629951000213623,0.007881767116487026,0
mujoco,slope_forward,0,0,598,5.980000000000332,1.0,0.0,0.42764485205102604,0.06933862086821549,0.05733223696038604,-0.06489866333845175,0.04120505196395578,1.6359946727752686,0.011693639680743217,0
mujoco,slope_forward,0,0,599,5.990000000000335,1.0,0.0,0.427595725423174,0.06934971891535947,0.05724714919898024,-0.06303980633771088,0.046370102524579154,1.6397051811218262,0.0068803830072283745,0
mujoco,slope_forward,0,0,600,6.000000000000338,1.0,0.0,0.42755368048681813,0.06934342928470454,0.057140234588224134,-0.06136486773885178,0.05067252494760008,1.6409543752670288,0.005571258254349232,0
mujoco,slope_forward,0,0,601,6.010000000000342,1.0,0.0,0.42751537709781473,0.06932104089154581,0.057015690140657695,-0.05984166559168473,0.054510812407427334,1.6414679288864136,0.006503495387732983,0
mujoco,slope_forward,0,0,602,6.020000000000345,1.0,0.0,0.427477787429872,0.06928636816769927,0.05688478601446339,-0.05849356085114425,0.05809560222911201,1.6412549018859863,0.006796606350690126,0
mujoco,slope_forward,0,0,603,6.030000000000348,1.0,0.0,0.42743856588781376,0.06923784053748251,0.05675870127174629,-0.057314124468730875,0.061236277029843175,1.6423243284225464,0.008260047063231468,0
mujoco,slope_forward,0,0,604,6.040000000000352,1.0,0.0,0.42739610012977525,0.06917545589735301,0.05663704284415414,-0.056198821827782956,0.0647896318246928,1.6433106660842896,0.008777938783168793,0
mujoco,slope_forward,0,0,605,6.050000000000355,1.0,0.0,0.427355064366021,0.06913984308209131,0.056451332915534974,-0.053477627114806636,0.05156472547295652,1.643017292022705,0.009035061113536358,0
mujoco,slope_forward,0,0,606,6.060000000000358,1.0,0.0,0.42732191915915596,0.06915144949386157,0.05627716867360897,-0.05107473702578439,0.04575350039748121,1.6387611627578735,0.008434846997261047,0
mujoco,slope_forward,0,0,607,6.070000000000362,1.0,0.0,0.4272953633509453,0.06918028302955909,0.05612534455566419,-0.04877482136378738,0.041334560538357386,1.6371431350708008,0.006716450676321983,0
mujoco,slope_forward,0,0,608,6.080000000000365,1.0,0.0,0.4272728565044626,0.06920999390443384,0.055987355817736374,-0.046620211052430006,0.03838484438803891,1.6369690895080566,0.005332822445780039,0
mujoco,slope_forward,0,0,609,6.0900000000003685,1.0,0.0,0.42725181544012686,0.069238820774892,0.055868289445322815,-0.04461307052665324,0.03646005848558833,1.6380401849746704,0.006264021620154381,0
mujoco,slope_forward,0,0,610,6.100000000000372,1.0,0.0,0.4272303894286188,0.06926581405562701,0.05576959611652713,-0.04272983855769021,0.03506882211450174,1.6402840614318848,0.007478499785065651,0
mujoco,slope_forward,0,0,611,6.110000000000375,1.0,0.0,0.427207466512971,0.06929088468329031,0.055689492096243375,-0.04096545987498809,0.03400808438942128,1.6426012516021729,0.008157392963767052,0
mujoco,slope_forward,0,0,612,6.1200000000003785,1.0,0.0,0.4271827921306263,0.06931426595327995,0.05562387059439895,-0.03930807577244247,0.03283559353887894,1.6453948020935059,0.009333749301731586,0
mujoco,slope_forward,0,0,613,6.130000000000382,1.0,0.0,0.42715662942742594,0.0693365319697442,0.05556811101726708,-0.03774704326592879,0.03201500400201527,1.6477774381637573,0.009521644562482834,0
mujoco,slope_forward,0,0,614,6.140000000000385,1.0,0.0,0.4271292199585367,0.06935871006279308,0.05551830822368186,-0.03627601704837835,0.031806667403526445,1.6501696109771729,0.010028972290456295,0
mujoco,slope_forward,0,0,615,6.1500000000003885,1.0,0.0,0.42710101647730514,0.06938134755120502,0.055471905054714596,-0.034891519833270386,0.03201166751019499,1.6526082754135132,0.01138924341648817,0
mujoco,slope_forward,0,0,616,6.160000000000392,1.0,0.0,0.4270727032544863,0.06940444264396363,0.05542713179666788,-0.03358590552574661,0.032167201774949514,1.6547691822052002,0.011013174429535866,0
mujoco,slope_forward,0,0,617,6.170000000000395,1.0,0.0,0.427044962694071,0.06942767761207985,0.05538433352572283,-0.03236453966761039,0.032259616305529544,1.6569852828979492,0.01094009354710579,0
mujoco,slope_forward,0,0,618,6.1800000000003985,1.0,0.0,0.4270184499411581,0.06945093727034117,0.05534243887923651,-0.03121656355130816,0.03241679290950063,1.6593348979949951,0.011193722486495972,0
mujoco,slope_forward,0,0,619,6.190000000000402,1.0,0.0,0.4269938408413951,0.06947406143155227,0.0553008566908796,-0.030141179190874664,0.03249823255762117,1.6616795063018799,0.011327638290822506,0
mujoco,slope_forward,0,0,620,6.200000000000405,1.0,0.0,0.4269717829716156,0.06949701290778709,0.05525894440613997,-0.029134837191287014,0.03259453449552414,1.664074420928955,0.0115647092461586,0
mujoco,slope_forward,0,0,621,6.2100000000004085,1.0,0.0,0.4269528187053686,0.06951969141875723,0.055214961314737056,-0.028194788897148496,0.03261266822885628,1.6665030717849731,0.011602343060076237,0
mujoco,slope_forward,0,0,622,6.220000000000412,1.0,0.0,0.4269373701679948,0.06954192931167112,0.05516790770165567,-0.027320820323436912,0.03257625876835754,1.6688956022262573,0.011687934398651123,0
mujoco,slope_forward,0,0,623,6.230000000000415,1.0,0.0,0.42692571036551963,0.0695635649288948,0.05511797648579347,-0.02651156316787213,0.032489998590565776,1.671230673789978,0.011672504246234894,0
mujoco,slope_forward,0,0,624,6.2400000000004185,1.0,0.0,0.42691794453068177,0.0695844637371676,0.05506110423601527,-0.025629242586580694,0.032010098548068674,1.6735895872116089,0.011735605075955391,0
mujoco,slope_forward,0,0,625,6.250000000000422,1.0,0.0,0.4269187530610104,0.06963879506635871,0.054921750504558844,-0.023123478408708646,0.014969507645317418,1.6745874881744385,0.01078085508197546,0
mujoco,slope_forward,0,0,626,6.260000000000425,1.0,0.0,0.42693261329038373,0.06974663539853519,0.05479338899646422,-0.020833084212258355,0.005534594306107453,1.6703014373779297,0.011610393412411213,0
mujoco,slope_forward,0,0,627,6.270000000000429,1.0,0.0,0.4269556225940965,0.06987117217755553,0.05465429755819453,-0.018512125263607373,9.443994026551658e-05,1.6679613590240479,0.01090012677013874,0
mujoco,slope_forward,0,0,628,6.280000000000432,1.0,0.0,0.4269846161520726,0.06999373631192536,0.05449145909489805,-0.016026436457240313,-0.002428621887658725,1.6673744916915894,0.008793999440968037,0
mujoco,slope_forward,0,0,629,6.290000000000435,1.0,0.0,0.4270224763496508,0.07007457281000078,0.05424519058804068,-0.012252248801985437,0.006913416564327337,1.66810941696167,0.007813637144863605,0
mujoco,slope_forward,0,0,630,6.300000000000439,1.0,0.0,0.4270712633261162,0.07011556475582617,0.05396770293008104,-0.008585111819824149,0.012058573920908266,1.67041015625,0.005607196129858494,0
mujoco,slope_forward,0,0,631,6.310000000000442,1.0,0.0,0.4271277589275662,0.0701413082346211,0.05367330142337396,-0.00490404724008322,0.015873614794565758,1.672221302986145,0.0047440305352211,0
mujoco,slope_forward,0,0,632,6.320000000000445,1.0,0.0,0.42718866576182635,0.07016033344741475,0.05337568151129201,-0.001303720737928438,0.018423275609946273,1.6734938621520996,0.004854058381170034,0
mujoco,slope_forward,0,0,633,6.330000000000449,1.0,0.0,0.4272511365880029,0.07017566409452938,0.05307307931946236,0.00233711259596718,0.020160589752353363,1.6748796701431274,0.004304495174437761,0
mujoco,slope_forward,0,0,634,6.340000000000452,1.0,0.0,0.42731328683040104,0.07018881316932411,0.05278980794895166,0.005950268671030587,0.021558530833669765,1.6766153573989868,0.0053110853768885136,0
mujoco,slope_forward,0,0,635,6.350000000000455,1.0,0.0,0.4273740082696898,0.07020019103675235,0.052524539127560096,0.00962598082086857,0.02297630788534367,1.6801921129226685,0.009221090003848076,0
mujoco,slope_forward,0,0,636,6.360000000000459,1.0,0.0,0.4274322501665195,0.07021012383497009,0.05227973403795752,0.01281887576056125,0.018258815848966475,1.6833453178405762,0.009236426092684269,0
mujoco,slope_forward,0,0,637,6.370000000000462,1.0,0.0,0.42748330007709745,0.0702195395247869,0.05215541964115145,0.014965569870158187,0.004958023067229507,1.6875852346420288,0.012342401780188084,0
mujoco,slope_forward,0,0,638,6.380000000000465,1.0,0.0,0.42752844821712105,0.07024161215060083,0.05205247250859806,0.017358283084900894,-0.003039395663415772,1.6962590217590332,0.020071526989340782,0
mujoco,slope_forward,0,0,639,6.390000000000469,1.0,0.0,0.4275724485918781,0.07027980389385505,0.05196908045483178,0.01970145923722875,-0.009660510132059588,1.7017302513122559,0.016489045694470406,0
mujoco,slope_forward,0,0,640,6.400000000000472,1.0,0.0,0.42761788472743567,0.0703309534848792,0.05187101926535806,0.022222227606728668,-0.014251383064719757,1.7078038454055786,0.017891500145196915,0
mujoco,slope_forward,0,0,641,6.410000000000475,1.0,0.0,0.427663338281189,0.07037045684015801,0.051815156956149896,0.02291323739913371,-0.004472028078043099,1.7127817869186401,0.016229379922151566,0
mujoco,slope_forward,0,0,642,6.420000000000479,1.0,0.0,0.4277108858877825,0.07040217028083483,0.05178790615170082,0.023862255019070154,0.0017505268371987553,1.7242995500564575,0.023732708767056465,0
mujoco,slope_forward,0,0,643,6.430000000000482,1.0,0.0,0.42776724162457685,0.07044011562187469,0.05174948872806357,0.024987232936588024,0.005667790831851719,1.733684778213501,0.019886843860149384,0
mujoco,slope_forward,0,0,644,6.440000000000485,1.0,0.0,0.4278359567803512,0.07047978049324527,0.05168557924793924,0.026208178176409323,0.00785843528554055,1.7415342330932617,0.018154580146074295,0
mujoco,slope_forward,0,0,645,6.450000000000489,1.0,0.0,0.42791913306700213,0.07051287103992498,0.0515933189861768,0.027545342490715684,0.00902249407634896,1.748801350593567,0.017865758389234543,0
mujoco,slope_forward,0,0,646,6.460000000000492,1.0,0.0,0.42801780378319015,0.0705426903366044,0.05146388039407871,0.02901076025214872,0.009834200902212696,1.7541040182113647,0.016311995685100555,0
mujoco,slope_forward,0,0,647,6.470000000000495,1.0,0.0,0.42813209812800684,0.07056523655336956,0.05130132401961143,0.030571442115919913,0.009832278140477399,1.7582464218139648,0.015668541193008423,0
mujoco,slope_forward,0,0,648,6.480000000000499,1.0,0.0,0.42826165190744875,0.07058099349248571,0.05111025312355761,0.03224503524667844,0.009368045132485259,1.7621276378631592,0.014865524135529995,0
mujoco,slope_forward,0,0,649,6.490000000000502,1.0,0.0,0.4284058281680725,0.07059228696668465,0.05089529792970259,0.03402442492490702,0.008448509977928726,1.7661187648773193,0.014981524087488651,0
mujoco,slope_forward,0,0,650,6.500000000000505,1.0,0.0,0.4285638889738771,0.0705994279916718,0.05066108094906427,0.03591635810808916,0.007266598363354812,1.7698938846588135,0.015081329271197319,0
mujoco,slope_forward,0,0,651,6.510000000000509,1.0,0.0,0.42873500904217093,0.07060253381212114,0.05040968628309736,0.03793174566830099,0.005759027836549062,1.7730391025543213,0.014138046652078629,0
mujoco,slope_forward,0,0,652,6.520000000000512,1.0,0.0,0.4289182311944818,0.0706017392820205,0.050147028975088916,0.040054716956070144,0.003920788549790496,1.77610445022583,0.013950099237263203,0
mujoco,slope_forward,0,0,653,6.530000000000515,1.0,0.0,0.4291124982317082,0.07059737424942396,0.04987482316969977,0.04230570679093661,0.002373460832376431,1.7793608903884888,0.014357032254338264,0
mujoco,slope_forward,0,0,654,6.540000000000519,1.0,0.0,0.4293167793409032,0.07058887276870567,0.04959451076259102,0.04468131580391873,0.0013026902844169845,1.7824630737304688,0.01429804041981697,0
mujoco,slope_forward,0,0,655,6.550000000000522,1.0,0.0,0.42953004945434065,0.070572746997855,0.04930939063822836,0.047182392339837446,0.000685062778550087,1.7856594324111938,0.014225938357412815,0
mujoco,slope_forward,0,0,656,6.560000000000525,1.0,0.0,0.42975132073933725,0.07054583747421383,0.04902006718203746,0.0498256298381395,0.0002897880105222189,1.7892706394195557,0.014074939303100109,0
mujoco,slope_forward,0,0,657,6.570000000000529,1.0,0.0,0.4299796358708899,0.07050822695045458,0.04872643761861857,0.05261684678814435,-3.8034701038052535e-05,1.7928789854049683,0.013606890104711056,0
mujoco,slope_forward,0,0,658,6.580000000000532,1.0,0.0,0.4302140923881966,0.07046153549581885,0.04843693459404276,0.05553623501334906,-0.0002790604981390872,1.7963966131210327,0.013102277182042599,0
mujoco,slope_forward,0,0,659,6.590000000000535,1.0,0.0,0.43045358995171396,0.07040549371883012,0.04814747447300998,0.05863881880693306,-0.0004865140749928932,1.8001577854156494,0.013065870851278305,0
mujoco,slope_forward,0,0,660,6.600000000000539,1.0,0.0,0.4306970604629466,0.07034061847612563,0.0478595752881955,0.06190047865564049,-0.0006993063932183584,1.8038674592971802,0.01257874071598053,0
mujoco,slope_forward,0,0,661,6.610000000000542,1.0,0.0,0.43094329545828924,0.07026575977131555,0.047571123694343104,0.06535488442145224,-0.0010404916469795916,1.8076117038726807,0.012487068772315979,0
mujoco,slope_forward,0,0,662,6.6200000000005454,1.0,0.0,0.4311910358238127,0.07018347293108311,0.047281827199184646,0.06899948973998932,-0.0015843823266402058,1.8112050294876099,0.012148049660027027,0
mujoco,slope_forward,0,0,663,6.630000000000549,1.0,0.0,0.4314388949259396,0.07009839426146021,0.0469908160769879,0.07285180202700825,-0.0024222373173097976,1.814607858657837,0.012071436271071434,0
mujoco,slope_forward,0,0,664,6.640000000000552,1.0,0.0,0.4316852898022904,0.07001147272034747,0.04669657588630275,0.07691875327613923,-0.0034104482334237395,1.8176796436309814,0.011882087215781212,0
mujoco,slope_forward,0,0,665,6.6500000000005555,1.0,0.0,0.43192850378098646,0.06992151626990109,0.04639980410498033,0.08121021755649496,-0.004495636212105857,1.8204747438430786,0.011730856262147427,0
mujoco,slope_forward,0,0,666,6.660000000000559,1.0,0.0,0.43216663594945637,0.06982606065674077,0.046107575853608286,0.08545123959047485,-0.004270725761232404,1.8230493068695068,0.01162264496088028,0
mujoco,slope_forward,0,0,667,6.670000000000562,1.0,0.0,0.43239678876692095,0.06970217857556588,0.04594319646336116,0.08834879500347087,0.009538777855176109,1.8293122053146362,0.014476753771305084,0
mujoco,slope_forward,0,0,668,6.6800000000005655,1.0,0.0,0.43262405923640695,0.06958924271628084,0.045799530001418544,0.0919012900569298,0.020783734413787763,1.844199776649475,0.02529802732169628,0
mujoco,slope_forward,0,0,669,6.690000000000569,1.0,0.0,0.4328549148661764,0.06948679698714662,0.045628481710446984,0.0956979339188769,0.02716500105379002,1.8527652025222778,0.019050126895308495,0
mujoco,slope_forward,0,0,670,6.700000000000572,1.0,0.0,0.4330888230763852,0.069381510520679,0.045447527610954205,0.09893643386756358,0.0213429187894292,1.8597873449325562,0.01720433309674263,0
mujoco,slope_forward,0,0,671,6.7100000000005755,1.0,0.0,0.43332512727907196,0.06923811826702136,0.045364490967972494,0.101735649216634,0.007536743196727735,1.8695894479751587,0.019524086266756058,0
mujoco,slope_forward,0,0,672,6.720000000000579,1.0,0.0,0.43356912950931437,0.069070204287424,0.04525936652755449,0.10509726840401354,0.001137484509945985,1.8812315464019775,0.02237515337765217,0
mujoco,slope_forward,0,0,673,6.730000000000582,1.0,0.0,0.43382238589013133,0.06888245177617676,0.04510503335451608,0.1086937715806436,-0.003670303401858072,1.8856446743011475,0.016814520582556725,0
mujoco,slope_forward,0,0,674,6.7400000000005855,1.0,0.0,0.43408233928093065,0.06867976991853875,0.04489426984722895,0.1126558408933633,-0.00586773331569537,1.889562964439392,0.016769420355558395,0
mujoco,slope_forward,0,0,675,6.750000000000589,1.0,0.0,0.4343454605971833,0.06845833840228638,0.044637185264830195,0.11688908246021992,-0.007472557893473878,1.8922646045684814,0.01672036573290825,0
mujoco,slope_forward,0,0,676,6.760000000000592,1.0,0.0,0.4346077053188172,0.0682138576129148,0.04432149101664204,0.12152854516857979,-0.008202036630086972,1.8939988613128662,0.015437091700732708,0
mujoco,slope_forward,0,0,677,6.7700000000005955,1.0,0.0,0.43486422211318143,0.06794052559577833,0.044021759695709775,0.12526857425978383,-0.0007317007898967342,1.8928366899490356,0.012447722256183624,0
mujoco,slope_forward,0,0,678,6.780000000000599,1.0,0.0,0.43511561535434606,0.06769240413099414,0.04382722714242639,0.1288689941425505,0.013061919017679412,1.9045997858047485,0.02040272392332554,0
mujoco,slope_forward,0,0,679,6.790000000000602,1.0,0.0,0.4353693456334425,0.0674810040432059,0.043600671201909205,0.1330819599204014,0.022980712327774808,1.9161343574523926,0.022842692211270332,0
mujoco,slope_forward,0,0,680,6.800000000000606,1.0,0.0,0.4356252274260185,0.06726579058854527,0.04341577708789879,0.13601870932432658,0.009346038372229585,1.9220269918441772,0.01728750765323639,0
mujoco,slope_forward,0,0,681,6.810000000000609,1.0,0.0,0.43588753261565893,0.06697995015073128,0.043260134261304685,0.13953677073704343,0.0008934537380922035,1.9348018169403076,0.024998752400279045,0
mujoco,slope_forward,0,0,682,6.820000000000612,1.0,0.0,0.43616146329060257,0.06665772542479025,0.04303493791496573,0.14360380443231452,-0.0036546482890007824,1.9428191184997559,0.018017059192061424,0
mujoco,slope_forward,0,0,683,6.830000000000616,1.0,0.0,0.4364434245557143,0.06631140112855412,0.04273144313938123,0.14801381017271562,-0.0072655696246957824,1.9426991939544678,0.015796110033988953,0
mujoco,slope_forward,0,0,684,6.840000000000619,1.0,0.0,0.43672563829286803,0.0659413685977248,0.042349302917107055,0.15280735898660291,-0.008629121507579449,1.941672921180725,0.013468476943671703,0
mujoco,slope_forward,0,0,685,6.850000000000622,1.0,0.0,0.4370009488170726,0.065575908367553,0.04206182133347231,0.15604036492676562,0.008993416471485348,1.942410945892334,0.012514885514974594,0
mujoco,slope_forward,0,0,686,6.860000000000626,1.0,0.0,0.43727336771062847,0.06526734828920339,0.041786482310932925,0.1602364520093159,0.022480674937742938,1.9573287963867188,0.02687031403183937,0
mujoco,slope_forward,0,0,687,6.870000000000629,1.0,0.0,0.4375469312703763,0.06496647350024719,0.04153183666851959,0.1633797285917963,0.01082859002576506,1.9623757600784302,0.018736708909273148,0
mujoco,slope_forward,0,0,688,6.880000000000632,1.0,0.0,0.4378279285025449,0.06458573320608281,0.04133472560939353,0.16704129901139733,0.0007187059644461896,1.9768409729003906,0.024316443130373955,0
mujoco,slope_forward,0,0,689,6.890000000000636,1.0,0.0,0.4381196237094097,0.06415212758676958,0.041041469669937575,0.17140238195839072,-0.0053080430566634935,1.984649419784546,0.016237111762166023,0
mujoco,slope_forward,0,0,690,6.900000000000639,1.0,0.0,0.43841628348989176,0.06369625224966925,0.040640137776247746,0.17615459364500016,-0.0086537974455784,1.9807965755462646,0.016841262578964233,0
mujoco,slope_forward,0,0,691,6.910000000000642,1.0,0.0,0.43870655814746745,0.06322932780912913,0.0402583235134556,0.17959821836528786,0.006077986117432881,1.975242257118225,0.01566161774098873,0
mujoco,slope_forward,0,0,692,6.920000000000646,1.0,0.0,0.4389917838962007,0.06284645204746941,0.039890982251044114,0.18381792355780335,0.019787755804411535,1.9850530624389648,0.01897078938782215,0
mujoco,slope_forward,0,0,693,6.930000000000649,1.0,0.0,0.4392777540063348,0.06246851631093365,0.03963817551382106,0.18666704440132506,0.006602722096051958,1.9901659488677979,0.019852740690112114,0
mujoco,slope_forward,0,0,694,6.940000000000652,1.0,0.0,0.4395705092796987,0.061987132347306274,0.039363616313778514,0.19071753807374478,-0.0020634703900012895,2.0054750442504883,0.02574939839541912,0
mujoco,slope_forward,0,0,695,6.950000000000656,1.0,0.0,0.4398707262035398,0.06146089570107775,0.03897643128546938,0.19520290553530376,-0.00789762998888752,2.008598804473877,0.013785328716039658,0
mujoco,slope_forward,0,0,696,6.960000000000659,1.0,0.0,0.4401691060467252,0.060920543365578374,0.03853787112530635,0.19894225379281233,0.0012174701712601066,2.003730058670044,0.015687188133597374,0
mujoco,slope_forward,0,0,697,6.970000000000662,1.0,0.0,0.44046460258540815,0.0604667876924849,0.038118624319947815,0.2029577107461621,0.016109822778445474,2.0080978870391846,0.013509402051568031,0
mujoco,slope_forward,0,0,698,6.980000000000666,1.0,0.0,0.4407588559722493,0.0600372984836651,0.03779653596551661,0.20583069338356325,0.006170543206262409,2.010293483734131,0.017326747998595238,0
mujoco,slope_forward,0,0,699,6.990000000000669,1.0,0.0,0.4410586230525581,0.05948689538931942,0.03749353966151526,0.2097532626050565,-0.00393177707185757,2.025745153427124,0.02397514507174492,0
mujoco,slope_forward,0,0,700,7.000000000000672,1.0,0.0,0.44136355260712423,0.05888029987518383,0.037052627026307745,0.21423469423728037,-0.008785102126213013,2.028718948364258,0.013677156530320644,0
mujoco,slope_forward,0,0,701,7.010000000000676,1.0,0.0,0.4416667010518299,0.058314865391266395,0.036647638679436906,0.21740242785239516,0.007463232797181658,2.0239791870117188,0.01454525999724865,0
mujoco,slope_forward,0,0,702,7.020000000000679,1.0,0.0,0.44196935063988063,0.05783487874303929,0.03620060219358392,0.2211773329919844,0.014480920618312845,2.032353162765503,0.020237131044268608,0
mujoco,slope_forward,0,0,703,7.030000000000682,1.0,0.0,0.4422762987786183,0.05729385958779098,0.035913976258528914,0.22407556327180195,0.0005201316099842763,2.035984992980957,0.012534495443105698,0
mujoco,slope_forward,0,0,704,7.040000000000686,1.0,0.0,0.44258897502422495,0.05663815026019784,0.0355099172187094,0.22844779995795014,-0.008756677873572013,2.0491867065429688,0.020749101415276527,0
mujoco,slope_forward,0,0,705,7.050000000000689,1.0,0.0,0.44290164033447915,0.05598739209406968,0.03505758676187029,0.23145216062752497,0.0028278846437824008,2.041940450668335,0.017735997214913368,0
mujoco,slope_forward,0,0,706,7.060000000000692,1.0,0.0,0.4432153489219906,0.05545241252068756,0.03455796965468198,0.23546472975298244,0.014767306698315335,2.04746150970459,0.01907747983932495,0
mujoco,slope_forward,0,0,707,7.070000000000696,1.0,0.0,0.44353030740990707,0.05491068407627429,0.034175905197881676,0.23790699254771966,0.0002941227116222639,2.04524564743042,0.01750534400343895,0
mujoco,slope_forward,0,0,708,7.080000000000699,1.0,0.0,0.44384695252778505,0.05421199796811056,0.033704637115426844,0.24207271249261528,-0.010963944820391563,2.0565621852874756,0.020367054268717766,0
mujoco,slope_forward,0,0,709,7.090000000000702,1.0,0.0,0.4441630802384583,0.0534990862663104,0.03320680109187984,0.2448075103471725,0.0004850599537863207,2.0487422943115234,0.019762767478823662,0
mujoco,slope_forward,0,0,710,7.100000000000706,1.0,0.0,0.44447924730008415,0.05292170364806965,0.03264641527798662,0.24874092255891533,0.013071782936586777,2.0523345470428467,0.01867867447435856,0
mujoco,slope_forward,0,0,711,7.110000000000709,1.0,0.0,0.4447950587907114,0.05234454322151654,0.03219891702874001,0.2510398233422243,-0.001570847104014755,2.048081636428833,0.02036779560148716,0
mujoco,slope_forward,0,0,712,7.120000000000712,1.0,0.0,0.44510985823658006,0.051590748012972705,0.03168234996241066,0.25479764963252777,-0.011280738734508142,2.0580830574035645,0.018724896013736725,0
mujoco,slope_forward,0,0,713,7.130000000000716,1.0,0.0,0.445426405506418,0.05087724025652402,0.031186738168780245,0.2574088982747726,0.0029476236576815697,2.0541443824768066,0.013711987063288689,0
mujoco,slope_forward,0,0,714,7.140000000000719,1.0,0.0,0.44574425114827754,0.050291253765577,0.030592685879023446,0.2610134874892724,0.010869666838676162,2.055565595626831,0.02220103330910206,0
mujoco,slope_forward,0,0,715,7.1500000000007224,1.0,0.0,0.4460620484969364,0.0496400412385357,0.030138894762851073,0.26344302669775205,-0.00513473968031781,2.052879571914673,0.014668341726064682,0
mujoco,slope_forward,0,0,716,7.160000000000726,1.0,0.0,0.44637777492283687,0.048845392259564885,0.02964775362892242,0.26615842926716266,-0.00405209331737665,2.06099271774292,0.015316006727516651,0
mujoco,slope_forward,0,0,717,7.170000000000729,1.0,0.0,0.44669941248275535,0.048178339796445854,0.029107647783635546,0.26930101941726686,0.0064721576525243706,2.0629661083221436,0.006402413826435804,0
mujoco,slope_forward,0,0,718,7.1800000000007325,1.0,0.0,0.44702248266882105,0.04758045567536554,0.028522198090371455,0.27193896281392876,0.0010690734045580997,2.0549368858337402,0.02411837689578533,0
mujoco,slope_forward,0,0,719,7.190000000000736,1.0,0.0,0.44734296327259115,0.04681400966385589,0.02799767583851599,0.2745703631402544,-0.00974808470771789,2.058481216430664,0.010296695865690708,0
mujoco,slope_forward,0,0,720,7.200000000000739,1.0,0.0,0.4476667559362045,0.04607066559907627,0.027515327677939322,0.2768610607820985,0.0008732456725863503,2.0609989166259766,0.009110289625823498,0
mujoco,slope_forward,0,0,721,7.2100000000007425,1.0,0.0,0.4479944502566564,0.04544683286181001,0.02685845547063007,0.28034106360752936,0.007724303224963396,2.0591371059417725,0.01942610740661621,0
mujoco,slope_forward,0,0,722,7.220000000000746,1.0,0.0,0.4483176823239475,0.044771101068119594,0.026321112163308895,0.2822504759475875,-0.008734173400493948,2.0458738803863525,0.022601723670959473,0
mujoco,slope_forward,0,0,723,7.230000000000749,1.0,0.0,0.44863374791048793,0.0439567931993384,0.025849869191369515,0.28396385119209605,-0.0025174404875964243,2.0537312030792236,0.015692275017499924,0
mujoco,slope_forward,0,0,724,7.2400000000007525,1.0,0.0,0.44895631570215844,0.04328183823752302,0.025245088251031594,0.28707420929277055,0.004499456316210893,2.0583837032318115,0.008966881781816483,0
mujoco,slope_forward,0,0,725,7.250000000000756,1.0,0.0,0.449278045362433,0.042648949766678844,0.024628053388344527,0.28900305432791495,-0.008960365455358131,2.04295015335083,0.0303818266838789,0
mujoco,slope_forward,0,0,726,7.260000000000759,1.0,0.0,0.4495930509724069,0.04185878577774335,0.024134074288987218,0.2902474883009783,-0.0044839821183780245,2.0436747074127197,0.013742642477154732,0
mujoco,slope_forward,0,0,727,7.2700000000007625,1.0,0.0,0.44991524309155545,0.041173099115252625,0.023550420203407627,0.2929295135358207,0.0027215565156349375,2.0514349937438965,0.011898375116288662,0
mujoco,slope_forward,0,0,728,7.280000000000766,1.0,0.0,0.45023824543638324,0.040555299763989715,0.022842944269134375,0.29514066527097493,-0.004551380220278448,2.036646842956543,0.0288288202136755,0
mujoco,slope_forward,0,0,729,7.290000000000769,1.0,0.0,0.45055127810127255,0.0398007445216802,0.022306172523588314,0.2959479765803781,-0.004223931397195083,2.0281777381896973,0.0171654149889946,0
mujoco,slope_forward,0,0,730,7.3000000000007725,1.0,0.0,0.45086802518401825,0.03911410195451911,0.021755612668949945,0.29815707442392675,0.001078410744240073,2.0389039516448975,0.01608291082084179,0
mujoco,slope_forward,0,0,731,7.310000000000776,1.0,0.0,0.45118666583221684,0.03850470534223469,0.021026660262824157,0.30053276916929855,-0.0020604615442912913,2.02774977684021,0.02382817491889,0
mujoco,slope_forward,0,0,732,7.320000000000779,1.0,0.0,0.4514932625543387,0.037793962428308604,0.020464003078304652,0.300966340474089,-0.005507513720710477,2.013915777206421,0.022591982036828995,0
mujoco,slope_forward,0,0,733,7.330000000000783,1.0,0.0,0.4518006727565641,0.03712287700505244,0.01995681275214871,0.3027308782289861,-0.0006603968680882013,2.024841547012329,0.018038485199213028,0
mujoco,slope_forward,0,0,734,7.340000000000786,1.0,0.0,0.45211149042314036,0.0365300598056479,0.01924628897661336,0.3050705095730492,-0.0016182174417609435,2.016937494277954,0.01924714259803295,0
mujoco,slope_forward,0,0,735,7.350000000000789,1.0,0.0,0.4524108817739732,0.035868522802643216,0.01870469097200893,0.3050350021836993,-0.006029781944524387,1.9995191097259521,0.026974741369485855,0
mujoco,slope_forward,0,0,736,7.360000000000793,1.0,0.0,0.45271117905612845,0.03523693973705578,0.01823334469056842,0.30648566253083387,-0.0014138955002180754,2.0107131004333496,0.020691195502877235,0
mujoco,slope_forward,0,0,737,7.370000000000796,1.0,0.0,0.45301674312427953,0.0346742023323483,0.01754857357112926,0.30853665752056314,-0.0027703213171052458,2.0031163692474365,0.018482957035303116,0
mujoco,slope_forward,0,0,738,7.380000000000799,1.0,0.0,0.45331258429082666,0.03405533969044593,0.017053943172159747,0.3079861503018289,-0.005372192595726194,1.9850313663482666,0.028120847418904305,0
mujoco,slope_forward,0,0,739,7.390000000000803,1.0,0.0,0.4536113132648462,0.0334767678143153,0.01659348017543929,0.3092316696412698,-0.0013611694507943495,1.995913028717041,0.022150618955492973,0
mujoco,slope_forward,0,0,740,7.400000000000806,1.0,0.0,0.45391563490870124,0.03295863195298615,0.015899578242290515,0.31122165839288907,-0.0010511123961125534,1.9861090183258057,0.0208732932806015,0
mujoco,slope_forward,0,0,741,7.410000000000809,1.0,0.0,0.4542062465462233,0.03239837790682643,0.01538498266605334,0.31031128223328314,-0.004628367535089715,1.9650962352752686,0.03234777972102165,0
mujoco,slope_forward,0,0,742,7.420000000000813,1.0,0.0,0.4544962115242011,0.03186770442243742,0.014933498391794234,0.31124993739774603,-0.0014408179191614913,1.9763908386230469,0.02495521679520607,0
mujoco,slope_forward,0,0,743,7.430000000000816,1.0,0.0,0.4547910396298694,0.03138977905760759,0.014251820882251031,0.3129870909825155,-0.0015204281993250073,1.967331886291504,0.019832467660307884,0
mujoco,slope_forward,0,0,744,7.440000000000819,1.0,0.0,0.45507275296343286,0.030882268776584936,0.013780033683194824,0.3115789795758132,-0.0032906680338403243,1.9465925693511963,0.03287153318524361,0
mujoco,slope_forward,0,0,745,7.450000000000823,1.0,0.0,0.45535588226027157,0.030412392038267833,0.01334745311601952,0.3123172472279462,-0.0010462517199991068,1.9588288068771362,0.026941899210214615,0
mujoco,slope_forward,0,0,746,7.460000000000826,1.0,0.0,0.45564497079164945,0.029984435554652855,0.012675761816244946,0.31378686996829636,-0.0018168058625331724,1.9484020471572876,0.022043511271476746,0
mujoco,slope_forward,0,0,747,7.470000000000829,1.0,0.0,0.4559206355764536,0.0295261591153301,0.01220938717515807,0.31213881343665534,-0.003946904537220878,1.9274077415466309,0.033001650124788284,0
mujoco,slope_forward,0,0,748,7.480000000000833,1.0,0.0,0.45619737495599,0.029111973666692777,0.011784372587493874,0.3126131958580024,-0.0015093127527256536,1.938288688659668,0.026675648987293243,0
mujoco,slope_forward,0,0,749,7.490000000000836,1.0,0.0,0.456479743915931,0.02874124936168116,0.011120721338043814,0.31383575529156826,-0.0024072359685964216,1.9275494813919067,0.022631201893091202,0
mujoco,slope_forward,0,0,750,7.500000000000839,1.0,0.0,0.45674918778615864,0.02835332498196976,0.010683368633384545,0.31170325097630314,-0.0021453220870840824,1.9068644046783447,0.033372096717357635,0
mujoco,slope_forward,0,0,751,7.510000000000843,1.0,0.0,0.4570212113691751,0.02801075559518594,0.010270439835299131,0.31194822181251614,-0.0008745498104175185,1.9182931184768677,0.02832910418510437,0
mujoco,slope_forward,0,0,752,7.520000000000846,1.0,0.0,0.4572994049546224,0.027700608028026326,0.009612689425283887,0.3129178095649249,-0.0024911178522303012,1.9069162607192993,0.02412426471710205,0
mujoco,slope_forward,0,0,753,7.530000000000849,1.0,0.0,0.4575642728659343,0.0273726733680646,0.009179761961500004,0.3105269343245128,-0.0023488330995072087,1.886197566986084,0.033754073083400726,0
mujoco,slope_forward,0,0,754,7.540000000000853,1.0,0.0,0.4578313771218602,0.0270735506066311,0.008779517849790702,0.3104710911828752,-0.0010847592738742608,1.8971660137176514,0.028473902493715286,0
mujoco,slope_forward,0,0,755,7.550000000000856,1.0,0.0,0.4581046602432512,0.026807174319871965,0.008129445797877858,0.311212924050072,-0.002765346777579968,1.8861253261566162,0.02378227561712265,0
mujoco,slope_forward,0,0,756,7.560000000000859,1.0,0.0,0.4583650985816257,0.02654562676863489,0.007700623580719343,0.30851109952893985,-0.0025637047034218928,1.8655502796173096,0.03483007848262787,0
mujoco,slope_forward,0,0,757,7.570000000000863,1.0,0.0,0.4586281159171882,0.026294641937479966,0.007323358163161217,0.30811375044789135,-0.0012196207355048346,1.8760251998901367,0.02860134467482567,0
mujoco,slope_forward,0,0,758,7.580000000000866,1.0,0.0,0.4588982063826985,0.02606453418141413,0.006690774125544518,0.3087369345067759,-0.0016182499380878858,1.86600923538208,0.02291293814778328,0
mujoco,slope_forward,0,0,759,7.590000000000869,1.0,0.0,0.4591533799331674,0.025861884245387146,0.006239435373203986,0.3057871113198523,-0.001018680797903234,1.8441147804260254,0.0374845527112484,0
mujoco,slope_forward,0,0,760,7.600000000000873,1.0,0.0,0.45940986313782517,0.025695678208803908,0.005862614858083402,0.3050535690728921,-0.00031633231099069625,1.8536345958709717,0.02917458489537239,0
mujoco,slope_forward,0,0,761,7.610000000000876,1.0,0.0,0.45967413993884704,0.02555663807439016,0.005244460544461333,0.3053799299769809,-0.000668108187282251,1.8439264297485352,0.023362061008810997,0
mujoco,slope_forward,0,0,762,7.620000000000879,1.0,0.0,0.45992407928655094,0.025432371486775227,0.0047683488585852935,0.30233519360027555,-0.0014659795859229246,1.8224411010742188,0.03844441473484039,0
mujoco,slope_forward,0,0,763,7.630000000000883,1.0,0.0,0.4601746730991882,0.025345247692731325,0.004412464283321762,0.301156034775795,-6.450874346465452e-05,1.8307008743286133,0.028131719678640366,0
mujoco,slope_forward,0,0,764,7.640000000000886,1.0,0.0,0.4604338746601128,0.025297614876153836,0.003849382423175388,0.3011258753570392,0.00023546539414144864,1.8222885131835938,0.021301433444023132,0
mujoco,slope_forward,0,0,765,7.650000000000889,1.0,0.0,0.46067938184769813,0.02526023410799168,0.003317669612057535,0.29845772274905924,-0.0021410895135540505,1.8029365539550781,0.036782156676054,0
mujoco,slope_forward,0,0,766,7.660000000000893,1.0,0.0,0.46092239692988285,0.025237131134614323,0.0029978964244165595,0.29663678144260236,0.0007955889645223122,1.8076108694076538,0.025100020691752434,0
mujoco,slope_forward,0,0,767,7.670000000000896,1.0,0.0,0.46117463828491384,0.025234140869871278,0.0025323572571393483,0.29615866614557673,0.002826581238450912,1.8036816120147705,0.015904482454061508,0
mujoco,slope_forward,0,0,768,7.680000000000899,1.0,0.0,0.46141777584117905,0.02524398895062155,0.00199709683520166,0.2939221767396355,-0.0021071080290357667,1.787645697593689,0.0337100550532341,0
mujoco,slope_forward,0,0,769,7.690000000000903,1.0,0.0,0.46165752378683733,0.02526690261783091,0.0017296094244026138,0.29136150789862025,0.002337631849389924,1.7876898050308228,0.022792117670178413,0
mujoco,slope_forward,0,0,770,7.700000000000906,1.0,0.0,0.4619077448741357,0.025356278381438387,0.0013621544727935727,0.2904314006925918,0.006691473517358767,1.7886700630187988,0.01325259916484356,0
mujoco,slope_forward,0,0,771,7.7100000000009095,1.0,0.0,0.46215419439255284,0.02547175030784614,0.0008299615250687726,0.28914442875743757,-0.0038324644772789636,1.7741113901138306,0.03205401450395584,0
mujoco,slope_forward,0,0,772,7.720000000000913,1.0,0.0,0.46239015669159206,0.025541649864779695,0.0005472310274016294,0.28570390955160657,0.001363246074038052,1.7667889595031738,0.02569531463086605,0
mujoco,slope_forward,0,0,773,7.730000000000916,1.0,0.0,0.4626329544376539,0.025667702488561716,0.0002963631542867693,0.28406968436666774,0.00857423537477325,1.7737728357315063,0.020883455872535706,0
mujoco,slope_forward,0,0,774,7.7400000000009195,1.0,0.0,0.46287969862625444,0.02584882934289817,-0.00011987744473807555,0.2829203429583519,0.007150055419577542,1.763811707496643,0.02605719305574894,0
mujoco,slope_forward,0,0,775,7.750000000000923,1.0,0.0,0.4631143582890729,0.025999817499974126,-0.000437691136929046,0.27992805068162413,-0.00122044948496573,1.7531002759933472,0.027331149205565453,0
mujoco,slope_forward,0,0,776,7.760000000000926,1.0,0.0,0.46334994668008755,0.026163101856349284,-0.0005840429903929662,0.2772987137190375,0.006191105583656933,1.7590177059173584,0.021844444796442986,0
mujoco,slope_forward,0,0,777,7.7700000000009295,1.0,0.0,0.46359462251239036,0.02640790034536306,-0.0008631880287843047,0.2761210285866325,0.013556442758378024,1.755672812461853,0.015847446396946907,0
mujoco,slope_forward,0,0,778,7.780000000000933,1.0,0.0,0.4638317415477184,0.026666931908140016,-0.001185386466205759,0.2738977595605994,-0.005280388637866526,1.741898536682129,0.03245023638010025,0
mujoco,slope_forward,0,0,779,7.790000000000936,1.0,0.0,0.4640578901836091,0.026856593157728044,-0.00134376139517086,0.27042518861196835,0.0007385207921589144,1.7416833639144897,0.023800387978553772,0
mujoco,slope_forward,0,0,780,7.8000000000009395,1.0,0.0,0.4642905623556423,0.02715926547585602,-0.001476607617026674,0.26829448365462766,0.010990197163162544,1.7460778951644897,0.020259570330381393,0
mujoco,slope_forward,0,0,781,7.810000000000943,1.0,0.0,0.4645267359997807,0.02753839610353719,-0.0017225709574752,0.26641753823676034,0.00841555018232526,1.7365880012512207,0.02501899003982544,0
mujoco,slope_forward,0,0,782,7.820000000000946,1.0,0.0,0.4647546190992833,0.027828968172966678,-0.0018851818514305833,0.2640958440595148,-0.01114647842231546,1.7315418720245361,0.021185722202062607,0
mujoco,slope_forward,0,0,783,7.8300000000009495,1.0,0.0,0.46497810248037663,0.028113258019646523,-0.001955729281041592,0.2607244746935579,0.0006261592723818875,1.7348970174789429,0.022825663909316063,0
mujoco,slope_forward,0,0,784,7.840000000000953,1.0,0.0,0.4652082086039453,0.028541015975670492,-0.0020170319570653565,0.2585556296239653,0.013369544529239852,1.7345904111862183,0.01600881852209568,0
mujoco,slope_forward,0,0,785,7.850000000000956,1.0,0.0,0.4654378720934107,0.029025402136056852,-0.0021373390782754424,0.25618259816451394,0.007041158908510893,1.7270803451538086,0.021940117701888084,0
mujoco,slope_forward,0,0,786,7.8600000000009596,1.0,0.0,0.4656618144821135,0.029408999717855558,-0.00218467928194124,0.2537869172327813,-0.010537794779943696,1.7277787923812866,0.01851760782301426,0
mujoco,slope_forward,0,0,787,7.870000000000963,1.0,0.0,0.46588498618283986,0.029790694303710324,-0.0021629402783069508,0.250384244360906,0.0017214829367636188,1.7311110496520996,0.021555393934249878,0
mujoco,slope_forward,0,0,788,7.880000000000966,1.0,0.0,0.46611565670974503,0.03031011274978391,-0.0021554774384997307,0.24805163150471346,0.015639753417725027,1.7290674448013306,0.016159119084477425,0
mujoco,slope_forward,0,0,789,7.89000000000097,1.0,0.0,0.46634644083462296,0.030877863173283414,-0.0021774873611514695,0.24548624971546917,0.009301397772215909,1.7234801054000854,0.018932191655039787,0
mujoco,slope_forward,0,0,790,7.900000000000973,1.0,0.0,0.4665747209432727,0.031355320279176896,-0.002130170163540965,0.24285589533537089,-0.008473615289428837,1.7264254093170166,0.018143214285373688,0
mujoco,slope_forward,0,0,791,7.910000000000976,1.0,0.0,0.4668017371936498,0.03178473670682709,-0.002082842508973773,0.23999427399108647,-0.00526221988666834,1.7274001836776733,0.019240180030465126,0
mujoco,slope_forward,0,0,792,7.92000000000098,1.0,0.0,0.4670331489833129,0.03233688089905931,-0.0020093016279838553,0.23722539973851048,0.009306726117698358,1.7239142656326294,0.014793076552450657,0
mujoco,slope_forward,0,0,793,7.930000000000983,1.0,0.0,0.4672668416654135,0.032971946083296046,-0.0019725014023925934,0.2349719762265272,0.012501686329987511,1.7211552858352661,0.014612320810556412,0
mujoco,slope_forward,0,0,794,7.940000000000986,1.0,0.0,0.46749828297694224,0.03356007494249074,-0.001822079847395862,0.23186950568928238,-0.00499934637030573,1.7222015857696533,0.014767936430871487,0
mujoco,slope_forward,0,0,795,7.95000000000099,1.0,0.0,0.46773037039065507,0.034076389189365335,-0.0016975660048762628,0.2300516306902154,-0.01693155404241274,1.727918028831482,0.018714899197220802,0
mujoco,slope_forward,0,0,796,7.960000000000993,1.0,0.0,0.46796045319910956,0.03459420627281031,-0.00156701343499485,0.22678489361509518,-0.0029377645903191597,1.7202006578445435,0.018494557589292526,0
mujoco,slope_forward,0,0,797,7.970000000000996,1.0,0.0,0.4681928827106743,0.035240718735740945,-0.0014189083465649237,0.22449078080504348,0.00987092507647806,1.7228854894638062,0.01700802519917488,0
mujoco,slope_forward,0,0,798,7.980000000001,1.0,0.0,0.4684259054033722,0.035939176591649385,-0.0012875489954616152,0.22185625001657225,0.004717486820872278,1.722408413887024,0.012457378208637238,0
mujoco,slope_forward,0,0,799,7.990000000001003,1.0,0.0,0.46866004828339464,0.036569385879646615,-0.0010747397823892006,0.21921407834412632,-0.009992604491836822,1.7263096570968628,0.01438221801072359,0
mujoco,slope_forward,0,0,800,8.000000000001005,1.0,0.0,0.4688979583718656,0.03714051453867127,-0.0009243103320584877,0.21755242798592672,-0.0188420443505712,1.7278565168380737,0.014743778854608536,0
mujoco,slope_forward,0,0,801,8.010000000001,1.0,0.0,0.46913446590478136,0.03772364056786832,-0.000731195171173701,0.21435278112648617,-0.004189080607072017,1.7213900089263916,0.015119824558496475,0
mujoco,slope_forward,0,0,802,8.020000000000994,1.0,0.0,0.46937253331512163,0.038413165785337315,-0.0005134982036312627,0.2122567475534207,0.007876669731396665,1.7282493114471436,0.018772928044199944,0
mujoco,slope_forward,0,0,803,8.030000000000989,1.0,0.0,0.46961255504909066,0.03914732129941,-0.000333213804664692,0.2100168270605055,0.0062479024608246385,1.7274585962295532,0.009211733937263489,0
mujoco,slope_forward,0,0,804,8.040000000000983,1.0,0.0,0.4698553469158849,0.03982176522813401,-3.9837632416170076e-05,0.20733231904988073,-0.008862086990143271,1.7303621768951416,0.010472911410033703,0
mujoco,slope_forward,0,0,805,8.050000000000978,1.0,0.0,0.47010385099869195,0.04043613584827373,0.000192040604673425,0.2057761278225547,-0.018189912504171943,1.73519766330719,0.016872169449925423,0
mujoco,slope_forward,0,0,806,8.060000000000972,1.0,0.0,0.4703538843435686,0.041046368985115995,0.00039041929441435675,0.20344257161700954,-0.012633891711849737,1.729948878288269,0.012761200778186321,0
mujoco,slope_forward,0,0,807,8.070000000000967,1.0,0.0,0.4706046560572739,0.04172092100052506,0.0006965553051420569,0.20105363908899407,0.0012188594814077026,1.7347809076309204,0.013107936829328537,0
mujoco,slope_forward,0,0,808,8.080000000000961,1.0,0.0,0.4708597084307578,0.04245381791432822,0.0009426462885814294,0.1996597143850153,0.011513740089070067,1.7374868392944336,0.010155288502573967,0
mujoco,slope_forward,0,0,809,8.090000000000956,1.0,0.0,0.4711178960661542,0.043190253318807,0.001212620841521329,0.1972195780739115,0.0018099369832504859,1.7370235919952393,0.007608599029481411,0
mujoco,slope_forward,0,0,810,8.10000000000095,1.0,0.0,0.47138097252646366,0.043847148682489484,0.0015160357598738182,0.1953594991891034,-0.011402065999692422,1.743590235710144,0.01738215982913971,0
mujoco,slope_forward,0,0,811,8.110000000000944,1.0,0.0,0.4716511585722382,0.044477239978363226,0.0017639690839659921,0.1941324288818017,-0.020117454864999232,1.743989109992981,0.013871008530259132,0
mujoco,slope_forward,0,0,812,8.120000000000939,1.0,0.0,0.4719219186727521,0.0450852640896379,0.0020131403684229207,0.19203974180988953,-0.012163134094975747,1.7415165901184082,0.007824763655662537,0
mujoco,slope_forward,0,0,813,8.130000000000933,1.0,0.0,0.4721938421124158,0.045751122646011784,0.0023251290980068518,0.19021126829374574,0.0031183850443891473,1.7469252347946167,0.01720251515507698,0
mujoco,slope_forward,0,0,814,8.140000000000928,1.0,0.0,0.4724730657845054,0.046462310524134055,0.0026167365827562466,0.18902263037464634,0.012290350677240325,1.7486207485198975,0.011244785971939564,0
mujoco,slope_forward,0,0,815,8.150000000000922,1.0,0.0,0.4727572945158625,0.04717229362811793,0.0028691215505788677,0.18751632561786244,0.0072882992180444625,1.7507256269454956,0.008622023276984692,0
mujoco,slope_forward,0,0,816,8.160000000000917,1.0,0.0,0.473045621720355,0.04782258397127445,0.003204733520080483,0.18576606240261073,-0.008179153523477405,1.7539341449737549,0.01154184341430664,0
mujoco,slope_forward,0,0,817,8.170000000000911,1.0,0.0,0.473340991200678,0.04843400995842904,0.0034983015858044983,0.18489781532009758,-0.018245280392636037,1.7593042850494385,0.017494594678282738,0
mujoco,slope_forward,0,0,818,8.180000000000906,1.0,0.0,0.47364127596039163,0.04901798596456173,0.0037439706958188965,0.18396013729812488,-0.020118662578003908,1.7576266527175903,0.008782507851719856,0
mujoco,slope_forward,0,0,819,8.1900000000009,1.0,0.0,0.47394217616728823,0.04961587081046789,0.0040957782501399535,0.18209630014597838,-0.002469255093812801,1.7600644826889038,0.013244113884866238,0
mujoco,slope_forward,0,0,820,8.200000000000895,1.0,0.0,0.47424906786546644,0.05026617872897184,0.00443619533777906,0.18119676513691524,0.010270607052754809,1.7676122188568115,0.021120648831129074,0
mujoco,slope_forward,0,0,821,8.210000000000889,1.0,0.0,0.47456513328162636,0.05092583113797239,0.004719470465613181,0.18080685651887568,0.018292516534222,1.770216941833496,0.012238457798957825,0
mujoco,slope_forward,0,0,822,8.220000000000883,1.0,0.0,0.47488378164978395,0.05157691543042513,0.004991797871239042,0.17949520479522146,0.005083090520367474,1.7711220979690552,0.007974064908921719,0
mujoco,slope_forward,0,0,823,8.230000000000878,1.0,0.0,0.4752069111077673,0.05215731576035899,0.005331483581744744,0.17853126616682086,-0.009186687031409582,1.778833031654358,0.01756187528371811,0
mujoco,slope_forward,0,0,824,8.240000000000872,1.0,0.0,0.47553853835646065,0.05270121202623376,0.0056145573441071595,0.17835647807583416,-0.016839993855120874,1.7834949493408203,0.0159717109054327,0
mujoco,slope_forward,0,0,825,8.250000000000867,1.0,0.0,0.4758743438601624,0.053218116254234206,0.005835407741836678,0.17812742166570192,-0.017048988969193605,1.7816275358200073,0.008133203722536564,0
mujoco,slope_forward,0,0,826,8.260000000000861,1.0,0.0,0.4762097756855449,0.05374316169960372,0.006187757217813181,0.1768526742723483,0.0015227308209899313,1.7851017713546753,0.014682837761938572,0
mujoco,slope_forward,0,0,827,8.270000000000856,1.0,0.0,0.47654974426326796,0.05431213982572232,0.006514437929427079,0.1766660471260968,0.014831881128813423,1.7954928874969482,0.026290331035852432,0
mujoco,slope_forward,0,0,828,8.28000000000085,1.0,0.0,0.4768979221354776,0.0548885433351176,0.006781029712038538,0.17687895138857068,0.023281113997028403,1.7979824542999268,0.01426856592297554,0
mujoco,slope_forward,0,0,829,8.290000000000845,1.0,0.0,0.4772484572808251,0.05545573010398314,0.0070721234728636844,0.17598452096679246,0.006872566734119046,1.8009541034698486,0.011205420829355717,0
mujoco,slope_forward,0,0,830,8.30000000000084,1.0,0.0,0.4776044167748444,0.05595403798108857,0.007404438538132126,0.1756931273023363,-0.005731371047855339,1.8108116388320923,0.02086458168923855,0
mujoco,slope_forward,0,0,831,8.310000000000834,1.0,0.0,0.47796964417743026,0.0564185599196773,0.00767559231864992,0.176098869497228,-0.01208980931645717,1.8156483173370361,0.015856483951210976,0
mujoco,slope_forward,0,0,832,8.320000000000828,1.0,0.0,0.47833910191838974,0.05685494188033892,0.007862919762858075,0.1770104567801728,-0.016575378798026497,1.8141260147094727,0.009069486521184444,0
mujoco,slope_forward,0,0,833,8.330000000000823,1.0,0.0,0.47870386889018657,0.057259325049596986,0.008107455913912261,0.17651434605163496,-0.001093467616521552,1.812745213508606,0.011682022362947464,0
mujoco,slope_forward,0,0,834,8.340000000000817,1.0,0.0,0.4790668369898383,0.057723131833954944,0.008404040216551202,0.17678536393783237,0.015164272052165527,1.8256139755249023,0.027836106717586517,0
mujoco,slope_forward,0,0,835,8.350000000000811,1.0,0.0,0.4794344709999411,0.05821506209447367,0.00864350575894452,0.17761540536769665,0.02492098238907428,1.8303018808364868,0.019496478140354156,0
mujoco,slope_forward,0,0,836,8.360000000000806,1.0,0.0,0.47980514378428346,0.058684469100433886,0.008962330662536037,0.17720009060897957,0.007040337213287704,1.8351759910583496,0.015178386121988297,0
mujoco,slope_forward,0,0,837,8.3700000000008,1.0,0.0,0.4801831013615727,0.05909109787032021,0.009297674217795827,0.17759600479198115,-0.0052147636597810396,1.8494861125946045,0.026415174826979637,0
mujoco,slope_forward,0,0,838,8.380000000000795,1.0,0.0,0.4805716571299043,0.05946891872483492,0.009537333553804485,0.1786793968759572,-0.01220959571095386,1.854270577430725,0.0168710108846426,0
mujoco,slope_forward,0,0,839,8.39000000000079,1.0,0.0,0.48096522904373296,0.05981770784432507,0.009682102755489305,0.18022037747589356,-0.01712403888226053,1.85276198387146,0.011492553167045116,0
mujoco,slope_forward,0,0,840,8.400000000000784,1.0,0.0,0.48135475377783427,0.06014434443374299,0.009850099720936685,0.18072343059464793,-0.004689384528237205,1.8514716625213623,0.011713040992617607,0
mujoco,slope_forward,0,0,841,8.410000000000778,1.0,0.0,0.4817405037479623,0.06052358040542522,0.010115489019576917,0.1815320521586094,0.013038453225250619,1.864426612854004,0.025440633296966553,0
mujoco,slope_forward,0,0,842,8.420000000000773,1.0,0.0,0.4821284990012699,0.06093794358718151,0.01032947876695041,0.18270692488606563,0.019416805926133724,1.8730030059814453,0.022366436198353767,0
mujoco,slope_forward,0,0,843,8.430000000000767,1.0,0.0,0.4825194090674255,0.06131213336594333,0.010605204009838717,0.18303101769783783,0.0031644136810610986,1.8802649974822998,0.01786532811820507,0
mujoco,slope_forward,0,0,844,8.440000000000762,1.0,0.0,0.4829194741642115,0.061625709057273693,0.010860932678447425,0.1842018464038592,-0.007950755511937704,1.8951324224472046,0.025934793055057526,0
mujoco,slope_forward,0,0,845,8.450000000000756,1.0,0.0,0.48332978319920744,0.061913132975408486,0.011017991413256071,0.18599396058784837,-0.014506300938555873,1.8977609872817993,0.015136624686419964,0
mujoco,slope_forward,0,0,846,8.46000000000075,1.0,0.0,0.48374314920812916,0.06217484854679884,0.011100114617806744,0.1881933967964025,-0.017959342414999795,1.8953906297683716,0.012390338815748692,0
mujoco,slope_forward,0,0,847,8.470000000000745,1.0,0.0,0.48414889978206394,0.06242028481049654,0.011247150038069555,0.1890421556758881,-0.0008435069961140202,1.8945348262786865,0.010484007187187672,0
mujoco,slope_forward,0,0,848,8.48000000000074,1.0,0.0,0.4845494464641215,0.0627280752536556,0.01143172429676498,0.19079130767879082,0.01562976679406334,1.9101966619491577,0.027297809720039368,0
mujoco,slope_forward,0,0,849,8.490000000000734,1.0,0.0,0.48494904568544905,0.06306810963226361,0.01159448821716471,0.19181240878370348,0.008114927556306615,1.9175224304199219,0.019843459129333496,0
mujoco,slope_forward,0,0,850,8.500000000000728,1.0,0.0,0.48535350188267434,0.06337359788797146,0.011828564651100142,0.1930671503711558,-0.004489829715569229,1.9294835329055786,0.022288652136921883,0
mujoco,slope_forward,0,0,851,8.510000000000723,1.0,0.0,0.485768185163717,0.06363262525098316,0.011994699370094114,0.1951841579129361,-0.012645660545016526,1.9390515089035034,0.019269419834017754,0
mujoco,slope_forward,0,0,852,8.520000000000717,1.0,0.0,0.48618858493736516,0.06385734410859209,0.012072259550519814,0.19775921946100078,-0.016946212085569918,1.9381012916564941,0.013180400244891644,0
mujoco,slope_forward,0,0,853,8.530000000000712,1.0,0.0,0.48660334157938767,0.06404141149628044,0.012158540734183251,0.19948840151770814,-0.004603200548965729,1.9352307319641113,0.011422626674175262,0
mujoco,slope_forward,0,0,854,8.540000000000706,1.0,0.0,0.48701127821565876,0.06427227875227713,0.012291031254095109,0.2015817755399152,0.01263596184317404,1.9466127157211304,0.020559387281537056,0
mujoco,slope_forward,0,0,855,8.5500000000007,1.0,0.0,0.48741619818935955,0.06455341049329162,0.01245432682787865,0.20273884959732721,0.004217134402003503,1.9555583000183105,0.021241210401058197,0
mujoco,slope_forward,0,0,856,8.560000000000695,1.0,0.0,0.48782587044091663,0.0647440542586776,0.012674454723124973,0.2045363222658572,-0.00615537969715494,1.969860315322876,0.025730116292834282,0
mujoco,slope_forward,0,0,857,8.57000000000069,1.0,0.0,0.48824544078515686,0.06486899284630991,0.012805272541880979,0.20716469601331985,-0.012113552289248137,1.9790003299713135,0.018553411588072777,0
mujoco,slope_forward,0,0,858,8.580000000000684,1.0,0.0,0.4886688911917554,0.06495513621648469,0.012849878180166205,0.21022022322862796,-0.015941589725592314,1.9776712656021118,0.012733740732073784,0
mujoco,slope_forward,0,0,859,8.590000000000678,1.0,0.0,0.4890860308616261,0.06503136653873069,0.01295335102633605,0.21197307296259812,0.004150616713509624,1.9779691696166992,0.01122192107141018,0
mujoco,slope_forward,0,0,860,8.600000000000673,1.0,0.0,0.4894986780321813,0.06518102546470142,0.013042259861227822,0.21442573525495098,0.01334013155601978,1.9908246994018555,0.024515260010957718,0
mujoco,slope_forward,0,0,861,8.610000000000667,1.0,0.0,0.4899137538848788,0.06532174380968844,0.013281478237998641,0.21582239979344334,-0.0002347856602355372,2.0002150535583496,0.020329907536506653,0
mujoco,slope_forward,0,0,862,8.620000000000662,1.0,0.0,0.49033690019586496,0.0653913571710523,0.013467210036091044,0.21868728868114937,-0.009134434998632753,2.017807722091675,0.028798462823033333,0
mujoco,slope_forward,0,0,863,8.630000000000656,1.0,0.0,0.49076756495513424,0.06542009819068341,0.013534106849250906,0.22194811602155987,-0.01523435722397736,2.019024133682251,0.01591280661523342,0
mujoco,slope_forward,0,0,864,8.64000000000065,1.0,0.0,0.49119417308207913,0.06543641770006044,0.013600316963531645,0.22412146015531823,-0.0013288175722128393,2.015186309814453,0.014253640547394753,0
mujoco,slope_forward,0,0,865,8.650000000000645,1.0,0.0,0.491616128687473,0.06547564648604583,0.013656905416472465,0.22702399442967097,0.011458823226154288,2.025282382965088,0.01995675265789032,0
mujoco,slope_forward,0,0,866,8.66000000000064,1.0,0.0,0.49203980541956827,0.06553500116215012,0.013844063348571587,0.2286654366751311,-0.0015268913723681915,2.033343553543091,0.018055902794003487,0
mujoco,slope_forward,0,0,867,8.670000000000634,1.0,0.0,0.49247065185215294,0.06555564919303591,0.01400013794071335,0.23169312789781835,-0.012612255718886137,2.049868583679199,0.02876013144850731,0
mujoco,slope_forward,0,0,868,8.680000000000629,1.0,0.0,0.49290749524690375,0.06550562035560416,0.014052261221565172,0.2351754874791227,-0.01832190117709568,2.0512030124664307,0.0179855078458786,0
mujoco,slope_forward,0,0,869,8.690000000000623,1.0,0.0,0.49334090842150297,0.06542452098547805,0.014122494308508267,0.23752893334425942,-0.001315678821203881,2.0518369674682617,0.013667132705450058,0
mujoco,slope_forward,0,0,870,8.700000000000617,1.0,0.0,0.4937726790272854,0.06539026191119429,0.014168454402557202,0.2405597900929126,0.008100005933705315,2.063464641571045,0.02232986129820347,0
mujoco,slope_forward,0,0,871,8.710000000000612,1.0,0.0,0.49420873755176475,0.06536070601739889,0.014322873776721397,0.24272932386727808,-0.00578609213000345,2.0712995529174805,0.018332092091441154,0
mujoco,slope_forward,0,0,872,8.720000000000606,1.0,0.0,0.4946518472221927,0.06521387260289842,0.014434808289690293,0.2461606716891582,-0.016782526522435545,2.0842838287353516,0.024637702852487564,0
mujoco,slope_forward,0,0,873,8.7300000000006,1.0,0.0,0.49509619261471066,0.06498702595851849,0.014485743838957586,0.2489732859839463,-0.008305193007844335,2.0852773189544678,0.015919897705316544,0
mujoco,slope_forward,0,0,874,8.740000000000595,1.0,0.0,0.495541450146509,0.06483580695755699,0.014520394507800433,0.25223561001246303,0.0060724824359404935,2.0938217639923096,0.01984815113246441,0
mujoco,slope_forward,0,0,875,8.75000000000059,1.0,0.0,0.4959883532077292,0.06473125487200093,0.014534693729127109,0.25488521773583767,-0.001049210411126173,2.097452163696289,0.01899285987019539,0
mujoco,slope_forward,0,0,876,8.760000000000584,1.0,0.0,0.49643964852234096,0.06449803399592294,0.01458376314787157,0.25795000658202527,-0.015210194245965817,2.1066551208496094,0.019346417859196663,0
mujoco,slope_forward,0,0,877,8.770000000000579,1.0,0.0,0.49689247557605404,0.06415404160342755,0.014615641927958929,0.2606913197285707,-0.008697622117240806,2.1114614009857178,0.016881730407476425,0
mujoco,slope_forward,0,0,878,8.780000000000573,1.0,0.0,0.49734792607736616,0.06388801763596004,0.01463554630553669,0.26399189063337225,0.005543147621568036,2.1202664375305176,0.01854003593325615,0
mujoco,slope_forward,0,0,879,8.790000000000568,1.0,0.0,0.49780539471394236,0.06367194241880629,0.014574003753875818,0.2673995682184474,0.004365909352279511,2.1249358654022217,0.02203543484210968,0
mujoco,slope_forward,0,0,880,8.800000000000562,1.0,0.0,0.49826418974641623,0.063331189154947,0.014563015916650553,0.27044000976215893,-0.013786201505626428,2.131101369857788,0.014150412753224373,0
mujoco,slope_forward,0,0,881,8.810000000000556,1.0,0.0,0.49872195538990954,0.06286945479477894,0.014561975198764938,0.2731318012586307,-0.008255492013988638,2.137875556945801,0.018018415197730064,0
mujoco,slope_forward,0,0,882,8.820000000000551,1.0,0.0,0.49918366835936007,0.06250142760499448,0.01454924987004096,0.2766422404276029,0.004506012178836381,2.1472668647766113,0.01827860064804554,0
mujoco,slope_forward,0,0,883,8.830000000000545,1.0,0.0,0.4996472658941666,0.06216838583498625,0.014456873184843549,0.28000699682934016,-0.0011812997727631985,2.149503707885742,0.022873645648360252,0
mujoco,slope_forward,0,0,884,8.84000000000054,1.0,0.0,0.5001114985425067,0.06168590153043742,0.014422511652507177,0.28306672488517687,-0.017100752831871888,2.1564693450927734,0.014592242427170277,0
mujoco,slope_forward,0,0,885,8.850000000000534,1.0,0.0,0.5005784091791137,0.061165130184966145,0.014427891420911325,0.2858088190482396,-0.005721105542077041,2.1673803329467773,0.018484100699424744,0
mujoco,slope_forward,0,0,886,8.860000000000529,1.0,0.0,0.5010518169597997,0.06073595661237229,0.014336579285147942,0.28984115835957464,0.00574217798769725,2.175116539001465,0.02172490581870079,0
mujoco,slope_forward,0,0,887,8.870000000000523,1.0,0.0,0.5015246740311294,0.06028420922836135,0.014200084298729989,0.2929575189319561,-0.007507301358440716,2.17242169380188,0.021185684949159622,0
mujoco,slope_forward,0,0,888,8.880000000000518,1.0,0.0,0.5019951043643465,0.059670244799226564,0.014157380946354839,0.2953797557561891,-0.008834084145938833,2.1810238361358643,0.01639183610677719,0
mujoco,slope_forward,0,0,889,8.890000000000512,1.0,0.0,0.50247423435042,0.059127786228141146,0.014087594855509611,0.2989135937768865,-0.0007411358143095532,2.197232246398926,0.019680503755807877,0
mujoco,slope_forward,0,0,890,8.900000000000507,1.0,0.0,0.50295875550519,0.05861979277602833,0.013853111138805076,0.3028980096970942,-0.0007229341405891794,2.1956098079681396,0.023719554767012596,0
mujoco,slope_forward,0,0,891,8.910000000000501,1.0,0.0,0.5034405446519502,0.05796675696771383,0.01372157148431833,0.30516231000630606,-0.012735108237557507,2.194213390350342,0.013760874047875404,0
mujoco,slope_forward,0,0,892,8.920000000000496,1.0,0.0,0.5039286554528907,0.05732341694190161,0.01366059230420581,0.30818052449412614,-0.005247730053873168,2.2144412994384766,0.025011951103806496,0
mujoco,slope_forward,0,0,893,8.93000000000049,1.0,0.0,0.5044257537422544,0.05673522754484881,0.013409379647898113,0.3125605357887167,-0.0003627671213921019,2.2203831672668457,0.01974835805594921,0
mujoco,slope_forward,0,0,894,8.940000000000484,1.0,0.0,0.504918560313912,0.05608255526431767,0.01316550049962517,0.3148095004443598,-0.011093901508071631,2.209313154220581,0.023689843714237213,0
mujoco,slope_forward,0,0,895,8.950000000000479,1.0,0.0,0.505414470194445,0.05537340148652713,0.013064131238400648,0.3174394729476925,-0.006042909302418292,2.2274155616760254,0.02456486225128174,0
mujoco,slope_forward,0,0,896,8.960000000000473,1.0,0.0,0.5059208913981844,0.054710953841787,0.012795321868211413,0.3215988185352524,-0.0017812400399302797,2.2397608757019043,0.0166466161608696,0
mujoco,slope_forward,0,0,897,8.970000000000468,1.0,0.0,0.506424509941584,0.05401132562362469,0.012402484524051332,0.3246073255857628,-0.008693694467584622,2.228631019592285,0.024416862055659294,0
mujoco,slope_forward,0,0,898,8.980000000000462,1.0,0.0,0.506927232340148,0.053241403172786396,0.012233252336410472,0.3268013726085772,-0.005992797123582219,2.2355711460113525,0.014199125580489635,0
mujoco,slope_forward,0,0,899,8.990000000000457,1.0,0.0,0.5074385054805752,0.05250975479543445,0.011942253518979032,0.3308011428304415,-0.002420262503049,2.2533979415893555,0.021859856322407722,0
mujoco,slope_forward,0,0,900,9.000000000000451,1.0,0.0,0.5079481369467285,0.051755026134381585,0.011517094858625463,0.33369061928162896,-0.005643852705155331,2.244551658630371,0.02262437343597412,0
mujoco,slope_forward,0,0,901,9.010000000000446,1.0,0.0,0.5084595282678811,0.05095939786542535,0.011320364457690565,0.3358184127153812,-0.005422712033845822,2.250002384185791,0.014245464466512203,0
mujoco,slope_forward,0,0,902,9.02000000000044,1.0,0.0,0.5089803506492662,0.050177589075925504,0.010988226449711938,0.3397553139428537,-0.003985408356693339,2.2670373916625977,0.020902343094348907,0
mujoco,slope_forward,0,0,903,9.030000000000435,1.0,0.0,0.5094981764499124,0.04936795271191976,0.010528401633581326,0.34238591610910685,-0.00647683015078693,2.257218360900879,0.022060995921492577,0
mujoco,slope_forward,0,0,904,9.040000000000429,1.0,0.0,0.5100177257767303,0.048535319908272916,0.010277790745394077,0.34462470953799273,-0.007904542495586756,2.2636020183563232,0.01534494012594223,0
mujoco,slope_forward,0,0,905,9.050000000000423,1.0,0.0,0.5105445506725287,0.04771064160333636,0.009878960091553566,0.3485309132603506,-0.007683739960698062,2.275031089782715,0.015491166152060032,0
mujoco,slope_forward,0,0,906,9.060000000000418,1.0,0.0,0.5110641396251762,0.046859101894175886,0.009426581925884442,0.3505026973453527,-0.00923430275449754,2.2628722190856934,0.024083608761429787,0
mujoco,slope_forward,0,0,907,9.070000000000412,1.0,0.0,0.5115859896951694,0.046005640832073924,0.009131902405955872,0.3530410923610879,-0.010678507531307032,2.274440050125122,0.020292948931455612,0
mujoco,slope_forward,0,0,908,9.080000000000407,1.0,0.0,0.5121122008758003,0.045148750724648586,0.008653329738439665,0.3569822118990885,-0.011247080593323975,2.278953790664673,0.012495593167841434,0
mujoco,slope_forward,0,0,909,9.090000000000401,1.0,0.0,0.5126269775269916,0.044275131427367866,0.008269140364717105,0.35798364957038714,-0.011032371971398228,2.2624013423919678,0.02796151489019394,0
mujoco,slope_forward,0,0,910,9.100000000000396,1.0,0.0,0.5131439791755971,0.043405264378285714,0.007913750129041212,0.3609709392057826,-0.013009137846563403,2.2804863452911377,0.028261523693799973,0
mujoco,slope_forward,0,0,911,9.11000000000039,1.0,0.0,0.5136611812951227,0.04252950372766487,0.0073960161434763584,0.36395706828965335,-0.00847426170605664,2.2755205631256104,0.01778780296444893,0
mujoco,slope_forward,0,0,912,9.120000000000385,1.0,0.0,0.5141750340284417,0.041692320040364224,0.00710635109622572,0.36507659832088823,-0.013102159126446621,2.271688938140869,0.013792803511023521,0
mujoco,slope_forward,0,0,913,9.13000000000038,1.0,0.0,0.5146938089027298,0.04080557990919847,0.006676868339685905,0.3685050396395741,-0.017078445543961266,2.287816047668457,0.023653043434023857,0
mujoco,slope_forward,0,0,914,9.140000000000374,1.0,0.0,0.5152061320817543,0.03992157781361,0.006204591546933197,0.369983179829,-0.011547334685328443,2.272618532180786,0.026372095569968224,0
mujoco,slope_forward,0,0,915,9.150000000000368,1.0,0.0,0.5157193066777507,0.039071592869424826,0.0058794150631667425,0.37197102064897636,-0.017629685069378207,2.2830820083618164,0.022364119067788124,0
mujoco,slope_forward,0,0,916,9.160000000000363,1.0,0.0,0.5162342293126441,0.03818605190001017,0.005346321582528938,0.3749868622361544,-0.01597054583224502,2.282536506652832,0.011737558990716934,0
mujoco,slope_forward,0,0,917,9.170000000000357,1.0,0.0,0.5167411172528664,0.037381900724274726,0.004946679410294699,0.37586194591034083,-0.012821366197183607,2.2705767154693604,0.02026776224374771,0
mujoco,slope_forward,0,0,918,9.180000000000351,1.0,0.0,0.5172490430247223,0.036535263369211514,0.004520740153885358,0.3785346558179775,-0.019654585298984593,2.2844064235687256,0.024767113849520683,0
mujoco,slope_forward,0,0,919,9.190000000000346,1.0,0.0,0.5177504594382977,0.0356620748287603,0.003970322371085096,0.3805022040510136,-0.00897768531680658,2.271258592605591,0.022926179692149162,0
mujoco,slope_forward,0,0,920,9.20000000000034,1.0,0.0,0.5182466548399888,0.03488639546576452,0.003625276133425772,0.38154143583903355,-0.01744709994423918,2.271336555480957,0.017214007675647736,0
mujoco,slope_forward,0,0,921,9.210000000000335,1.0,0.0,0.5187422888425359,0.03403058186530599,0.003109437322453583,0.38411907062061795,-0.018530466252192252,2.2766730785369873,0.015949899330735207,0
mujoco,slope_forward,0,0,922,9.22000000000033,1.0,0.0,0.5192338064475615,0.03326924272240273,0.002710913326996085,0.38472653647876964,-0.013671092727275269,2.2643356323242188,0.019920462742447853,0
mujoco,slope_forward,0,0,923,9.230000000000324,1.0,0.0,0.5197287349125669,0.032478067969141766,0.002297815669111287,0.38693357859309874,-0.023658137777412762,2.275606155395508,0.024106856435537338,0
mujoco,slope_forward,0,0,924,9.240000000000318,1.0,0.0,0.5202190662109144,0.0316607546541857,0.0017750788938039426,0.38832405519350116,-0.010311409443459882,2.2595725059509277,0.026011047884821892,0
mujoco,slope_forward,0,0,925,9.250000000000313,1.0,0.0,0.5207055707582052,0.030953125965336663,0.0014241749268872838,0.38906737215554027,-0.02096034499106986,2.2587952613830566,0.01955079659819603,0
mujoco,slope_forward,0,0,926,9.260000000000307,1.0,0.0,0.5211907635977294,0.03016542114327828,0.0009090720375600456,0.3909864152554327,-0.020468824142847748,2.260000705718994,0.014701176434755325,0
mujoco,slope_forward,0,0,927,9.270000000000302,1.0,0.0,0.5216710450651475,0.029498914097808946,0.0004917054659600224,0.3914262994379604,-0.016209460704966334,2.2471911907196045,0.01958811655640602,0
mujoco,slope_forward,0,0,928,9.280000000000296,1.0,0.0,0.5221514407592182,0.028792602910165176,4.3902482813855215e-05,0.39325768562777325,-0.028077472980739888,2.2542052268981934,0.02006569691002369,0
mujoco,slope_forward,0,0,929,9.29000000000029,1.0,0.0,0.5226241684961684,0.02808284402763932,-0.00042541360202331426,0.39390290716851933,-0.009450524711996087,2.2345077991485596,0.0302274189889431,0
mujoco,slope_forward,0,0,930,9.300000000000285,1.0,0.0,0.5230904649790982,0.027486074942352123,-0.0007963831050817311,0.39450273997448915,-0.022913347345172034,2.2360284328460693,0.023987052962183952,0
mujoco,slope_forward,0,0,931,9.31000000000028,1.0,0.0,0.5235522031394959,0.026803244450937715,-0.001286662702587994,0.3955490874984955,-0.018033614720027128,2.231858491897583,0.01799353025853634,0
mujoco,slope_forward,0,0,932,9.320000000000274,1.0,0.0,0.524009535842561,0.026257656611458464,-0.0016889400424665336,0.3957961485138543,-0.019327901663422426,2.223938465118408,0.01600199192762375,0
mujoco,slope_forward,0,0,933,9.330000000000268,1.0,0.0,0.5244662545122746,0.025643271839032093,-0.002157777921373922,0.3970151189388709,-0.0291101815290334,2.2256505489349365,0.016432713717222214,0
mujoco,slope_forward,0,0,934,9.340000000000263,1.0,0.0,0.5249183764646945,0.025092517968719794,-0.0025853406569950063,0.3973071773378232,-0.011543456712159226,2.207549571990967,0.026973042637109756,0
mujoco,slope_forward,0,0,935,9.350000000000257,1.0,0.0,0.5253645217052383,0.024596753587685205,-0.0029719725002624016,0.3978022300278298,-0.026786221522114687,2.2077221870422363,0.025497203692793846,0
mujoco,slope_forward,0,0,936,9.360000000000252,1.0,0.0,0.5258030868538337,0.02403262382350597,-0.0034275009041534314,0.398115241296636,-0.014765818798178499,2.196484327316284,0.02459022030234337,0
mujoco,slope_forward,0,0,937,9.370000000000246,1.0,0.0,0.5262355229966226,0.023622660186375672,-0.0038126488889017977,0.39813615602691915,-0.021250652851234307,2.1914172172546387,0.01996181532740593,0
mujoco,slope_forward,0,0,938,9.38000000000024,1.0,0.0,0.526664602191404,0.02312848571640893,-0.004277181030965183,0.39862755673380634,-0.025135402339529378,2.187748670578003,0.01563267596065998,0
mujoco,slope_forward,0,0,939,9.390000000000235,1.0,0.0,0.5270903560252215,0.022734074452305554,-0.004671887089301158,0.39846122922217647,-0.015226445896208054,2.1739702224731445,0.020902084186673164,0
mujoco,slope_forward,0,0,940,9.40000000000023,1.0,0.0,0.5275131538494852,0.0223361785500688,-0.00506985017487405,0.3988272588740163,-0.030044436360921595,2.172517776489258,0.019945869222283363,0
mujoco,slope_forward,0,0,941,9.410000000000224,1.0,0.0,0.5279326233197283,0.021947376420753572,-0.005407926759276833,0.3983856804630448,-0.009476145445054231,2.1558151245117188,0.028625626116991043,0
mujoco,slope_forward,0,0,942,9.420000000000218,1.0,0.0,0.528346393016598,0.02167698866474307,-0.00575228689406475,0.39813832933668947,-0.02367409732312857,2.1548352241516113,0.025975072756409645,0
mujoco,slope_forward,0,0,943,9.430000000000213,1.0,0.0,0.5287561208740595,0.021309898494624294,-0.006161258423933948,0.3976071711642618,-0.016599440755005718,2.1451144218444824,0.02282727137207985,0
mujoco,slope_forward,0,0,944,9.440000000000207,1.0,0.0,0.5291648285161961,0.02106940829589536,-0.006538568579485814,0.3972075123549133,-0.015830026901230913,2.1386029720306396,0.018089985474944115,0
mujoco,slope_forward,0,0,945,9.450000000000202,1.0,0.0,0.5295722280928991,0.020780190684727348,-0.006966959480904332,0.3969409170175699,-0.02478753934947638,2.1320102214813232,0.01786673814058304,0
mujoco,slope_forward,0,0,946,9.460000000000196,1.0,0.0,0.5299775452821072,0.020536607931627357,-0.007330152276319767,0.39621909850334375,-0.009220470749772825,2.117213487625122,0.024736270308494568,0
mujoco,slope_forward,0,0,947,9.47000000000019,1.0,0.0,0.5303794835184422,0.020347503639224548,-0.007684111419749131,0.39573462635649337,-0.02617523224512737,2.1142358779907227,0.02252410352230072,0
mujoco,slope_forward,0,0,948,9.480000000000185,1.0,0.0,0.5307743226608048,0.020094880691726835,-0.00810521370633254,0.39487286676356637,-0.015177835760935158,2.099606990814209,0.02809581160545349,0
mujoco,slope_forward,0,0,949,9.49000000000018,1.0,0.0,0.5311624053478083,0.019944420629552987,-0.008464666518311553,0.3939748809375109,-0.01873083212577299,2.093116283416748,0.021575873717665672,0
mujoco,slope_forward,0,0,950,9.500000000000174,1.0,0.0,0.5315461084917446,0.01977430844260219,-0.008882669405356,0.3933120146065918,-0.023211847218305073,2.0864622592926025,0.016243569552898407,0
mujoco,slope_forward,0,0,951,9.510000000000169,1.0,0.0,0.5319274187375571,0.01963872952529933,-0.009196238292349636,0.39204546222106745,-0.011943288229889576,2.0736756324768066,0.021308470517396927,0
mujoco,slope_forward,0,0,952,9.520000000000163,1.0,0.0,0.5323070574768005,0.019531545765015337,-0.009516980169757754,0.39145862440646617,-0.02811165535244991,2.072587728500366,0.017148714512586594,0
mujoco,slope_forward,0,0,953,9.530000000000157,1.0,0.0,0.5326820811493753,0.019401802694250417,-0.009822125312621192,0.38969496645209356,-0.011352769996881801,2.054558753967285,0.03153889253735542,0
mujoco,slope_forward,0,0,954,9.540000000000152,1.0,0.0,0.5330529556361933,0.019347950016785326,-0.010128413219126485,0.3885308175854999,-0.019267236279666082,2.0530550479888916,0.02279595471918583,0
mujoco,slope_forward,0,0,955,9.550000000000146,1.0,0.0,0.5334225951874021,0.019260994040737497,-0.010501540203559496,0.387281375523349,-0.021231363807478747,2.044257164001465,0.021126586943864822,0
mujoco,slope_forward,0,0,956,9.56000000000014,1.0,0.0,0.533791966593004,0.019220291837031916,-0.010805716768258422,0.3858526917660583,-0.010855663107428344,2.0332889556884766,0.021841228008270264,0
mujoco,slope_forward,0,0,957,9.570000000000135,1.0,0.0,0.5341596583972252,0.019212774429884494,-0.011108358697929218,0.3848286302576107,-0.027929198913701637,2.029179573059082,0.018348734825849533,0
mujoco,slope_forward,0,0,958,9.58000000000013,1.0,0.0,0.5345211343294276,0.01917089509900046,-0.01139825963490824,0.38274329263915585,-0.01182448435390942,2.0132243633270264,0.030866499990224838,0
mujoco,slope_forward,0,0,959,9.590000000000124,1.0,0.0,0.5348780144775627,0.01918833389971916,-0.011659618745816914,0.38107469238360464,-0.019817931712793266,2.0118050575256348,0.02249903604388237,0
mujoco,slope_forward,0,0,960,9.600000000000119,1.0,0.0,0.535234144028639,0.019196195890424775,-0.01201088187190356,0.3797491431699419,-0.024989172245119696,2.0050387382507324,0.020252307876944542,0
mujoco,slope_forward,0,0,961,9.610000000000113,1.0,0.0,0.5355890620983158,0.019229213463558145,-0.012263099389091685,0.3778097216983131,-0.010487704237586963,1.9920803308486938,0.02424738183617592,0
mujoco,slope_forward,0,0,962,9.620000000000108,1.0,0.0,0.5359412000539246,0.019280541610130635,-0.012466515776826398,0.3762335664032206,-0.026974194934816703,1.9901447296142578,0.01759449392557144,0
mujoco,slope_forward,0,0,963,9.630000000000102,1.0,0.0,0.5362894254894106,0.019302877374395812,-0.012707838081346495,0.37395544339682957,-0.014290832110338724,1.9798002243041992,0.02549660950899124,0
mujoco,slope_forward,0,0,964,9.640000000000096,1.0,0.0,0.5366379862179491,0.01945326774192628,-0.012927657421854175,0.3720081884264291,-0.015651251626818755,1.9773814678192139,0.020026687532663345,0
mujoco,slope_forward,0,0,965,9.650000000000091,1.0,0.0,0.5369881277488101,0.01956844174297364,-0.013180434934433934,0.37050065831668993,-0.02925794091761078,1.9710919857025146,0.019215499982237816,0
mujoco,slope_forward,0,0,966,9.660000000000085,1.0,0.0,0.5373371508497788,0.01967905759457827,-0.013376912097545279,0.36811175179453787,-0.010219732198956196,1.9598817825317383,0.026594001799821854,0
mujoco,slope_forward,0,0,967,9.67000000000008,1.0,0.0,0.5376829151160955,0.01990749782364309,-0.013548723006519802,0.36595849589805884,-0.021141465460225085,1.9585890769958496,0.020120734348893166,0
mujoco,slope_forward,0,0,968,9.680000000000074,1.0,0.0,0.5380271407699707,0.020044554618895608,-0.013790030462832854,0.3640431625762155,-0.023364697965854577,1.9529083967208862,0.021109173074364662,0
mujoco,slope_forward,0,0,969,9.690000000000069,1.0,0.0,0.5383733653895454,0.020270508151728827,-0.013966371619114981,0.3617870007310627,-0.008920365306652902,1.9470627307891846,0.021378260105848312,0
mujoco,slope_forward,0,0,970,9.700000000000063,1.0,0.0,0.5387210954482663,0.020527405761638123,-0.014067700019405856,0.35953168274800007,-0.026913115985327724,1.9422346353530884,0.017973463982343674,0
mujoco,slope_forward,0,0,971,9.710000000000058,1.0,0.0,0.5390671335413753,0.020682744024225957,-0.01423766666057983,0.357141700872781,-0.017949534401154557,1.9376556873321533,0.021192437037825584,0
mujoco,slope_forward,0,0,972,9.720000000000052,1.0,0.0,0.5394166108633982,0.02100442091461341,-0.014386953780610903,0.35483007731559174,-0.012020195679057809,1.9339362382888794,0.017834994941949844,0
mujoco,slope_forward,0,0,973,9.730000000000047,1.0,0.0,0.539769598041454,0.021290936070307114,-0.01448825078439157,0.3527379793381807,-0.0318301665053125,1.9269541501998901,0.018037930130958557,0
mujoco,slope_forward,0,0,974,9.740000000000041,1.0,0.0,0.5401198208048937,0.021503587136931745,-0.014601848120946111,0.3499243665161994,-0.015420529985900164,1.9216365814208984,0.02490776963531971,0
mujoco,slope_forward,0,0,975,9.750000000000036,1.0,0.0,0.5404709102208699,0.021892259751070686,-0.014742189113155604,0.34765048480683464,-0.014333330163445757,1.9193580150604248,0.01800955832004547,0
mujoco,slope_forward,0,0,976,9.76000000000003,1.0,0.0,0.540824354128124,0.02220213007101384,-0.014840208656973082,0.3454816262974738,-0.03432567010817171,1.9123140573501587,0.017309801653027534,0
mujoco,slope_forward,0,0,977,9.770000000000024,1.0,0.0,0.5411772286313505,0.02248292229150007,-0.014909631183876403,0.34255782731379697,-0.01523493408011017,1.9095619916915894,0.024690208956599236,0
mujoco,slope_forward,0,0,978,9.780000000000019,1.0,0.0,0.5415312661541457,0.022922693990339308,-0.015007547035512388,0.3402312110248471,-0.01408364428286253,1.90740168094635,0.017469262704253197,0
mujoco,slope_forward,0,0,979,9.790000000000013,1.0,0.0,0.5418870855129895,0.023263323068876535,-0.01506193509518666,0.33791127241475144,-0.033843381874963385,1.9022514820098877,0.013669888488948345,0
mujoco,slope_forward,0,0,980,9.800000000000008,1.0,0.0,0.5422429045387167,0.02357530868459232,-0.015087110309134347,0.33494630093007355,-0.015158392981948921,1.9005831480026245,0.02341650053858757,0
mujoco,slope_forward,0,0,981,9.810000000000002,1.0,0.0,0.5426014150243915,0.024051349699479065,-0.01514637434829833,0.3326679813797139,-0.01121511042937013,1.8979380130767822,0.018033135682344437,0
mujoco,slope_forward,0,0,982,9.819999999999997,1.0,0.0,0.5429620316174117,0.02443963239825425,-0.015155399947891935,0.3301283625937161,-0.032899479165414046,1.8929001092910767,0.012105440720915794,0
mujoco,slope_forward,0,0,983,9.829999999999991,1.0,0.0,0.5433205991340196,0.0247549516331087,-0.015149946174710128,0.32709408423240843,-0.018292808351933483,1.8906170129776,0.02320290356874466,0
mujoco,slope_forward,0,0,984,9.839999999999986,1.0,0.0,0.5436826836518063,0.02525140429046084,-0.015185343145178196,0.3252565595147576,-0.006077439561373965,1.8885588645935059,0.017013227567076683,0
mujoco,slope_forward,0,0,985,9.84999999999998,1.0,0.0,0.544043473480071,0.02572041963665025,-0.015174814963180582,0.3223868296681423,-0.029326247674996662,1.878673791885376,0.01774749718606472,0
mujoco,slope_forward,0,0,986,9.859999999999975,1.0,0.0,0.544400400683546,0.026060361601486014,-0.01513250322213571,0.31944897706864056,-0.02517322728345665,1.8808497190475464,0.02278488129377365,0
mujoco,slope_forward,0,0,987,9.869999999999969,1.0,0.0,0.5447644338253956,0.026550079004716818,-0.015093812310268403,0.3172401712581438,-0.010528299779727421,1.8813096284866333,0.014075660146772861,0
mujoco,slope_forward,0,0,988,9.879999999999963,1.0,0.0,0.5451286732313233,0.027083731475238276,-0.015091033961335544,0.3146881898885036,-0.023965056418277494,1.8727269172668457,0.0168134942650795,0
mujoco,slope_forward,0,0,989,9.889999999999958,1.0,0.0,0.545490059404239,0.027464555497497094,-0.01505578061487994,0.31200681263579405,-0.03192435928318138,1.8729875087738037,0.017485210672020912,0
mujoco,slope_forward,0,0,990,9.899999999999952,1.0,0.0,0.5458574957467728,0.02793104462674967,-0.014960326726539037,0.30929084351126734,-0.016076389204257923,1.8745709657669067,0.017205582931637764,0
mujoco,slope_forward,0,0,991,9.909999999999947,1.0,0.0,0.5462287074089467,0.028495528648474433,-0.01493031058818011,0.3074821163390174,-0.012042984183369049,1.869920015335083,0.012835599482059479,0
mujoco,slope_forward,0,0,992,9.919999999999941,1.0,0.0,0.5465958435318329,0.0289629740223023,-0.014867702995259717,0.3050595598544885,-0.03362258862663614,1.8644936084747314,0.010878811590373516,0
mujoco,slope_forward,0,0,993,9.929999999999936,1.0,0.0,0.546960354520148,0.029369398441939348,-0.014742649858753428,0.30184609767668014,-0.023708361555739365,1.866159439086914,0.01893593743443489,0
mujoco,slope_forward,0,0,994,9.93999999999993,1.0,0.0,0.5473316246083705,0.02992347758817038,-0.01462548490094525,0.29991574650794794,-0.011324635941437552,1.869019865989685,0.014216151088476181,0
mujoco,slope_forward,0,0,995,9.949999999999925,1.0,0.0,0.5477020448474603,0.03049771853043942,-0.014567995519487325,0.29776403478170854,-0.021506289220856723,1.8595850467681885,0.014804348349571228,0
mujoco,slope_forward,0,0,996,9.95999999999992,1.0,0.0,0.5480688849643247,0.030943816489878446,-0.014465298836091862,0.29510057265133466,-0.03206962766958629,1.8609561920166016,0.014235562644898891,0
mujoco,slope_forward,0,0,997,9.969999999999914,1.0,0.0,0.5484423148363715,0.03146099725890761,-0.01426039477314329,0.2923923180800228,-0.018539019770466725,1.8659881353378296,0.018181536346673965,0
mujoco,slope_forward,0,0,998,9.979999999999908,1.0,0.0,0.5488221655354096,0.03205209442012188,-0.014133669512648253,0.291037613476938,-0.008303174745201126,1.8623493909835815,0.009385980665683746,0
mujoco,slope_forward,0,0,999,9.989999999999903,1.0,0.0,0.5491968521027021,0.03261839468192585,-0.01405443189301254,0.28890042516705877,-0.025480109600263614,1.8557798862457275,0.01310718059539795,0
mujoco,slope_forward,0,0,1000,9.999999999999897,1.0,0.0,0.5495674233463258,0.0330750630382576,-0.01391161051176533,0.2861183334311298,-0.028892423704448045,1.8597652912139893,0.017764978110790253,0
mujoco,slope_forward,0,0,1001,10.009999999999891,1.0,0.0,0.5499450545259501,0.033628800634359184,-0.013692803911730757,0.2838911739818436,-0.015437742724253025,1.8652063608169556,0.016987381502985954,0
mujoco,slope_forward,0,0,1002,10.019999999999886,1.0,0.0,0.550328389125147,0.034229557249454284,-0.013570781704681123,0.28282175005668925,-0.006779171828233113,1.8598661422729492,0.010127953253686428,0
mujoco,slope_forward,0,0,1003,10.02999999999988,1.0,0.0,0.5507065826328847,0.034799075533000566,-0.01347400370113714,0.28077816379504517,-0.02838944048311417,1.854574203491211,0.013218983076512814,0
mujoco,slope_forward,0,0,1004,10.039999999999875,1.0,0.0,0.5510810388870101,0.03527490275435118,-0.013265970744263863,0.27779393842019284,-0.025317511469331325,1.8594839572906494,0.019459007307887077,0
mujoco,slope_forward,0,0,1005,10.04999999999987,1.0,0.0,0.5514633571937101,0.03584547856521616,-0.013034988941463935,0.27602140512880713,-0.012615440039480064,1.8661634922027588,0.019213996827602386,0
mujoco,slope_forward,0,0,1006,10.059999999999864,1.0,0.0,0.5518527220480991,0.03644853999035922,-0.012897663388833625,0.2750740078052587,-0.005702901060097685,1.8588173389434814,0.011833086609840393,0
mujoco,slope_forward,0,0,1007,10.069999999999858,1.0,0.0,0.5522369168545272,0.03702753935401111,-0.012809253525605408,0.27349625542446443,-0.025205763215645317,1.8555595874786377,0.01154411118477583,0
mujoco,slope_forward,0,0,1008,10.079999999999853,1.0,0.0,0.5526162915264959,0.037508484638989065,-0.012579317301808578,0.2705947256229431,-0.023753526709915467,1.8596837520599365,0.018213743343949318,0
mujoco,slope_forward,0,0,1009,10.089999999999847,1.0,0.0,0.5530027693389963,0.038071714947502194,-0.012323840090036522,0.2690435143130854,-0.012084157432304496,1.8687083721160889,0.02277572639286518,0
mujoco,slope_forward,0,0,1010,10.099999999999842,1.0,0.0,0.5533981322431054,0.03866873990792166,-0.01214212004151699,0.2681532173578878,-0.005852742229508944,1.8622618913650513,0.010998749174177647,0
mujoco,slope_forward,0,0,1011,10.109999999999836,1.0,0.0,0.5537906001093177,0.039256107081689535,-0.012044978488110454,0.26714456045611096,-0.019398450059479076,1.860372543334961,0.009966418147087097,0
mujoco,slope_forward,0,0,1012,10.11999999999983,1.0,0.0,0.5541773787626447,0.03973604412308114,-0.011831446052236974,0.26469119796042473,-0.0259581221016768,1.8629271984100342,0.01473860815167427,0
mujoco,slope_forward,0,0,1013,10.129999999999825,1.0,0.0,0.5545693489127294,0.04027865354803764,-0.011537248195202006,0.2631061991859462,-0.013939318399192865,1.8728106021881104,0.02522781491279602,0
mujoco,slope_forward,0,0,1014,10.13999999999982,1.0,0.0,0.5549722018951325,0.040865125256768,-0.01128538230886137,0.2622248043157147,-0.007272650881512948,1.8691551685333252,0.010636670514941216,0
mujoco,slope_forward,0,0,1015,10.149999999999814,1.0,0.0,0.5553773214092793,0.04145492791986759,-0.011155565216061794,0.26188007225538956,-0.011598601952344278,1.868660807609558,0.01048439834266901,0
mujoco,slope_forward,0,0,1016,10.159999999999808,1.0,0.0,0.5557768500428324,0.04195294725246019,-0.010963447042071766,0.2600384869878638,-0.028501719559470548,1.8682584762573242,0.010379370301961899,0
mujoco,slope_forward,0,0,1017,10.169999999999803,1.0,0.0,0.5561779200351769,0.04246449511998367,-0.010623882655212238,0.258211850852366,-0.0169687114030298,1.8785496950149536,0.02625957876443863,0
mujoco,slope_forward,0,0,1018,10.179999999999797,1.0,0.0,0.5565910122452101,0.04303416079365779,-0.010311492244159608,0.25739749151655106,-0.008747968367472093,1.8803590536117554,0.014420956373214722,0
mujoco,slope_forward,0,0,1019,10.189999999999792,1.0,0.0,0.5570131933064107,0.04361922728514353,-0.010136389568303164,0.25755042245193044,-0.0038690723706642205,1.880096673965454,0.012079758569598198,0
mujoco,slope_forward,0,0,1020,10.199999999999786,1.0,0.0,0.5574307605098927,0.04417233913710474,-0.010027645697134168,0.25687941643013085,-0.025032206285929153,1.8767341375350952,0.00822903960943222,0
mujoco,slope_forward,0,0,1021,10.20999999999978,1.0,0.0,0.5578409339039502,0.04462480863141917,-0.00973613305850479,0.2545689514083723,-0.01986111763717981,1.880658507347107,0.01702207326889038,0
mujoco,slope_forward,0,0,1022,10.219999999999775,1.0,0.0,0.5582587497625274,0.04515152313091617,-0.009425746156415615,0.253875074816846,-0.009740471564535292,1.8929589986801147,0.026202034205198288,0
mujoco,slope_forward,0,0,1023,10.22999999999977,1.0,0.0,0.5586905980736295,0.045719445706644525,-0.00919174089885086,0.2537759299344171,-0.00577600071064682,1.8912650346755981,0.012215811759233475,0
mujoco,slope_forward,0,0,1024,10.239999999999764,1.0,0.0,0.5591245479162096,0.046267922600654036,-0.009090239471124207,0.2543840158493052,-0.00903576191783803,1.8905630111694336,0.008663182146847248,0
mujoco,slope_forward,0,0,1025,10.249999999999758,1.0,0.0,0.5595494198090595,0.046732313403792095,-0.008928630314704226,0.25300796445219625,-0.023850383618938154,1.890188455581665,0.008798608556389809,0
mujoco,slope_forward,0,0,1026,10.259999999999753,1.0,0.0,0.5599756669432578,0.04720985633571322,-0.008572605779401755,0.25180406474995465,-0.014356932704575415,1.9028632640838623,0.027641354128718376,0
mujoco,slope_forward,0,0,1027,10.269999999999747,1.0,0.0,0.5604164520733287,0.0477359784578451,-0.008248876601747937,0.251669217864135,-0.008477617346620316,1.9093985557556152,0.017445478588342667,0
mujoco,slope_forward,0,0,1028,10.279999999999742,1.0,0.0,0.5608679384409475,0.048269562304909475,-0.008081429918193614,0.2525324299781143,-0.004898955196290348,1.9097658395767212,0.012233438901603222,0
mujoco,slope_forward,0,0,1029,10.289999999999736,1.0,0.0,0.5613144610665629,0.04876734025966408,-0.008028506610830542,0.25297226112068644,-0.021302224362842896,1.907482385635376,0.00905083492398262,0
mujoco,slope_forward,0,0,1030,10.29999999999973,1.0,0.0,0.5617522267108376,0.0491749865506672,-0.007714615287232937,0.2509775924913269,-0.017482272881904796,1.9094421863555908,0.01342032477259636,0
mujoco,slope_forward,0,0,1031,10.309999999999725,1.0,0.0,0.5621969634091115,0.049641671727563,-0.00738728673642617,0.25100793858656584,-0.009208890815452559,1.9284682273864746,0.03262478858232498,0
mujoco,slope_forward,0,0,1032,10.31999999999972,1.0,0.0,0.5626565501735691,0.050140287340010206,-0.0071682071780286094,0.2515430188841212,-0.007499994621185637,1.927864909172058,0.013399751856923103,0
mujoco,slope_forward,0,0,1033,10.329999999999714,1.0,0.0,0.5631194708703008,0.05061191953266535,-0.007087768074939463,0.2530496833753434,-0.006835274394206118,1.927627444267273,0.009930466301739216,0
mujoco,slope_forward,0,0,1034,10.339999999999709,1.0,0.0,0.5635718601314296,0.05102879908822039,-0.006952194290408393,0.2523997111745973,-0.023808801095328302,1.9257330894470215,0.008336086757481098,0
mujoco,slope_forward,0,0,1035,10.349999999999703,1.0,0.0,0.5640218090924715,0.05143072926040452,-0.0065687036044166265,0.25160905212541324,-0.015828506697721782,1.9403300285339355,0.027937160804867744,0
mujoco,slope_forward,0,0,1036,10.359999999999697,1.0,0.0,0.5644848644460487,0.05187481654328913,-0.0062306353527102195,0.25215187946762174,-0.010058610135231698,1.9526177644729614,0.02247621864080429,0
mujoco,slope_forward,0,0,1037,10.369999999999692,1.0,0.0,0.564959116115014,0.05232159674064369,-0.006075026970151065,0.25355041577185256,-0.007964842686822375,1.9531069993972778,0.013039798475801945,0
mujoco,slope_forward,0,0,1038,10.379999999999686,1.0,0.0,0.5654306726181986,0.05273982514686388,-0.006028074944478809,0.25503777088951607,-0.01490465152222044,1.951736330986023,0.010368071496486664,0
mujoco,slope_forward,0,0,1039,10.38999999999968,1.0,0.0,0.5658903259858734,0.05307256313945581,-0.005747118470011868,0.2538042091108644,-0.01685718823837049,1.9524834156036377,0.009104332886636257,0
mujoco,slope_forward,0,0,1040,10.399999999999675,1.0,0.0,0.566354244560458,0.053446493199374875,-0.005390890923711313,0.254289139952704,-0.010838234320704099,1.974854588508606,0.034935496747493744,0
mujoco,slope_forward,0,0,1041,10.40999999999967,1.0,0.0,0.56683293079691,0.05384067240955014,-0.005164753194439551,0.25548134964894237,-0.010866342764228168,1.9782005548477173,0.015084955841302872,0
mujoco,slope_forward,0,0,1042,10.419999999999664,1.0,0.0,0.5673174648633289,0.054217876499432986,-0.005077931967149407,0.25750042468562023,-0.008814620339600017,1.97810959815979,0.011952976696193218,0
mujoco,slope_forward,0,0,1043,10.429999999999659,1.0,0.0,0.5677906854752783,0.05455059694585951,-0.004984476814376769,0.2577535434040071,-0.01513487892460842,1.9752293825149536,0.009816983714699745,0
mujoco,slope_forward,0,0,1044,10.439999999999653,1.0,0.0,0.5682592465632392,0.054857913784878615,-0.00464274169834719,0.25765231140477945,-0.012013771323200379,1.9909663200378418,0.025800377130508423,0
mujoco,slope_forward,0,0,1045,10.449999999999648,1.0,0.0,0.5687399737123457,0.05517922819850301,-0.004369208833595396,0.2589203539880158,-0.010497692769592063,2.004985809326172,0.021763354539871216,0
mujoco,slope_forward,0,0,1046,10.459999999999642,1.0,0.0,0.56923183154861,0.05550311153245317,-0.004239124478922624,0.2608373746612621,-0.009155003299774004,2.004993200302124,0.012147804722189903,0
mujoco,slope_forward,0,0,1047,10.469999999999636,1.0,0.0,0.5697189867421615,0.055790468774601906,-0.004206312892996593,0.2629102482526721,-0.009323864163415978,2.0034141540527344,0.011050413362681866,0
mujoco,slope_forward,0,0,1048,10.479999999999631,1.0,0.0,0.5701947368546451,0.05602978272979917,-0.0039003524810357643,0.26236883561934454,-0.009915884220912033,2.0085132122039795,0.011305934749543667,0
mujoco,slope_forward,0,0,1049,10.489999999999625,1.0,0.0,0.5706772043176934,0.056283398638000116,-0.003577219401224107,0.2636665724371242,-0.008938186528363236,2.0326709747314453,0.03489956259727478,0
mujoco,slope_forward,0,0,1050,10.49999999999962,1.0,0.0,0.5711748302503111,0.05654156420078586,-0.0033744398606227054,0.26555015577777996,-0.00949371834000883,2.0353500843048096,0.014545074664056301,0
mujoco,slope_forward,0,0,1051,10.509999999999614,1.0,0.0,0.5716741655483727,0.05677402235991082,-0.0033113927912280044,0.26852737625002426,-0.007361498155681986,2.03399658203125,0.012379235588014126,0
mujoco,slope_forward,0,0,1052,10.519999999999609,1.0,0.0,0.5721586043176173,0.05698216306179629,-0.0031066900046522877,0.26810797951783816,-0.008524904055966655,2.029381036758423,0.011246771551668644,0
mujoco,slope_forward,0,0,1053,10.529999999999603,1.0,0.0,0.5726438875455182,0.057187481247340057,-0.0028228384045200245,0.26933502265637127,-0.009717873958543276,2.0533411502838135,0.03533530235290527,0
mujoco,slope_forward,0,0,1054,10.539999999999598,1.0,0.0,0.5731437875121348,0.05739522012648898,-0.0026267539134797856,0.2713672843029056,-0.010554804636747937,2.0586509704589844,0.014524044468998909,0
mujoco,slope_forward,0,0,1055,10.549999999999592,1.0,0.0,0.5736462114753704,0.05759708815556536,-0.00257610153080193,0.27450226723634685,-0.008239185055468418,2.055903911590576,0.012530903331935406,0
mujoco,slope_forward,0,0,1056,10.559999999999587,1.0,0.0,0.5741325209270075,0.0577452539165651,-0.0024584427843515793,0.27484521993378974,-0.0068351941533326245,2.0510406494140625,0.013676648959517479,0
mujoco,slope_forward,0,0,1057,10.569999999999581,1.0,0.0,0.5746171376004016,0.05788365761316073,-0.0021915809598797875,0.2760652668932244,-0.0092849591401026,2.0737316608428955,0.032590243965387344,0
mujoco,slope_forward,0,0,1058,10.579999999999576,1.0,0.0,0.5751151633937241,0.058014367227344044,-0.0020004160358300885,0.27837486995043204,-0.01103005783367884,2.082828998565674,0.016761982813477516,0
mujoco,slope_forward,0,0,1059,10.58999999999957,1.0,0.0,0.5756156562373622,0.058120879361816175,-0.001965150158569417,0.2817151789122435,-0.008562438585523038,2.0792477130889893,0.01308947429060936,0
mujoco,slope_forward,0,0,1060,10.599999999999564,1.0,0.0,0.5761006976314988,0.05820849079630962,-0.0018559768791334714,0.2820861148521929,-0.0061909314128662605,2.07373046875,0.014233318157494068,0
mujoco,slope_forward,0,0,1061,10.609999999999559,1.0,0.0,0.5765862193720784,0.058277818748724564,-0.0015813056097371274,0.28350437198575795,-0.009762597353820476,2.097059726715088,0.03293947875499725,0
mujoco,slope_forward,0,0,1062,10.619999999999553,1.0,0.0,0.5770848040790387,0.05833812845614831,-0.0014195488666257615,0.2862393675633571,-0.011426084787698841,2.1068334579467773,0.01689494028687477,0
mujoco,slope_forward,0,0,1063,10.629999999999548,1.0,0.0,0.5775824953697379,0.05838638486655702,-0.001416710714152197,0.28937610015344484,-0.0035384967536546534,2.0999932289123535,0.015580303966999054,0
mujoco,slope_forward,0,0,1064,10.639999999999542,1.0,0.0,0.5780693219718063,0.05841675458206509,-0.0012299286379520151,0.2896617990306988,-0.005887901532608141,2.100587844848633,0.010570621117949486,0
mujoco,slope_forward,0,0,1065,10.649999999999537,1.0,0.0,0.5785551645937123,0.05844151458785269,-0.001036044622916247,0.2920590197758261,-0.007936005049247352,2.126530170440674,0.03506817668676376,0
mujoco,slope_forward,0,0,1066,10.659999999999531,1.0,0.0,0.5790330567653768,0.05836868388389934,-0.0010145333745465832,0.29493152117728544,-0.004297363920931203,2.1264548301696777,0.01908239535987377,0
mujoco,slope_forward,0,0,1067,10.669999999999526,1.0,0.0,0.5794960946034093,0.05826496979965801,-0.0010295545104190024,0.29696204711950513,0.00362529649883228,2.1271347999572754,0.007281478028744459,0
mujoco,slope_forward,0,0,1068,10.67999999999952,1.0,0.0,0.5799626641141558,0.05817647726774932,-0.0007207198591003363,0.29768901841601625,-0.007126166960544586,2.1461901664733887,0.025374678894877434,0
mujoco,slope_forward,0,0,1069,10.689999999999515,1.0,0.0,0.5803653527926003,0.05837589535974522,-0.0008596858491260558,0.3019115603651139,-0.005302233132192932,2.1714797019958496,0.034215278923511505,0
mujoco,slope_forward,0,0,1070,10.699999999999509,1.0,0.0,0.580705210857315,0.057638235509201545,-0.00044075787725081036,0.3016131960655494,-0.016747997959720772,2.17801570892334,0.11695403605699539,0
mujoco,slope_forward,0,0,1071,10.709999999999503,1.0,0.0,0.5810460617556586,0.057055053461474985,-8.840480866356365e-05,0.30454393991266265,-0.021008665407677974,2.276735305786133,0.13914214074611664,0
mujoco,slope_forward,0,0,1072,10.719999999999498,1.0,0.0,0.58143204497427,0.05687932016690428,0.0002355494614788567,0.30674913400490605,-0.04322054818751365,2.292971611022949,0.06227514520287514,0
mujoco,slope_forward,0,0,1073,10.729999999999492,1.0,0.0,0.5818355142916084,0.05647996917765755,0.000287912969739286,0.31031321949383184,-0.03757117424843058,2.294743061065674,0.03786690905690193,0
mujoco,slope_forward,0,0,1074,10.739999999999487,1.0,0.0,0.582264051707587,0.05597693800610623,0.00025436479107573615,0.312640475110145,-0.028403567456886866,2.300708770751953,0.011111554689705372,0
mujoco,slope_forward,0,0,1075,10.749999999999481,1.0,0.0,0.5827379048985879,0.05572987766261391,0.00031776881470679493,0.31524583942608286,-0.04107516833139826,2.3127169609069824,0.0271009374409914,0
mujoco,slope_forward,0,0,1076,10.759999999999476,1.0,0.0,0.5831692329939867,0.05530689255061559,0.00012963174420810034,0.3181733346355569,-0.03948280000317368,2.3046085834503174,0.06147630140185356,0
mujoco,slope_forward,0,0,1077,10.76999999999947,1.0,0.0,0.5835901941052106,0.054474565795498454,1.2119915490494214e-06,0.32035875988865437,-0.03460337158612369,2.3285200595855713,0.04038394242525101,0
mujoco,slope_forward,0,0,1078,10.779999999999465,1.0,0.0,0.5840551177752238,0.053948345565064074,6.511556136343896e-06,0.3227595221430117,-0.049181006495242735,2.369838237762451,0.05411796271800995,0
mujoco,slope_forward,0,0,1079,10.78999999999946,1.0,0.0,0.5845242563436476,0.05361794184338669,-0.00035853362170977385,0.32713862920905795,-0.05100390266021239,2.377149820327759,0.04073924943804741,0
mujoco,slope_forward,0,0,1080,10.799999999999454,1.0,0.0,0.5849945652785261,0.052764414337457925,-0.000667216229876452,0.3287208223694686,-0.040705710173515555,2.3646914958953857,0.05125249922275543,0
mujoco,slope_forward,0,0,1081,10.809999999999448,1.0,0.0,0.5855038405373413,0.05214807921257845,-0.0008203434426093294,0.3317383868274829,-0.04960599343027558,2.407832622528076,0.06093057245016098,0
mujoco,slope_forward,0,0,1082,10.819999999999443,1.0,0.0,0.5860045938783895,0.05178378788923832,-0.0013544680045028668,0.3361105197522555,-0.052348070700372965,2.408414363861084,0.046019311994314194,0
mujoco,slope_forward,0,0,1083,10.829999999999437,1.0,0.0,0.5864955457001084,0.050857668214624285,-0.0017402723854960244,0.3374637273589259,-0.04507697058931861,2.4000051021575928,0.046603262424468994,0
mujoco,slope_forward,0,0,1084,10.839999999999431,1.0,0.0,0.5870106583502757,0.050203188553727185,-0.002079726201684958,0.34144602210838354,-0.05338722507966799,2.443932056427002,0.062399376183748245,0
mujoco,slope_forward,0,0,1085,10.849999999999426,1.0,0.0,0.5875048666997656,0.04960112138090744,-0.0025307377568047967,0.34433043287223414,-0.055160215540607065,2.438493490219116,0.06478548794984818,0
mujoco,slope_forward,0,0,1086,10.85999999999942,1.0,0.0,0.5879977482269405,0.04865826511559981,-0.002983243805880203,0.3467520487693626,-0.04618302623633091,2.4548161029815674,0.019885914400219917,0
mujoco,slope_forward,0,0,1087,10.869999999999415,1.0,0.0,0.5885227506090612,0.04804720029418957,-0.003352641887443566,0.35079972474300025,-0.05749679517043873,2.4771018028259277,0.030268102884292603,0
mujoco,slope_forward,0,0,1088,10.87999999999941,1.0,0.0,0.5890155360765635,0.047298893559781896,-0.00388747157087787,0.35355000843874285,-0.051757333093777794,2.469357967376709,0.06994525343179703,0
mujoco,slope_forward,0,0,1089,10.889999999999404,1.0,0.0,0.589512013314783,0.046344669166034705,-0.004285714787158083,0.3555325276285971,-0.04914353166524706,2.496295213699341,0.03656711056828499,0
mujoco,slope_forward,0,0,1090,10.899999999999398,1.0,0.0,0.5900172296846689,0.0458189011270464,-0.004908592274428154,0.3606952574086277,-0.05653900521585717,2.5170986652374268,0.031762562692165375,0
mujoco,slope_forward,0,0,1091,10.909999999999393,1.0,0.0,0.5905014805573514,0.04477266278835524,-0.005279847332323016,0.3610013674554128,-0.054568931750889976,2.5084946155548096,0.08749694377183914,0
mujoco,slope_forward,0,0,1092,10.919999999999387,1.0,0.0,0.5910148723499846,0.043839389902822275,-0.005718371170078805,0.3656201539106519,-0.06037747771492798,2.5685908794403076,0.09097876399755478,0
mujoco,slope_forward,0,0,1093,10.929999999999382,1.0,0.0,0.5915261564722234,0.043159034799629944,-0.006325352541145776,0.3688400010865612,-0.06587553513871644,2.5540339946746826,0.05664187669754028,0
mujoco,slope_forward,0,0,1094,10.939999999999376,1.0,0.0,0.5920407137674166,0.042125974634495085,-0.0068433382366167445,0.3705560466662743,-0.05840819231312274,2.565481185913086,0.023729775100946426,0
mujoco,slope_forward,0,0,1095,10.94999999999937,1.0,0.0,0.5925848509610883,0.04136191954307753,-0.007451213282663468,0.3756849700364194,-0.06807467549190299,2.5933516025543213,0.04406532272696495,0
mujoco,slope_forward,0,0,1096,10.959999999999365,1.0,0.0,0.5930952998514315,0.04043322245011568,-0.008086978917894151,0.37683505505136883,-0.06184621793941109,2.5683858394622803,0.08586148172616959,0
mujoco,slope_forward,0,0,1097,10.96999999999936,1.0,0.0,0.5936210105980775,0.03939721265871953,-0.008560131111931652,0.37987115675128974,-0.06986876611246044,2.619126796722412,0.06454189121723175,0
mujoco,slope_forward,0,0,1098,10.979999999999354,1.0,0.0,0.5941309555848048,0.0387101174420273,-0.009453521541660986,0.38475240451143056,-0.07105349477681248,2.622544288635254,0.02608136273920536,0
mujoco,slope_forward,0,0,1099,10.989999999999348,1.0,0.0,0.5946370101314047,0.03759487831467799,-0.00984676902246431,0.38402893186344944,-0.0696869773111312,2.6187782287597656,0.06061277166008949,0
mujoco,slope_forward,0,0,1100,10.999999999999343,1.0,0.0,0.595159817059969,0.036741249221528965,-0.010582119047597599,0.390562363567904,-0.07592656515244194,2.687944173812866,0.09375481307506561,0
mujoco,slope_forward,0,0,1101,11.009999999999337,1.0,0.0,0.595669657927068,0.03564210296042409,-0.011116340854337952,0.3898323841788973,-0.07565314844614696,2.65200138092041,0.10145598649978638,0
mujoco,slope_forward,0,0,1102,11.019999999999332,1.0,0.0,0.59620784583856,0.0346750008567066,-0.011745786440714863,0.3952597375593854,-0.08142145703304719,2.7215964794158936,0.093116395175457,0
mujoco,slope_forward,0,0,1103,11.029999999999326,1.0,0.0,0.5967216364335195,0.033718093641721035,-0.012463397395694879,0.3965767206924767,-0.07537997355733934,2.6928799152374268,0.08455871045589447,0
mujoco,slope_forward,0,0,1104,11.03999999999932,1.0,0.0,0.5972495035495163,0.03266129004888668,-0.013046414597158993,0.39920112606423097,-0.07856299195390641,2.729102849960327,0.05070782080292702,0
mujoco,slope_forward,0,0,1105,11.049999999999315,1.0,0.0,0.5977674627447277,0.03188997177111651,-0.013961156157932596,0.4037635108724054,-0.08290625933936233,2.7540159225463867,0.04977791756391525,0
mujoco,slope_forward,0,0,1106,11.05999999999931,1.0,0.0,0.5982872955220797,0.03075206979966497,-0.01452939385629057,0.40341261451014954,-0.0782575996032119,2.731564998626709,0.0644487515091896,0
mujoco,slope_forward,0,0,1107,11.069999999999304,1.0,0.0,0.5988300536937606,0.029867784819358856,-0.015342778227607925,0.4094708791803045,-0.08786842640642333,2.796945333480835,0.08415283262729645,0
mujoco,slope_forward,0,0,1108,11.079999999999298,1.0,0.0,0.5993580053551103,0.028781019088231052,-0.015999055544123036,0.4084030607949747,-0.0794232549151963,2.7556087970733643,0.09555841982364655,0
mujoco,slope_forward,0,0,1109,11.089999999999293,1.0,0.0,0.5999100184855005,0.02784073043109111,-0.01682397518413819,0.41425451255607776,-0.08642225799356805,2.815807819366455,0.0843360647559166,0
mujoco,slope_forward,0,0,1110,11.099999999999287,1.0,0.0,0.600434855868826,0.02681654450549405,-0.017586371225499203,0.4137831010150589,-0.08484082271437768,2.7865304946899414,0.09310910105705261,0
mujoco,slope_forward,0,0,1111,11.109999999999282,1.0,0.0,0.6009750796513256,0.025842198740258084,-0.018379338545656747,0.418452018336714,-0.08768768884949384,2.8253402709960938,0.07042917609214783,0
mujoco,slope_forward,0,0,1112,11.119999999999276,1.0,0.0,0.6014859015927801,0.024847174145711803,-0.019135330323548715,0.4187962154408303,-0.08964418570189615,2.822968006134033,0.08038162440061569,0
mujoco,slope_forward,0,0,1113,11.12999999999927,1.0,0.0,0.6020172443770008,0.023806086709856872,-0.019802972817642813,0.4220756239442859,-0.09102546593747052,2.844770669937134,0.05864977836608887,0
mujoco,slope_forward,0,0,1114,11.139999999999265,1.0,0.0,0.6025299414194152,0.022959554425571432,-0.020682449172926016,0.4245939576576272,-0.09211517289885292,2.858994483947754,0.055242907255887985,0
mujoco,slope_forward,0,0,1115,11.14999999999926,1.0,0.0,0.6030583214277685,0.02185484981821182,-0.02115475215689353,0.4252346843738843,-0.09510402829929032,2.855821132659912,0.03281587362289429,0
mujoco,slope_forward,0,0,1116,11.159999999999254,1.0,0.0,0.6035676272001647,0.021077628484844176,-0.022234168941539935,0.43061379793485377,-0.09363557777270458,2.8965442180633545,0.04639359563589096,0
mujoco,slope_forward,0,0,1117,11.169999999999249,1.0,0.0,0.6040552041747667,0.020118229036533666,-0.02279936567609681,0.42934362636932233,-0.09554308283410863,2.8672025203704834,0.07668045163154602,0
mujoco,slope_forward,0,0,1118,11.179999999999243,1.0,0.0,0.6045029769173905,0.018908335275700464,-0.023509332387005442,0.43235425505554004,-0.09864720031759501,2.9360837936401367,0.07961457967758179,0
mujoco,slope_forward,0,0,1119,11.189999999999237,1.0,0.0,0.6049636423182179,0.017969022698140283,-0.024182285456743852,0.43372588372059556,-0.10090524745755365,2.953474760055542,0.05649011209607124,0
mujoco,slope_forward,0,0,1120,11.199999999999232,1.0,0.0,0.6054358094393071,0.01699860899146936,-0.02492291002000944,0.43637331037955995,-0.09909104684648652,2.972893714904785,0.06020315736532211,0
mujoco,slope_forward,0,0,1121,11.209999999999226,1.0,0.0,0.6059362322260768,0.01612287354148327,-0.025701965912005846,0.4384413220487767,-0.09472282728735491,2.976072072982788,0.04237348958849907,0
mujoco,slope_forward,0,0,1122,11.21999999999922,1.0,0.0,0.6064368488239971,0.01520108433414332,-0.026535625249702405,0.4406580917481055,-0.09364403294363825,2.9798643589019775,0.05544121563434601,0
mujoco,slope_forward,0,0,1123,11.229999999999215,1.0,0.0,0.6069490643016512,0.014298684265793313,-0.02741533040045754,0.44243795426489757,-0.09157055116083067,2.979520082473755,0.03446079418063164,0
mujoco,slope_forward,0,0,1124,11.23999999999921,1.0,0.0,0.6074526997436612,0.013321447077574036,-0.028236955693980055,0.44407554285694717,-0.09376134647971848,2.9807281494140625,0.05499561131000519,0
mujoco,slope_forward,0,0,1125,11.249999999999204,1.0,0.0,0.6079688631075018,0.012444095752329706,-0.029160349422658837,0.4462073081467598,-0.08997432322405717,2.9844212532043457,0.03800324350595474,0
mujoco,slope_forward,0,0,1126,11.259999999999199,1.0,0.0,0.6084827419549361,0.011494751295522363,-0.029914645335531453,0.4472618638851751,-0.09441416523106898,2.990764856338501,0.055953554809093475,0
mujoco,slope_forward,0,0,1127,11.269999999999193,1.0,0.0,0.6090101490399269,0.01071555214487814,-0.030896339736005068,0.4501183213613507,-0.09254142063279541,2.9943387508392334,0.04526495188474655,0
mujoco,slope_forward,0,0,1128,11.279999999999188,1.0,0.0,0.6095236465630377,0.00976576584862517,-0.031602693081105054,0.44967476632604536,-0.0953046452091155,2.9859533309936523,0.08349606394767761,0
mujoco,slope_forward,0,0,1129,11.289999999999182,1.0,0.0,0.6100557294606582,0.009020686102155135,-0.03241984288842322,0.452847737054122,-0.09658933900542324,3.010223388671875,0.07068397849798203,0
mujoco,slope_forward,0,0,1130,11.299999999999176,1.0,0.0,0.6105799720744368,0.008094386693511776,-0.03304589543797132,0.4519477126696821,-0.09960657206362328,2.997737407684326,0.09769328683614731,0
mujoco,slope_forward,0,0,1131,11.309999999999171,1.0,0.0,0.6111181643032751,0.007435861118567016,-0.033907404303155544,0.4555993001399342,-0.10066733171879134,3.0199692249298096,0.08673591911792755,0
mujoco,slope_forward,0,0,1132,11.319999999999165,1.0,0.0,0.6116194702246598,0.00660372254457298,-0.034581540905668694,0.45385415160801046,-0.09892709847800937,2.9967687129974365,0.12006989866495132,0
mujoco,slope_forward,0,0,1133,11.32999999999916,1.0,0.0,0.6121103550474636,0.0059636027005844465,-0.03544615858077146,0.45709567682600766,-0.10353038294389903,3.0296213626861572,0.09600947797298431,0
mujoco,slope_forward,0,0,1134,11.339999999999154,1.0,0.0,0.6125658935027054,0.005056998027071049,-0.03599749389479157,0.45454652610563023,-0.09811139933378617,3.0211081504821777,0.11894287168979645,0
mujoco,slope_forward,0,0,1135,11.349999999999149,1.0,0.0,0.6130271820301456,0.004424185354951714,-0.036805833646347784,0.45760913864750835,-0.10159536572447628,3.0643303394317627,0.11799543350934982,0
mujoco,slope_forward,0,0,1136,11.359999999999143,1.0,0.0,0.6135137317902308,0.0036608776971754123,-0.037348452481331305,0.456517157648415,-0.0998784812132085,3.058501720428467,0.08841291815042496,0
mujoco,slope_forward,0,0,1137,11.369999999999138,1.0,0.0,0.6140182822677571,0.003207741681292994,-0.038256312773534674,0.45913548509277635,-0.09766869909281828,3.0644564628601074,0.07475996017456055,0
mujoco,slope_forward,0,0,1138,11.379999999999132,1.0,0.0,0.6145633261978867,0.00255490299136079,-0.038875211309108836,0.45829421487694433,-0.09408885812895257,3.046499252319336,0.07466733455657959,0
mujoco,slope_forward,0,0,1139,11.389999999999127,1.0,0.0,0.6151084076190485,0.002329354563712616,-0.03993369080689443,0.46165494704730564,-0.09218937006271469,3.0416293144226074,0.0605698898434639,0
mujoco,slope_forward,0,0,1140,11.399999999999121,1.0,0.0,0.6156056345555547,0.0016054234243372436,-0.04060225596183359,0.4577751009859018,-0.08886572056389033,3.014876365661621,0.1536952555179596,0
mujoco,slope_forward,0,0,1141,11.409999999999116,1.0,0.0,0.6160946223447542,0.0010292765024982648,-0.04134908943248838,0.45977711465082594,-0.10291870178839266,3.076570749282837,0.14277352392673492,0
mujoco,slope_forward,0,0,1142,11.41999999999911,1.0,0.0,0.61664287765074,0.0004821214476276303,-0.04192744066313466,0.45942429056824835,-0.10375085603053613,3.0741965770721436,0.0616004504263401,0
mujoco,slope_forward,0,0,1143,11.429999999999104,1.0,0.0,0.6172196402180977,0.000188018233637177,-0.04275605010507288,0.4610494265406147,-0.1009818181123067,3.0665314197540283,0.038981080055236816,0
mujoco,slope_forward,0,0,1144,11.439999999999099,1.0,0.0,0.6178354599974785,-0.0002842656014262452,-0.04348921957942128,0.4607083361457841,-0.0921264620186269,3.0418801307678223,0.056342460215091705,0
mujoco,slope_forward,0,0,1145,11.449999999999093,1.0,0.0,0.6184962317055309,-0.0006080794857100995,-0.04414025438404098,0.46121402854241156,-0.09755583343291967,3.029273748397827,0.03817093372344971,0
mujoco,slope_forward,0,0,1146,11.459999999999088,1.0,0.0,0.6191989653371828,-0.0009019432175860569,-0.04505132820099532,0.4624765047768217,-0.08702448622233483,3.003124237060547,0.03789293020963669,0
mujoco,slope_forward,0,0,1147,11.469999999999082,1.0,0.0,0.6199254924616316,-0.001084417909179516,-0.045866770579747966,0.46183936090799294,-0.08718263396929102,2.949049949645996,0.06425471603870392,0
mujoco,slope_forward,0,0,1148,11.479999999999077,1.0,0.0,0.620659507926411,-0.0012661170864385067,-0.046851945421047834,0.46267961773868804,-0.07262139618985831,2.9346721172332764,0.022305864840745926,0
mujoco,slope_forward,0,0,1149,11.489999999999071,1.0,0.0,0.6213921778082842,-0.0013641001498314789,-0.047685495108939165,0.4613736330646341,-0.07450566021784412,2.8973498344421387,0.04566417261958122,0
mujoco,slope_forward,0,0,1150,11.499999999999066,1.0,0.0,0.6221151998103123,-0.0015064989364847671,-0.04865966934447309,0.4619151521229111,-0.06599260664652523,2.8882322311401367,0.027349473908543587,0
mujoco,slope_forward,0,0,1151,11.50999999999906,1.0,0.0,0.6228236413537023,-0.0015867933473528747,-0.04942529122253918,0.460152942523266,-0.06714943534242235,2.862236499786377,0.0411781445145607,0
mujoco,slope_forward,0,0,1152,11.519999999999055,1.0,0.0,0.6235158808334066,-0.0017178325280795697,-0.050263666382661366,0.4602677025958975,-0.06126897617543758,2.8631644248962402,0.020007647573947906,0
mujoco,slope_forward,0,0,1153,11.529999999999049,1.0,0.0,0.6241931467664295,-0.001756696179247351,-0.05090317972650046,0.45833122472269355,-0.061842387751336575,2.842867612838745,0.033450573682785034,0
mujoco,slope_forward,0,0,1154,11.539999999999043,1.0,0.0,0.6248564597285023,-0.001830111625082332,-0.051611989299026044,0.45829911199477813,-0.06383742042763996,2.842503786087036,0.020840773358941078,0
mujoco,slope_forward,0,0,1155,11.549999999999038,1.0,0.0,0.6255035949931858,-0.0018042568553486027,-0.05214582882913722,0.45620589262227434,-0.05809466639895812,2.822061777114868,0.03328017145395279,0
mujoco,slope_forward,0,0,1156,11.559999999999032,1.0,0.0,0.6261369708273531,-0.0017877466126786984,-0.05268051194772886,0.4556325643845632,-0.062244767984156305,2.8231420516967773,0.02028057351708412,0
mujoco,slope_forward,0,0,1157,11.569999999999027,1.0,0.0,0.6267597708321158,-0.0016914010114220538,-0.05309185876412293,0.4535435984506471,-0.051220011707520434,2.8072500228881836,0.026652418076992035,0
mujoco,slope_forward,0,0,1158,11.579999999999021,1.0,0.0,0.6273735828342449,-0.0016038706658524637,-0.05348573153529327,0.45266271417583726,-0.06438392265991347,2.8077895641326904,0.019601397216320038,0
mujoco,slope_forward,0,0,1159,11.589999999999016,1.0,0.0,0.6279809053085698,-0.0014863398673340216,-0.05380517828768032,0.4505898237343593,-0.04761689744954809,2.7951180934906006,0.025617999956011772,0
mujoco,slope_forward,0,0,1160,11.59999999999901,1.0,0.0,0.6285818658690717,-0.0013554315517177828,-0.05407897566817719,0.4495088820366411,-0.07089347815484855,2.7923552989959717,0.018817801028490067,0
mujoco,slope_forward,0,0,1161,11.609999999999005,1.0,0.0,0.6291750679202693,-0.0012475169480681146,-0.05432941836121623,0.4474794521815609,-0.05065237848619341,2.7814931869506836,0.02596662938594818,0
mujoco,slope_forward,0,0,1162,11.619999999999,1.0,0.0,0.6297612127127983,-0.0010495785020929436,-0.054560825503022985,0.44593742052059554,-0.07060225358036616,2.7741189002990723,0.022256778553128242,0
mujoco,slope_forward,0,0,1163,11.629999999998994,1.0,0.0,0.6303412248919537,-0.0009034470530100749,-0.054763528844383576,0.443673864806856,-0.055928375333109494,2.7668185234069824,0.021686770021915436,0
mujoco,slope_forward,0,0,1164,11.639999999998988,1.0,0.0,0.6309209863588419,-0.0006599016607146625,-0.05498776365539316,0.44198000643111734,-0.0653338002103408,2.7582695484161377,0.020244086161255836,0
mujoco,slope_forward,0,0,1165,11.649999999998983,1.0,0.0,0.6314999065658565,-0.00047316205897267067,-0.05517039405571251,0.4396664876841655,-0.06283491584886099,2.749518632888794,0.016808124259114265,0
mujoco,slope_forward,0,0,1166,11.659999999998977,1.0,0.0,0.6320829517275772,-0.00018865034366177257,-0.055404721073643956,0.43827297295162904,-0.05545301233527584,2.7393646240234375,0.02112303487956524,0
mujoco,slope_forward,0,0,1167,11.669999999998971,1.0,0.0,0.6326621403649174,6.030261445162346e-05,-0.055576833872482,0.43564151879166735,-0.06609051419591007,2.724745035171509,0.02273612841963768,0
mujoco,slope_forward,0,0,1168,11.679999999998966,1.0,0.0,0.6332459101070316,0.00035888167589298597,-0.055730378918302244,0.434098335822705,-0.051748066335681124,2.7210936546325684,0.023403385654091835,0
mujoco,slope_forward,0,0,1169,11.68999999999896,1.0,0.0,0.63382378134386,0.0006953687489768246,-0.05593045061902812,0.4318280111036866,-0.07092095346359985,2.7040889263153076,0.025911645963788033,0
mujoco,slope_forward,0,0,1170,11.699999999998955,1.0,0.0,0.6344000806891115,0.0009972602970473767,-0.05601984765857901,0.4294975096888946,-0.05916179410047901,2.6994216442108154,0.021467840299010277,0
mujoco,slope_forward,0,0,1171,11.70999999999895,1.0,0.0,0.6349762424827978,0.001369701951302129,-0.05621635958318551,0.4281699365025908,-0.06821282900857482,2.6902828216552734,0.012948132120072842,0
mujoco,slope_forward,0,0,1172,11.719999999998944,1.0,0.0,0.6355448785465585,0.0016906223768983594,-0.05632621919222347,0.4251305169346693,-0.0642208638193324,2.6742677688598633,0.022249482572078705,0
mujoco,slope_forward,0,0,1173,11.729999999998938,1.0,0.0,0.6361183077452223,0.002102000410590334,-0.05644580274982164,0.4239063731789859,-0.05421545128411133,2.6701819896698,0.01757867820560932,0
mujoco,slope_forward,0,0,1174,11.739999999998933,1.0,0.0,0.6366802453657631,0.002509141564759661,-0.0565774337890585,0.4207977595480059,-0.06596746989418138,2.6490936279296875,0.027751067653298378,0
mujoco,slope_forward,0,0,1175,11.749999999998927,1.0,0.0,0.6372475707613329,0.0029430257733841364,-0.05661203803024462,0.4186815955590583,-0.059013313835519235,2.6503968238830566,0.02338721789419651,0
mujoco,slope_forward,0,0,1176,11.759999999998922,1.0,0.0,0.6378131666500299,0.003394193213267417,-0.05679173413132293,0.4171188101389678,-0.06501061308202603,2.6364736557006836,0.01741400547325611,0
mujoco,slope_forward,0,0,1177,11.769999999998916,1.0,0.0,0.638377168606749,0.0038379014796374373,-0.05680044010763259,0.4139147129000297,-0.06179245810647565,2.62282133102417,0.018705882132053375,0
mujoco,slope_forward,0,0,1178,11.77999999999891,1.0,0.0,0.6389467639378823,0.004318314191643721,-0.0568709003477806,0.4130279155258326,-0.05891010418407449,2.6212644577026367,0.012594597414135933,0
mujoco,slope_forward,0,0,1179,11.789999999998905,1.0,0.0,0.6395023659365093,0.004803023548494718,-0.05695308026272549,0.4095261914406714,-0.06414437129032206,2.595750093460083,0.032441046088933945,0
mujoco,slope_forward,0,0,1180,11.7999999999989,1.0,0.0,0.6400639165778226,0.005315427628288286,-0.05691585401609204,0.4074669383722596,-0.0632027943433122,2.601881980895996,0.02295982651412487,0
mujoco,slope_forward,0,0,1181,11.809999999998894,1.0,0.0,0.6406162925575233,0.005898519821643791,-0.057139127886089436,0.4062759265120583,-0.06858217371127656,2.5849735736846924,0.019877495244145393,0
mujoco,slope_forward,0,0,1182,11.819999999998888,1.0,0.0,0.6411222214072524,0.006555211262742366,-0.057481864278363604,0.4027209764625838,-0.04056766333127119,2.5486457347869873,0.05226173251867294,0
mujoco,slope_forward,0,0,1183,11.829999999998883,1.0,0.0,0.6416268400265387,0.007043846425630844,-0.05749537508019105,0.40107009728779447,-0.051985745858534646,2.5744121074676514,0.052193693816661835,0
mujoco,slope_forward,0,0,1184,11.839999999998877,1.0,0.0,0.642132307736903,0.007536805345511421,-0.05748858756038178,0.3983602441003301,-0.05439447875174598,2.5689663887023926,0.02692544087767601,0
mujoco,slope_forward,0,0,1185,11.849999999998872,1.0,0.0,0.6426578321756983,0.008079716052559381,-0.05725431259425248,0.395725828560033,-0.06275289401886025,2.5719316005706787,0.015586568042635918,0
mujoco,slope_forward,0,0,1186,11.859999999998866,1.0,0.0,0.6431986162246517,0.008608906812696247,-0.05720926908290936,0.39521166382253664,-0.059842407073914604,2.5623857975006104,0.01666044443845749,0
mujoco,slope_forward,0,0,1187,11.86999999999886,1.0,0.0,0.6437376209750141,0.009253537641369332,-0.057133471430420066,0.39170041348114143,-0.05943275113221774,2.533846616744995,0.03288552537560463,0
mujoco,slope_forward,0,0,1188,11.879999999998855,1.0,0.0,0.6442863650463002,0.009840927161055939,-0.05699550250286806,0.3902033386887787,-0.06809957751588182,2.5373799800872803,0.023268695920705795,0
mujoco,slope_forward,0,0,1189,11.88999999999885,1.0,0.0,0.6448314973921934,0.010435973266545726,-0.057001075203247153,0.3888376005899081,-0.05136536276508273,2.5115668773651123,0.03524784743785858,0
mujoco,slope_forward,0,0,1190,11.899999999998844,1.0,0.0,0.6453719218738972,0.011132292581946158,-0.05678839232410513,0.38531792850856506,-0.06119618103844112,2.499107837677002,0.018927140161395073,0
mujoco,slope_forward,0,0,1191,11.909999999998838,1.0,0.0,0.645914607431295,0.011745614627183288,-0.05660429155348599,0.3845499283582471,-0.06965637686132979,2.503349542617798,0.024373259395360947,0
mujoco,slope_forward,0,0,1192,11.919999999998833,1.0,0.0,0.6464515884796895,0.012403719607358634,-0.056523202103676,0.38218148234927185,-0.05020947239973285,2.4880220890045166,0.020944535732269287,0
mujoco,slope_forward,0,0,1193,11.929999999998827,1.0,0.0,0.6469905561348989,0.01309096934899083,-0.0562508637114179,0.3793201996580771,-0.06301229005438612,2.483673572540283,0.017544183880090714,0
mujoco,slope_forward,0,0,1194,11.939999999998822,1.0,0.0,0.6475325318410474,0.013701484032764997,-0.056056357840188906,0.37826952154558696,-0.06237493509728837,2.481234550476074,0.020884066820144653,0
mujoco,slope_forward,0,0,1195,11.949999999998816,1.0,0.0,0.6480732655292579,0.014431422726451574,-0.05589854223916336,0.3760206405881796,-0.04522711591437639,2.466480016708374,0.019145648926496506,0
mujoco,slope_forward,0,0,1196,11.95999999999881,1.0,0.0,0.6486150286087541,0.015136216386627922,-0.05564176402883154,0.3737808323660797,-0.06300440542566649,2.4594545364379883,0.016509603708982468,0
mujoco,slope_forward,0,0,1197,11.969999999998805,1.0,0.0,0.6491563809409574,0.01575078620738255,-0.0554648558551813,0.37246902232218926,-0.059768371537706054,2.4556801319122314,0.021305566653609276,0
mujoco,slope_forward,0,0,1198,11.9799999999988,1.0,0.0,0.6496974179249967,0.016506105915680247,-0.0552639315125459,0.370410732446629,-0.04547635327064804,2.443606376647949,0.01622655987739563,0
mujoco,slope_forward,0,0,1199,11.989999999998794,1.0,0.0,0.6502375702727821,0.017214547099633902,-0.05500505732044004,0.36860409672832894,-0.0665320211064967,2.4376144409179688,0.01478540524840355,0
mujoco,slope_forward,0,0,1200,11.999999999998789,1.0,0.0,0.650775334500361,0.017835300411433327,-0.0547943447502243,0.366871377450398,-0.057644179950127085,2.4310317039489746,0.023703839629888535,0
mujoco,slope_forward,0,0,1201,12.009999999998783,1.0,0.0,0.6513140979043961,0.018593820598915844,-0.054546368772952325,0.3654008870637406,-0.04357866380129463,2.423741579055786,0.01572326384484768,0
mujoco,slope_forward,0,0,1202,12.019999999998777,1.0,0.0,0.6518499973180868,0.01930562301133079,-0.054283772119061886,0.3638105452114632,-0.06846717071377667,2.414806842803955,0.014368008822202682,0
mujoco,slope_forward,0,0,1203,12.029999999998772,1.0,0.0,0.6523826427339912,0.01993591009854225,-0.053980528523877344,0.36157141481402316,-0.054732153032661976,2.4077935218811035,0.02551371417939663,0
mujoco,slope_forward,0,0,1204,12.039999999998766,1.0,0.0,0.652918246473372,0.020688762372184477,-0.053694945278918715,0.3608202716344032,-0.04077698396107049,2.4078643321990967,0.019217275083065033,0
mujoco,slope_forward,0,0,1205,12.04999999999876,1.0,0.0,0.6534470925717312,0.02142392035933374,-0.053497844785758586,0.35942441266329134,-0.06568014513430823,2.393420457839966,0.018970470875501633,0
mujoco,slope_forward,0,0,1206,12.059999999998755,1.0,0.0,0.6539729845472577,0.022072865651819137,-0.05310272576507117,0.35688947077792826,-0.05288091679043914,2.3892781734466553,0.024018719792366028,0
mujoco,slope_forward,0,0,1207,12.06999999999875,1.0,0.0,0.6545037574814108,0.022806370112593993,-0.05279408245378578,0.3566907974278221,-0.04063097109806637,2.3970563411712646,0.02401919662952423,0
mujoco,slope_forward,0,0,1208,12.079999999998744,1.0,0.0,0.6550292786172207,0.023528592702621375,-0.05259784162419648,0.35528740108806206,-0.05965697078140379,2.378891944885254,0.02287556417286396,0
mujoco,slope_forward,0,0,1209,12.089999999998739,1.0,0.0,0.6555547086240171,0.024182007038762235,-0.052148458980832056,0.35290095613721784,-0.04875761715242816,2.377040147781372,0.020916705951094627,0
mujoco,slope_forward,0,0,1210,12.099999999998733,1.0,0.0,0.6560877638769659,0.024902240322635272,-0.05180489670487319,0.35286665959800656,-0.039323483478333886,2.385472536087036,0.023897133767604828,0
mujoco,slope_forward,0,0,1211,12.109999999998728,1.0,0.0,0.6566163487460237,0.025614195259111776,-0.051634400928127086,0.3520418234162789,-0.05322434409906487,2.3679115772247314,0.022348904982209206,0
mujoco,slope_forward,0,0,1212,12.119999999998722,1.0,0.0,0.6571426930268476,0.026259128840757144,-0.051157975057907666,0.34957030924078536,-0.04557814132980853,2.3621304035186768,0.01672239787876606,0
mujoco,slope_forward,0,0,1213,12.129999999998716,1.0,0.0,0.6576760591365238,0.026957398940866628,-0.05077388313150082,0.3496902187083841,-0.0389640257947465,2.375326633453369,0.0286931861191988,0
mujoco,slope_forward,0,0,1214,12.139999999998711,1.0,0.0,0.6582064384470991,0.027655971329764495,-0.05060253500390064,0.3495531084917871,-0.04426136071536235,2.3585054874420166,0.022143887355923653,0
mujoco,slope_forward,0,0,1215,12.149999999998705,1.0,0.0,0.658731447606615,0.028305542892986365,-0.050101611273690304,0.34693550511749754,-0.04065136726149793,2.3492562770843506,0.01289686094969511,0
mujoco,slope_forward,0,0,1216,12.1599999999987,1.0,0.0,0.6592629724040243,0.028964019102750364,-0.04966003595910559,0.3470238567249966,-0.03777350531745387,2.3689026832580566,0.03492176905274391,0
mujoco,slope_forward,0,0,1217,12.169999999998694,1.0,0.0,0.6597952577300243,0.029615188697352524,-0.04944982753895159,0.34749787271855287,-0.0424113440583182,2.355210781097412,0.020398786291480064,0
mujoco,slope_forward,0,0,1218,12.179999999998689,1.0,0.0,0.6603193586462535,0.030235913922905495,-0.048957461858192546,0.3447565669912269,-0.04124047908478351,2.339932918548584,0.016908802092075348,0
mujoco,slope_forward,0,0,1219,12.189999999998683,1.0,0.0,0.6608494590120211,0.030873631819608047,-0.04846028570174922,0.34476878260891963,-0.04089825839938731,2.3632943630218506,0.03907617926597595,0
mujoco,slope_forward,0,0,1220,12.199999999998678,1.0,0.0,0.6613850552523883,0.03151873562230265,-0.04817878146925743,0.3456277680485245,-0.043979864157783745,2.352428674697876,0.02009093388915062,0
mujoco,slope_forward,0,0,1221,12.209999999998672,1.0,0.0,0.6619073432729782,0.032154042143897214,-0.04781993475246598,0.3434449142540221,-0.03968790225372965,2.3309271335601807,0.025191660970449448,0
mujoco,slope_forward,0,0,1222,12.219999999998667,1.0,0.0,0.6624322465867213,0.03278028923896533,-0.04728643682414143,0.342967495726515,-0.042125395738499084,2.3501534461975098,0.03282616287469864,0
mujoco,slope_forward,0,0,1223,12.229999999998661,1.0,0.0,0.6629638807242862,0.03340942606545139,-0.046966062485911265,0.3440415988234534,-0.046098371901807655,2.3489296436309814,0.018734920769929886,0
mujoco,slope_forward,0,0,1224,12.239999999998656,1.0,0.0,0.663483734893204,0.03403098733097674,-0.046670108306256286,0.3427003093760389,-0.03551623771696761,2.326462745666504,0.0267472006380558,0
mujoco,slope_forward,0,0,1225,12.24999999999865,1.0,0.0,0.6640035920596103,0.03464235611779063,-0.046123954979316484,0.34200211375651707,-0.04105107390991799,2.3403384685516357,0.0257271695882082,0
mujoco,slope_forward,0,0,1226,12.259999999998644,1.0,0.0,0.6645310810995371,0.035244238990842225,-0.04574533070680972,0.34308337588547905,-0.047207124978559105,2.346574068069458,0.022106239572167397,0
mujoco,slope_forward,0,0,1227,12.269999999998639,1.0,0.0,0.6650514771144556,0.03585053244908197,-0.04543854058993006,0.3424307471631571,-0.027625042327198677,2.327491521835327,0.02378007397055626,0
mujoco,slope_forward,0,0,1228,12.279999999998633,1.0,0.0,0.6655704788768938,0.03645935742970603,-0.04489185440402632,0.3415601794137804,-0.03802821023370084,2.335038423538208,0.0203485619276762,0
mujoco,slope_forward,0,0,1229,12.289999999998628,1.0,0.0,0.6660976985096428,0.03702747101111461,-0.04445470508534198,0.3425650775797778,-0.04816236208607632,2.3472342491149902,0.026203038170933723,0
mujoco,slope_forward,0,0,1230,12.299999999998622,1.0,0.0,0.6666217792021715,0.037586446054169394,-0.044118820076915276,0.3427371841725905,-0.0263458661000617,2.3326523303985596,0.021021798253059387,0
mujoco,slope_forward,0,0,1231,12.309999999998617,1.0,0.0,0.6671402093455823,0.03820481774007716,-0.04363853758668065,0.3418354091682176,-0.03560421411404291,2.332615375518799,0.017103293910622597,0
mujoco,slope_forward,0,0,1232,12.319999999998611,1.0,0.0,0.6676645862364723,0.038738151365015856,-0.04317685985310094,0.3426036933423914,-0.048436041885232595,2.3468880653381348,0.02443385310471058,0
mujoco,slope_forward,0,0,1233,12.329999999998606,1.0,0.0,0.6681889117121044,0.039243119856102834,-0.04282812668847702,0.34315266490418644,-0.031632324463635626,2.3390591144561768,0.019108979031443596,0
mujoco,slope_forward,0,0,1234,12.3399999999986,1.0,0.0,0.668708884474008,0.03984071852407823,-0.04243620492979574,0.3428910292652589,-0.02914100894517875,2.336015224456787,0.013980269432067871,0
mujoco,slope_forward,0,0,1235,12.349999999998595,1.0,0.0,0.6692339941989636,0.04034366622706814,-0.041955355762477387,0.34336206962543814,-0.045012143477241126,2.3455088138580322,0.01772422343492508,0
mujoco,slope_forward,0,0,1236,12.359999999998589,1.0,0.0,0.6697612000746704,0.040800326550253216,-0.04157327528639298,0.34404516516779343,-0.0317594134783782,2.345567464828491,0.019186146557331085,0
mujoco,slope_forward,0,0,1237,12.369999999998583,1.0,0.0,0.6702888270195745,0.04136266702269011,-0.04119812393438286,0.3442944950426461,-0.024083363373417974,2.3440029621124268,0.01278142910450697,0
mujoco,slope_forward,0,0,1238,12.379999999998578,1.0,0.0,0.6708223830002,0.04183590024133983,-0.0407201016025916,0.34463390747224687,-0.04314502877866538,2.3481130599975586,0.012881964445114136,0
mujoco,slope_forward,0,0,1239,12.389999999998572,1.0,0.0,0.6713589302126269,0.04224205520975283,-0.04032061319408266,0.3453648253684881,-0.03295461600207647,2.3518307209014893,0.02142506279051304,0
mujoco,slope_forward,0,0,1240,12.399999999998567,1.0,0.0,0.6718983308149431,0.042754960777461125,-0.03995996772774902,0.34615529618354773,-0.020184232762052737,2.3520584106445312,0.01234744768589735,0
mujoco,slope_forward,0,0,1241,12.409999999998561,1.0,0.0,0.6724423429205492,0.043201486087220964,-0.03950129967246119,0.3463744138769346,-0.04206416650232511,2.351775646209717,0.012609174475073814,0
mujoco,slope_forward,0,0,1242,12.419999999998556,1.0,0.0,0.6729881530417605,0.043554772952771194,-0.03909284591273099,0.34714047811735843,-0.03509106881200828,2.3588430881500244,0.02278326451778412,0
mujoco,slope_forward,0,0,1243,12.42999999999855,1.0,0.0,0.6735383131281316,0.04401100454782013,-0.038733231012917986,0.3484426722229445,-0.017841779128023025,2.361696243286133,0.013914342038333416,0
mujoco,slope_forward,0,0,1244,12.439999999998545,1.0,0.0,0.6740910978625962,0.04443581130341054,-0.03830835144728713,0.34860764479358347,-0.0414108802215985,2.3571388721466064,0.016318153589963913,0
mujoco,slope_forward,0,0,1245,12.44999999999854,1.0,0.0,0.674643944451361,0.0447366642385534,-0.03789651897058732,0.3493648098019866,-0.03781251172227306,2.366920232772827,0.02368020825088024,0
mujoco,slope_forward,0,0,1246,12.459999999998534,1.0,0.0,0.6752029234225269,0.045132104442651755,-0.037523788030946734,0.35082954712517916,-0.021338554449915538,2.373114585876465,0.016685910522937775,0
mujoco,slope_forward,0,0,1247,12.469999999998528,1.0,0.0,0.6757628000239578,0.04553979527914186,-0.03722279377374928,0.3515211035540424,-0.04025002860571915,2.3675754070281982,0.01828901842236519,0
mujoco,slope_forward,0,0,1248,12.479999999998522,1.0,0.0,0.6763214335392672,0.04582114179835183,-0.03683535636393128,0.3520481524531762,-0.03826319178593031,2.371506690979004,0.017927905544638634,0
mujoco,slope_forward,0,0,1249,12.489999999998517,1.0,0.0,0.6768855932037952,0.046157111077336097,-0.03647578619515298,0.3537190882663583,-0.023719250202659675,2.383436679840088,0.02095414325594902,0
mujoco,slope_forward,0,0,1250,12.499999999998511,1.0,0.0,0.6774503683026037,0.046526198798980935,-0.0362605127161912,0.3549915169283234,-0.03603932158180609,2.377769947052002,0.016869571059942245,0
mujoco,slope_forward,0,0,1251,12.509999999998506,1.0,0.0,0.6780129796380603,0.04679212210837645,-0.03587560335893835,0.3552762048099205,-0.03448758205251131,2.3773584365844727,0.013248607516288757,0
mujoco,slope_forward,0,0,1252,12.5199999999985,1.0,0.0,0.6785818215644862,0.047077744774996835,-0.03552544338536103,0.35717963200155756,-0.024057512818631062,2.3954811096191406,0.02676939032971859,0
mujoco,slope_forward,0,0,1253,12.529999999998495,1.0,0.0,0.679153284993415,0.04738866501577686,-0.03532997310879077,0.35864993733231787,-0.03858296313203288,2.390843152999878,0.015956547111272812,0
mujoco,slope_forward,0,0,1254,12.53999999999849,1.0,0.0,0.6797252658769634,0.04762036643677373,-0.034923148033950954,0.35875166134097086,-0.033216913272377725,2.3884055614471436,0.01421245839446783,0
mujoco,slope_forward,0,0,1255,12.549999999998484,1.0,0.0,0.6803044654422717,0.047863039582094286,-0.034615958814793076,0.3608964913989627,-0.02471696837006547,2.407149076461792,0.027695368975400925,0
mujoco,slope_forward,0,0,1256,12.559999999998478,1.0,0.0,0.6808845588906514,0.04812442341471537,-0.03447058738096498,0.3624197936920654,-0.03459694063194297,2.401412010192871,0.017309559509158134,0
mujoco,slope_forward,0,0,1257,12.569999999998473,1.0,0.0,0.6814665277199148,0.04834055538109958,-0.03407928273732065,0.36276907378646067,-0.031608330810609,2.4036121368408203,0.011760753579437733,0
mujoco,slope_forward,0,0,1258,12.579999999998467,1.0,0.0,0.6820558603129976,0.048559877911317925,-0.033816512276948096,0.36518568648459127,-0.02504948671091121,2.42216157913208,0.025847064331173897,0
mujoco,slope_forward,0,0,1259,12.589999999998462,1.0,0.0,0.6826439175494183,0.04878739678962821,-0.03366999184312612,0.36633476848809676,-0.033394766462030406,2.4154160022735596,0.01758107729256153,0
mujoco,slope_forward,0,0,1260,12.599999999998456,1.0,0.0,0.6832367754974443,0.04895120374405823,-0.03331702802363436,0.3672117971727722,-0.0323607122969224,2.4257051944732666,0.016350869089365005,0
mujoco,slope_forward,0,0,1261,12.60999999999845,1.0,0.0,0.6838379817502388,0.049135350253659026,-0.03313036544251789,0.3699140974042242,-0.026737106015194266,2.437802314758301,0.0186721570789814,0
mujoco,slope_forward,0,0,1262,12.619999999998445,1.0,0.0,0.6844349926682582,0.049294095695481294,-0.032962799145468916,0.3704158956770274,-0.031310768943031086,2.4270858764648438,0.020239626988768578,0
mujoco,slope_forward,0,0,1263,12.62999999999844,1.0,0.0,0.6850392785474808,0.04940967782966557,-0.03267548333859423,0.37191113740776716,-0.03222201938637767,2.446666717529297,0.026232723146677017,0
mujoco,slope_forward,0,0,1264,12.639999999998434,1.0,0.0,0.6856514744656309,0.049545297949956955,-0.03258061615066193,0.37485709305554454,-0.02918052671964472,2.4505369663238525,0.01408140268176794,0
mujoco,slope_forward,0,0,1265,12.649999999998428,1.0,0.0,0.6862555309870659,0.049652469579546527,-0.03242135518735895,0.37487894922042675,-0.03017314883991001,2.435760259628296,0.022656485438346863,0
mujoco,slope_forward,0,0,1266,12.659999999998423,1.0,0.0,0.6868646894387948,0.04972072062615705,-0.032207794472821814,0.37684515916084893,-0.03274837385815891,2.459415912628174,0.03109818510711193,0
mujoco,slope_forward,0,0,1267,12.669999999998417,1.0,0.0,0.6874759849507439,0.04978056755743019,-0.032176511135465574,0.37953147753752053,-0.026689086340146998,2.4582831859588623,0.015585120767354965,0
mujoco,slope_forward,0,0,1268,12.679999999998412,1.0,0.0,0.6880845265089183,0.04984194855990932,-0.03195215883569143,0.3797028430536173,-0.03366691346244584,2.453125,0.011224417015910149,0
mujoco,slope_forward,0,0,1269,12.689999999998406,1.0,0.0,0.6886996217770545,0.04988369587317606,-0.03177412377157005,0.38241540952746994,-0.03758681838792443,2.4769625663757324,0.030148010700941086,0
mujoco,slope_forward,0,0,1270,12.6999999999984,1.0,0.0,0.6893131264687521,0.04993237861660254,-0.0317347760705893,0.3838383964842962,-0.02422142772128026,2.467817544937134,0.02136567421257496,0
mujoco,slope_forward,0,0,1271,12.709999999998395,1.0,0.0,0.6899328482453494,0.0499826533730571,-0.03150089500180242,0.38473714465374614,-0.034669837273994475,2.4783213138580322,0.018785741180181503,0
mujoco,slope_forward,0,0,1272,12.71999999999839,1.0,0.0,0.6905591208065086,0.05000579234239563,-0.031435792503158005,0.38771245474103405,-0.03640394668840198,2.4911093711853027,0.01740318350493908,0
mujoco,slope_forward,0,0,1273,12.729999999998384,1.0,0.0,0.6911830947804823,0.050035652507737186,-0.03136901311310186,0.38829638998741,-0.0297787524602564,2.4805195331573486,0.019526973366737366,0
mujoco,slope_forward,0,0,1274,12.739999999998378,1.0,0.0,0.6918138678568349,0.05002637562780721,-0.031213199432697174,0.39026956262784995,-0.04064090009485975,2.4984395503997803,0.024724081158638,0
mujoco,slope_forward,0,0,1275,12.749999999998373,1.0,0.0,0.6924444945646439,0.049981616972769614,-0.031201429799947764,0.39239686439587845,-0.026045656503271182,2.4966630935668945,0.014532752335071564,0
mujoco,slope_forward,0,0,1276,12.759999999998367,1.0,0.0,0.6930740543177898,0.0499715213572699,-0.03112107801291691,0.3931768197747355,-0.034541096357418886,2.498823404312134,0.015940219163894653,0
mujoco,slope_forward,0,0,1277,12.769999999998362,1.0,0.0,0.6937071493758538,0.049871230968709254,-0.031087684055122744,0.3957232832912699,-0.04114806651346249,2.511192798614502,0.018093451857566833,0
mujoco,slope_forward,0,0,1278,12.779999999998356,1.0,0.0,0.6943386849973825,0.049790035894656894,-0.03110014184594238,0.3970947721514506,-0.02605405073965575,2.5049147605895996,0.015424518845975399,0
mujoco,slope_forward,0,0,1279,12.78999999999835,1.0,0.0,0.6949737781886807,0.0496857181999388,-0.031001381809130656,0.3984977359633355,-0.04209911174478309,2.514888048171997,0.019714824855327606,0
mujoco,slope_forward,0,0,1280,12.799999999998345,1.0,0.0,0.6956081597296013,0.04951350309758601,-0.030996387313458117,0.4004210950607335,-0.029181307501758333,2.5175020694732666,0.013430306687951088,0
mujoco,slope_forward,0,0,1281,12.80999999999834,1.0,0.0,0.6962428982488966,0.04942441471796997,-0.03099573705361417,0.40167061625168526,-0.034149184710535324,2.5208635330200195,0.01596616581082344,0
mujoco,slope_forward,0,0,1282,12.819999999998334,1.0,0.0,0.6968796564939156,0.0492194878570101,-0.0309933458630738,0.40344633917796663,-0.03978980411589281,2.5271737575531006,0.014970486052334309,0
mujoco,slope_forward,0,0,1283,12.829999999998329,1.0,0.0,0.6975179371956651,0.04906224064439278,-0.03103404591321518,0.40548176545641,-0.023442033877038918,2.529709815979004,0.009848088026046753,0
mujoco,slope_forward,0,0,1284,12.839999999998323,1.0,0.0,0.6981551630925613,0.04888771614579458,-0.03102915457189942,0.40677218673688814,-0.04559060327693679,2.5292341709136963,0.01913057640194893,0
mujoco,slope_forward,0,0,1285,12.849999999998317,1.0,0.0,0.6987867245653405,0.048611325024519564,-0.03102676575364081,0.408329552738669,-0.03226217012967442,2.5313544273376465,0.017844080924987793,0
mujoco,slope_forward,0,0,1286,12.859999999998312,1.0,0.0,0.6994164039417156,0.04843774987009834,-0.03108050140724615,0.40994871626901147,-0.03850315054217321,2.5377824306488037,0.015532292425632477,0
mujoco,slope_forward,0,0,1287,12.869999999998306,1.0,0.0,0.7000439297642562,0.048135791219309984,-0.03109145471087564,0.41113382389341036,-0.039291790306816975,2.538069009780884,0.01706206239759922,0
mujoco,slope_forward,0,0,1288,12.8799999999983,1.0,0.0,0.7006753915423335,0.0479111640212453,-0.03115880426286458,0.41339600447625124,-0.02842281497139764,2.547205686569214,0.013020649552345276,0
mujoco,slope_forward,0,0,1289,12.889999999998295,1.0,0.0,0.7013033921185794,0.047630997806303,-0.031217155076210923,0.4141264589148846,-0.044329702413095896,2.540325164794922,0.022090233862400055,0
mujoco,slope_forward,0,0,1290,12.89999999999829,1.0,0.0,0.7019343908901277,0.0473376944334144,-0.031231357440144887,0.41580569986429133,-0.034707084859244855,2.551729917526245,0.017507968470454216,0
mujoco,slope_forward,0,0,1291,12.909999999998284,1.0,0.0,0.7025632381960087,0.04706922886321178,-0.031361948150731345,0.417616772040638,-0.045425804422877414,2.5516698360443115,0.015890488401055336,0
mujoco,slope_forward,0,0,1292,12.919999999998279,1.0,0.0,0.703188514440125,0.04671496051190474,-0.03138303595091673,0.41837921203549744,-0.038305932611847456,2.5484349727630615,0.012794648297131062,0
mujoco,slope_forward,0,0,1293,12.929999999998273,1.0,0.0,0.7038146489931084,0.046411341183011934,-0.03151519437157945,0.42080541709828506,-0.03682362741729774,2.559671401977539,0.01455603912472725,0
mujoco,slope_forward,0,0,1294,12.939999999998268,1.0,0.0,0.7044249152036772,0.04594212575466764,-0.0303313733626028,0.39884847691733355,0.23440453965766572,2.5468051433563232,0.022587575018405914,0
mujoco,slope_forward,0,0,1295,12.949999999998262,1.0,0.0,0.7052135317183776,0.04620351676046915,-0.02699292209762257,0.37888806030288485,0.5115535906955209,2.8908681869506836,0.4458916485309601,0
mujoco,slope_forward,0,0,1296,12.959999999998256,1.0,0.0,0.7063133027510031,0.046575323634849786,-0.023831106276015108,0.3657243647160187,0.6631938988975775,3.4150798320770264,0.5729919075965881,0
mujoco,slope_forward,0,0,1297,12.969999999998251,1.0,0.0,0.7079202760689446,0.0468548015060687,-0.022540561479733438,0.3820378746788889,0.4500369641318983,4.114299297332764,0.8065035939216614,0
mujoco,slope_forward,0,0,1298,12.979999999998245,1.0,0.0,0.7098700633972158,0.04244558068536763,-0.023701921018774982,0.38669286895151006,0.41660119623202,4.377251148223877,0.5603732466697693,0
mujoco,slope_forward,0,0,1299,12.98999999999824,1.0,0.0,0.7122584214589219,0.039903180019124546,-0.025919803152387594,0.39688684540805874,0.4964499031684232,5.0664472579956055,1.1085588932037354,0
mujoco,slope_forward,0,0,1300,12.999999999998234,1.0,0.0,0.7155768770051586,0.041215629312154056,-0.032198793543607274,0.4186937080826776,0.15245138350486406,5.547491073608398,0.8317935466766357,0
mujoco,slope_forward,0,0,1301,13.009999999998229,1.0,0.0,0.7198615541067591,0.04424851734291167,-0.040506763755598654,0.4310361949170543,-0.07273441787229748,5.7327880859375,0.6125514507293701,0
mujoco,slope_forward,0,0,1302,13.019999999998223,1.0,0.0,0.7247044104458712,0.046708752301408106,-0.0498297097870218,0.43391721431267843,-0.1602685867394556,5.516959190368652,0.6375105977058411,0
mujoco,slope_forward,0,0,1303,13.029999999998218,1.0,0.0,0.7295650562299033,0.04782188465450489,-0.055185000207950356,0.4103483613697791,0.08194616517045741,5.152294158935547,0.7540357112884521,0
mujoco,slope_forward,0,0,1304,13.039999999998212,1.0,0.0,0.733981331628497,0.047270643714555055,-0.05441035637530594,0.3935439366163119,0.23786640230412087,4.2085700035095215,1.4892549514770508,0
mujoco,slope_forward,0,0,1305,13.049999999998207,1.0,0.0,0.7377380317193929,0.045691050862265055,-0.04451512047054257,0.36713554689471395,0.5435340396194782,2.780596971511841,1.7986729145050049,0
mujoco,slope_forward,0,0,1306,13.059999999998201,1.0,0.0,0.7405629196251704,0.0467548986977905,-0.03138896835164687,0.36193661827183726,0.5080178713532159,2.313624858856201,2.1280112266540527,0
mujoco,slope_forward,0,0,1307,13.069999999998196,1.0,0.0,0.7423792365555757,0.04729428972106615,-0.01845012387842929,0.3524995573042703,0.6827510627397296,3.0597116947174072,1.573480486869812,0
mujoco,slope_forward,0,0,1308,13.07999999999819,1.0,0.0,0.7437288140876714,0.04585888610417362,-0.010231853757008325,0.36458719735875617,0.9225261561905485,4.152582168579102,1.5585910081863403,0
mujoco,slope_forward,0,0,1309,13.089999999998184,1.0,0.0,0.7451850112250926,0.04230173688744641,-0.003953125044922409,0.3662667056508002,1.1450518059774668,4.577036380767822,0.6564826369285583,0
mujoco,slope_forward,0,0,1310,13.099999999998179,1.0,0.0,0.7468415605916504,0.037547321366056624,-0.003774264837527524,0.3858394314225956,1.3968139452802928,4.5452752113342285,0.6834679245948792,0
mujoco,slope_forward,0,0,1311,13.109999999998173,1.0,0.0,0.7484984154814504,0.030719749828248828,-0.0032348885629405505,0.3765928513564847,1.7057861616679215,4.227570533752441,0.808475136756897,0
mujoco,slope_forward,0,0,1312,13.119999999998168,1.0,0.0,0.7500368348500537,0.025936910407420567,-0.003364743218791338,0.3765818038953638,1.9265758661971575,4.775294303894043,0.856651782989502,0
mujoco,slope_forward,0,0,1313,13.129999999998162,1.0,0.0,0.7516642219145204,0.022289940494336496,0.002525851498920636,0.3380929668444979,1.8382470686516474,5.537624835968018,0.8504312038421631,0
mujoco,slope_forward,0,0,1314,13.139999999998157,1.0,0.0,0.7535113269333029,0.018571863384222134,0.007332626094532312,0.33265976293984895,1.7116815573501165,7.21159553527832,1.8056561946868896,0
mujoco,slope_forward,0,0,1315,13.149999999998151,1.0,0.0,0.7554276164574912,0.008936946054299257,0.010965702836396638,0.32430198811167293,2.630908846822703,7.981565952301025,1.8224533796310425,0
mujoco,slope_forward,0,0,1316,13.159999999998146,1.0,0.0,0.7567697759050012,0.005791766117841684,0.02164672906636303,0.2865752933874542,3.3741853415195604,8.367212295532227,1.6344655752182007,0
mujoco,slope_forward,0,0,1317,13.16999999999814,1.0,0.0,0.7574672118026989,0.007584334736382227,0.04273974077263421,0.25592049822140706,3.6078997621232047,6.905704021453857,1.8412227630615234,0
mujoco,slope_forward,0,0,1318,13.179999999998135,1.0,0.0,0.7572210063412957,0.0078300075844318,0.06905016504827319,0.2254675461333708,3.3779605190472393,5.432312488555908,1.7280724048614502,0
mujoco,slope_forward,0,0,1319,13.189999999998129,1.0,0.0,0.7559991201494767,0.008523406218909402,0.09757234969599281,0.20821789295327217,2.876505603847182,4.273014545440674,1.3749618530273438,0
mujoco,slope_forward,0,0,1320,13.199999999998123,1.0,0.0,0.7539189160422005,0.011079382604389761,0.12263294802646002,0.19724955043228817,2.3860283841622887,3.6315879821777344,0.9259143471717834,0
mujoco,slope_forward,0,0,1321,13.209999999998118,1.0,0.0,0.7513457527794437,0.01757693974773802,0.14547363717490716,0.17790122777612433,2.003083443696804,3.5340614318847656,1.0513890981674194,0
mujoco,slope_forward,0,0,1322,13.219999999998112,1.0,0.0,0.7488791749148739,0.02900228464179402,0.16861465866557673,0.14446369807086518,1.5133805935892426,4.613442420959473,3.6908090114593506,0
mujoco,slope_forward,0,0,1323,13.229999999998107,1.0,0.0,0.7468535926223993,0.03971623707498987,0.18873947902320276,0.1460297645635976,0.7024597533318626,5.362438678741455,1.8087737560272217,0
mujoco,slope_forward,0,0,1324,13.239999999998101,1.0,0.0,0.7447164259906908,0.04891136486252416,0.20651889542655058,0.158071884465156,-0.13920304366308522,4.787098407745361,1.3882848024368286,0
mujoco,slope_forward,0,0,1325,13.249999999998096,1.0,0.0,0.7418839812751414,0.05634588253310196,0.22322096117376275,0.16514773682509956,-0.5050185526297216,4.623791694641113,2.110363483428955,0
mujoco,slope_forward,0,0,1326,13.25999999999809,1.0,0.0,0.7385204520462539,0.06456897883086504,0.23818720059141876,0.17918953913898164,-0.3260365677297994,5.246204376220703,1.2598142623901367,0
mujoco,slope_forward,0,0,1327,13.269999999998085,1.0,0.0,0.7343796504273512,0.06791827365515551,0.24708058975577765,0.19047276316235093,-0.4505580338842968,5.478279113769531,1.338374137878418,0
mujoco,slope_forward,0,0,1328,13.27999999999808,1.0,0.0,0.7293154272657996,0.06960863279257946,0.25458462715579566,0.1819145004692129,-0.5973551604580343,6.371510028839111,1.0756875276565552,0
mujoco,slope_forward,0,0,1329,13.289999999998074,1.0,0.0,0.7244596265038229,0.06967148451803663,0.26959062033323866,0.2170325745062647,-0.7143958513475144,7.711146354675293,1.6429692506790161,0
mujoco,slope_forward,0,0,1330,13.299999999998068,1.0,0.0,0.7214056926239247,0.07135942112579377,0.28388685137447944,0.31660110735075764,-0.879530656544583,8.962679862976074,1.4523051977157593,0
mujoco,slope_forward,0,0,1331,13.309999999998062,1.0,0.0,0.720538919479987,0.07270826005543639,0.29315710004003764,0.4198982301923577,-1.260830778535174,9.300042152404785,0.5415260791778564,0
mujoco,slope_forward,0,0,1332,13.319999999998057,1.0,0.0,0.7216174218996037,0.07429746515084576,0.2976506443939252,0.5176456332000992,-1.5390614914220502,9.004746437072754,0.40984421968460083,0
mujoco,slope_forward,0,0,1333,13.329999999998051,1.0,0.0,0.7242542595287872,0.07854253640128596,0.2956731143181214,0.6020408205924522,-1.7734566268005885,8.36933708190918,0.7332277297973633,0
mujoco,slope_forward,0,0,1334,13.339999999998046,1.0,0.0,0.727501952561354,0.08683132394151291,0.2900422207431192,0.6268988568459044,-2.1971377755009174,7.151066780090332,1.3889758586883545,0
mujoco,slope_forward,0,0,1335,13.34999999999804,1.0,0.0,0.7301443488387206,0.09192695141685873,0.29362481200974694,0.5849128673379345,-2.930291127165414,6.111976146697998,1.4891822338104248,0
mujoco,slope_forward,0,0,1336,13.359999999998035,1.0,0.0,0.7319293622363695,0.09128024673365295,0.30523402005397743,0.5579423667192202,-3.4033032164282204,5.431636810302734,0.9772731065750122,0
mujoco,slope_forward,0,0,1337,13.36999999999803,1.0,0.0,0.7330983687137983,0.0907106567187286,0.3251509067976997,0.5283127967118528,-3.5528440084529342,4.658193588256836,1.0806505680084229,0
mujoco,slope_forward,0,0,1338,13.379999999998024,1.0,0.0,0.7337437770577255,0.09077772431970411,0.3529584922430235,0.4996063914569536,-3.5355557829810507,3.8195934295654297,1.0969356298446655,0
mujoco,slope_forward,0,0,1339,13.389999999998018,1.0,0.0,0.7338517163712925,0.0923898808572256,0.38304631087093227,0.49345428211394604,-3.309603882403211,3.350461006164551,1.6546218395233154,0
mujoco,slope_forward,0,0,1340,13.399999999998013,1.0,0.0,0.7331262511189692,0.09677716864246728,0.40427529632832515,0.5027068364319307,-2.6667453672899795,4.430014133453369,2.793912410736084,0
mujoco,slope_forward,0,0,1341,13.409999999998007,1.0,0.0,0.7314469654055898,0.10183678337259357,0.41537268351512835,0.5079258239049467,-1.8123331969926104,5.499654769897461,1.4735366106033325,0
mujoco,slope_forward,0,0,1342,13.419999999998002,1.0,0.0,0.7288003555733591,0.10488537785119127,0.4229686282911642,0.4983738106766748,-1.142165159696778,5.894355297088623,0.9454078674316406,0
mujoco,slope_forward,0,0,1343,13.429999999997996,1.0,0.0,0.7255295842819705,0.10472967488244292,0.43354057679736385,0.4916707422409748,-0.8137897395985588,6.11181640625,0.6277749538421631,0
mujoco,slope_forward,0,0,1344,13.43999999999799,1.0,0.0,0.7230529507338808,0.09781669910014144,0.4493011953451667,0.5865120609223948,-0.6677052276618303,6.665135383605957,0.7770135998725891,0
mujoco,slope_forward,0,0,1345,13.449999999997985,1.0,0.0,0.7220987726824265,0.08887124412515804,0.4674212756115014,0.7138134713491071,-0.2625924684220841,7.125420093536377,0.7054508328437805,0
mujoco,slope_forward,0,0,1346,13.45999999999798,1.0,0.0,0.7223669228078184,0.08667229044661245,0.48172842488978107,0.8279308362556898,0.3511461957411371,7.64836311340332,0.7273752689361572,0
mujoco,slope_forward,0,0,1347,13.469999999997974,1.0,0.0,0.7233801536900614,0.08939392811221662,0.4883039712945298,0.9079424713334016,0.9281200434367939,7.9502034187316895,0.7616319060325623,0
mujoco,slope_forward,0,0,1348,13.479999999997968,1.0,0.0,0.7241167552732287,0.09621492044965241,0.48732405587036964,0.9178728895507018,1.7020458184679506,7.775824546813965,0.8836141228675842,0
mujoco,slope_forward,0,0,1349,13.489999999997963,1.0,0.0,0.7238260755601009,0.10793972909063129,0.48877484838904445,0.8640987837695518,2.1688071309622203,6.991093635559082,1.3932722806930542,0
mujoco,slope_forward,0,0,1350,13.499999999997957,1.0,0.0,0.722419460543031,0.11956168528542069,0.493528561985171,0.840659732669602,2.036484608763635,6.416164398193359,0.895931601524353,0
mujoco,slope_forward,0,0,1351,13.509999999997952,1.0,0.0,0.7197979040450868,0.1297859100990294,0.4975472095235767,0.8110927495003214,1.7774029477959186,5.869787693023682,0.7460277676582336,0
mujoco,slope_forward,0,0,1352,13.519999999997946,1.0,0.0,0.7160657479658666,0.13781416150779743,0.5062542677203044,0.7878471216365667,1.473669505755503,5.352412700653076,0.6358896493911743,0
mujoco,slope_forward,0,0,1353,13.52999999999794,1.0,0.0,0.7114406510357157,0.14820296352232318,0.5209834094232356,0.7723535793592008,1.434220705109144,5.425014019012451,0.5203238725662231,0
mujoco,slope_forward,0,0,1354,13.539999999997935,1.0,0.0,0.7059271886757092,0.1611525255702047,0.5359893111881395,0.7575148358744875,1.44523112963603,5.259515285491943,0.6565903425216675,0
mujoco,slope_forward,0,0,1355,13.54999999999793,1.0,0.0,0.6996966587641047,0.1766231614739047,0.5540510243598997,0.7441131214383088,1.4764202706777243,4.93342399597168,0.807472825050354,0
mujoco,slope_forward,0,0,1356,13.559999999997924,1.0,0.0,0.6928989698709603,0.1952361717830003,0.5742588328962163,0.7361903754565611,1.413400403027845,4.364363670349121,0.9667472839355469,0
mujoco,slope_forward,0,0,1357,13.569999999997918,1.0,0.0,0.6857179704632713,0.2158376746476823,0.5972988249749804,0.7322894312984348,1.1419219554143314,3.617039918899536,1.361794114112854,0
mujoco,slope_forward,0,0,1358,13.579999999997913,1.0,0.0,0.6785681281964504,0.23720705108808549,0.6206639203537765,0.747593466689659,0.8149902381193899,3.605891466140747,2.376159906387329,0
mujoco,slope_forward,0,0,1359,13.589999999997907,1.0,0.0,0.6722214517725634,0.260871969103801,0.6405020214333972,0.788205561772449,0.7136297160643764,5.722386837005615,3.041367292404175,0
mujoco,slope_forward,0,0,1360,13.599999999997902,1.0,0.0,0.666825862395238,0.28348143714344287,0.6539246987427658,0.8545637910912742,0.6300424953887144,6.712724208831787,1.703984260559082,0
mujoco,slope_forward,0,0,1361,13.609999999997896,1.0,0.0,0.6623844939616322,0.3112409087567448,0.6609178799827273,0.9327281085047041,0.8411001529911794,7.209356784820557,1.539817214012146,0
mujoco,slope_forward,0,0,1362,13.61999999999789,1.0,0.0,0.6582936568899928,0.33991976221525766,0.658411991797219,0.9987962306494121,0.7297329841948784,7.679394721984863,0.9200098514556885,0
mujoco,slope_forward,0,0,1363,13.629999999997885,1.0,0.0,0.6541102692902337,0.3685314294690135,0.6514372118865652,1.0104486587229866,0.121848115307928,7.857138156890869,0.5303853154182434,0
mujoco,slope_forward,0,0,1364,13.63999999999788,1.0,0.0,0.6490846483752635,0.39185106342045156,0.6587001523448223,0.8897698986336369,-1.6157968313318412,8.126097679138184,1.092647671699524,0
mujoco,slope_forward,0,0,1365,13.649999999997874,1.0,0.0,0.6427837279050154,0.401563080015722,0.6845638076213945,0.7803835265445277,-2.9288561203070698,9.312374114990234,1.4733396768569946,0
mujoco,slope_forward,0,0,1366,13.659999999997869,1.0,0.0,0.6352720682888627,0.39993689473377364,0.7199098253905427,0.6517386434903463,-3.3743997165150894,10.268080711364746,1.3508332967758179,0
mujoco,slope_forward,0,0,1367,13.669999999997863,1.0,0.0,0.6325070069365935,0.416787857157171,0.7380595048071674,0.2687305255216232,-0.2664730367567074,10.786547660827637,1.0360058546066284,0
mujoco,slope_forward,0,0,1368,13.679999999997857,1.0,0.0,0.6335693784134815,0.43265662368600993,0.7452751944413741,0.01963908348391289,1.1540894610793917,10.208877563476562,1.9218628406524658,0
mujoco,slope_forward,0,0,1369,13.689999999997852,1.0,0.0,0.6356248757924506,0.44228276750684753,0.7487897197251188,-0.08701025670461153,1.464480591402808,9.668098449707031,1.198340654373169,0
mujoco,slope_forward,0,0,1370,13.699999999997846,1.0,0.0,0.6379342019918366,0.4458958335381963,0.7513600189617632,-0.1553923273085612,1.4191717200620602,9.339356422424316,0.4190240502357483,0
mujoco,slope_forward,0,0,1371,13.70999999999784,1.0,0.0,0.640447610898181,0.443157564524047,0.7555073585757529,-0.16471671614532915,1.2587710969373305,9.23855209350586,0.32682573795318604,0
mujoco,slope_forward,0,0,1372,13.719999999997835,1.0,0.0,0.6430370308385651,0.43606841444164984,0.7615757370231895,-0.17515808311222122,0.9421796506727401,9.032384872436523,0.3382514715194702,0
mujoco,slope_forward,0,0,1373,13.72999999999783,1.0,0.0,0.6455491763060528,0.4271693885196041,0.7738535763654103,-0.20804756604879585,0.7531722807160227,8.861363410949707,0.229091614484787,0
mujoco,slope_forward,0,0,1374,13.739999999997824,1.0,0.0,0.6474041642025493,0.42070602003006397,0.7986702410221029,-0.2313704227150845,0.4506792703929807,8.647741317749023,0.4157017767429352,0
mujoco,slope_forward,0,0,1375,13.749999999997819,1.0,0.0,0.64911084961106,0.41050251461901566,0.815882862781634,-0.22041128932064064,0.6256727175636708,8.475334167480469,0.3795006573200226,0
mujoco,slope_forward,0,0,1376,13.759999999997813,1.0,0.0,0.650604275578868,0.40068595169385957,0.8350265418681871,-0.23340949353305926,0.7218252320197227,8.066131591796875,0.6663452982902527,0
mujoco,slope_forward,0,0,1377,13.769999999997808,1.0,0.0,0.6519261757407292,0.3919334257805002,0.8524050850729455,-0.23165412041322456,0.8366544060637189,7.581375598907471,0.5477222800254822,0
mujoco,slope_forward,0,0,1378,13.779999999997802,1.0,0.0,0.6531211388939127,0.38173267645783315,0.8679227537399917,-0.23055508251602838,0.9444433059885197,7.1601386070251465,0.7018829584121704,0
mujoco,slope_forward,0,0,1379,13.789999999997796,1.0,0.0,0.6543398760894582,0.37397196683987965,0.8830225855597253,-0.20350072787558518,1.081902466922404,6.5770673751831055,0.6397690773010254,0
mujoco,slope_forward,0,0,1380,13.799999999997791,1.0,0.0,0.6556474913882457,0.3695579155441345,0.8977966956342529,-0.1773040651725723,1.2532597461301578,6.105027198791504,0.8121066689491272,0
mujoco,slope_forward,0,0,1381,13.809999999997785,1.0,0.0,0.6572229364901169,0.37284404877942656,0.9121620909774923,-0.13045075536174572,1.4299730687741787,5.732609748840332,0.6043165326118469,0
mujoco,slope_forward,0,0,1382,13.81999999999778,1.0,0.0,0.6592921105000653,0.38896873384251257,0.926121112717741,-0.08889774557401174,1.6664838142002771,5.546914100646973,0.5930020213127136,0
mujoco,slope_forward,0,0,1383,13.829999999997774,1.0,0.0,0.6615786081888827,0.4116658365552136,0.9383374643914887,-0.05420689246083153,1.8082620147419246,5.352409839630127,0.3405561149120331,0
mujoco,slope_forward,0,0,1384,13.839999999997769,1.0,0.0,0.6638788789191421,0.4359308898122927,0.9478114681437733,-0.02546943751919204,1.8596146660470256,5.246286869049072,0.2706546485424042,0
mujoco,slope_forward,0,0,1385,13.849999999997763,1.0,0.0,0.6661224671185968,0.4590520607574143,0.9554723994839316,0.0033299196133998164,1.8011981977299805,5.059256553649902,0.31179484724998474,0
mujoco,slope_forward,0,0,1386,13.859999999997758,1.0,0.0,0.6682986818038926,0.48042659009375016,0.9622059294429478,0.03546124403834576,1.6857335470218395,4.797204971313477,0.34148702025413513,0
mujoco,slope_forward,0,0,1387,13.869999999997752,1.0,0.0,0.6705296265076188,0.5015994390840065,0.9681310517421765,0.07520209701745724,1.6035801345944485,4.405610084533691,0.5236199498176575,0
mujoco,slope_forward,0,0,1388,13.879999999997747,1.0,0.0,0.6729613091119747,0.5231973825484975,0.9723763428230632,0.12097316119551779,1.6104577141013572,3.852376699447632,0.9836711287498474,0
mujoco,slope_forward,0,0,1389,13.889999999997741,1.0,0.0,0.6758005873489344,0.5447870447197574,0.9732024273655063,0.17706068302536734,1.6921695574869997,3.396848201751709,1.3540542125701904,0
mujoco,slope_forward,0,0,1390,13.899999999997736,1.0,0.0,0.6793833606395446,0.5658146142082933,0.9699006551662936,0.2612305864280268,1.7970748836606432,3.355910539627075,1.67778480052948,0
mujoco,slope_forward,0,0,1391,13.90999999999773,1.0,0.0,0.6840810442238665,0.5842818217126996,0.9638657211847262,0.37295996276454924,1.8369922526567226,3.9043076038360596,1.706458330154419,0
mujoco,slope_forward,0,0,1392,13.919999999997724,1.0,0.0,0.689904096944739,0.5956604913453385,0.955047944265132,0.5026401526724191,1.736116303664371,4.449069499969482,1.079310655593872,0
mujoco,slope_forward,0,0,1393,13.929999999997719,1.0,0.0,0.6967266058137369,0.597691869610594,0.9436969515418893,0.626458959643646,1.697838640084083,5.329865455627441,1.0806139707565308,0
mujoco,slope_forward,0,0,1394,13.939999999997713,1.0,0.0,0.7044897705897848,0.5929978479536007,0.9309294401565065,0.7606149809701955,1.6536971107291851,6.1298604011535645,1.0432968139648438,0
mujoco,slope_forward,0,0,1395,13.949999999997708,1.0,0.0,0.7128684880953039,0.5821250516738191,0.9155492283880078,0.8591576916705143,1.6760623738957594,6.7938971519470215,0.79539555311203,0
mujoco,slope_forward,0,0,1396,13.959999999997702,1.0,0.0,0.7210779137780022,0.5686542579962419,0.8963375495440634,0.9193520681095744,1.9367146984620423,7.155840873718262,0.7173515558242798,0
mujoco,slope_forward,0,0,1397,13.969999999997697,1.0,0.0,0.7284997017033228,0.5595518822998792,0.87448879342474,0.9353146884635479,2.270635505026827,7.1768670082092285,0.6084553599357605,0
mujoco,slope_forward,0,0,1398,13.979999999997691,1.0,0.0,0.7348990083236109,0.5570082903730559,0.85287028985248,0.9258395063201754,2.510524767877756,7.1367573738098145,0.519641101360321,0
mujoco,slope_forward,0,0,1399,13.989999999997686,1.0,0.0,0.7401940435586332,0.5579726286943492,0.8327696632784581,0.9050967009105289,2.567827954517316,6.94497013092041,0.5035730600357056,0
mujoco,slope_forward,0,0,1400,13.99999999999768,1.0,0.0,0.744308268825697,0.5585897821593324,0.8138390167419259,0.8802825938395072,2.4694632023935608,6.601892948150635,0.5892637968063354,0
mujoco,slope_forward,0,0,1401,14.009999999997675,1.0,0.0,0.7471846695144674,0.5562031051162107,0.7951138758055663,0.8548730580327104,2.2280909364813724,6.275876045227051,0.5342341661453247,0
mujoco,slope_forward,0,0,1402,14.019999999997669,1.0,0.0,0.7487909278497011,0.5494977322131972,0.7766395887572163,0.8327585055413694,1.8814665526387033,6.042954921722412,0.37055662274360657,0
mujoco,slope_forward,0,0,1403,14.029999999997663,1.0,0.0,0.7491200533077815,0.5388450120605223,0.7591939474874443,0.8137897527685397,1.5099438811237582,5.8968658447265625,0.28409555554389954,0
mujoco,slope_forward,0,0,1404,14.039999999997658,1.0,0.0,0.7481905526070939,0.5253886292952274,0.7435049594185288,0.7996653135123153,1.1498291921888866,5.652557849884033,0.4385282099246979,0
mujoco,slope_forward,0,0,1405,14.049999999997652,1.0,0.0,0.7460561732536696,0.5102037615108691,0.7299915542051408,0.7935012410789622,0.8045750271026566,5.299424171447754,0.640203595161438,0
mujoco,slope_forward,0,0,1406,14.059999999997647,1.0,0.0,0.7427991370211754,0.49412313636866284,0.719520659285062,0.7970543471275047,0.47327174441230474,4.853597164154053,0.7749582529067993,0
mujoco,slope_forward,0,0,1407,14.069999999997641,1.0,0.0,0.7385003733650489,0.47732747118009633,0.713760446230975,0.8078489560539681,0.10221607749800518,4.270889759063721,0.8920150995254517,0
mujoco,slope_forward,0,0,1408,14.079999999997636,1.0,0.0,0.7332297120032459,0.45999425267994415,0.7122577532430768,0.8243594731282444,-0.3026403774835406,3.6482863426208496,1.4686188697814941,0
mujoco,slope_forward,0,0,1409,14.08999999999763,1.0,0.0,0.7271347305228362,0.44183612352998863,0.7125836466840622,0.8667934809528595,-0.7358627730797639,4.1694416999816895,2.6456239223480225,0
mujoco,slope_forward,0,0,1410,14.099999999997625,1.0,0.0,0.7204723797805184,0.42142751027935055,0.7137993163404797,0.9488003187298308,-1.0568625468655473,5.908958911895752,2.6449413299560547,0
mujoco,slope_forward,0,0,1411,14.10999999999762,1.0,0.0,0.7134044111314578,0.3974971673713423,0.7131942137845305,1.0400596921692582,-1.0867984451056087,7.343614101409912,2.5220565795898438,0
mujoco,slope_forward,0,0,1412,14.119999999997614,1.0,0.0,0.7058257129596357,0.3734299882927535,0.7103834125770105,1.0827739018468432,-0.994157157491321,7.697819232940674,1.1125457286834717,0
mujoco,slope_forward,0,0,1413,14.129999999997608,1.0,0.0,0.6975477724225588,0.35090443203211075,0.710551880443918,1.08880975551342,-0.8244210661284661,6.993762493133545,0.8244405388832092,0
mujoco,slope_forward,0,0,1414,14.139999999997602,1.0,0.0,0.6884697487461812,0.33853027329952645,0.7176409772941453,1.0561953764773617,0.0774084690028947,6.300991535186768,1.1036968231201172,0
mujoco,slope_forward,0,0,1415,14.149999999997597,1.0,0.0,0.6797935709724975,0.35403207224140876,0.7359108885540404,1.180758795717123,0.3888439036527881,7.169114112854004,2.67525315284729,0
mujoco,slope_forward,0,0,1416,14.159999999997591,1.0,0.0,0.6721183118491226,0.375493901819383,0.7605761709415406,1.4190376415516268,-0.032534111160191684,9.207741737365723,2.5220677852630615,0
mujoco,slope_forward,0,0,1417,14.169999999997586,1.0,0.0,0.6653601888257329,0.38995026987618153,0.7857043991705063,1.6440266528830758,-0.4138002846574787,10.647753715515137,1.5840200185775757,0
mujoco,slope_forward,0,0,1418,14.17999999999758,1.0,0.0,0.6593896250771756,0.403940518734578,0.8105056743842165,1.8470300234339585,-0.6030094014177535,11.272624969482422,0.7120277285575867,0
mujoco,slope_forward,0,0,1419,14.189999999997575,1.0,0.0,0.6536295513468319,0.41342737290768106,0.8321914022898229,1.9689048174114907,-1.4209473320438877,11.436349868774414,0.3256254196166992,0
mujoco,slope_forward,0,0,1420,14.19999999999757,1.0,0.0,0.6494621677569613,0.41625081995574037,0.8491183216937812,1.5451903679757732,-0.6300394895992978,10.506053924560547,2.1646478176116943,0
mujoco,slope_forward,0,0,1421,14.209999999997564,1.0,0.0,0.6516905465627875,0.44407164628142687,0.8716187646116732,1.109094578268374,0.4411482443322492,9.296442031860352,1.6410040855407715,0
mujoco,slope_forward,0,0,1422,14.219999999997558,1.0,0.0,0.6560443969460359,0.4763614530798357,0.8968685762748302,0.8760771210156539,0.8195465915246125,8.842100143432617,1.222030520439148,0
mujoco,slope_forward,0,0,1423,14.229999999997553,1.0,0.0,0.6607307401135004,0.5069881585354796,0.9173735080932408,0.7177247423578951,0.8444303158339683,8.7194185256958,0.42858442664146423,0
mujoco,slope_forward,0,0,1424,14.239999999997547,1.0,0.0,0.6651356282298732,0.5317687755196687,0.931002985065432,0.596305021974718,0.7772678950792262,8.711474418640137,0.5255407691001892,0
mujoco,slope_forward,0,0,1425,14.249999999997542,1.0,0.0,0.6688236070083377,0.549583183524299,0.9455472043162622,0.5332420431133585,0.2753571728264701,8.559920310974121,0.22993063926696777,0
mujoco,slope_forward,0,0,1426,14.259999999997536,1.0,0.0,0.6715935662972355,0.5610462470426817,0.9610393917329417,0.5157541197473635,0.22115222158996198,8.489981651306152,0.5430365800857544,0
mujoco,slope_forward,0,0,1427,14.26999999999753,1.0,0.0,0.6735081503678565,0.5733622378173067,0.9772056122993684,0.4715864015442112,0.20023571512287475,8.268777847290039,0.3917805254459381,0
mujoco,slope_forward,0,0,1428,14.279999999997525,1.0,0.0,0.6746633097277752,0.5924236684214108,0.9967635705766996,0.4486416761273997,0.3754612711484028,7.950666904449463,0.44576191902160645,0
mujoco,slope_forward,0,0,1429,14.28999999999752,1.0,0.0,0.6751024731338781,0.6167379629413029,1.0167398784254114,0.40622123828713946,0.546044445403216,7.630400657653809,0.616646409034729,0
mujoco,slope_forward,0,0,1430,14.299999999997514,1.0,0.0,0.6758668058890384,0.6405872336878894,1.0315206042386174,0.3756854697741111,0.6433335846569277,7.022688388824463,0.6395801305770874,0
mujoco,slope_forward,0,0,1431,14.309999999997508,1.0,0.0,0.6770625277328193,0.6633679866761183,1.0425493846499776,0.37675253516024526,0.6968030983711506,6.441926002502441,0.8251954913139343,0
mujoco,slope_forward,0,0,1432,14.319999999997503,1.0,0.0,0.6784905914018484,0.6883071297489387,1.0521912452047273,0.3941071209634879,0.6797267472850913,5.544632911682129,1.1124048233032227,0
mujoco,slope_forward,0,0,1433,14.329999999997497,1.0,0.0,0.6802968238297376,0.7186364360360181,1.0610266904151588,0.4223207696698622,0.7373264687857832,4.422989368438721,1.4478141069412231,0
mujoco,slope_forward,0,0,1434,14.339999999997492,1.0,0.0,0.6827416883396165,0.7574526729957877,1.0689883316086295,0.44023114589829127,1.0797096600130944,3.384381055831909,1.8562698364257812,0
mujoco,slope_forward,0,0,1435,14.349999999997486,1.0,0.0,0.6860483394608576,0.8000857663721359,1.0734150941976672,0.4788149044964897,1.2127981729692126,3.161853313446045,2.3362605571746826,0
mujoco,slope_forward,0,0,1436,14.35999999999748,1.0,0.0,0.6906107044980764,0.8383226952933053,1.0756437317191492,0.5574687697900407,1.122408823770032,4.291783332824707,1.9568798542022705,0
mujoco,slope_forward,0,0,1437,14.369999999997475,1.0,0.0,0.6963210363593925,0.8661413312290962,1.0774205229654252,0.6545685022656579,0.8775376553755617,5.3545002937316895,1.5499846935272217,0
mujoco,slope_forward,0,0,1438,14.37999999999747,1.0,0.0,0.7026500162736082,0.8806003201232664,1.077068817929045,0.7463520455114205,0.8542575271079061,6.605380058288574,1.511356234550476,0
mujoco,slope_forward,0,0,1439,14.389999999997464,1.0,0.0,0.7087648860456247,0.8845872435391283,1.0722934486559308,0.8336864768387955,1.1197451155374376,7.370621681213379,0.9207063317298889,0
mujoco,slope_forward,0,0,1440,14.399999999997458,1.0,0.0,0.714131021117685,0.8839776565140353,1.0609523841534796,0.8865763281762958,1.6759215970941062,7.694725513458252,0.6975226402282715,0
mujoco,slope_forward,0,0,1441,14.409999999997453,1.0,0.0,0.7184362744137821,0.890235001478289,1.043827890881063,0.9058124853252816,2.2803907048473824,7.386595726013184,0.6918184757232666,0
mujoco,slope_forward,0,0,1442,14.419999999997447,1.0,0.0,0.7217199419694053,0.9061824511230455,1.025194861923909,0.9072639101999174,2.581122517079523,7.093658924102783,0.6943816542625427,0
mujoco,slope_forward,0,0,1443,14.429999999997442,1.0,0.0,0.723925859660612,0.9243241811096596,1.0044748734888418,0.8980046313248058,2.7700805326805744,6.874969482421875,0.6484655141830444,0
mujoco,slope_forward,0,0,1444,14.439999999997436,1.0,0.0,0.7249967724065298,0.9392800805072288,0.9810545659840058,0.8847741181492554,2.8375266843158897,6.645531177520752,0.7076334357261658,0
mujoco,slope_forward,0,0,1445,14.44999999999743,1.0,0.0,0.7249331190731444,0.9488674490997857,0.9556555267942035,0.8605968796277068,2.7081409254778146,6.532907485961914,0.4309571087360382,0
mujoco,slope_forward,0,0,1446,14.459999999997425,1.0,0.0,0.7237230516091134,0.9528428898402717,0.9298431990002022,0.8332565944810842,2.419473043099254,6.411833763122559,0.4180564284324646,0
mujoco,slope_forward,0,0,1447,14.46999999999742,1.0,0.0,0.7213539337661473,0.9521700666412494,0.9056113052409849,0.8054818061746565,2.021210855878351,6.281682014465332,0.33386021852493286,0
mujoco,slope_forward,0,0,1448,14.479999999997414,1.0,0.0,0.7178391633809064,0.9491449136902395,0.8850623803844705,0.7794721344211533,1.5707515442079991,6.034809112548828,0.4742279648780823,0
mujoco,slope_forward,0,0,1449,14.489999999997409,1.0,0.0,0.7131929154267771,0.9450509810513888,0.8693208894246458,0.7597517735970165,1.1078383952213966,5.623199462890625,0.6728768944740295,0
mujoco,slope_forward,0,0,1450,14.499999999997403,1.0,0.0,0.7074336227212614,0.9399739270678443,0.8584286259807049,0.7489611166929325,0.6508310219201883,5.108038425445557,0.8151018023490906,0
mujoco,slope_forward,0,0,1451,14.509999999997397,1.0,0.0,0.7005847988604926,0.9338222738568552,0.8524890577312382,0.7494155781912,0.19823982801731466,4.478655815124512,0.9168939590454102,0
mujoco,slope_forward,0,0,1452,14.519999999997392,1.0,0.0,0.6926894523295113,0.9276665040466501,0.8528607878167208,0.7562098546068274,-0.3064160617398587,3.802255630493164,1.0741387605667114,0
mujoco,slope_forward,0,0,1453,14.529999999997386,1.0,0.0,0.683799586687529,0.9217758873454225,0.8606338192904486,0.7762405099218843,-0.8266574950718968,3.1438403129577637,1.2135696411132812,0
mujoco,slope_forward,0,0,1454,14.53999999999738,1.0,0.0,0.6739773308750406,0.9132924982895892,0.8724504545453896,0.8261809899294965,-1.232422999697718,3.2859013080596924,2.0589802265167236,0
mujoco,slope_forward,0,0,1455,14.549999999997375,1.0,0.0,0.66889898076978,0.9241969540235162,0.8807195190921702,0.7693070687319578,0.3617662246835307,5.5771355628967285,3.5125081539154053,0
mujoco,slope_forward,0,0,1456,14.55999999999737,1.0,0.0,0.6690533763270546,0.9498726746361362,0.8877508452232327,0.6430108997910128,0.903290577679691,6.268062591552734,1.9642685651779175,0
mujoco,slope_forward,0,0,1457,14.569999999997364,1.0,0.0,0.6710356038078621,0.9783682755306697,0.8942427259219177,0.592503289697679,1.0967298314252498,7.356292724609375,1.2606433629989624,0
mujoco,slope_forward,0,0,1458,14.579999999997359,1.0,0.0,0.6734824645125116,1.0051052362111284,0.8991473134715183,0.5324404486052506,1.1265021107039064,7.7429728507995605,0.8916141390800476,0
mujoco,slope_forward,0,0,1459,14.589999999997353,1.0,0.0,0.6758487267259938,1.0263854336925502,0.9017082972667874,0.4710150238801835,1.126790193177934,7.230125427246094,0.8287040591239929,0
mujoco,slope_forward,0,0,1460,14.599999999997348,1.0,0.0,0.6777694138694164,1.0420014925793923,0.9021265940130455,0.41131924817598414,1.1021152375686487,6.910370349884033,0.8196683526039124,0
mujoco,slope_forward,0,0,1461,14.609999999997342,1.0,0.0,0.6790393151212115,1.0529493072127716,0.9012210949707171,0.3364330220710731,1.0572430089197273,6.695217132568359,0.936934769153595,0
mujoco,slope_forward,0,0,1462,14.619999999997336,1.0,0.0,0.6796005199365824,1.0603273872714813,0.899340939836114,0.27635672195879973,1.0403910015023796,6.581833839416504,0.5556097626686096,0
mujoco,slope_forward,0,0,1463,14.629999999997331,1.0,0.0,0.6796454054378644,1.0638570198495745,0.8961047425838701,0.2253013749202237,1.0439269732686876,6.3755106925964355,0.5425552725791931,0
mujoco,slope_forward,0,0,1464,14.639999999997325,1.0,0.0,0.6793472137527183,1.0635431000508468,0.8911926182241302,0.1887638405968162,1.072734641162328,6.122196197509766,0.6553483605384827,0
mujoco,slope_forward,0,0,1465,14.64999999999732,1.0,0.0,0.6787999863574355,1.0601570037635863,0.8844693189590109,0.15863110465573738,1.0980691346151594,5.941488742828369,0.40031006932258606,0
mujoco,slope_forward,0,0,1466,14.659999999997314,1.0,0.0,0.6780499720365017,1.0543639976814836,0.8758805145142358,0.13990335233096876,1.1428082821658798,5.784067630767822,0.29631632566452026,0
mujoco,slope_forward,0,0,1467,14.669999999997309,1.0,0.0,0.677129675979147,1.04710808723226,0.8657383597494823,0.12884698780236215,1.1751845699200734,5.594926834106445,0.36028096079826355,0
mujoco,slope_forward,0,0,1468,14.679999999997303,1.0,0.0,0.6763249462277681,1.040880047068479,0.8563916654401892,0.15621354125270231,1.2343020741873028,5.150761127471924,0.5427413582801819,0
mujoco,slope_forward,0,0,1469,14.689999999997298,1.0,0.0,0.6762691406451194,1.0406642034283402,0.8494170141994688,0.19098712935440257,1.2995248919313227,4.471437931060791,0.8293963074684143,0
mujoco,slope_forward,0,0,1470,14.699999999997292,1.0,0.0,0.6769593842397069,1.057119235402184,0.8469507220690319,0.18639152736393683,1.3942284185900506,3.7195589542388916,1.1300398111343384,0
mujoco,slope_forward,0,0,1471,14.709999999997287,1.0,0.0,0.6783147986849712,1.0784784636146405,0.8429073173448924,0.18091440760100125,1.5093038338614015,3.010172128677368,1.554543137550354,0
mujoco,slope_forward,0,0,1472,14.719999999997281,1.0,0.0,0.680571487327366,1.0987977098194415,0.8352422802367016,0.1785011401247031,1.7135263941835417,3.0369105339050293,1.433600664138794,0
mujoco,slope_forward,0,0,1473,14.729999999997275,1.0,0.0,0.6839121393007837,1.1172911472032359,0.8242278308906226,0.20173826278410523,1.8250758464814953,3.0933308601379395,1.458289623260498,0
mujoco,slope_forward,0,0,1474,14.73999999999727,1.0,0.0,0.6882208691802995,1.1279677295261625,0.8106932999824433,0.23917874826036747,1.8315807712544934,3.7447900772094727,0.9507570266723633,0
mujoco,slope_forward,0,0,1475,14.749999999997264,1.0,0.0,0.6933704949890367,1.1311238517272626,0.7955997798959465,0.29111812746620563,1.8787946329620853,4.433983325958252,0.9959504008293152,0
mujoco,slope_forward,0,0,1476,14.759999999997259,1.0,0.0,0.6992424889931346,1.126343633572509,0.7786107590840551,0.344058569436187,1.9092600882325983,5.1871337890625,1.043355107307434,0
mujoco,slope_forward,0,0,1477,14.769999999997253,1.0,0.0,0.7051457762102549,1.116981638411244,0.759666648307371,0.34558804396691806,1.9866935757361082,5.813589572906494,0.9274908304214478,0
mujoco,slope_forward,0,0,1478,14.779999999997248,1.0,0.0,0.7099259653165574,1.1033900856747814,0.735131925817473,0.3724501895445918,2.4358900773378953,6.026237964630127,1.1078405380249023,0
mujoco,slope_forward,0,0,1479,14.789999999997242,1.0,0.0,0.7136788375635711,1.0968650968896645,0.7101573040061638,0.378784360269345,2.6677570528005643,6.280653476715088,0.5874459743499756,0
mujoco,slope_forward,0,0,1480,14.799999999997237,1.0,0.0,0.7164443418655968,1.094760410428617,0.6838354952409166,0.37453489921897426,2.787881010495272,6.208741664886475,0.5039631724357605,0
mujoco,slope_forward,0,0,1481,14.809999999997231,1.0,0.0,0.718177017298803,1.0945813973696528,0.6563291157658119,0.3694534140776234,2.7791194128383725,6.174411296844482,0.4348646104335785,0
mujoco,slope_forward,0,0,1482,14.819999999997226,1.0,0.0,0.7188666718602033,1.0957616235579444,0.6286555078230625,0.36281193396846123,2.6753786291989394,6.122158050537109,0.45911604166030884,0
mujoco,slope_forward,0,0,1483,14.82999999999722,1.0,0.0,0.7184972657366611,1.0981787578441948,0.6020421564033159,0.3579866771830821,2.4856106883418616,5.951156139373779,0.460149347782135,0
mujoco,slope_forward,0,0,1484,14.839999999997215,1.0,0.0,0.7170559075929481,1.1019073082943327,0.5779980105753999,0.3555797198307346,2.231135359307746,5.650399208068848,0.5650969743728638,0
mujoco,slope_forward,0,0,1485,14.849999999997209,1.0,0.0,0.7145408947460178,1.106656855638146,0.5575855521964852,0.3522900178035082,1.9063325920568108,5.290338039398193,0.6748786568641663,0
mujoco,slope_forward,0,0,1486,14.859999999997203,1.0,0.0,0.7109406423416154,1.1120067151745376,0.54160744559168,0.3522500393215862,1.5307015929711159,4.812450885772705,0.8159461617469788,0
mujoco,slope_forward,0,0,1487,14.869999999997198,1.0,0.0,0.7061665371388426,1.1163914047842824,0.5310637545109005,0.35738955495258234,0.9990790014374868,3.791316509246826,1.5091724395751953,0
mujoco,slope_forward,0,0,1488,14.879999999997192,1.0,0.0,0.7001435380142027,1.1198183711136656,0.5286071014301021,0.3578430386818279,0.18724229433124034,3.1762032508850098,2.234920024871826,0
mujoco,slope_forward,0,0,1489,14.889999999997187,1.0,0.0,0.6928927679262387,1.1216741337735676,0.5347321099873519,0.3501573649954084,-0.6743343055752923,3.287222146987915,1.5558617115020752,0
mujoco,slope_forward,0,0,1490,14.899999999997181,1.0,0.0,0.6845122563652037,1.1217719540890652,0.5464576181553804,0.35939184272638813,-1.1717302858305345,2.7913336753845215,1.2967114448547363,0
mujoco,slope_forward,0,0,1491,14.909999999997176,1.0,0.0,0.6752196788027792,1.119424016247111,0.5601077778571104,0.41993319683047203,-1.2230579700686444,3.3306026458740234,2.4638328552246094,0
mujoco,slope_forward,0,0,1492,14.91999999999717,1.0,0.0,0.6653110497111568,1.1208628585990834,0.5793161573509767,0.4819853290133868,-1.473526948832683,5.139815807342529,2.716181516647339,0
mujoco,slope_forward,0,0,1493,14.929999999997165,1.0,0.0,0.6547047378448736,1.1189667875784752,0.6019478413262066,0.526204901502018,-1.6580208987487928,6.475231170654297,1.9964988231658936,0
mujoco,slope_forward,0,0,1494,14.939999999997159,1.0,0.0,0.6475611499760822,1.1284710559823548,0.6140146377988585,0.6156012607227298,0.6082232587000477,6.435181140899658,0.7189109325408936,0
mujoco,slope_forward,0,0,1495,14.949999999997154,1.0,0.0,0.6455659302782214,1.1431736727740502,0.6107426904919645,0.6111250507484083,1.9330892513940776,5.293396472930908,2.507222890853882,0
mujoco,slope_forward,0,0,1496,14.959999999997148,1.0,0.0,0.6453030636065171,1.153891738592602,0.6003977056176182,0.594976678914697,2.342942882386705,5.0276384353637695,1.2140103578567505,0
mujoco,slope_forward,0,0,1497,14.969999999997142,1.0,0.0,0.6453927162644606,1.1603893027892778,0.5866418184496293,0.5669452239363676,2.5542304694314195,5.3604960441589355,0.556256890296936,0
mujoco,slope_forward,0,0,1498,14.979999999997137,1.0,0.0,0.6453573635668812,1.1636922736293662,0.5715193354118914,0.5322164891069758,2.5491923956961906,5.847563743591309,0.5867249369621277,0
mujoco,slope_forward,0,0,1499,14.989999999997131,1.0,0.0,0.6449533011138834,1.163767621477081,0.5559387095036794,0.5053881269679522,2.5445770033400774,6.238144397735596,0.5379352569580078,0
mujoco,slope_forward,0,0,1500,14.999999999997126,1.0,0.0,0.6442078154164095,1.1613829887303866,0.5401121571357714,0.4755096626605286,2.5609634945301134,6.4373650550842285,0.29846101999282837,0
mujoco,slope_forward,0,0,1501,15.00999999999712,1.0,0.0,0.6434104649418158,1.1586429838692842,0.5237039624511983,0.4425977484641336,2.6991880813435105,6.41481876373291,0.2751483619213104,0
mujoco,slope_forward,0,0,1502,15.019999999997115,1.0,0.0,0.6427123600157028,1.1558862475228873,0.5067172785827988,0.4113725879776776,2.8208377001425244,6.227171897888184,0.4183289706707001,0
mujoco,slope_forward,0,0,1503,15.02999999999711,1.0,0.0,0.6419937820742898,1.151482806245729,0.48968704594438905,0.389803365779813,2.860455002045579,6.010702133178711,0.3654211163520813,0
mujoco,slope_forward,0,0,1504,15.039999999997104,1.0,0.0,0.641185143087274,1.1451926988784074,0.47300941352659276,0.3719444927116594,2.8375984912551213,5.8419318199157715,0.2680482566356659,0
mujoco,slope_forward,0,0,1505,15.049999999997098,1.0,0.0,0.6402546554717419,1.1371489940200366,0.4566001776790141,0.3613681728921411,2.8100868647696537,5.595084190368652,0.32516515254974365,0
mujoco,slope_forward,0,0,1506,15.059999999997093,1.0,0.0,0.6391675324001238,1.1279056193415868,0.4400970184905171,0.3648046935552116,2.8142950847977306,5.315525531768799,0.39407551288604736,0
mujoco,slope_forward,0,0,1507,15.069999999997087,1.0,0.0,0.6379282646672965,1.117798503511143,0.42327859936333745,0.3715345322391378,2.8042074027551798,4.913404941558838,0.49532580375671387,0
mujoco,slope_forward,0,0,1508,15.079999999997082,1.0,0.0,0.6364989600521108,1.107372575378488,0.40590287672402847,0.3872809712355596,2.8237824395554654,4.5911173820495605,0.4620407819747925,0
mujoco,slope_forward,0,0,1509,15.089999999997076,1.0,0.0,0.6348685481193506,1.0969666522531771,0.3875697029095936,0.4062151722520067,2.812734986770077,4.055473327636719,0.8133987188339233,0
mujoco,slope_forward,0,0,1510,15.09999999999707,1.0,0.0,0.6330101265553849,1.0871251522536727,0.3680013508520268,0.4310284984477775,2.789666271189899,3.5194058418273926,0.871242880821228,0
mujoco,slope_forward,0,0,1511,15.109999999997065,1.0,0.0,0.6308820868253269,1.0778881792244968,0.3467894778245272,0.46202777816950363,2.8353236660796073,2.8920161724090576,1.1176954507827759,0
mujoco,slope_forward,0,0,1512,15.11999999999706,1.0,0.0,0.6284948153328381,1.0693908941610042,0.323543776311905,0.4945933925619446,2.977290102283333,2.485755681991577,1.8014097213745117,0
mujoco,slope_forward,0,0,1513,15.129999999997054,1.0,0.0,0.625830356780069,1.0602768471559492,0.2981152250860899,0.5425460811195358,3.3569522561629594,3.01582407951355,1.6922682523727417,0
mujoco,slope_forward,0,0,1514,15.139999999997048,1.0,0.0,0.6231355019006668,1.0508446044824467,0.2701209656083464,0.5983733060157767,3.7921690215182795,3.7879369258880615,1.1842679977416992,0
mujoco,slope_forward,0,0,1515,15.149999999997043,1.0,0.0,0.6202995220578402,1.0415960159124695,0.23962086425313983,0.6441564171157311,4.011580615176022,4.511943340301514,0.9666268825531006,0
mujoco,slope_forward,0,0,1516,15.159999999997037,1.0,0.0,0.6172456466850813,1.033137535158531,0.20673294223286803,0.6797668082099528,4.138528338609445,4.953192234039307,0.7359859347343445,0
mujoco,slope_forward,0,0,1517,15.169999999997032,1.0,0.0,0.6139011793937881,1.025884300245424,0.17180440222209736,0.7091630753952517,4.1106610459899535,5.063632965087891,0.45710280537605286,0
mujoco,slope_forward,0,0,1518,15.179999999997026,1.0,0.0,0.6102647177590712,1.0189037234927243,0.13496660379048464,0.7309693045976358,4.182921436531276,5.044061660766602,0.32768914103507996,0
mujoco,slope_forward,0,0,1519,15.18999999999702,1.0,0.0,0.6062820548331215,1.011237237077262,0.096426946219969,0.7476742697860628,4.273615873384442,4.928251266479492,0.2585175633430481,0
mujoco,slope_forward,0,0,1520,15.199999999997015,1.0,0.0,0.6020264296964811,1.002971070923571,0.05628255232594665,0.7593759582787439,4.384239810700225,4.765771865844727,0.43628308176994324,0
mujoco,slope_forward,0,0,1521,15.20999999999701,1.0,0.0,0.5974900115149325,0.9942207734856262,0.014879910444147727,0.7635713812949996,4.47102560530244,4.580320358276367,0.5584090352058411,0
mujoco,slope_forward,0,0,1522,15.219999999997004,1.0,0.0,0.5931859748545601,0.9856519082869409,-0.028065296406812268,0.7777437477669112,4.707622620207819,4.122889995574951,0.7675945162773132,0
mujoco,slope_forward,0,0,1523,15.229999999996998,1.0,0.0,0.5898210786178874,0.9766167301341144,-0.0723187134273264,0.7776554153041145,4.835476837672438,2.8406248092651367,1.5573697090148926,0
mujoco,slope_forward,0,0,1524,15.239999999996993,1.0,0.0,0.5866750786565426,0.9658807847537996,-0.1161605106256096,0.7501406986550939,4.4840973556637325,2.36683988571167,3.4256012439727783,0
mujoco,slope_forward,0,0,1525,15.249999999996987,1.0,0.0,0.5835624357818008,0.9515772141751405,-0.15676532257931572,0.694144801719966,4.1626965393731625,4.062084674835205,1.99274480342865,0
mujoco,slope_forward,0,0,1526,15.259999999996982,1.0,0.0,0.5803938472984833,0.933392151005956,-0.1937358996437253,0.653246698829475,3.9777799824659406,3.088616371154785,1.3550783395767212,0
mujoco,slope_forward,0,0,1527,15.269999999996976,1.0,0.0,0.5767317420534737,0.9130283832696056,-0.22632152181315293,0.6495532178223019,3.614483742866586,2.4072654247283936,1.2975730895996094,0
mujoco,slope_forward,0,0,1528,15.27999999999697,1.0,0.0,0.5724957109187905,0.8929634402868158,-0.2583367087195006,0.6320672242340238,3.774659899754205,2.2530343532562256,0.8371309638023376,0
mujoco,slope_forward,0,0,1529,15.289999999996965,1.0,0.0,0.5680226221954039,0.8720527886387823,-0.29377051058822395,0.6175135263703272,3.991636954756275,1.9090949296951294,0.9092913269996643,0
mujoco,slope_forward,0,0,1530,15.29999999999696,1.0,0.0,0.5632316847305048,0.8481775341362225,-0.32961260743979093,0.608404076548048,3.9807731186219493,1.9498142004013062,0.8466143012046814,0
mujoco,slope_forward,0,0,1531,15.309999999996954,1.0,0.0,0.5579810493842265,0.8199583072159271,-0.36263810985663125,0.5944460247062621,4.006424682101231,1.7813918590545654,0.706893801689148,0
mujoco,slope_forward,0,0,1532,15.319999999996949,1.0,0.0,0.5523658593699108,0.7889178839989376,-0.3951938805570644,0.5855291972040522,3.9288477931889645,1.7457257509231567,0.5314024090766907,0
mujoco,slope_forward,0,0,1533,15.329999999996943,1.0,0.0,0.546423095505312,0.7564922769964899,-0.42872046130147395,0.5689956902876607,3.9688979569068064,1.7896838188171387,0.4734560251235962,0
mujoco,slope_forward,0,0,1534,15.339999999996937,1.0,0.0,0.5400045849443215,0.7203673858890318,-0.45944855053647526,0.5639624266817191,3.9573889219431004,1.9762598276138306,0.6496226787567139,0
mujoco,slope_forward,0,0,1535,15.349999999996932,1.0,0.0,0.5332138303854501,0.6814815887366718,-0.4916564160810694,0.5526047340987316,4.057372716809261,1.8538180589675903,0.5050999522209167,0
mujoco,slope_forward,0,0,1536,15.359999999996926,1.0,0.0,0.5258996838090376,0.6399782371529598,-0.5231419737780609,0.5496142081839906,4.054228771870409,2.163691997528076,0.45814117789268494,0
mujoco,slope_forward,0,0,1537,15.36999999999692,1.0,0.0,0.5180809712738608,0.5962526175572336,-0.5557669820485662,0.5346790672652446,4.177186748948994,2.3314356803894043,0.48036623001098633,0
mujoco,slope_forward,0,0,1538,15.379999999996915,1.0,0.0,0.5096683248684821,0.5489281692012982,-0.5854525283226181,0.5224026657664019,4.3059667856789865,2.5906026363372803,0.4961279630661011,0
mujoco,slope_forward,0,0,1539,15.38999999999691,1.0,0.0,0.5007242035527467,0.49950945710767447,-0.6147325731564216,0.5204437356022817,4.334462377844213,2.529979705810547,0.35259687900543213,0
mujoco,slope_forward,0,0,1540,15.399999999996904,1.0,0.0,0.49107271305518224,0.44914959632173546,-0.6433515225746708,0.5083812566383855,4.344421209975033,2.50913667678833,0.2392149269580841,0
mujoco,slope_forward,0,0,1541,15.409999999996899,1.0,0.0,0.48069414474240285,0.3983928374775752,-0.6730307994494809,0.49565096002513026,4.356814323221519,2.4793717861175537,0.2951345443725586,0
mujoco,slope_forward,0,0,1542,15.419999999996893,1.0,0.0,0.46949865621450926,0.3465354597544498,-0.7017054946006818,0.47953581247496185,4.397406021395836,2.5002493858337402,0.14246967434883118,0
mujoco,slope_forward,0,0,1543,15.429999999996888,1.0,0.0,0.4574475605057484,0.2931392217250687,-0.7280476008687976,0.469783959475048,4.390565199487488,2.5320334434509277,0.15624557435512543,0
mujoco,slope_forward,0,0,1544,15.439999999996882,1.0,0.0,0.4444660025187712,0.23849064549118767,-0.750369785785766,0.4610774315454174,4.313883881686257,2.5299577713012695,0.14383618533611298,0
mujoco,slope_forward,0,0,1545,15.449999999996876,1.0,0.0,0.43049211977509555,0.18350876008948339,-0.7715687167606312,0.4430642025825253,4.303716171604645,2.5081048011779785,0.2558073401451111,0
mujoco,slope_forward,0,0,1546,15.459999999996871,1.0,0.0,0.4154505433145073,0.12860096181166877,-0.7882341721528247,0.4109576428280092,3.799232572515548,2.588383197784424,0.14105010032653809,0
mujoco,slope_forward,0,0,1547,15.469999999996865,1.0,0.0,0.39913395040626215,0.07701212652070842,-0.7961338655628081,0.379195278300833,3.3644922222567253,2.504261016845703,0.2813015878200531,0
mujoco,slope_forward,0,0,1548,15.47999999999686,1.0,0.0,0.3817835611139624,0.026657338639033617,-0.7996447112050777,0.36611345666861145,3.2406095891113353,2.514432668685913,0.26575005054473877,0
mujoco,slope_forward,0,0,1549,15.489999999996854,1.0,0.0,0.3635160505182484,-0.022458895618674157,-0.801324722387471,0.3619113001732925,3.1245140254349697,2.5455615520477295,0.10634563118219376,0
mujoco,slope_forward,0,0,1550,15.499999999996849,1.0,0.0,0.34433534290786927,-0.07018009049399977,-0.8020283520415059,0.35967725387004157,3.023985358127971,2.528118371963501,0.1309012919664383,0
mujoco,slope_forward,0,0,1551,15.509999999996843,1.0,0.0,0.3242278740243733,-0.11673083963329448,-0.8016787477176323,0.3547796543657455,2.9389076024601284,2.581146001815796,0.13765406608581543,0
mujoco,slope_forward,0,0,1552,15.519999999996838,1.0,0.0,0.3031862621703682,-0.1620528310182426,-0.8004300141087657,0.35122325019775014,2.845967857917255,2.5734410285949707,0.12686382234096527,0
mujoco,slope_forward,0,0,1553,15.529999999996832,1.0,0.0,0.2812076838020925,-0.2059881321287502,-0.7982487714717593,0.34683317974717964,2.7627682183330338,2.60858416557312,0.13293185830116272,0
mujoco,slope_forward,0,0,1554,15.539999999996827,1.0,0.0,0.26293112905143107,-0.20150554412956898,-0.803633508554373,0.23822375494860826,-0.9623501604809781,2.6105408668518066,0.16066090762615204,0
mujoco,slope_forward,0,0,1555,15.549999999996821,1.0,0.0,0.251955460332676,-0.14781698523595668,-0.7985774715133076,0.01495540343556264,-1.8582727881040284,3.3983571529388428,2.4797630310058594,0
mujoco,slope_forward,0,0,1556,15.559999999996815,1.0,0.0,0.2454961984149528,-0.09020319445313531,-0.7913530951681471,-0.231460545172014,-1.4749505123080895,3.5553627014160156,1.1200135946273804,0
mujoco,slope_forward,0,0,1557,15.56999999999681,1.0,0.0,0.2413689193300764,-0.03452196435714455,-0.77844175808436,-0.3875126440330032,-1.7898457461190005,2.7864396572113037,1.3107856512069702,0
mujoco,slope_forward,0,0,1558,15.579999999996804,1.0,0.0,0.2384151029626487,0.007872105043041026,-0.7714243088896534,-0.46993928636234633,-0.9041081596995353,3.157473564147949,1.0256868600845337,0
mujoco,slope_forward,0,0,1559,15.589999999996799,1.0,0.0,0.2379481361800106,0.014119413766144253,-0.7742827418853263,-0.4026564367187963,0.2797017426121572,3.2911300659179688,0.918626070022583,0
mujoco,slope_forward,0,0,1560,15.599999999996793,1.0,0.0,0.23918895001278118,0.005408013510410463,-0.7797120009235564,-0.29300299858701856,0.6656027864039877,3.3695931434631348,0.4256172478199005,0
mujoco,slope_forward,0,0,1561,15.609999999996788,1.0,0.0,0.24130793182638957,-0.003908254330079199,-0.7851476838368774,-0.202819438421714,0.4823748840887442,3.0642876625061035,0.6913451552391052,0
mujoco,slope_forward,0,0,1562,15.619999999996782,1.0,0.0,0.2436008934502608,-0.010476449996305572,-0.7884790575483707,-0.1318953346211245,0.4197128953311353,2.979463577270508,0.29711437225341797,0
mujoco,slope_forward,0,0,1563,15.629999999996777,1.0,0.0,0.24563251125202407,-0.014865725468523789,-0.7918010668576961,-0.08173230594375423,0.3935024546810597,2.868317127227783,0.37912827730178833,0
mujoco,slope_forward,0,0,1564,15.639999999996771,1.0,0.0,0.24716092597409622,-0.01842022853246083,-0.7950688589586947,-0.0396719493041836,0.4539219787199734,2.791579246520996,0.16992191970348358,0
mujoco,slope_forward,0,0,1565,15.649999999996766,1.0,0.0,0.24808798920958514,-0.022530247725490025,-0.8001187601850369,-0.01477436135986584,0.5238144010955265,2.9479315280914307,0.22156137228012085,0
mujoco,slope_forward,0,0,1566,15.65999999999676,1.0,0.0,0.2484065552293364,-0.026979367839476392,-0.8056484872736801,0.023618393672431466,0.5349527939643122,2.867607831954956,0.1625860333442688,0
mujoco,slope_forward,0,0,1567,15.669999999996755,1.0,0.0,0.24816952506721243,-0.03191200976547693,-0.8123400994145856,0.055641433399662904,0.6166606716961619,2.9376044273376465,0.11971241235733032,0
mujoco,slope_forward,0,0,1568,15.679999999996749,1.0,0.0,0.24742000970208983,-0.03771167380172595,-0.819751989982158,0.09126752402107349,0.6770243658062033,2.937514543533325,0.04325951263308525,0
mujoco,slope_forward,0,0,1569,15.689999999996743,1.0,0.0,0.2462117726618316,-0.04445014184086865,-0.8281485822684216,0.12679005020649284,0.7381356778308827,2.933671236038208,0.05702025443315506,0
mujoco,slope_forward,0,0,1570,15.699999999996738,1.0,0.0,0.24458319367444484,-0.052376001162214636,-0.837212030154397,0.16246694571831258,0.8047977052734311,2.9379584789276123,0.05510128661990166,0
mujoco,slope_forward,0,0,1571,15.709999999996732,1.0,0.0,0.24256227663434426,-0.06164330073446159,-0.8470171640009974,0.19776899975485995,0.8593372053453804,2.9399054050445557,0.03371216729283333,0
mujoco,slope_forward,0,0,1572,15.719999999996727,1.0,0.0,0.24015823717984677,-0.07248630705025075,-0.8570653742034322,0.23276151068626771,0.9293375220923032,2.9526844024658203,0.040107328444719315,0
mujoco,slope_forward,0,0,1573,15.729999999996721,1.0,0.0,0.2373788375625229,-0.0850053523638499,-0.8675963060008894,0.26748769233205966,0.9883078613280679,2.946920394897461,0.03357734531164169,0
mujoco,slope_forward,0,0,1574,15.739999999996716,1.0,0.0,0.23421227674921605,-0.09945835166620545,-0.8781743523715448,0.3009972172535862,1.0701125301790926,2.9648990631103516,0.039400193840265274,0
mujoco,slope_forward,0,0,1575,15.74999999999671,1.0,0.0,0.2306506895716473,-0.11593856832106761,-0.8890555146224656,0.3343533235520849,1.1393298845904265,2.9606823921203613,0.051761873066425323,0
mujoco,slope_forward,0,0,1576,15.759999999996705,1.0,0.0,0.22681226820196432,-0.13319223341313763,-0.9003262995472111,0.346446943967138,1.1006777533116847,2.988424301147461,0.06225929781794548,0
mujoco,slope_forward,0,0,1577,15.769999999996699,1.0,0.0,0.22369991528660055,-0.14260192820929526,-0.9163163406714675,0.28784219632915226,0.7394826517409016,3.158155918121338,0.2191268503665924,0
mujoco,slope_forward,0,0,1578,15.779999999996694,1.0,0.0,0.22104883950202517,-0.14932092664735655,-0.9332483271585007,0.21121484831434031,0.5687635577221007,3.4369146823883057,0.35444575548171997,0
mujoco,slope_forward,0,0,1579,15.789999999996688,1.0,0.0,0.21849590440048713,-0.15650615911531796,-0.9505297774902702,0.15885521931838376,0.42686590996523593,3.4820282459259033,0.10895463824272156,0
mujoco,slope_forward,0,0,1580,15.799999999996682,1.0,0.0,0.2167150548961971,-0.16116656342479577,-0.9662935995845577,0.058646443673025433,-0.08652549335284863,3.5821611881256104,0.12947610020637512,0
mujoco,slope_forward,0,0,1581,15.809999999996677,1.0,0.0,0.21680530630023997,-0.15851485603072293,-0.9777370118401633,-0.015988318205599483,-0.41489347859840303,3.660926342010498,0.20705819129943848,0
mujoco,slope_forward,0,0,1582,15.819999999996671,1.0,0.0,0.21752410679683026,-0.1524454098243973,-0.9861355993275547,-0.05503961994774071,-0.5154592973885215,3.7491953372955322,0.16496898233890533,0
mujoco,slope_forward,0,0,1583,15.829999999996666,1.0,0.0,0.21825638652080379,-0.14474184938132725,-0.9921540199114887,-0.08368225845567012,-0.5637992429783181,3.7828781604766846,0.10274887830018997,0
mujoco,slope_forward,0,0,1584,15.83999999999666,1.0,0.0,0.21877270757402245,-0.13600310847092248,-0.9963428151017205,-0.10164122491524562,-0.5915013711656603,3.8200290203094482,0.1182079091668129,0
mujoco,slope_forward,0,0,1585,15.849999999996655,1.0,0.0,0.2191429468530469,-0.12704362348737383,-1.0000093780965966,-0.09249007907426432,-0.5207557617204283,3.762403964996338,0.09894108772277832,0
mujoco,slope_forward,0,0,1586,15.85999999999665,1.0,0.0,0.2194528990038259,-0.11846758926972972,-1.0037009561923131,-0.07451858031217036,-0.4276069170570333,3.7806594371795654,0.09225106984376907,0
mujoco,slope_forward,0,0,1587,15.869999999996644,1.0,0.0,0.21972079589329485,-0.11074129656723106,-1.0073682175094074,-0.057415012805919714,-0.34160738974253907,3.802290678024292,0.10142824798822403,0
mujoco,slope_forward,0,0,1588,15.879999999996638,1.0,0.0,0.2199446608995169,-0.10396522254956225,-1.0108857608196207,-0.042620735609150064,-0.2644829328260187,3.8566410541534424,0.09357352554798126,0
mujoco,slope_forward,0,0,1589,15.889999999996633,1.0,0.0,0.2201225467045427,-0.0980908609121633,-1.0141802178351011,-0.029888225681300777,-0.19464560181837642,3.8810529708862305,0.06151176244020462,0
mujoco,slope_forward,0,0,1590,15.899999999996627,1.0,0.0,0.22025700363146494,-0.09305377973666479,-1.0171906949365468,-0.01890526116815753,-0.1311076397096451,3.924811840057373,0.06246602162718773,0
mujoco,slope_forward,0,0,1591,15.909999999996622,1.0,0.0,0.22035502118525274,-0.08878267847941207,-1.0198679427139679,-0.009466038154610145,-0.07236448263687846,3.9588873386383057,0.07590808719396591,0
mujoco,slope_forward,0,0,1592,15.919999999996616,1.0,0.0,0.22042442091163075,-0.08520807538718514,-1.0221738403687965,-0.001265737923466782,-0.01734523125866025,4.006864547729492,0.10029308497905731,0
mujoco,slope_forward,0,0,1593,15.92999999999661,1.0,0.0,0.22047079188880658,-0.08227902678497549,-1.024076236482479,0.006117412999392632,0.035442303029181874,4.055124759674072,0.10977493971586227,0
mujoco,slope_forward,0,0,1594,15.939999999996605,1.0,0.0,0.220498166435423,-0.07995592720303749,-1.0255595467273224,0.01302825136741697,0.08722875362613017,4.106746196746826,0.11224516481161118,0
mujoco,slope_forward,0,0,1595,15.9499999999966,1.0,0.0,0.22050891421927327,-0.07820471175040945,-1.0266161974392891,0.019625668270982027,0.13808150793888452,4.156732559204102,0.10825777798891068,0
mujoco,slope_forward,0,0,1596,15.959999999996594,1.0,0.0,0.2205038886673329,-0.07699709265299806,-1.0272386719885067,0.026010353972178414,0.18818730291483624,4.21096134185791,0.10720028728246689,0
mujoco,slope_forward,0,0,1597,15.969999999996588,1.0,0.0,0.22048258178137084,-0.07630825412973863,-1.0274181123494008,0.03215631935694952,0.23687553863360847,4.264725208282471,0.10137800127267838,0
mujoco,slope_forward,0,0,1598,15.979999999996583,1.0,0.0,0.2204439818425886,-0.07610994687029322,-1.0271508705557792,0.03794771524858396,0.2830732185930471,4.317770957946777,0.08967993408441544,0
mujoco,slope_forward,0,0,1599,15.989999999996577,1.0,0.0,0.22038588963869485,-0.07638393632603162,-1.0264207245299408,0.043398112607096216,0.3266316367282713,4.363705158233643,0.07536352425813675,0
mujoco,slope_forward,0,0,1600,15.999999999996572,1.0,0.0,0.22030617971153416,-0.07710615204964448,-1.025218120089538,0.04853290715173581,0.36741899536059464,4.407496929168701,0.0668107345700264,0
mujoco,slope_forward,0,0,1601,16.009999999996584,1.0,0.0,0.2202024267313285,-0.07825599160948168,-1.0235313502630912,0.05334513815815702,0.40524899835417016,4.4479498863220215,0.06020215526223183,0
mujoco,slope_forward,0,0,1602,16.019999999996596,1.0,0.0,0.2200719306742087,-0.07981633549398463,-1.0213452781504135,0.05786943851378783,0.440216519435896,4.487048149108887,0.055596623569726944,0
mujoco,slope_forward,0,0,1603,16.02999999999661,1.0,0.0,0.21991190078370465,-0.08177080406486628,-1.0186447068151563,0.062135542275234296,0.47246591278504996,4.52223014831543,0.049869172275066376,0
mujoco,slope_forward,0,0,1604,16.03999999999662,1.0,0.0,0.21971940324188086,-0.08410518440074644,-1.015412190397921,0.06618946974024922,0.502266973251199,4.556337833404541,0.04661582410335541,0
mujoco,slope_forward,0,0,1605,16.049999999996633,1.0,0.0,0.21949132503888877,-0.08680571285352714,-1.0116290246111506,0.07002698184092453,0.5296537691788863,4.586270332336426,0.04162690415978432,0
mujoco,slope_forward,0,0,1606,16.059999999996645,1.0,0.0,0.21922440248392752,-0.08986012560532057,-1.007274872424155,0.073668958651365,0.5547498487092435,4.613623142242432,0.037020258605480194,0
mujoco,slope_forward,0,0,1607,16.069999999996657,1.0,0.0,0.21891512566102922,-0.09325919221321402,-1.0023271481866574,0.07712307487809208,0.5776766169019574,4.638472080230713,0.03378976881504059,0
mujoco,slope_forward,0,0,1608,16.07999999999667,1.0,0.0,0.218559680035155,-0.0969959491558092,-0.9967615445644281,0.08040532379108985,0.5986146494754084,4.661757946014404,0.03181580826640129,0
mujoco,slope_forward,0,0,1609,16.08999999999668,1.0,0.0,0.21816467623256064,-0.10124592606014898,-0.990551763786832,0.08568814251054434,0.6189717533184652,4.683106899261475,0.030402913689613342,0
mujoco,slope_forward,0,0,1610,16.099999999996694,1.0,0.0,0.21775450771587063,-0.10628464280313256,-0.9837884496831355,0.09268544348471468,0.6460704790019184,4.701031684875488,0.027342479676008224,0
mujoco,slope_forward,0,0,1611,16.109999999996706,1.0,0.0,0.21731850051584956,-0.1119072934325103,-0.9765110364430382,0.09844077239759745,0.6699900804300387,4.716297626495361,0.03218471258878708,0
mujoco,slope_forward,0,0,1612,16.11999999999672,1.0,0.0,0.21683914697718262,-0.11797022973723212,-0.9686542016441484,0.10269834317593851,0.6889996840380094,4.7329421043396,0.03229484707117081,0
mujoco,slope_forward,0,0,1613,16.12999999999673,1.0,0.0,0.21630176072046384,-0.12436532851495104,-0.9601532450209558,0.10584359488909968,0.7046037523087756,4.747758388519287,0.0310318935662508,0
mujoco,slope_forward,0,0,1614,16.139999999996743,1.0,0.0,0.21569780674699182,-0.1310626369183257,-0.9509563591792531,0.10868294469604954,0.718472722257972,4.761204242706299,0.03062818944454193,0
mujoco,slope_forward,0,0,1615,16.149999999996755,1.0,0.0,0.21502209915427173,-0.13803397648969362,-0.941046409726095,0.11125540719945405,0.7323853685511552,4.769180774688721,0.03091861680150032,0
mujoco,slope_forward,0,0,1616,16.159999999996767,1.0,0.0,0.21426680530744577,-0.14523014923050467,-0.9304020038867094,0.11354205063048296,0.7459181511797065,4.775043964385986,0.03270767629146576,0
mujoco,slope_forward,0,0,1617,16.16999999999678,1.0,0.0,0.21343705290730922,-0.15255999662195976,-0.9190073291366987,0.11400938656242642,0.7559104581214314,4.777837753295898,0.033268049359321594,0
mujoco,slope_forward,0,0,1618,16.17999999999679,1.0,0.0,0.21253745834953525,-0.1599611129643307,-0.9068511796785764,0.1151903888782271,0.767244392416619,4.780765056610107,0.03123067505657673,0
mujoco,slope_forward,0,0,1619,16.189999999996804,1.0,0.0,0.2115505188716774,-0.1675144150258919,-0.8939060639806069,0.11693032705458581,0.7802004487002538,4.778894424438477,0.033826254308223724,0
mujoco,slope_forward,0,0,1620,16.199999999996816,1.0,0.0,0.2104627574586447,-0.1752297490684224,-0.8801561705111359,0.11902117928602163,0.7951240418140022,4.7728776931762695,0.036296140402555466,0
mujoco,slope_forward,0,0,1621,16.20999999999683,1.0,0.0,0.2092637012905058,-0.18311035907261242,-0.8655829551560977,0.12135621274149239,0.8119139665685249,4.763442039489746,0.03864363953471184,0
mujoco,slope_forward,0,0,1622,16.21999999999684,1.0,0.0,0.2079431852646729,-0.1911757914625278,-0.850148885306575,0.12377378632523278,0.8297134525518723,4.750368118286133,0.04068921506404877,0
mujoco,slope_forward,0,0,1623,16.229999999996853,1.0,0.0,0.20649324434824975,-0.1993988421895377,-0.8338578750589404,0.12664762978270921,0.8515694061563067,4.731161594390869,0.0449354350566864,0
mujoco,slope_forward,0,0,1624,16.239999999996865,1.0,0.0,0.20490564970101638,-0.20776198710479676,-0.8167076836790171,0.1297111209530462,0.8755484651390861,4.7086992263793945,0.048257943242788315,0
mujoco,slope_forward,0,0,1625,16.249999999996877,1.0,0.0,0.2031701388930183,-0.21626288885367603,-0.7986737126613247,0.133015244076492,0.9022171806878997,4.681910514831543,0.0518522635102272,0
mujoco,slope_forward,0,0,1626,16.25999999999689,1.0,0.0,0.20127601101564724,-0.2248868091469007,-0.7797385754143988,0.13653349135133072,0.9316476020043741,4.645413875579834,0.060656651854515076,0
mujoco,slope_forward,0,0,1627,16.2699999999969,1.0,0.0,0.1992160666565848,-0.2335917013855771,-0.7598956583128753,0.13973621267844522,0.9626398104253978,4.596400737762451,0.07197864353656769,1
