engine,scenario_id,repeat_id,seed,step,time_s,cmd_vx,cmd_yaw,base_z,base_roll,base_pitch,base_lin_vx,base_ang_yaw,action_l2,action_delta_l2,fallen_flag
mujoco,stairs_forward,0,0,1,0.010000000000000002,1.0,0.0,0.49950222584038667,0.0008087515083617997,0.002716951587707118,-0.007952416143620727,-0.11755059927354404,1.104215145111084,0.0,0
mujoco,stairs_forward,0,0,2,0.02000000000000001,1.0,0.0,0.49815331305258265,0.0015096610643842026,0.004459882899935137,-0.0009325216789707036,-0.08489580121765218,1.1143792867660522,0.3619922697544098,0
mujoco,stairs_forward,0,0,3,0.03000000000000002,1.0,0.0,0.4959547999908833,0.0017575674117622686,0.007162199072768854,-0.0074570372423716095,-0.06741909237468403,1.0977184772491455,0.21245256066322327,0
mujoco,stairs_forward,0,0,4,0.04000000000000003,1.0,0.0,0.4928264815712251,0.002040563890904365,0.008718348442975952,-0.002823707408257634,-0.0569802279756749,0.9069163203239441,0.2256426215171814,0
mujoco,stairs_forward,0,0,5,0.05000000000000004,1.0,0.0,0.48873022879890154,0.002048315534161742,0.010781137260743206,-0.007637234250996407,-0.04551398300411285,0.7788381576538086,0.21414946019649506,0
mujoco,stairs_forward,0,0,6,0.060000000000000046,1.0,0.0,0.48361282233556857,0.0021016778182243257,0.012030928863025816,-0.005373304917030343,-0.040839730288913814,0.6788105368614197,0.13236306607723236,0
mujoco,stairs_forward,0,0,7,0.07000000000000005,1.0,0.0,0.4774696087414284,0.0020105766390916095,0.013377445055219348,-0.008243175758048787,-0.036652109434769306,0.6550382375717163,0.09559714794158936,0
mujoco,stairs_forward,0,0,8,0.08000000000000006,1.0,0.0,0.4703000396472742,0.0023076435864783527,0.014118530744799102,-0.006944249647648678,-0.01983184908094983,0.6603033542633057,0.11033453792333603,0
mujoco,stairs_forward,0,0,9,0.09000000000000007,1.0,0.0,0.4621226918445355,0.002485944643829514,0.015003228863034767,-0.00903300637690147,-0.024420388129317787,0.6920190453529358,0.09388761222362518,0
mujoco,stairs_forward,0,0,10,0.10000000000000007,1.0,0.0,0.45293813247342246,0.0026055264657146742,0.015485862465164325,-0.008067548204460158,-0.023978948138223054,0.7288663983345032,0.06266443431377411,0
mujoco,stairs_forward,0,0,11,0.11000000000000008,1.0,0.0,0.4427662585671605,0.0027104048010827427,0.01595723342829861,-0.009066447600424405,-0.020169384378635302,0.7483512163162231,0.062121350318193436,0
mujoco,stairs_forward,0,0,12,0.12000000000000009,1.0,0.0,0.4316102985227833,0.0027486536897874834,0.016251342483364475,-0.009074282182551192,-0.012749449949943245,0.7546842694282532,0.028971051797270775,0
mujoco,stairs_forward,0,0,13,0.1300000000000001,1.0,0.0,0.4194747398523012,0.0027939895370218447,0.016394400286401472,-0.009258393224318906,-0.005953723433640034,0.7412413954734802,0.022455880418419838,0
mujoco,stairs_forward,0,0,14,0.1400000000000001,1.0,0.0,0.4063636272425816,0.0028324914098559295,0.01648626117707386,-0.009530363543842587,-0.0032902284158451067,0.7513253688812256,0.0315038226544857,0
mujoco,stairs_forward,0,0,15,0.1500000000000001,1.0,0.0,0.39227879324433584,0.0029340040034147945,0.01647428111562302,-0.009283896573764154,0.002257019952438743,0.7464606165885925,0.021463902667164803,0
mujoco,stairs_forward,0,0,16,0.16000000000000011,1.0,0.0,0.3776758263288847,0.0038384404207265545,0.023226217565423136,-0.02842671216153297,0.034813488352499866,0.7624804377555847,0.026780806481838226,0
mujoco,stairs_forward,0,0,17,0.17000000000000012,1.0,0.0,0.36490757721321804,0.008316223727423465,0.043487227818128374,-0.040404423858739325,0.05304872067150623,1.1605345010757446,1.0415291786193848,0
mujoco,stairs_forward,0,0,18,0.18000000000000013,1.0,0.0,0.35527871387497584,0.013207080527234138,0.06298826073753518,-0.03473693632072924,0.002617693153234393,1.8881458044052124,0.8641892671585083,0
mujoco,stairs_forward,0,0,19,0.19000000000000014,1.0,0.0,0.3487172041307784,0.018018561473961147,0.07466951929432616,-0.022061769618724962,-0.012002227172095892,2.122255802154541,0.33103981614112854,0
mujoco,stairs_forward,0,0,20,0.20000000000000015,1.0,0.0,0.34465258712945873,0.02178921905625629,0.07846826485635591,-0.009061135711411136,-0.11306996805211918,2.0931708812713623,0.25595518946647644,0
mujoco,stairs_forward,0,0,21,0.21000000000000016,1.0,0.0,0.34242290966161665,0.025822759215551442,0.07763543521611693,-0.0009523316185840433,-0.08105796567278695,1.6870232820510864,0.613617479801178,0
mujoco,stairs_forward,0,0,22,0.22000000000000017,1.0,0.0,0.34134243697662286,0.02916818237864359,0.07497918043433331,0.003725295230185269,-0.10067409707808073,1.4015679359436035,0.7055105566978455,0
mujoco,stairs_forward,0,0,23,0.23000000000000018,1.0,0.0,0.34087109839844615,0.0318048760036309,0.07137248112993476,0.008523763584653588,-0.07194433005601716,1.4314827919006348,0.39898744225502014,0
mujoco,stairs_forward,0,0,24,0.24000000000000019,1.0,0.0,0.34070337214586666,0.03406186251517668,0.0680592342581639,0.010306804977560934,-0.045697760925832935,1.4908604621887207,0.19480445981025696,0
mujoco,stairs_forward,0,0,25,0.25000000000000017,1.0,0.0,0.34067672123295023,0.035941166724075144,0.06451227777990468,0.01423668799804382,-0.010966737028233007,1.5254062414169312,0.14759741723537445,0
mujoco,stairs_forward,0,0,26,0.2600000000000002,1.0,0.0,0.3407233952969099,0.03762938006133669,0.061051489921497476,0.016599228072368848,0.01885491516960269,1.5102109909057617,0.1214815154671669,0
mujoco,stairs_forward,0,0,27,0.2700000000000002,1.0,0.0,0.340804992237162,0.03906315535773964,0.05783923912570161,0.019140006608960102,0.02084337546197865,1.5020933151245117,0.0943513959646225,0
mujoco,stairs_forward,0,0,28,0.2800000000000002,1.0,0.0,0.3409004593258258,0.04044991301876026,0.054766219138520096,0.0218675281489642,0.023291166551282157,1.4877430200576782,0.07721216231584549,0
mujoco,stairs_forward,0,0,29,0.2900000000000002,1.0,0.0,0.3409984862464915,0.04187130994994852,0.05189787664638667,0.02437080555579972,0.015060279562944144,1.4744188785552979,0.06207624822854996,0
mujoco,stairs_forward,0,0,30,0.3000000000000002,1.0,0.0,0.3410829067170396,0.0434163998126152,0.04931589922860853,0.026580094077576607,0.029227286225164757,1.4697173833847046,0.06778182834386826,0
mujoco,stairs_forward,0,0,31,0.3100000000000002,1.0,0.0,0.34114019477969976,0.04503910335732138,0.046978278773482686,0.028861030868021248,0.039264791137827056,1.4802743196487427,0.043369777500629425,0
mujoco,stairs_forward,0,0,32,0.32000000000000023,1.0,0.0,0.3411627252621246,0.04662086905425787,0.04479126509989063,0.031291136108064006,0.050439035890711886,1.4839134216308594,0.026183558627963066,0
mujoco,stairs_forward,0,0,33,0.33000000000000024,1.0,0.0,0.34114788776546456,0.04811641132328141,0.04269028260433952,0.03388648876921423,0.05810923455206491,1.4817003011703491,0.0171086173504591,0
mujoco,stairs_forward,0,0,34,0.34000000000000025,1.0,0.0,0.3410973007769276,0.049527650513671674,0.04065986588079227,0.03650740901157432,0.0631905291831169,1.474825382232666,0.02770005352795124,0
mujoco,stairs_forward,0,0,35,0.35000000000000026,1.0,0.0,0.3410150569466076,0.05086144599416491,0.038958469551642505,0.03720009996678561,0.047571815148620564,1.4715173244476318,0.025038190186023712,0
mujoco,stairs_forward,0,0,36,0.36000000000000026,1.0,0.0,0.34090714609581824,0.05210767895570801,0.037411930259830896,0.03852391913846572,0.03223346295752651,1.4780865907669067,0.024294430390000343,0
mujoco,stairs_forward,0,0,37,0.3700000000000003,1.0,0.0,0.3407803586264186,0.053305147970693134,0.036004396273937304,0.0387204172534631,0.034573779049967286,1.482198715209961,0.0285118967294693,0
mujoco,stairs_forward,0,0,38,0.3800000000000003,1.0,0.0,0.3406367978973278,0.054465256089467555,0.03481671152841112,0.03837995124144818,0.04770394620596517,1.4897396564483643,0.02297312207520008,0
mujoco,stairs_forward,0,0,39,0.3900000000000003,1.0,0.0,0.3404834535289112,0.05558563648417979,0.033748409397083574,0.03822211423613446,0.05904250123967803,1.4980111122131348,0.023579129949212074,0
mujoco,stairs_forward,0,0,40,0.4000000000000003,1.0,0.0,0.34032489795788645,0.056648981269287114,0.03274811294435044,0.0382511739577212,0.06678186080210975,1.5071022510528564,0.02898571640253067,0
mujoco,stairs_forward,0,0,41,0.4100000000000003,1.0,0.0,0.3401630092902995,0.05765805951781977,0.03179479925334976,0.03840889203557195,0.07338171085785805,1.517849326133728,0.03137858211994171,0
mujoco,stairs_forward,0,0,42,0.4200000000000003,1.0,0.0,0.3399989113791484,0.058621158641000023,0.030878661074313623,0.038704168549529974,0.07895563790755676,1.5298844575881958,0.03259909152984619,0
mujoco,stairs_forward,0,0,43,0.4300000000000003,1.0,0.0,0.3398340136686315,0.059546827342650786,0.030007140854575953,0.03908054299341562,0.08405106624494751,1.543285846710205,0.03285888582468033,0
mujoco,stairs_forward,0,0,44,0.44000000000000034,1.0,0.0,0.3396691561135079,0.06042948024461452,0.0291636897222848,0.03964672538722471,0.0887740051328572,1.556315302848816,0.03150547668337822,0
mujoco,stairs_forward,0,0,45,0.45000000000000034,1.0,0.0,0.3395052307352428,0.06127039385553445,0.028354524881732002,0.04029359526369077,0.09370692225892295,1.5684611797332764,0.03198917210102081,0
mujoco,stairs_forward,0,0,46,0.46000000000000035,1.0,0.0,0.3393434439255878,0.062062710408509865,0.02758205995564215,0.04107703763478611,0.0989464381915264,1.580250859260559,0.028999002650380135,0
mujoco,stairs_forward,0,0,47,0.47000000000000036,1.0,0.0,0.3391847844438548,0.06280945134631905,0.02686765954673092,0.04131967065590248,0.09701351261124921,1.5924404859542847,0.03069320321083069,0
mujoco,stairs_forward,0,0,48,0.48000000000000037,1.0,0.0,0.33902953643727196,0.06350690964268225,0.026351425096975824,0.040559681314088214,0.08233076428050227,1.6043860912322998,0.027566615492105484,0
mujoco,stairs_forward,0,0,49,0.4900000000000004,1.0,0.0,0.338881482289391,0.06416150522325112,0.025923686531532163,0.04005094312785544,0.07323200323892767,1.6165034770965576,0.02499120868742466,0
mujoco,stairs_forward,0,0,50,0.5000000000000003,1.0,0.0,0.33874393822790716,0.06479261338767514,0.025562579699049168,0.03957723885460533,0.06831514625970467,1.6249802112579346,0.022511614486575127,0
mujoco,stairs_forward,0,0,51,0.5100000000000003,1.0,0.0,0.3386171951680775,0.06539674091733769,0.02526173587657713,0.03923155729231042,0.06542095653031858,1.6322649717330933,0.01996704936027527,0
mujoco,stairs_forward,0,0,52,0.5200000000000004,1.0,0.0,0.33850115772850037,0.06597108285587049,0.025015480883148446,0.03898702462574975,0.06394005525097636,1.6392853260040283,0.019098902121186256,0
mujoco,stairs_forward,0,0,53,0.5300000000000004,1.0,0.0,0.3383955505206127,0.06651729327205208,0.024817232836350935,0.038856055096050446,0.06328382138509953,1.64641273021698,0.018440542742609978,0
mujoco,stairs_forward,0,0,54,0.5400000000000004,1.0,0.0,0.3382998868464408,0.06703618811718616,0.024664679376620986,0.03882678738705237,0.06331619914387086,1.6535221338272095,0.01784914918243885,0
mujoco,stairs_forward,0,0,55,0.5500000000000004,1.0,0.0,0.3382137118243798,0.06753113403388841,0.024549553941936562,0.038924700831065535,0.06389419328824532,1.660751223564148,0.016603760421276093,0
mujoco,stairs_forward,0,0,56,0.5600000000000004,1.0,0.0,0.3381367831818948,0.06800221604277025,0.02446350780679912,0.039131157884042575,0.06486704435536114,1.6676750183105469,0.015178926289081573,0
mujoco,stairs_forward,0,0,57,0.5700000000000004,1.0,0.0,0.33806892258286386,0.06844916636694796,0.02439712440313564,0.03940707820844432,0.06619754178982329,1.6740748882293701,0.014361393637955189,0
mujoco,stairs_forward,0,0,58,0.5800000000000004,1.0,0.0,0.33801002584675294,0.06887280683946105,0.024345798997344133,0.03972683309349962,0.06780648866393142,1.6798573732376099,0.01289856806397438,0
mujoco,stairs_forward,0,0,59,0.5900000000000004,1.0,0.0,0.33796016149306535,0.06927388707346421,0.024306292153656137,0.04007080406824237,0.06930533980956854,1.6856006383895874,0.012039467692375183,0
mujoco,stairs_forward,0,0,60,0.6000000000000004,1.0,0.0,0.3379193187799929,0.06965387637974883,0.0243005833937555,0.04045794150394295,0.0706614794445114,1.6914266347885132,0.011558117344975471,0
mujoco,stairs_forward,0,0,61,0.6100000000000004,1.0,0.0,0.33788673563868443,0.07001393874475588,0.024328424535956815,0.040980236862591266,0.07214506859629889,1.697313666343689,0.010403267107903957,0
mujoco,stairs_forward,0,0,62,0.6200000000000004,1.0,0.0,0.337861758581971,0.07035581583623872,0.02439170346991077,0.04158412788471251,0.07364538421317239,1.7029492855072021,0.009634781628847122,0
mujoco,stairs_forward,0,0,63,0.6300000000000004,1.0,0.0,0.3378436538969976,0.07068037758172406,0.02448823784652849,0.04231078097915962,0.07524570287893816,1.7083690166473389,0.008856793865561485,0
mujoco,stairs_forward,0,0,64,0.6400000000000005,1.0,0.0,0.3378317314399246,0.07098841113604788,0.024619314630000267,0.04313599403130503,0.07690482682056266,1.713483452796936,0.008296131156384945,0
mujoco,stairs_forward,0,0,65,0.6500000000000005,1.0,0.0,0.33782513627805805,0.07127958814956388,0.024781914889991978,0.04408136665093802,0.07866875831995433,1.7183736562728882,0.00790565274655819,0
mujoco,stairs_forward,0,0,66,0.6600000000000005,1.0,0.0,0.3378226277994661,0.07155379999776494,0.02497566814644228,0.04513551351150983,0.08056952105275943,1.7230284214019775,0.007645342033356428,0
mujoco,stairs_forward,0,0,67,0.6700000000000005,1.0,0.0,0.33782296974551035,0.07181271373275061,0.025197402062542524,0.046311272636663466,0.08265880681777228,1.727554202079773,0.007716346066445112,0
mujoco,stairs_forward,0,0,68,0.6800000000000005,1.0,0.0,0.33782521651350983,0.07206129212808488,0.02545415055963474,0.04720012540366167,0.08034030559521947,1.7318196296691895,0.007783961948007345,0
mujoco,stairs_forward,0,0,69,0.6900000000000005,1.0,0.0,0.33782534849352425,0.07231495602218423,0.025900250909346435,0.04681578556103067,0.061936262757615386,1.7340236902236938,0.007100352551788092,0
mujoco,stairs_forward,0,0,70,0.7000000000000005,1.0,0.0,0.33782303649682416,0.07256276118821467,0.02640110630094039,0.046857922546772825,0.05040107150867573,1.7355893850326538,0.014993448741734028,0
mujoco,stairs_forward,0,0,71,0.7100000000000005,1.0,0.0,0.3378212982602844,0.07280472655879489,0.026984653536084258,0.046767994608106656,0.04223380777945365,1.734423041343689,0.01099398359656334,0
mujoco,stairs_forward,0,0,72,0.7200000000000005,1.0,0.0,0.3378202864897837,0.07304111097965156,0.027590763669642134,0.046995685971582095,0.037135236529594995,1.7332420349121094,0.015402261167764664,0
mujoco,stairs_forward,0,0,73,0.7300000000000005,1.0,0.0,0.33781999715673905,0.07327005607759596,0.028247539387343704,0.04716931138140466,0.03284210634382498,1.7310630083084106,0.014343173243105412,0
mujoco,stairs_forward,0,0,74,0.7400000000000005,1.0,0.0,0.33781990686914576,0.073491914447422,0.028915630280699073,0.047590224629704095,0.029399158441212055,1.7297816276550293,0.017178194597363472,0
mujoco,stairs_forward,0,0,75,0.7500000000000006,1.0,0.0,0.33781699294291917,0.0736766760602859,0.02965867950734685,0.04629340045232269,0.041677658134008866,1.728043794631958,0.015431988053023815,0
mujoco,stairs_forward,0,0,76,0.7600000000000006,1.0,0.0,0.3378087688399644,0.07383210121285982,0.0304247563257563,0.045177685952107825,0.05295041876727359,1.731400966644287,0.023813892155885696,0
mujoco,stairs_forward,0,0,77,0.7700000000000006,1.0,0.0,0.33779928850201296,0.07397248060431802,0.03122715784020666,0.044008588169276164,0.059479029248914475,1.7331174612045288,0.02179902046918869,0
mujoco,stairs_forward,0,0,78,0.7800000000000006,1.0,0.0,0.3377904406745592,0.07409567471560793,0.032019772355730725,0.04311636158749911,0.06443711948857758,1.734886884689331,0.024627668783068657,0
mujoco,stairs_forward,0,0,79,0.7900000000000006,1.0,0.0,0.33778801739377595,0.07424250570862742,0.032750775335472,0.04415344704756085,0.0508485431438149,1.7348746061325073,0.022923557087779045,0
mujoco,stairs_forward,0,0,80,0.8000000000000006,1.0,0.0,0.33779534852568177,0.07439803822690255,0.03344915665800224,0.04520439021658093,0.03994699834573221,1.7296407222747803,0.02030910551548004,0
mujoco,stairs_forward,0,0,81,0.8100000000000006,1.0,0.0,0.3378077395543926,0.07451986697645102,0.034136186305347496,0.04517802298527397,0.043830923936137633,1.725877046585083,0.021005595102906227,0
mujoco,stairs_forward,0,0,82,0.8200000000000006,1.0,0.0,0.33782040760878584,0.07459779156677725,0.03478875713091507,0.04566143531174821,0.04467655809973722,1.7261186838150024,0.024268589913845062,0
mujoco,stairs_forward,0,0,83,0.8300000000000006,1.0,0.0,0.3378385117149413,0.07467012501783735,0.03545059269770278,0.046415786779754956,0.04049836604913322,1.7250584363937378,0.021245842799544334,0
mujoco,stairs_forward,0,0,84,0.8400000000000006,1.0,0.0,0.33785992007253,0.07472177185651165,0.036125370143606055,0.046231011051574185,0.04975022395826248,1.7233660221099854,0.026008708402514458,0
mujoco,stairs_forward,0,0,85,0.8500000000000006,1.0,0.0,0.3378850507390246,0.0747559751410769,0.03671099329825743,0.04715573346498997,0.0480176306750832,1.7235277891159058,0.025510191917419434,0
mujoco,stairs_forward,0,0,86,0.8600000000000007,1.0,0.0,0.3379177844403912,0.07478229330483313,0.03728873525734984,0.047928034634791346,0.046516964498430693,1.7218915224075317,0.020918196067214012,0
mujoco,stairs_forward,0,0,87,0.8700000000000007,1.0,0.0,0.3379580436759554,0.07480359957312997,0.03783170704346518,0.04893183766192058,0.047996234200732256,1.7212427854537964,0.02432069554924965,0
mujoco,stairs_forward,0,0,88,0.8800000000000007,1.0,0.0,0.33800466552496305,0.07481646321256549,0.03835425490569713,0.049274882419408465,0.055720857949977866,1.718702793121338,0.023211559280753136,0
mujoco,stairs_forward,0,0,89,0.8900000000000007,1.0,0.0,0.33805795811183703,0.0748079131260244,0.03883809928304986,0.04995317035607428,0.06203457960899485,1.7180291414260864,0.025486497208476067,0
mujoco,stairs_forward,0,0,90,0.9000000000000007,1.0,0.0,0.3381194543187207,0.07477494107985652,0.0392505417662334,0.0508165987677079,0.06768714579412195,1.7176624536514282,0.023623177781701088,0
mujoco,stairs_forward,0,0,91,0.9100000000000007,1.0,0.0,0.3381900667135188,0.07472130561762733,0.03958369465001687,0.05187813831425643,0.07278661341782988,1.7173371315002441,0.022099316120147705,0
mujoco,stairs_forward,0,0,92,0.9200000000000007,1.0,0.0,0.3382702314990458,0.07464448616505953,0.03983744508320529,0.053124825759874525,0.07777779936129575,1.7166407108306885,0.02097015455365181,0
mujoco,stairs_forward,0,0,93,0.9300000000000007,1.0,0.0,0.3383601694926752,0.07454409194310839,0.04003025806524008,0.054497199587016446,0.08188141214895882,1.7160167694091797,0.018999574705958366,0
mujoco,stairs_forward,0,0,94,0.9400000000000007,1.0,0.0,0.3384595188312157,0.07441944741366915,0.04016106512921199,0.05608676597380541,0.08560876067087395,1.7161998748779297,0.018976403400301933,0
mujoco,stairs_forward,0,0,95,0.9500000000000007,1.0,0.0,0.33856762619215097,0.07427409355923602,0.040229394808758645,0.05786104679713524,0.08966977830972979,1.7159793376922607,0.018156222999095917,0
mujoco,stairs_forward,0,0,96,0.9600000000000007,1.0,0.0,0.33868338369553563,0.07411023784856223,0.04023966718900166,0.059844058297016944,0.09411223489217889,1.715641736984253,0.01742524467408657,0
mujoco,stairs_forward,0,0,97,0.9700000000000008,1.0,0.0,0.3388053533676763,0.07392806240844278,0.040206049333385424,0.06201469737725643,0.09879880021935607,1.7155288457870483,0.016918953508138657,0
mujoco,stairs_forward,0,0,98,0.9800000000000008,1.0,0.0,0.33893033215161184,0.0737394090681095,0.04016312127884163,0.06348841842031702,0.09226144638730904,1.7156963348388672,0.015975095331668854,0
mujoco,stairs_forward,0,0,99,0.9900000000000008,1.0,0.0,0.3390565053885813,0.07353918508112772,0.040176043841350456,0.06438813433346058,0.07914163183999735,1.7162197828292847,0.017896806821227074,0
mujoco,stairs_forward,0,0,100,1.0000000000000007,1.0,0.0,0.33918988390066634,0.07332195739279078,0.04017933862379745,0.06565023072858797,0.07321653915438225,1.7167019844055176,0.01968085579574108,0
mujoco,stairs_forward,0,0,101,1.0099999999999996,1.0,0.0,0.33933334318853553,0.07310935337572363,0.04015075357837347,0.06706804543177762,0.07109473650366172,1.7133793830871582,0.017210325226187706,0
mujoco,stairs_forward,0,0,102,1.0199999999999985,1.0,0.0,0.33948598916336636,0.07291053299091788,0.04010260798028674,0.06876915311619677,0.07164369176741575,1.7090308666229248,0.01837904006242752,0
mujoco,stairs_forward,0,0,103,1.0299999999999974,1.0,0.0,0.33964516047570215,0.07272481400760221,0.04004074848343507,0.07078483285563367,0.0734500028051605,1.7050600051879883,0.01701171137392521,0
mujoco,stairs_forward,0,0,104,1.0399999999999963,1.0,0.0,0.33980776795853446,0.07253240059861499,0.039937303444176314,0.07313841632000222,0.07652876171560369,1.7020930051803589,0.015538015402853489,0
mujoco,stairs_forward,0,0,105,1.0499999999999952,1.0,0.0,0.3399717678291844,0.07233070480598815,0.039799305479947845,0.0756564935108364,0.08043657683323444,1.6998437643051147,0.012923778966069221,0
mujoco,stairs_forward,0,0,106,1.059999999999994,1.0,0.0,0.34013507361192874,0.0721217995458173,0.039627821218315096,0.07843886713074151,0.08500460342416201,1.698762059211731,0.01373594906181097,0
mujoco,stairs_forward,0,0,107,1.069999999999993,1.0,0.0,0.3402956488568684,0.07190414263863319,0.03942779327832152,0.08142493668385908,0.08999370823521903,1.6978074312210083,0.013087479397654533,0
mujoco,stairs_forward,0,0,108,1.0799999999999919,1.0,0.0,0.3404509267822104,0.0716784454864602,0.039195322349342976,0.08468242551645035,0.09578478036115246,1.6965874433517456,0.012896430678665638,0
mujoco,stairs_forward,0,0,109,1.0899999999999908,1.0,0.0,0.3405963555908196,0.07145923509252167,0.039023463671944106,0.08662897262463176,0.08344903101708351,1.6949881315231323,0.01317272987216711,0
mujoco,stairs_forward,0,0,110,1.0999999999999897,1.0,0.0,0.34073542947879276,0.07120334532046413,0.03892869067328853,0.08875177295457587,0.07294362458330224,1.698674201965332,0.020626824349164963,0
mujoco,stairs_forward,0,0,111,1.1099999999999886,1.0,0.0,0.3408763786497052,0.07093515264199862,0.03882859182347231,0.0912476387668174,0.06926850778715958,1.6996792554855347,0.017521414905786514,0
mujoco,stairs_forward,0,0,112,1.1199999999999875,1.0,0.0,0.3410201896501015,0.07066977296379975,0.03870066121049327,0.09399067449099612,0.06838787430265238,1.6955584287643433,0.016261562705039978,0
mujoco,stairs_forward,0,0,113,1.1299999999999863,1.0,0.0,0.34116399482149756,0.07040604001022782,0.03852686129458759,0.09707299031779369,0.07011662480466851,1.6914366483688354,0.016210371628403664,0
mujoco,stairs_forward,0,0,114,1.1399999999999852,1.0,0.0,0.3413039660521406,0.07014296337356271,0.03831694496779587,0.10040076936451185,0.07234917597695151,1.6873211860656738,0.013349873013794422,0
mujoco,stairs_forward,0,0,115,1.1499999999999841,1.0,0.0,0.3414354591170986,0.06987922732246885,0.03806840065605431,0.10405432579149054,0.0755215397171889,1.6843597888946533,0.011061398312449455,0
mujoco,stairs_forward,0,0,116,1.159999999999983,1.0,0.0,0.3415539263182731,0.06961564283585944,0.03779329521455327,0.10796561809345055,0.0789764886220064,1.6817970275878906,0.00978653971105814,0
mujoco,stairs_forward,0,0,117,1.169999999999982,1.0,0.0,0.34165427920602426,0.06936474652228151,0.03756088026158946,0.11103056027941641,0.06873137684965962,1.6812416315078735,0.00979568064212799,0
mujoco,stairs_forward,0,0,118,1.1799999999999808,1.0,0.0,0.3417384794346756,0.06910377016720277,0.03743583935102341,0.11390387842667876,0.05400796141688023,1.6859670877456665,0.016999447718262672,0
mujoco,stairs_forward,0,0,119,1.1899999999999797,1.0,0.0,0.34181486280576595,0.06882405858994971,0.037304178585682295,0.1172818924154618,0.04682963344879935,1.6880611181259155,0.01710858941078186,0
mujoco,stairs_forward,0,0,120,1.1999999999999786,1.0,0.0,0.34188514203868914,0.06854397739370774,0.037145793943998924,0.1209318362137911,0.043657245345552965,1.684562087059021,0.015535734593868256,0
mujoco,stairs_forward,0,0,121,1.2099999999999775,1.0,0.0,0.34194589944132514,0.06827185038141155,0.036930143105366096,0.1250261938750465,0.04298418311233349,1.6804604530334473,0.015184994786977768,0
mujoco,stairs_forward,0,0,122,1.2199999999999764,1.0,0.0,0.3419917856949086,0.067997995346337,0.03666870899784787,0.12916255141683874,0.04443845730952284,1.6756459474563599,0.012825814075767994,0
mujoco,stairs_forward,0,0,123,1.2299999999999753,1.0,0.0,0.3420194093619711,0.06773811013612814,0.036509104699419724,0.13183890848879767,0.0650417922159409,1.6747262477874756,0.009670774452388287,0
mujoco,stairs_forward,0,0,124,1.2399999999999742,1.0,0.0,0.3420329078736306,0.06751703667193541,0.03640629727351932,0.13442911983838107,0.06964842481220206,1.6784273386001587,0.017952360212802887,0
mujoco,stairs_forward,0,0,125,1.2499999999999731,1.0,0.0,0.3420419035384763,0.06726692592064812,0.036372953578816244,0.13654753071007597,0.05962722684452303,1.6845179796218872,0.015200085937976837,0
mujoco,stairs_forward,0,0,126,1.259999999999972,1.0,0.0,0.3420543857866431,0.06699326422559163,0.03633778827211074,0.13916671135626027,0.05403323292856115,1.6918275356292725,0.01765376701951027,0
mujoco,stairs_forward,0,0,127,1.269999999999971,1.0,0.0,0.3420708478777914,0.06671167351621789,0.036237097332663434,0.1424124297922085,0.05139434421802562,1.691664457321167,0.013692331500351429,0
mujoco,stairs_forward,0,0,128,1.2799999999999698,1.0,0.0,0.34208678387930147,0.06642295171276667,0.036026615981218126,0.14617042355318013,0.05076680691339436,1.6880011558532715,0.015495514497160912,0
mujoco,stairs_forward,0,0,129,1.2899999999999687,1.0,0.0,0.3420958256944327,0.06612017009253764,0.03570878682014352,0.15034272067818774,0.049712694573101394,1.6841211318969727,0.01169347669929266,0
mujoco,stairs_forward,0,0,130,1.2999999999999676,1.0,0.0,0.3420903086166387,0.06580562998168564,0.03529109287211488,0.15495703734962096,0.04906670887074839,1.6806634664535522,0.009418862871825695,0
mujoco,stairs_forward,0,0,131,1.3099999999999665,1.0,0.0,0.3420647159360506,0.06546753425705672,0.035022387476036504,0.1567092828224458,0.04058340911040554,1.677564024925232,0.01082322746515274,0
mujoco,stairs_forward,0,0,132,1.3199999999999654,1.0,0.0,0.3420349403936614,0.06514163209887984,0.03493947514365397,0.15876304025276752,0.039211315026161965,1.6915539503097534,0.03003283590078354,0
mujoco,stairs_forward,0,0,133,1.3299999999999643,1.0,0.0,0.3420151471037036,0.06484579679444025,0.03482328685358601,0.1615679711326296,0.038583696615187915,1.6965863704681396,0.014957251027226448,0
mujoco,stairs_forward,0,0,134,1.3399999999999632,1.0,0.0,0.342002403415886,0.06455774897207561,0.034586628962171476,0.16495087135876715,0.03906935270962005,1.6952625513076782,0.012713024392724037,0
mujoco,stairs_forward,0,0,135,1.3499999999999621,1.0,0.0,0.341988675111537,0.06425648501491,0.03421943512394464,0.1688277000557007,0.04103176025784854,1.6911354064941406,0.012277905829250813,0
mujoco,stairs_forward,0,0,136,1.359999999999961,1.0,0.0,0.3419648372425532,0.06394703798649717,0.033738501299073805,0.17318993118229253,0.04258600236346302,1.6862560510635376,0.00993229541927576,0
mujoco,stairs_forward,0,0,137,1.36999999999996,1.0,0.0,0.3419223565111708,0.06360375709917888,0.033333331931533976,0.17571463704299753,0.02735633040939083,1.6823511123657227,0.011643357574939728,0
mujoco,stairs_forward,0,0,138,1.3799999999999588,1.0,0.0,0.3418725933115981,0.06324240965635775,0.033136224390960554,0.17748886249386847,0.0292367978870119,1.6942236423492432,0.023945407941937447,0
mujoco,stairs_forward,0,0,139,1.3899999999999577,1.0,0.0,0.34183274187699314,0.06294501451431261,0.03291085518551574,0.18021876021957015,0.03301749638931871,1.7030317783355713,0.017403170466423035,0
mujoco,stairs_forward,0,0,140,1.3999999999999566,1.0,0.0,0.34180247639127104,0.06266771532161326,0.03259091351275996,0.18345326799655925,0.035203919142865046,1.700972557067871,0.013195213861763477,0
mujoco,stairs_forward,0,0,141,1.4099999999999555,1.0,0.0,0.34177100052259696,0.06236785361321352,0.03211374980698748,0.18743994417933924,0.03793570805744214,1.6975958347320557,0.00977599248290062,0
mujoco,stairs_forward,0,0,142,1.4199999999999544,1.0,0.0,0.34172661884607874,0.06204639647606401,0.03153898602090403,0.1911542476429615,0.03132520188253681,1.6915628910064697,0.012586518190801144,0
mujoco,stairs_forward,0,0,143,1.4299999999999533,1.0,0.0,0.3416673738083879,0.061645970626405124,0.03119992042377636,0.1925457879884416,0.02254216021141737,1.691560983657837,0.00908080767840147,0
mujoco,stairs_forward,0,0,144,1.4399999999999522,1.0,0.0,0.34161074111630807,0.06130071953813353,0.030900522074086452,0.1949293410833648,0.025738963729896175,1.705639362335205,0.026700899004936218,0
mujoco,stairs_forward,0,0,145,1.449999999999951,1.0,0.0,0.3415668825310461,0.06102448419958704,0.030553416706056498,0.1977448922113527,0.026832798114602163,1.7047756910324097,0.012236444279551506,0
mujoco,stairs_forward,0,0,146,1.45999999999995,1.0,0.0,0.3415248426920922,0.060733306425000015,0.03006088567902037,0.2014471231722852,0.028707076900061374,1.7036675214767456,0.010381528176367283,0
mujoco,stairs_forward,0,0,147,1.469999999999949,1.0,0.0,0.34147046968556555,0.06040381498963699,0.029423906011199607,0.2053756591035425,0.027396177075765197,1.698340892791748,0.011623797938227654,0
mujoco,stairs_forward,0,0,148,1.4799999999999478,1.0,0.0,0.34139854725679913,0.060014057728532536,0.02903356467860431,0.2062142585074124,0.019236408699570873,1.6945905685424805,0.010857878252863884,0
mujoco,stairs_forward,0,0,149,1.4899999999999467,1.0,0.0,0.3413284156196194,0.05967234054693028,0.028695462433802752,0.20848589366241002,0.019624161066803602,1.7101010084152222,0.030684789642691612,0
mujoco,stairs_forward,0,0,150,1.4999999999999456,1.0,0.0,0.3412718911318831,0.059386829193627894,0.028296100607269673,0.21121104981668032,0.01891181035162772,1.7087256908416748,0.011674930341541767,0
mujoco,stairs_forward,0,0,151,1.5099999999999445,1.0,0.0,0.34121546473087017,0.0590837384260389,0.027744684972487877,0.21481786134476408,0.019304835016633208,1.7080280780792236,0.01091600488871336,0
mujoco,stairs_forward,0,0,152,1.5199999999999434,1.0,0.0,0.3411427469849535,0.05873664823224449,0.027083859805737562,0.21772010035785672,0.021562677958842882,1.7038793563842773,0.013387048617005348,0
mujoco,stairs_forward,0,0,153,1.5299999999999423,1.0,0.0,0.3410595813274787,0.058408696077159455,0.02674164343000834,0.21852738987263837,0.01766985717867354,1.7049099206924438,0.006773390341550112,0
mujoco,stairs_forward,0,0,154,1.5399999999999412,1.0,0.0,0.3409850617410169,0.05809657454656734,0.02637322747447628,0.22099555111506977,0.015292960378014102,1.7164539098739624,0.021779684349894524,0
mujoco,stairs_forward,0,0,155,1.54999999999994,1.0,0.0,0.34092065047334874,0.05779660908981039,0.02589068957480686,0.22381836039650757,0.013576320555171236,1.7133285999298096,0.014459406025707722,0
mujoco,stairs_forward,0,0,156,1.559999999999939,1.0,0.0,0.3408479911074034,0.057456828973334054,0.025257429695072126,0.22716753790171032,0.015458028761370224,1.7120064496994019,0.01294816192239523,0
mujoco,stairs_forward,0,0,157,1.569999999999938,1.0,0.0,0.3407590649891674,0.057152526621181254,0.02475407584999178,0.2280542299374397,0.021980518365536918,1.7096182107925415,0.00942890252918005,0
mujoco,stairs_forward,0,0,158,1.5799999999999368,1.0,0.0,0.3406720644708125,0.05686314358154666,0.02438484135708452,0.22979171980012916,0.016021209707965025,1.7179489135742188,0.021540194749832153,0
mujoco,stairs_forward,0,0,159,1.5899999999999357,1.0,0.0,0.34059761616804013,0.05655290613336254,0.02393524594813746,0.2322356083435868,0.01130676095827836,1.7203236818313599,0.01061078067868948,0
mujoco,stairs_forward,0,0,160,1.5999999999999346,1.0,0.0,0.340519571586634,0.05621302621322756,0.02330793297859987,0.23540326236825518,0.009851487230007122,1.7168824672698975,0.014899199828505516,0
mujoco,stairs_forward,0,0,161,1.6099999999999335,1.0,0.0,0.3404248478372043,0.05589825150700081,0.02272711747517821,0.23664476116134128,0.02607722556861191,1.7142384052276611,0.013285760767757893,0
mujoco,stairs_forward,0,0,162,1.6199999999999324,1.0,0.0,0.34032722020868095,0.055629249375858135,0.02238352702543862,0.237657963096836,0.01708290663494154,1.7188283205032349,0.0172589048743248,0
mujoco,stairs_forward,0,0,163,1.6299999999999313,1.0,0.0,0.34023984404515384,0.055319414424159344,0.021962152190159755,0.23992543023747254,0.008670042439338011,1.7255126237869263,0.011020253412425518,0
mujoco,stairs_forward,0,0,164,1.6399999999999302,1.0,0.0,0.3401524196220635,0.05497752844839022,0.021381128362369828,0.24241883497912847,0.008591012511578532,1.7224339246749878,0.018783390522003174,0
mujoco,stairs_forward,0,0,165,1.649999999999929,1.0,0.0,0.3400524167181889,0.05468084441170956,0.020833457677641075,0.2439107797505895,0.02930309405690282,1.7203850746154785,0.010627196170389652,0
mujoco,stairs_forward,0,0,166,1.659999999999928,1.0,0.0,0.33994921399355216,0.05442473424147521,0.020515635602517807,0.2443844807026758,0.017295349657624238,1.721045970916748,0.013812274672091007,0
mujoco,stairs_forward,0,0,167,1.6699999999999269,1.0,0.0,0.3398535948591497,0.05411918123808301,0.02010878800250083,0.24652573605906003,0.007036724048247897,1.7309788465499878,0.016068561002612114,0
mujoco,stairs_forward,0,0,168,1.6799999999999258,1.0,0.0,0.33975784182892804,0.05377716452894469,0.019551161657497734,0.2484726057929385,0.008685524301049963,1.7273579835891724,0.023276569321751595,0
mujoco,stairs_forward,0,0,169,1.6899999999999247,1.0,0.0,0.3396510486711294,0.053487884060731364,0.019039389911973594,0.24989837479458651,0.0294003250059563,1.7258257865905762,0.009662780910730362,0
mujoco,stairs_forward,0,0,170,1.6999999999999236,1.0,0.0,0.33953911799007136,0.053243796932452,0.018698817815511908,0.250255310293912,0.017521254744551004,1.7266615629196167,0.014995116740465164,0
mujoco,stairs_forward,0,0,171,1.7099999999999225,1.0,0.0,0.3394320946622997,0.052956991211067006,0.01829247671253097,0.25210748755317286,0.006503197820179534,1.735460638999939,0.015706803649663925,0
mujoco,stairs_forward,0,0,172,1.7199999999999214,1.0,0.0,0.3393229605771671,0.05263155839350991,0.017752191333397973,0.25347173900054354,0.012750958329919909,1.7330036163330078,0.02454293705523014,0
mujoco,stairs_forward,0,0,173,1.7299999999999203,1.0,0.0,0.33920452551277674,0.052365325161801236,0.017265277531564167,0.2548216288752144,0.032400164770396374,1.7320998907089233,0.010624746792018414,0
mujoco,stairs_forward,0,0,174,1.7399999999999192,1.0,0.0,0.33908083820321494,0.052146396165861045,0.016917693139310696,0.25510456217118477,0.01913670172462224,1.732599139213562,0.016640497371554375,0
mujoco,stairs_forward,0,0,175,1.749999999999918,1.0,0.0,0.3389593587405836,0.05187931659765642,0.01651175779370733,0.2567918596654737,0.007102035548898865,1.741422176361084,0.01731582172214985,0
mujoco,stairs_forward,0,0,176,1.759999999999917,1.0,0.0,0.3388334577653287,0.0515738119715389,0.01603394128262775,0.2574988947625358,0.016983600473300157,1.7397148609161377,0.02597235143184662,0
mujoco,stairs_forward,0,0,177,1.7699999999999159,1.0,0.0,0.3386993436079239,0.05135064990213577,0.015599188901153693,0.2585273778928792,0.031708981349711285,1.740795612335205,0.011932178400456905,0
mujoco,stairs_forward,0,0,178,1.7799999999999148,1.0,0.0,0.33856431673475534,0.051149385816787685,0.015320107231760947,0.2587292146969061,0.016099854126849014,1.7419140338897705,0.015382909215986729,0
mujoco,stairs_forward,0,0,179,1.7899999999999137,1.0,0.0,0.3384324945054583,0.05089310425531916,0.014952867954444145,0.2602966742378143,0.00541910103804045,1.749764084815979,0.01572878472507,0
mujoco,stairs_forward,0,0,180,1.7999999999999126,1.0,0.0,0.33829529189671764,0.0506102522813306,0.01460148726210022,0.26024696936855524,0.020992441698428507,1.746968150138855,0.025511035695672035,0
mujoco,stairs_forward,0,0,181,1.8099999999999115,1.0,0.0,0.33815152892255934,0.0504433527855121,0.01422565799317134,0.261137201729914,0.03095091038808326,1.749281883239746,0.01519988477230072,0
mujoco,stairs_forward,0,0,182,1.8199999999999104,1.0,0.0,0.3380083482883373,0.050276848636040546,0.013978735821424204,0.2613516832327719,0.013441210294506995,1.7504043579101562,0.01816483773291111,0
mujoco,stairs_forward,0,0,183,1.8299999999999093,1.0,0.0,0.3378666078089313,0.05003326962275438,0.013638748785012804,0.2624694513796386,0.006207801102874286,1.757472038269043,0.017446385696530342,0
mujoco,stairs_forward,0,0,184,1.8399999999999082,1.0,0.0,0.3377225162429415,0.049796497106687085,0.013378333473997084,0.26238945925954105,0.023643601431050088,1.7566502094268799,0.0201602503657341,0
mujoco,stairs_forward,0,0,185,1.849999999999907,1.0,0.0,0.3375753135520696,0.04967901919515359,0.013144943110678356,0.2625677985123966,0.023756123482733836,1.7582122087478638,0.014282944612205029,0
mujoco,stairs_forward,0,0,186,1.859999999999906,1.0,0.0,0.337432789875416,0.049524717992787494,0.012963831789266028,0.2630224742699998,0.009082456440837617,1.7629376649856567,0.012320858426392078,0
mujoco,stairs_forward,0,0,187,1.8699999999999048,1.0,0.0,0.33729342342361895,0.049294556808894364,0.012664225132234223,0.26349985846668406,0.009335129671837882,1.7655019760131836,0.01769520528614521,0
mujoco,stairs_forward,0,0,188,1.8799999999999037,1.0,0.0,0.33715327468600254,0.04914441924711331,0.012456905500351083,0.263619681386424,0.02862663909364509,1.7650266885757446,0.014125394634902477,0
mujoco,stairs_forward,0,0,189,1.8899999999999026,1.0,0.0,0.33701095056108354,0.04908411983609697,0.012290765253029601,0.2633582307107408,0.020615650420255784,1.7641245126724243,0.016087759286165237,0
mujoco,stairs_forward,0,0,190,1.8999999999999015,1.0,0.0,0.3368734236272501,0.048954465824633316,0.012119214987208166,0.26391236689479997,0.007311007422289252,1.7703872919082642,0.013078780844807625,0
mujoco,stairs_forward,0,0,191,1.9099999999999004,1.0,0.0,0.3367379998409221,0.04876734899642212,0.011873550052337842,0.26376061439614185,0.013396133929381592,1.7719299793243408,0.020113375037908554,0
mujoco,stairs_forward,0,0,192,1.9199999999998993,1.0,0.0,0.3366017042300169,0.04867567578624761,0.011704064799891126,0.2640190840726136,0.033270748869928035,1.7718532085418701,0.012093869037926197,0
mujoco,stairs_forward,0,0,193,1.9299999999998982,1.0,0.0,0.33646420872920785,0.04864803352397871,0.011581442638612906,0.2633240573155265,0.018012442162633473,1.771209716796875,0.017086440697312355,0
mujoco,stairs_forward,0,0,194,1.9399999999998971,1.0,0.0,0.33633196361597467,0.04855395758827308,0.011414876548399787,0.263890508065004,0.0060722553082853846,1.7781000137329102,0.016001282259821892,0
mujoco,stairs_forward,0,0,195,1.949999999999896,1.0,0.0,0.3362007316105011,0.04841714884629744,0.011200156851569002,0.26338609704323596,0.015872177324373012,1.778185486793518,0.02114100754261017,0
mujoco,stairs_forward,0,0,196,1.959999999999895,1.0,0.0,0.336067968257591,0.048381207179945804,0.011069403575316888,0.26332906353606916,0.031140761236222347,1.7782703638076782,0.012119565159082413,0
mujoco,stairs_forward,0,0,197,1.9699999999998938,1.0,0.0,0.3359386417788471,0.048377221126202234,0.011026784767283127,0.2625045625430955,0.013901078157054794,1.7796568870544434,0.012610162608325481,0
mujoco,stairs_forward,0,0,198,1.9799999999998927,1.0,0.0,0.33581777069680196,0.04831667468446637,0.010929066427890453,0.2629333818915266,0.00397980667703507,1.7856063842773438,0.014188366942107677,0
mujoco,stairs_forward,0,0,199,1.9899999999998916,1.0,0.0,0.33569733119680123,0.04823157701366367,0.010784799603668719,0.26219210493347034,0.0172634502732973,1.7842187881469727,0.01800282672047615,0
mujoco,stairs_forward,0,0,200,1.9999999999998905,1.0,0.0,0.3355760416803552,0.04824731531031619,0.010708192884229516,0.2618513976176609,0.028689956106671476,1.7839809656143188,0.01175098866224289,0
mujoco,stairs_forward,0,0,201,2.0099999999998897,1.0,0.0,0.3354609866456035,0.048273745733817736,0.01072564072763391,0.26092215253015,0.011311380398065935,1.786458969116211,0.010550688952207565,0
mujoco,stairs_forward,0,0,202,2.0199999999998886,1.0,0.0,0.33535545417276286,0.048245399744158486,0.010680035805419078,0.26121481772009747,0.002424267286031086,1.7918165922164917,0.01359215285629034,0
mujoco,stairs_forward,0,0,203,2.0299999999998875,1.0,0.0,0.3352493344399273,0.04819962618379403,0.01058276689728988,0.26046543849096165,0.016673244370036047,1.7894976139068604,0.01613151654601097,0
mujoco,stairs_forward,0,0,204,2.0399999999998863,1.0,0.0,0.33514259794485624,0.04824758249649449,0.010547257806124734,0.2597460788800795,0.025369044634753667,1.7894201278686523,0.010597958229482174,0
mujoco,stairs_forward,0,0,205,2.0499999999998852,1.0,0.0,0.3350447113856431,0.04829454469469568,0.010620489537960145,0.2586886443526289,0.009196174768491435,1.7929190397262573,0.009447410702705383,0
mujoco,stairs_forward,0,0,206,2.059999999999884,1.0,0.0,0.3349576097907734,0.04829706937982917,0.010622255353384888,0.25883010573379756,0.0012835872245605794,1.7974187135696411,0.012306015938520432,0
mujoco,stairs_forward,0,0,207,2.069999999999883,1.0,0.0,0.3348693590810891,0.048284342554093806,0.010555017912570937,0.2582691405624144,0.013840667726768653,1.7940564155578613,0.013619186356663704,0
mujoco,stairs_forward,0,0,208,2.079999999999882,1.0,0.0,0.3347797668008544,0.048349294250246574,0.01053448025968813,0.2575383726303358,0.02699849753910372,1.7937240600585938,0.00903354026377201,0
mujoco,stairs_forward,0,0,209,2.089999999999881,1.0,0.0,0.3346982954157825,0.048416798022771365,0.010660764735921056,0.2562705817013335,0.010106419359444263,1.797176480293274,0.010633286088705063,0
mujoco,stairs_forward,0,0,210,2.0999999999998797,1.0,0.0,0.33462837806434287,0.04843834013764568,0.010732627234709476,0.2562190245435256,0.0014254576895254365,1.8031580448150635,0.01347312331199646,0
mujoco,stairs_forward,0,0,211,2.1099999999998786,1.0,0.0,0.3345593317086161,0.04844494875836303,0.010703905027969139,0.25601332639619856,0.008648080261519399,1.7999296188354492,0.011459716595709324,0
mujoco,stairs_forward,0,0,212,2.1199999999998775,1.0,0.0,0.3344890809751239,0.04851687509543178,0.010710976787680087,0.2551922195326766,0.026807546768873775,1.7984166145324707,0.006305302958935499,0
mujoco,stairs_forward,0,0,213,2.1299999999998764,1.0,0.0,0.334427008139395,0.04861298269394696,0.010901534757877532,0.25365575255152484,0.010686008469417554,1.8011802434921265,0.011803239583969116,0
mujoco,stairs_forward,0,0,214,2.1399999999998753,1.0,0.0,0.3343782917203872,0.04865788377655555,0.011048825937082318,0.2533530796753647,0.0024630885753043545,1.8079211711883545,0.015087693929672241,0
mujoco,stairs_forward,0,0,215,2.1499999999998742,1.0,0.0,0.3343339005029639,0.04867592895139352,0.011067296837619697,0.25368287763284836,0.001296455114134067,1.8048313856124878,0.00992792472243309,0
mujoco,stairs_forward,0,0,216,2.159999999999873,1.0,0.0,0.3342872175280085,0.04874324949876383,0.011101368432421897,0.2528412381294421,0.0261596028937803,1.8013278245925903,0.005501697771251202,0
mujoco,stairs_forward,0,0,217,2.169999999999872,1.0,0.0,0.33424357783643793,0.04887310479426745,0.011261454309713955,0.25132569317570935,0.017505773085690332,1.8035565614700317,0.014815588481724262,0
mujoco,stairs_forward,0,0,218,2.179999999999871,1.0,0.0,0.3342125176402439,0.04896256352363737,0.01145323949657726,0.2506922302138003,0.006713099803606959,1.811144471168518,0.015021099708974361,0
mujoco,stairs_forward,0,0,219,2.18999999999987,1.0,0.0,0.3341904652879306,0.0490141344398374,0.011521533287457402,0.2510846245659446,0.002311681929144922,1.8101327419281006,0.00903920829296112,0
mujoco,stairs_forward,0,0,220,2.1999999999998687,1.0,0.0,0.3341639396490607,0.04906066149557541,0.011493229553259274,0.2508687677279699,0.01618219060097366,1.8048360347747803,0.008574194274842739,0
mujoco,stairs_forward,0,0,221,2.2099999999998676,1.0,0.0,0.3341358360293067,0.049174122510846754,0.011556715187418016,0.24960167859708757,0.020791251299812876,1.8046531677246094,0.009423576295375824,0
mujoco,stairs_forward,0,0,222,2.2199999999998665,1.0,0.0,0.3341188889417616,0.049285938253775606,0.01177470918792445,0.24857489273344296,0.008893113109460518,1.8111010789871216,0.014340170659124851,0
mujoco,stairs_forward,0,0,223,2.2299999999998654,1.0,0.0,0.3341135728949632,0.049367774589454586,0.011898674537243479,0.248672367472446,0.003531385747532756,1.8127554655075073,0.009768876247107983,0
mujoco,stairs_forward,0,0,224,2.2399999999998643,1.0,0.0,0.334108578687883,0.049423221083732254,0.011887463375201497,0.24940461965659202,0.004394700188202737,1.8079499006271362,0.00826376210898161,0
mujoco,stairs_forward,0,0,225,2.249999999999863,1.0,0.0,0.33409878044693453,0.04951942134092595,0.011895269026865671,0.2485748216747201,0.025782626727717226,1.8048306703567505,0.005379599053412676,0
mujoco,stairs_forward,0,0,226,2.259999999999862,1.0,0.0,0.33409400814048784,0.04964766672810338,0.012154452966021093,0.24699015297630633,0.013694346265700295,1.8086116313934326,0.016465317457914352,0
mujoco,stairs_forward,0,0,227,2.269999999999861,1.0,0.0,0.3341013836101823,0.04974188147932307,0.01235658242909487,0.2468509443115619,0.005952137295121255,1.8157435655593872,0.01894506812095642,0
mujoco,stairs_forward,0,0,228,2.27999999999986,1.0,0.0,0.33411737694771027,0.049820309363722094,0.01242069687707638,0.2474177984823501,0.0031395422436115493,1.81187903881073,0.009110081940889359,0
mujoco,stairs_forward,0,0,229,2.289999999999859,1.0,0.0,0.33412832085344657,0.04988350131234422,0.012374183364882833,0.24775176947880584,0.016053896079389403,1.8066829442977905,0.007560130674391985,0
mujoco,stairs_forward,0,0,230,2.2999999999998577,1.0,0.0,0.3341357083145135,0.049997739374273195,0.012499768038750933,0.24616684468530664,0.0164059968533736,1.8060146570205688,0.009373737499117851,0
mujoco,stairs_forward,0,0,231,2.3099999999998566,1.0,0.0,0.3341526128482303,0.05009932465977014,0.012704388024050514,0.24561831666215203,0.008349856518697824,1.8140844106674194,0.02069810777902603,0
mujoco,stairs_forward,0,0,232,2.3199999999998555,1.0,0.0,0.33418196221297525,0.05019076354806083,0.01280983979719541,0.24586059580260267,0.006467508290995797,1.8133044242858887,0.007976406253874302,0
mujoco,stairs_forward,0,0,233,2.3299999999998544,1.0,0.0,0.33421251493445026,0.05026017253503782,0.012775162191358252,0.2471427677857045,0.006719211675641432,1.8084204196929932,0.007737882900983095,0
mujoco,stairs_forward,0,0,234,2.3399999999998533,1.0,0.0,0.3342319891525571,0.050319600662756266,0.01272521113132597,0.24639829995718932,0.01749089153110648,1.803714632987976,0.007835195399820805,0
mujoco,stairs_forward,0,0,235,2.349999999999852,1.0,0.0,0.3342531754518369,0.05040144604962618,0.012921968107045465,0.24516418133959275,0.010149311545767224,1.8088624477386475,0.018303150311112404,0
mujoco,stairs_forward,0,0,236,2.359999999999851,1.0,0.0,0.3342865291093885,0.050478923484141514,0.0130710264203399,0.2451775427860783,0.006354833324085826,1.8134499788284302,0.014003998599946499,0
mujoco,stairs_forward,0,0,237,2.36999999999985,1.0,0.0,0.33432783860351867,0.05055211575893099,0.01309777775093592,0.24608456978665388,0.0072132511507808795,1.80945885181427,0.00791960209608078,0
mujoco,stairs_forward,0,0,238,2.379999999999849,1.0,0.0,0.33436327497904766,0.050599302566710094,0.012959914895748237,0.24760110195227314,0.011153931158637395,1.8051979541778564,0.007569226901978254,0
mujoco,stairs_forward,0,0,239,2.389999999999848,1.0,0.0,0.3343891631140724,0.05067233089913437,0.013044664452013126,0.2458589056245294,0.012757667302036214,1.8021953105926514,0.006457025185227394,0
mujoco,stairs_forward,0,0,240,2.3999999999998467,1.0,0.0,0.3344205695174928,0.05073800659487284,0.013214493010151018,0.24555281270471854,0.009650323850691853,1.8127288818359375,0.02874663658440113,0
mujoco,stairs_forward,0,0,241,2.4099999999998456,1.0,0.0,0.3344652438259851,0.05081297464256949,0.013282236841939776,0.24600055607606738,0.011711272027926007,1.8125877380371094,0.006384470500051975,0
mujoco,stairs_forward,0,0,242,2.4199999999998445,1.0,0.0,0.33451321974909737,0.05087379855334321,0.013226528824558003,0.24746715179136788,0.013599523386994881,1.808388590812683,0.007677458692342043,0
mujoco,stairs_forward,0,0,243,2.4299999999998434,1.0,0.0,0.3345504828949417,0.05090315809354356,0.013102241442550589,0.24750627887812698,0.009235946668620725,1.804735541343689,0.0070215314626693726,0
mujoco,stairs_forward,0,0,244,2.4399999999998423,1.0,0.0,0.33458707128945664,0.050930355462399754,0.013235888362152962,0.2464129360439504,0.009307585885342364,1.8080801963806152,0.015110604465007782,0
mujoco,stairs_forward,0,0,245,2.449999999999841,1.0,0.0,0.33463489504301525,0.05098096269260781,0.013346576519826063,0.2466061192764218,0.011453019646622528,1.8124749660491943,0.014178485609591007,0
mujoco,stairs_forward,0,0,246,2.45999999999984,1.0,0.0,0.33469101388212563,0.05104314868751076,0.013350120207246949,0.24773235057903273,0.015448498407478336,1.8082431554794312,0.007488462142646313,0
mujoco,stairs_forward,0,0,247,2.469999999999839,1.0,0.0,0.3347417222750343,0.05108279013591322,0.013197340996566314,0.2494831991830752,0.0133280503153068,1.8049676418304443,0.007969430647790432,0
mujoco,stairs_forward,0,0,248,2.479999999999838,1.0,0.0,0.33478161591497774,0.05109104882093004,0.013231508248124524,0.24805870726373327,0.007798965784252584,1.8013612031936646,0.005689960438758135,0
mujoco,stairs_forward,0,0,249,2.489999999999837,1.0,0.0,0.334825067863658,0.05109963531010104,0.013355249107046536,0.24788987293858197,0.008823145984458316,1.8095228672027588,0.02715936116874218,0
mujoco,stairs_forward,0,0,250,2.4999999999998357,1.0,0.0,0.3348794829063949,0.051136915685156145,0.01338998568072015,0.24864741623941614,0.013476187737608177,1.80861234664917,0.006459703668951988,0
mujoco,stairs_forward,0,0,251,2.5099999999998346,1.0,0.0,0.3349350221646543,0.05117156137611975,0.013290840608951013,0.25042091257858334,0.017008521806861753,1.8046208620071411,0.007631686516106129,0
mujoco,stairs_forward,0,0,252,2.5199999999998335,1.0,0.0,0.3349777790467599,0.0511813890689113,0.01315166892582016,0.25076087105076844,0.0034268952605926778,1.8012694120407104,0.008870582096278667,0
mujoco,stairs_forward,0,0,253,2.5299999999998324,1.0,0.0,0.33501674914528323,0.051182373648181845,0.013235404903330774,0.24994335094304498,0.008165353656199288,1.805012822151184,0.017237301915884018,0
mujoco,stairs_forward,0,0,254,2.5399999999998313,1.0,0.0,0.33506409788961367,0.05119387406512039,0.013301860227382912,0.25041468128009187,0.015109919796224716,1.808601975440979,0.013349594548344612,0
mujoco,stairs_forward,0,0,255,2.54999999999983,1.0,0.0,0.33511797616112865,0.051216728143977895,0.01327150481739953,0.2518573852035586,0.02031368272077819,1.805863618850708,0.007226578425616026,0
mujoco,stairs_forward,0,0,256,2.559999999999829,1.0,0.0,0.33516512175004287,0.051230615068889616,0.013131184043639808,0.2530714219661583,0.007827870332795943,1.8033130168914795,0.00808838102966547,0
mujoco,stairs_forward,0,0,257,2.569999999999828,1.0,0.0,0.3352039674470894,0.05118673064494815,0.013120950451921784,0.2524297882157741,0.0050428524862092235,1.8035427331924438,0.008883815258741379,0
mujoco,stairs_forward,0,0,258,2.579999999999827,1.0,0.0,0.3352471355278244,0.051163673707358616,0.013163514425938742,0.25254141784465023,0.013651046584818418,1.8069008588790894,0.017924418672919273,0
mujoco,stairs_forward,0,0,259,2.5899999999998258,1.0,0.0,0.33529813779358925,0.05117027509213518,0.013147419467817749,0.25367776738066194,0.020120925049275477,1.8047493696212769,0.008779462426900864,0
mujoco,stairs_forward,0,0,260,2.5999999999998247,1.0,0.0,0.33534574944816764,0.05118158808668611,0.012997300263920685,0.2553714399313872,0.01773287176674684,1.8020073175430298,0.007087486330419779,0
mujoco,stairs_forward,0,0,261,2.6099999999998236,1.0,0.0,0.3353837191427954,0.05113588605879655,0.012916146198672256,0.25558182456872575,5.458700532194049e-05,1.801165223121643,0.007210760377347469,0
mujoco,stairs_forward,0,0,262,2.6199999999998225,1.0,0.0,0.3354203875949752,0.05109331933065848,0.012964213323414015,0.2552582096104796,0.010103745535223807,1.8049627542495728,0.018661661073565483,0
mujoco,stairs_forward,0,0,263,2.6299999999998214,1.0,0.0,0.33546383664262963,0.05108511218231918,0.012984301417983134,0.25611286079704704,0.01988406585036696,1.805024266242981,0.012437952682375908,0
mujoco,stairs_forward,0,0,264,2.6399999999998203,1.0,0.0,0.33550900878489087,0.05109018850948416,0.012900305943018879,0.25777535737757107,0.021691382382112052,1.8028302192687988,0.008461430668830872,0
mujoco,stairs_forward,0,0,265,2.649999999999819,1.0,0.0,0.33554863519908845,0.0510517985255931,0.012840822064245484,0.25842531588908946,-0.0017572934167983277,1.801199197769165,0.006796678528189659,0
mujoco,stairs_forward,0,0,266,2.659999999999818,1.0,0.0,0.3355830509428869,0.05096886796692113,0.0128436018342926,0.25814946937263766,0.0040189238692306395,1.8033198118209839,0.015420373529195786,0
mujoco,stairs_forward,0,0,267,2.669999999999817,1.0,0.0,0.33562110498697334,0.0509317439147764,0.012850518278749121,0.2587984122722837,0.017001107268704532,1.802581787109375,0.014216886833310127,0
mujoco,stairs_forward,0,0,268,2.679999999999816,1.0,0.0,0.33566154130636927,0.05092707978077595,0.012774531864871966,0.26059428816222396,0.024587639950358352,1.8002084493637085,0.011297526769340038,0
mujoco,stairs_forward,0,0,269,2.6899999999998148,1.0,0.0,0.33569376590113265,0.05091367954831822,0.012689257740507562,0.26124560282460085,0.0030904544066842855,1.7977349758148193,0.00942232459783554,0
mujoco,stairs_forward,0,0,270,2.6999999999998137,1.0,0.0,0.33571836947638856,0.05084209159386427,0.012633610486601632,0.2616333888602345,0.0010878293588653769,1.8027547597885132,0.01700146123766899,0
mujoco,stairs_forward,0,0,271,2.7099999999998126,1.0,0.0,0.33574441091547785,0.050795762536513106,0.012612983019497974,0.2620584593051581,0.016679158079475193,1.8018032312393188,0.010317002423107624,0
mujoco,stairs_forward,0,0,272,2.7199999999998115,1.0,0.0,0.3357727411705022,0.05078580790774675,0.012546061846714675,0.26369504509619435,0.026561797212339023,1.8002020120620728,0.012696020305156708,0
mujoco,stairs_forward,0,0,273,2.7299999999998104,1.0,0.0,0.3357948172323342,0.05077035017941955,0.012473094835150163,0.2643102403252438,0.00589428888287781,1.7988600730895996,0.00877030286937952,0
mujoco,stairs_forward,0,0,274,2.7399999999998093,1.0,0.0,0.33581181786777275,0.05070059741055881,0.012392423681326044,0.26511590711974775,-0.00018629554056814619,1.8039122819900513,0.015945615246891975,0
mujoco,stairs_forward,0,0,275,2.749999999999808,1.0,0.0,0.33582977926179447,0.05065220271161716,0.01235281750189791,0.2653693537789189,0.017105620671184308,1.8027584552764893,0.007736764848232269,0
mujoco,stairs_forward,0,0,276,2.759999999999807,1.0,0.0,0.3358495482525939,0.050640298946332214,0.012287711092568477,0.2669195135555648,0.029732708723781247,1.800456166267395,0.014109684154391289,0
mujoco,stairs_forward,0,0,277,2.769999999999806,1.0,0.0,0.3358636472728189,0.05062433356470417,0.012221039231480666,0.2675024081219321,0.0092375013257879,1.799828052520752,0.010554460808634758,0
mujoco,stairs_forward,0,0,278,2.779999999999805,1.0,0.0,0.33587407708791794,0.05055599322215901,0.01212132816049548,0.26877218459236835,-0.0012383629854259613,1.805314540863037,0.016094190999865532,0
mujoco,stairs_forward,0,0,279,2.7899999999998037,1.0,0.0,0.33588337621451614,0.05049205892369753,0.012070487292311345,0.26886436026459576,0.017350041749793176,1.8029959201812744,0.008870492689311504,0
mujoco,stairs_forward,0,0,280,2.7999999999998026,1.0,0.0,0.33589321156084695,0.05047212142065285,0.012019737074193222,0.27028807437995406,0.031203581107511712,1.8016226291656494,0.016694514080882072,0
mujoco,stairs_forward,0,0,281,2.8099999999998015,1.0,0.0,0.33590125330716347,0.05044234499989227,0.01198866585701061,0.27073173367868886,0.010001727522905764,1.801427960395813,0.010287369601428509,0
mujoco,stairs_forward,0,0,282,2.8199999999998004,1.0,0.0,0.3359095036771872,0.050363225266631326,0.011918208344961963,0.2721915945218094,-0.001955318047384369,1.805962085723877,0.01518021896481514,0
mujoco,stairs_forward,0,0,283,2.8299999999997993,1.0,0.0,0.33591575303955,0.050283438013913634,0.011881278240312968,0.2722631538420885,0.01712596229141084,1.8023898601531982,0.010529771447181702,0
mujoco,stairs_forward,0,0,284,2.8399999999997982,1.0,0.0,0.3359220587324129,0.050251621979005186,0.011857312218082571,0.2733289002362756,0.026646356382819664,1.8007155656814575,0.01914289966225624,0
mujoco,stairs_forward,0,0,285,2.849999999999797,1.0,0.0,0.33593111879369036,0.05020454300875931,0.011858375686009124,0.273810514830876,0.007336435987639727,1.8026151657104492,0.009376926347613335,0
mujoco,stairs_forward,0,0,286,2.859999999999796,1.0,0.0,0.3359430292728143,0.05011450644270212,0.011794897059758527,0.27536271408108925,-0.0024247124151300426,1.8046116828918457,0.012343939393758774,0
mujoco,stairs_forward,0,0,287,2.869999999999795,1.0,0.0,0.3359520349405386,0.05003161350030057,0.011748033326153233,0.27553577856148387,0.01803825642355214,1.7998332977294922,0.010467247106134892,0
mujoco,stairs_forward,0,0,288,2.879999999999794,1.0,0.0,0.3359594828345315,0.04999721450227151,0.01171753346966742,0.2764835983430458,0.024920288676977743,1.797966480255127,0.019538089632987976,0
mujoco,stairs_forward,0,0,289,2.8899999999997927,1.0,0.0,0.33596967424154256,0.04994465457367562,0.011713314053611696,0.2770604808271296,0.006596875115447912,1.800864338874817,0.00907851941883564,0
mujoco,stairs_forward,0,0,290,2.8999999999997916,1.0,0.0,0.3359817383850318,0.04985052387201182,0.011636730017122754,0.2787325875182419,-0.0022124021249774715,1.8025370836257935,0.011897045187652111,0
mujoco,stairs_forward,0,0,291,2.9099999999997905,1.0,0.0,0.33598101957297044,0.04980741528178344,0.012022665845111113,0.2694080929081032,-0.11432296011511534,1.797361969947815,0.010521958582103252,0
mujoco,stairs_forward,0,0,292,2.9199999999997894,1.0,0.0,0.3360043360135777,0.04974293054230472,0.013919461973212742,0.25515626409437153,-0.2768323969112731,1.8196055889129639,0.12936967611312866,0
mujoco,stairs_forward,0,0,293,2.9299999999997883,1.0,0.0,0.33611185351621575,0.04966111130610593,0.01588499527975778,0.24488904246548104,-0.3726737752719525,1.8410844802856445,0.1610081046819687,0
mujoco,stairs_forward,0,0,294,2.9399999999997872,1.0,0.0,0.3363029303220849,0.04979533720595488,0.01757995377638769,0.23441667203217986,-0.434345549184362,1.8230624198913574,0.11556630581617355,0
mujoco,stairs_forward,0,0,295,2.949999999999786,1.0,0.0,0.33654504949323943,0.050222378652821156,0.01886300832503524,0.2253370795524586,-0.44280402188594276,1.8226662874221802,0.11429145187139511,0
mujoco,stairs_forward,0,0,296,2.959999999999785,1.0,0.0,0.33681999657311396,0.050969976492548565,0.019690804858772906,0.21787254810311477,-0.44642069946205726,1.8249921798706055,0.0747205913066864,0
mujoco,stairs_forward,0,0,297,2.969999999999784,1.0,0.0,0.33710291229654105,0.05185909112810016,0.020082256393795007,0.2128176248599834,-0.4209093887719641,1.8286769390106201,0.0516509972512722,0
mujoco,stairs_forward,0,0,298,2.979999999999783,1.0,0.0,0.3373839593011342,0.052505054338174685,0.02004024762971763,0.2103786464743307,-0.3270617008715233,1.823988437652588,0.05796997994184494,0
mujoco,stairs_forward,0,0,299,2.9899999999997817,1.0,0.0,0.3376904205484672,0.05290649847835577,0.019867194832195196,0.20914966436517268,-0.2548006732544202,1.833086609840393,0.055805306881666183,0
mujoco,stairs_forward,0,0,300,2.9999999999997806,1.0,0.0,0.33803668775004586,0.053058591850838624,0.01945711395579429,0.20910043022238362,-0.21724501803085725,1.838065266609192,0.0646144300699234,0
mujoco,stairs_forward,0,0,301,3.0099999999997795,1.0,0.0,0.338411248749545,0.052954473630142,0.018936562616044105,0.2078110576752002,-0.19252390764380023,1.8305232524871826,0.06954093277454376,0
mujoco,stairs_forward,0,0,302,3.0199999999997784,1.0,0.0,0.3388105196826332,0.0527714806724697,0.018576307701529435,0.20599592293734373,-0.1704022013068666,1.832801342010498,0.0615747831761837,0
mujoco,stairs_forward,0,0,303,3.0299999999997773,1.0,0.0,0.33923732513733934,0.052537606033761584,0.018187849380027727,0.20501569295197944,-0.1671458107573004,1.8399754762649536,0.06068720296025276,0
mujoco,stairs_forward,0,0,304,3.039999999999776,1.0,0.0,0.3396820834035622,0.05217049021343657,0.017777807715417863,0.20358179028125142,-0.17479318571791683,1.8475528955459595,0.06702239066362381,0
mujoco,stairs_forward,0,0,305,3.049999999999775,1.0,0.0,0.3401346633901796,0.051749909872394535,0.017571206261298416,0.20073680225942336,-0.1744634566757111,1.8617695569992065,0.07058821618556976,0
mujoco,stairs_forward,0,0,306,3.059999999999774,1.0,0.0,0.3405975899093369,0.0513646261396509,0.017432932649483618,0.1989024425091155,-0.18198478725903788,1.8842195272445679,0.07021694630384445,0
mujoco,stairs_forward,0,0,307,3.069999999999773,1.0,0.0,0.34106776393702315,0.050916521639867846,0.017339791460226177,0.19717866027301384,-0.197534283048603,1.907288670539856,0.07754390686750412,0
mujoco,stairs_forward,0,0,308,3.079999999999772,1.0,0.0,0.3415327096333139,0.05034568573035395,0.017296054397857016,0.19472533776485068,-0.2019812300922226,1.936245083808899,0.08346302807331085,0
mujoco,stairs_forward,0,0,309,3.0899999999997707,1.0,0.0,0.3419991434465921,0.0498259831928702,0.01741801221809215,0.19190174691055703,-0.1999785088803114,1.9718146324157715,0.07699272781610489,0
mujoco,stairs_forward,0,0,310,3.0999999999997696,1.0,0.0,0.34247897910950764,0.049319491773426594,0.017590546867260144,0.1898775153116847,-0.20401811131729697,2.008741617202759,0.0733833983540535,0
mujoco,stairs_forward,0,0,311,3.1099999999997685,1.0,0.0,0.34297241892134084,0.04873986385818017,0.017750159415729185,0.18841949357379575,-0.2099096438444167,2.0431761741638184,0.0719076544046402,0
mujoco,stairs_forward,0,0,312,3.1199999999997674,1.0,0.0,0.3434743750370431,0.04806602014907831,0.017968758363262578,0.18601034794680912,-0.20402401962096273,2.078148603439331,0.07182539254426956,0
mujoco,stairs_forward,0,0,313,3.1299999999997663,1.0,0.0,0.3439917710968853,0.0474334010209588,0.01837666339351725,0.18355625418777421,-0.19155811477575646,2.1169888973236084,0.06265491247177124,0
mujoco,stairs_forward,0,0,314,3.139999999999765,1.0,0.0,0.3445354144803468,0.046817203860537254,0.018801950496373322,0.18196895880839103,-0.1855966202836522,2.155071496963501,0.06028934195637703,0
mujoco,stairs_forward,0,0,315,3.149999999999764,1.0,0.0,0.3451075399337321,0.04616079039864266,0.019222522514443594,0.18055543615934627,-0.17963776149599298,2.1906747817993164,0.05642776936292648,0
mujoco,stairs_forward,0,0,316,3.159999999999763,1.0,0.0,0.34568669972273486,0.04527518261410777,0.020506199433944907,0.16538407575044364,-0.04957456827934384,2.2207250595092773,0.04616580531001091,0
mujoco,stairs_forward,0,0,317,3.169999999999762,1.0,0.0,0.3462928405331209,0.04449536135257304,0.02218059517725827,0.15499273334175834,0.034290716984916376,2.276296377182007,0.17811958491802216,0
mujoco,stairs_forward,0,0,318,3.179999999999761,1.0,0.0,0.3469746744512508,0.043791051999342114,0.023722838747631744,0.14702551516786588,0.04819652096599251,2.3194737434387207,0.14014588296413422,0
mujoco,stairs_forward,0,0,319,3.1899999999997597,1.0,0.0,0.3477436178077911,0.04301048526606948,0.024791204776812417,0.14216392296895317,0.03707050292114896,2.359304428100586,0.11308999359607697,0
mujoco,stairs_forward,0,0,320,3.1999999999997586,1.0,0.0,0.34860553605921407,0.0422279929431851,0.02538237245420942,0.13999933203849996,0.007232459181971077,2.3884048461914062,0.07239978015422821,0
mujoco,stairs_forward,0,0,321,3.2099999999997575,1.0,0.0,0.34956783033514205,0.04150951345828602,0.025584030633056178,0.13981438983209132,-0.018532386848589277,2.423687696456909,0.07433731853961945,0
mujoco,stairs_forward,0,0,322,3.2199999999997564,1.0,0.0,0.35063588927697903,0.04083601730365658,0.025357083134002686,0.14149126174624702,-0.035372567286878855,2.483140707015991,0.09700155258178711,0
mujoco,stairs_forward,0,0,323,3.2299999999997553,1.0,0.0,0.35181950496740666,0.040205847202043,0.02476815541161488,0.14403640588338767,-0.04003250464152096,2.5810885429382324,0.1367664337158203,0
mujoco,stairs_forward,0,0,324,3.239999999999754,1.0,0.0,0.35313324702278326,0.03960545155069589,0.023796453240509705,0.14763356189995594,-0.03520179767126992,2.7312376499176025,0.18184606730937958,0
mujoco,stairs_forward,0,0,325,3.249999999999753,1.0,0.0,0.35460106801987273,0.03900133298630283,0.022354955650946574,0.15218723485052799,-0.021391476565196552,2.926098346710205,0.22717688977718353,0
mujoco,stairs_forward,0,0,326,3.259999999999752,1.0,0.0,0.356256852568294,0.038361339297538335,0.020380373432958464,0.15773489294239187,-0.006020016398014211,3.167109727859497,0.2768508791923523,0
mujoco,stairs_forward,0,0,327,3.269999999999751,1.0,0.0,0.358140174885964,0.037692238069549716,0.017829371748916,0.164350242265954,0.01395014984010558,3.452892780303955,0.33044663071632385,0
mujoco,stairs_forward,0,0,328,3.27999999999975,1.0,0.0,0.36028634143567817,0.037084180411171334,0.014682940984349824,0.1720366875799758,0.038805449454758126,3.7815325260162354,0.38321346044540405,0
mujoco,stairs_forward,0,0,329,3.2899999999997487,1.0,0.0,0.3627131723997185,0.036521470997377486,0.01096979509636766,0.18066985824100118,0.06938701627756633,4.130033493041992,0.4090065658092499,0
mujoco,stairs_forward,0,0,330,3.2999999999997476,1.0,0.0,0.36540438310097273,0.035858410376955925,0.0067864619540710155,0.18983080574356165,0.10203657712575438,4.461609363555908,0.3957289755344391,0
mujoco,stairs_forward,0,0,331,3.3099999999997465,1.0,0.0,0.36828039922725025,0.034893845086623014,0.0024848501048430165,0.19793197202802684,0.14043960927380977,4.749017715454102,0.3713590204715729,0
mujoco,stairs_forward,0,0,332,3.3199999999997454,1.0,0.0,0.37115968698258306,0.03322744304085226,-0.0012370724472794703,0.20237124946734292,0.19458617886664015,4.95932674407959,0.39263421297073364,0
mujoco,stairs_forward,0,0,333,3.3299999999997443,1.0,0.0,0.3738279060719726,0.031144817620493405,-0.0028534275435489055,0.20064561758338606,0.2643389952312418,5.089176177978516,0.45337438583374023,0
mujoco,stairs_forward,0,0,334,3.339999999999743,1.0,0.0,0.37622521896555927,0.0296385112455579,-0.0013063714530235973,0.19812562870468411,0.3350200362283742,5.1483473777771,0.5036424398422241,0
mujoco,stairs_forward,0,0,335,3.349999999999742,1.0,0.0,0.3781618933830168,0.0236169731498669,0.00382921668014051,0.1903276292202557,0.6216172391063713,4.571856498718262,0.7964885234832764,0
mujoco,stairs_forward,0,0,336,3.359999999999741,1.0,0.0,0.3794621568290499,0.018870403678010694,0.01287902593826523,0.18138463161429177,0.5939184610504779,4.132079601287842,0.7847402691841125,0
mujoco,stairs_forward,0,0,337,3.36999999999974,1.0,0.0,0.3800786102191055,0.015730241658190876,0.023563880195423062,0.17971497292353683,0.4422456865621903,3.3112869262695312,1.123140811920166,0
mujoco,stairs_forward,0,0,338,3.3799999999997388,1.0,0.0,0.3800190167739137,0.014914153145538515,0.03316176473262489,0.1829615192303035,0.21807778241819475,2.4891622066497803,1.434478521347046,0
mujoco,stairs_forward,0,0,339,3.3899999999997377,1.0,0.0,0.37949232200568533,0.015774568083100675,0.041408938498117456,0.1885634412957585,-0.10016194290982366,2.4062390327453613,0.9190270900726318,0
mujoco,stairs_forward,0,0,340,3.3999999999997366,1.0,0.0,0.3785967777354369,0.014834109241488784,0.05000528465133521,0.1926066261696576,-0.3562812347665852,2.7693734169006348,0.47669726610183716,0
mujoco,stairs_forward,0,0,341,3.4099999999997355,1.0,0.0,0.3775016174656007,0.012738634801482828,0.05928806044566745,0.19460631643917753,-0.4757822762754792,3.2072699069976807,0.4614860713481903,0
mujoco,stairs_forward,0,0,342,3.4199999999997344,1.0,0.0,0.37635648778235753,0.011352326019383463,0.06873854447468448,0.19352612102645794,-0.3875234826954099,3.777702569961548,0.5950453877449036,0
mujoco,stairs_forward,0,0,343,3.4299999999997333,1.0,0.0,0.3751686872450398,0.012858538266921777,0.07812754010579356,0.18654265860960925,-0.5235656548324734,4.4762115478515625,0.7782238125801086,0
mujoco,stairs_forward,0,0,344,3.439999999999732,1.0,0.0,0.3741080227761648,0.01476569258407639,0.08818692871406787,0.1888676885416525,-0.5901353003888685,5.105978965759277,0.7022111415863037,0
mujoco,stairs_forward,0,0,345,3.449999999999731,1.0,0.0,0.37328902506186634,0.020431973671537127,0.09745754714832217,0.1892475428717896,-0.7009029543784074,5.440421104431152,0.538029134273529,0
mujoco,stairs_forward,0,0,346,3.45999999999973,1.0,0.0,0.37276411220769845,0.028026619819942644,0.10675579929031433,0.18526452026462725,-0.8020321275735977,5.649289131164551,0.36654016375541687,0
mujoco,stairs_forward,0,0,347,3.469999999999729,1.0,0.0,0.37219546857310276,0.03577878837777963,0.11361425605589011,0.19641054180383513,-1.2477144902616237,6.151550769805908,0.7060519456863403,0
mujoco,stairs_forward,0,0,348,3.4799999999997278,1.0,0.0,0.3718547439575343,0.04348463256085779,0.12005927360261048,0.21028824445806646,-1.7172602816581335,6.367591381072998,0.36907336115837097,0
mujoco,stairs_forward,0,0,349,3.4899999999997267,1.0,0.0,0.37190161032464514,0.05182069518951217,0.12717277960868587,0.212204012467884,-1.83697034777538,6.42340087890625,0.22579428553581238,0
mujoco,stairs_forward,0,0,350,3.4999999999997256,1.0,0.0,0.37242509544996855,0.06260585067325593,0.13617848736752455,0.2128649087471049,-1.804485899420139,6.600877285003662,0.3447011411190033,0
mujoco,stairs_forward,0,0,351,3.5099999999997245,1.0,0.0,0.372903303306495,0.07271085933057693,0.14315177687911962,0.22248832724643017,-2.157504849085581,6.728411674499512,0.32889288663864136,0
mujoco,stairs_forward,0,0,352,3.5199999999997234,1.0,0.0,0.3723517249689585,0.07502724938719967,0.15051974726777373,0.19428756777048248,-2.5990917664136473,6.430651664733887,1.4294044971466064,0
mujoco,stairs_forward,0,0,353,3.5299999999997222,1.0,0.0,0.371107524522701,0.07789999973432692,0.16439686350182353,0.19003353110634547,-2.5107139041846325,6.154052734375,0.9641988277435303,0
mujoco,stairs_forward,0,0,354,3.539999999999721,1.0,0.0,0.3689819737368178,0.0770747391451653,0.1788958644386373,0.1654022142404701,-2.622217577256942,5.873566627502441,0.8813577890396118,0
mujoco,stairs_forward,0,0,355,3.54999999999972,1.0,0.0,0.36621334779562664,0.07625253115564162,0.1983184313437982,0.15061370591269507,-2.4425648699512252,5.158388137817383,1.0924185514450073,0
mujoco,stairs_forward,0,0,356,3.559999999999719,1.0,0.0,0.3627865308322169,0.07467603762947175,0.2242527655256091,0.11823413352670327,-2.1527676237665303,3.920745849609375,1.8587918281555176,0
mujoco,stairs_forward,0,0,357,3.569999999999718,1.0,0.0,0.3586284782570007,0.07562556341275907,0.25156211178084875,0.10900888987349229,-1.7442297436999143,2.9374988079071045,1.7152460813522339,0
mujoco,stairs_forward,0,0,358,3.5799999999997167,1.0,0.0,0.35351882184806527,0.07894214059329777,0.270238205159909,0.1117407006374109,-1.1733892657152118,3.1374146938323975,1.9112261533737183,0
mujoco,stairs_forward,0,0,359,3.5899999999997156,1.0,0.0,0.34881796619445643,0.080963526508594,0.2858268703693139,0.1503948499153705,-0.6445021928794715,4.39390754699707,1.8567861318588257,0
mujoco,stairs_forward,0,0,360,3.5999999999997145,1.0,0.0,0.3456959778389848,0.07886683971039304,0.29584941759917405,0.22059464097323803,-0.4553047091834791,5.0447211265563965,1.0208696126937866,0
mujoco,stairs_forward,0,0,361,3.6099999999997134,1.0,0.0,0.3446715283775011,0.07180088249510111,0.302217643993485,0.28226329065155586,-0.3372118449823718,5.535172939300537,0.6106001138687134,0
mujoco,stairs_forward,0,0,362,3.6199999999997123,1.0,0.0,0.34570471535967606,0.06186603503590961,0.3043526091325587,0.3428134261457414,-0.3682269812853175,5.795251369476318,0.5454979538917542,0
mujoco,stairs_forward,0,0,363,3.6299999999997112,1.0,0.0,0.3484801648156294,0.0484209538224004,0.30460931800971147,0.3865301758088441,-0.15789228499022673,6.150859355926514,0.47295358777046204,0
mujoco,stairs_forward,0,0,364,3.63999999999971,1.0,0.0,0.3528299191488649,0.037870287220936195,0.3065411212485605,0.4412616795663573,0.22115496558447384,6.838794708251953,0.9155746698379517,0
mujoco,stairs_forward,0,0,365,3.649999999999709,1.0,0.0,0.3587581012257357,0.031862014926597,0.31004434681801973,0.4946910279106343,0.5165774464865244,7.13184928894043,0.6208608150482178,0
mujoco,stairs_forward,0,0,366,3.659999999999708,1.0,0.0,0.3660362196576343,0.026027628863419208,0.30843173284231207,0.5521901748150687,0.6591233388344846,7.161807537078857,0.82215815782547,0
mujoco,stairs_forward,0,0,367,3.669999999999707,1.0,0.0,0.3744602531060716,0.01817145044709655,0.29954239419663,0.6136182909851067,0.9002715486230226,7.130244731903076,1.1314784288406372,0
mujoco,stairs_forward,0,0,368,3.6799999999997057,1.0,0.0,0.38378335727385704,0.009242563730782015,0.28267905794598286,0.6676221823208061,1.2040547954287644,6.952701568603516,1.3442453145980835,0
mujoco,stairs_forward,0,0,369,3.6899999999997046,1.0,0.0,0.39314740180256347,0.001487374473446866,0.2603563019081802,0.6882964053734543,1.7812676431750096,6.36292028427124,1.5380789041519165,0
mujoco,stairs_forward,0,0,370,3.6999999999997035,1.0,0.0,0.4013329375259246,-0.005382720548411923,0.24442740108616806,0.6483085124157191,1.8374497358236082,4.534865379333496,2.7027411460876465,0
mujoco,stairs_forward,0,0,371,3.7099999999997024,1.0,0.0,0.40790076988693535,-0.016119412823186074,0.23686587436675738,0.6150682596500635,1.1739187977753343,2.7115306854248047,3.443944215774536,0
mujoco,stairs_forward,0,0,372,3.7199999999997013,1.0,0.0,0.41315181205483326,-0.028977503705463554,0.22709750456573918,0.6223045877820246,0.10714099530354537,3.3677780628204346,2.534959554672241,0
mujoco,stairs_forward,0,0,373,3.7299999999997,1.0,0.0,0.417639041176119,-0.04029725913322151,0.21918606753212633,0.6218535580855856,-0.694722130943554,3.1757428646087646,0.7356728315353394,0
mujoco,stairs_forward,0,0,374,3.739999999999699,1.0,0.0,0.42171194711732135,-0.049305244598047714,0.21096668249337439,0.6284493035242211,-0.6855170521366465,2.881760597229004,1.247213363647461,0
mujoco,stairs_forward,0,0,375,3.749999999999698,1.0,0.0,0.42565998083664114,-0.05548972195034711,0.2003605071485773,0.6391494736958276,-0.42387897100539607,3.247452974319458,1.0883276462554932,0
mujoco,stairs_forward,0,0,376,3.759999999999697,1.0,0.0,0.4294676749055434,-0.05927182582011915,0.18901075810280432,0.6487149343613298,-0.2097371303067045,3.3554089069366455,0.57448810338974,0
mujoco,stairs_forward,0,0,377,3.769999999999696,1.0,0.0,0.4330148725971849,-0.06087588196928365,0.17778826668316486,0.6565233359133377,-0.07350998135307557,3.2880332469940186,0.15069909393787384,0
mujoco,stairs_forward,0,0,378,3.7799999999996947,1.0,0.0,0.4362455774885336,-0.061082495945684524,0.16649729341650224,0.6648891046335871,-0.0781520720115425,3.4468259811401367,0.3531041443347931,0
mujoco,stairs_forward,0,0,379,3.7899999999996936,1.0,0.0,0.4390517053960833,-0.06196112054558349,0.1547387719731198,0.6689358223024987,-0.18017508718799016,3.4184045791625977,0.6150282621383667,0
mujoco,stairs_forward,0,0,380,3.7999999999996925,1.0,0.0,0.4413618618487959,-0.06412999063933227,0.145058850224205,0.6700786849831581,-0.1167291848519624,2.96335768699646,0.8714035153388977,0
mujoco,stairs_forward,0,0,381,3.8099999999996914,1.0,0.0,0.4430484042050257,-0.06647592610408135,0.1362810031912695,0.6709470466391667,0.00099769162898645,2.891352653503418,0.5833005309104919,0
mujoco,stairs_forward,0,0,382,3.8199999999996903,1.0,0.0,0.44403015121585976,-0.0698255155451399,0.1305842697462332,0.6654258139387287,0.0025123270389020924,2.7172272205352783,0.8047904968261719,0
mujoco,stairs_forward,0,0,383,3.829999999999689,1.0,0.0,0.444278083684081,-0.07354586373873297,0.12614954207898127,0.6637232708132588,0.11648206153754247,2.5765061378479004,0.3673053979873657,0
mujoco,stairs_forward,0,0,384,3.839999999999688,1.0,0.0,0.44387180763155254,-0.07758987307339257,0.12302707497914399,0.6592816812123905,0.15557085907293097,2.4981279373168945,0.2359984964132309,0
mujoco,stairs_forward,0,0,385,3.849999999999687,1.0,0.0,0.44292005767715986,-0.08127285084755896,0.12047846148391368,0.6567844778769744,0.1795717357300663,2.446352481842041,0.24801452457904816,0
mujoco,stairs_forward,0,0,386,3.859999999999686,1.0,0.0,0.4415902754607481,-0.08390677642977917,0.11774972489369706,0.6549546062443226,0.17700957734172607,2.462160110473633,0.29579439759254456,0
mujoco,stairs_forward,0,0,387,3.869999999999685,1.0,0.0,0.4400125484440201,-0.08582777489609293,0.11657039116627327,0.6215569888029949,0.3631944057471394,2.5035152435302734,0.2099805474281311,0
mujoco,stairs_forward,0,0,388,3.8799999999996837,1.0,0.0,0.43855661540299684,-0.08421767772213734,0.12068141062049832,0.5728947923696935,0.7981164456132349,2.946014642715454,0.717742383480072,0
mujoco,stairs_forward,0,0,389,3.8899999999996826,1.0,0.0,0.4374440751500771,-0.07892126950799788,0.12664662591991696,0.5319814341542091,1.1463726750440393,3.7300972938537598,0.9330025315284729,0
mujoco,stairs_forward,0,0,390,3.8999999999996815,1.0,0.0,0.4366926000015736,-0.07034565575812643,0.13190256398577752,0.5131794059779754,1.3728934066627292,4.674280166625977,1.2429993152618408,0
mujoco,stairs_forward,0,0,391,3.9099999999996804,1.0,0.0,0.4353198014633891,-0.0646385202945393,0.13080527856553573,0.5201104311797619,0.9336193622795778,5.018597602844238,1.5316940546035767,0
mujoco,stairs_forward,0,0,392,3.9199999999996793,1.0,0.0,0.4331653619319255,-0.05866813383806723,0.1315221589988379,0.5127391923266417,0.6705775186739225,5.555850028991699,0.7391884326934814,0
mujoco,stairs_forward,0,0,393,3.929999999999678,1.0,0.0,0.4309609419173016,-0.04698713330821162,0.12795053973086876,0.5306916851037452,0.34280917122967425,5.63487434387207,1.023195505142212,0
mujoco,stairs_forward,0,0,394,3.939999999999677,1.0,0.0,0.42903257653468657,-0.03392584837591911,0.12066627089266056,0.5391420674633683,-0.07478692896613894,5.130620002746582,1.4220483303070068,0
mujoco,stairs_forward,0,0,395,3.949999999999676,1.0,0.0,0.4270088651086591,-0.021092912898816502,0.11110400821599468,0.54694954091037,-0.09436288079002361,4.189264297485352,1.366619348526001,0
mujoco,stairs_forward,0,0,396,3.959999999999675,1.0,0.0,0.42456250188351763,-0.012607961136765683,0.1117527061242438,0.5057620271698107,-0.07591201208795267,3.789740562438965,1.5871633291244507,0
mujoco,stairs_forward,0,0,397,3.969999999999674,1.0,0.0,0.4220591330236076,-0.006664195170196014,0.1256172725810175,0.4580223410122236,-0.08538568927864716,4.280850887298584,1.371374249458313,0
mujoco,stairs_forward,0,0,398,3.9799999999996727,1.0,0.0,0.41981270875394466,0.003762367632820179,0.14769773233454633,0.41138883016833494,-0.08617439538978798,4.583471775054932,1.2073025703430176,0
mujoco,stairs_forward,0,0,399,3.9899999999996716,1.0,0.0,0.4177837527616594,0.017963628875831136,0.16925311005700575,0.3968338124896673,-0.5308753052018217,4.695032596588135,1.1292388439178467,0
mujoco,stairs_forward,0,0,400,3.9999999999996705,1.0,0.0,0.41568774167844236,0.02999774290653431,0.1881140172871363,0.37411926385910765,-1.0444361621396883,4.995528697967529,0.71962970495224,0
mujoco,stairs_forward,0,0,401,4.009999999999674,1.0,0.0,0.41318838470574676,0.04250556020860853,0.20190795594074845,0.3760792475172247,-1.4147875170012996,5.259487152099609,1.2054626941680908,0
mujoco,stairs_forward,0,0,402,4.019999999999677,1.0,0.0,0.41011574872533335,0.04925921674880501,0.21381761864376173,0.357042592209908,-1.3737713332383343,5.294252872467041,0.9854798913002014,0
mujoco,stairs_forward,0,0,403,4.0299999999996805,1.0,0.0,0.4066889139879627,0.055117367363761285,0.22217794608124933,0.3672902964420229,-1.5060020282353432,5.7151103019714355,1.4579517841339111,0
mujoco,stairs_forward,0,0,404,4.039999999999684,1.0,0.0,0.4029920163699362,0.05738618031072408,0.23082648854143775,0.35025418683811566,-1.7329641073888753,6.073831558227539,0.8932600617408752,0
mujoco,stairs_forward,0,0,405,4.049999999999687,1.0,0.0,0.3989916162626406,0.055752268338016026,0.2386344380609045,0.3467962193912257,-1.8194768768427856,6.20939302444458,0.6793036460876465,0
mujoco,stairs_forward,0,0,406,4.0599999999996905,1.0,0.0,0.3946629240012189,0.05118143211064736,0.24696798978046583,0.3318528351999584,-1.760113945943042,6.005433559417725,0.6417290568351746,0
mujoco,stairs_forward,0,0,407,4.069999999999694,1.0,0.0,0.38992761149892213,0.04310243960347881,0.2592998926116187,0.30063269651761537,-1.438083089267506,4.8512797355651855,1.6605674028396606,0
mujoco,stairs_forward,0,0,408,4.079999999999697,1.0,0.0,0.38482931945043275,0.03247001860249716,0.2754167544998841,0.26614510226027677,-0.6689815576082473,3.3639397621154785,2.566753387451172,0
mujoco,stairs_forward,0,0,409,4.0899999999997005,1.0,0.0,0.37961044289133644,0.022167668140881374,0.2936026109625516,0.2228760343806779,0.020828026316780802,3.510401725769043,2.6971654891967773,0
mujoco,stairs_forward,0,0,410,4.099999999999704,1.0,0.0,0.37471188831254737,0.01343750651311856,0.3046013260724766,0.20216457751115233,0.42215836790007955,4.749998569488525,2.7965128421783447,0
mujoco,stairs_forward,0,0,411,4.109999999999707,1.0,0.0,0.37106079921357116,-9.769967744711467e-05,0.3055651554847088,0.1864105750653524,0.6385560474446585,5.644343852996826,1.5170210599899292,0
mujoco,stairs_forward,0,0,412,4.119999999999711,1.0,0.0,0.3688032039469177,-0.02116292230957627,0.3012710622928341,0.20290330704767884,0.9302072457534768,5.265762805938721,1.3512115478515625,0
mujoco,stairs_forward,0,0,413,4.129999999999714,1.0,0.0,0.3680038342705426,-0.04268366596042204,0.29572774198946095,0.22103796535266693,1.2333134877855818,5.845488548278809,0.8468523621559143,0
mujoco,stairs_forward,0,0,414,4.139999999999717,1.0,0.0,0.3683294479781449,-0.06569955746731358,0.28865267055858795,0.23775837723192073,1.586606764337318,6.498603820800781,1.1038026809692383,0
mujoco,stairs_forward,0,0,415,4.149999999999721,1.0,0.0,0.3697640683071395,-0.0869309159202142,0.280176068017074,0.27365277498627955,2.109493674057213,7.116190433502197,0.8128345012664795,0
mujoco,stairs_forward,0,0,416,4.159999999999724,1.0,0.0,0.3721138853792862,-0.10689185307519632,0.26919540343604226,0.30223464960705826,2.5430187801425017,7.177916049957275,0.28094393014907837,0
mujoco,stairs_forward,0,0,417,4.169999999999727,1.0,0.0,0.37526058812342483,-0.12619025049650665,0.25621924555275377,0.3309290054868631,2.981836227086425,7.197968006134033,0.5119311213493347,0
mujoco,stairs_forward,0,0,418,4.179999999999731,1.0,0.0,0.3791439237787017,-0.14090908915367292,0.24288414659692537,0.3628744367114065,3.3217719242145516,7.248713970184326,0.7119543552398682,0
mujoco,stairs_forward,0,0,419,4.189999999999734,1.0,0.0,0.383429370527975,-0.15327000373092128,0.22514393780822278,0.3905946301506435,3.7224973239070662,6.8597941398620605,1.0195400714874268,0
mujoco,stairs_forward,0,0,420,4.199999999999737,1.0,0.0,0.38804323515273137,-0.15981103468823243,0.21259429789031697,0.38187920064651937,4.532571376151988,6.350069999694824,1.6815190315246582,0
mujoco,stairs_forward,0,0,421,4.209999999999741,1.0,0.0,0.39334426076142703,-0.16620415036851008,0.21268496432443698,0.37601466238041203,5.398602358639269,6.337739944458008,2.9363512992858887,0
mujoco,stairs_forward,0,0,422,4.219999999999744,1.0,0.0,0.3989912662507494,-0.17177280816783286,0.21788591140235986,0.4194076312000723,5.080060590911844,6.852664470672607,2.681291103363037,0
mujoco,stairs_forward,0,0,423,4.229999999999747,1.0,0.0,0.4043553456587446,-0.17756953727569946,0.22077519751840732,0.4436622198593057,3.970287001208177,6.853963851928711,2.6824421882629395,0
mujoco,stairs_forward,0,0,424,4.239999999999751,1.0,0.0,0.4098477434242783,-0.17868771150901486,0.2246788443927615,0.47417058316409105,3.235991560635905,7.402158737182617,1.4447875022888184,0
mujoco,stairs_forward,0,0,425,4.249999999999754,1.0,0.0,0.4158464326091151,-0.17196176629209123,0.21847921503019413,0.5364727600511031,2.3784411749713312,7.370998859405518,0.3946981430053711,0
mujoco,stairs_forward,0,0,426,4.259999999999757,1.0,0.0,0.42182100760475305,-0.16280221159146205,0.21007837845608998,0.5629737288252881,1.180668366692596,6.724343776702881,1.2544939517974854,0
mujoco,stairs_forward,0,0,427,4.269999999999761,1.0,0.0,0.42808825442495607,-0.16255197222321258,0.2014981827187709,0.6163549873440578,0.3299980799564391,7.032350540161133,0.6353881359100342,0
mujoco,stairs_forward,0,0,428,4.279999999999764,1.0,0.0,0.4346415035545183,-0.158011946052487,0.1864575469321312,0.6602991005707862,-0.29435703077390013,6.4457244873046875,1.5120769739151,0
mujoco,stairs_forward,0,0,429,4.289999999999767,1.0,0.0,0.4410996989652527,-0.15093937633023047,0.16823462969238887,0.6770502369803307,-0.41367113642782527,5.207672119140625,2.0950839519500732,0
mujoco,stairs_forward,0,0,430,4.299999999999771,1.0,0.0,0.4470400397065902,-0.14240541619398286,0.15421669751650433,0.6830262843374993,0.15593887751746613,4.641814708709717,1.2459831237792969,0
mujoco,stairs_forward,0,0,431,4.309999999999774,1.0,0.0,0.4515550195862784,-0.1346163500744209,0.14449730986394752,0.6597871111177755,0.5518426415969401,4.320679664611816,2.390829563140869,0
mujoco,stairs_forward,0,0,432,4.319999999999777,1.0,0.0,0.45409247905061806,-0.12639001382857035,0.14441276617339352,0.5945441076658218,1.3529282680642576,4.729306697845459,2.8670566082000732,0
mujoco,stairs_forward,0,0,433,4.329999999999781,1.0,0.0,0.45480218756365354,-0.11597778936516867,0.15293976243565252,0.533297183362166,2.066429931470295,4.703553676605225,2.052421808242798,0
mujoco,stairs_forward,0,0,434,4.339999999999784,1.0,0.0,0.45497675581416713,-0.1046289971051018,0.16198582756248847,0.4615885441363964,1.8244961718993524,4.315423488616943,2.642009973526001,0
mujoco,stairs_forward,0,0,435,4.349999999999787,1.0,0.0,0.45616635818126566,-0.10167718002507552,0.16895717934255464,0.3506828236253353,1.0845483021938667,5.4985809326171875,2.1690480709075928,0
mujoco,stairs_forward,0,0,436,4.359999999999791,1.0,0.0,0.45895476013498765,-0.10825568878534293,0.16819297205968256,0.27374909079122506,0.5167548317461879,6.084803104400635,1.428789734840393,0
mujoco,stairs_forward,0,0,437,4.369999999999794,1.0,0.0,0.4632111850413057,-0.1224706294765784,0.161726247344132,0.20757853017225483,0.223083830557972,6.4419846534729,0.6251658201217651,0
mujoco,stairs_forward,0,0,438,4.379999999999797,1.0,0.0,0.4684873174348111,-0.13923099000180394,0.14759804555599432,0.16175580963945263,0.3539652059103069,6.810560703277588,0.8418735265731812,0
mujoco,stairs_forward,0,0,439,4.389999999999801,1.0,0.0,0.47434460782856247,-0.15660181308403495,0.12717561126241117,0.1373619036954574,0.6501487901048596,6.357975482940674,0.6115198135375977,0
mujoco,stairs_forward,0,0,440,4.399999999999804,1.0,0.0,0.4802677824624308,-0.1717175502342673,0.1020122209397766,0.13101469309458522,0.9771937007938188,5.719529151916504,1.2431083917617798,0
mujoco,stairs_forward,0,0,441,4.409999999999807,1.0,0.0,0.48561403182782276,-0.18703885893065383,0.07823564864733006,0.16126077207119976,1.2648538321058,4.23862886428833,2.704179048538208,0
mujoco,stairs_forward,0,0,442,4.419999999999811,1.0,0.0,0.4900145542585567,-0.2027576852912908,0.06318417534480143,0.16944580156034436,0.7939604561306967,3.313466787338257,2.1995065212249756,0
mujoco,stairs_forward,0,0,443,4.429999999999814,1.0,0.0,0.4934594687671766,-0.21782310887806247,0.051221580894324985,0.1807105088411731,0.06666213485589767,3.2139675617218018,1.3038160800933838,0
mujoco,stairs_forward,0,0,444,4.439999999999817,1.0,0.0,0.496167126581387,-0.231197762815668,0.042202638246396376,0.17432939118321442,-0.47745529053394825,3.239487409591675,0.4529109597206116,0
mujoco,stairs_forward,0,0,445,4.449999999999821,1.0,0.0,0.4991557504058006,-0.23907580499285186,0.0350717163185754,0.19096822503270025,-0.6331029344007706,3.421322822570801,1.1383943557739258,0
mujoco,stairs_forward,0,0,446,4.459999999999824,1.0,0.0,0.5030882014725848,-0.24242374279526177,0.02744536660567237,0.2119879978797978,-0.6565966777527296,3.1351916790008545,0.511804461479187,0
mujoco,stairs_forward,0,0,447,4.4699999999998274,1.0,0.0,0.508020673615371,-0.243628683408505,0.021146355267445502,0.22813535321181952,-0.4444148418501328,2.6428449153900146,0.97205650806427,0
mujoco,stairs_forward,0,0,448,4.479999999999831,1.0,0.0,0.5138386604383821,-0.24352925883593587,0.014207678613118757,0.24441044538612453,-0.22999105625932545,2.7580771446228027,0.623838484287262,0
mujoco,stairs_forward,0,0,449,4.489999999999834,1.0,0.0,0.5203829114522739,-0.2413430860603258,0.004762858313546032,0.25727936713139865,-0.2192698108668733,3.1399333477020264,0.6932615041732788,0
mujoco,stairs_forward,0,0,450,4.4999999999998375,1.0,0.0,0.5273138177386463,-0.23759926617884056,-0.007287345339378049,0.26986119155902644,-0.30622452300058267,3.0682802200317383,0.619683563709259,0
mujoco,stairs_forward,0,0,451,4.509999999999841,1.0,0.0,0.5340886939670989,-0.23357226392463556,-0.018994309200439076,0.277001088937198,-0.26672769885762754,2.4568395614624023,1.0733004808425903,0
mujoco,stairs_forward,0,0,452,4.519999999999844,1.0,0.0,0.5401080923297448,-0.23125878018131465,-0.028673238593600058,0.2857899234244874,-0.2369259267457245,1.797268271446228,0.9670769572257996,0
mujoco,stairs_forward,0,0,453,4.5299999999998475,1.0,0.0,0.5451227668880172,-0.23160104594888062,-0.03535663526594303,0.2944924510644541,-0.16560533169591438,1.6191532611846924,0.6446120142936707,0
mujoco,stairs_forward,0,0,454,4.539999999999851,1.0,0.0,0.5492621759252166,-0.23383559972477422,-0.04016978940840279,0.301473952780748,-0.08170446459051264,1.7259957790374756,0.25751885771751404,0
mujoco,stairs_forward,0,0,455,4.549999999999854,1.0,0.0,0.5526341972168484,-0.23785691245999718,-0.043452403263383906,0.3068889864715066,-0.04018630158446407,1.7880373001098633,0.2482803612947464,0
mujoco,stairs_forward,0,0,456,4.5599999999998575,1.0,0.0,0.5552350863704032,-0.24359249994763357,-0.04510534940512184,0.3130388416538295,0.01945857341122655,1.7106729745864868,0.19078390300273895,0
mujoco,stairs_forward,0,0,457,4.569999999999861,1.0,0.0,0.5571833644343404,-0.2503716747941827,-0.044833957825828566,0.31610177933270744,0.0918249634986057,1.7368687391281128,0.24600832164287567,0
mujoco,stairs_forward,0,0,458,4.579999999999864,1.0,0.0,0.5587713373583881,-0.25766998675976005,-0.04363626993344183,0.3183357140551281,0.12394556616503068,1.9690008163452148,0.4983600378036499,0
mujoco,stairs_forward,0,0,459,4.5899999999998675,1.0,0.0,0.560270831860048,-0.2646803259111309,-0.0424165737538862,0.3181773819792043,0.09646192433358344,2.364985466003418,0.6204866766929626,0
mujoco,stairs_forward,0,0,460,4.599999999999871,1.0,0.0,0.5617678649227493,-0.2709365789812668,-0.04189636825200435,0.31918907684920744,0.07437360691037165,2.636894941329956,0.4547973871231079,0
mujoco,stairs_forward,0,0,461,4.609999999999874,1.0,0.0,0.5632272314089919,-0.27663892437846027,-0.04140037436040113,0.3187788631961081,0.07867092261474778,2.826143741607666,0.3413878083229065,0
mujoco,stairs_forward,0,0,462,4.6199999999998775,1.0,0.0,0.5645988997007487,-0.2818181604864952,-0.04059272219594616,0.3185162013529185,0.11022221677189566,2.9835760593414307,0.21742568910121918,0
mujoco,stairs_forward,0,0,463,4.629999999999881,1.0,0.0,0.565866489095665,-0.2863898404909566,-0.03929686879217637,0.31738747112450866,0.13324883851087813,3.1781599521636963,0.2167232185602188,0
mujoco,stairs_forward,0,0,464,4.639999999999884,1.0,0.0,0.5670356575432206,-0.290322272904548,-0.037639360850031785,0.3163388456691399,0.1451522265999389,3.3957443237304688,0.24656280875205994,0
mujoco,stairs_forward,0,0,465,4.649999999999888,1.0,0.0,0.5681035673460539,-0.2937285412105841,-0.035639731058060425,0.3154085049184724,0.14641607606245857,3.5765135288238525,0.22711226344108582,0
mujoco,stairs_forward,0,0,466,4.659999999999891,1.0,0.0,0.5690400192513045,-0.29698161827436226,-0.033486508121447656,0.31516619549831393,0.13071305890732166,3.6791741847991943,0.18593518435955048,0
mujoco,stairs_forward,0,0,467,4.669999999999894,1.0,0.0,0.5698025879240137,-0.30045908006043154,-0.03136639161947334,0.31566125055123506,0.09295196600722418,3.7042131423950195,0.20629937946796417,0
mujoco,stairs_forward,0,0,468,4.679999999999898,1.0,0.0,0.5703481242917321,-0.3045692393602951,-0.029340891159395047,0.3162790036498448,0.05426115916467972,3.6426596641540527,0.2292315810918808,0
mujoco,stairs_forward,0,0,469,4.689999999999901,1.0,0.0,0.5706072017509147,-0.30986297290464276,-0.027327034403839757,0.3179894401122404,0.03198892195309866,3.490382671356201,0.2660900950431824,0
mujoco,stairs_forward,0,0,470,4.699999999999904,1.0,0.0,0.5704783628634399,-0.31708424690219994,-0.0248618916508108,0.3161453317000468,0.031875497579218696,3.2724688053131104,0.3395758867263794,0
mujoco,stairs_forward,0,0,471,4.709999999999908,1.0,0.0,0.5699064001546602,-0.32635636498535214,-0.020943828035364372,0.30982023805294323,0.05654750855219848,3.1257307529449463,0.4381161630153656,0
mujoco,stairs_forward,0,0,472,4.719999999999911,1.0,0.0,0.568863923018883,-0.3380496242231344,-0.01617004574949805,0.3069221365396472,0.06740357730023712,3.0636403560638428,0.5349323153495789,0
mujoco,stairs_forward,0,0,473,4.729999999999914,1.0,0.0,0.567240732451601,-0.3527688199512874,-0.010597186310465256,0.30588707264319576,0.07494789202367372,2.9485220909118652,0.48471879959106445,0
mujoco,stairs_forward,0,0,474,4.739999999999918,1.0,0.0,0.5649255027982711,-0.37038832844504804,-0.003680159186067412,0.307216254023248,0.09195310617874859,2.855438709259033,0.48115772008895874,0
mujoco,stairs_forward,0,0,475,4.749999999999921,1.0,0.0,0.5618866431199612,-0.3905439360424649,0.004781888488840431,0.3084771129540537,0.12064968088559735,2.9455854892730713,0.5110100507736206,0
mujoco,stairs_forward,0,0,476,4.759999999999924,1.0,0.0,0.5582335380902793,-0.4125105036521876,0.014480779734779911,0.30930819566907786,0.1552753286476369,3.166001319885254,0.40373265743255615,0
mujoco,stairs_forward,0,0,477,4.769999999999928,1.0,0.0,0.5541948405009366,-0.43534168058140144,0.023888139637010954,0.3110238835579354,0.1723547480196305,3.5191636085510254,0.40498432517051697,0
mujoco,stairs_forward,0,0,478,4.779999999999931,1.0,0.0,0.550061225957659,-0.45777490282909994,0.03128625784056565,0.31278429381067485,0.14982306963323377,4.014227867126465,0.6012905240058899,0
mujoco,stairs_forward,0,0,479,4.789999999999934,1.0,0.0,0.5460680036925144,-0.47984492073540647,0.03569381470180643,0.30731933498917613,0.11792298918271116,4.564348220825195,0.7126001715660095,0
mujoco,stairs_forward,0,0,480,4.799999999999938,1.0,0.0,0.542252550609169,-0.501357187697764,0.037112651061366006,0.30469352831791174,0.10838241336694822,4.908083438873291,0.5587778091430664,0
mujoco,stairs_forward,0,0,481,4.809999999999941,1.0,0.0,0.5385208628787862,-0.5226243143052787,0.036371753704869524,0.30323977135569236,0.09430682938049356,5.057949542999268,0.32758623361587524,0
mujoco,stairs_forward,0,0,482,4.819999999999944,1.0,0.0,0.5346771456031109,-0.544138090483624,0.03433780492376204,0.30366685133304955,0.10564011211060774,5.024583339691162,0.22334952652454376,0
mujoco,stairs_forward,0,0,483,4.829999999999948,1.0,0.0,0.5304642761663146,-0.5665913508429851,0.03271652310045545,0.30569182154806407,0.14111330597701974,4.697177886962891,0.38348183035850525,0
mujoco,stairs_forward,0,0,484,4.839999999999951,1.0,0.0,0.525478640788973,-0.5915377382717749,0.03412779330182161,0.3081077442547085,0.276352010946457,3.763237237930298,1.1050763130187988,0
mujoco,stairs_forward,0,0,485,4.849999999999954,1.0,0.0,0.5194229642615751,-0.6190209176604695,0.04283526392142222,0.3053831307362293,0.5527991239505684,2.719534397125244,1.3906629085540771,0
mujoco,stairs_forward,0,0,486,4.859999999999958,1.0,0.0,0.5122439701900454,-0.6480169150565287,0.058905410492654596,0.3053614047656579,0.8941015262713615,2.3263161182403564,1.3190836906433105,0
mujoco,stairs_forward,0,0,487,4.869999999999961,1.0,0.0,0.5038532405283112,-0.6777649993850934,0.08280689696362928,0.29964425192064337,1.3017961621458005,2.538825273513794,1.466881275177002,0
mujoco,stairs_forward,0,0,488,4.879999999999964,1.0,0.0,0.4941718470608286,-0.7081737172980054,0.11385116662317409,0.28047235530732134,1.5837885673277623,3.095132350921631,1.548948049545288,0
mujoco,stairs_forward,0,0,489,4.889999999999968,1.0,0.0,0.483239790376596,-0.7357643899874928,0.14594513229900996,0.27017502242001923,1.757409796186492,3.447141170501709,1.2223471403121948,0
mujoco,stairs_forward,0,0,490,4.899999999999971,1.0,0.0,0.4711558984974263,-0.7630827062411942,0.17908011816350303,0.25621973794337355,1.741286257118714,4.155706882476807,0.9640834331512451,0
mujoco,stairs_forward,0,0,491,4.909999999999974,1.0,0.0,0.45810662476345093,-0.7910533565515653,0.21063680904129908,0.25767340265310534,1.6157750839061298,4.350073337554932,0.6722363233566284,0
mujoco,stairs_forward,0,0,492,4.919999999999978,1.0,0.0,0.444441405269303,-0.8242855151897515,0.24106469570791597,0.2632635090172221,1.3812323873439458,4.228261947631836,0.6217182278633118,0
mujoco,stairs_forward,0,0,493,4.929999999999981,1.0,0.0,0.4306299491414929,-0.862393105713804,0.26793645100826075,0.27916270948038996,1.2366597207285823,3.8013572692871094,1.7887818813323975,0
mujoco,stairs_forward,0,0,494,4.939999999999984,1.0,0.0,0.41772032114016394,-0.9010144992189335,0.29219700894172673,0.282293714257066,1.0332820108620462,5.598806858062744,4.036129474639893,0
mujoco,stairs_forward,0,0,495,4.949999999999988,1.0,0.0,0.4068049478685829,-0.9361723945587022,0.31226568716595315,0.2855296393775036,0.8547694036368865,9.904121398925781,5.287093639373779,0
mujoco,stairs_forward,0,0,496,4.959999999999991,1.0,0.0,0.397707477912075,-0.9643901018764361,0.32275265536766057,0.2917833252028616,0.3037840090743909,10.969045639038086,1.9754612445831299,0
mujoco,stairs_forward,0,0,497,4.969999999999994,1.0,0.0,0.389407339320436,-0.9880389347515137,0.32216690100100376,0.3331761792493065,-0.3508645080630546,10.254154205322266,1.099605679512024,0
mujoco,stairs_forward,0,0,498,4.979999999999998,1.0,0.0,0.38022739949916706,-1.0155432561424014,0.3126566410546679,0.31795612830577064,-0.7572522167049601,8.287050247192383,2.7575454711914062,0
mujoco,stairs_forward,0,0,499,4.990000000000001,1.0,0.0,0.3698434754374163,-1.0389927345423737,0.30524484200070795,0.3001234236667175,-0.6589321265911338,7.7363128662109375,1.070317029953003,0
mujoco,stairs_forward,0,0,500,5.000000000000004,1.0,0.0,0.358388906626545,-1.0640913047904643,0.30071842088478096,0.2942651533066826,-0.4984411376190092,6.965091228485107,1.3429540395736694,0
mujoco,stairs_forward,0,0,501,5.010000000000008,1.0,0.0,0.3458688602924322,-1.089442999572311,0.30064063262020757,0.2786298687042327,-0.24191781083246874,6.070338249206543,0.9472611546516418,0
mujoco,stairs_forward,0,0,502,5.020000000000011,1.0,0.0,0.3322614472376992,-1.115787445195653,0.3063088741036417,0.26547204797590573,0.1915894384255694,4.793644428253174,1.6756168603897095,0
mujoco,stairs_forward,0,0,503,5.0300000000000145,1.0,0.0,0.3176118358612644,-1.1422628836979825,0.3185788505844343,0.2527523938361082,0.6395673767158782,4.017856597900391,1.1447973251342773,0
mujoco,stairs_forward,0,0,504,5.040000000000018,1.0,0.0,0.301947461328149,-1.1680381305175058,0.33558909871397213,0.2400811282435227,1.050067731099688,3.51564359664917,0.7317841053009033,0
mujoco,stairs_forward,0,0,505,5.050000000000021,1.0,0.0,0.28545419815425194,-1.1923767568686106,0.3550970398413759,0.2262517495178392,1.25736431754976,3.120675802230835,0.6220827698707581,0
mujoco,stairs_forward,0,0,506,5.0600000000000245,1.0,0.0,0.26854987490777726,-1.231661328642368,0.38139026344159704,0.2233843801773184,1.8776517856723003,2.9037837982177734,0.8677650690078735,0
mujoco,stairs_forward,0,0,507,5.070000000000028,1.0,0.0,0.2510698811494445,-1.2818488707205629,0.41446849283220877,0.21418311831624626,2.662964776530937,2.726390838623047,0.7573738098144531,0
mujoco,stairs_forward,0,0,508,5.080000000000031,1.0,0.0,0.23294174674365317,-1.338861539831115,0.4526996971933816,0.19852405426524886,3.106937447366128,2.8306386470794678,0.5718608498573303,0
mujoco,stairs_forward,0,0,509,5.0900000000000345,1.0,0.0,0.21423037431121725,-1.4007010845979908,0.4923522307559275,0.19345778786394255,3.3175594460088558,3.331639289855957,0.903512179851532,0
mujoco,stairs_forward,0,0,510,5.100000000000038,1.0,0.0,0.19999057715692423,-1.4707408938239386,0.5156854059311722,-0.12317599413318712,0.5230260922297492,4.356873989105225,1.3194347620010376,1
