engine,scenario_id,repeat_id,seed,step,time_s,cmd_vx,cmd_yaw,base_z,base_roll,base_pitch,base_lin_vx,base_ang_yaw,action_l2,action_delta_l2,fallen_flag
mujoco,flat_forward,1,1,1,0.010000000000000002,1.0,0.0,0.4995167221821693,0.0003110123909224357,0.0027843159379297953,-0.007295795890549383,-0.12197189440466875,1.0941307544708252,0.0,0
mujoco,flat_forward,1,1,2,0.02000000000000001,1.0,0.0,0.49818042670342116,0.0005786582202209809,0.004676625332829508,-0.0010039917751844213,-0.08765169387339267,1.0989881753921509,0.3585314452648163,0
mujoco,flat_forward,1,1,3,0.03000000000000002,1.0,0.0,0.49600311772157035,0.0005038322542635492,0.007462080745839872,-0.006244728125498571,-0.07400276356566672,1.0641260147094727,0.22130781412124634,0
mujoco,flat_forward,1,1,4,0.04000000000000003,1.0,0.0,0.4928875130481587,0.0004944592164073378,0.009089522200063562,-0.002424665687428322,-0.06347306550924972,0.8679240942001343,0.23584604263305664,0
mujoco,flat_forward,1,1,5,0.05000000000000004,1.0,0.0,0.4888068897077379,0.00024879011137737416,0.011134802093686802,-0.006399156771104658,-0.05479097443523676,0.7365401983261108,0.21016070246696472,0
mujoco,flat_forward,1,1,6,0.060000000000000046,1.0,0.0,0.48370242222031207,9.676169022380989e-05,0.012425476507124878,-0.004940156642414911,-0.051238923305849185,0.6482086181640625,0.12559150159358978,0
mujoco,flat_forward,1,1,7,0.07000000000000005,1.0,0.0,0.4775745924560174,-0.00019185902824114,0.013708545500971317,-0.00729010698235155,-0.04894403130593093,0.6269771456718445,0.08798239380121231,0
mujoco,flat_forward,1,1,8,0.08000000000000006,1.0,0.0,0.470419742218009,-0.00010728013379966434,0.01447615540738232,-0.006508658415232366,-0.035204798353698954,0.6452094912528992,0.10737089067697525,0
mujoco,flat_forward,1,1,9,0.09000000000000007,1.0,0.0,0.46226138894545044,-0.00011049794693811667,0.015331853274316569,-0.00827252195640187,-0.03903588330398137,0.6774731278419495,0.08974076062440872,0
mujoco,flat_forward,1,1,10,0.10000000000000007,1.0,0.0,0.4530976289410704,-0.0002005174814846432,0.015838518466249604,-0.007723396958995439,-0.03917618448982512,0.718201756477356,0.05916992202401161,0
mujoco,flat_forward,1,1,11,0.11000000000000008,1.0,0.0,0.4429470449676619,-0.00027866051467504826,0.016271898985583493,-0.008427249230246145,-0.03472334530534532,0.7383524775505066,0.0571291483938694,0
mujoco,flat_forward,1,1,12,0.12000000000000009,1.0,0.0,0.43181277833497106,-0.00042963563588986777,0.016516474827066405,-0.00847669713246825,-0.029721085696196786,0.7473136782646179,0.02973833866417408,0
mujoco,flat_forward,1,1,13,0.1300000000000001,1.0,0.0,0.41969887885553264,-0.0005409848090976484,0.016632593939448246,-0.008647419870578585,-0.020596190058050863,0.7337192296981812,0.024744806811213493,0
mujoco,flat_forward,1,1,14,0.1400000000000001,1.0,0.0,0.4066096946674984,-0.0006429347585819751,0.016711691079598186,-0.00890866458149804,-0.016747192852627234,0.7433543801307678,0.030739707872271538,0
mujoco,flat_forward,1,1,15,0.1500000000000001,1.0,0.0,0.3925450408902033,-0.0007030050194147983,0.01666164782967359,-0.008583010264544687,-0.008031033716552735,0.7410949468612671,0.022001322358846664,0
mujoco,flat_forward,1,1,16,0.16000000000000011,1.0,0.0,0.3779716866109121,0.001520968050307476,0.02361697921182573,-0.02052103765765849,0.07492271004893504,0.7582219243049622,0.025361791253089905,0
mujoco,flat_forward,1,1,17,0.17000000000000012,1.0,0.0,0.365068940124899,0.006734343784881684,0.04620118644742497,-0.033635076119273,0.1564210713402341,1.0776002407073975,0.9171010851860046,0
mujoco,flat_forward,1,1,18,0.18000000000000013,1.0,0.0,0.35512131668481567,0.010442852533645025,0.0681259210866363,-0.023039627720317996,0.06074417336684687,2.1290411949157715,1.122463583946228,0
mujoco,flat_forward,1,1,19,0.19000000000000014,1.0,0.0,0.34826724683787835,0.014313097008480597,0.08187946730299345,-0.0059424882159063355,-0.01811224605849996,2.5622050762176514,0.537972092628479,0
mujoco,flat_forward,1,1,20,0.20000000000000015,1.0,0.0,0.34403171801517834,0.0172273964690295,0.08526564146632666,0.01792792473726348,-0.16210897146750763,2.6907424926757812,0.3347318172454834,0
mujoco,flat_forward,1,1,21,0.21000000000000016,1.0,0.0,0.3418131172861729,0.020934899482585402,0.08386109581602388,0.029770417386751218,-0.1467340983205668,2.0997259616851807,0.7673031687736511,0
mujoco,flat_forward,1,1,22,0.22000000000000017,1.0,0.0,0.3408577935662186,0.024304893330147424,0.08013899852567416,0.04011410960078869,-0.20101905893278027,1.531105399131775,0.859214186668396,0
mujoco,flat_forward,1,1,23,0.23000000000000018,1.0,0.0,0.34057478370369054,0.026914506634261877,0.07626537889371592,0.0462215912983532,-0.17810080262903524,1.3787099123001099,0.5458996295928955,0
mujoco,flat_forward,1,1,24,0.24000000000000019,1.0,0.0,0.34056944094723335,0.029004430730720412,0.07235481952414298,0.052628033616306906,-0.13899947121610712,1.4179240465164185,0.2563292980194092,0
mujoco,flat_forward,1,1,25,0.25000000000000017,1.0,0.0,0.340657678438811,0.030665082425214818,0.06920386072966102,0.056546170977039206,-0.08105782448779925,1.475777506828308,0.1426950991153717,0
mujoco,flat_forward,1,1,26,0.2600000000000002,1.0,0.0,0.34075791687111895,0.03205762809712605,0.06601050155090661,0.06257096052164447,-0.04205445398462745,1.4936611652374268,0.13866889476776123,0
mujoco,flat_forward,1,1,27,0.2700000000000002,1.0,0.0,0.3408623176478997,0.033173543920652006,0.06354938104839088,0.06478490712369955,-0.013317649078099701,1.4776487350463867,0.08397198468446732,0
mujoco,flat_forward,1,1,28,0.2800000000000002,1.0,0.0,0.34095923419194213,0.034290994401751575,0.061199665231939045,0.06920413628125414,0.005299397399467215,1.4652249813079834,0.11768746376037598,0
mujoco,flat_forward,1,1,29,0.2900000000000002,1.0,0.0,0.34106098162207005,0.03554452633028072,0.05909949551718304,0.07270856603950542,0.004797403048881774,1.4470438957214355,0.08525673300027847,0
mujoco,flat_forward,1,1,30,0.3000000000000002,1.0,0.0,0.34115766737116204,0.03692988664655975,0.05727065742970988,0.07653768359067835,0.012988385546497342,1.4442483186721802,0.06626863777637482,0
mujoco,flat_forward,1,1,31,0.3100000000000002,1.0,0.0,0.34123724809294975,0.03846464259539888,0.05566794896774169,0.08041208650637181,0.023389482023310842,1.4686614274978638,0.06763067096471786,0
mujoco,flat_forward,1,1,32,0.32000000000000023,1.0,0.0,0.3412948358629016,0.039993598608900525,0.05419235476059148,0.08455148419628096,0.03555586629914561,1.4782648086547852,0.0538966991007328,0
mujoco,flat_forward,1,1,33,0.33000000000000024,1.0,0.0,0.3413320899967359,0.04147328519204407,0.05273028551487526,0.08909082520270903,0.046605242324679934,1.485520839691162,0.041502777487039566,0
mujoco,flat_forward,1,1,34,0.34000000000000025,1.0,0.0,0.34135305600054455,0.042848260292148596,0.051301252959366425,0.0927631182340648,0.03914260831153402,1.4781535863876343,0.026179371401667595,0
mujoco,flat_forward,1,1,35,0.35000000000000026,1.0,0.0,0.3413634217591467,0.04414544312080841,0.05001550968519648,0.09598921188821204,0.021198730911389702,1.4759503602981567,0.028375839814543724,0
mujoco,flat_forward,1,1,36,0.36000000000000026,1.0,0.0,0.3413706267249932,0.04537078183182852,0.048811654146052534,0.09951970588594619,0.007001595386079195,1.4736264944076538,0.015404057689011097,0
mujoco,flat_forward,1,1,37,0.3700000000000003,1.0,0.0,0.34137544233860806,0.046581924323723475,0.047586476478462196,0.10356639130207793,0.0012076286096653326,1.4723094701766968,0.01968318410217762,0
mujoco,flat_forward,1,1,38,0.3800000000000003,1.0,0.0,0.34137705822327324,0.047757896474851826,0.04643151725074684,0.10763692569122121,-0.002395130417938409,1.4695086479187012,0.010178382508456707,0
mujoco,flat_forward,1,1,39,0.3900000000000003,1.0,0.0,0.34137059349929866,0.04887944591622931,0.04525724599090898,0.11231730466886396,-0.0026863239486354428,1.4717333316802979,0.009411603212356567,0
mujoco,flat_forward,1,1,40,0.4000000000000003,1.0,0.0,0.34135292895815117,0.04992898362729856,0.04417777036761769,0.11572181952987887,0.005915719760492816,1.4702763557434082,0.0096942950040102,0
mujoco,flat_forward,1,1,41,0.4100000000000003,1.0,0.0,0.3413283086318969,0.050990929191807435,0.043213396643004685,0.11942874220936447,0.018899265227036124,1.4766356945037842,0.013313029892742634,0
mujoco,flat_forward,1,1,42,0.4200000000000003,1.0,0.0,0.3413023228611368,0.052048242112915505,0.04228451591943658,0.12344078445106482,0.027479378264743018,1.4804502725601196,0.009398157708346844,0
mujoco,flat_forward,1,1,43,0.4300000000000003,1.0,0.0,0.3412739803926559,0.05307051487185984,0.04138264692919974,0.12704248340220683,0.02567968260375708,1.4875154495239258,0.013561228290200233,0
mujoco,flat_forward,1,1,44,0.44000000000000034,1.0,0.0,0.34124421351898176,0.05400771831692602,0.04065398726701058,0.12993565520944433,0.011512894982400487,1.4958384037017822,0.016885092481970787,0
mujoco,flat_forward,1,1,45,0.45000000000000034,1.0,0.0,0.3412167315456878,0.05485484394016899,0.03992604636742494,0.13352496057140797,0.004348667932510122,1.5080097913742065,0.022012852132320404,0
mujoco,flat_forward,1,1,46,0.46000000000000035,1.0,0.0,0.34119314813878476,0.055636493960349594,0.03918733104830949,0.13735389548472732,0.0012270262547386009,1.51397705078125,0.012122578918933868,0
mujoco,flat_forward,1,1,47,0.47000000000000036,1.0,0.0,0.34116893693807965,0.056355343440084193,0.03839384010323009,0.14173723509723934,-0.00012314951999853877,1.5188292264938354,0.008078960701823235,0
mujoco,flat_forward,1,1,48,0.48000000000000037,1.0,0.0,0.3411400656771872,0.0570215731074286,0.0376668078728108,0.14478839414643477,0.01048939070115533,1.5213361978530884,0.008803862147033215,0
mujoco,flat_forward,1,1,49,0.4900000000000004,1.0,0.0,0.34111125231335726,0.057736116293713495,0.037000911923218645,0.14844022814560157,0.02385437369994226,1.5297058820724487,0.01603289134800434,0
mujoco,flat_forward,1,1,50,0.5000000000000003,1.0,0.0,0.3410865282413772,0.058457802849466445,0.03631255545883605,0.15250070136091215,0.0321296946726502,1.531708002090454,0.00914862658828497,0
mujoco,flat_forward,1,1,51,0.5100000000000003,1.0,0.0,0.3410611280652997,0.05914637632814186,0.035713865409637384,0.15517600154779562,0.01889467327320114,1.5359915494918823,0.010473199188709259,0
mujoco,flat_forward,1,1,52,0.5200000000000004,1.0,0.0,0.3410366208066528,0.05969995579634148,0.035162793590441714,0.15845908530866087,0.007215154041150728,1.5466290712356567,0.022502146661281586,0
mujoco,flat_forward,1,1,53,0.5300000000000004,1.0,0.0,0.34101566142821,0.06015552968385145,0.03456030666295519,0.16227289832237915,0.0024115000044837385,1.5549066066741943,0.01579444482922554,0
mujoco,flat_forward,1,1,54,0.5400000000000004,1.0,0.0,0.3409933738747743,0.060543769516052386,0.03390572832997146,0.1661142369049767,0.0030767986612463454,1.5571950674057007,0.007917314767837524,0
mujoco,flat_forward,1,1,55,0.5500000000000004,1.0,0.0,0.34097064742625866,0.06095434789753376,0.03338069043540473,0.16904243723057874,0.020577175856914546,1.5616806745529175,0.008026352152228355,0
mujoco,flat_forward,1,1,56,0.5600000000000004,1.0,0.0,0.34095257050604966,0.06140722220951014,0.032857175915802256,0.17281873371569584,0.0324697387078078,1.567176103591919,0.016928819939494133,0
mujoco,flat_forward,1,1,57,0.5700000000000004,1.0,0.0,0.3409382120925976,0.06185508865492014,0.032315954765083976,0.17599880525693165,0.02956446422466501,1.568994402885437,0.00934717245399952,0
mujoco,flat_forward,1,1,58,0.5800000000000004,1.0,0.0,0.340926616736954,0.062185048146650025,0.031902872389112616,0.17890342612001994,0.013513317662949317,1.5742112398147583,0.012508987449109554,0
mujoco,flat_forward,1,1,59,0.5900000000000004,1.0,0.0,0.34091919968956247,0.06240003707887482,0.031436978964631046,0.1825939197924961,0.00487987855529286,1.5850602388381958,0.019081085920333862,0
mujoco,flat_forward,1,1,60,0.6000000000000004,1.0,0.0,0.34091219693119085,0.06255092162762003,0.030900066365851325,0.1861268864233598,0.00542384271785623,1.587453007698059,0.009177559055387974,0
mujoco,flat_forward,1,1,61,0.6100000000000004,1.0,0.0,0.34090712275102436,0.06275246358303975,0.030464276235698015,0.18907467192806732,0.022421918596134696,1.591171145439148,0.00822022557258606,0
mujoco,flat_forward,1,1,62,0.6200000000000004,1.0,0.0,0.34090719531673214,0.06300250050283608,0.030004006755086292,0.19286988899454452,0.03492126005127737,1.593640923500061,0.01459802407771349,0
mujoco,flat_forward,1,1,63,0.6300000000000004,1.0,0.0,0.34090906167878504,0.0632408686436519,0.029548251620611487,0.19586047757070554,0.028313876800649684,1.594255805015564,0.01047159731388092,0
mujoco,flat_forward,1,1,64,0.6400000000000005,1.0,0.0,0.34091152513133827,0.06336473318270011,0.029196996709142505,0.1989261295368168,0.01226484441074564,1.5999308824539185,0.015736419707536697,0
mujoco,flat_forward,1,1,65,0.6500000000000005,1.0,0.0,0.3409149921009218,0.0633979457921222,0.028769784505032737,0.20279741558234138,0.004001513892703684,1.6074497699737549,0.01496786531060934,0
mujoco,flat_forward,1,1,66,0.6600000000000005,1.0,0.0,0.34091654738128296,0.06340937782965006,0.02835387875408763,0.20541571319405477,0.01674356894828977,1.6084778308868408,0.009792578406631947,0
mujoco,flat_forward,1,1,67,0.6700000000000005,1.0,0.0,0.3409217351951598,0.06346933833934944,0.027944303773778545,0.2089164454794415,0.030805429952323875,1.6139090061187744,0.017721839249134064,0
mujoco,flat_forward,1,1,68,0.6800000000000005,1.0,0.0,0.340931068258568,0.06354973212980723,0.027482075997828558,0.21237494983865052,0.0321687316722039,1.6131409406661987,0.011966343969106674,0
mujoco,flat_forward,1,1,69,0.6900000000000005,1.0,0.0,0.34094012404058655,0.06355920974224046,0.027160745798161773,0.21515673163037172,0.013290040576184506,1.616164207458496,0.011141062714159489,0
mujoco,flat_forward,1,1,70,0.7000000000000005,1.0,0.0,0.34094869388255816,0.06344748102821812,0.026797207167179524,0.21890420351172155,0.003682752743471206,1.623787760734558,0.018578650429844856,0
mujoco,flat_forward,1,1,71,0.7100000000000005,1.0,0.0,0.340954343471892,0.06330783050507176,0.026398938220843028,0.22168997364840645,0.014342920420077107,1.6253793239593506,0.010011241771280766,0
mujoco,flat_forward,1,1,72,0.7200000000000005,1.0,0.0,0.34096377064071787,0.06324998638055146,0.026040198432852886,0.22512041857040224,0.028904663342989873,1.6305276155471802,0.016585789620876312,0
mujoco,flat_forward,1,1,73,0.7300000000000005,1.0,0.0,0.34097665053542353,0.06323454438317641,0.02563567133153782,0.2284195282383174,0.027286561057539065,1.6304893493652344,0.011485538445413113,0
mujoco,flat_forward,1,1,74,0.7400000000000005,1.0,0.0,0.34098887351270535,0.06315166470505343,0.02534272164090144,0.23135292263624638,0.009723461991202527,1.633476972579956,0.012448426336050034,0
mujoco,flat_forward,1,1,75,0.7500000000000006,1.0,0.0,0.3409994774168339,0.06295895865678136,0.024983817678238027,0.23482437075583834,0.00484395135903228,1.6398473978042603,0.01718784309923649,0
mujoco,flat_forward,1,1,76,0.7600000000000006,1.0,0.0,0.34101299192223844,0.06277707782278479,0.024708635472526143,0.2375186699714581,0.02140512492952097,1.6416161060333252,0.008350523188710213,0
mujoco,flat_forward,1,1,77,0.7700000000000006,1.0,0.0,0.34103245899518714,0.06266645171497374,0.024361784569051585,0.2413819277050414,0.03467567658951435,1.6467816829681396,0.02006996050477028,0
mujoco,flat_forward,1,1,78,0.7800000000000006,1.0,0.0,0.34105123190321324,0.06256990007504876,0.024065494687901617,0.2438187776866167,0.016991848780465925,1.6438153982162476,0.012842352502048016,0
mujoco,flat_forward,1,1,79,0.7900000000000006,1.0,0.0,0.34106751445912925,0.06233980532411682,0.023758190838635024,0.24735025440827915,0.00598891828595625,1.6513755321502686,0.021880902349948883,0
mujoco,flat_forward,1,1,80,0.8000000000000006,1.0,0.0,0.34108060303270976,0.06203319482147644,0.02338086525154231,0.2501850068731386,0.014794540391709748,1.6533278226852417,0.011480330489575863,0
mujoco,flat_forward,1,1,81,0.8100000000000006,1.0,0.0,0.3410970106499991,0.061841662303098434,0.02306489530901255,0.25353900319063183,0.03033641829419484,1.6554712057113647,0.0163715947419405,0
mujoco,flat_forward,1,1,82,0.8200000000000006,1.0,0.0,0.3411143095258913,0.061697732496566,0.022746450229638407,0.25641412943037734,0.02224835866704989,1.654952049255371,0.01694520376622677,0
mujoco,flat_forward,1,1,83,0.8300000000000006,1.0,0.0,0.34112923591881644,0.0614149531083987,0.02245468457896269,0.2596980083451864,0.008676269688344618,1.6602684259414673,0.014187253080308437,0
mujoco,flat_forward,1,1,84,0.8400000000000006,1.0,0.0,0.3411405111136933,0.06102449701594486,0.022070781664529075,0.2627631995074265,0.01155783519718062,1.6648093461990356,0.013655099086463451,0
mujoco,flat_forward,1,1,85,0.8500000000000006,1.0,0.0,0.34115462991167506,0.06074960533233921,0.02178919752432466,0.26587478937022496,0.02823780555047233,1.6658135652542114,0.011825833469629288,0
mujoco,flat_forward,1,1,86,0.8600000000000007,1.0,0.0,0.3411692363289919,0.06054365910700827,0.02147204521722936,0.2689322233371518,0.02441654880884614,1.6656615734100342,0.01965397782623768,0
mujoco,flat_forward,1,1,87,0.8700000000000007,1.0,0.0,0.3411812969474542,0.06020310959416152,0.021181827858838265,0.2721435916225681,0.009914469795806412,1.6704684495925903,0.011767384596168995,0
mujoco,flat_forward,1,1,88,0.8800000000000007,1.0,0.0,0.34118961673636367,0.05975374042780179,0.020809810350177434,0.2751683771495905,0.011875831675622063,1.6757959127426147,0.013470393605530262,0
mujoco,flat_forward,1,1,89,0.8900000000000007,1.0,0.0,0.3412006389529348,0.05942319129784279,0.020542023888197643,0.2783011491588315,0.02873419862337421,1.677592396736145,0.011120320297777653,0
mujoco,flat_forward,1,1,90,0.9000000000000007,1.0,0.0,0.3412111894727642,0.05915743859172722,0.020274648023571568,0.28101961613563986,0.02038020585965809,1.6762633323669434,0.02033144049346447,0
mujoco,flat_forward,1,1,91,0.9100000000000007,1.0,0.0,0.34121946322917496,0.0587470673464397,0.019965356175817423,0.2844549175543666,0.00806223282959195,1.682810664176941,0.01387509424239397,0
mujoco,flat_forward,1,1,92,0.9200000000000007,1.0,0.0,0.3412245478421164,0.05825586513447992,0.01961908472612735,0.28712234540811066,0.015230424087535289,1.6852651834487915,0.012559212744235992,0
mujoco,flat_forward,1,1,93,0.9300000000000007,1.0,0.0,0.34123015103640963,0.05791427319908206,0.019303410731910074,0.29054304709660916,0.0312938869421554,1.6874569654464722,0.015157223679125309,0
mujoco,flat_forward,1,1,94,0.9400000000000007,1.0,0.0,0.3412340271534311,0.05756986248787383,0.019045924935597237,0.2930239131928134,0.014951052739928413,1.6833300590515137,0.019321179017424583,0
mujoco,flat_forward,1,1,95,0.9500000000000007,1.0,0.0,0.34123419683275796,0.05708341120120257,0.018690974497801608,0.29670031217257675,0.005097393423443877,1.6931208372116089,0.01839848794043064,0
mujoco,flat_forward,1,1,96,0.9600000000000007,1.0,0.0,0.341234146220431,0.05660332856726307,0.01842847079226488,0.2989825318486801,0.019827535732183866,1.6933906078338623,0.010949850082397461,0
mujoco,flat_forward,1,1,97,0.9700000000000008,1.0,0.0,0.3412332682181888,0.056261300327755906,0.018165725983502048,0.30186064303499144,0.022214831169126918,1.6965886354446411,0.02251538820564747,0
mujoco,flat_forward,1,1,98,0.9800000000000008,1.0,0.0,0.3412329364013192,0.055851390934075866,0.017896045014191564,0.3049238074072308,0.009641294735891438,1.6989601850509644,0.014879083260893822,0
mujoco,flat_forward,1,1,99,0.9900000000000008,1.0,0.0,0.3412298836023233,0.05534540534005932,0.017540455246086235,0.3078137270646049,0.012145399214629751,1.7019938230514526,0.009683727286756039,0
mujoco,flat_forward,1,1,100,1.0000000000000007,1.0,0.0,0.3412278219376782,0.05493465758237425,0.017266566357860287,0.31073888449087317,0.025788746571517248,1.7045420408248901,0.008741781115531921,0
mujoco,flat_forward,1,1,101,1.0099999999999996,1.0,0.0,0.3412262653669917,0.054536968034211,0.01704838766161741,0.3132376976816608,0.012492061947154982,1.7023773193359375,0.017592372372746468,0
mujoco,flat_forward,1,1,102,1.0199999999999985,1.0,0.0,0.3412214942373446,0.05404761757358731,0.016678766160848218,0.3169053606018602,0.004377890627907069,1.7089736461639404,0.014001195318996906,0
mujoco,flat_forward,1,1,103,1.0299999999999974,1.0,0.0,0.34121394597796334,0.05355457571830731,0.01639687118985841,0.3191633350859884,0.020311581078186543,1.705973505973816,0.011989500373601913,0
mujoco,flat_forward,1,1,104,1.0399999999999963,1.0,0.0,0.3412034768079481,0.05315333623298376,0.016197347388975936,0.3215349460399014,0.015761175982049073,1.7104755640029907,0.021943513303995132,0
mujoco,flat_forward,1,1,105,1.0499999999999952,1.0,0.0,0.34119230215415247,0.052683784550368526,0.01588455930162792,0.3249235082180375,0.006440171625373625,1.7156989574432373,0.01711176708340645,0
mujoco,flat_forward,1,1,106,1.059999999999994,1.0,0.0,0.34117587519450937,0.05216420042560475,0.015525421172214372,0.32750949250251776,0.01632000943942595,1.7128050327301025,0.013218587264418602,0
mujoco,flat_forward,1,1,107,1.069999999999993,1.0,0.0,0.34115579220678927,0.05173588788275886,0.01526349488330554,0.32985029228061763,0.016741183981199004,1.7156908512115479,0.01474207453429699,0
mujoco,flat_forward,1,1,108,1.0799999999999919,1.0,0.0,0.34113656108750395,0.051277524194321286,0.01495184818256894,0.3329645436052804,0.0072753591399494855,1.7192813158035278,0.014679767191410065,0
mujoco,flat_forward,1,1,109,1.0899999999999908,1.0,0.0,0.3411123108734435,0.05074486826695842,0.014557327189760966,0.3357186630924806,0.012114972249514555,1.7174633741378784,0.011875951662659645,0
mujoco,flat_forward,1,1,110,1.0999999999999897,1.0,0.0,0.34108354213971176,0.05029916936178127,0.014278278345943725,0.33796784126816337,0.016372625678159065,1.7190717458724976,0.008641968481242657,0
mujoco,flat_forward,1,1,111,1.1099999999999886,1.0,0.0,0.34105581835489507,0.049840021221183785,0.013983906230118238,0.3408677612088263,0.007139135965502725,1.7233763933181763,0.015513533726334572,0
mujoco,flat_forward,1,1,112,1.1199999999999875,1.0,0.0,0.3410234772122831,0.049298725860626565,0.013584545361840134,0.3436796435381467,0.010306752906817783,1.723408818244934,0.012066109105944633,0
mujoco,flat_forward,1,1,113,1.1299999999999863,1.0,0.0,0.3409863554817753,0.04884378681763925,0.013309973543025556,0.34573211079676186,0.015321394367547977,1.7232648134231567,0.007320456672459841,0
mujoco,flat_forward,1,1,114,1.1399999999999852,1.0,0.0,0.34095116122362623,0.04837679581871822,0.013023901684119104,0.34852703402219576,0.006407801215570808,1.7287052869796753,0.017072269693017006,0
mujoco,flat_forward,1,1,115,1.1499999999999841,1.0,0.0,0.34091206864358037,0.047835971448897875,0.012624661194972518,0.3512492071204849,0.010369078574870676,1.7281376123428345,0.012932595796883106,0
mujoco,flat_forward,1,1,116,1.159999999999983,1.0,0.0,0.34086854495157143,0.04738966590373986,0.01236813390938605,0.353033452235888,0.012903407243196203,1.727630615234375,0.008047609589993954,0
mujoco,flat_forward,1,1,117,1.169999999999982,1.0,0.0,0.34082753864089455,0.046912976026618716,0.012069099945684869,0.3558338978491444,0.005178439624058049,1.7331064939498901,0.016669616103172302,0
mujoco,flat_forward,1,1,118,1.1799999999999808,1.0,0.0,0.3407817415017363,0.04636780912729778,0.011645330017856285,0.35851896794008253,0.010211041876399258,1.7310209274291992,0.01417569536715746,0
mujoco,flat_forward,1,1,119,1.1899999999999797,1.0,0.0,0.34072926844828866,0.045930456021195096,0.011385549219662953,0.3601126884555488,0.010593597879161766,1.729533314704895,0.008893469348549843,0
mujoco,flat_forward,1,1,120,1.1999999999999786,1.0,0.0,0.34067752749659125,0.04544657854119971,0.011055677707557726,0.36297318549320523,0.00401639963265375,1.735175609588623,0.0169256329536438,0
mujoco,flat_forward,1,1,121,1.2099999999999775,1.0,0.0,0.3406202852513289,0.044913262933652824,0.010671547219213533,0.3651823556264658,0.014556573964247057,1.7320469617843628,0.016159866005182266,0
mujoco,flat_forward,1,1,122,1.2199999999999764,1.0,0.0,0.3405569909405237,0.044508701970819214,0.010417883493083993,0.36683640161206277,0.010978741684633284,1.7326165437698364,0.01299442257732153,0
mujoco,flat_forward,1,1,123,1.2299999999999753,1.0,0.0,0.34049350860117494,0.04401716446780073,0.010033445758118481,0.3697881293761564,0.0037752030541227657,1.7363148927688599,0.013213654048740864,0
mujoco,flat_forward,1,1,124,1.2399999999999742,1.0,0.0,0.3404215754990744,0.04348305791585911,0.009641530062599985,0.37156634585515247,0.01293010195824249,1.7317373752593994,0.019318241626024246,0
mujoco,flat_forward,1,1,125,1.2499999999999731,1.0,0.0,0.34034746285070233,0.04302337850661744,0.009423920547514588,0.3731936238868004,0.004971219793281384,1.734993815422058,0.015480277128517628,0
mujoco,flat_forward,1,1,126,1.259999999999972,1.0,0.0,0.34027424963707065,0.042506167457936395,0.009018288646979863,0.37617776825340066,0.0015135026760518787,1.7379682064056396,0.008195740170776844,0
mujoco,flat_forward,1,1,127,1.269999999999971,1.0,0.0,0.34019552576792594,0.042037392561170485,0.00870856491082892,0.3772281416560365,0.01199187379563247,1.7312074899673462,0.018755661323666573,0
mujoco,flat_forward,1,1,128,1.2799999999999698,1.0,0.0,0.34011841667696513,0.04158871770875019,0.008483801481971814,0.37919408415846545,0.004402214969607381,1.7379943132400513,0.022062888368964195,0
mujoco,flat_forward,1,1,129,1.2899999999999687,1.0,0.0,0.3400398063847146,0.041074705454195615,0.008065079482514002,0.3818167485760562,0.0051280938827186,1.7379298210144043,0.008498809300363064,0
mujoco,flat_forward,1,1,130,1.2999999999999676,1.0,0.0,0.3399549608862263,0.040652199630357475,0.007803631810962401,0.3827392822126224,0.007870229034201249,1.7334262132644653,0.012082754634320736,0
mujoco,flat_forward,1,1,131,1.3099999999999665,1.0,0.0,0.339872476717416,0.04019007986276755,0.007518771760146905,0.3851016449177096,0.0024255855666469937,1.7392327785491943,0.01963990181684494,0
mujoco,flat_forward,1,1,132,1.3199999999999654,1.0,0.0,0.3397852050176333,0.0396888336307908,0.0071180723744195965,0.3871177388780156,0.010836361296790456,1.735784888267517,0.016363730654120445,0
mujoco,flat_forward,1,1,133,1.3299999999999643,1.0,0.0,0.33969212988659536,0.03930781252967135,0.006901748531187409,0.3880946547711145,0.004583958341386935,1.7350651025772095,0.0098901791498065,0
mujoco,flat_forward,1,1,134,1.3399999999999632,1.0,0.0,0.3395991816026406,0.038848268281215494,0.006513222408476622,0.3908435504279739,0.0009747140161632422,1.738405466079712,0.01489148661494255,0
mujoco,flat_forward,1,1,135,1.3499999999999621,1.0,0.0,0.33949887746084534,0.038387660386970016,0.006176399555964597,0.39146970959327043,0.008868202260709527,1.7308439016342163,0.024831106886267662,0
mujoco,flat_forward,1,1,136,1.359999999999961,1.0,0.0,0.3394006710053773,0.037973669595786415,0.005959306818936082,0.3930244365001679,0.0025469995910956823,1.7376341819763184,0.02123771235346794,0
mujoco,flat_forward,1,1,137,1.36999999999996,1.0,0.0,0.33930206393598444,0.03750773960443687,0.0055368413812741475,0.39517345993679753,0.00571753418348946,1.7352967262268066,0.010223050601780415,0
mujoco,flat_forward,1,1,138,1.3799999999999588,1.0,0.0,0.3391996250178608,0.03714899438567813,0.005285421912637243,0.3956740684169487,0.004548911985631323,1.7311313152313232,0.012235971167683601,0
mujoco,flat_forward,1,1,139,1.3899999999999577,1.0,0.0,0.3391010832615556,0.03673181211376801,0.004980359316517112,0.39783530819319596,0.0001220937936458089,1.7372124195098877,0.01919454336166382,0
mujoco,flat_forward,1,1,140,1.3999999999999566,1.0,0.0,0.33899628735082593,0.036296082469138465,0.004613175190852278,0.39893852361381466,0.00897361967985991,1.7299444675445557,0.02223026007413864,0
mujoco,flat_forward,1,1,141,1.4099999999999555,1.0,0.0,0.3388911533117305,0.03594250531619418,0.004441358401056827,0.3997749313840357,0.0018392809935041934,1.7337732315063477,0.013053113594651222,0
mujoco,flat_forward,1,1,142,1.4199999999999544,1.0,0.0,0.33878619649538005,0.03551525636052302,0.00404456960117828,0.4020807174958941,4.6760851599314144e-05,1.7346450090408325,0.009633688256144524,0
mujoco,flat_forward,1,1,143,1.4299999999999533,1.0,0.0,0.3386756444317675,0.03516205464042342,0.003756699124909969,0.4022291598747165,0.003938962390505173,1.7277703285217285,0.021227329969406128,0
mujoco,flat_forward,1,1,144,1.4399999999999522,1.0,0.0,0.33856936483850325,0.034800896910860094,0.0035377461370060307,0.4037763575141953,-0.0012171991404335096,1.7358170747756958,0.021342683583498,0
mujoco,flat_forward,1,1,145,1.449999999999951,1.0,0.0,0.3384592250649033,0.03441411660136127,0.0031796650349173333,0.4051229349664543,0.009747403742951513,1.7303420305252075,0.01698898710310459,0
mujoco,flat_forward,1,1,146,1.45999999999995,1.0,0.0,0.33834611454027574,0.03414368809063449,0.0029982826193686737,0.4054641154321572,0.0026058624988198062,1.7299338579177856,0.012229450978338718,0
mujoco,flat_forward,1,1,147,1.469999999999949,1.0,0.0,0.3382339626640562,0.03377931730975846,0.0026432772845209054,0.4076316285602244,-0.0026593072426023758,1.733298420906067,0.016123225912451744,0
mujoco,flat_forward,1,1,148,1.4799999999999478,1.0,0.0,0.33811656535917006,0.033451927799898806,0.002349777073157935,0.4075613889445421,0.004086499929613422,1.7249675989151,0.026157500222325325,0
mujoco,flat_forward,1,1,149,1.4899999999999467,1.0,0.0,0.3380040283539072,0.0331494576512111,0.0021720553202162667,0.4086913950354062,-0.001751375493487985,1.7330654859542847,0.021343568339943886,0
mujoco,flat_forward,1,1,150,1.4999999999999456,1.0,0.0,0.33788977079813737,0.03281185212719501,0.0018125797567639151,0.4100129086627781,0.006842673917994858,1.7282084226608276,0.015517119318246841,0
mujoco,flat_forward,1,1,151,1.5099999999999445,1.0,0.0,0.3377729068554899,0.032574872594635235,0.0016241662628603969,0.4101273219400596,0.0026837759612179848,1.7258480787277222,0.012898638844490051,0
mujoco,flat_forward,1,1,152,1.5199999999999434,1.0,0.0,0.3376588715321848,0.03226937226626001,0.0013264419419651893,0.41192836754528084,-0.0032238750021251015,1.7312222719192505,0.016434144228696823,0
mujoco,flat_forward,1,1,153,1.5299999999999423,1.0,0.0,0.3375414105530118,0.03200190177836391,0.0010638963743500032,0.41186203668193166,0.006131739238349616,1.722145676612854,0.02541881985962391,0
mujoco,flat_forward,1,1,154,1.5399999999999412,1.0,0.0,0.33742926001589996,0.031776384188477516,0.0009254688561719933,0.4126129339778026,-0.001352111144537598,1.7293307781219482,0.01876157522201538,0
mujoco,flat_forward,1,1,155,1.54999999999994,1.0,0.0,0.33731687167065316,0.03150077857812094,0.0006124797474630434,0.413717056857829,0.005979849470043767,1.7258756160736084,0.01415746659040451,0
mujoco,flat_forward,1,1,156,1.559999999999939,1.0,0.0,0.3372040392988635,0.031310644900204056,0.00044941013534389405,0.4135315015567518,0.0015533892089563707,1.7236167192459106,0.01353494729846716,0
mujoco,flat_forward,1,1,157,1.569999999999938,1.0,0.0,0.3370960642750012,0.031057083074576625,0.0001915762339948738,0.4151750980663941,-0.005862528473516401,1.7290878295898438,0.016210326924920082,0
mujoco,flat_forward,1,1,158,1.5799999999999368,1.0,0.0,0.3369803898365026,0.030813519011627502,-7.210584729884788e-05,0.41494494586691766,0.002689381905066034,1.718398094177246,0.029454121366143227,0
mujoco,flat_forward,1,1,159,1.5899999999999357,1.0,0.0,0.3368672585546178,0.030610159410604233,-0.00019603753815807852,0.4154286580104839,-0.005133198078193702,1.7250107526779175,0.0193489920347929,0
mujoco,flat_forward,1,1,160,1.5999999999999346,1.0,0.0,0.336754255401311,0.030386822458457433,-0.0004768031713821513,0.41633411252927943,0.0018964406027702138,1.7221214771270752,0.013394727371633053,0
mujoco,flat_forward,1,1,161,1.6099999999999335,1.0,0.0,0.3366397790968899,0.030257428598545733,-0.0006355800688625406,0.416157773186848,0.0002449472112915266,1.718732237815857,0.014335810206830502,0
mujoco,flat_forward,1,1,162,1.6199999999999324,1.0,0.0,0.33652953272896835,0.03007484463325783,-0.0008393014385162395,0.4173704856265579,-0.007708864267379986,1.7240945100784302,0.01545544620603323,0
mujoco,flat_forward,1,1,163,1.6299999999999313,1.0,0.0,0.3364163310190831,0.0299135754115034,-0.0010305400554323188,0.4171960395224311,0.004702287777865681,1.7161027193069458,0.023650776594877243,0
mujoco,flat_forward,1,1,164,1.6399999999999302,1.0,0.0,0.33630770327673154,0.02978467999140006,-0.0011052146219516685,0.4173602256666937,-0.005061968126606831,1.7221733331680298,0.01653948612511158,0
mujoco,flat_forward,1,1,165,1.649999999999929,1.0,0.0,0.33620057719803004,0.0296143029418491,-0.0013081237164017628,0.4180732253337702,0.0007370519918205129,1.7212599515914917,0.012674430385231972,0
mujoco,flat_forward,1,1,166,1.659999999999928,1.0,0.0,0.3360939340305117,0.029516027950625332,-0.0014185893211527926,0.4176769810777485,-0.0013033771003380973,1.7190320491790771,0.013404658995568752,0
mujoco,flat_forward,1,1,167,1.6699999999999269,1.0,0.0,0.3359938127937736,0.029386598730619686,-0.0015658588775374002,0.41874412402849487,-0.01081134202917792,1.724185585975647,0.014029988087713718,0
mujoco,flat_forward,1,1,168,1.6799999999999258,1.0,0.0,0.3358874527828058,0.02924784988538891,-0.0017402069603959381,0.41845619029238373,0.0008612594660757353,1.7155177593231201,0.02572142891585827,0
mujoco,flat_forward,1,1,169,1.6899999999999247,1.0,0.0,0.33578403717158917,0.029143483535339805,-0.001796186182183548,0.4184003686502353,-0.009152415070508705,1.720367670059204,0.017583029344677925,0
mujoco,flat_forward,1,1,170,1.6999999999999236,1.0,0.0,0.33568373245518646,0.028997715262974524,-0.001950891814155313,0.41891980596601364,-0.0037778998591737646,1.7196768522262573,0.011143626645207405,0
mujoco,flat_forward,1,1,171,1.7099999999999225,1.0,0.0,0.33558414986332435,0.028957683216041596,-0.0020409434999193905,0.4186275181581712,-0.0027807722583260684,1.7168911695480347,0.012879193760454655,0
mujoco,flat_forward,1,1,172,1.7199999999999214,1.0,0.0,0.33549071272940717,0.028871566776393225,-0.0021382493234156368,0.4194165590473472,-0.014223836817328831,1.7210381031036377,0.012849340215325356,0
mujoco,flat_forward,1,1,173,1.7299999999999203,1.0,0.0,0.33539169077049624,0.02877401896728529,-0.002269608691681034,0.41925127122911376,-0.0006506259900751242,1.7144216299057007,0.022405186668038368,0
mujoco,flat_forward,1,1,174,1.7399999999999192,1.0,0.0,0.33529456010536524,0.028724819066668225,-0.0022985909443628554,0.41894187296125196,-0.012153253804738641,1.7182294130325317,0.01520739495754242,0
mujoco,flat_forward,1,1,175,1.749999999999918,1.0,0.0,0.33520108473063476,0.028621148514540874,-0.002407387116632584,0.4194681032973803,-0.010519775675194526,1.7186137437820435,0.011242876760661602,0
mujoco,flat_forward,1,1,176,1.759999999999917,1.0,0.0,0.33510777883352055,0.0286206715041647,-0.0024731786027285697,0.41917037836427024,-0.006768287137739252,1.7167329788208008,0.011727304197847843,0
mujoco,flat_forward,1,1,177,1.7699999999999159,1.0,0.0,0.3350210737645044,0.02857235097528302,-0.002518759008412474,0.4196215581447845,-0.019168937936178403,1.720529317855835,0.012153307907283306,0
mujoco,flat_forward,1,1,178,1.7799999999999148,1.0,0.0,0.33493204824999334,0.028513022404909986,-0.0025869923525788127,0.4196315226241528,-0.0014668294497582196,1.716356873512268,0.018453586846590042,0
mujoco,flat_forward,1,1,179,1.7899999999999137,1.0,0.0,0.334841292536269,0.028550943909446846,-0.0026118105964889064,0.41926499934669154,-0.011909261186419473,1.7176318168640137,0.016109878197312355,0
mujoco,flat_forward,1,1,180,1.7999999999999126,1.0,0.0,0.3347537896592921,0.028506330523218257,-0.002674273008211115,0.41954083683794097,-0.012122115050350522,1.7191264629364014,0.01320971641689539,0
mujoco,flat_forward,1,1,181,1.8099999999999115,1.0,0.0,0.3346696749817909,0.02855618593008504,-0.002708539568122479,0.4193223804210793,-0.006889568344384591,1.7194570302963257,0.010710948146879673,0
mujoco,flat_forward,1,1,182,1.8199999999999104,1.0,0.0,0.3345936686848714,0.028564811275073244,-0.002727474144870569,0.41952457175273167,-0.02134416892496598,1.7217270135879517,0.010316655971109867,0
mujoco,flat_forward,1,1,183,1.8299999999999093,1.0,0.0,0.33451872506166147,0.028538944225789606,-0.0027571107087532142,0.4193318250968164,-0.004515815849833054,1.7187795639038086,0.016511833295226097,0
mujoco,flat_forward,1,1,184,1.8399999999999082,1.0,0.0,0.3344437323286258,0.028618900249256906,-0.002766296846041734,0.4190256182852376,-0.01304121931983256,1.7199795246124268,0.01608738675713539,0
mujoco,flat_forward,1,1,185,1.849999999999907,1.0,0.0,0.3343735581408177,0.02861510105021053,-0.0027924962119291446,0.4190567873160887,-0.014346282241631219,1.7210835218429565,0.01135347131639719,0
mujoco,flat_forward,1,1,186,1.859999999999906,1.0,0.0,0.33430816321896056,0.028701198073663326,-0.0028157230193767927,0.419106864384256,-0.004552738176650747,1.72185218334198,0.009594175964593887,0
mujoco,flat_forward,1,1,187,1.8699999999999048,1.0,0.0,0.33424791496724426,0.02876576597371915,-0.002824078453574063,0.4190358144751034,-0.02152937111979249,1.7218303680419922,0.009541451930999756,0
mujoco,flat_forward,1,1,188,1.8799999999999037,1.0,0.0,0.3341898667680283,0.02876961757652268,-0.002816267050883648,0.4185677620514343,-0.007184752797950604,1.7209054231643677,0.014491986483335495,0
mujoco,flat_forward,1,1,189,1.8899999999999026,1.0,0.0,0.33413326539087357,0.02887973359239122,-0.0028282451971891917,0.41848792933709905,-0.011747699051181223,1.7237309217453003,0.015436585061252117,0
mujoco,flat_forward,1,1,190,1.8999999999999015,1.0,0.0,0.33408158960235856,0.028906066343272398,-0.002838787217532617,0.4184078509289877,-0.019384418363689634,1.723140835762024,0.010051127523183823,0
mujoco,flat_forward,1,1,191,1.9099999999999004,1.0,0.0,0.3340348773910823,0.02898654499018805,-0.002842726403699196,0.4185537979987355,-0.004769365030263056,1.72515070438385,0.010157670825719833,0
mujoco,flat_forward,1,1,192,1.9199999999998993,1.0,0.0,0.33399057363730633,0.02907252838528869,-0.0028335017443625638,0.41824456141862854,-0.02199179807859217,1.7233083248138428,0.011162981390953064,0
mujoco,flat_forward,1,1,193,1.9299999999998982,1.0,0.0,0.3339491818702078,0.029089061042411175,-0.0027903433938788426,0.4176795076615085,-0.011781644467215517,1.723944067955017,0.013325650244951248,0
mujoco,flat_forward,1,1,194,1.9399999999998971,1.0,0.0,0.3339119769322749,0.029211314394320974,-0.002794126970619837,0.41800959286862344,-0.008292553045909165,1.7278567552566528,0.01399178709834814,0
mujoco,flat_forward,1,1,195,1.949999999999896,1.0,0.0,0.333878262894691,0.029281829725075228,-0.002791974850367862,0.4177700372612936,-0.02205699432057441,1.7245243787765503,0.010251394473016262,0
mujoco,flat_forward,1,1,196,1.959999999999895,1.0,0.0,0.33385088027029486,0.029349147210031207,-0.0027288462298781908,0.4176699713579692,-0.007088302630401969,1.7282073497772217,0.013377957046031952,0
mujoco,flat_forward,1,1,197,1.9699999999998938,1.0,0.0,0.3338250819331072,0.02947069076337629,-0.0027157624584606068,0.4177681125205228,-0.01741576716184249,1.7281516790390015,0.01177516020834446,0
mujoco,flat_forward,1,1,198,1.9799999999998927,1.0,0.0,0.33380192293625116,0.029497514346018227,-0.0026802356610646496,0.4173562339012994,-0.016529941255537157,1.7276508808135986,0.009841891936957836,0
mujoco,flat_forward,1,1,199,1.9899999999998916,1.0,0.0,0.3337851010343731,0.029605794741801836,-0.0026677785087652695,0.41799209862453596,-0.004577246488788245,1.7324711084365845,0.012803432531654835,0
mujoco,flat_forward,1,1,200,1.9999999999998905,1.0,0.0,0.33376883649432726,0.029699775669668593,-0.002678187373953946,0.41795100141542907,-0.02400601163620085,1.7266095876693726,0.014191792346537113,0
mujoco,flat_forward,1,1,201,2.0099999999998897,1.0,0.0,0.3337562710769418,0.02974270611434978,-0.0025776299718223167,0.4174305636244731,-0.010359468224909681,1.730037808418274,0.01547090895473957,0
mujoco,flat_forward,1,1,202,2.0199999999998886,1.0,0.0,0.3337482364894062,0.02986414544027402,-0.0025462559629748824,0.4179931101994582,-0.011317373471220232,1.7348037958145142,0.016498062759637833,0
mujoco,flat_forward,1,1,203,2.0299999999998875,1.0,0.0,0.33374467194771734,0.029913951317630676,-0.0025104663245164925,0.417674714754629,-0.020120345957722132,1.731837272644043,0.009195549413561821,0
mujoco,flat_forward,1,1,204,2.0399999999998863,1.0,0.0,0.3337495830938781,0.029994645181584914,-0.0024469983563835977,0.41802786273969206,-0.006416499561229582,1.73746919631958,0.016187759116292,0
mujoco,flat_forward,1,1,205,2.0499999999998852,1.0,0.0,0.33375528499054774,0.030113100404360615,-0.0024675856536871548,0.41852646231601964,-0.018842102743339258,1.7338680028915405,0.013547676615417004,0
mujoco,flat_forward,1,1,206,2.059999999999884,1.0,0.0,0.3337613269884115,0.030141294352690366,-0.0024197301502652925,0.4180253579263235,-0.013334280245390727,1.7336748838424683,0.010705828666687012,0
mujoco,flat_forward,1,1,207,2.069999999999883,1.0,0.0,0.33377270198157943,0.03024035517716692,-0.002419198698913478,0.4189288607043867,-0.006309132097669976,1.7396053075790405,0.017275799065828323,0
mujoco,flat_forward,1,1,208,2.079999999999882,1.0,0.0,0.3337861816848411,0.030309107476862083,-0.0024287924975943277,0.4188036682096394,-0.023055438776585172,1.7341852188110352,0.01338536199182272,0
mujoco,flat_forward,1,1,209,2.089999999999881,1.0,0.0,0.33380623461092057,0.030348658324874267,-0.0023533098476365196,0.41879453173830355,-0.009635108692903939,1.740082025527954,0.018693462014198303,0
mujoco,flat_forward,1,1,210,2.0999999999998797,1.0,0.0,0.3338303250482467,0.03044503916573124,-0.0023685179240931936,0.419501763898167,-0.015769769831780876,1.7412663698196411,0.012202576734125614,0
mujoco,flat_forward,1,1,211,2.1099999999998786,1.0,0.0,0.33385683833320295,0.030460246639256654,-0.0023413406647219163,0.41918548578188236,-0.018609212413935133,1.739127278327942,0.008952195756137371,0
mujoco,flat_forward,1,1,212,2.1199999999998775,1.0,0.0,0.3338902273591921,0.03052355592575576,-0.0023211366057733496,0.42006713266544576,-0.0059863790937350675,1.7459441423416138,0.017871132120490074,0
mujoco,flat_forward,1,1,213,2.1299999999998764,1.0,0.0,0.3339216178692512,0.030605424313998035,-0.0023984359201273957,0.42064741913208037,-0.02211405157239438,1.7404779195785522,0.015793196856975555,0
mujoco,flat_forward,1,1,214,2.1399999999998753,1.0,0.0,0.33395408201000487,0.030635939099486142,-0.002352047996282304,0.4202676780783931,-0.010716065008992071,1.7429859638214111,0.013773143291473389,0
mujoco,flat_forward,1,1,215,2.1499999999998742,1.0,0.0,0.33399073644671096,0.03071607989443856,-0.0023794195308600337,0.4214476664853233,-0.007420526380076189,1.7498847246170044,0.01783262938261032,0
mujoco,flat_forward,1,1,216,2.159999999999873,1.0,0.0,0.33402780389473374,0.03074085264417708,-0.002414377947093576,0.42152260752225,-0.021621576095919092,1.745233178138733,0.012061817571520805,0
mujoco,flat_forward,1,1,217,2.169999999999872,1.0,0.0,0.3340685204540845,0.030748723688974106,-0.002397190185577199,0.4219925546491046,-0.008271316470161803,1.7521111965179443,0.01920112781226635,0
mujoco,flat_forward,1,1,218,2.179999999999871,1.0,0.0,0.3341097918306588,0.030806077588843274,-0.0024645154546522573,0.42293382599269874,-0.01794372269104182,1.7512342929840088,0.012806118465960026,0
mujoco,flat_forward,1,1,219,2.18999999999987,1.0,0.0,0.3341500626480242,0.030787569009778314,-0.002478312314400529,0.4228650604028423,-0.016698699040496354,1.7503608465194702,0.010461635887622833,0
mujoco,flat_forward,1,1,220,2.1999999999998687,1.0,0.0,0.3341944395803162,0.0308212873262582,-0.0025071459555485497,0.42410128770215305,-0.006170386470019469,1.756798267364502,0.017047790810465813,0
mujoco,flat_forward,1,1,221,2.2099999999998676,1.0,0.0,0.334237893448693,0.03084578601948943,-0.0025516425935708004,0.42452683487404863,-0.025233221205188984,1.7512645721435547,0.014417055994272232,0
mujoco,flat_forward,1,1,222,2.2199999999998665,1.0,0.0,0.3342827037643821,0.03084275377356376,-0.002526570597877839,0.4247497072355572,-0.011772509141571103,1.75669527053833,0.018516138195991516,0
mujoco,flat_forward,1,1,223,2.2299999999998654,1.0,0.0,0.33432933387058356,0.03087763373123969,-0.00258621670090104,0.4259378343158999,-0.014442703299595185,1.7600934505462646,0.013820105232298374,0
mujoco,flat_forward,1,1,224,2.2399999999998643,1.0,0.0,0.33437627938791714,0.030851607363367,-0.0025904986472680375,0.42590888681192124,-0.017634224256782585,1.7578785419464111,0.009090361185371876,0
mujoco,flat_forward,1,1,225,2.249999999999863,1.0,0.0,0.3344286237910857,0.030852612240250828,-0.0025893167251673254,0.4270936875287273,-0.005950224288003848,1.7661088705062866,0.019240951165556908,0
mujoco,flat_forward,1,1,226,2.259999999999862,1.0,0.0,0.3344779622562455,0.030868321026799997,-0.002702166714020429,0.4280378787531444,-0.022589632772797297,1.762070894241333,0.01456447783857584,0
mujoco,flat_forward,1,1,227,2.269999999999861,1.0,0.0,0.3345262866960027,0.03084609881916474,-0.002702153967251371,0.4280385704617475,-0.011128578511162189,1.7636770009994507,0.013732591643929482,0
mujoco,flat_forward,1,1,228,2.27999999999986,1.0,0.0,0.33457620036287955,0.03084799285164582,-0.0027629654793978635,0.42938379621448136,-0.011211545366089058,1.7712527513504028,0.01758803240954876,0
mujoco,flat_forward,1,1,229,2.289999999999859,1.0,0.0,0.3346257479737492,0.03079745487810434,-0.0028109930978269305,0.4297441353224038,-0.020970217357510826,1.7684497833251953,0.009254050441086292,0
mujoco,flat_forward,1,1,230,2.2999999999998577,1.0,0.0,0.3346778436773085,0.03076130414887224,-0.0028265789736577913,0.4307441343778307,-0.007751181538771993,1.7749382257461548,0.016603533178567886,0
mujoco,flat_forward,1,1,231,2.3099999999998566,1.0,0.0,0.33472600281102655,0.03074550833475564,-0.002958071252913058,0.4320115010032151,-0.021054651621692743,1.7735824584960938,0.013238535262644291,0
mujoco,flat_forward,1,1,232,2.3199999999998555,1.0,0.0,0.3347699334736117,0.030683114709059257,-0.003004546623820429,0.4320079026056324,-0.012513877229986231,1.7727051973342896,0.012585383839905262,0
mujoco,flat_forward,1,1,233,2.3299999999998544,1.0,0.0,0.3348137998598215,0.030643519960776935,-0.003102965001408079,0.4335309275765237,-0.009864992906425717,1.7802814245224,0.018519749864935875,0
mujoco,flat_forward,1,1,234,2.3399999999998533,1.0,0.0,0.33485604321493195,0.030577210728748663,-0.003168737323283084,0.43384535844665956,-0.020549692595913417,1.7762012481689453,0.011593789793550968,0
mujoco,flat_forward,1,1,235,2.349999999999852,1.0,0.0,0.3349004929086683,0.030530648420882153,-0.003186748046979773,0.43491404565203495,-0.00833898561191088,1.7831573486328125,0.01790601946413517,0
mujoco,flat_forward,1,1,236,2.359999999999851,1.0,0.0,0.33494112170772156,0.030496460064510875,-0.0033182713016804213,0.4361548492205863,-0.023011091431565333,1.7830451726913452,0.011666585691273212,0
mujoco,flat_forward,1,1,237,2.36999999999985,1.0,0.0,0.3349774750465937,0.030403095978994474,-0.0033679953908558992,0.43625821299347006,-0.014501766620940543,1.7816834449768066,0.013270912691950798,0
mujoco,flat_forward,1,1,238,2.379999999999849,1.0,0.0,0.33501234520365963,0.030342542656949936,-0.0034930678841206307,0.437862700285914,-0.011488451415657349,1.7889666557312012,0.016991492360830307,0
mujoco,flat_forward,1,1,239,2.389999999999848,1.0,0.0,0.335044045436634,0.030251477003136726,-0.0035754526589393864,0.438239250449851,-0.02210435262092629,1.7839957475662231,0.012346713803708553,0
mujoco,flat_forward,1,1,240,2.3999999999998467,1.0,0.0,0.3350761583115217,0.030161656759669087,-0.003611145977985145,0.4394442369029802,-0.01014059100907323,1.7908308506011963,0.016909610480070114,0
mujoco,flat_forward,1,1,241,2.4099999999998456,1.0,0.0,0.3351022860114317,0.030090021631828615,-0.0037550971980401244,0.44062735221925686,-0.02368663338743062,1.7908296585083008,0.011155552230775356,0
mujoco,flat_forward,1,1,242,2.4199999999998445,1.0,0.0,0.33512710316228667,0.029989377377999876,-0.00376850173825145,0.4408071270937675,-0.01270063671117199,1.79123854637146,0.012116225436329842,0
mujoco,flat_forward,1,1,243,2.4299999999998434,1.0,0.0,0.3351513885948325,0.029909278075636477,-0.003897826862937197,0.44261463843196014,-0.010703988360216498,1.799198031425476,0.01611349545419216,0
mujoco,flat_forward,1,1,244,2.4399999999998423,1.0,0.0,0.3351717657363479,0.029781080243565107,-0.003978205559503431,0.44286357525443387,-0.018419467045045795,1.7933191061019897,0.013581497594714165,0
mujoco,flat_forward,1,1,245,2.449999999999841,1.0,0.0,0.33519289548816406,0.029665388622943635,-0.004021162051374408,0.444335198180266,-0.008275702655254725,1.8016701936721802,0.018370017409324646,0
mujoco,flat_forward,1,1,246,2.45999999999984,1.0,0.0,0.33520823527399435,0.02955846925469345,-0.00413626686071141,0.4451882740519848,-0.023686403398715087,1.7995084524154663,0.012615347281098366,0
mujoco,flat_forward,1,1,247,2.469999999999839,1.0,0.0,0.335223720146301,0.029431479084675104,-0.004153204994078801,0.44571508968334494,-0.012507732697137772,1.8025892972946167,0.014742436818778515,0
mujoco,flat_forward,1,1,248,2.479999999999838,1.0,0.0,0.33523768729103065,0.029324558907920205,-0.004314096622465772,0.44752941793206136,-0.013978217150171642,1.8077173233032227,0.011816169135272503,0
mujoco,flat_forward,1,1,249,2.489999999999837,1.0,0.0,0.33524754729274103,0.029149907203293843,-0.0043800633577108,0.44760626985201435,-0.014677690715759995,1.801740288734436,0.013487893156707287,0
mujoco,flat_forward,1,1,250,2.4999999999998357,1.0,0.0,0.33525786746138564,0.02900892262399887,-0.004471489477760421,0.44953481819678914,-0.006436497916858543,1.8110300302505493,0.019315890967845917,0
mujoco,flat_forward,1,1,251,2.5099999999998346,1.0,0.0,0.33526111482412424,0.0288708774805345,-0.004596249028934732,0.4498960343475663,-0.020459685275846382,1.8041318655014038,0.019083648920059204,0
mujoco,flat_forward,1,1,252,2.5199999999998335,1.0,0.0,0.33526478809055943,0.028729886557090318,-0.004630088813952858,0.45093285392971844,-0.011169077778015398,1.8112560510635376,0.01887325942516327,0
mujoco,flat_forward,1,1,253,2.5299999999998324,1.0,0.0,0.335264504383766,0.02860153775633556,-0.004810358496260415,0.4524466658575232,-0.019679942810563275,1.8131155967712402,0.009276947006583214,0
mujoco,flat_forward,1,1,254,2.5399999999998313,1.0,0.0,0.33526454283099794,0.02841922823914645,-0.0048227536007799604,0.45251314636291223,-0.010749109530076186,1.810372233390808,0.010012570768594742,0
mujoco,flat_forward,1,1,255,2.54999999999983,1.0,0.0,0.3352647883767159,0.028271399091078925,-0.0049754785630573,0.4545799433880824,-0.008105560195858227,1.8197367191314697,0.01777753047645092,0
mujoco,flat_forward,1,1,256,2.559999999999829,1.0,0.0,0.335260768357621,0.02805609178132431,-0.005063181305414961,0.4545037892182815,-0.014616353331068395,1.8105075359344482,0.01977662369608879,0
mujoco,flat_forward,1,1,257,2.569999999999828,1.0,0.0,0.3352583000143873,0.027869429544841257,-0.005123013619862901,0.45622059897327616,-0.008053772445965009,1.821771502494812,0.022745275869965553,0
mujoco,flat_forward,1,1,258,2.579999999999827,1.0,0.0,0.33525030025615976,0.02768209613826393,-0.005243199197813746,0.45663104143376054,-0.020222404724783212,1.8164684772491455,0.017490847036242485,0
mujoco,flat_forward,1,1,259,2.5899999999998258,1.0,0.0,0.3352454201297015,0.02749091514282027,-0.005265436252653651,0.4575320097691533,-0.011893284470912167,1.822129726409912,0.017060868442058563,0
mujoco,flat_forward,1,1,260,2.5999999999998247,1.0,0.0,0.335238096459508,0.027314872576931295,-0.005451646650340099,0.459131494471468,-0.01859527144432656,1.8238799571990967,0.010129831731319427,0
mujoco,flat_forward,1,1,261,2.6099999999998236,1.0,0.0,0.33523024219382724,0.027089831812071762,-0.005465549821754893,0.4590864442862939,-0.011276063910208679,1.8189680576324463,0.011040526442229748,0
mujoco,flat_forward,1,1,262,2.6199999999998225,1.0,0.0,0.33522223356232456,0.02689873525046566,-0.005613423773879475,0.4610570575435986,-0.0100715910617367,1.8290013074874878,0.018358716741204262,0
mujoco,flat_forward,1,1,263,2.6299999999998214,1.0,0.0,0.3352103412604715,0.026643047395598644,-0.005668417232943528,0.4607082354730844,-0.01461441759778983,1.819580078125,0.020304180681705475,0
mujoco,flat_forward,1,1,264,2.6399999999998203,1.0,0.0,0.335200993618601,0.026426407308867104,-0.00574098523136642,0.4624907192698901,-0.009619824094834925,1.831591248512268,0.02434205636382103,0
mujoco,flat_forward,1,1,265,2.649999999999819,1.0,0.0,0.33518449466128164,0.02621445067862142,-0.005894399346049813,0.46282429870520403,-0.017201832285373028,1.8243660926818848,0.021331219002604485,0
mujoco,flat_forward,1,1,266,2.659999999999818,1.0,0.0,0.3351696430764021,0.026004558182803773,-0.005930408715691324,0.46381807673138997,-0.011840410652112136,1.829859733581543,0.016818154603242874,0
mujoco,flat_forward,1,1,267,2.669999999999817,1.0,0.0,0.3351499653067191,0.0257865766568603,-0.00612614070143005,0.46516876567000476,-0.018849077651573114,1.8310468196868896,0.010651357471942902,0
mujoco,flat_forward,1,1,268,2.679999999999816,1.0,0.0,0.3351302317273958,0.02554140719927267,-0.006137094112553958,0.46525207790049566,-0.01324675962808546,1.827529788017273,0.009539470076560974,0
mujoco,flat_forward,1,1,269,2.6899999999998148,1.0,0.0,0.33510908465530975,0.025315382658134624,-0.006302777714047878,0.4672851066366567,-0.01422804868339821,1.8360878229141235,0.014635493978857994,0
mujoco,flat_forward,1,1,270,2.6999999999998137,1.0,0.0,0.33508162228933525,0.025030870187609355,-0.006347898815134907,0.4668121268130459,-0.016380736893634774,1.8255695104599,0.02159448154270649,0
mujoco,flat_forward,1,1,271,2.7099999999998126,1.0,0.0,0.33505459199609405,0.02479261890329123,-0.00645370761963074,0.4687421316402632,-0.01329045757134282,1.8384276628494263,0.02569572441279888,0
mujoco,flat_forward,1,1,272,2.7199999999998115,1.0,0.0,0.33502049541338497,0.024555556863600555,-0.006555470599763599,0.4684663206065559,-0.018541624792845716,1.828824758529663,0.024911556392908096,0
mujoco,flat_forward,1,1,273,2.7299999999998104,1.0,0.0,0.33499002214683754,0.02433489044822931,-0.006605004597476437,0.46984361668894437,-0.015180034068301458,1.8376089334487915,0.022665169090032578,0
mujoco,flat_forward,1,1,274,2.7399999999998093,1.0,0.0,0.33495458092203817,0.024095854420845154,-0.00679257047576587,0.47057390320100073,-0.02112545993408112,1.8343161344528198,0.0174366757273674,0
mujoco,flat_forward,1,1,275,2.749999999999808,1.0,0.0,0.33492130228532907,0.02385570882563963,-0.006816451667077728,0.4711421900902747,-0.017480796113327694,1.8343149423599243,0.010745150968432426,0
mujoco,flat_forward,1,1,276,2.759999999999807,1.0,0.0,0.33488401361139736,0.02361877550090216,-0.0070234104669602716,0.4727785687963548,-0.01932070764355458,1.838261604309082,0.00934178102761507,0
mujoco,flat_forward,1,1,277,2.769999999999806,1.0,0.0,0.334845751211832,0.02338296970274169,-0.007025774282025065,0.47247303505039273,-0.017296131985483368,1.8308756351470947,0.012989296577870846,0
mujoco,flat_forward,1,1,278,2.779999999999805,1.0,0.0,0.334807519193552,0.02315505481859588,-0.007175759662954357,0.4746741481188879,-0.016596993089694197,1.8419244289398193,0.018257610499858856,0
mujoco,flat_forward,1,1,279,2.7899999999998037,1.0,0.0,0.3347595321612215,0.022929933443718107,-0.007228426523048347,0.4737998172167518,-0.01742779519871903,1.829539179801941,0.028482835739850998,0
mujoco,flat_forward,1,1,280,2.7999999999998026,1.0,0.0,0.3347115920279623,0.022712670855812276,-0.007339448021767113,0.47560466704799514,-0.017321232963459346,1.8429195880889893,0.029355470091104507,0
mujoco,flat_forward,1,1,281,2.8099999999998015,1.0,0.0,0.33465798069255936,0.022477791220016575,-0.007451091146271771,0.4751810363030739,-0.019569760193850327,1.8346346616744995,0.026554575189948082,0
mujoco,flat_forward,1,1,282,2.8199999999998004,1.0,0.0,0.33460965350867533,0.022259878419186502,-0.007514868716073479,0.4764949779571035,-0.019435441448323952,1.8421739339828491,0.022174257785081863,0
mujoco,flat_forward,1,1,283,2.8299999999997993,1.0,0.0,0.3345566692221851,0.022029687073570295,-0.007699179284207834,0.47686675223134384,-0.01883990236407191,1.837965965270996,0.020407218486070633,0
mujoco,flat_forward,1,1,284,2.8399999999997982,1.0,0.0,0.3345075079293611,0.02182750288087499,-0.007733914354815752,0.47750860102969955,-0.01953920396459596,1.838134765625,0.01317172683775425,0
mujoco,flat_forward,1,1,285,2.849999999999797,1.0,0.0,0.3344545290940134,0.021598735767015362,-0.007934398121177945,0.47856300307941596,-0.01990514106811424,1.8403984308242798,0.011798543855547905,0
mujoco,flat_forward,1,1,286,2.859999999999796,1.0,0.0,0.33440365935262295,0.021394562820394075,-0.007942555124842163,0.47842465775372944,-0.02210520350025308,1.835326910018921,0.01048271730542183,0
mujoco,flat_forward,1,1,287,2.869999999999795,1.0,0.0,0.33435233186238333,0.02117639878204411,-0.008103733572472707,0.48001397700168763,-0.01814504805543463,1.8423813581466675,0.010971765033900738,0
mujoco,flat_forward,1,1,288,2.879999999999794,1.0,0.0,0.3342980499876599,0.02101044994901969,-0.008114791869459315,0.47934500916176176,-0.019439404911573928,1.8339394330978394,0.017811264842748642,0
mujoco,flat_forward,1,1,289,2.8899999999997927,1.0,0.0,0.3342447196562847,0.020817058544472616,-0.008250734486659597,0.4810804976215581,-0.02216719053058608,1.8447308540344238,0.02013229764997959,0
mujoco,flat_forward,1,1,290,2.8999999999997916,1.0,0.0,0.334187319283159,0.0206471508816494,-0.008295736973447296,0.4802369253700155,-0.018787355270819164,1.8357393741607666,0.024702567607164383,0
mujoco,flat_forward,1,1,291,2.9099999999997905,1.0,0.0,0.33413378139262445,0.020462178618735814,-0.008363412677950334,0.4817159762716578,-0.022397209856768532,1.8460052013397217,0.023955224081873894,0
mujoco,flat_forward,1,1,292,2.9199999999997894,1.0,0.0,0.33407399045755437,0.020273086644724547,-0.008486142274526279,0.4814481375846958,-0.015717671719397176,1.8387209177017212,0.0247525442391634,0
mujoco,flat_forward,1,1,293,2.9299999999997883,1.0,0.0,0.3340169579314221,0.020112292290325993,-0.008524843699866783,0.4823215065475766,-0.020964644025916395,1.8425958156585693,0.01868731528520584,0
mujoco,flat_forward,1,1,294,2.9399999999997872,1.0,0.0,0.333954809716963,0.019919080897292062,-0.008671467326703961,0.4827098941792601,-0.016161873303121497,1.8413293361663818,0.01652476005256176,0
mujoco,flat_forward,1,1,295,2.949999999999786,1.0,0.0,0.33389583007796453,0.019755996795048813,-0.008683895225679132,0.48295212921348285,-0.02277011481688336,1.8397256135940552,0.012375353835523129,0
mujoco,flat_forward,1,1,296,2.959999999999785,1.0,0.0,0.33383565386290015,0.019565804396439776,-0.008804634372410374,0.4837437964954913,-0.015858318903618298,1.8428983688354492,0.01056237518787384,0
mujoco,flat_forward,1,1,297,2.969999999999784,1.0,0.0,0.33377901855686,0.019421431336072947,-0.00877971458031485,0.4834147096822586,-0.023505486508043967,1.8375550508499146,0.011761019937694073,0
mujoco,flat_forward,1,1,298,2.979999999999783,1.0,0.0,0.33372396710459223,0.01923702200968228,-0.00888978283688652,0.4845374911100646,-0.02228024651735714,1.8442763090133667,0.012506715022027493,0
mujoco,flat_forward,1,1,299,2.9899999999997817,1.0,0.0,0.33366865230787013,0.019104406682010903,-0.008899295671000956,0.4839754485464213,-0.024595453574412986,1.837418556213379,0.01455775648355484,0
mujoco,flat_forward,1,1,300,2.9999999999997806,1.0,0.0,0.3336163177067179,0.018937407336299034,-0.008980252032760812,0.4849660106152179,-0.025761298220179096,1.8442190885543823,0.01408316195011139,0
mujoco,flat_forward,1,1,301,3.0099999999997795,1.0,0.0,0.3335642856716303,0.01882381592435911,-0.009029093169307945,0.4846376017103085,-0.018692756420949832,1.8394649028778076,0.013539005070924759,0
mujoco,flat_forward,1,1,302,3.0199999999997784,1.0,0.0,0.33351603718559053,0.018695980386311283,-0.009082158747201613,0.4856309854367467,-0.027542040558588138,1.8434069156646729,0.012002283707261086,0
mujoco,flat_forward,1,1,303,3.0299999999997773,1.0,0.0,0.33346467456900414,0.01857913756882743,-0.009143281527481282,0.48527380849149987,-0.016475216569852187,1.839811086654663,0.016086753457784653,0
mujoco,flat_forward,1,1,304,3.039999999999776,1.0,0.0,0.33341693164340425,0.018459483594250155,-0.009149700563536374,0.4858779924971781,-0.027475185971728683,1.8435736894607544,0.01580938510596752,0
mujoco,flat_forward,1,1,305,3.049999999999775,1.0,0.0,0.3333654857060383,0.01831704497490163,-0.009216524759399826,0.4859636565601901,-0.016063511676400334,1.8426971435546875,0.015412136912345886,0
mujoco,flat_forward,1,1,306,3.059999999999774,1.0,0.0,0.33331662352206176,0.018196264519175196,-0.009209188206042924,0.486039453455027,-0.028248476525853973,1.8419737815856934,0.014172843657433987,0
mujoco,flat_forward,1,1,307,3.069999999999773,1.0,0.0,0.33326809743260294,0.018054629677933025,-0.00925611007752935,0.4863848775386413,-0.01711322660205764,1.8444759845733643,0.011864961124956608,0
mujoco,flat_forward,1,1,308,3.079999999999772,1.0,0.0,0.33321948897892933,0.017978075995429457,-0.00926830157138241,0.4863895773967869,-0.02465405617168755,1.8404676914215088,0.014473256655037403,0
mujoco,flat_forward,1,1,309,3.0899999999997707,1.0,0.0,0.3331705167239153,0.017853094024162765,-0.009331435864442156,0.4868514390926579,-0.02288233271726437,1.8445755243301392,0.013552154414355755,0
mujoco,flat_forward,1,1,310,3.0999999999997696,1.0,0.0,0.33312168014614574,0.01777510144352804,-0.009363636668508996,0.4868823719619242,-0.02363390421525711,1.8416123390197754,0.010392963886260986,0
mujoco,flat_forward,1,1,311,3.1099999999997685,1.0,0.0,0.33307461020230966,0.017658535781069483,-0.009421981883433267,0.4873871673259136,-0.028900100502521002,1.8448665142059326,0.010512193664908409,0
mujoco,flat_forward,1,1,312,3.1199999999997674,1.0,0.0,0.3330277583496731,0.017582620082558932,-0.009457733438770145,0.48741602900964953,-0.022265295029015888,1.8428092002868652,0.008879827335476875,0
mujoco,flat_forward,1,1,313,3.1299999999997663,1.0,0.0,0.3329841115326025,0.017484588404573974,-0.009483973291514873,0.4877074383381302,-0.030826157832616247,1.8447303771972656,0.008490133099257946,0
mujoco,flat_forward,1,1,314,3.139999999999765,1.0,0.0,0.33294409069188763,0.017418432698260253,-0.009499824608508059,0.4877614984912998,-0.018733562961151414,1.8453729152679443,0.007720546331256628,0
mujoco,flat_forward,1,1,315,3.149999999999764,1.0,0.0,0.3329089878104447,0.017336424382509184,-0.009506894067587188,0.4880570186843277,-0.03450020919038218,1.8452255725860596,0.009141436778008938,0
mujoco,flat_forward,1,1,316,3.159999999999763,1.0,0.0,0.33287541903693224,0.01725264182616289,-0.009516090752182687,0.4882128553263883,-0.015980811161852928,1.8456780910491943,0.011792456731200218,0
mujoco,flat_forward,1,1,317,3.169999999999762,1.0,0.0,0.33283912857048104,0.017208539243221334,-0.009525671276608498,0.4883477943244093,-0.03130924359451163,1.8441699743270874,0.016228588297963142,0
mujoco,flat_forward,1,1,318,3.179999999999761,1.0,0.0,0.3328014384827539,0.01713120484550566,-0.009523747190277319,0.48818969712364313,-0.018052685264376863,1.847590446472168,0.015563292428851128,0
mujoco,flat_forward,1,1,319,3.1899999999997597,1.0,0.0,0.3327643007959626,0.017099001121019322,-0.009548396441385018,0.48843138152228505,-0.027255174257946334,1.8477751016616821,0.013769872486591339,0
mujoco,flat_forward,1,1,320,3.1999999999997586,1.0,0.0,0.332728727373682,0.017018173877504487,-0.009561557910792034,0.48836194763254887,-0.023448231719561802,1.8494853973388672,0.01409812830388546,0
mujoco,flat_forward,1,1,321,3.2099999999997575,1.0,0.0,0.3326951300306174,0.01698376181819365,-0.009603252495936637,0.4887035614726912,-0.025313962817745866,1.8491699695587158,0.012004743330180645,0
mujoco,flat_forward,1,1,322,3.2199999999997564,1.0,0.0,0.332663340499992,0.016905478414864426,-0.009631421539611667,0.48869077665226335,-0.029405091743493688,1.8492026329040527,0.011195262894034386,0
mujoco,flat_forward,1,1,323,3.2299999999997553,1.0,0.0,0.3326337278112434,0.01686582047154706,-0.009688084752996021,0.4893229698067238,-0.021197660690211468,1.8492392301559448,0.011377961374819279,0
mujoco,flat_forward,1,1,324,3.239999999999754,1.0,0.0,0.33260332632208744,0.016803713727969825,-0.009714654592971245,0.4890079070057223,-0.03003452195301158,1.8468137979507446,0.012762341648340225,0
mujoco,flat_forward,1,1,325,3.249999999999753,1.0,0.0,0.332577511467054,0.016770762492963602,-0.009729215206916969,0.4896555603246417,-0.017852413667704264,1.8512239456176758,0.01487323921173811,0
mujoco,flat_forward,1,1,326,3.259999999999752,1.0,0.0,0.33255136695652077,0.0167319091134955,-0.009752384090571184,0.48936260543836546,-0.03459053939850108,1.8473976850509644,0.015263459645211697,0
mujoco,flat_forward,1,1,327,3.269999999999751,1.0,0.0,0.33252986531846984,0.0166978186044326,-0.009719166317367951,0.48963639157145294,-0.021864072017390285,1.8531886339187622,0.01728055253624916,0
mujoco,flat_forward,1,1,328,3.27999999999975,1.0,0.0,0.3325070948597012,0.016675881763980643,-0.009747664527218213,0.48983230563147406,-0.03828079586283756,1.851985216140747,0.011711647734045982,0
mujoco,flat_forward,1,1,329,3.2899999999997487,1.0,0.0,0.33248708881950734,0.016628232596143242,-0.009697872431967137,0.48958099719044346,-0.025640616303664036,1.8539804220199585,0.01319144293665886,0
mujoco,flat_forward,1,1,330,3.2999999999997476,1.0,0.0,0.33246662064547483,0.016616826729363782,-0.009756443294447182,0.49035721834362705,-0.03115109740742053,1.8562062978744507,0.01153130829334259,0
mujoco,flat_forward,1,1,331,3.3099999999997465,1.0,0.0,0.3324470829018896,0.01657240548354678,-0.009702202073862048,0.4896741935269368,-0.023905737681401338,1.8536360263824463,0.012135145254433155,0
mujoco,flat_forward,1,1,332,3.3199999999997454,1.0,0.0,0.3324297464497952,0.01656570462818966,-0.009759129312201655,0.49063081830773775,-0.025375726379627407,1.8588768243789673,0.0177935641258955,0
mujoco,flat_forward,1,1,333,3.3299999999997443,1.0,0.0,0.3324140214672781,0.016515003787077785,-0.00973897595043761,0.48994448870299745,-0.028963315612689618,1.8541736602783203,0.016603201627731323,0
mujoco,flat_forward,1,1,334,3.339999999999743,1.0,0.0,0.33240249117531795,0.016496740989665633,-0.0097767298449516,0.4910334395388989,-0.024450297166882254,1.8598612546920776,0.019519533962011337,0
mujoco,flat_forward,1,1,335,3.349999999999742,1.0,0.0,0.33239066630177755,0.016444395221294913,-0.009784588585639343,0.4903269734284537,-0.035578650858812816,1.8538862466812134,0.018857944756746292,0
mujoco,flat_forward,1,1,336,3.359999999999741,1.0,0.0,0.33238372798503407,0.016412756534098977,-0.00977653041401976,0.4913421097917095,-0.02612403354880209,1.8603236675262451,0.022364245727658272,0
mujoco,flat_forward,1,1,337,3.36999999999974,1.0,0.0,0.33237184058492075,0.01639856077835643,-0.009822264151139019,0.4908174571510202,-0.03481458388744782,1.8551844358444214,0.019486548379063606,0
mujoco,flat_forward,1,1,338,3.3799999999997388,1.0,0.0,0.3323657118673261,0.01639557813088475,-0.009767407875854972,0.49135151495208557,-0.027278831520908625,1.8622124195098877,0.020671453326940536,0
mujoco,flat_forward,1,1,339,3.3899999999997377,1.0,0.0,0.3323574599052935,0.01638921062970273,-0.009852565840864965,0.49157673722547557,-0.03646622240075942,1.8612922430038452,0.012103953398764133,0
mujoco,flat_forward,1,1,340,3.3999999999997366,1.0,0.0,0.33235494093931095,0.016373162442050906,-0.009780152923465655,0.49147795632589325,-0.029752134728195802,1.8631750345230103,0.010408791713416576,0
mujoco,flat_forward,1,1,341,3.4099999999997355,1.0,0.0,0.3323510620140983,0.016368435218927495,-0.009915999962818771,0.49253352668525985,-0.03122179842366266,1.8665580749511719,0.007142868358641863,0
mujoco,flat_forward,1,1,342,3.4199999999997344,1.0,0.0,0.33235166898725527,0.0163655349098398,-0.009817719701481762,0.49172102626699493,-0.02682428570199865,1.8621422052383423,0.008035890758037567,0
mujoco,flat_forward,1,1,343,3.4299999999997333,1.0,0.0,0.3323537025412037,0.016365759644979726,-0.009917591137464274,0.49338097951693494,-0.02847485523617673,1.8722949028015137,0.019162528216838837,0
mujoco,flat_forward,1,1,344,3.439999999999732,1.0,0.0,0.33235448672075474,0.01633134455625257,-0.009833118207908465,0.492041440341381,-0.029663534254607205,1.861959457397461,0.02430534176528454,0
mujoco,flat_forward,1,1,345,3.449999999999731,1.0,0.0,0.3323576035947762,0.016308279332130887,-0.009866715692200493,0.4938080866005404,-0.027905176006821367,1.8757811784744263,0.03308646380901337,0
mujoco,flat_forward,1,1,346,3.45999999999973,1.0,0.0,0.33235625988129075,0.01628176106095176,-0.009885927132541182,0.49259786519702925,-0.034926953435253615,1.8644719123840332,0.02958623878657818,0
mujoco,flat_forward,1,1,347,3.469999999999729,1.0,0.0,0.332359130484273,0.01626673101694294,-0.009890253143157689,0.49391145250265406,-0.03280154212805404,1.8757390975952148,0.03065127693116665,0
mujoco,flat_forward,1,1,348,3.4799999999997278,1.0,0.0,0.33235738652002855,0.016255694784165713,-0.009981407245743085,0.49339381012268785,-0.03289072653430695,1.8692421913146973,0.023178720846772194,0
mujoco,flat_forward,1,1,349,3.4899999999997267,1.0,0.0,0.33236155086815733,0.016248713942559567,-0.009958846422841663,0.494186751935187,-0.032501070897458156,1.8751178979873657,0.022029006853699684,0
mujoco,flat_forward,1,1,350,3.4999999999997256,1.0,0.0,0.332362643801514,0.01623293444709279,-0.010081161350427218,0.4942279895064871,-0.030691174044920937,1.874168872833252,0.01495016273111105,0
mujoco,flat_forward,1,1,351,3.5099999999997245,1.0,0.0,0.33237144976933314,0.016221253050633443,-0.010033142191852758,0.4944459672039118,-0.0324797808972373,1.8759645223617554,0.01376114971935749,0
mujoco,flat_forward,1,1,352,3.5199999999997234,1.0,0.0,0.33237867800754095,0.016189987085581888,-0.01020026169752825,0.49536566315816416,-0.03219524961383851,1.879563331604004,0.00932237133383751,0
mujoco,flat_forward,1,1,353,3.5299999999997222,1.0,0.0,0.33238996249074215,0.016161378382702186,-0.010153244783124396,0.49487019276560995,-0.035223566122303394,1.8750461339950562,0.006998869124799967,0
mujoco,flat_forward,1,1,354,3.539999999999721,1.0,0.0,0.33240014003819435,0.0161209840836265,-0.010300923355723881,0.4964112495074079,-0.02967079955233062,1.8833497762680054,0.01332030724734068,0
mujoco,flat_forward,1,1,355,3.54999999999972,1.0,0.0,0.33240751260564744,0.016111775095597938,-0.010273243151710602,0.4954564768994982,-0.031693368470325486,1.8746495246887207,0.01780293881893158,0
mujoco,flat_forward,1,1,356,3.559999999999719,1.0,0.0,0.332414158978816,0.016076548068406474,-0.010382792720373393,0.49724102661777936,-0.03456162184837769,1.8883028030395508,0.02461070567369461,0
mujoco,flat_forward,1,1,357,3.569999999999718,1.0,0.0,0.3324162882656778,0.016049148433905366,-0.010399724945191284,0.49622757834881553,-0.030575185026386686,1.8787426948547363,0.024840567260980606,0
mujoco,flat_forward,1,1,358,3.5799999999997167,1.0,0.0,0.3324201731296214,0.016001347634436915,-0.010438749452389533,0.49781523494805996,-0.03529190968781358,1.8923348188400269,0.02926553785800934,0
mujoco,flat_forward,1,1,359,3.5899999999997156,1.0,0.0,0.3324193492528483,0.015958363147013408,-0.010510134736904882,0.49708674941626313,-0.027222712940195837,1.8848568201065063,0.024576153606176376,0
mujoco,flat_forward,1,1,360,3.5999999999997145,1.0,0.0,0.3324233137338666,0.015912744535673495,-0.010520788546001181,0.49820108312930805,-0.03377625188743283,1.8926737308502197,0.025545209646224976,0
mujoco,flat_forward,1,1,361,3.6099999999997134,1.0,0.0,0.3324246466918274,0.015866116663325925,-0.01060644774497083,0.49805104465592936,-0.024601737382316708,1.8898645639419556,0.01957068406045437,0
mujoco,flat_forward,1,1,362,3.6199999999997123,1.0,0.0,0.33243089335730125,0.01582597823574133,-0.010609596811253836,0.49869352805328715,-0.033208187628284695,1.8922017812728882,0.019025342538952827,0
mujoco,flat_forward,1,1,363,3.6299999999997112,1.0,0.0,0.3324341559954382,0.015760822918123692,-0.010737733306985738,0.4990976299804965,-0.029347336215294867,1.8934262990951538,0.014661436900496483,0
mujoco,flat_forward,1,1,364,3.63999999999971,1.0,0.0,0.3324416800844518,0.01569466152075182,-0.01073518800569826,0.4992555286185357,-0.0377617545144382,1.8919156789779663,0.012295769527554512,0
mujoco,flat_forward,1,1,365,3.649999999999709,1.0,0.0,0.33244732702894725,0.015608618666894118,-0.01086291093247311,0.5001439216385747,-0.030310809362244104,1.8960069417953491,0.009885381907224655,0
mujoco,flat_forward,1,1,366,3.659999999999708,1.0,0.0,0.33245447114595117,0.015553247289840076,-0.010847424534662206,0.49983882680080294,-0.03863892847768796,1.8914854526519775,0.010375886224210262,0
mujoco,flat_forward,1,1,367,3.669999999999707,1.0,0.0,0.33246047037052395,0.015472508335230393,-0.010947272560382172,0.5008699448479005,-0.03384487052166819,1.8985464572906494,0.012318812310695648,0
mujoco,flat_forward,1,1,368,3.6799999999997057,1.0,0.0,0.3324652832239325,0.01543011409173152,-0.010964154878774265,0.50052540899457,-0.03727564770161372,1.894177794456482,0.010925231501460075,0
mujoco,flat_forward,1,1,369,3.6899999999997046,1.0,0.0,0.33246991308090207,0.015359221746128016,-0.011051164727398513,0.5014941482215525,-0.03666757004811439,1.9010106325149536,0.012909065932035446,0
mujoco,flat_forward,1,1,370,3.6999999999997035,1.0,0.0,0.3324732599956157,0.01531354861374,-0.011092891572038644,0.5013054978778657,-0.03368522220109403,1.8979344367980957,0.009379275143146515,0
mujoco,flat_forward,1,1,371,3.7099999999997024,1.0,0.0,0.33247772255898506,0.015240358947925295,-0.011158364942161486,0.5021820765622604,-0.037891970120371016,1.9032998085021973,0.010853413492441177,0
mujoco,flat_forward,1,1,372,3.7199999999997013,1.0,0.0,0.3324806943047094,0.015193803445719398,-0.011208826630036497,0.502187715751572,-0.02942608301549113,1.901618480682373,0.008620990440249443,0
mujoco,flat_forward,1,1,373,3.7299999999997,1.0,0.0,0.3324850525536479,0.015122292498761422,-0.011253885272267092,0.5029295002920428,-0.038684450886781505,1.9053856134414673,0.010426418855786324,0
mujoco,flat_forward,1,1,374,3.739999999999699,1.0,0.0,0.33248802289252966,0.015065172296305775,-0.011296991534469301,0.5031165504215366,-0.025438189988139827,1.9055665731430054,0.00915604829788208,0
mujoco,flat_forward,1,1,375,3.749999999999698,1.0,0.0,0.3324918725287624,0.014994788550147685,-0.011320199302210936,0.503724507845303,-0.03966171678014378,1.9077399969100952,0.012014943175017834,0
mujoco,flat_forward,1,1,376,3.759999999999697,1.0,0.0,0.3324945660430493,0.014921885756199193,-0.011346980221680831,0.5040695021306779,-0.022550981424735186,1.909380316734314,0.01154826395213604,0
mujoco,flat_forward,1,1,377,3.769999999999696,1.0,0.0,0.3324965006307095,0.014858149636049835,-0.011356572100842734,0.5044839307971084,-0.03951082807490217,1.9095550775527954,0.014446980319917202,0
mujoco,flat_forward,1,1,378,3.7799999999996947,1.0,0.0,0.3324957152442802,0.014758875361618469,-0.011369037397683865,0.5047974325168259,-0.025190154518326686,1.912907600402832,0.015632694587111473,0
mujoco,flat_forward,1,1,379,3.7899999999996936,1.0,0.0,0.33249199897180315,0.014690819657462995,-0.011411149041386388,0.5053242469060643,-0.03782390381684049,1.9126919507980347,0.01661905087530613,0
mujoco,flat_forward,1,1,380,3.7999999999996925,1.0,0.0,0.3324861881242082,0.014578933047144088,-0.011450204400159045,0.5056458949692465,-0.02923732905766473,1.9155263900756836,0.015644073486328125,0
mujoco,flat_forward,1,1,381,3.8099999999996914,1.0,0.0,0.3324796615230862,0.014503256900847422,-0.0115104285990633,0.5061710516325009,-0.03865253166838982,1.9153255224227905,0.01375037245452404,0
mujoco,flat_forward,1,1,382,3.8199999999996903,1.0,0.0,0.33247453186376125,0.014383665920563296,-0.011535900532305412,0.5062520021238864,-0.03072271468016725,1.9170703887939453,0.014293904416263103,0
mujoco,flat_forward,1,1,383,3.829999999999689,1.0,0.0,0.3324706569162664,0.014310651403257206,-0.011640794554611061,0.5070857790414135,-0.034297246517632794,1.9177289009094238,0.014228125102818012,0
mujoco,flat_forward,1,1,384,3.839999999999688,1.0,0.0,0.33246668127162,0.014187356611104252,-0.011697934109028849,0.5070999953414272,-0.032429067464904336,1.9164323806762695,0.015393601730465889,0
mujoco,flat_forward,1,1,385,3.849999999999687,1.0,0.0,0.332462670964018,0.014109571609671587,-0.011814072373650213,0.5079319850101363,-0.0344412522823918,1.9193952083587646,0.013706323690712452,0
mujoco,flat_forward,1,1,386,3.859999999999686,1.0,0.0,0.3324578074857807,0.013970906671911951,-0.011879913852332455,0.5079183493303612,-0.037049166880659186,1.9174028635025024,0.015109559521079063,0
mujoco,flat_forward,1,1,387,3.869999999999685,1.0,0.0,0.3324523972318645,0.013883815050316554,-0.012011577818122498,0.5090148883230379,-0.032607892524573724,1.9208643436431885,0.013631634414196014,0
mujoco,flat_forward,1,1,388,3.8799999999996837,1.0,0.0,0.3324437686057458,0.013770144525896802,-0.01207465461526526,0.5085817658881702,-0.03630951845334589,1.916330337524414,0.01735624484717846,0
mujoco,flat_forward,1,1,389,3.8899999999996826,1.0,0.0,0.3324365148713734,0.013694259948364623,-0.012167665352786006,0.5097198629922405,-0.031139118708932233,1.9236656427383423,0.018334712833166122,0
mujoco,flat_forward,1,1,390,3.8999999999996815,1.0,0.0,0.3324267431931983,0.013581491598233384,-0.012225090729247769,0.509238453208114,-0.040244682836814226,1.918271780014038,0.01926051639020443,0
mujoco,flat_forward,1,1,391,3.9099999999996804,1.0,0.0,0.33241876423689487,0.013484306487057436,-0.012291362319827156,0.5105374463445189,-0.031080866339208604,1.9253371953964233,0.01911577582359314,0
mujoco,flat_forward,1,1,392,3.9199999999996793,1.0,0.0,0.3324029583625729,0.013398117140270185,-0.012367019367439495,0.5098779573048112,-0.03831478879209485,1.918164610862732,0.022416554391384125,0
mujoco,flat_forward,1,1,393,3.929999999999678,1.0,0.0,0.3323892289431813,0.01332014256244965,-0.012407804769530139,0.5109543635878072,-0.031547698259194366,1.927359938621521,0.021967442706227303,0
mujoco,flat_forward,1,1,394,3.939999999999677,1.0,0.0,0.3323703541843874,0.0132410233511972,-0.012473765998021703,0.5103765817985142,-0.036668328544955345,1.9221657514572144,0.020097311586141586,0
mujoco,flat_forward,1,1,395,3.949999999999676,1.0,0.0,0.33235688613088565,0.013164986081537914,-0.012493521838883508,0.5112714000005929,-0.03150171893600655,1.930115818977356,0.01965368166565895,0
mujoco,flat_forward,1,1,396,3.959999999999675,1.0,0.0,0.3323377915375406,0.013089228324116431,-0.012634196806002619,0.5112730902043154,-0.03482025323794772,1.9254664182662964,0.017994927242398262,0
mujoco,flat_forward,1,1,397,3.969999999999674,1.0,0.0,0.3323213098811567,0.013010344892788659,-0.012654999540148246,0.5117970171892976,-0.03143405597671562,1.9285881519317627,0.011937262490391731,0
mujoco,flat_forward,1,1,398,3.9799999999996727,1.0,0.0,0.33229829968949337,0.012930418792162683,-0.012800638052274351,0.511935648515842,-0.03302047060086963,1.928230881690979,0.009687407873570919,0
mujoco,flat_forward,1,1,399,3.9899999999996716,1.0,0.0,0.3322807561619486,0.012848134151620073,-0.012786275315570708,0.5121482326691364,-0.031262986486886864,1.9298803806304932,0.008874831721186638,0
mujoco,flat_forward,1,1,400,3.9999999999996705,1.0,0.0,0.3322588164363512,0.012762464898158707,-0.012946516122522097,0.5127208131619245,-0.034153996007728504,1.9315457344055176,0.0062067885883152485,0
mujoco,flat_forward,1,1,401,4.009999999999674,1.0,0.0,0.3322408634984599,0.012669720961415738,-0.012931068966002587,0.5125653617670308,-0.03301052426098125,1.9295058250427246,0.006466815248131752,0
mujoco,flat_forward,1,1,402,4.019999999999677,1.0,0.0,0.33221919572079905,0.012575129124066319,-0.013077624904640638,0.5132410010832106,-0.03286994306659302,1.9332071542739868,0.0042678117752075195,0
mujoco,flat_forward,1,1,403,4.0299999999996805,1.0,0.0,0.332202870087806,0.012481959222373417,-0.013030534124000279,0.5128301192894232,-0.032973753276255534,1.9303970336914062,0.006521961651742458,0
mujoco,flat_forward,1,1,404,4.039999999999684,1.0,0.0,0.33218483043175506,0.01238720547566307,-0.013171872479010116,0.5138497008467924,-0.03397235586839308,1.9349075555801392,0.006208508741110563,0
mujoco,flat_forward,1,1,405,4.049999999999687,1.0,0.0,0.3321691906076217,0.012290763079285363,-0.0131072179551247,0.5131310097089388,-0.035091105316644784,1.9296348094940186,0.011662473902106285,0
mujoco,flat_forward,1,1,406,4.0599999999996905,1.0,0.0,0.33215146193724954,0.012193328321242414,-0.013226318733494929,0.5144475084107138,-0.029965843884130518,1.9365485906600952,0.013465609401464462,0
mujoco,flat_forward,1,1,407,4.069999999999694,1.0,0.0,0.3321334048940949,0.012128484187208608,-0.01313016765143252,0.5134347045491082,-0.03310432946170501,1.9283660650253296,0.018364544957876205,0
mujoco,flat_forward,1,1,408,4.079999999999697,1.0,0.0,0.33211357796698393,0.012051056385347573,-0.01321571250856704,0.5150304811738171,-0.03207527410744353,1.9393550157546997,0.021709244698286057,0
mujoco,flat_forward,1,1,409,4.0899999999997005,1.0,0.0,0.3320900835513332,0.011994766341623185,-0.013124700311989196,0.513787263784542,-0.03455812081261834,1.9293307065963745,0.02565944194793701,0
mujoco,flat_forward,1,1,410,4.099999999999704,1.0,0.0,0.33206584354696567,0.011919770729801335,-0.013172566403281412,0.5152373455483513,-0.03354445779415744,1.9423108100891113,0.0278264619410038,0
mujoco,flat_forward,1,1,411,4.109999999999707,1.0,0.0,0.33204161496009343,0.01186976200764576,-0.013075179967688732,0.5140412732325904,-0.03258965231571344,1.9336094856262207,0.024760961532592773,0
mujoco,flat_forward,1,1,412,4.119999999999711,1.0,0.0,0.3320208034318473,0.011801201193605317,-0.013099727625566932,0.5156031761473719,-0.035634939091595694,1.9448515176773071,0.02606745809316635,0
mujoco,flat_forward,1,1,413,4.129999999999714,1.0,0.0,0.3319982256061785,0.011745225026426286,-0.01303774442641081,0.5144108389766484,-0.03225096398871169,1.9351775646209717,0.028054798021912575,0
mujoco,flat_forward,1,1,414,4.139999999999717,1.0,0.0,0.331979114097164,0.011669546592877814,-0.013041262928990386,0.5158020189983559,-0.03558403144985743,1.945790410041809,0.028757506981492043,0
mujoco,flat_forward,1,1,415,4.149999999999721,1.0,0.0,0.33196025010574204,0.01161755794628788,-0.012979828072106016,0.5146770676105226,-0.029862269033053952,1.9382803440093994,0.025207921862602234,0
mujoco,flat_forward,1,1,416,4.159999999999724,1.0,0.0,0.3319473388928201,0.01155139541826068,-0.012959251700131704,0.5160435779064461,-0.03653996795480048,1.9475867748260498,0.026998287066817284,0
mujoco,flat_forward,1,1,417,4.169999999999727,1.0,0.0,0.33193042588081745,0.011485661701479214,-0.01298261957634916,0.5150965804932488,-0.03088159237882787,1.9403070211410522,0.027915701270103455,0
mujoco,flat_forward,1,1,418,4.179999999999731,1.0,0.0,0.33191777520182536,0.01140735463162565,-0.012973099278315426,0.5161598276280545,-0.03842986594444734,1.9469490051269531,0.026131873950362206,0
mujoco,flat_forward,1,1,419,4.189999999999734,1.0,0.0,0.3319009269874532,0.01134457542400523,-0.013035737863145982,0.5156541507251623,-0.02696866351460658,1.9417004585266113,0.023762082681059837,0
mujoco,flat_forward,1,1,420,4.199999999999737,1.0,0.0,0.3318864798359184,0.01129542684042266,-0.013038299846717501,0.5163173476202014,-0.03759287229423195,1.9443897008895874,0.021002842113375664,0
mujoco,flat_forward,1,1,421,4.209999999999741,1.0,0.0,0.33186616791696355,0.011236175315196932,-0.013101444348681813,0.5162373895159342,-0.028996961147735433,1.9436308145523071,0.019322382286190987,0
mujoco,flat_forward,1,1,422,4.219999999999744,1.0,0.0,0.33184717055740753,0.011180009264769246,-0.013094243168725239,0.5166192729984735,-0.0413455838956678,1.9446650743484497,0.01623549684882164,0
mujoco,flat_forward,1,1,423,4.229999999999747,1.0,0.0,0.3318245168868515,0.011110314968391065,-0.013134646766625242,0.5166727111658913,-0.029863183123408174,1.9455201625823975,0.015572740696370602,0
mujoco,flat_forward,1,1,424,4.239999999999751,1.0,0.0,0.3318049576700107,0.011059558172399493,-0.01310617713424947,0.5167976147507803,-0.043726213772027185,1.9449725151062012,0.015215236693620682,0
mujoco,flat_forward,1,1,425,4.249999999999754,1.0,0.0,0.33178453649725637,0.010990915514382516,-0.013123011390645159,0.5169840077636881,-0.030685683407055672,1.9467531442642212,0.01447127666324377,0
mujoco,flat_forward,1,1,426,4.259999999999757,1.0,0.0,0.3317671715101044,0.010947760177283694,-0.013089118360623249,0.5169072679128317,-0.04577247628023484,1.944806456565857,0.013395560905337334,0
mujoco,flat_forward,1,1,427,4.269999999999761,1.0,0.0,0.33175000481452893,0.010880663462782518,-0.013087837585658372,0.5171207122906256,-0.032411644927334504,1.9471997022628784,0.014655465260148048,0
mujoco,flat_forward,1,1,428,4.279999999999764,1.0,0.0,0.3317313547515718,0.010861330123981449,-0.013097793156028409,0.5172663971165145,-0.04348741594785831,1.9451613426208496,0.014882195740938187,0
mujoco,flat_forward,1,1,429,4.289999999999767,1.0,0.0,0.3317095833545428,0.0107988331101943,-0.013131753987555811,0.517552432002939,-0.03616807843345821,1.9475269317626953,0.015615995973348618,0
mujoco,flat_forward,1,1,430,4.299999999999771,1.0,0.0,0.3316847627855148,0.010769549840151547,-0.013166630508250725,0.5177870194742052,-0.044312493047936115,1.946645736694336,0.011356746777892113,0
mujoco,flat_forward,1,1,431,4.309999999999774,1.0,0.0,0.33165827730738456,0.010697836972566455,-0.013187782058218566,0.517898915953992,-0.037512989928832036,1.9487119913101196,0.013814733363687992,0
mujoco,flat_forward,1,1,432,4.319999999999777,1.0,0.0,0.33163136580807095,0.010668303611370325,-0.01323190210165796,0.5182515193736666,-0.04306133824967996,1.948912262916565,0.012002773582935333,0
mujoco,flat_forward,1,1,433,4.329999999999781,1.0,0.0,0.3316053002737451,0.010597061443552156,-0.013248346316982905,0.5181846879890273,-0.03816994496041529,1.949419379234314,0.01300128735601902,0
mujoco,flat_forward,1,1,434,4.339999999999784,1.0,0.0,0.33158073218216644,0.010567874625175307,-0.01330626083773637,0.518657205952001,-0.04192016514080967,1.9507300853729248,0.012400463223457336,0
mujoco,flat_forward,1,1,435,4.349999999999787,1.0,0.0,0.3315577332815228,0.010499657502205944,-0.013323735698132635,0.5184181389498134,-0.03907290265923658,1.9495595693588257,0.013696621172130108,0
mujoco,flat_forward,1,1,436,4.359999999999791,1.0,0.0,0.33153683630805864,0.010469164961972166,-0.013395530774288745,0.51901157136545,-0.04108339920594343,1.9517006874084473,0.013071921654045582,0
mujoco,flat_forward,1,1,437,4.369999999999794,1.0,0.0,0.3315170520342324,0.010404937780013614,-0.013406109583994467,0.5185826224208977,-0.04027740294904063,1.9495400190353394,0.014856420457363129,0
mujoco,flat_forward,1,1,438,4.379999999999797,1.0,0.0,0.3314993959669081,0.010372744226860076,-0.01348470818431111,0.5193365183186258,-0.0407179861592627,1.953360676765442,0.014504087157547474,0
mujoco,flat_forward,1,1,439,4.389999999999801,1.0,0.0,0.3314819675453741,0.01031094780763986,-0.013484014380173841,0.5187023359333177,-0.041567304754270215,1.9497792720794678,0.016789862886071205,0
mujoco,flat_forward,1,1,440,4.399999999999804,1.0,0.0,0.3314663567685508,0.01027935861261665,-0.013579847250674276,0.5198949929346183,-0.03711044159674269,1.9551758766174316,0.017402248457074165,0
mujoco,flat_forward,1,1,441,4.409999999999807,1.0,0.0,0.3314469620328423,0.010230819756703022,-0.01358268414767085,0.5189089182600065,-0.040512280041407576,1.9471784830093384,0.023198284208774567,0
mujoco,flat_forward,1,1,442,4.419999999999811,1.0,0.0,0.3314284645294156,0.010206705356397783,-0.013652186276926902,0.520271759640181,-0.036441705547327306,1.9571248292922974,0.024983562529087067,0
mujoco,flat_forward,1,1,443,4.429999999999814,1.0,0.0,0.33140608984610176,0.010163726168783296,-0.013624967336966186,0.5190371601791924,-0.042181736082202596,1.9475291967391968,0.0272874403744936,0
mujoco,flat_forward,1,1,444,4.439999999999817,1.0,0.0,0.3313866200479131,0.010137161997751484,-0.013654663517830332,0.5204835550637051,-0.03848498068534198,1.959608793258667,0.029832657426595688,0
mujoco,flat_forward,1,1,445,4.449999999999821,1.0,0.0,0.33136230464510874,0.010109273558213113,-0.013653055258539716,0.5191649862097756,-0.04371477683637613,1.9493635892868042,0.029953889548778534,0
mujoco,flat_forward,1,1,446,4.459999999999824,1.0,0.0,0.3313421968533875,0.010092754456552085,-0.01367928909673021,0.5204693439369894,-0.04104335934607646,1.9604815244674683,0.029795225709676743,0
mujoco,flat_forward,1,1,447,4.4699999999998274,1.0,0.0,0.3313179773235595,0.010068498294264582,-0.013692857645492893,0.5192941095165059,-0.04357317982730429,1.9510782957077026,0.0292741097509861,0
mujoco,flat_forward,1,1,448,4.479999999999831,1.0,0.0,0.3312989331293826,0.010050108673525076,-0.013714756844418478,0.5204810640477202,-0.0421073752642553,1.9602375030517578,0.027718406170606613,0
mujoco,flat_forward,1,1,449,4.489999999999834,1.0,0.0,0.33127553061232606,0.010027393581396657,-0.01375914838422836,0.519444758754339,-0.04271564548907162,1.952124834060669,0.027588609606027603,0
mujoco,flat_forward,1,1,450,4.4999999999998375,1.0,0.0,0.331257860350778,0.010008648530858009,-0.013775612750054301,0.5204717204294013,-0.04279731687654467,1.9597959518432617,0.025628523901104927,0
mujoco,flat_forward,1,1,451,4.509999999999841,1.0,0.0,0.33123562935606626,0.009987158351104771,-0.013837121934403424,0.5195996159140531,-0.04173627019062579,1.953497052192688,0.025117993354797363,0
mujoco,flat_forward,1,1,452,4.519999999999844,1.0,0.0,0.3312193142219587,0.009968016374928987,-0.0138435505179795,0.5204526308575473,-0.04351235124941804,1.9600205421447754,0.023278946056962013,0
mujoco,flat_forward,1,1,453,4.5299999999998475,1.0,0.0,0.33119837561655757,0.009946101661137893,-0.013920192118992978,0.5197630675886254,-0.04037375679919715,1.9549390077590942,0.022289592772722244,0
mujoco,flat_forward,1,1,454,4.539999999999851,1.0,0.0,0.3311833839423035,0.009927115470561984,-0.013914341436658447,0.5204048903877159,-0.04408967426494356,1.9601855278015137,0.02035508304834366,0
mujoco,flat_forward,1,1,455,4.549999999999854,1.0,0.0,0.33116400921952066,0.00990340676887898,-0.013998606656514642,0.5199259997634444,-0.03889385434665093,1.9568440914154053,0.01904677413403988,0
mujoco,flat_forward,1,1,456,4.5599999999998575,1.0,0.0,0.33115049856781825,0.009884821196134331,-0.013984621184576293,0.520329889400726,-0.04481875180358937,1.9604804515838623,0.017219364643096924,0
mujoco,flat_forward,1,1,457,4.569999999999861,1.0,0.0,0.33113321922273936,0.00985824181436506,-0.014066908308814125,0.5200486564762292,-0.037706610421969794,1.9586783647537231,0.01585421711206436,0
mujoco,flat_forward,1,1,458,4.579999999999864,1.0,0.0,0.33112148784028156,0.009839705251880057,-0.014046058777924158,0.5202229393887464,-0.045839604889230695,1.9606854915618896,0.014571882784366608,0
mujoco,flat_forward,1,1,459,4.5899999999998675,1.0,0.0,0.33110684642171745,0.009810317759353631,-0.014119736047802905,0.5201139385629994,-0.036973850585067636,1.9602700471878052,0.013325599022209644,0
mujoco,flat_forward,1,1,460,4.599999999999871,1.0,0.0,0.3310971751289357,0.009792185743183444,-0.014087203784419524,0.5200685786197241,-0.04723347967464515,1.9606342315673828,0.012631190940737724,0
mujoco,flat_forward,1,1,461,4.609999999999874,1.0,0.0,0.3310852136256309,0.009759936098300167,-0.014152942306899499,0.5203267091105209,-0.033577928319473434,1.9616683721542358,0.011814035475254059,0
mujoco,flat_forward,1,1,462,4.6199999999998775,1.0,0.0,0.3310737329665658,0.009758540111558823,-0.01413862394309636,0.5200568765279006,-0.045935618456086985,1.9585658311843872,0.013166590593755245,0
mujoco,flat_forward,1,1,463,4.629999999999881,1.0,0.0,0.3310593217247983,0.009729890262823056,-0.01418064616249379,0.5203173601622592,-0.03383496677604755,1.9626920223236084,0.013498120941221714,0
mujoco,flat_forward,1,1,464,4.639999999999884,1.0,0.0,0.3310439539691696,0.009740920824810494,-0.014179582828906679,0.5199961039171642,-0.04633178619546511,1.9601452350616455,0.013615687377750874,0
mujoco,flat_forward,1,1,465,4.649999999999888,1.0,0.0,0.33102735332642946,0.009713822095575139,-0.01421300636952069,0.5201140944723952,-0.035679970535834465,1.96451735496521,0.015314201824367046,0
mujoco,flat_forward,1,1,466,4.659999999999891,1.0,0.0,0.33101144639171143,0.009727297480708656,-0.014220738652872666,0.519930979688782,-0.04542797524851776,1.96290922164917,0.012281205505132675,0
mujoco,flat_forward,1,1,467,4.669999999999894,1.0,0.0,0.3309945555966171,0.009690515006893392,-0.01427443193957253,0.5201996762645537,-0.03952795715696682,1.9656119346618652,0.013307500630617142,0
mujoco,flat_forward,1,1,468,4.679999999999898,1.0,0.0,0.33097658065888785,0.009693455471030463,-0.014300831252377251,0.5201241928383054,-0.04575552968693841,1.9635295867919922,0.010782773606479168,0
mujoco,flat_forward,1,1,469,4.689999999999901,1.0,0.0,0.33095781618351894,0.009651046956612322,-0.014340296937335704,0.5202532106615484,-0.04015936919458935,1.9652386903762817,0.010466917417943478,0
mujoco,flat_forward,1,1,470,4.699999999999904,1.0,0.0,0.33093967296763727,0.009659657089824712,-0.0143690856340825,0.520284014521665,-0.04384526840281408,1.9647547006607056,0.010860273614525795,0
mujoco,flat_forward,1,1,471,4.709999999999908,1.0,0.0,0.3309224699353212,0.009621551075593471,-0.014393423362336014,0.5202597175549479,-0.039978423978349685,1.9655399322509766,0.010354796424508095,0
mujoco,flat_forward,1,1,472,4.719999999999911,1.0,0.0,0.33090724112456166,0.009634630062097247,-0.01442581092618488,0.5204221277985746,-0.04166619329917441,1.9664976596832275,0.010585803538560867,0
mujoco,flat_forward,1,1,473,4.729999999999914,1.0,0.0,0.33089344981922086,0.009600834408730979,-0.014441254115870689,0.5202517746007975,-0.039805655978938835,1.966495156288147,0.0106603829190135,0
mujoco,flat_forward,1,1,474,4.739999999999918,1.0,0.0,0.3308824633918854,0.009613077237543712,-0.014479936507749423,0.520534892265553,-0.03984751582036274,1.9685324430465698,0.010850421153008938,0
mujoco,flat_forward,1,1,475,4.749999999999921,1.0,0.0,0.33087286162620094,0.009581243592851589,-0.014489841036295355,0.5201777514321019,-0.04021031356912623,1.96760094165802,0.011233868077397346,0
mujoco,flat_forward,1,1,476,4.759999999999924,1.0,0.0,0.33086643010294875,0.009591122022055294,-0.01452800485544436,0.5205936740577422,-0.038495869183453824,1.9705686569213867,0.011857914738357067,0
mujoco,flat_forward,1,1,477,4.769999999999928,1.0,0.0,0.3308608446662446,0.009560672795994039,-0.014524287523670597,0.5200374825077617,-0.04075911984037225,1.9685513973236084,0.012326624244451523,0
mujoco,flat_forward,1,1,478,4.779999999999931,1.0,0.0,0.3308587312168162,0.009565449734655377,-0.014551947868331487,0.5206248276952399,-0.03731264891525029,1.972913146018982,0.014254368841648102,0
mujoco,flat_forward,1,1,479,4.789999999999934,1.0,0.0,0.330856743543757,0.00953521873992821,-0.014532478335688392,0.5198615470038989,-0.04139652345802781,1.9693093299865723,0.014338627457618713,0
mujoco,flat_forward,1,1,480,4.799999999999938,1.0,0.0,0.3308586225022245,0.009532640147038631,-0.014543041392061869,0.5206254704694936,-0.03644537465505503,1.9753375053405762,0.017492210492491722,0
mujoco,flat_forward,1,1,481,4.809999999999941,1.0,0.0,0.33085877541741565,0.009495852058820194,-0.014542147586169226,0.5199022900330211,-0.04583161840444174,1.9697314500808716,0.017371106892824173,0
mujoco,flat_forward,1,1,482,4.819999999999944,1.0,0.0,0.3308611981697466,0.009477255695915147,-0.014540248955184005,0.5207238292455975,-0.03833198699282493,1.975854516029358,0.018689114600419998,0
mujoco,flat_forward,1,1,483,4.829999999999948,1.0,0.0,0.33086011122348546,0.009445397017979562,-0.01451866120564504,0.5197948717825779,-0.047423460467422754,1.9693948030471802,0.017809366807341576,0
mujoco,flat_forward,1,1,484,4.839999999999951,1.0,0.0,0.33086337705061597,0.009431540022550979,-0.014477848632039861,0.520649012826851,-0.03919360651644812,1.9777283668518066,0.02257685363292694,0
mujoco,flat_forward,1,1,485,4.849999999999954,1.0,0.0,0.33086079028090526,0.009427040079537869,-0.014486213224934487,0.5198824751828413,-0.04438100678799221,1.9711970090866089,0.020067710429430008,0
mujoco,flat_forward,1,1,486,4.859999999999958,1.0,0.0,0.33086284780965436,0.00943152386104364,-0.014436756492098258,0.5205790327946912,-0.03863868987042872,1.9796046018600464,0.02150905318558216,0
mujoco,flat_forward,1,1,487,4.869999999999961,1.0,0.0,0.33086065893827904,0.009433014375328274,-0.01446108853844794,0.5199543050062824,-0.042400492284389225,1.9752165079116821,0.016711069270968437,0
mujoco,flat_forward,1,1,488,4.879999999999964,1.0,0.0,0.3308658082353159,0.009436685747753425,-0.014398158541289941,0.5205085891847903,-0.0388160326135641,1.9823601245880127,0.01879739575088024,0
mujoco,flat_forward,1,1,489,4.889999999999968,1.0,0.0,0.3308681771346896,0.009437989342477622,-0.014452314296999266,0.520069106535648,-0.04076257070328899,1.9791808128356934,0.014171503484249115,0
mujoco,flat_forward,1,1,490,4.899999999999971,1.0,0.0,0.3308792476216325,0.009439849956054827,-0.014386765259919596,0.5204392167249716,-0.03897556460313259,1.9842361211776733,0.015354393981397152,0
mujoco,flat_forward,1,1,491,4.909999999999974,1.0,0.0,0.3308869524113314,0.009434816371664776,-0.014494881459850532,0.5204728503457581,-0.04253756492670466,1.9829485416412354,0.011078022420406342,0
mujoco,flat_forward,1,1,492,4.919999999999978,1.0,0.0,0.330900595459638,0.009427130930266762,-0.014441649456521035,0.5205363124018786,-0.04123210344164317,1.9839224815368652,0.009063179604709148,0
mujoco,flat_forward,1,1,493,4.929999999999981,1.0,0.0,0.33090955101880803,0.009416839886419441,-0.01456551976366081,0.5207929603922011,-0.041519846980842094,1.985496163368225,0.0056136115454137325,0
mujoco,flat_forward,1,1,494,4.939999999999984,1.0,0.0,0.3309251625310191,0.009409277834686381,-0.014499550614956667,0.5205927506449944,-0.041630911393598424,1.985081434249878,0.006055379752069712,0
mujoco,flat_forward,1,1,495,4.949999999999988,1.0,0.0,0.3309377509114884,0.009393891618233119,-0.014619154056240174,0.5210439459167597,-0.03977663277808897,1.9886376857757568,0.005208719987422228,0
mujoco,flat_forward,1,1,496,4.959999999999991,1.0,0.0,0.33095740685614733,0.009382870893766387,-0.014542184046648447,0.5206454977921516,-0.04203174636445581,1.987299919128418,0.004473517648875713,0
mujoco,flat_forward,1,1,497,4.969999999999994,1.0,0.0,0.3309754239570669,0.009360888307052218,-0.014652991005071052,0.521239754579039,-0.038147971621525466,1.991849422454834,0.006901976652443409,0
mujoco,flat_forward,1,1,498,4.979999999999998,1.0,0.0,0.3310001350307766,0.009345374184680106,-0.014564152486198412,0.5206672784211969,-0.04286898534755371,1.9893741607666016,0.005437695886939764,0
mujoco,flat_forward,1,1,499,4.990000000000001,1.0,0.0,0.3310229661086408,0.009316184545760461,-0.014699284326069617,0.5218959529969847,-0.03743669011099226,1.9950885772705078,0.009810310788452625,0
mujoco,flat_forward,1,1,500,5.000000000000004,1.0,0.0,0.3310446185390708,0.009299613790207073,-0.014626408979030817,0.5210043154681601,-0.04340901886568976,1.986915946006775,0.015025868080556393,0
mujoco,flat_forward,1,1,501,5.010000000000008,1.0,0.0,0.3310617371158927,0.009267004555419775,-0.014720385138553047,0.5222659605198403,-0.03779943451588255,1.998336911201477,0.021158911287784576,0
mujoco,flat_forward,1,1,502,5.020000000000011,1.0,0.0,0.33107732003070006,0.009261223617698641,-0.01464587173894548,0.521293078425927,-0.04307600228766866,1.9908218383789062,0.01802721992135048,0
mujoco,flat_forward,1,1,503,5.0300000000000145,1.0,0.0,0.3310916689708774,0.00923221164736099,-0.014712096926940142,0.522450125839069,-0.03873744318703168,2.0029051303863525,0.02245398610830307,0
mujoco,flat_forward,1,1,504,5.040000000000018,1.0,0.0,0.33110720001943855,0.009227963186606037,-0.014661582847268904,0.5216358623637024,-0.040934608374129336,1.9967188835144043,0.01647743210196495,0
mujoco,flat_forward,1,1,505,5.050000000000021,1.0,0.0,0.3311243664688167,0.009198039320860078,-0.014716900411523083,0.5226681612509746,-0.038002260206123926,2.006232738494873,0.019060557708144188,0
mujoco,flat_forward,1,1,506,5.0600000000000245,1.0,0.0,0.33114349179282254,0.009189202336918273,-0.014701192552505842,0.5220354980656426,-0.038085470781867255,2.0013296604156494,0.014342362992465496,0
mujoco,flat_forward,1,1,507,5.070000000000028,1.0,0.0,0.33116461480192727,0.00915313676552605,-0.014778859271907526,0.5232068332139687,-0.040398648519239896,2.0083682537078857,0.015371458604931831,0
mujoco,flat_forward,1,1,508,5.080000000000031,1.0,0.0,0.3311839098211069,0.009129698888384732,-0.014806782319049465,0.5226405133780135,-0.03779811306743747,2.0031394958496094,0.015692919492721558,0
mujoco,flat_forward,1,1,509,5.0900000000000345,1.0,0.0,0.33120340147130733,0.009080362626098116,-0.014869934466167585,0.5236559555730914,-0.04050714201862056,2.01037859916687,0.016909673810005188,0
mujoco,flat_forward,1,1,510,5.100000000000038,1.0,0.0,0.33122163702725155,0.009053125238501682,-0.014904644997108783,0.523271416635443,-0.03495315162019816,2.0073726177215576,0.012666541151702404,0
mujoco,flat_forward,1,1,511,5.110000000000041,1.0,0.0,0.3312414709792755,0.00900378195990353,-0.01494702940197094,0.524096310581663,-0.03937918723652676,2.013361930847168,0.014279116876423359,0
mujoco,flat_forward,1,1,512,5.1200000000000445,1.0,0.0,0.33126213271291577,0.008973627556461786,-0.0149579899970555,0.5236974232586445,-0.0354612579825922,2.0127387046813965,0.009350535459816456,0
mujoco,flat_forward,1,1,513,5.130000000000048,1.0,0.0,0.33128743419448875,0.008915922018991424,-0.014983966945487853,0.5244327479137819,-0.04082098941298108,2.01823353767395,0.013306918554008007,0
mujoco,flat_forward,1,1,514,5.140000000000051,1.0,0.0,0.3313149786213631,0.008880133462665116,-0.01500942731215223,0.5242351078960793,-0.033558476078855384,2.01676344871521,0.009059658274054527,0
mujoco,flat_forward,1,1,515,5.1500000000000545,1.0,0.0,0.33134570281463016,0.008823813710523178,-0.015041993313203461,0.5248036930868083,-0.040325636831031804,2.019951105117798,0.010609839111566544,0
mujoco,flat_forward,1,1,516,5.160000000000058,1.0,0.0,0.3313773563125394,0.008788484131458125,-0.015074308423316217,0.5247962909581342,-0.031136374185062148,2.020188570022583,0.007013903930783272,0
mujoco,flat_forward,1,1,517,5.170000000000061,1.0,0.0,0.3314098340872497,0.008731987568778812,-0.015117943008185204,0.5254618221002715,-0.043369204691457316,2.0224881172180176,0.00897108856588602,0
mujoco,flat_forward,1,1,518,5.1800000000000646,1.0,0.0,0.3314385530956466,0.008682740867921568,-0.015163698282386963,0.5255796121016195,-0.031661187507644684,2.022037982940674,0.0097510926425457,0
mujoco,flat_forward,1,1,519,5.190000000000068,1.0,0.0,0.3314647230771771,0.0086157038854453,-0.015191789634903955,0.526093108447511,-0.04443546390697377,2.0246660709381104,0.012088051997125149,0
mujoco,flat_forward,1,1,520,5.200000000000071,1.0,0.0,0.33148864181845333,0.008557923574413203,-0.015217450581195436,0.5263582559642269,-0.0304587987888221,2.026564359664917,0.00880542304366827,0
mujoco,flat_forward,1,1,521,5.210000000000075,1.0,0.0,0.3315111327728639,0.008490083767606054,-0.015228417112491604,0.5267190105874741,-0.04466753729956014,2.027306318283081,0.011941283009946346,0
mujoco,flat_forward,1,1,522,5.220000000000078,1.0,0.0,0.33153373333861663,0.008428838114389247,-0.01523567549175267,0.5271354114468936,-0.029345563470697597,2.031193971633911,0.010843433439731598,0
mujoco,flat_forward,1,1,523,5.230000000000081,1.0,0.0,0.3315548965501281,0.008363411636408241,-0.015241712065923563,0.5273693835440835,-0.044995857193739386,2.0295567512512207,0.012980817817151546,0
mujoco,flat_forward,1,1,524,5.240000000000085,1.0,0.0,0.3315775619789672,0.008296537717448135,-0.015234456435762248,0.5277318522877757,-0.031550896784734196,2.0350239276885986,0.013086340390145779,0
mujoco,flat_forward,1,1,525,5.250000000000088,1.0,0.0,0.3316017000847928,0.008216659477291187,-0.015231336271402695,0.5278939286368383,-0.04820565679429715,2.0339832305908203,0.010972895659506321,0
mujoco,flat_forward,1,1,526,5.260000000000091,1.0,0.0,0.3316297454932841,0.008130302503296317,-0.015220331469658071,0.5283473268648161,-0.03292413132102501,2.03843355178833,0.01252252422273159,0
mujoco,flat_forward,1,1,527,5.270000000000095,1.0,0.0,0.33165556801328716,0.008058827629860469,-0.015240559415254448,0.5285594058453904,-0.048070810354379434,2.03629994392395,0.014533097855746746,0
mujoco,flat_forward,1,1,528,5.280000000000098,1.0,0.0,0.331682533095138,0.007977251045128074,-0.01524717571198399,0.5290227158210283,-0.03360591432627662,2.0412158966064453,0.013631856068968773,0
mujoco,flat_forward,1,1,529,5.290000000000101,1.0,0.0,0.3317054608229703,0.007909648500080005,-0.015320623923740017,0.5294287971312631,-0.04614478342585679,2.040091037750244,0.01294333953410387,0
mujoco,flat_forward,1,1,530,5.300000000000105,1.0,0.0,0.3317288608522017,0.007820167806061951,-0.015346114302618783,0.5298373709237791,-0.03334921310302697,2.0438239574432373,0.011875233612954617,0
mujoco,flat_forward,1,1,531,5.310000000000108,1.0,0.0,0.3317470822258136,0.0077533324496087,-0.015463583354561366,0.5302180444514064,-0.04027109002383399,2.044154167175293,0.011478574015200138,0
mujoco,flat_forward,1,1,532,5.320000000000111,1.0,0.0,0.33176975016521126,0.007682368474728229,-0.015480998034421947,0.5305379788391418,-0.030563472131041197,2.0483531951904297,0.009403390809893608,0
mujoco,flat_forward,1,1,533,5.330000000000115,1.0,0.0,0.3317897915524129,0.007612691991214518,-0.015601306432738708,0.5309424100676214,-0.04083310684613165,2.0494978427886963,0.008423908613622189,0
mujoco,flat_forward,1,1,534,5.340000000000118,1.0,0.0,0.3318147039512,0.007513065783286101,-0.01563306734992536,0.531278646562821,-0.0324941901084199,2.052903652191162,0.010011566802859306,0
mujoco,flat_forward,1,1,535,5.350000000000121,1.0,0.0,0.3318347989922357,0.007430612298824926,-0.015816653330517325,0.5319417868135142,-0.03962942886543286,2.0530452728271484,0.008533003740012646,0
mujoco,flat_forward,1,1,536,5.360000000000125,1.0,0.0,0.3318567182042558,0.007321948529550111,-0.015869087541772266,0.5321537703301441,-0.03290941217064986,2.0534555912017822,0.007745136506855488,0
mujoco,flat_forward,1,1,537,5.370000000000128,1.0,0.0,0.33187169387037657,0.007223967873003688,-0.016057201159384686,0.5328385870550474,-0.04148514246676501,2.055689811706543,0.007045703940093517,0
mujoco,flat_forward,1,1,538,5.380000000000131,1.0,0.0,0.33188842211761715,0.007096579185798643,-0.01610469305453824,0.5330205246731841,-0.03537040198335828,2.056023359298706,0.008642223663628101,0
mujoco,flat_forward,1,1,539,5.390000000000135,1.0,0.0,0.33189885086193566,0.006988111919211302,-0.01627406974996975,0.5334608713013737,-0.04055867185629902,2.0578219890594482,0.007009315304458141,0
mujoco,flat_forward,1,1,540,5.400000000000138,1.0,0.0,0.33191468397130297,0.006873053248797384,-0.016300738393379165,0.5336856813131332,-0.035510833922240755,2.059649705886841,0.006829068996012211,0
mujoco,flat_forward,1,1,541,5.410000000000141,1.0,0.0,0.3319243236766427,0.0067711593288126894,-0.01651039632264744,0.5343954720461918,-0.038840635956023224,2.059647560119629,0.006072487216442823,0
mujoco,flat_forward,1,1,542,5.420000000000145,1.0,0.0,0.33193524560488974,0.006654856383476775,-0.01656719424259415,0.5345501277335286,-0.036012688068261994,2.058676242828369,0.006526442244648933,0
mujoco,flat_forward,1,1,543,5.430000000000148,1.0,0.0,0.3319377149639131,0.006545375720497753,-0.016756213681605295,0.5349815212508479,-0.037446772421768096,2.05991530418396,0.003504058811813593,0
mujoco,flat_forward,1,1,544,5.440000000000151,1.0,0.0,0.33194377042781265,0.006433494348759174,-0.01679243119391755,0.5352117795716508,-0.03686722252011359,2.0613315105438232,0.005510764196515083,0
mujoco,flat_forward,1,1,545,5.450000000000155,1.0,0.0,0.331942363548995,0.006314045815732826,-0.016974774292214716,0.5356577863507235,-0.040214666651346535,2.0614757537841797,0.004689044784754515,0
mujoco,flat_forward,1,1,546,5.460000000000158,1.0,0.0,0.3319430608308851,0.006184530422021257,-0.017015067342780524,0.5359457660217257,-0.04039761616172963,2.062047004699707,0.005508054979145527,0
mujoco,flat_forward,1,1,547,5.470000000000161,1.0,0.0,0.3319352830617584,0.006060794056805708,-0.017171435506718454,0.536124340207197,-0.04046379753791898,2.0613577365875244,0.005165628623217344,0
mujoco,flat_forward,1,1,548,5.480000000000165,1.0,0.0,0.33193113426124043,0.005940814647102936,-0.01719363698972863,0.5365218540655585,-0.0420688778170403,2.062819242477417,0.0063315751031041145,0
mujoco,flat_forward,1,1,549,5.490000000000168,1.0,0.0,0.33191854431087525,0.005830157169512287,-0.01734621380493389,0.5367160929345854,-0.03672274343874759,2.0603723526000977,0.009157338179647923,0
mujoco,flat_forward,1,1,550,5.500000000000171,1.0,0.0,0.3319078945581623,0.0057351479762711354,-0.01737660414269544,0.5371164186420359,-0.04135962454209928,2.061553955078125,0.0073037827387452126,0
mujoco,flat_forward,1,1,551,5.510000000000175,1.0,0.0,0.3318881968273364,0.005629392323120366,-0.017490635312235818,0.537080115650023,-0.03609384383939388,2.05989146232605,0.011572110466659069,0
mujoco,flat_forward,1,1,552,5.520000000000178,1.0,0.0,0.3318709227478951,0.005528426779645317,-0.017511576838765745,0.5375997879529907,-0.0433944202748193,2.0629024505615234,0.010342947207391262,0
mujoco,flat_forward,1,1,553,5.530000000000181,1.0,0.0,0.331843992607487,0.0054045321679437285,-0.01763365922152093,0.5375973363950934,-0.040360606774989996,2.059685230255127,0.016010968014597893,0
mujoco,flat_forward,1,1,554,5.540000000000185,1.0,0.0,0.33181748332192235,0.005286400156383265,-0.017663925473922114,0.538169393543232,-0.04821046954832083,2.061530351638794,0.010535691864788532,0
mujoco,flat_forward,1,1,555,5.550000000000188,1.0,0.0,0.3317811648194764,0.005163172646013004,-0.01774132456418786,0.5379407327068872,-0.04209174874367618,2.0575549602508545,0.016913658007979393,0
mujoco,flat_forward,1,1,556,5.5600000000001915,1.0,0.0,0.3317457607419792,0.005050514004297522,-0.01776625512558901,0.5386201863403851,-0.05104761836810073,2.0600380897521973,0.014336416497826576,0
mujoco,flat_forward,1,1,557,5.570000000000195,1.0,0.0,0.331701628725634,0.004941812484911922,-0.017826753218789917,0.5383916747999378,-0.0396839990258882,2.054360866546631,0.021136950701475143,0
mujoco,flat_forward,1,1,558,5.580000000000198,1.0,0.0,0.33165547497065506,0.0048456910645584906,-0.0178595748507789,0.5389331674925565,-0.04959617410385337,2.056000232696533,0.01606892980635166,0
mujoco,flat_forward,1,1,559,5.5900000000002015,1.0,0.0,0.33160445104763314,0.004770540358478709,-0.01789238205932242,0.5386184644011307,-0.03993540315678258,2.053410530090332,0.01719396747648716,0
mujoco,flat_forward,1,1,560,5.600000000000205,1.0,0.0,0.33155442898329013,0.004683076774415955,-0.017890748985302646,0.5389733766397754,-0.0492702789770038,2.055595874786377,0.012534044682979584,0
mujoco,flat_forward,1,1,561,5.610000000000208,1.0,0.0,0.33150387703282896,0.004615818203636977,-0.017887081395794452,0.5387502298868617,-0.04072648009319835,2.055866241455078,0.012966716662049294,0
mujoco,flat_forward,1,1,562,5.6200000000002115,1.0,0.0,0.3314562851729234,0.004530337410256941,-0.01786874512023996,0.5389339187922624,-0.04860104545654188,2.056694269180298,0.008479581214487553,0
mujoco,flat_forward,1,1,563,5.630000000000215,1.0,0.0,0.33141111396991013,0.004470392275790948,-0.017849605288401377,0.5388048120336406,-0.04175485689835839,2.0575592517852783,0.008794094435870647,0
mujoco,flat_forward,1,1,564,5.640000000000218,1.0,0.0,0.33136921326043384,0.0043888161080290495,-0.017830736927004837,0.5388141066182107,-0.04817581820448996,2.056826591491699,0.005462124943733215,0
mujoco,flat_forward,1,1,565,5.6500000000002215,1.0,0.0,0.3313305787975132,0.004339891797946987,-0.017825504410181298,0.5390127583332134,-0.03997527484476258,2.0576679706573486,0.005189911928027868,0
mujoco,flat_forward,1,1,566,5.660000000000225,1.0,0.0,0.33129119935392454,0.004277895712777685,-0.017816384698528302,0.538772856431853,-0.04613905564065036,2.0546324253082275,0.007016539108008146,0
mujoco,flat_forward,1,1,567,5.670000000000228,1.0,0.0,0.3312540985818483,0.004242538734743566,-0.01781471730820641,0.5390741885593395,-0.041314237935555935,2.0579376220703125,0.006918174214661121,0
mujoco,flat_forward,1,1,568,5.6800000000002315,1.0,0.0,0.3312166133615118,0.004182413997789877,-0.017788737724950706,0.5386042733661199,-0.0467390579303416,2.0549426078796387,0.008965426124632359,0
mujoco,flat_forward,1,1,569,5.690000000000235,1.0,0.0,0.33118274094477773,0.004146952130014574,-0.01778755200208188,0.5390831005347336,-0.04413260344862099,2.059199810028076,0.01009194366633892,0
mujoco,flat_forward,1,1,570,5.700000000000238,1.0,0.0,0.33114914147815067,0.004085549494682573,-0.017744682432136942,0.5383955493747362,-0.04776321313390605,2.054572343826294,0.012982243672013283,0
mujoco,flat_forward,1,1,571,5.7100000000002415,1.0,0.0,0.33111955452230973,0.004049030811498622,-0.01775628936387523,0.5390440752561606,-0.04701130041212687,2.0593912601470947,0.014156147837638855,0
mujoco,flat_forward,1,1,572,5.720000000000245,1.0,0.0,0.3310904129419088,0.003988254760992875,-0.017700704289836992,0.538136720566415,-0.048934663136249563,2.052675485610962,0.017848379909992218,0
mujoco,flat_forward,1,1,573,5.730000000000248,1.0,0.0,0.33106407818126965,0.003952357781364308,-0.017754459395639226,0.5391976566386026,-0.04672761812379496,2.0581579208374023,0.018305640667676926,0
mujoco,flat_forward,1,1,574,5.740000000000252,1.0,0.0,0.3310346437395909,0.003906154647535811,-0.01769826141495538,0.5379466163026715,-0.047965772805763245,2.0474390983581543,0.026100169867277145,0
mujoco,flat_forward,1,1,575,5.750000000000255,1.0,0.0,0.3310048956485145,0.003877297930515232,-0.017769748732279593,0.5391389409822568,-0.04924050905183171,2.0566282272338867,0.025716807693243027,0
mujoco,flat_forward,1,1,576,5.760000000000258,1.0,0.0,0.33097312186978045,0.003832780218321596,-0.017675904752021555,0.5376473655890731,-0.05037685950158517,2.0457870960235596,0.030280956998467445,0
mujoco,flat_forward,1,1,577,5.770000000000262,1.0,0.0,0.3309410785839828,0.0038012952073701992,-0.017758461940627922,0.5390506081313675,-0.048356274429926696,2.0557703971862793,0.02965705282986164,0
mujoco,flat_forward,1,1,578,5.780000000000265,1.0,0.0,0.330908384180731,0.0037847385713552268,-0.017639520582565592,0.5373767450707961,-0.04975135086614309,2.0428810119628906,0.0323571041226387,0
mujoco,flat_forward,1,1,579,5.790000000000268,1.0,0.0,0.33087567296592935,0.003775239928704941,-0.017688477213211148,0.5386725742523517,-0.047627227642633434,2.0557899475097656,0.03279600292444229,0
mujoco,flat_forward,1,1,580,5.800000000000272,1.0,0.0,0.330846580284572,0.0037721431102657084,-0.017528093133849027,0.5370118547557928,-0.050454485902025496,2.0454368591308594,0.028579937294125557,0
mujoco,flat_forward,1,1,581,5.810000000000275,1.0,0.0,0.33082033147286327,0.0037580671194751645,-0.017557472880905443,0.5382841952351639,-0.04512558987612792,2.05735182762146,0.030089661478996277,0
mujoco,flat_forward,1,1,582,5.820000000000278,1.0,0.0,0.3307963186795034,0.003770815093159783,-0.017446549605009354,0.5367736286239819,-0.04803742615048474,2.04721999168396,0.02813566103577614,0
mujoco,flat_forward,1,1,583,5.830000000000282,1.0,0.0,0.3307733257816713,0.003763450037117724,-0.01752323218467214,0.5380542121993601,-0.04522900140721093,2.0581822395324707,0.02645275741815567,0
mujoco,flat_forward,1,1,584,5.840000000000285,1.0,0.0,0.33075065699156425,0.003771789514445064,-0.017451914990297787,0.536633978336326,-0.04978109494318456,2.0482428073883057,0.0280477125197649,0
mujoco,flat_forward,1,1,585,5.850000000000288,1.0,0.0,0.33072786625511286,0.003760559545030562,-0.017535480630716707,0.5376446132271483,-0.043698371728372785,2.058687448501587,0.02545705810189247,0
mujoco,flat_forward,1,1,586,5.860000000000292,1.0,0.0,0.3307079716087176,0.003781855619818054,-0.017468860257971033,0.5363839743551245,-0.048990710299807734,2.0510334968566895,0.02303377538919449,0
mujoco,flat_forward,1,1,587,5.870000000000295,1.0,0.0,0.33068973713765876,0.0037796765844100018,-0.017546740865942448,0.5371202599671449,-0.040800927659247574,2.0591559410095215,0.02076968550682068,0
mujoco,flat_forward,1,1,588,5.880000000000298,1.0,0.0,0.33067432254675977,0.003820555484930537,-0.01754233581866633,0.5362509741166668,-0.04463922992437911,2.0536341667175293,0.01909232698380947,0
mujoco,flat_forward,1,1,589,5.890000000000302,1.0,0.0,0.33065877246084496,0.0038289087058070432,-0.017652087279768195,0.5369361546834438,-0.03976818434999353,2.0585389137268066,0.0144606688991189,0
mujoco,flat_forward,1,1,590,5.900000000000305,1.0,0.0,0.33064288646975687,0.003865799821094603,-0.017673326992578172,0.5361639009860177,-0.04581705666121756,2.053926467895508,0.01583852805197239,0
mujoco,flat_forward,1,1,591,5.910000000000308,1.0,0.0,0.33062616739681633,0.0038688410778854846,-0.017757739793565822,0.5365577198807913,-0.03845391642623543,2.0587475299835205,0.01394934393465519,0
mujoco,flat_forward,1,1,592,5.920000000000312,1.0,0.0,0.3306109890196769,0.003908063469884582,-0.01777204618133152,0.5359576691255539,-0.04573379021230125,2.0564355850219727,0.013490104116499424,0
mujoco,flat_forward,1,1,593,5.930000000000315,1.0,0.0,0.3305954459680788,0.003909600181761324,-0.017862849704200476,0.5363617010689142,-0.0399031991209344,2.0597760677337646,0.012410127557814121,0
mujoco,flat_forward,1,1,594,5.940000000000318,1.0,0.0,0.33057969109365515,0.003941869877904081,-0.017890862694622315,0.5358452635862513,-0.04750781582057578,2.0566985607147217,0.012574792839586735,0
mujoco,flat_forward,1,1,595,5.950000000000322,1.0,0.0,0.3305629030015846,0.00394114971366129,-0.01795826702383251,0.535981524006337,-0.03850552089029097,2.0590646266937256,0.011599799618124962,0
mujoco,flat_forward,1,1,596,5.960000000000325,1.0,0.0,0.33054719797948284,0.003976952668874142,-0.0179814863914676,0.5355511043445097,-0.04751968640476047,2.0567986965179443,0.013099653646349907,0
mujoco,flat_forward,1,1,597,5.970000000000328,1.0,0.0,0.3305316280344538,0.00398347031376849,-0.018022449373223774,0.5354447344673074,-0.03654362570337112,2.0581719875335693,0.012628949247300625,0
mujoco,flat_forward,1,1,598,5.980000000000332,1.0,0.0,0.33051573055609285,0.004031305705227899,-0.018056659146955662,0.5353423955449272,-0.04438770203324684,2.0570380687713623,0.013200080953538418,0
mujoco,flat_forward,1,1,599,5.990000000000335,1.0,0.0,0.33049651889888026,0.004044344494403582,-0.01810644404870562,0.5352917173316113,-0.036450112166162965,2.05751371383667,0.013936038129031658,0
mujoco,flat_forward,1,1,600,6.000000000000338,1.0,0.0,0.3304740186559897,0.0040866013841613855,-0.018145138833068678,0.5352287778823747,-0.04639504742553111,2.0568528175354004,0.012032432481646538,0
mujoco,flat_forward,1,1,601,6.010000000000342,1.0,0.0,0.33044925086826404,0.0040961922284715084,-0.018161402514128473,0.5349325958040727,-0.03582592973865259,2.057408094406128,0.014672030694782734,0
mujoco,flat_forward,1,1,602,6.020000000000345,1.0,0.0,0.33042333313003946,0.004135461358346939,-0.018190146228229,0.5349105425362803,-0.04741795563149261,2.0571742057800293,0.014031711034476757,0
mujoco,flat_forward,1,1,603,6.030000000000348,1.0,0.0,0.3303959209820945,0.0041389780523103485,-0.018202032627065365,0.5346441975539795,-0.0382497254691962,2.0569543838500977,0.01686197519302368,0
mujoco,flat_forward,1,1,604,6.040000000000352,1.0,0.0,0.33036630049627536,0.004168401469342014,-0.018234147600506456,0.5346593912560917,-0.05032324032320494,2.0558815002441406,0.014495632611215115,0
mujoco,flat_forward,1,1,605,6.050000000000355,1.0,0.0,0.33033633169865734,0.00417154002363969,-0.018230974953458583,0.5341282948748797,-0.0381591699729839,2.055087089538574,0.016865409910678864,0
mujoco,flat_forward,1,1,606,6.060000000000358,1.0,0.0,0.3303054129021982,0.0042003352450791,-0.01826187910061137,0.5341480595476692,-0.0516100920522521,2.0541164875030518,0.016644617542624474,0
mujoco,flat_forward,1,1,607,6.070000000000362,1.0,0.0,0.3302738205213693,0.00420093114745414,-0.018258557820226007,0.5336450723233919,-0.040954562667984404,2.0529818534851074,0.019359352067112923,0
mujoco,flat_forward,1,1,608,6.080000000000365,1.0,0.0,0.33023818279811246,0.004231775916770412,-0.018320208022123943,0.5337874005196425,-0.0493302207152078,2.0517401695251465,0.016302747651934624,0
mujoco,flat_forward,1,1,609,6.0900000000003685,1.0,0.0,0.33020491739249996,0.0042605100503194104,-0.018243826935343876,0.5330737749836537,-0.03815008666224861,2.0517032146453857,0.01412126887589693,0
mujoco,flat_forward,1,1,610,6.100000000000372,1.0,0.0,0.3301701632141856,0.004309533055084691,-0.01826241581638439,0.5330978640549621,-0.045830572667563615,2.0537912845611572,0.013972600921988487,0
mujoco,flat_forward,1,1,611,6.110000000000375,1.0,0.0,0.33014396901811577,0.004354131028676729,-0.018124087843466204,0.5323467309282602,-0.03623838425548181,2.0553016662597656,0.011830092407763004,0
mujoco,flat_forward,1,1,612,6.1200000000003785,1.0,0.0,0.33011833586945666,0.004413120905725521,-0.018164275946841394,0.5327099034102273,-0.042646158328203655,2.057236671447754,0.011075828224420547,0
mujoco,flat_forward,1,1,613,6.130000000000382,1.0,0.0,0.3300990326168785,0.0044615791414641115,-0.018030672700249255,0.5318729574585713,-0.03549043170573768,2.0556321144104004,0.012554961256682873,0
mujoco,flat_forward,1,1,614,6.140000000000385,1.0,0.0,0.33007880841785076,0.004513455326583324,-0.018061163084557443,0.5322483545532142,-0.04397311985115642,2.0594711303710938,0.012828906066715717,0
mujoco,flat_forward,1,1,615,6.1500000000003885,1.0,0.0,0.3300656540640348,0.004551755811927637,-0.017907325442980442,0.53138664732678,-0.0377766859816702,2.057560682296753,0.012081518769264221,0
mujoco,flat_forward,1,1,616,6.160000000000392,1.0,0.0,0.3300516747766517,0.004595249428461889,-0.017955897680766143,0.5320351571034001,-0.042864827502464724,2.061410665512085,0.013497776351869106,0
mujoco,flat_forward,1,1,617,6.170000000000395,1.0,0.0,0.3300430513602233,0.004631684711624578,-0.01779527331174211,0.5310337508595436,-0.03772797568161189,2.057326078414917,0.0122856879606843,0
mujoco,flat_forward,1,1,618,6.1800000000003985,1.0,0.0,0.33003422896535795,0.004673410099024844,-0.017813461424511318,0.5314306976307298,-0.04102122120627006,2.063281536102295,0.017614545300602913,0
mujoco,flat_forward,1,1,619,6.190000000000402,1.0,0.0,0.3300369742162347,0.004715791709436561,-0.017611431316685293,0.5304369462667016,-0.03798565986495336,2.060786724090576,0.008066067472100258,0
mujoco,flat_forward,1,1,620,6.200000000000405,1.0,0.0,0.33004243369379593,0.004761612939294168,-0.017649651836567814,0.5311046285632798,-0.03980390673151853,2.0655674934387207,0.014456350356340408,0
mujoco,flat_forward,1,1,621,6.2100000000004085,1.0,0.0,0.3300571128239243,0.004807953261802106,-0.017465790606373863,0.5300135572948127,-0.038891028708230885,2.060377597808838,0.011333632282912731,0
mujoco,flat_forward,1,1,622,6.220000000000412,1.0,0.0,0.33007235085269143,0.004852505977796031,-0.017521163164065778,0.5309175485886977,-0.03921908490280549,2.067196846008301,0.017743781208992004,0
mujoco,flat_forward,1,1,623,6.230000000000415,1.0,0.0,0.33009392093837175,0.0048990882246798765,-0.01734285951926309,0.5297191590424971,-0.040464612491758936,2.060194969177246,0.014237885363399982,0
mujoco,flat_forward,1,1,624,6.2400000000004185,1.0,0.0,0.33011563640168884,0.004937583564701403,-0.017375898827205086,0.5306080875820958,-0.042772929631582184,2.069500207901001,0.02164592407643795,0
mujoco,flat_forward,1,1,625,6.250000000000422,1.0,0.0,0.3301455462264033,0.004972163296274851,-0.017173788549946886,0.5293808297484087,-0.044753619703556194,2.0632596015930176,0.013326210901141167,0
mujoco,flat_forward,1,1,626,6.260000000000425,1.0,0.0,0.330177642088991,0.004998332821872616,-0.017200562348837236,0.5305066302322153,-0.04398387004299917,2.0723867416381836,0.023125721141695976,0
mujoco,flat_forward,1,1,627,6.270000000000429,1.0,0.0,0.33021629539946096,0.005029210166842461,-0.017005295736170253,0.5291622923889381,-0.04737446402247004,2.0632898807525635,0.01701323688030243,0
mujoco,flat_forward,1,1,628,6.280000000000432,1.0,0.0,0.330256720529997,0.00505324658978298,-0.01701996425653056,0.5304735881891339,-0.04497064764537475,2.074019432067871,0.026799790561199188,0
mujoco,flat_forward,1,1,629,6.290000000000435,1.0,0.0,0.3303012948056315,0.005089782347361169,-0.01683034116783008,0.5290226379056227,-0.04980500024384239,2.0630459785461426,0.021102936938405037,0
mujoco,flat_forward,1,1,630,6.300000000000439,1.0,0.0,0.33034728742565567,0.005115866379796172,-0.01683228656525402,0.5304620967076628,-0.04703794201982709,2.0764338970184326,0.030832357704639435,0
mujoco,flat_forward,1,1,631,6.310000000000442,1.0,0.0,0.33039448547077777,0.0051669904031730165,-0.016696278210861542,0.5290229062340583,-0.05072878950837174,2.0657100677490234,0.02355707250535488,0
mujoco,flat_forward,1,1,632,6.320000000000445,1.0,0.0,0.3304429543536357,0.00520095310069976,-0.01671951740881886,0.5303987397532138,-0.04911785625883367,2.0794730186462402,0.030564548447728157,0
mujoco,flat_forward,1,1,633,6.330000000000449,1.0,0.0,0.330492402148677,0.005255406497124038,-0.016647032373160855,0.5292029051792573,-0.04974584459008755,2.0703015327453613,0.02180512063205242,0
mujoco,flat_forward,1,1,634,6.340000000000452,1.0,0.0,0.33054377339794444,0.005286978913693463,-0.016686075346211086,0.5304813923866843,-0.04958185189201316,2.0820844173431396,0.027228133752942085,0
mujoco,flat_forward,1,1,635,6.350000000000455,1.0,0.0,0.3305954222229521,0.005339027315105749,-0.01667117210811619,0.5295614756511366,-0.0480068206389266,2.074824094772339,0.019002145156264305,0
mujoco,flat_forward,1,1,636,6.360000000000459,1.0,0.0,0.3306491868526009,0.005360263229449472,-0.01672248564744446,0.5307178519643085,-0.04980916354961391,2.08427095413208,0.023286407813429832,0
mujoco,flat_forward,1,1,637,6.370000000000462,1.0,0.0,0.3307024353736188,0.005404263595705974,-0.01675683300888889,0.5301042093579305,-0.04635326019543667,2.0795304775238037,0.016001708805561066,0
mujoco,flat_forward,1,1,638,6.380000000000465,1.0,0.0,0.33075749217119366,0.00541477516176458,-0.016815515379664216,0.5311165649247362,-0.05021345314184339,2.086738109588623,0.019071748480200768,0
mujoco,flat_forward,1,1,639,6.390000000000469,1.0,0.0,0.33081110646147915,0.005441701767913603,-0.01687715971928136,0.5308298162578812,-0.0446668208171262,2.084131956100464,0.012847903184592724,0
mujoco,flat_forward,1,1,640,6.400000000000472,1.0,0.0,0.33086619757521685,0.00544336656813521,-0.01692632851552006,0.5314333337194606,-0.04696356200880903,2.0896098613739014,0.01534257736057043,0
mujoco,flat_forward,1,1,641,6.410000000000475,1.0,0.0,0.33092281806767043,0.005465743560120379,-0.016971496411664105,0.5315558242411476,-0.04099089008161339,2.091541290283203,0.00864740926772356,0
mujoco,flat_forward,1,1,642,6.420000000000479,1.0,0.0,0.3309812202736689,0.005462674550264609,-0.01702716385435,0.5321429614718806,-0.04702326346137251,2.0947206020355225,0.009522059932351112,0
mujoco,flat_forward,1,1,643,6.430000000000482,1.0,0.0,0.3310396282194684,0.005471678770853634,-0.017095736722861847,0.5325740220842439,-0.04002560100704442,2.097015142440796,0.007316114846616983,0
mujoco,flat_forward,1,1,644,6.440000000000485,1.0,0.0,0.33109661487349823,0.005451404772826596,-0.017167365914215405,0.533137153975649,-0.04846988020212985,2.0984222888946533,0.0073518455028533936,0
mujoco,flat_forward,1,1,645,6.450000000000489,1.0,0.0,0.3311521529786236,0.005442610332965942,-0.01724063039155031,0.5336127906997765,-0.04335760389427733,2.1015312671661377,0.00746666407212615,0
mujoco,flat_forward,1,1,646,6.460000000000492,1.0,0.0,0.33120742800610936,0.005386383222734537,-0.017294008226913796,0.533909249511544,-0.049012896230280524,2.102843999862671,0.006477742455899715,0
mujoco,flat_forward,1,1,647,6.470000000000495,1.0,0.0,0.33126473852256444,0.0053557068550836515,-0.01738739896965444,0.5347252991125053,-0.0414371949924052,2.107490062713623,0.009854970499873161,0
mujoco,flat_forward,1,1,648,6.480000000000499,1.0,0.0,0.33132040277676994,0.005283838690573103,-0.017476212578611008,0.5349166540106737,-0.0495911601402362,2.1043858528137207,0.010113351047039032,0
mujoco,flat_forward,1,1,649,6.490000000000502,1.0,0.0,0.33137488879798704,0.00523793444731515,-0.017593854603774422,0.5358020186319564,-0.044487432950496515,2.110264301300049,0.012373439967632294,0
mujoco,flat_forward,1,1,650,6.500000000000505,1.0,0.0,0.33142712926475576,0.005131400816394842,-0.017684235207547062,0.535712018365638,-0.05052863207162221,2.10683012008667,0.010668110102415085,0
mujoco,flat_forward,1,1,651,6.510000000000509,1.0,0.0,0.3314798243640035,0.005063325288677798,-0.017836012328740457,0.5369208191723394,-0.04391091644434211,2.113420248031616,0.014532435685396194,0
mujoco,flat_forward,1,1,652,6.520000000000512,1.0,0.0,0.3315280649484815,0.004960827032822166,-0.017939443815609003,0.5364626981800666,-0.047984031343457495,2.1061103343963623,0.01824972592294216,0
mujoco,flat_forward,1,1,653,6.530000000000515,1.0,0.0,0.33157499384000305,0.004897192208314588,-0.018106649071347257,0.5378055163578365,-0.04508865344496123,2.116349935531616,0.020843755453824997,0
mujoco,flat_forward,1,1,654,6.540000000000519,1.0,0.0,0.3316179122628184,0.004769104206811308,-0.01819145751985224,0.537106204016416,-0.04827712548368614,2.108109951019287,0.022045059129595757,0
mujoco,flat_forward,1,1,655,6.550000000000522,1.0,0.0,0.33165944994374547,0.004677463874426364,-0.018378400160814,0.5386250144678895,-0.04760719350043261,2.119248390197754,0.024282071739435196,0
mujoco,flat_forward,1,1,656,6.560000000000525,1.0,0.0,0.33169709477747045,0.004525549356819561,-0.018447112177880462,0.5377252069935425,-0.04943398695191703,2.1087679862976074,0.02757778950035572,0
mujoco,flat_forward,1,1,657,6.570000000000529,1.0,0.0,0.33173160801916274,0.004412327128575908,-0.0186661003069889,0.5396044973196086,-0.04739788978987709,2.1199114322662354,0.027251850813627243,0
mujoco,flat_forward,1,1,658,6.580000000000532,1.0,0.0,0.3317573050965148,0.004272591309557651,-0.018742145253510607,0.5384392623190409,-0.04858708025925788,2.104862689971924,0.036303114145994186,0
mujoco,flat_forward,1,1,659,6.590000000000535,1.0,0.0,0.3317754125690916,0.004160532644801814,-0.018970116143718116,0.5402519071146733,-0.04747966292324715,2.118464469909668,0.03280986100435257,0
mujoco,flat_forward,1,1,660,6.600000000000539,1.0,0.0,0.33178781620795444,0.004032044542671748,-0.01899644945413834,0.5390367716943383,-0.04938971716526318,2.105836868286133,0.03399180993437767,0
mujoco,flat_forward,1,1,661,6.610000000000542,1.0,0.0,0.3317943256500659,0.003901512726336359,-0.019195231151317563,0.5407731397864407,-0.0467632529526629,2.1200077533721924,0.0320739820599556,0
mujoco,flat_forward,1,1,662,6.6200000000005454,1.0,0.0,0.33179841557076367,0.0037750647548270328,-0.019188922188994574,0.5396442302253924,-0.04962629024613828,2.1094181537628174,0.030700555071234703,0
mujoco,flat_forward,1,1,663,6.630000000000549,1.0,0.0,0.3317982836543424,0.0036324464205794342,-0.01937019703327743,0.5412428387449412,-0.045399171132241144,2.1217899322509766,0.028545953333377838,0
mujoco,flat_forward,1,1,664,6.640000000000552,1.0,0.0,0.33179800091160916,0.003513088238726789,-0.019350679070160012,0.5402578469775032,-0.0498032819967689,2.1120870113372803,0.027459394186735153,0
mujoco,flat_forward,1,1,665,6.6500000000005555,1.0,0.0,0.3317934289575668,0.0033651594338211114,-0.01952426555841651,0.5416726494801195,-0.04425270044400348,2.12221622467041,0.023929383605718613,0
mujoco,flat_forward,1,1,666,6.660000000000559,1.0,0.0,0.33178946492520517,0.0032558182177907236,-0.0195055406868623,0.5408692137481925,-0.0505489330534086,2.1138362884521484,0.023524247109889984,0
mujoco,flat_forward,1,1,667,6.670000000000562,1.0,0.0,0.33178053099947646,0.003104827288961463,-0.019668969925977397,0.5420560033295021,-0.04367866736862011,2.121934175491333,0.0193618331104517,0
mujoco,flat_forward,1,1,668,6.6800000000005655,1.0,0.0,0.33177206856539676,0.002995945024667352,-0.019657702389321564,0.5414639264992335,-0.05190094176084558,2.1154608726501465,0.01907837577164173,0
mujoco,flat_forward,1,1,669,6.690000000000569,1.0,0.0,0.331757665318664,0.0028419829953443207,-0.019806012788207587,0.5424357817899376,-0.04358559407515344,2.121440887451172,0.015742989256978035,0
mujoco,flat_forward,1,1,670,6.700000000000572,1.0,0.0,0.3317430178040741,0.002734019837852949,-0.019804890600508357,0.5420520222726065,-0.05383369972885263,2.1163785457611084,0.015358003787696362,0
mujoco,flat_forward,1,1,671,6.7100000000005755,1.0,0.0,0.3317230619157411,0.002593017433400297,-0.019887403582709146,0.5425758603800372,-0.04049480590822532,2.1204450130462646,0.013955091126263142,0
mujoco,flat_forward,1,1,672,6.720000000000579,1.0,0.0,0.3317042112325749,0.00250076369895388,-0.019892192575251134,0.5424966916455032,-0.054001448378695555,2.1188526153564453,0.01261497475206852,0
mujoco,flat_forward,1,1,673,6.730000000000582,1.0,0.0,0.3316805726528807,0.0023608509277788996,-0.01996093971102542,0.5428823733350329,-0.040640329846769865,2.119851589202881,0.015418829396367073,0
mujoco,flat_forward,1,1,674,6.7400000000005855,1.0,0.0,0.33165514344550895,0.0022615689829633247,-0.02000521203125329,0.5430286083154919,-0.05658522718882727,2.1184208393096924,0.01276120264083147,0
mujoco,flat_forward,1,1,675,6.750000000000589,1.0,0.0,0.33162319403654517,0.002120321278208506,-0.020069607808491534,0.5432474791177425,-0.04209585557949853,2.117438554763794,0.018763460218906403,0
mujoco,flat_forward,1,1,676,6.760000000000592,1.0,0.0,0.33158674083245415,0.002018381296722042,-0.020119304937293178,0.5431806169988586,-0.054453436185466865,2.1159512996673584,0.014646872878074646,0
mujoco,flat_forward,1,1,677,6.7700000000005955,1.0,0.0,0.3315514660124364,0.0019430864904627268,-0.020153507648026207,0.5433829797644937,-0.04027719937789519,2.1190266609191895,0.013080639764666557,0
mujoco,flat_forward,1,1,678,6.780000000000599,1.0,0.0,0.33151464023450633,0.0018683632015197358,-0.020189841245884414,0.5432077767218048,-0.052209073039959815,2.1155588626861572,0.012122041545808315,0
mujoco,flat_forward,1,1,679,6.790000000000602,1.0,0.0,0.3314794089985916,0.00180018593517893,-0.020223753169732083,0.5435708459406915,-0.0402171569049872,2.1205830574035645,0.013036795891821384,0
mujoco,flat_forward,1,1,680,6.800000000000606,1.0,0.0,0.3314406489707507,0.0017186258619966337,-0.020264735701366894,0.5433027680924978,-0.05100159317621217,2.115541934967041,0.013264446519315243,0
mujoco,flat_forward,1,1,681,6.810000000000609,1.0,0.0,0.3314032965519408,0.0016493953003720778,-0.020297631340371047,0.5436036276337368,-0.04433220041598843,2.1206624507904053,0.012385839596390724,0
mujoco,flat_forward,1,1,682,6.820000000000612,1.0,0.0,0.33136498535746467,0.0015354220610212161,-0.02032327658125391,0.5432714012934795,-0.05323376428844667,2.1175696849823,0.010302473790943623,0
mujoco,flat_forward,1,1,683,6.830000000000616,1.0,0.0,0.33132994200326854,0.0014488764679171215,-0.020368587866914728,0.5437477503268844,-0.04653331759094029,2.120272636413574,0.01056643109768629,0
mujoco,flat_forward,1,1,684,6.840000000000619,1.0,0.0,0.33129314520894815,0.001354462331452322,-0.020371221007065784,0.5429797972715632,-0.049017387899296966,2.114978790283203,0.015000315383076668,0
mujoco,flat_forward,1,1,685,6.850000000000622,1.0,0.0,0.3312602485181108,0.001299015209647342,-0.020429076487967438,0.5437339516554838,-0.04517347724610549,2.1200833320617676,0.01516036968678236,0
mujoco,flat_forward,1,1,686,6.860000000000626,1.0,0.0,0.3312245006097259,0.0012196685808689412,-0.020437993166116233,0.5427619809336428,-0.04769759009040742,2.111621379852295,0.02314961887896061,0
mujoco,flat_forward,1,1,687,6.870000000000629,1.0,0.0,0.3311891098688511,0.0011695122057617006,-0.020534896072997577,0.5437610767492878,-0.0471585379515519,2.11842679977417,0.019318968057632446,0
mujoco,flat_forward,1,1,688,6.880000000000632,1.0,0.0,0.33114809192331485,0.0010968869571508588,-0.02053868274260287,0.5426014420569171,-0.04825083227294423,2.1080081462860107,0.028773222118616104,0
mujoco,flat_forward,1,1,689,6.890000000000636,1.0,0.0,0.33110417663358704,0.0010467093390920156,-0.020659158980297916,0.5437885311152357,-0.049786236797556595,2.1163368225097656,0.023628588765859604,0
mujoco,flat_forward,1,1,690,6.900000000000639,1.0,0.0,0.33105354142747645,0.0009826774354200327,-0.020635000566812223,0.5424657724324695,-0.04910012788103263,2.1047661304473877,0.0333087220788002,0
mujoco,flat_forward,1,1,691,6.910000000000642,1.0,0.0,0.3309987606679728,0.0009331418746006917,-0.020739577299427468,0.543202029583551,-0.050268717201977495,2.113776445388794,0.02746870554983616,0
mujoco,flat_forward,1,1,692,6.920000000000646,1.0,0.0,0.3309500716477079,0.0008877303263846795,-0.020626297021339956,0.5418870279284659,-0.04909080926205259,2.1079347133636475,0.02174432948231697,0
mujoco,flat_forward,1,1,693,6.930000000000649,1.0,0.0,0.3309030163400077,0.0008502068283008082,-0.020723514756198175,0.5426369243727968,-0.048225748779895695,2.1133766174316406,0.01885162480175495,0
mujoco,flat_forward,1,1,694,6.940000000000652,1.0,0.0,0.3308626564139129,0.0008187858199918953,-0.020624328576335095,0.5414298968251313,-0.04900760749502317,2.107110023498535,0.02064553089439869,0
mujoco,flat_forward,1,1,695,6.950000000000656,1.0,0.0,0.3308209086505348,0.000791079549957155,-0.020738514649843505,0.5420502583529835,-0.04666282458549602,2.1114516258239746,0.01561963651329279,0
mujoco,flat_forward,1,1,696,6.960000000000659,1.0,0.0,0.3307843055184814,0.0007760128670476713,-0.020652799096993815,0.5409947486229107,-0.049792515905501045,2.1057331562042236,0.01818527840077877,0
mujoco,flat_forward,1,1,697,6.970000000000662,1.0,0.0,0.3307438653013546,0.0007596993954795387,-0.02075815455110828,0.5414137299419,-0.04569982876187165,2.1096975803375244,0.012162107042968273,0
mujoco,flat_forward,1,1,698,6.980000000000666,1.0,0.0,0.3307077550785448,0.0007540632129743449,-0.02067497086771116,0.5405601985001133,-0.05091455746587823,2.105750799179077,0.013393533416092396,0
mujoco,flat_forward,1,1,699,6.990000000000669,1.0,0.0,0.33066705441274025,0.0007456361956969297,-0.02075010273660749,0.540728362262751,-0.04507530191606226,2.1085691452026367,0.008756913244724274,0
mujoco,flat_forward,1,1,700,7.000000000000672,1.0,0.0,0.3306307431876272,0.0007449672346021648,-0.02066054178293801,0.5401094325867589,-0.05227727465297596,2.106187105178833,0.008351125754415989,0
mujoco,flat_forward,1,1,701,7.010000000000676,1.0,0.0,0.330589801343219,0.0007407462089019514,-0.02070656102759746,0.5400635065455744,-0.044724504409096484,2.1069865226745605,0.006714606657624245,0
mujoco,flat_forward,1,1,702,7.020000000000679,1.0,0.0,0.33055360506719733,0.0007448562908781376,-0.020614861772842802,0.5396325968173395,-0.054275322711394076,2.1055126190185547,0.007066226098686457,0
mujoco,flat_forward,1,1,703,7.030000000000682,1.0,0.0,0.3305129323392403,0.000746004823781744,-0.020634653076536832,0.5394247973868451,-0.044988603921351955,2.105037212371826,0.009143153205513954,0
mujoco,flat_forward,1,1,704,7.040000000000686,1.0,0.0,0.33047685975544366,0.0007540726013673908,-0.020551656924486118,0.5391506855825524,-0.05657959623737676,2.104397773742676,0.008780881762504578,0
mujoco,flat_forward,1,1,705,7.050000000000689,1.0,0.0,0.33043669132189135,0.0007618410532210415,-0.02054932599093513,0.538765539257605,-0.04551618636683768,2.102966547012329,0.012469586916267872,0
mujoco,flat_forward,1,1,706,7.060000000000692,1.0,0.0,0.3304004902334052,0.0007712103942574042,-0.020483052682638097,0.5386446438987297,-0.05910521374470912,2.102928876876831,0.011572428047657013,0
mujoco,flat_forward,1,1,707,7.070000000000696,1.0,0.0,0.3303608074898434,0.0007842212602331004,-0.020464107933266064,0.5380554775444019,-0.04636811941346789,2.1004345417022705,0.01598614640533924,0
mujoco,flat_forward,1,1,708,7.080000000000699,1.0,0.0,0.3303243162236132,0.0007926587495465125,-0.020414204396032164,0.5379197835486502,-0.05991231310807248,2.1008658409118652,0.01468796655535698,0
mujoco,flat_forward,1,1,709,7.090000000000702,1.0,0.0,0.3302886711571796,0.0008190614085465876,-0.020393798035913856,0.5374733890436754,-0.0437254549491142,2.0991246700286865,0.013368718326091766,0
mujoco,flat_forward,1,1,710,7.100000000000706,1.0,0.0,0.33025398272397705,0.0008446079532211895,-0.02036075782518494,0.5371072520507892,-0.0565225226589919,2.097621202468872,0.013224087655544281,0
mujoco,flat_forward,1,1,711,7.110000000000709,1.0,0.0,0.3302219184086561,0.0008897011359760557,-0.020309639941207238,0.5366828152004134,-0.0430429829920886,2.1004583835601807,0.01117679663002491,0
mujoco,flat_forward,1,1,712,7.120000000000712,1.0,0.0,0.33019254471494613,0.0009237498077833557,-0.020258796620385686,0.5361810251216061,-0.05527774064560276,2.099431276321411,0.009290428832173347,0
mujoco,flat_forward,1,1,713,7.130000000000716,1.0,0.0,0.3301697231314987,0.0009772987536606078,-0.020183806617950273,0.5358512962982189,-0.04388675526592859,2.103121042251587,0.009651079773902893,0
mujoco,flat_forward,1,1,714,7.140000000000719,1.0,0.0,0.3301509255615352,0.001012755311236046,-0.020123493215561363,0.5352072782368578,-0.054394245136857054,2.101135492324829,0.0069546205922961235,0
mujoco,flat_forward,1,1,715,7.1500000000007224,1.0,0.0,0.3301404448453652,0.0010723279537540123,-0.020055955511947377,0.5352075684870282,-0.041782391231674154,2.104921340942383,0.008844125084578991,0
mujoco,flat_forward,1,1,716,7.160000000000726,1.0,0.0,0.3301300300642669,0.0011205144904720323,-0.02000095902720829,0.534327435475151,-0.05081023407079399,2.0987777709960938,0.012593141756951809,0
mujoco,flat_forward,1,1,717,7.170000000000729,1.0,0.0,0.33012587707442054,0.0011936118621163785,-0.019945061006452797,0.5345194552427496,-0.041804075540305435,2.1061129570007324,0.01556889247149229,0
mujoco,flat_forward,1,1,718,7.1800000000007325,1.0,0.0,0.3301216607433982,0.0012409260688707312,-0.0199076249212161,0.5336560985808961,-0.05397461311251094,2.099428415298462,0.014705891720950603,0
mujoco,flat_forward,1,1,719,7.190000000000736,1.0,0.0,0.33012227831321905,0.0012983119362654472,-0.019870235813172286,0.5340904366788027,-0.04404423775034772,2.106039524078369,0.016772300004959106,0
mujoco,flat_forward,1,1,720,7.200000000000739,1.0,0.0,0.3301171281752743,0.0013542230919759847,-0.019860128261047758,0.5330190898609196,-0.051257614729924725,2.0981459617614746,0.018858103081583977,0
mujoco,flat_forward,1,1,721,7.2100000000007425,1.0,0.0,0.3301161922670262,0.0014273683936956486,-0.019837004543887204,0.5335530702238857,-0.043514666765240066,2.1070127487182617,0.020904462784528732,0
mujoco,flat_forward,1,1,722,7.220000000000746,1.0,0.0,0.33011045810714684,0.0014837097892621664,-0.019849701199021793,0.5325278531842291,-0.05282023465686161,2.0991945266723633,0.021060196682810783,0
mujoco,flat_forward,1,1,723,7.230000000000749,1.0,0.0,0.3301086314419434,0.0015476177808284677,-0.019848626266095,0.5331498948164394,-0.045723896733120176,2.10719895362854,0.021269649267196655,0
mujoco,flat_forward,1,1,724,7.2400000000007525,1.0,0.0,0.3301024173910654,0.001598726204124242,-0.01985295692512861,0.5318908969289525,-0.05137908884187806,2.0991079807281494,0.021737849339842796,0
mujoco,flat_forward,1,1,725,7.250000000000756,1.0,0.0,0.33010195210749893,0.0016644426521929732,-0.019859091302720445,0.5326505421964101,-0.045770549026626126,2.107619285583496,0.023680638521909714,0
mujoco,flat_forward,1,1,726,7.260000000000759,1.0,0.0,0.33009678767783274,0.0017302082460981152,-0.019883945691310863,0.5313296009673402,-0.045676781678085934,2.0985007286071777,0.02570181153714657,0
mujoco,flat_forward,1,1,727,7.2700000000007625,1.0,0.0,0.330096236455562,0.0018072831952775726,-0.01991290395200299,0.5322138721703412,-0.04367873460727094,2.107778549194336,0.025292694568634033,0
mujoco,flat_forward,1,1,728,7.280000000000766,1.0,0.0,0.33008979500837543,0.0018705946244848288,-0.019954029120358263,0.5309148945297608,-0.04667414147835481,2.0984482765197754,0.027711287140846252,0
mujoco,flat_forward,1,1,729,7.290000000000769,1.0,0.0,0.3300864947942513,0.001934420905180571,-0.01999720762023503,0.5318920764238609,-0.046284645659899724,2.107642650604248,0.026116015389561653,0
mujoco,flat_forward,1,1,730,7.3000000000007725,1.0,0.0,0.33007778046570585,0.0019911980901086996,-0.02001317398208858,0.5303509437813083,-0.04617457362326383,2.0980608463287354,0.028825147077441216,0
mujoco,flat_forward,1,1,731,7.310000000000776,1.0,0.0,0.3300731492812871,0.002049491077555143,-0.020059751725469317,0.5314400715987507,-0.047396780731957786,2.108354330062866,0.029023606330156326,0
mujoco,flat_forward,1,1,732,7.320000000000779,1.0,0.0,0.3300613608011339,0.0021052685044940737,-0.020110518348554308,0.5301135770953981,-0.045397903047498495,2.097301959991455,0.03253001347184181,0
mujoco,flat_forward,1,1,733,7.330000000000783,1.0,0.0,0.33005025388401965,0.00215900450223659,-0.020169945978638998,0.531210955369685,-0.048402713226294435,2.1062393188476562,0.028195805847644806,0
mujoco,flat_forward,1,1,734,7.340000000000786,1.0,0.0,0.3300320914354341,0.002221269513781537,-0.020182925222307257,0.5296333617245295,-0.045001253310879535,2.096234083175659,0.031243091449141502,0
mujoco,flat_forward,1,1,735,7.350000000000789,1.0,0.0,0.33001668290352604,0.002274551006635112,-0.020224895178870512,0.5307986341853141,-0.05005086978896378,2.1065056324005127,0.030817367136478424,0
mujoco,flat_forward,1,1,736,7.360000000000793,1.0,0.0,0.32999497192469684,0.0023264455256806725,-0.020233913029757085,0.5292654273325779,-0.04821851398594893,2.0956549644470215,0.034548137336969376,0
mujoco,flat_forward,1,1,737,7.370000000000796,1.0,0.0,0.3299753305672268,0.002367666380368923,-0.020268758863806975,0.5303163121681826,-0.051438224764201075,2.1053106784820557,0.031093284487724304,0
mujoco,flat_forward,1,1,738,7.380000000000799,1.0,0.0,0.3299532641968204,0.0024658545385457826,-0.02024005762858913,0.5288965183316613,-0.04471572412178797,2.095668315887451,0.02939745970070362,0
mujoco,flat_forward,1,1,739,7.390000000000803,1.0,0.0,0.3299342401838867,0.0025432189652254333,-0.02022749212999325,0.5296785436773105,-0.04713118513715044,2.104487657546997,0.02717132307589054,0
mujoco,flat_forward,1,1,740,7.400000000000806,1.0,0.0,0.3299166090205398,0.0026688015396871554,-0.020146702168838408,0.5283283182379465,-0.042258836758762124,2.099191665649414,0.022072449326515198,0
mujoco,flat_forward,1,1,741,7.410000000000809,1.0,0.0,0.32990519066298524,0.0027530670280554773,-0.02011137581668918,0.5291548836462509,-0.04748058653692293,2.1075663566589355,0.02278490923345089,0
mujoco,flat_forward,1,1,742,7.420000000000813,1.0,0.0,0.329895318424395,0.002860581027217891,-0.020027955563656132,0.5278770687647586,-0.04381332955310886,2.101442337036133,0.02209555171430111,0
mujoco,flat_forward,1,1,743,7.430000000000816,1.0,0.0,0.32989058709303337,0.0029246343687337546,-0.01999016551891599,0.5287263991565223,-0.0494661100378886,2.109644651412964,0.02247222512960434,0
mujoco,flat_forward,1,1,744,7.440000000000819,1.0,0.0,0.32988575446186785,0.0030313999211337584,-0.019941875301355876,0.5277115015519162,-0.042242149735143425,2.1026158332824707,0.021006518974900246,0
mujoco,flat_forward,1,1,745,7.450000000000823,1.0,0.0,0.3298837818929562,0.003103524583540369,-0.019887986628764284,0.5281466918837112,-0.04572635532807288,2.1086580753326416,0.01923057623207569,0
mujoco,flat_forward,1,1,746,7.460000000000826,1.0,0.0,0.3298844928710379,0.0032290897258142144,-0.019809398116222125,0.5272525047975357,-0.04041077768209868,2.1066110134124756,0.011613973416388035,0
mujoco,flat_forward,1,1,747,7.470000000000829,1.0,0.0,0.329891643409302,0.0033075617879909495,-0.019748486626113868,0.5276276634951693,-0.04679528504352545,2.111051559448242,0.014546720311045647,0
mujoco,flat_forward,1,1,748,7.480000000000833,1.0,0.0,0.32990166235110047,0.0034181805192258535,-0.019702767204974356,0.5270198559513141,-0.03911582136050369,2.1086947917938232,0.010795357637107372,0
mujoco,flat_forward,1,1,749,7.490000000000836,1.0,0.0,0.3299156403529044,0.0034854776969886272,-0.019663401444621007,0.5272704416174466,-0.04736111171664114,2.1106982231140137,0.011678935959935188,0
mujoco,flat_forward,1,1,750,7.500000000000839,1.0,0.0,0.3299308637207903,0.0035821991040794476,-0.019637786772069992,0.5269017504919288,-0.037701837573452975,2.1099109649658203,0.00861569307744503,0
mujoco,flat_forward,1,1,751,7.510000000000843,1.0,0.0,0.32994804385934356,0.0036425314151362458,-0.019609269177216497,0.527027616126349,-0.04815833888006762,2.1107187271118164,0.009477204643189907,0
mujoco,flat_forward,1,1,752,7.520000000000846,1.0,0.0,0.32996674795044784,0.0037201865022728213,-0.019571157004657672,0.5266462293551185,-0.04019569022673578,2.1117641925811768,0.007986117154359818,0
mujoco,flat_forward,1,1,753,7.530000000000849,1.0,0.0,0.32998970945733186,0.0037588652819880723,-0.01952899946973566,0.5267541565990321,-0.05180879124196165,2.1135611534118652,0.009649942629039288,0
mujoco,flat_forward,1,1,754,7.540000000000853,1.0,0.0,0.3300161779396669,0.0038173729663030244,-0.019495877411738898,0.5266022670072719,-0.04037066148814981,2.11372447013855,0.008006038144230843,0
mujoco,flat_forward,1,1,755,7.550000000000856,1.0,0.0,0.33004574665016534,0.003854456483096966,-0.019451791444435314,0.5263262527673079,-0.0496793485914469,2.112779140472412,0.010261381976306438,0
mujoco,flat_forward,1,1,756,7.560000000000859,1.0,0.0,0.33008201606036375,0.003921402075052988,-0.019400376898049257,0.5264296402752445,-0.03766562372540175,2.1164872646331787,0.010615868493914604,0
mujoco,flat_forward,1,1,757,7.570000000000863,1.0,0.0,0.3301206637350907,0.003965364530269809,-0.01935947356735633,0.5260956050253397,-0.050214922422566546,2.1131644248962402,0.01023961789906025,0
mujoco,flat_forward,1,1,758,7.580000000000866,1.0,0.0,0.33016437799525966,0.004013077557346432,-0.019317730479410267,0.5264610315204747,-0.037754594312340246,2.118795871734619,0.013875111937522888,0
mujoco,flat_forward,1,1,759,7.590000000000869,1.0,0.0,0.33020683293420217,0.004039865856643038,-0.019292296401521292,0.5260792449671938,-0.05166793525373756,2.113673686981201,0.012219766154885292,0
mujoco,flat_forward,1,1,760,7.600000000000873,1.0,0.0,0.33025294430718133,0.004076695061019988,-0.019246407004767076,0.5266267865920299,-0.0394192780929596,2.12135648727417,0.0173969566822052,0
mujoco,flat_forward,1,1,761,7.610000000000876,1.0,0.0,0.3302939302488227,0.004104664162303525,-0.01925232298012361,0.5262950253356188,-0.05264874910049721,2.1158766746520996,0.014871320687234402,0
mujoco,flat_forward,1,1,762,7.620000000000879,1.0,0.0,0.33033749077089825,0.004140514861811025,-0.019222762032194717,0.5268426196245369,-0.04165711558139845,2.1237850189208984,0.017918122932314873,0
mujoco,flat_forward,1,1,763,7.630000000000883,1.0,0.0,0.3303774382917605,0.004160442369817504,-0.01923755099198535,0.5265367737758593,-0.055453298387701036,2.1193432807922363,0.013664315454661846,0
mujoco,flat_forward,1,1,764,7.640000000000886,1.0,0.0,0.3304215948485993,0.004185012495517766,-0.019218459901771838,0.5271254262241186,-0.044501262281204684,2.126004695892334,0.017075423151254654,0
mujoco,flat_forward,1,1,765,7.650000000000889,1.0,0.0,0.3304617638255608,0.0042035113639546096,-0.01926735301317153,0.5267828937692581,-0.05104700647275725,2.1212522983551025,0.014370954595506191,0
mujoco,flat_forward,1,1,766,7.660000000000893,1.0,0.0,0.33050830711316576,0.004230583084958006,-0.0192544602325301,0.5273955572838674,-0.04276172438766858,2.1280579566955566,0.016471710056066513,0
mujoco,flat_forward,1,1,767,7.670000000000896,1.0,0.0,0.3305501724595869,0.004252302861596178,-0.019363906757150835,0.5272979662277291,-0.048663851722599426,2.123910427093506,0.014061037451028824,0
mujoco,flat_forward,1,1,768,7.680000000000899,1.0,0.0,0.3305960239004955,0.004270191529304159,-0.01937944233445936,0.5278889151600425,-0.04334240026356763,2.129037857055664,0.013454800471663475,0
mujoco,flat_forward,1,1,769,7.690000000000903,1.0,0.0,0.3306362410939967,0.004281707459457793,-0.019481679965191075,0.5275693198985572,-0.047510632869431975,2.126537799835205,0.01128012128174305,0
mujoco,flat_forward,1,1,770,7.700000000000906,1.0,0.0,0.33068313783979597,0.00429251137193742,-0.019492905183970382,0.5282682082290259,-0.044531027486544854,2.133491039276123,0.016033293679356575,0
mujoco,flat_forward,1,1,771,7.7100000000009095,1.0,0.0,0.330723816834604,0.004300066977092631,-0.01964860857775742,0.5282243173423171,-0.04687650373297144,2.129467248916626,0.014146983623504639,0
mujoco,flat_forward,1,1,772,7.720000000000913,1.0,0.0,0.3307672718737694,0.0043052002831513786,-0.01969279958235256,0.5289013472402709,-0.04616976165327775,2.133821725845337,0.012729095295071602,0
mujoco,flat_forward,1,1,773,7.730000000000916,1.0,0.0,0.33080279668935564,0.004307973519030936,-0.019825591207964798,0.5286109391495941,-0.04641771628264865,2.1308062076568604,0.01195928268134594,0
mujoco,flat_forward,1,1,774,7.7400000000009195,1.0,0.0,0.3308428025113233,0.004304739775853688,-0.019863343837953174,0.5294105408181199,-0.04800053872461873,2.136960744857788,0.01587587222456932,0
mujoco,flat_forward,1,1,775,7.750000000000923,1.0,0.0,0.330874091284245,0.004298884988863803,-0.02003589525055094,0.5293906830221872,-0.04636878312644076,2.131981372833252,0.015851685777306557,0
mujoco,flat_forward,1,1,776,7.760000000000926,1.0,0.0,0.3309055974285849,0.004284846065654737,-0.02009817857536164,0.5301439074386562,-0.049751881419972985,2.135833501815796,0.012921763584017754,0
mujoco,flat_forward,1,1,777,7.7700000000009295,1.0,0.0,0.3309269534626863,0.00426761656125686,-0.02023172739645625,0.5299127460549983,-0.046219311235878295,2.132565498352051,0.013858847320079803,0
mujoco,flat_forward,1,1,778,7.780000000000933,1.0,0.0,0.3309503772262463,0.004239356592044027,-0.02028196955514369,0.5307728530732023,-0.05155523786999027,2.138120174407959,0.016070879995822906,0
mujoco,flat_forward,1,1,779,7.790000000000936,1.0,0.0,0.33096615763483583,0.004206672051863845,-0.02037163235772344,0.5303355783969959,-0.04636683816317325,2.133047342300415,0.018061820417642593,0
mujoco,flat_forward,1,1,780,7.8000000000009395,1.0,0.0,0.33098457860061503,0.004163635418168777,-0.02042179222438159,0.5313320443772881,-0.05351924499940036,2.139586925506592,0.018870947882533073,0
mujoco,flat_forward,1,1,781,7.810000000000943,1.0,0.0,0.3309956507706523,0.004121847080080293,-0.020511516389445938,0.5309177598320882,-0.04294351043845093,2.132455587387085,0.022429481148719788,0
mujoco,flat_forward,1,1,782,7.820000000000946,1.0,0.0,0.33100575478023314,0.004075114538310784,-0.020578362497757484,0.531753544399182,-0.05126980355109591,2.1373233795166016,0.019329043105244637,0
mujoco,flat_forward,1,1,783,7.8300000000009495,1.0,0.0,0.33101111028677704,0.004043590312184675,-0.02064300119019014,0.5312772836868446,-0.04249182918456307,2.1332712173461914,0.018017156049609184,0
mujoco,flat_forward,1,1,784,7.840000000000953,1.0,0.0,0.3310171799847913,0.003981603368330399,-0.020682288660385916,0.5319474339948705,-0.04985527690936662,2.1386680603027344,0.01617237739264965,0
mujoco,flat_forward,1,1,785,7.850000000000956,1.0,0.0,0.33102132228855413,0.00393763939420732,-0.020717239779530473,0.5315953241420571,-0.042309473355780045,2.1376278400421143,0.013643383979797363,0
mujoco,flat_forward,1,1,786,7.8600000000009596,1.0,0.0,0.3310269093515854,0.0038530965031713478,-0.020758603289892763,0.532359416608513,-0.05161822490881778,2.1412432193756104,0.012159544043242931,0
mujoco,flat_forward,1,1,787,7.870000000000963,1.0,0.0,0.33102896592027514,0.0037842640614553277,-0.020801518825849474,0.5321089388128216,-0.0452137751572999,2.138768196105957,0.014324496500194073,0
mujoco,flat_forward,1,1,788,7.880000000000966,1.0,0.0,0.33103051989149607,0.0036808406828728025,-0.020835867070237584,0.5326815894028608,-0.05135762161022884,2.1415998935699463,0.01164848543703556,0
mujoco,flat_forward,1,1,789,7.89000000000097,1.0,0.0,0.33103006942458113,0.0036124411973929094,-0.02087459170860666,0.5327396211736818,-0.042452561821180075,2.1405649185180664,0.008529981598258018,0
mujoco,flat_forward,1,1,790,7.900000000000973,1.0,0.0,0.3310274439429648,0.0035251493932482465,-0.020902550256514715,0.5330401816402702,-0.047800514222533605,2.140770196914673,0.007195187266916037,0
mujoco,flat_forward,1,1,791,7.910000000000976,1.0,0.0,0.3310238750254605,0.0034725933216568174,-0.020929134649904986,0.5332034637488438,-0.04242074908414025,2.143223762512207,0.005011876579374075,0
mujoco,flat_forward,1,1,792,7.92000000000098,1.0,0.0,0.3310196308732559,0.003374249656034363,-0.020944720049877075,0.5333217632306029,-0.047220149111437605,2.1427855491638184,0.005255173426121473,0
mujoco,flat_forward,1,1,793,7.930000000000983,1.0,0.0,0.33101661008030064,0.0033133975853810046,-0.020969301268758407,0.5336097078372173,-0.044306711583640114,2.145779609680176,0.0055826506577432156,0
mujoco,flat_forward,1,1,794,7.940000000000986,1.0,0.0,0.33101337337906933,0.003203291289536669,-0.02097962681374291,0.5335722743931146,-0.04760018957716027,2.1438040733337402,0.007828829810023308,0
mujoco,flat_forward,1,1,795,7.95000000000099,1.0,0.0,0.33101175621499807,0.0031369741818314738,-0.0210129634255761,0.5340005979557931,-0.046700420822611055,2.146846294403076,0.007853328250348568,0
mujoco,flat_forward,1,1,796,7.960000000000993,1.0,0.0,0.3310090858052348,0.00301979634482826,-0.0210201315989109,0.5338020023492142,-0.048210441485262726,2.1435751914978027,0.011597419157624245,0
mujoco,flat_forward,1,1,797,7.970000000000996,1.0,0.0,0.3310069954311278,0.00295002667057324,-0.02107196885657425,0.5344028932519866,-0.04920896006497635,2.146789312362671,0.010984467342495918,0
mujoco,flat_forward,1,1,798,7.980000000001,1.0,0.0,0.3310027798387753,0.002828782910077608,-0.021071877121077737,0.5340277989882339,-0.049060611518368394,2.1423110961914062,0.015499954111874104,0
mujoco,flat_forward,1,1,799,7.990000000001003,1.0,0.0,0.3309976478520645,0.0027560352848023965,-0.021146957902153672,0.5348003956136028,-0.05208671213654658,2.1462931632995605,0.014557543210685253,0
mujoco,flat_forward,1,1,800,8.000000000001005,1.0,0.0,0.33098938360017804,0.0026342042649434893,-0.021136061348300324,0.53425706533465,-0.05030447948984426,2.1403870582580566,0.020125553011894226,0
mujoco,flat_forward,1,1,801,8.010000000001,1.0,0.0,0.33097842206356776,0.002558556341571065,-0.0212333494483727,0.535062648855374,-0.053031132188529034,2.1452953815460205,0.01810981146991253,0
mujoco,flat_forward,1,1,802,8.020000000000994,1.0,0.0,0.33097011411848676,0.002486975981932683,-0.021145347380465744,0.5341746237386055,-0.04748355320130169,2.140014171600342,0.01822814531624317,0
mujoco,flat_forward,1,1,803,8.030000000000989,1.0,0.0,0.3309604235534348,0.0024422827173214323,-0.021260401479998078,0.5352052787258507,-0.04641779362563389,2.146713972091675,0.01856708712875843,0
mujoco,flat_forward,1,1,804,8.040000000000983,1.0,0.0,0.3309522725318712,0.002406679952314272,-0.021189680670107194,0.5342644682143625,-0.04469181655428419,2.139728546142578,0.020405065268278122,0
mujoco,flat_forward,1,1,805,8.050000000000978,1.0,0.0,0.3309401736161103,0.002374806424206819,-0.02130717823325111,0.535209073063265,-0.044299760159190474,2.1478781700134277,0.018447693437337875,0
mujoco,flat_forward,1,1,806,8.060000000000972,1.0,0.0,0.3309308728317947,0.0023389862800150224,-0.021227649099271786,0.5343767742927179,-0.045777636862374044,2.1428043842315674,0.017287857830524445,0
mujoco,flat_forward,1,1,807,8.070000000000967,1.0,0.0,0.3309179659092449,0.0022969037504329427,-0.021336461586173038,0.535213346342457,-0.04393959107976498,2.1496942043304443,0.015147893689572811,0
mujoco,flat_forward,1,1,808,8.080000000000961,1.0,0.0,0.3309091960121192,0.0022539783137925165,-0.021257817080608154,0.5345408922084949,-0.04753731167664294,2.1454551219940186,0.01373805571347475,0
mujoco,flat_forward,1,1,809,8.090000000000956,1.0,0.0,0.33089695879963815,0.0021983326384908725,-0.021355971816521196,0.5351893463051697,-0.04359102239067293,2.150174617767334,0.011352688074111938,0
mujoco,flat_forward,1,1,810,8.10000000000095,1.0,0.0,0.33088936780516987,0.0021465755206203484,-0.021283262053186865,0.5346990812730243,-0.049052280908358684,2.1467981338500977,0.009949062950909138,0
mujoco,flat_forward,1,1,811,8.110000000000944,1.0,0.0,0.330877910099726,0.0020794104011482902,-0.021370771011415116,0.5351362478936821,-0.04325257336960949,2.1490800380706787,0.007671987637877464,0
mujoco,flat_forward,1,1,812,8.120000000000939,1.0,0.0,0.330871031311676,0.002021743053452426,-0.021305650980825014,0.5348267418632255,-0.05095071001926018,2.147146463394165,0.007329125888645649,0
mujoco,flat_forward,1,1,813,8.130000000000933,1.0,0.0,0.3308594424657215,0.0019474188891258017,-0.021379690466459603,0.5350893535118803,-0.04334858495781382,2.148080587387085,0.006963895633816719,0
mujoco,flat_forward,1,1,814,8.140000000000928,1.0,0.0,0.33085173220435177,0.0018860665713324736,-0.021327948716518188,0.534962446691518,-0.0529633338585939,2.147361993789673,0.006743201054632664,0
mujoco,flat_forward,1,1,815,8.150000000000922,1.0,0.0,0.33083850852707203,0.0018077194447835134,-0.021385070909250053,0.5350717509614316,-0.04352734346994685,2.147184133529663,0.009116237051784992,0
mujoco,flat_forward,1,1,816,8.160000000000917,1.0,0.0,0.3308283031156252,0.0017429863115129398,-0.021351390476248715,0.5351368562364683,-0.05499164593639427,2.1473214626312256,0.008621985092759132,0
mujoco,flat_forward,1,1,817,8.170000000000911,1.0,0.0,0.3308122108616752,0.0016636173878002713,-0.021389460461205965,0.5350682499799103,-0.04385928221613392,2.145864963531494,0.01242721639573574,0
mujoco,flat_forward,1,1,818,8.180000000000906,1.0,0.0,0.33079767067110455,0.001595488331751991,-0.021380672276701037,0.535334028640831,-0.05729780265553717,2.1467158794403076,0.011531767435371876,0
mujoco,flat_forward,1,1,819,8.1900000000009,1.0,0.0,0.3307771472906866,0.0015177918616073845,-0.02140630091617489,0.5350729650873352,-0.044681837312355636,2.1436140537261963,0.016661321744322777,0
mujoco,flat_forward,1,1,820,8.200000000000895,1.0,0.0,0.33075674684872436,0.0014471636680287105,-0.021414748137526005,0.5353400966696994,-0.057838451303934474,2.1450915336608887,0.014590669423341751,0
mujoco,flat_forward,1,1,821,8.210000000000889,1.0,0.0,0.33073419446616237,0.0013918886767977055,-0.021433467443842027,0.5350204532125981,-0.04545860302641801,2.142810106277466,0.014430060051381588,0
mujoco,flat_forward,1,1,822,8.220000000000883,1.0,0.0,0.3307129643433305,0.0013334231381085175,-0.021424682355755238,0.5349038908212661,-0.053114412028514545,2.1439499855041504,0.011923812329769135,0
mujoco,flat_forward,1,1,823,8.230000000000878,1.0,0.0,0.33069646122727664,0.0013023380543900763,-0.021399821694452224,0.5346355240097939,-0.042733581689192224,2.1465344429016113,0.006943166721612215,0
mujoco,flat_forward,1,1,824,8.240000000000872,1.0,0.0,0.3306834950410156,0.0012543668289510318,-0.02138675589676229,0.5344607588080201,-0.050360394016839886,2.1458208560943604,0.006117775104939938,0
mujoco,flat_forward,1,1,825,8.250000000000867,1.0,0.0,0.33067520329991756,0.0012286487356122278,-0.021376272291148884,0.5343856634623021,-0.043106996996086715,2.148653984069824,0.00632965425029397,0
mujoco,flat_forward,1,1,826,8.260000000000861,1.0,0.0,0.3306678829045901,0.0011765085137498616,-0.02137174950210718,0.5341249081105587,-0.049497979195387745,2.1466548442840576,0.00550118600949645,0
mujoco,flat_forward,1,1,827,8.270000000000856,1.0,0.0,0.33066342486780004,0.001148385672495666,-0.021381595104197657,0.5342262705639382,-0.044501562074166216,2.149536609649658,0.006148409564048052,0
mujoco,flat_forward,1,1,828,8.28000000000085,1.0,0.0,0.33065787410652503,0.0010926397111266882,-0.021381951830467018,0.5338159778957241,-0.04917657440069429,2.146474838256836,0.00850705523043871,0
mujoco,flat_forward,1,1,829,8.290000000000845,1.0,0.0,0.3306540120026612,0.0010635292881408006,-0.02140863056186468,0.5340953772548285,-0.04589848991502267,2.1498794555664062,0.008963603526353836,0
mujoco,flat_forward,1,1,830,8.30000000000084,1.0,0.0,0.3306478865115308,0.001005538538710482,-0.021401875315508478,0.5334960374235865,-0.04867112939197122,2.145749092102051,0.012092594057321548,0
mujoco,flat_forward,1,1,831,8.310000000000834,1.0,0.0,0.33064269024969695,0.000975553391223599,-0.021442317388033854,0.5339888732350077,-0.04744695399395971,2.150089979171753,0.01298314705491066,0
mujoco,flat_forward,1,1,832,8.320000000000828,1.0,0.0,0.33063470588374405,0.0009174100418851757,-0.02142409263563101,0.5331776676743323,-0.048393698904202684,2.1441659927368164,0.016685394570231438,0
mujoco,flat_forward,1,1,833,8.330000000000823,1.0,0.0,0.33062685613351317,0.0008870676722787381,-0.02148378004809953,0.5338833030292827,-0.049329053027629854,2.1498448848724365,0.017198024317622185,0
mujoco,flat_forward,1,1,834,8.340000000000817,1.0,0.0,0.33061604039874715,0.0008327647932492069,-0.021450253903117413,0.5328552006403581,-0.04838766308241965,2.1419317722320557,0.02209416963160038,0
mujoco,flat_forward,1,1,835,8.350000000000811,1.0,0.0,0.33060404285053074,0.0008029609050630936,-0.021533313264920785,0.5337699026115157,-0.05143151403274107,2.148980140686035,0.021535636857151985,0
mujoco,flat_forward,1,1,836,8.360000000000806,1.0,0.0,0.33058916529288784,0.0007550590687895008,-0.021475158370362138,0.5325430558806779,-0.04877762224464553,2.139345407485962,0.027116451412439346,0
mujoco,flat_forward,1,1,837,8.3700000000008,1.0,0.0,0.3305716504402101,0.0007263987749225794,-0.02157827991441097,0.5334839154518917,-0.051595474062415714,2.147336721420288,0.02549060806632042,0
mujoco,flat_forward,1,1,838,8.380000000000795,1.0,0.0,0.33055540922253884,0.0006982601422548242,-0.0214783840961355,0.5321611292796465,-0.04898233758511581,2.1383166313171387,0.02559261955320835,0
mujoco,flat_forward,1,1,839,8.39000000000079,1.0,0.0,0.3305372779500384,0.0006801674769510606,-0.02157444701723486,0.5330516387084103,-0.04994111320506736,2.146960496902466,0.02460833080112934,0
mujoco,flat_forward,1,1,840,8.400000000000784,1.0,0.0,0.33052317107278906,0.0006642210405649889,-0.021456990896995324,0.5317512894256247,-0.04858489812124708,2.139730215072632,0.022339725866913795,0
mujoco,flat_forward,1,1,841,8.410000000000778,1.0,0.0,0.3305078672279075,0.0006530813924649538,-0.021548969512466255,0.532537529096685,-0.04792775910791526,2.1475441455841064,0.021589035168290138,0
mujoco,flat_forward,1,1,842,8.420000000000773,1.0,0.0,0.33049838127560255,0.0006463813017931942,-0.021428304998483395,0.5313277979705001,-0.04871354339050571,2.1414337158203125,0.019119756296277046,0
mujoco,flat_forward,1,1,843,8.430000000000767,1.0,0.0,0.33048777375423133,0.0006406325021623695,-0.021516476421495755,0.5319621582209755,-0.04646387709152496,2.148108720779419,0.017846593633294106,0
mujoco,flat_forward,1,1,844,8.440000000000762,1.0,0.0,0.33048383003716897,0.0006388563504092036,-0.021400278437217524,0.5309087357636292,-0.04955314332681221,2.142942190170288,0.015330448746681213,0
mujoco,flat_forward,1,1,845,8.450000000000756,1.0,0.0,0.3304772696614529,0.0006352850483216088,-0.02151692511857109,0.5318363573290888,-0.04568659539941811,2.1480894088745117,0.013633071444928646,0
mujoco,flat_forward,1,1,846,8.46000000000075,1.0,0.0,0.33047092964185515,0.0006362279630783244,-0.02143447380847255,0.5308338447644265,-0.05064144622531657,2.1399424076080322,0.01818511076271534,0
mujoco,flat_forward,1,1,847,8.470000000000745,1.0,0.0,0.33045837450805343,0.0006334629394464,-0.021526805295398167,0.5315033846979129,-0.04502594350872586,2.147183418273926,0.016491180285811424,0
mujoco,flat_forward,1,1,848,8.48000000000074,1.0,0.0,0.33044888114458576,0.0006350346878566266,-0.021416038034979264,0.530641636506671,-0.05227796981965881,2.1420388221740723,0.013030553236603737,0
mujoco,flat_forward,1,1,849,8.490000000000734,1.0,0.0,0.33043637253561875,0.0006318643984863765,-0.02146597117582206,0.5310956837366759,-0.04477088927804279,2.148076295852661,0.013076280243694782,0
mujoco,flat_forward,1,1,850,8.500000000000728,1.0,0.0,0.3304294820829406,0.0006336514380555304,-0.021345321565592004,0.5304260445076527,-0.05412921419169534,2.1446516513824463,0.009605558589100838,0
mujoco,flat_forward,1,1,851,8.510000000000723,1.0,0.0,0.3304212242084309,0.0006303599007888487,-0.02137198443638941,0.5306926502672372,-0.044661298898058845,2.1482155323028564,0.009982037357985973,0
mujoco,flat_forward,1,1,852,8.520000000000717,1.0,0.0,0.3304194446213369,0.0006322559826145366,-0.021266452642240467,0.5302016519901482,-0.05631271979796431,2.1454062461853027,0.009041156619787216,0
mujoco,flat_forward,1,1,853,8.530000000000712,1.0,0.0,0.3304163726907901,0.0006293229376899219,-0.02128022478463032,0.5302836717659615,-0.044963980354152874,2.1468682289123535,0.009406043216586113,0
mujoco,flat_forward,1,1,854,8.540000000000706,1.0,0.0,0.33041879586686296,0.0006296630726588354,-0.021201173294671943,0.5299625975918685,-0.058811312374544934,2.145080804824829,0.009994295425713062,0
mujoco,flat_forward,1,1,855,8.5500000000007,1.0,0.0,0.33041927480917455,0.0006268611084796265,-0.02120831546041921,0.5300455146544328,-0.04234720053636537,2.145333766937256,0.011679300107061863,0
mujoco,flat_forward,1,1,856,8.560000000000695,1.0,0.0,0.330419478826755,0.0006333340525188653,-0.021191938336270994,0.5298486885043857,-0.05852269139106503,2.1424524784088135,0.014629741199314594,0
mujoco,flat_forward,1,1,857,8.57000000000069,1.0,0.0,0.3304156994628366,0.0006376154358332093,-0.021195550794327358,0.5297067336446734,-0.04224693055536812,2.1436874866485596,0.015299067832529545,0
mujoco,flat_forward,1,1,858,8.580000000000684,1.0,0.0,0.3304112956944367,0.0006422883730932012,-0.021190156961704707,0.5295032253394233,-0.05928508930843187,2.1425118446350098,0.014651457779109478,0
mujoco,flat_forward,1,1,859,8.590000000000678,1.0,0.0,0.33040847561356873,0.000651128537971333,-0.021180407537679167,0.5292944336732609,-0.043312063466565145,2.1450510025024414,0.013910692185163498,0
mujoco,flat_forward,1,1,860,8.600000000000673,1.0,0.0,0.3304068396152163,0.0006542612468221388,-0.021175012803414984,0.5292017682625243,-0.061644077364820936,2.1435511112213135,0.0129806287586689,0
mujoco,flat_forward,1,1,861,8.610000000000667,1.0,0.0,0.3304052100921153,0.000655998096177144,-0.021170259780074526,0.5291029412893008,-0.046338969030985666,2.1453022956848145,0.015023957006633282,0
mujoco,flat_forward,1,1,862,8.620000000000662,1.0,0.0,0.33040304597126213,0.0006504265397918219,-0.02116529060287544,0.5288660636206612,-0.061648633895879365,2.1434617042541504,0.013593701645731926,0
mujoco,flat_forward,1,1,863,8.630000000000656,1.0,0.0,0.330404082583956,0.0006539141388822526,-0.021142431471459253,0.5288669596565962,-0.044493982298107734,2.146374464035034,0.011033388786017895,0
mujoco,flat_forward,1,1,864,8.64000000000065,1.0,0.0,0.33040105630884525,0.0006643383821807256,-0.021149552193567733,0.5284908938842853,-0.05620554659351371,2.142453193664551,0.01592571847140789,0
mujoco,flat_forward,1,1,865,8.650000000000645,1.0,0.0,0.3304009411207573,0.0006848906446949944,-0.02113693824291004,0.52860987124509,-0.04202842725192715,2.148960828781128,0.013704273849725723,0
mujoco,flat_forward,1,1,866,8.66000000000064,1.0,0.0,0.3303978781790818,0.0007051577798802385,-0.021153786926585382,0.5281016683374772,-0.05285951598646038,2.1450273990631104,0.013504145666956902,0
mujoco,flat_forward,1,1,867,8.670000000000634,1.0,0.0,0.3304000999761413,0.0007332514127643668,-0.021154012023745495,0.5283933200094223,-0.041071728447811415,2.1525871753692627,0.01494133472442627,0
mujoco,flat_forward,1,1,868,8.680000000000629,1.0,0.0,0.33039967683809146,0.0007574337911137591,-0.021184112491564093,0.5277563735882813,-0.05016244313396249,2.147141218185425,0.015248715877532959,0
mujoco,flat_forward,1,1,869,8.690000000000623,1.0,0.0,0.3304050443912072,0.0007895764350029662,-0.021205776686825988,0.5282285771882745,-0.04069978595539655,2.154684066772461,0.015768487006425858,0
mujoco,flat_forward,1,1,870,8.700000000000617,1.0,0.0,0.3304060574641888,0.000812133507206668,-0.02126931851543779,0.527704917970529,-0.05177146598462049,2.1478352546691895,0.018209554255008698,0
mujoco,flat_forward,1,1,871,8.710000000000612,1.0,0.0,0.3304088524446278,0.0008373797261030306,-0.02132380056376687,0.5283167124334839,-0.04300602298757443,2.153700590133667,0.015916509553790092,0
mujoco,flat_forward,1,1,872,8.720000000000606,1.0,0.0,0.33040432692521354,0.000853579404224522,-0.021393207957542,0.5275633888742416,-0.05052042606139043,2.1465163230895996,0.019198305904865265,0
mujoco,flat_forward,1,1,873,8.7300000000006,1.0,0.0,0.33040207575663794,0.0008776792913924465,-0.021451213017176035,0.5282839801407384,-0.043297983986288896,2.153618812561035,0.018445400521159172,0
mujoco,flat_forward,1,1,874,8.740000000000595,1.0,0.0,0.3303929958254227,0.000895419660483068,-0.02151015532197312,0.5272981300665751,-0.048509025146340964,2.145719289779663,0.022678693756461143,0
mujoco,flat_forward,1,1,875,8.75000000000059,1.0,0.0,0.33038661794569485,0.0009212870278127064,-0.021573773176925826,0.5281977878975054,-0.0434506205857006,2.154221773147583,0.021664505824446678,0
mujoco,flat_forward,1,1,876,8.760000000000584,1.0,0.0,0.3303734832305145,0.0009418615929973813,-0.021619833261154655,0.5269729588864221,-0.046578604277425724,2.144602060317993,0.026841698214411736,0
mujoco,flat_forward,1,1,877,8.770000000000579,1.0,0.0,0.33036246493921223,0.0009675680853353679,-0.02169670257267706,0.528077065045509,-0.043934706724760936,2.154238224029541,0.024968434125185013,0
mujoco,flat_forward,1,1,878,8.780000000000573,1.0,0.0,0.3303443783861842,0.0009896863429625492,-0.02172424220234378,0.5266217637917965,-0.04524871542330468,2.142702579498291,0.03174957260489464,0
mujoco,flat_forward,1,1,879,8.790000000000568,1.0,0.0,0.3303269078920584,0.0010126652683158021,-0.02181741714229922,0.5279165602572234,-0.04489408036456986,2.1534476280212402,0.028566332533955574,0
mujoco,flat_forward,1,1,880,8.800000000000562,1.0,0.0,0.3303021584415206,0.0010347205717387167,-0.021815973818826054,0.526256899756962,-0.044497161637342575,2.140373706817627,0.03640332072973251,0
mujoco,flat_forward,1,1,881,8.810000000000556,1.0,0.0,0.330276288494357,0.0010559933130550817,-0.021915942347822688,0.5275521576301723,-0.044067519713137125,2.151892900466919,0.032197535037994385,0
mujoco,flat_forward,1,1,882,8.820000000000551,1.0,0.0,0.33024702211478085,0.0010876916593285434,-0.021855460502417393,0.525799717550835,-0.043811342093446,2.1394948959350586,0.03515957295894623,0
mujoco,flat_forward,1,1,883,8.830000000000545,1.0,0.0,0.33021712748870113,0.0011135911858573058,-0.021940163787120652,0.5272582998800824,-0.04494199390055244,2.1516640186309814,0.03172535449266434,0
mujoco,flat_forward,1,1,884,8.84000000000054,1.0,0.0,0.33018199816882654,0.0011402512500370895,-0.021866928337210413,0.5255410955064306,-0.04536016896524276,2.138758659362793,0.03744228929281235,0
mujoco,flat_forward,1,1,885,8.850000000000534,1.0,0.0,0.3301445859712036,0.0011601535523572707,-0.021928684045118385,0.5268499325830271,-0.04330929381680357,2.1512951850891113,0.033641356974840164,0
mujoco,flat_forward,1,1,886,8.860000000000529,1.0,0.0,0.33010564027155564,0.0011950376924172849,-0.021807540118006515,0.5251498325193058,-0.04457226181791651,2.1402547359466553,0.03308199718594551,0
mujoco,flat_forward,1,1,887,8.870000000000523,1.0,0.0,0.33006727391770685,0.0012222888947814614,-0.021832428530141338,0.5262608973875443,-0.04029641593664848,2.1519417762756348,0.03038564696907997,0
mujoco,flat_forward,1,1,888,8.880000000000518,1.0,0.0,0.33003128827047895,0.0012817484780060647,-0.02168331756175295,0.5246968810393857,-0.043926547633180685,2.1428136825561523,0.02855248935520649,0
mujoco,flat_forward,1,1,889,8.890000000000512,1.0,0.0,0.3299977825312291,0.0013221285175717239,-0.021684035112712222,0.5255781927176086,-0.03785646715181248,2.1526200771331787,0.026145044714212418,0
mujoco,flat_forward,1,1,890,8.900000000000507,1.0,0.0,0.32996892111159193,0.001403563645685935,-0.02152875746434213,0.5241882851139511,-0.04387500960605877,2.1448333263397217,0.024300914257764816,0
mujoco,flat_forward,1,1,891,8.910000000000501,1.0,0.0,0.32994236232262286,0.0014504238596655017,-0.021544763785658075,0.5251345107322,-0.03990141994709431,2.152780294418335,0.02210988476872444,0
mujoco,flat_forward,1,1,892,8.920000000000496,1.0,0.0,0.32991785403745705,0.0015263033156790095,-0.02141233866799753,0.5238361908345549,-0.04704804566013045,2.1438615322113037,0.02394758351147175,0
mujoco,flat_forward,1,1,893,8.93000000000049,1.0,0.0,0.3298938043854194,0.001567124231503704,-0.02140925854765811,0.5245304297724083,-0.03964698020387929,2.151854991912842,0.021928023546934128,0
mujoco,flat_forward,1,1,894,8.940000000000484,1.0,0.0,0.3298715182462555,0.0016782089911774522,-0.021316330753167276,0.5235521742720484,-0.04436447083217299,2.144901990890503,0.019549977034330368,0
mujoco,flat_forward,1,1,895,8.950000000000479,1.0,0.0,0.32984919659520207,0.0017375894095875964,-0.02131597460675789,0.5242006274049064,-0.04033285327391958,2.1504995822906494,0.01610174961388111,0
mujoco,flat_forward,1,1,896,8.960000000000473,1.0,0.0,0.32982705103137844,0.0018362652875434503,-0.021231208841395614,0.5233255480077319,-0.04704236307124711,2.1451892852783203,0.015309805981814861,0
mujoco,flat_forward,1,1,897,8.970000000000468,1.0,0.0,0.32980599846046565,0.0018809757014283564,-0.02120159848006804,0.5237258378801175,-0.04017590269202236,2.1505355834960938,0.015167799778282642,0
mujoco,flat_forward,1,1,898,8.980000000000462,1.0,0.0,0.32978864408990965,0.001982985853026374,-0.02111381103485601,0.5229668508226556,-0.04860577506963862,2.1465837955474854,0.01345739420503378,0
mujoco,flat_forward,1,1,899,8.990000000000457,1.0,0.0,0.32977515955043607,0.0020321921527802706,-0.02106495025485524,0.523114538497573,-0.039527607284612146,2.1499392986297607,0.01294688694179058,0
mujoco,flat_forward,1,1,900,9.000000000000451,1.0,0.0,0.3297654029915082,0.0021505130132861965,-0.021030141837865668,0.5227029814957573,-0.04624129836163648,2.147087574005127,0.013166406191885471,0
mujoco,flat_forward,1,1,901,9.010000000000446,1.0,0.0,0.32975732797370694,0.002207708084724285,-0.021013728282396636,0.5227890170812504,-0.040604658692510065,2.1472604274749756,0.011508619412779808,0
mujoco,flat_forward,1,1,902,9.02000000000044,1.0,0.0,0.3297499734479301,0.0023027058262331057,-0.020995481802949537,0.5224689394979984,-0.04962305232697549,2.145482063293457,0.011531081050634384,0
mujoco,flat_forward,1,1,903,9.030000000000435,1.0,0.0,0.32974450760006296,0.0023410875749973518,-0.02097341832153536,0.5222832875791309,-0.041556891201832015,2.1460883617401123,0.011474024504423141,0
mujoco,flat_forward,1,1,904,9.040000000000429,1.0,0.0,0.32974024561996446,0.0024398250160954627,-0.02097678391861518,0.5222596525906309,-0.04870042234336605,2.1450164318084717,0.013139598071575165,0
mujoco,flat_forward,1,1,905,9.050000000000423,1.0,0.0,0.32973582978053545,0.0024812779539596513,-0.020963416175421978,0.5220550029488319,-0.04364633666662089,2.143968343734741,0.013512681238353252,0
mujoco,flat_forward,1,1,906,9.060000000000418,1.0,0.0,0.3297306520540756,0.002557694287568105,-0.020969148936522967,0.5221145354929666,-0.05261435988762839,2.144026041030884,0.013730751350522041,0
mujoco,flat_forward,1,1,907,9.070000000000412,1.0,0.0,0.3297268953655936,0.0025840768796739385,-0.02091295170633498,0.521653400315041,-0.044752582959934194,2.142805576324463,0.013684798032045364,0
mujoco,flat_forward,1,1,908,9.080000000000407,1.0,0.0,0.3297233121664523,0.0026585568847582322,-0.020930971209381376,0.5220582599246327,-0.05183561251435491,2.1439621448516846,0.016736578196287155,0
mujoco,flat_forward,1,1,909,9.090000000000401,1.0,0.0,0.3297214089438421,0.0026937211230243846,-0.02083454957565978,0.5213175636672158,-0.04346245398133099,2.140281915664673,0.017022520303726196,0
mujoco,flat_forward,1,1,910,9.100000000000396,1.0,0.0,0.32971967151988923,0.002756698161462503,-0.020854539442882753,0.5218617250163007,-0.054198850072108395,2.14448881149292,0.020645588636398315,0
mujoco,flat_forward,1,1,911,9.11000000000039,1.0,0.0,0.3297197316721692,0.002773643108952266,-0.02076450075369418,0.521224219544234,-0.048440186200871836,2.1397526264190674,0.021016763523221016,0
mujoco,flat_forward,1,1,912,9.120000000000385,1.0,0.0,0.32971801008532675,0.002816685368596695,-0.020829431089802574,0.5219263903664806,-0.05408952159453601,2.1427619457244873,0.02111370675265789,0
mujoco,flat_forward,1,1,913,9.13000000000038,1.0,0.0,0.3297207895863202,0.002841035052961048,-0.020692550915163227,0.5210119698401623,-0.04802983946479295,2.1378355026245117,0.01640000194311142,0
mujoco,flat_forward,1,1,914,9.140000000000374,1.0,0.0,0.32972361716097637,0.002876583086601371,-0.020732329542021217,0.5216082463760715,-0.053255527512223094,2.1442081928253174,0.022035587579011917,0
mujoco,flat_forward,1,1,915,9.150000000000368,1.0,0.0,0.3297364276874019,0.0029000724247847604,-0.020559458592965665,0.5206882512221626,-0.04922678758524602,2.141242742538452,0.013811418786644936,0
mujoco,flat_forward,1,1,916,9.160000000000363,1.0,0.0,0.3297517253228629,0.0029248467777184045,-0.020614317783782227,0.5213543873375901,-0.049264669867492984,2.1468265056610107,0.019318576902151108,0
mujoco,flat_forward,1,1,917,9.170000000000357,1.0,0.0,0.3297775739236295,0.0029460122898922057,-0.02044972442236328,0.5203766605809583,-0.04922117769075789,2.142421007156372,0.012100022286176682,0
mujoco,flat_forward,1,1,918,9.180000000000351,1.0,0.0,0.3298049852103882,0.0029637703665442044,-0.020528834942903716,0.5213749029144221,-0.04917510033434739,2.1493077278137207,0.01873055286705494,0
mujoco,flat_forward,1,1,919,9.190000000000346,1.0,0.0,0.3298382066456842,0.002979440483406472,-0.020391870413120537,0.520358533402795,-0.052298915574095974,2.1420083045959473,0.015475898049771786,0
mujoco,flat_forward,1,1,920,9.20000000000034,1.0,0.0,0.3298704380106382,0.0029950827245084862,-0.020456866452695607,0.5213729542832206,-0.04726458453597522,2.1511783599853516,0.022051198408007622,0
mujoco,flat_forward,1,1,921,9.210000000000335,1.0,0.0,0.3299083609652789,0.0030179828970591685,-0.02031216467476867,0.5203097314734236,-0.05281770764587441,2.1441712379455566,0.014869092032313347,0
mujoco,flat_forward,1,1,922,9.22000000000033,1.0,0.0,0.3299463867157471,0.0030314939420046437,-0.020371066634561365,0.5216186641207798,-0.048314949839493485,2.154723644256592,0.023124510422348976,0
mujoco,flat_forward,1,1,923,9.230000000000324,1.0,0.0,0.3299866415545208,0.0030521309036851156,-0.02025559340115861,0.5205443494933802,-0.05561465782261134,2.144357681274414,0.01932922564446926,0
mujoco,flat_forward,1,1,924,9.240000000000318,1.0,0.0,0.33002627536139245,0.0030571619236051837,-0.020288542626191553,0.5216306132551478,-0.049639525782945934,2.15655779838562,0.026476621627807617,0
mujoco,flat_forward,1,1,925,9.250000000000313,1.0,0.0,0.33007248651683296,0.003070056855425931,-0.020163267596550835,0.5206700435556468,-0.058949256924151476,2.1490864753723145,0.015773460268974304,0
mujoco,flat_forward,1,1,926,9.260000000000307,1.0,0.0,0.3301209706215759,0.0030649489621531736,-0.020214737465561405,0.521953187579425,-0.05256716837892553,2.1587846279144287,0.02221125178039074,0
mujoco,flat_forward,1,1,927,9.270000000000302,1.0,0.0,0.33017024635093106,0.003079466207193615,-0.02019206946643335,0.5210901132637098,-0.060806946055659734,2.149031162261963,0.01987079530954361,0
mujoco,flat_forward,1,1,928,9.280000000000296,1.0,0.0,0.3302185461551068,0.0030774880948671673,-0.020269462815488838,0.5220048872675424,-0.051446567140577576,2.157719135284424,0.02067839540541172,0
mujoco,flat_forward,1,1,929,9.29000000000029,1.0,0.0,0.3302668047694575,0.0031000920730400216,-0.020318280406108932,0.5215408887837747,-0.05812204786224001,2.152174234390259,0.015716571360826492,0
mujoco,flat_forward,1,1,930,9.300000000000285,1.0,0.0,0.33031418508731514,0.003105146513969153,-0.02040028113336481,0.5220851603964876,-0.047948228019451956,2.1574790477752686,0.013806305825710297,0
mujoco,flat_forward,1,1,931,9.31000000000028,1.0,0.0,0.33036168405147737,0.003126065492343675,-0.020448874958769115,0.5219506549041153,-0.05851638024956887,2.1568167209625244,0.012058368884027004,0
mujoco,flat_forward,1,1,932,9.320000000000274,1.0,0.0,0.33040898560964777,0.003123901117356942,-0.020524487270457803,0.5223503077105839,-0.04694484577187116,2.1601006984710693,0.013118911534547806,0
mujoco,flat_forward,1,1,933,9.330000000000268,1.0,0.0,0.3304550925798588,0.003139562759908539,-0.020620040321303303,0.5226141737773141,-0.056353469178918106,2.160428285598755,0.013278193771839142,0
mujoco,flat_forward,1,1,934,9.340000000000263,1.0,0.0,0.3304986950781206,0.0031232101029446367,-0.020700807701361502,0.522865303989921,-0.0445620055610548,2.1611080169677734,0.012570724822580814,0
mujoco,flat_forward,1,1,935,9.350000000000257,1.0,0.0,0.33053928937487076,0.0031249671048874522,-0.020829493469202195,0.5232815494886004,-0.05736040443087744,2.1626689434051514,0.014183261431753635,0
mujoco,flat_forward,1,1,936,9.360000000000252,1.0,0.0,0.33057759783517243,0.0030856782068857933,-0.02090562135803388,0.523397561825863,-0.044597127902233906,2.162261486053467,0.016618747264146805,0
mujoco,flat_forward,1,1,937,9.370000000000246,1.0,0.0,0.33061162792421345,0.003066901740889278,-0.021069027159540784,0.523833044338671,-0.057243615287460754,2.1640663146972656,0.016075124964118004,0
mujoco,flat_forward,1,1,938,9.38000000000024,1.0,0.0,0.3306470003888952,0.0030292149397746,-0.02115108828317658,0.5238511221557428,-0.044893013381918104,2.164271593093872,0.015068522654473782,0
mujoco,flat_forward,1,1,939,9.390000000000235,1.0,0.0,0.33067686091268095,0.0030106386224834896,-0.02136071020874475,0.5243624686306214,-0.05158127751687165,2.1653833389282227,0.013661554083228111,0
mujoco,flat_forward,1,1,940,9.40000000000023,1.0,0.0,0.3307075890878086,0.0029809096980136546,-0.0214437888897391,0.5242691474849748,-0.04155756581674984,2.1661458015441895,0.012262709438800812,0
mujoco,flat_forward,1,1,941,9.410000000000224,1.0,0.0,0.3307315890087686,0.0029568655315076234,-0.0216492661105642,0.5247069437367017,-0.04789714628614638,2.1683385372161865,0.010475870221853256,0
mujoco,flat_forward,1,1,942,9.420000000000218,1.0,0.0,0.3307585069510966,0.0029137189514212973,-0.021711653614980567,0.5246745135939834,-0.04052785323340434,2.170501708984375,0.010655759833753109,0
mujoco,flat_forward,1,1,943,9.430000000000213,1.0,0.0,0.33077984964946633,0.0028597457961666395,-0.02188265707934577,0.525087078801966,-0.05272010044503501,2.171717405319214,0.007043981924653053,0
mujoco,flat_forward,1,1,944,9.440000000000207,1.0,0.0,0.3308030814676685,0.0027692188205953668,-0.021951168945254684,0.52531345396404,-0.04487933409012339,2.173581600189209,0.011666030623018742,0
mujoco,flat_forward,1,1,945,9.450000000000202,1.0,0.0,0.3308184883967789,0.0026925816919419372,-0.022125815046546815,0.5255455662718,-0.0520754065597128,2.171529531478882,0.00908481515944004,0
mujoco,flat_forward,1,1,946,9.460000000000196,1.0,0.0,0.33083578548049736,0.002616621007779136,-0.022190144107284746,0.5258175672544286,-0.044500835261545864,2.1734371185302734,0.008125519379973412,0
mujoco,flat_forward,1,1,947,9.47000000000019,1.0,0.0,0.33084440529108333,0.002547004617230705,-0.02235473950387935,0.5258319581031528,-0.049483971668037634,2.1699986457824707,0.01026612613350153,0
mujoco,flat_forward,1,1,948,9.480000000000185,1.0,0.0,0.33085472446186903,0.0024775693611498385,-0.022418997797302376,0.526214254479063,-0.043993314227663845,2.173405647277832,0.008644649758934975,0
mujoco,flat_forward,1,1,949,9.49000000000018,1.0,0.0,0.3308563672146552,0.0024156332404661573,-0.022543380777304542,0.5257428315840668,-0.04346823314632081,2.1689870357513428,0.012647240422666073,0
mujoco,flat_forward,1,1,950,9.500000000000174,1.0,0.0,0.33086190872529736,0.002362391775308907,-0.02259747639440334,0.5263675172824518,-0.04192693790782358,2.175786256790161,0.013469981960952282,0
mujoco,flat_forward,1,1,951,9.510000000000169,1.0,0.0,0.33085894195701643,0.0022971842382171425,-0.02270527526889542,0.5257316983942215,-0.04129671451108331,2.1691062450408936,0.019666926935315132,0
mujoco,flat_forward,1,1,952,9.520000000000163,1.0,0.0,0.33085718090796784,0.002230805519272398,-0.02278220354431709,0.5266559792244756,-0.042786059930740625,2.1764659881591797,0.016646750271320343,0
mujoco,flat_forward,1,1,953,9.530000000000157,1.0,0.0,0.3308446791894867,0.0021579252680818005,-0.02287505908095778,0.525857193691058,-0.04083826449100253,2.1675124168395996,0.02532339096069336,0
mujoco,flat_forward,1,1,954,9.540000000000152,1.0,0.0,0.3308304815966336,0.0020813224670369794,-0.022968878331318773,0.5270199015455372,-0.04426729451706248,2.175384759902954,0.020401613786816597,0
mujoco,flat_forward,1,1,955,9.550000000000146,1.0,0.0,0.3308058765882495,0.001994486523758316,-0.023003024355340743,0.5258665490546279,-0.04409953931987296,2.1649487018585205,0.030359506607055664,0
mujoco,flat_forward,1,1,956,9.56000000000014,1.0,0.0,0.3307791494862459,0.0019030678239662462,-0.023099400505834002,0.5271289102875361,-0.04580475554003954,2.1743626594543457,0.026065411046147346,0
mujoco,flat_forward,1,1,957,9.570000000000135,1.0,0.0,0.3307457789542891,0.0018427954924019787,-0.023091752921214473,0.5258900250579092,-0.044350581647006886,2.162626028060913,0.03189457207918167,0
mujoco,flat_forward,1,1,958,9.58000000000013,1.0,0.0,0.3307093578354835,0.001761662815637322,-0.023175982526282574,0.5270253215658645,-0.0433420708058686,2.1717689037323,0.025511115789413452,0
mujoco,flat_forward,1,1,959,9.590000000000124,1.0,0.0,0.330667591517357,0.0017074885974742494,-0.02313345892630451,0.5258156132452468,-0.04291254266668901,2.1623566150665283,0.02881225384771824,0
mujoco,flat_forward,1,1,960,9.600000000000119,1.0,0.0,0.33062270011146644,0.0016352153862655779,-0.023196425261451242,0.5268393674727397,-0.04011027117186109,2.171030282974243,0.02308018133044243,0
mujoco,flat_forward,1,1,961,9.610000000000113,1.0,0.0,0.3305758627644423,0.0015885584334098973,-0.02309167154634111,0.5255945656604192,-0.045104048143908414,2.163445234298706,0.0259895920753479,0
mujoco,flat_forward,1,1,962,9.620000000000108,1.0,0.0,0.33052745334388556,0.0015189640416785725,-0.02313027261272907,0.5265481224966065,-0.03933974484391562,2.1718969345092773,0.022109534591436386,0
mujoco,flat_forward,1,1,963,9.630000000000102,1.0,0.0,0.3304786661664363,0.001479149364651869,-0.02302407202487828,0.5254692834553361,-0.04522195020772272,2.1640231609344482,0.024805137887597084,0
mujoco,flat_forward,1,1,964,9.640000000000096,1.0,0.0,0.33042829917458083,0.0014319648194882765,-0.023022314264489113,0.5259381605451071,-0.03328681307070052,2.170306444168091,0.018906405195593834,0
mujoco,flat_forward,1,1,965,9.650000000000091,1.0,0.0,0.33038056427647966,0.0014191147479089394,-0.02290849603173289,0.5250713590883234,-0.04236143587201832,2.1657116413116455,0.019238511100411415,0
mujoco,flat_forward,1,1,966,9.660000000000085,1.0,0.0,0.3303318557493745,0.0013875715660692095,-0.02289529420093154,0.5253098468620266,-0.032645091305571555,2.169534921646118,0.015801815316081047,0
mujoco,flat_forward,1,1,967,9.67000000000008,1.0,0.0,0.33028946597445635,0.0013666467149625234,-0.022756725794958407,0.5246889300163171,-0.04666335194771818,2.1671855449676514,0.012279522605240345,0
mujoco,flat_forward,1,1,968,9.680000000000074,1.0,0.0,0.33024695605973964,0.0013253320962597255,-0.022720369855669765,0.5248334692970084,-0.03439536532837967,2.168238878250122,0.013869869522750378,0
mujoco,flat_forward,1,1,969,9.690000000000069,1.0,0.0,0.33020867456847625,0.0012958194936919006,-0.02259646377104895,0.5243500617695022,-0.050025705924815235,2.164733648300171,0.013110852800309658,0
mujoco,flat_forward,1,1,970,9.700000000000063,1.0,0.0,0.3301682053576971,0.0012545572790293455,-0.022544323691164755,0.5243097569141049,-0.03567585866149951,2.164682149887085,0.014427698217332363,0
mujoco,flat_forward,1,1,971,9.710000000000058,1.0,0.0,0.33012984169349135,0.0012216615403023835,-0.02243255730429048,0.5239201995900233,-0.053349561864874766,2.1614420413970947,0.013657361268997192,0
mujoco,flat_forward,1,1,972,9.720000000000052,1.0,0.0,0.3300889772440456,0.001179861328627379,-0.02236758814102827,0.5236858657628951,-0.0374309113544995,2.161345958709717,0.01605989597737789,0
mujoco,flat_forward,1,1,973,9.730000000000047,1.0,0.0,0.33004928086077717,0.0011430192376733039,-0.022264180190741625,0.5232283331576296,-0.055112564873664206,2.1581573486328125,0.015098171308636665,0
mujoco,flat_forward,1,1,974,9.740000000000041,1.0,0.0,0.33001228616911227,0.0011131661048831318,-0.02215650916274664,0.5228496218758316,-0.039196461552982835,2.1598517894744873,0.01371296588331461,0
mujoco,flat_forward,1,1,975,9.750000000000036,1.0,0.0,0.32997815997563684,0.0010840373920584774,-0.0220421737960273,0.5223097121369226,-0.05512979200393025,2.1574127674102783,0.012714864686131477,0
mujoco,flat_forward,1,1,976,9.76000000000003,1.0,0.0,0.329950380876634,0.0010673004838951555,-0.021902786357247416,0.5220625532392018,-0.03791180859084593,2.1605191230773926,0.012778732925653458,0
mujoco,flat_forward,1,1,977,9.770000000000024,1.0,0.0,0.32992066307026824,0.0010566295071596167,-0.02184013098499512,0.5217016993924245,-0.05422069885403516,2.1558666229248047,0.01569882035255432,0
mujoco,flat_forward,1,1,978,9.780000000000019,1.0,0.0,0.3298930280132149,0.0010534788684878277,-0.021732927174723533,0.5215064700198269,-0.039326222819635256,2.1590774059295654,0.0148094417527318,0
mujoco,flat_forward,1,1,979,9.790000000000013,1.0,0.0,0.32986226323996326,0.0010487136379591637,-0.02166944395952325,0.5210191804141368,-0.05304530168862433,2.156101942062378,0.01304195262491703,0
mujoco,flat_forward,1,1,980,9.800000000000008,1.0,0.0,0.3298379634843312,0.0010556970295315159,-0.02154753897612406,0.5209286034216138,-0.03941310608658413,2.161367177963257,0.013820109888911247,0
mujoco,flat_forward,1,1,981,9.810000000000002,1.0,0.0,0.3298137424441716,0.0010585257882797427,-0.02147529060382818,0.5203040911875348,-0.05110847640791655,2.157482624053955,0.012784055434167385,0
mujoco,flat_forward,1,1,982,9.819999999999997,1.0,0.0,0.329799330478518,0.001074482922160594,-0.021363186644273356,0.5203870050606451,-0.0392869375505584,2.1636464595794678,0.014984358102083206,0
mujoco,flat_forward,1,1,983,9.829999999999991,1.0,0.0,0.32978452636537386,0.0010892612291094849,-0.0213356407394081,0.5197728326444739,-0.04581881127556009,2.1580698490142822,0.014608894474804401,0
mujoco,flat_forward,1,1,984,9.839999999999986,1.0,0.0,0.32977900790901804,0.0011167658053992551,-0.021251687438296054,0.5199875823869041,-0.03789566610791548,2.1639795303344727,0.014582839794456959,0
mujoco,flat_forward,1,1,985,9.84999999999998,1.0,0.0,0.3297716282245879,0.001136238181309138,-0.021255631416409446,0.5194827959890472,-0.047966564054979705,2.158555746078491,0.014278086833655834,0
mujoco,flat_forward,1,1,986,9.859999999999975,1.0,0.0,0.3297714295630475,0.001158549421961123,-0.02120216846692795,0.5198483107275939,-0.0418058192221984,2.1640732288360596,0.015178673900663853,0
mujoco,flat_forward,1,1,987,9.869999999999969,1.0,0.0,0.32976811496627745,0.0011728118635340335,-0.021208188711998293,0.5191401512844205,-0.048499584529237916,2.1588733196258545,0.014319561421871185,0
mujoco,flat_forward,1,1,988,9.879999999999963,1.0,0.0,0.32977334195369146,0.0011934704782626815,-0.021160695144079242,0.5196500067585866,-0.04347579640820674,2.165766716003418,0.018297355622053146,0
mujoco,flat_forward,1,1,989,9.889999999999958,1.0,0.0,0.3297766277368248,0.0012085314720280665,-0.021160823422395086,0.518693614249382,-0.04774963676499702,2.1590001583099365,0.01778547652065754,0
mujoco,flat_forward,1,1,990,9.899999999999952,1.0,0.0,0.3297889262987047,0.0012288819405701513,-0.021133104457676584,0.5194018560516528,-0.044854799068880825,2.1669507026672363,0.021849574521183968,0
mujoco,flat_forward,1,1,991,9.909999999999947,1.0,0.0,0.3297964070157135,0.0012451211106279635,-0.021205167206691727,0.5186633114331934,-0.04741407563879648,2.1578028202056885,0.02226240187883377,0
mujoco,flat_forward,1,1,992,9.919999999999941,1.0,0.0,0.32980788931730426,0.0012625611559614622,-0.021216116558101503,0.5194144590924631,-0.047111722038592645,2.1642136573791504,0.020098572596907616,0
mujoco,flat_forward,1,1,993,9.929999999999936,1.0,0.0,0.32981260283193425,0.0012782207704528882,-0.021266020396175245,0.5184408347046578,-0.04783847842675419,2.156609296798706,0.020554138347506523,0
mujoco,flat_forward,1,1,994,9.93999999999993,1.0,0.0,0.329822567733316,0.0012937416986679579,-0.02127298978399213,0.5193541875953188,-0.049754574536273084,2.165431499481201,0.02406477741897106,0
mujoco,flat_forward,1,1,995,9.949999999999925,1.0,0.0,0.3298279512352162,0.0013099862796797938,-0.021287373334538933,0.5181669908190779,-0.048672141217636605,2.156463384628296,0.024665918201208115,0
mujoco,flat_forward,1,1,996,9.95999999999992,1.0,0.0,0.3298389854400344,0.0013227498164809397,-0.021303615459844192,0.5192578574970121,-0.05237044858263573,2.1662588119506836,0.027790578082203865,0
mujoco,flat_forward,1,1,997,9.969999999999914,1.0,0.0,0.32984646801619233,0.0013389850150249424,-0.021307052602769563,0.5178649400559586,-0.049745457859517554,2.155062198638916,0.029013345018029213,0
mujoco,flat_forward,1,1,998,9.979999999999908,1.0,0.0,0.3298586474713712,0.0013490415896125338,-0.021333593830098193,0.5189163463329974,-0.0532723372170356,2.1647655963897705,0.030042458325624466,0
mujoco,flat_forward,1,1,999,9.989999999999903,1.0,0.0,0.3298692612831668,0.0013854558941785303,-0.02134507911963289,0.5176263197908259,-0.04660289694084684,2.1542792320251465,0.02707841247320175,0
mujoco,flat_forward,1,1,1000,9.999999999999897,1.0,0.0,0.3298827507096822,0.0014083343176472093,-0.021369374089582678,0.5187086028024019,-0.05327183541428173,2.1632726192474365,0.026058340445160866,0
mujoco,flat_forward,1,1,1001,10.009999999999891,1.0,0.0,0.32989165270199583,0.0014388468667083545,-0.021381499489226498,0.517577571746459,-0.04874778655067266,2.155410051345825,0.02544553577899933,0
mujoco,flat_forward,1,1,1002,10.019999999999886,1.0,0.0,0.3299022279511467,0.001452164353344781,-0.021390174689956624,0.5184959264682718,-0.05278516928239322,2.1646053791046143,0.02631974406540394,0
mujoco,flat_forward,1,1,1003,10.02999999999988,1.0,0.0,0.3299122194033257,0.0014872912384145415,-0.021363798322024653,0.5174287988821757,-0.04903568882815179,2.158996820449829,0.019658099859952927,0
mujoco,flat_forward,1,1,1004,10.039999999999875,1.0,0.0,0.3299268288226414,0.0015024982967998222,-0.021349655258538727,0.5181619189673421,-0.051087996191417025,2.16660213470459,0.021994851529598236,0
mujoco,flat_forward,1,1,1005,10.04999999999987,1.0,0.0,0.32994327946675633,0.001554807178923531,-0.02134854404299571,0.5174434401051705,-0.045211249184326126,2.1624112129211426,0.015072807669639587,0
mujoco,flat_forward,1,1,1006,10.059999999999864,1.0,0.0,0.32996341047392375,0.001583568061672433,-0.02134285019989596,0.5178230941213573,-0.04708691910860326,2.165827751159668,0.013909791596233845,0
mujoco,flat_forward,1,1,1007,10.069999999999858,1.0,0.0,0.32998603808631033,0.0016396038613113394,-0.021338856681367688,0.5173287344522436,-0.044934969198505134,2.165480613708496,0.008398231118917465,0
mujoco,flat_forward,1,1,1008,10.079999999999853,1.0,0.0,0.3300124654883577,0.0016614224582702415,-0.021354793060396744,0.5177830723619288,-0.049948798354491494,2.1676087379455566,0.008530114777386189,0
mujoco,flat_forward,1,1,1009,10.089999999999847,1.0,0.0,0.33003928946929517,0.0016965427546689266,-0.021366054676858866,0.5174540701418345,-0.04930217193889682,2.1663424968719482,0.00727935042232275,0
mujoco,flat_forward,1,1,1010,10.099999999999842,1.0,0.0,0.3300678305446353,0.0017001515826519744,-0.021380961312511042,0.5177141920540759,-0.05085007993999068,2.1682193279266357,0.007787626702338457,0
mujoco,flat_forward,1,1,1011,10.109999999999836,1.0,0.0,0.3300973245807239,0.0017304840794591032,-0.021404454086111278,0.517671939051047,-0.04768387208869195,2.167875289916992,0.006685541942715645,0
mujoco,flat_forward,1,1,1012,10.11999999999983,1.0,0.0,0.3301265945001885,0.00173610019554605,-0.021416252015433915,0.5176706680377129,-0.048726725669671324,2.1674153804779053,0.004950729664415121,0
mujoco,flat_forward,1,1,1013,10.129999999999825,1.0,0.0,0.33015718949283257,0.001766975410324471,-0.021445872021809916,0.517733235755835,-0.04897628801060213,2.1694834232330322,0.00820693839341402,0
mujoco,flat_forward,1,1,1014,10.13999999999982,1.0,0.0,0.3301889212138543,0.0017700831454668248,-0.02145065622855633,0.517543378058957,-0.04917952831819206,2.1683390140533447,0.007045246195048094,0
mujoco,flat_forward,1,1,1015,10.149999999999814,1.0,0.0,0.330222349989651,0.0017962663333200698,-0.021515378627532267,0.5179538427133147,-0.04836312452518699,2.170964002609253,0.010249743238091469,0
mujoco,flat_forward,1,1,1016,10.159999999999808,1.0,0.0,0.33025405361880233,0.0018011214348866715,-0.02152027578651761,0.5174888298924603,-0.04751580565890471,2.1665773391723633,0.011886312626302242,0
mujoco,flat_forward,1,1,1017,10.169999999999803,1.0,0.0,0.3302854585557871,0.0018220687083532973,-0.02159966896259036,0.5181048220853894,-0.05052293406559485,2.172353506088257,0.015626920387148857,0
mujoco,flat_forward,1,1,1018,10.179999999999797,1.0,0.0,0.3303141499427884,0.0018104552459018367,-0.0216185215519849,0.5177555721319931,-0.05215168370853425,2.1668710708618164,0.016611889004707336,0
mujoco,flat_forward,1,1,1019,10.189999999999792,1.0,0.0,0.33034015539877326,0.0018096200427817305,-0.021721384313475478,0.518515140836246,-0.05598585389148497,2.171602964401245,0.016620909795165062,0
mujoco,flat_forward,1,1,1020,10.199999999999786,1.0,0.0,0.33036324419918595,0.0017808067374161375,-0.021713342739774735,0.5179241463619817,-0.05423623013286649,2.165343999862671,0.017897646874189377,0
mujoco,flat_forward,1,1,1021,10.20999999999978,1.0,0.0,0.330383563648928,0.0017689965247697714,-0.02184950237063447,0.5190419314065196,-0.055798669453878215,2.1710405349731445,0.02097410522401333,0
mujoco,flat_forward,1,1,1022,10.219999999999775,1.0,0.0,0.33039933848934566,0.0017462478855362095,-0.021821050794170276,0.5180747263859138,-0.05320874156221598,2.160520553588867,0.0258785393089056,0
mujoco,flat_forward,1,1,1023,10.22999999999977,1.0,0.0,0.3304102912611968,0.0017351705666472594,-0.021963033716088428,0.5192012996943418,-0.05605439591768377,2.1701748371124268,0.027446866035461426,0
mujoco,flat_forward,1,1,1024,10.239999999999764,1.0,0.0,0.33042207358690784,0.0017188225066063778,-0.021882952004092883,0.5181415848903058,-0.054670552408957934,2.161062479019165,0.024576546624302864,0
mujoco,flat_forward,1,1,1025,10.249999999999758,1.0,0.0,0.33043175850647344,0.0017095432942684351,-0.02198885984621399,0.5189562548654976,-0.05253990854127552,2.1713125705718994,0.026149168610572815,0
mujoco,flat_forward,1,1,1026,10.259999999999753,1.0,0.0,0.33045000120699536,0.001706496751605987,-0.021874111840781033,0.5179239052518142,-0.0535127522106159,2.1665303707122803,0.01674705371260643,0
mujoco,flat_forward,1,1,1027,10.269999999999747,1.0,0.0,0.3304694316137796,0.0017068280794713157,-0.021984841830206582,0.518870632368116,-0.04745237204734581,2.173903465270996,0.018554620444774628,0
mujoco,flat_forward,1,1,1028,10.279999999999742,1.0,0.0,0.33049403059601484,0.0017117040088149066,-0.021898484647637897,0.517942056804543,-0.05238207116061002,2.1671369075775146,0.017768830060958862,0
mujoco,flat_forward,1,1,1029,10.289999999999736,1.0,0.0,0.33051568684387256,0.0017116311804952495,-0.02201533941758972,0.5187877613490262,-0.04656144846487618,2.175077199935913,0.018061185255646706,0
mujoco,flat_forward,1,1,1030,10.29999999999973,1.0,0.0,0.33054191765466795,0.0017114736721899192,-0.021938309933786673,0.5180472659017694,-0.0548124250318318,2.1699862480163574,0.014458911493420601,0
mujoco,flat_forward,1,1,1031,10.309999999999725,1.0,0.0,0.3305645510774489,0.0016947263160738857,-0.022043916202892273,0.518759004578315,-0.04745242433149131,2.1764721870422363,0.014910783618688583,0
mujoco,flat_forward,1,1,1032,10.31999999999972,1.0,0.0,0.3305915035852637,0.0016796321376504814,-0.021981937452306085,0.518230741596981,-0.057513338798446764,2.172795534133911,0.01089042704552412,0
mujoco,flat_forward,1,1,1033,10.329999999999714,1.0,0.0,0.33061428479819577,0.001637510997513018,-0.022081503157614993,0.5189146775830255,-0.044814384837003104,2.177018642425537,0.012049400247633457,0
mujoco,flat_forward,1,1,1034,10.339999999999709,1.0,0.0,0.3306366546933096,0.0016140301485652747,-0.022066857551530983,0.5185041510469057,-0.057054050435310116,2.1715683937072754,0.014069866389036179,0
mujoco,flat_forward,1,1,1035,10.349999999999703,1.0,0.0,0.3306524658107788,0.0015580870354865853,-0.022147596664412374,0.5189547662758033,-0.04433541450699652,2.17604398727417,0.013204840011894703,0
mujoco,flat_forward,1,1,1036,10.359999999999697,1.0,0.0,0.3306675885703671,0.0015219648102878774,-0.022147181998144555,0.5187890814948495,-0.059550921229430245,2.1734161376953125,0.011774996295571327,0
mujoco,flat_forward,1,1,1037,10.369999999999692,1.0,0.0,0.33067760396356555,0.0014473194554217293,-0.02219941945546379,0.5190756122064576,-0.04555259884253543,2.1760597229003906,0.014426822774112225,0
mujoco,flat_forward,1,1,1038,10.379999999999686,1.0,0.0,0.33068659352673047,0.0013951472525761375,-0.02221935325038285,0.5191450282500457,-0.06254148881396872,2.1746666431427,0.012849308550357819,0
mujoco,flat_forward,1,1,1039,10.38999999999968,1.0,0.0,0.33069143546820706,0.0013082417106701244,-0.02225516382174942,0.5192741205551238,-0.046802072973618596,2.175057888031006,0.016387145966291428,0
mujoco,flat_forward,1,1,1040,10.399999999999675,1.0,0.0,0.33069443801701043,0.0012433063980547244,-0.022285066844023357,0.5193397015957679,-0.06314404959466252,2.1737334728240967,0.015065734274685383,0
mujoco,flat_forward,1,1,1041,10.40999999999967,1.0,0.0,0.3306967834687471,0.0011729373459006126,-0.022309423273058186,0.5194235722242722,-0.04745630414612457,2.174879312515259,0.014136706478893757,0
mujoco,flat_forward,1,1,1042,10.419999999999664,1.0,0.0,0.33069784779032735,0.0011095641203239172,-0.02233493993711497,0.5193623700386464,-0.06207433344694013,2.172825813293457,0.013243590481579304,0
mujoco,flat_forward,1,1,1043,10.429999999999659,1.0,0.0,0.3307000579581281,0.0010467637184839076,-0.022355391993631374,0.5195136127572489,-0.04751507762335898,2.1765949726104736,0.012735811993479729,0
mujoco,flat_forward,1,1,1044,10.439999999999653,1.0,0.0,0.3307013782857447,0.0009835552247294634,-0.022368869434923135,0.5190687253150851,-0.05702225162120619,2.173335075378418,0.011771140620112419,0
mujoco,flat_forward,1,1,1045,10.449999999999648,1.0,0.0,0.33070899657299707,0.0009430972374927009,-0.022371700194794772,0.5192996025004238,-0.045438237171734175,2.180572748184204,0.012661467306315899,0
mujoco,flat_forward,1,1,1046,10.459999999999642,1.0,0.0,0.33071650332774566,0.0008802936286661919,-0.02238354860189903,0.5187893036235046,-0.05486673930567719,2.1751651763916016,0.013130493462085724,0
mujoco,flat_forward,1,1,1047,10.469999999999636,1.0,0.0,0.3307286049115634,0.000836075611546583,-0.022415357067683106,0.5192991069051224,-0.04649162152676847,2.1827495098114014,0.01449940912425518,0
mujoco,flat_forward,1,1,1048,10.479999999999631,1.0,0.0,0.33073769676735104,0.0007595703486709786,-0.02244677263339039,0.5186493042695202,-0.054429892063506694,2.1752142906188965,0.017232922837138176,0
mujoco,flat_forward,1,1,1049,10.489999999999625,1.0,0.0,0.3307488142983982,0.0007076605687233269,-0.022504711595776113,0.5194089940634241,-0.0483417249904549,2.1830921173095703,0.017190514132380486,0
mujoco,flat_forward,1,1,1050,10.49999999999962,1.0,0.0,0.3307548319689825,0.0006223543570325376,-0.022540947852156407,0.5185725034061601,-0.054454624709459304,2.1739888191223145,0.02175150439143181,0
mujoco,flat_forward,1,1,1051,10.509999999999614,1.0,0.0,0.3307609489419973,0.0005657292427815699,-0.022622174387235773,0.5195710693688755,-0.050404097038784054,2.1830475330352783,0.02143566496670246,0
mujoco,flat_forward,1,1,1052,10.519999999999609,1.0,0.0,0.3307607048409838,0.00047483932057780157,-0.022651166661606145,0.5185253743122676,-0.05473712305298904,2.17203688621521,0.02692536637187004,0
mujoco,flat_forward,1,1,1053,10.529999999999603,1.0,0.0,0.33075926910384096,0.0004119847442341883,-0.02275551962320926,0.5197479642474349,-0.05275002420865835,2.1825296878814697,0.026100769639015198,0
mujoco,flat_forward,1,1,1054,10.539999999999598,1.0,0.0,0.3307531505760674,0.0003397078129659949,-0.022718323134524494,0.518261184391126,-0.051992313698047694,2.1694042682647705,0.03237902373075485,0
mujoco,flat_forward,1,1,1055,10.549999999999592,1.0,0.0,0.3307461369547241,0.0002889536332812272,-0.0228384013192899,0.5195406614954119,-0.05125982911220037,2.182227373123169,0.032042037695646286,0
mujoco,flat_forward,1,1,1056,10.559999999999587,1.0,0.0,0.33073835120791084,0.00024294358052300157,-0.02277132584761806,0.5180073871060948,-0.05199576069895476,2.1685104370117188,0.03438650816679001,0
mujoco,flat_forward,1,1,1057,10.569999999999581,1.0,0.0,0.33072842469718566,0.00019653596792547533,-0.02289459374115593,0.5193001809922023,-0.05002750925857824,2.1816160678863525,0.03130250796675682,0
mujoco,flat_forward,1,1,1058,10.579999999999576,1.0,0.0,0.3307183622236359,0.000161913196050549,-0.022814346237919402,0.5178519032519245,-0.05222985720980296,2.169481039047241,0.031603649258613586,0
mujoco,flat_forward,1,1,1059,10.58999999999957,1.0,0.0,0.3307053190592961,0.00010802102614989952,-0.022931917508883754,0.5190561985756765,-0.048634278455501084,2.1814823150634766,0.028591454029083252,0
mujoco,flat_forward,1,1,1060,10.599999999999564,1.0,0.0,0.330693181995673,7.246866812250064e-05,-0.02284307059842995,0.5177458543790296,-0.052663913379908625,2.171081304550171,0.028097840026021004,0
mujoco,flat_forward,1,1,1061,10.609999999999559,1.0,0.0,0.3306777687801005,1.7210070232997897e-05,-0.022951183550487943,0.5188166175041335,-0.047265544706577504,2.181575059890747,0.0249192975461483,0
mujoco,flat_forward,1,1,1062,10.619999999999553,1.0,0.0,0.3306642112394671,-1.7209206902716352e-05,-0.022861393338254467,0.5176805567513375,-0.05337275081370047,2.1726274490356445,0.02406875230371952,0
mujoco,flat_forward,1,1,1063,10.629999999999548,1.0,0.0,0.330647213365833,-7.362348878382434e-05,-0.022957059715715503,0.5185687592397685,-0.04621009898649226,2.181218385696411,0.020642224699258804,0
mujoco,flat_forward,1,1,1064,10.639999999999542,1.0,0.0,0.3306325630840728,-0.00010734065729019781,-0.022873476950237937,0.5176516927510972,-0.054504525948479814,2.1739020347595215,0.019879968836903572,0
mujoco,flat_forward,1,1,1065,10.649999999999537,1.0,0.0,0.33061556953546706,-0.0001545266387808314,-0.02291268192183068,0.5180069525629073,-0.041754054586530726,2.180359363555908,0.016442056745290756,0
mujoco,flat_forward,1,1,1066,10.659999999999531,1.0,0.0,0.33060380663876654,-0.0001760602745998121,-0.022826668966998975,0.5173922500061817,-0.05380660181994525,2.177215576171875,0.014274464920163155,0
mujoco,flat_forward,1,1,1067,10.669999999999526,1.0,0.0,0.3305904849342323,-0.00021962014740563977,-0.022854548334503448,0.5176081437463725,-0.040714759116575586,2.180267333984375,0.012710724957287312,0
mujoco,flat_forward,1,1,1068,10.67999999999952,1.0,0.0,0.33057999497997487,-0.00024191291173162777,-0.022810146465605946,0.5172839840855235,-0.05573094159560206,2.177795886993408,0.012568064965307713,0
mujoco,flat_forward,1,1,1069,10.689999999999515,1.0,0.0,0.33056591820437553,-0.0002887828902293745,-0.022834710842375244,0.5173686243450427,-0.04133400316449865,2.1788156032562256,0.013962813653051853,0
mujoco,flat_forward,1,1,1070,10.699999999999509,1.0,0.0,0.3305516420221695,-0.0003162280804832934,-0.02282669185595911,0.5172740378394701,-0.05829863177377047,2.1767520904541016,0.01347975991666317,0
mujoco,flat_forward,1,1,1071,10.709999999999503,1.0,0.0,0.3305327087174552,-0.000362288151385117,-0.02284350060395617,0.5171931713833158,-0.04236697009243734,2.1765527725219727,0.016553698107600212,0
mujoco,flat_forward,1,1,1072,10.719999999999498,1.0,0.0,0.33051147919421303,-0.0003937874865186663,-0.02285358870655384,0.5171138668361009,-0.05872404304996623,2.174992322921753,0.015155697241425514,0
mujoco,flat_forward,1,1,1073,10.729999999999492,1.0,0.0,0.33048946841913013,-0.00041892119986222047,-0.022860754958358126,0.5169347727074624,-0.042744897535087936,2.176013469696045,0.014219599775969982,0
mujoco,flat_forward,1,1,1074,10.739999999999487,1.0,0.0,0.33046622154933647,-0.0004411443619409016,-0.02286477967632106,0.5167484501397507,-0.05709118802303791,2.174044609069824,0.01363807637244463,0
mujoco,flat_forward,1,1,1075,10.749999999999481,1.0,0.0,0.33044514609804926,-0.0004546166255466215,-0.022841246937084635,0.5164291770708657,-0.04554877290324131,2.1773312091827393,0.012279761955142021,0
mujoco,flat_forward,1,1,1076,10.759999999999476,1.0,0.0,0.33042754892237924,-0.00048534459704636435,-0.02282054125471408,0.5162568202346578,-0.05800880639637725,2.177093029022217,0.008386673405766487,0
mujoco,flat_forward,1,1,1077,10.76999999999947,1.0,0.0,0.33041607668698064,-0.0005050214253242284,-0.022788100959593327,0.5160317383503811,-0.04663761924767383,2.178463935852051,0.008315317332744598,0
mujoco,flat_forward,1,1,1078,10.779999999999465,1.0,0.0,0.330406559273418,-0.0005365040580325543,-0.022771293579108582,0.5157515830942242,-0.05661163042628914,2.17620849609375,0.008067324757575989,0
mujoco,flat_forward,1,1,1079,10.78999999999946,1.0,0.0,0.3304017140645667,-0.0005493509748463368,-0.02275397942773386,0.5156378561409447,-0.04706993923247883,2.1780667304992676,0.007016187999397516,0
mujoco,flat_forward,1,1,1080,10.799999999999454,1.0,0.0,0.33039650522459396,-0.0005760114156790785,-0.02273956321111864,0.5151896699125702,-0.05543922302003726,2.174548625946045,0.008713209070265293,0
mujoco,flat_forward,1,1,1081,10.809999999999448,1.0,0.0,0.33039460484163496,-0.0005817708941558806,-0.022743977633358756,0.5154413053742312,-0.04487111780921207,2.1781129837036133,0.009410155937075615,0
mujoco,flat_forward,1,1,1082,10.819999999999443,1.0,0.0,0.33038655277406415,-0.0005911073604675925,-0.022741003646637357,0.5146697287045738,-0.051617450525021494,2.1704795360565186,0.016737230122089386,0
mujoco,flat_forward,1,1,1083,10.829999999999437,1.0,0.0,0.33037918307575526,-0.0005837371026196093,-0.02274829393271498,0.5151762529041577,-0.045355111411095266,2.1791136264801025,0.017760546877980232,0
mujoco,flat_forward,1,1,1084,10.839999999999431,1.0,0.0,0.3303662349134759,-0.0005879729717053863,-0.022724641591840688,0.5142086061048738,-0.051229743910342594,2.1707911491394043,0.019949857145547867,0
mujoco,flat_forward,1,1,1085,10.849999999999426,1.0,0.0,0.33035542035958415,-0.0005806005677944237,-0.022728764248006097,0.5150164717070915,-0.04758758167760507,2.181032180786133,0.022042063996195793,0
mujoco,flat_forward,1,1,1086,10.85999999999942,1.0,0.0,0.3303402936807576,-0.0005862416789934569,-0.022682556509227087,0.5138568922850564,-0.05158984380132762,2.1704158782958984,0.02475828491151333,0
mujoco,flat_forward,1,1,1087,10.869999999999415,1.0,0.0,0.3303275794630868,-0.0005823051313446391,-0.022703337394287197,0.5149233898569582,-0.049992267306275706,2.1811859607696533,0.02633017860352993,0
mujoco,flat_forward,1,1,1088,10.87999999999941,1.0,0.0,0.3303113346213953,-0.0005891742908374963,-0.022631953606780917,0.5135624292399746,-0.052393231556514416,2.168168544769287,0.03049542009830475,0
mujoco,flat_forward,1,1,1089,10.889999999999404,1.0,0.0,0.3302963041952105,-0.000588985047977877,-0.022682462698489413,0.5148550386123135,-0.05266720940574179,2.1796939373016357,0.030658377334475517,0
mujoco,flat_forward,1,1,1090,10.899999999999398,1.0,0.0,0.33027788714672157,-0.0005954977457150153,-0.02258975850268175,0.5132974727243129,-0.05369985909602271,2.1648638248443604,0.03603053465485573,0
mujoco,flat_forward,1,1,1091,10.909999999999393,1.0,0.0,0.33025927375808933,-0.0005975074321966669,-0.022650905267381182,0.5143486650854023,-0.05055036761742781,2.177377939224243,0.03483597934246063,0
mujoco,flat_forward,1,1,1092,10.919999999999387,1.0,0.0,0.33024575715080834,-0.0005892533669784269,-0.022495799983457517,0.5126567855267663,-0.052228762289929315,2.16593861579895,0.029382366687059402,0
mujoco,flat_forward,1,1,1093,10.929999999999382,1.0,0.0,0.3302354609408125,-0.0005801170660696325,-0.02254347673979728,0.5136841397432775,-0.048558293615511644,2.1782381534576416,0.03000439517199993,0
mujoco,flat_forward,1,1,1094,10.939999999999376,1.0,0.0,0.3302308721866893,-0.0005641883111668064,-0.02239229541703755,0.5121536620393214,-0.05266542115605693,2.1680140495300293,0.02729875035583973,0
mujoco,flat_forward,1,1,1095,10.94999999999937,1.0,0.0,0.3302276049808017,-0.0005534577822728218,-0.02244864043961072,0.5130851964492332,-0.04756145232484872,2.1789400577545166,0.026917235925793648,0
mujoco,flat_forward,1,1,1096,10.959999999999365,1.0,0.0,0.3302296504092506,-0.0005361620506010391,-0.022312594789605743,0.5117343492112949,-0.05393141399406547,2.169628858566284,0.024032464250922203,0
mujoco,flat_forward,1,1,1097,10.96999999999936,1.0,0.0,0.33023059379972447,-0.0005305655308323201,-0.022397512528548096,0.5128008548533279,-0.05062231975859581,2.1789710521698,0.022937210276722908,0
mujoco,flat_forward,1,1,1098,10.979999999999354,1.0,0.0,0.3302328487123639,-0.0005222457939987916,-0.022291618616777097,0.5115887233646863,-0.05798359969022632,2.168665885925293,0.02348605915904045,0
mujoco,flat_forward,1,1,1099,10.989999999999348,1.0,0.0,0.33023156075633575,-0.0005250794949439962,-0.022364779939524248,0.5125191288111866,-0.04898449595227808,2.1777899265289307,0.022647911682724953,0
mujoco,flat_forward,1,1,1100,10.999999999999343,1.0,0.0,0.3302283726134144,-0.0005008209370096125,-0.02231089801575568,0.5113697492867467,-0.05603341026477865,2.168248176574707,0.02289089560508728,0
mujoco,flat_forward,1,1,1101,11.009999999999337,1.0,0.0,0.3302208085876581,-0.0004879649848282169,-0.022382518390933307,0.5119933053174521,-0.045888084776771795,2.1768035888671875,0.01936374232172966,0
mujoco,flat_forward,1,1,1102,11.019999999999332,1.0,0.0,0.33021294243148996,-0.0004497412089700174,-0.022346904478196726,0.5110981799611194,-0.05581086465250549,2.1709303855895996,0.01759873516857624,0
mujoco,flat_forward,1,1,1103,11.029999999999326,1.0,0.0,0.33020255277238,-0.00042872970854957896,-0.02240466651959326,0.5115258771976849,-0.04400088748728893,2.1772265434265137,0.01596284657716751,0
mujoco,flat_forward,1,1,1104,11.03999999999932,1.0,0.0,0.3301926878101911,-0.00038628562349830365,-0.02239841305978113,0.5109283892260994,-0.05607889613277291,2.173255681991577,0.01514302659779787,0
mujoco,flat_forward,1,1,1105,11.049999999999315,1.0,0.0,0.33018080720465454,-0.0003622321896812366,-0.02245232442324798,0.511169436125051,-0.04242244843130566,2.1764700412750244,0.014321431517601013,0
mujoco,flat_forward,1,1,1106,11.05999999999931,1.0,0.0,0.33016867647497905,-0.00032031625189157917,-0.02247288660219376,0.5108152314842529,-0.056735355329072035,2.173778533935547,0.014905249699950218,0
mujoco,flat_forward,1,1,1107,11.069999999999304,1.0,0.0,0.3301539863105712,-0.00029574826566774223,-0.022522849502011444,0.5109115490461386,-0.04127506798934229,2.175297737121582,0.015911826863884926,0
mujoco,flat_forward,1,1,1108,11.079999999999298,1.0,0.0,0.330137286457908,-0.0002590634770973596,-0.022554437176497397,0.5107604410634101,-0.057793988464430075,2.1730613708496094,0.01625363714993,0
mujoco,flat_forward,1,1,1109,11.089999999999293,1.0,0.0,0.3301172905285341,-0.0002352020921459425,-0.022593423031019487,0.5107359805455275,-0.040666538915480915,2.173902750015259,0.018111053854227066,0
mujoco,flat_forward,1,1,1110,11.099999999999287,1.0,0.0,0.33009363916015194,-0.00020275639812422576,-0.022635616641591548,0.5105964946111977,-0.05700924617864629,2.172102451324463,0.01758003979921341,0
mujoco,flat_forward,1,1,1111,11.109999999999282,1.0,0.0,0.3300702694895721,-0.00017168980342723621,-0.022664132662559837,0.5105033484207533,-0.039992105271061784,2.1742069721221924,0.01678512431681156,0
mujoco,flat_forward,1,1,1112,11.119999999999276,1.0,0.0,0.33004403126302373,-0.00013512693392572897,-0.022703107210853262,0.5102543146520565,-0.05425078768551082,2.172022581100464,0.01603158749639988,0
mujoco,flat_forward,1,1,1113,11.12999999999927,1.0,0.0,0.33002044180462287,-9.539934390936512e-05,-0.022716599500658467,0.5102161600250277,-0.03841735530979151,2.1764228343963623,0.015562837943434715,0
mujoco,flat_forward,1,1,1114,11.139999999999265,1.0,0.0,0.3299941820536007,-5.461820407407252e-05,-0.02275066484047847,0.5098661322077245,-0.05105970646565157,2.1731019020080566,0.015290285460650921,0
mujoco,flat_forward,1,1,1115,11.14999999999926,1.0,0.0,0.32997238190467687,-8.583300163922373e-06,-0.02274713713294965,0.5098078724433871,-0.03933902005648405,2.178497552871704,0.01464763656258583,0
mujoco,flat_forward,1,1,1116,11.159999999999254,1.0,0.0,0.329952785303451,1.6571150851027885e-05,-0.022743167502545358,0.5094023548309502,-0.05170613962870474,2.175654888153076,0.01012286078184843,0
mujoco,flat_forward,1,1,1117,11.169999999999249,1.0,0.0,0.3299413539435685,5.083953791303983e-05,-0.022717802351249466,0.5094640567671576,-0.04100861446244626,2.1796717643737793,0.011659655719995499,0
mujoco,flat_forward,1,1,1118,11.179999999999243,1.0,0.0,0.32993097100827,6.875393521452202e-05,-0.022696497541474823,0.5088751476911549,-0.05106208147171688,2.1742870807647705,0.012860908173024654,0
mujoco,flat_forward,1,1,1119,11.189999999999237,1.0,0.0,0.32992712668748553,0.000101996219559603,-0.022671389908510965,0.5090802151505052,-0.042305537866929324,2.179025411605835,0.013599858619272709,0
mujoco,flat_forward,1,1,1120,11.199999999999232,1.0,0.0,0.32992254032841944,0.00012057150647683819,-0.02263511010502855,0.5082245032011302,-0.05066868313103581,2.171912431716919,0.015978772193193436,0
mujoco,flat_forward,1,1,1121,11.209999999999226,1.0,0.0,0.3299234317627976,0.00015878778395906284,-0.022608501658265515,0.5087516450926638,-0.04228113230809133,2.178684711456299,0.0180064644664526,0
mujoco,flat_forward,1,1,1122,11.21999999999922,1.0,0.0,0.3299173824350472,0.00019539807550259428,-0.02259858558216697,0.5075813537439489,-0.04746204100820546,2.1684298515319824,0.023612836375832558,0
mujoco,flat_forward,1,1,1123,11.229999999999215,1.0,0.0,0.3299137828896402,0.0002447809575106107,-0.02259164847591578,0.5082634836280256,-0.04262261501360862,2.178632974624634,0.02389722317457199,0
mujoco,flat_forward,1,1,1124,11.23999999999921,1.0,0.0,0.3299037443492869,0.0002827469577983611,-0.022565422018164395,0.5068920590847216,-0.04652386223916577,2.1683270931243896,0.02649589069187641,0
mujoco,flat_forward,1,1,1125,11.249999999999204,1.0,0.0,0.3298968502070344,0.0003274998312773351,-0.022570377273296353,0.5078446655527465,-0.04409654712603919,2.1799850463867188,0.027830004692077637,0
mujoco,flat_forward,1,1,1126,11.259999999999199,1.0,0.0,0.32988309536384824,0.0003575852148881501,-0.02256655117976011,0.506560198950952,-0.04966855159795094,2.167614221572876,0.030889086425304413,0
mujoco,flat_forward,1,1,1127,11.269999999999193,1.0,0.0,0.3298704582229468,0.00038595120215169674,-0.02259358904017635,0.5076626597246303,-0.047927952970777385,2.1776058673858643,0.028657518327236176,0
mujoco,flat_forward,1,1,1128,11.279999999999188,1.0,0.0,0.3298508780469056,0.00040838499999347314,-0.022558950543963167,0.5061455051072914,-0.05017106979540555,2.164872407913208,0.032128941267728806,0
mujoco,flat_forward,1,1,1129,11.289999999999182,1.0,0.0,0.3298331400830935,0.0004401069592590431,-0.02259310285575208,0.5074029768841744,-0.04997368170950144,2.1758344173431396,0.03238783776760101,0
mujoco,flat_forward,1,1,1130,11.299999999999176,1.0,0.0,0.32981024642348494,0.0004703868064411484,-0.02252295683820696,0.5056366453714012,-0.05045194404941042,2.1614975929260254,0.03689504787325859,0
mujoco,flat_forward,1,1,1131,11.309999999999171,1.0,0.0,0.3297890459191383,0.0005029150800331247,-0.022561755688210512,0.5068735321762695,-0.05011163350990759,2.1739516258239746,0.03632941097021103,0
mujoco,flat_forward,1,1,1132,11.319999999999165,1.0,0.0,0.32976581260814,0.0005816046884260929,-0.022482605833012908,0.5051687606039225,-0.047914134413169114,2.160309314727783,0.03574318811297417,0
mujoco,flat_forward,1,1,1133,11.32999999999916,1.0,0.0,0.3297442061749236,0.0006397452589451223,-0.022496374028441016,0.5062040268243465,-0.047072439618953306,2.1726036071777344,0.03325314074754715,0
mujoco,flat_forward,1,1,1134,11.339999999999154,1.0,0.0,0.32972327445947386,0.0007400258023808036,-0.02238090310897556,0.5045896231838448,-0.046879979045026755,2.1630911827087402,0.029224714264273643,0
mujoco,flat_forward,1,1,1135,11.349999999999149,1.0,0.0,0.3297063733158325,0.0008065768742302356,-0.02237076692327267,0.5055184918845068,-0.044966219517573694,2.174786329269409,0.029601817950606346,0
mujoco,flat_forward,1,1,1136,11.359999999999143,1.0,0.0,0.3296935138171226,0.0009176705117401736,-0.022243738630139273,0.5040745457127035,-0.046731257621674765,2.166717052459717,0.025088338181376457,0
mujoco,flat_forward,1,1,1137,11.369999999999138,1.0,0.0,0.32968527170536244,0.0009839010214593828,-0.022249634479005447,0.5051401850738155,-0.046810987248267724,2.1764252185821533,0.025215983390808105,0
mujoco,flat_forward,1,1,1138,11.379999999999132,1.0,0.0,0.32967901489526125,0.0010767076268536793,-0.022148642864237764,0.503819782611594,-0.04974551599868612,2.166713237762451,0.025078512728214264,0
mujoco,flat_forward,1,1,1139,11.389999999999127,1.0,0.0,0.32967538135812857,0.0011276959750943852,-0.022149826570093296,0.5046589217499502,-0.04626161076246698,2.175872325897217,0.024531887844204903,0
mujoco,flat_forward,1,1,1140,11.399999999999121,1.0,0.0,0.3296736492902131,0.0012475005470162454,-0.022089721676452057,0.5036199341089653,-0.0465264920155397,2.1679089069366455,0.020400479435920715,0
mujoco,flat_forward,1,1,1141,11.409999999999116,1.0,0.0,0.32967396188063747,0.0013159130559944076,-0.022069647551749318,0.5040686256614209,-0.04257909157090656,2.174177408218384,0.017848258838057518,0
mujoco,flat_forward,1,1,1142,11.41999999999911,1.0,0.0,0.3296771017168436,0.001435431333238829,-0.022015152952879632,0.5032501804953811,-0.04626420238357844,2.171083927154541,0.01310334075242281,0
mujoco,flat_forward,1,1,1143,11.429999999999104,1.0,0.0,0.32968350877624586,0.0014914126480427238,-0.02201213189489834,0.5037490549147163,-0.04497345523533419,2.1751368045806885,0.013014004565775394,0
mujoco,flat_forward,1,1,1144,11.439999999999099,1.0,0.0,0.32969153606828744,0.0015815471438208155,-0.021976283518178735,0.5030738961227211,-0.04994462145446355,2.171468734741211,0.011629447340965271,0
mujoco,flat_forward,1,1,1145,11.449999999999093,1.0,0.0,0.32970206826822,0.0016162242092827978,-0.02196478528866314,0.5033376577905606,-0.045132137248073634,2.1746671199798584,0.011665133759379387,0
mujoco,flat_forward,1,1,1146,11.459999999999088,1.0,0.0,0.32971449112474316,0.001715691737501531,-0.02196279810351317,0.5029822477703507,-0.04769288715824086,2.17217755317688,0.01133679412305355,0
mujoco,flat_forward,1,1,1147,11.469999999999082,1.0,0.0,0.3297273387898974,0.0017584185295253139,-0.02197903806645048,0.5031750215222452,-0.04597011267791355,2.172379493713379,0.009216709062457085,0
mujoco,flat_forward,1,1,1148,11.479999999999077,1.0,0.0,0.32973957166194967,0.001833560110158086,-0.02198508018620893,0.5029045645249981,-0.050672662007427885,2.1712615489959717,0.009635910391807556,0
mujoco,flat_forward,1,1,1149,11.489999999999071,1.0,0.0,0.3297525489060972,0.0018555625388228037,-0.02198638683844449,0.5028776494873072,-0.04652031781002957,2.1720426082611084,0.008708201348781586,0
mujoco,flat_forward,1,1,1150,11.499999999999066,1.0,0.0,0.3297676705904516,0.0019191088262886446,-0.02199045949425653,0.5026721427432557,-0.053317337320605084,2.1716525554656982,0.011130844242870808,0
mujoco,flat_forward,1,1,1151,11.50999999999906,1.0,0.0,0.3297856154737667,0.001936509163961799,-0.021977878028499768,0.5024104621499522,-0.04700780366959205,2.1712594032287598,0.0107704047113657,0
mujoco,flat_forward,1,1,1152,11.519999999999055,1.0,0.0,0.3298053460368871,0.001997981560831715,-0.022008907357373583,0.5024928183920594,-0.05197231795833234,2.17148494720459,0.013242792338132858,0
mujoco,flat_forward,1,1,1153,11.529999999999049,1.0,0.0,0.3298256927295433,0.0020218574250398967,-0.021979947068403494,0.5019852479971919,-0.04501409294000139,2.1687684059143066,0.013331481255590916,0
mujoco,flat_forward,1,1,1154,11.539999999999043,1.0,0.0,0.32984616012523693,0.002067237426502802,-0.022020704102577896,0.5022264615734453,-0.0537612269074704,2.1714978218078613,0.01621175743639469,0
mujoco,flat_forward,1,1,1155,11.549999999999038,1.0,0.0,0.32986635893464494,0.002070307769339469,-0.022002403242198897,0.5018691442155286,-0.04968699449659775,2.168248176574707,0.016601284965872765,0
mujoco,flat_forward,1,1,1156,11.559999999999032,1.0,0.0,0.3298836699912377,0.0020923069805677086,-0.022088582053433847,0.5024180881799005,-0.055765449025340946,2.170222282409668,0.01609537936747074,0
mujoco,flat_forward,1,1,1157,11.569999999999027,1.0,0.0,0.3298984052137361,0.0020913606905096074,-0.02204018941603542,0.5017259135944423,-0.049478749841887264,2.1649386882781982,0.01843421533703804,0
mujoco,flat_forward,1,1,1158,11.579999999999021,1.0,0.0,0.3299098007521752,0.0021025665122827515,-0.022123612226661697,0.5022727288540764,-0.05626274831922481,2.1702587604522705,0.021866992115974426,0
mujoco,flat_forward,1,1,1159,11.589999999999016,1.0,0.0,0.32992589106500475,0.002104037518454312,-0.022010199255207807,0.5014087773434104,-0.050332950524547,2.1660425662994385,0.01636662892997265,0
mujoco,flat_forward,1,1,1160,11.59999999999901,1.0,0.0,0.32994128463331207,0.002110837056099194,-0.02210697479454098,0.5021143532209957,-0.05201783317873101,2.172206163406372,0.02075202576816082,0
mujoco,flat_forward,1,1,1161,11.609999999999005,1.0,0.0,0.3299629314981351,0.002118917092840806,-0.02198563830030684,0.5011153516432821,-0.04926250556977576,2.166682720184326,0.015615716576576233,0
mujoco,flat_forward,1,1,1162,11.619999999999,1.0,0.0,0.32998393409177856,0.0021300153297664965,-0.022088044134337688,0.5019109881758518,-0.0473478397973296,2.1742665767669678,0.020355453714728355,0
mujoco,flat_forward,1,1,1163,11.629999999998994,1.0,0.0,0.3300111989158724,0.002143333651381337,-0.021963811731480938,0.5008910694262135,-0.04894612927381185,2.1681671142578125,0.015573091804981232,0
mujoco,flat_forward,1,1,1164,11.639999999998988,1.0,0.0,0.33003739056964043,0.0021529868469060947,-0.02206272760796252,0.5018712355097552,-0.05057380577972794,2.177278518676758,0.020276615396142006,0
mujoco,flat_forward,1,1,1165,11.649999999998983,1.0,0.0,0.3300686571936478,0.0021574319801995626,-0.02194616999310138,0.5009966990631974,-0.05405871179186605,2.1706230640411377,0.01628335937857628,0
mujoco,flat_forward,1,1,1166,11.659999999998977,1.0,0.0,0.33009813938960114,0.002155974565787258,-0.02203907671898996,0.5019962935917153,-0.04889448093757362,2.1788883209228516,0.0204809308052063,0
mujoco,flat_forward,1,1,1167,11.669999999998971,1.0,0.0,0.3301322452590787,0.0021595255619065797,-0.021920425242409572,0.5010510121157536,-0.054256024774603194,2.1713671684265137,0.0157634187489748,0
mujoco,flat_forward,1,1,1168,11.679999999998966,1.0,0.0,0.33016514156862997,0.0021575413433805373,-0.02198550279111711,0.5018756507264719,-0.04864432915978814,2.180438995361328,0.02075355127453804,0
mujoco,flat_forward,1,1,1169,11.68999999999896,1.0,0.0,0.33020558401675854,0.00215885015786708,-0.021862862428500152,0.501055865479097,-0.05682138050251133,2.174943447113037,0.012814763933420181,0
mujoco,flat_forward,1,1,1170,11.699999999998955,1.0,0.0,0.33024564251124083,0.002148314162311782,-0.02195524599851678,0.5021823150901671,-0.050159061366149955,2.1821000576019287,0.017193345353007317,0
mujoco,flat_forward,1,1,1171,11.70999999999895,1.0,0.0,0.330287037323164,0.0021452996968891807,-0.02188635743992073,0.5013591792675252,-0.05959725647966159,2.172551155090332,0.01773408055305481,0
mujoco,flat_forward,1,1,1172,11.719999999998944,1.0,0.0,0.3303244536091102,0.0021303740092995433,-0.021964159806741154,0.5022529033289597,-0.051147211401193556,2.1817097663879395,0.02019176445901394,0
mujoco,flat_forward,1,1,1173,11.729999999998938,1.0,0.0,0.3303648657230073,0.002123437046291073,-0.02189485300464806,0.5015689791143925,-0.06263181787146813,2.1752538681030273,0.014210529625415802,0
mujoco,flat_forward,1,1,1174,11.739999999998933,1.0,0.0,0.3304034566488636,0.0021033987396233,-0.02195221167634486,0.5023407618605704,-0.049733434575533864,2.182669162750244,0.017372524365782738,0
mujoco,flat_forward,1,1,1175,11.749999999998927,1.0,0.0,0.3304409965231191,0.002103650206931944,-0.02197366909535515,0.501828660987556,-0.061469288473401384,2.1767807006835938,0.017015069723129272,0
mujoco,flat_forward,1,1,1176,11.759999999998922,1.0,0.0,0.3304750367571348,0.0020877539826056396,-0.022043925197915776,0.5022636131047165,-0.04771704711634643,2.1815342903137207,0.014958998188376427,0
mujoco,flat_forward,1,1,1177,11.769999999998916,1.0,0.0,0.33050736002275183,0.0020863937844610154,-0.022081404423554753,0.502098751860635,-0.06273166010184747,2.1795291900634766,0.013786553405225277,0
mujoco,flat_forward,1,1,1178,11.77999999999891,1.0,0.0,0.3305360061505523,0.002054127330376889,-0.022153714227008126,0.5024258273485215,-0.04745417417388583,2.1821155548095703,0.015557410195469856,0
mujoco,flat_forward,1,1,1179,11.789999999998905,1.0,0.0,0.33056007574462976,0.002047064494142541,-0.02224225027758316,0.5026092909623099,-0.0609054381258324,2.1808297634124756,0.015033677220344543,0
mujoco,flat_forward,1,1,1180,11.7999999999989,1.0,0.0,0.3305782250986858,0.002006926844051277,-0.02231593567173182,0.5028338591246321,-0.045265575687425834,2.181652545928955,0.016887612640857697,0
mujoco,flat_forward,1,1,1181,11.809999999998894,1.0,0.0,0.3305900893434587,0.001989513537170877,-0.02242367389314878,0.5030481163154624,-0.0597358986643347,2.1820337772369385,0.016002610325813293,0
mujoco,flat_forward,1,1,1182,11.819999999998888,1.0,0.0,0.3306007617459782,0.001954799425512363,-0.0224791583877553,0.5032623697263819,-0.04516085959002625,2.1839911937713623,0.015716856345534325,0
mujoco,flat_forward,1,1,1183,11.829999999998883,1.0,0.0,0.33060677839907704,0.0019367776864257732,-0.022579443072184145,0.5031523203506095,-0.0542228380522997,2.183323383331299,0.014203823171555996,0
mujoco,flat_forward,1,1,1184,11.839999999998877,1.0,0.0,0.3306186777017078,0.001926687334668098,-0.022623812600726555,0.5033315397891811,-0.04176547551069584,2.1893653869628906,0.012735487893223763,0
mujoco,flat_forward,1,1,1185,11.849999999998872,1.0,0.0,0.330628205359702,0.001911854087160766,-0.02273917225629649,0.5031729798571345,-0.05045535648051471,2.186074733734131,0.012548006139695644,0
mujoco,flat_forward,1,1,1186,11.859999999998866,1.0,0.0,0.3306427463844332,0.0018931475165052576,-0.022806550105598625,0.5035380017434177,-0.04101973202670108,2.192105770111084,0.012669199146330357,0
mujoco,flat_forward,1,1,1187,11.86999999999886,1.0,0.0,0.3306516464620638,0.0018642731808174004,-0.022949390970729167,0.5033329831521235,-0.0479457677262686,2.1873841285705566,0.013712452724575996,0
mujoco,flat_forward,1,1,1188,11.879999999998855,1.0,0.0,0.33066315514788264,0.0018352760059817863,-0.023037342150549853,0.50386576089666,-0.04090271887876369,2.1933021545410156,0.012528515420854092,0
mujoco,flat_forward,1,1,1189,11.88999999999885,1.0,0.0,0.33066796055563047,0.0017791636204743365,-0.023140077991140786,0.5034013635082847,-0.04947462017868252,2.1875505447387695,0.016617583110928535,0
mujoco,flat_forward,1,1,1190,11.899999999998844,1.0,0.0,0.3306746255875995,0.001733139450851128,-0.023240774527286356,0.5042223621079615,-0.042787606950560005,2.1948907375335693,0.016642170026898384,0
mujoco,flat_forward,1,1,1191,11.909999999998838,1.0,0.0,0.33067250432718953,0.0016700950808249538,-0.023348615677368886,0.5035284598189613,-0.04785524987751875,2.185452938079834,0.023944281041622162,0
mujoco,flat_forward,1,1,1192,11.919999999998833,1.0,0.0,0.33066940182648275,0.0016233425081154825,-0.023469465206011397,0.5045046693829157,-0.04265397086704093,2.1929941177368164,0.019392313435673714,0
mujoco,flat_forward,1,1,1193,11.929999999998827,1.0,0.0,0.3306548708238247,0.0015607592175544947,-0.023573113217761114,0.5035735555390581,-0.04565377683258601,2.1820783615112305,0.028598343953490257,0
mujoco,flat_forward,1,1,1194,11.939999999998822,1.0,0.0,0.3306373238305455,0.001513137665386317,-0.023697972566663568,0.504624385337418,-0.04504925010810557,2.1911368370056152,0.023277167230844498,0
mujoco,flat_forward,1,1,1195,11.949999999998816,1.0,0.0,0.330612171078348,0.0014104072283430795,-0.023719310690936753,0.5035527073575086,-0.047708612593251994,2.1804606914520264,0.030777832493185997,0
mujoco,flat_forward,1,1,1196,11.95999999999881,1.0,0.0,0.33058512588227484,0.0013289820152919732,-0.02382611616304132,0.5047339002845055,-0.04546632836842766,2.190375804901123,0.02757779322564602,0
mujoco,flat_forward,1,1,1197,11.969999999998805,1.0,0.0,0.33055656166487984,0.0012800573467758158,-0.023729605421358352,0.5032665198172432,-0.04421782831541817,2.178201913833618,0.03177862614393234,0
mujoco,flat_forward,1,1,1198,11.9799999999988,1.0,0.0,0.33052716922459446,0.0012394402810169086,-0.023801645006820485,0.5044300408629057,-0.0417375803207189,2.1896824836730957,0.02925953082740307,0
mujoco,flat_forward,1,1,1199,11.989999999998794,1.0,0.0,0.33049836592573484,0.001208271899155043,-0.02366841764716441,0.5029661516591661,-0.04341403983598972,2.1782000064849854,0.031216982752084732,0
mujoco,flat_forward,1,1,1200,11.999999999998789,1.0,0.0,0.33046772174509725,0.0011621335129813623,-0.023723413262820382,0.5040838995715883,-0.040129834752284474,2.1893460750579834,0.0275367870926857,0
mujoco,flat_forward,1,1,1201,12.009999999998783,1.0,0.0,0.3304384951655868,0.0011274906723143796,-0.02357000790201635,0.5027261284766683,-0.044249440068311476,2.178978443145752,0.028318339958786964,0
mujoco,flat_forward,1,1,1202,12.019999999998777,1.0,0.0,0.3304069939553407,0.0010780668769557686,-0.02360170654828581,0.5037272008767033,-0.039343994160751086,2.1893935203552246,0.024655357003211975,0
mujoco,flat_forward,1,1,1203,12.029999999998772,1.0,0.0,0.33037819853043104,0.001043190501590677,-0.023433920998820364,0.5025398859248185,-0.04577276226083806,2.1808459758758545,0.023795466870069504,0
mujoco,flat_forward,1,1,1204,12.039999999998766,1.0,0.0,0.3303474475471087,0.000993882885713496,-0.023442394094783974,0.5033736838217533,-0.03875568663002375,2.189500570297241,0.02104506641626358,0
mujoco,flat_forward,1,1,1205,12.04999999999876,1.0,0.0,0.3303206647921405,0.000959136722214706,-0.023268553642456787,0.5023661898301852,-0.04713265290555458,2.1820132732391357,0.019063018262386322,0
mujoco,flat_forward,1,1,1206,12.059999999998755,1.0,0.0,0.3302925840852176,0.0009062549662442455,-0.023251211641113153,0.5028230048196831,-0.04167662325964857,2.188539981842041,0.01719241589307785,0
mujoco,flat_forward,1,1,1207,12.06999999999875,1.0,0.0,0.33027347966103093,0.0008580715858655155,-0.02306719461450637,0.5021481053955488,-0.052417863085150944,2.184783935546875,0.011090938933193684,0
mujoco,flat_forward,1,1,1208,12.079999999998744,1.0,0.0,0.33025522493057896,0.0007983327614057459,-0.02304470017836937,0.5025443350732933,-0.03994541419145671,2.1867291927337646,0.011024377308785915,0
mujoco,flat_forward,1,1,1209,12.089999999998739,1.0,0.0,0.33024078401133533,0.0007581979856010285,-0.022911186469843532,0.5018747438403398,-0.05228632882693806,2.180950403213501,0.014630519784986973,0
mujoco,flat_forward,1,1,1210,12.099999999998733,1.0,0.0,0.33022328912044563,0.0007094628833758439,-0.022885693371405103,0.5020505584614079,-0.03923439001369248,2.183943033218384,0.012517557479441166,0
mujoco,flat_forward,1,1,1211,12.109999999998728,1.0,0.0,0.33020854601175215,0.000674329923099912,-0.022772547024563026,0.5015500821640994,-0.05480247050107394,2.180312395095825,0.012560353614389896,0
mujoco,flat_forward,1,1,1212,12.119999999998722,1.0,0.0,0.3301913375394098,0.0006267609475402899,-0.022732241842432367,0.5015698889936857,-0.04022178782450789,2.182978630065918,0.014082959853112698,0
mujoco,flat_forward,1,1,1213,12.129999999998716,1.0,0.0,0.33017666643092464,0.0005885982629969852,-0.022642788505909027,0.5012634371899788,-0.057992973173336675,2.1802589893341064,0.013252966105937958,0
mujoco,flat_forward,1,1,1214,12.139999999998711,1.0,0.0,0.33016046762074747,0.0005407938120295531,-0.022592574541679983,0.501137166914796,-0.04176257330841206,2.1813607215881348,0.0155175207182765,0
mujoco,flat_forward,1,1,1215,12.149999999998705,1.0,0.0,0.33014618430349424,0.0004983220770703166,-0.0225297512970103,0.5008536428573832,-0.05952104047952749,2.1790053844451904,0.015161129646003246,0
mujoco,flat_forward,1,1,1216,12.1599999999987,1.0,0.0,0.33013528461879055,0.0004640003015847421,-0.022474967898515847,0.500575413658207,-0.04328867531795523,2.180494546890259,0.013217130675911903,0
mujoco,flat_forward,1,1,1217,12.169999999998694,1.0,0.0,0.3301273937972013,0.00043005593932214523,-0.02241838221218497,0.5001972284885783,-0.058935717766214,2.1779985427856445,0.013808677904307842,0
mujoco,flat_forward,1,1,1218,12.179999999998689,1.0,0.0,0.3301251602467927,0.0004080047877166505,-0.02234602661637231,0.49994525725952066,-0.043870079428741285,2.1812198162078857,0.012259433045983315,0
mujoco,flat_forward,1,1,1219,12.189999999998683,1.0,0.0,0.33012540566362475,0.00038055195454990247,-0.022296294673978513,0.4995032892131136,-0.05784660659189449,2.1785295009613037,0.011906631290912628,0
mujoco,flat_forward,1,1,1220,12.199999999998678,1.0,0.0,0.3301324344189322,0.00036797780228045547,-0.02222792656168696,0.49944341944109455,-0.04265014085212842,2.1830594539642334,0.011951835826039314,0
mujoco,flat_forward,1,1,1221,12.209999999998672,1.0,0.0,0.3301363873200829,0.00036025330015059475,-0.022209389804377498,0.49884336652471006,-0.053342987373451854,2.1778111457824707,0.01514581497758627,0
mujoco,flat_forward,1,1,1222,12.219999999998667,1.0,0.0,0.33014478635329114,0.0003674114120379471,-0.022175518274268103,0.49896610909365496,-0.041611590327459175,2.185324192047119,0.015227398835122585,0
mujoco,flat_forward,1,1,1223,12.229999999998661,1.0,0.0,0.3301492816812709,0.0003655556652504007,-0.022192386113100114,0.4985557713834777,-0.055014626845787395,2.1795942783355713,0.014611066319048405,0
mujoco,flat_forward,1,1,1224,12.239999999998656,1.0,0.0,0.33015580787024545,0.00037091905113440746,-0.022196622486323977,0.49889467786584213,-0.04434248656248428,2.186208963394165,0.015522112138569355,0
mujoco,flat_forward,1,1,1225,12.24999999999865,1.0,0.0,0.3301566780641852,0.00036690549654574424,-0.02222736848853154,0.49833302355339254,-0.05419311889943806,2.1799490451812744,0.015329246409237385,0
mujoco,flat_forward,1,1,1226,12.259999999998644,1.0,0.0,0.3301614924341749,0.0003729601134694142,-0.022240275853203945,0.4987837313165448,-0.04478022465525742,2.187171459197998,0.01679442636668682,0
mujoco,flat_forward,1,1,1227,12.269999999998639,1.0,0.0,0.33016172094754503,0.00037197881905236876,-0.022273777018893746,0.49804373760118603,-0.05234012900941992,2.1799025535583496,0.01827913150191307,0
mujoco,flat_forward,1,1,1228,12.279999999998633,1.0,0.0,0.330166746927479,0.0003810169199256567,-0.022305276183377718,0.4986723815407586,-0.04507631136509033,2.187864065170288,0.01938791014254093,0
mujoco,flat_forward,1,1,1229,12.289999999998628,1.0,0.0,0.3301670365375283,0.00038414487968267523,-0.022346374071247555,0.4977307147219199,-0.05061134988842933,2.1788384914398193,0.02228405326604843,0
mujoco,flat_forward,1,1,1230,12.299999999998622,1.0,0.0,0.33017132349193856,0.00039532363569505096,-0.022402919342148605,0.4985758595528916,-0.04592722062163401,2.1877615451812744,0.022180987522006035,0
mujoco,flat_forward,1,1,1231,12.309999999998617,1.0,0.0,0.33016983212592277,0.00040127419778393064,-0.02244769834742157,0.49744256477766013,-0.049593137842717454,2.177337884902954,0.02680884301662445,0
mujoco,flat_forward,1,1,1232,12.319999999998611,1.0,0.0,0.3301706021826359,0.0004126771710103725,-0.02253396710971948,0.49851212089693525,-0.0471607949892792,2.1875662803649902,0.02554675191640854,0
mujoco,flat_forward,1,1,1233,12.329999999998606,1.0,0.0,0.3301645211091163,0.00041981827773725813,-0.022571808646437288,0.49719702297564233,-0.04882667728430783,2.1753737926483154,0.03167405724525452,0
mujoco,flat_forward,1,1,1234,12.3399999999986,1.0,0.0,0.33015864334197964,0.0004289123625440127,-0.022685637755169054,0.4984782064513174,-0.04866485865017803,2.186739206314087,0.02942783385515213,0
mujoco,flat_forward,1,1,1235,12.349999999998595,1.0,0.0,0.33014531173347444,0.0004370408807389273,-0.022705796524729344,0.4969923393438864,-0.048831306156597774,2.1728146076202393,0.03655169904232025,0
mujoco,flat_forward,1,1,1236,12.359999999998589,1.0,0.0,0.33013021667871656,0.00044326119128674753,-0.022835383523333693,0.4982614522477264,-0.04855068369957968,2.1847503185272217,0.032784730195999146,0
mujoco,flat_forward,1,1,1237,12.369999999998583,1.0,0.0,0.33011099138885064,0.00045529250302064504,-0.02280493814349509,0.4966915327337123,-0.04884650168269503,2.1714682579040527,0.035535093396902084,0
mujoco,flat_forward,1,1,1238,12.379999999998578,1.0,0.0,0.33009015205624664,0.0004630994338429193,-0.022914300467766442,0.4979076949987506,-0.04647154624601708,2.1839680671691895,0.03213531896471977,0
mujoco,flat_forward,1,1,1239,12.389999999998572,1.0,0.0,0.33006738348058673,0.000480575369941524,-0.022851950825564033,0.49639254966052077,-0.04821261485191093,2.172687530517578,0.03262105584144592,0
mujoco,flat_forward,1,1,1240,12.399999999998567,1.0,0.0,0.33004351088249656,0.0004905587919948865,-0.022940108590486504,0.4975022111515419,-0.0438284337803802,2.1842401027679443,0.029323896393179893,0
mujoco,flat_forward,1,1,1241,12.409999999998561,1.0,0.0,0.3300195151996588,0.0005126344250339042,-0.022859495254240417,0.49611948819405804,-0.047757142625682446,2.1745588779449463,0.0293420422822237,0
mujoco,flat_forward,1,1,1242,12.419999999998556,1.0,0.0,0.32999460041745377,0.0005238965916557393,-0.022930069568925675,0.4970867871045663,-0.04148955963131526,2.18459415435791,0.025651948526501656,0
mujoco,flat_forward,1,1,1243,12.42999999999855,1.0,0.0,0.3299707634656844,0.0005493182372354349,-0.022842981707785304,0.4958773112686308,-0.0477306541190068,2.176358699798584,0.02545939013361931,0
mujoco,flat_forward,1,1,1244,12.439999999998545,1.0,0.0,0.3299459479802657,0.0005609394542046058,-0.02289703707133886,0.49667474150689206,-0.0396668929744685,2.1846611499786377,0.021755000576376915,0
mujoco,flat_forward,1,1,1245,12.44999999999854,1.0,0.0,0.32992272823857444,0.000588121052321683,-0.022813403926229322,0.49565965400809847,-0.048011266627320234,2.1779167652130127,0.021368544548749924,0
mujoco,flat_forward,1,1,1246,12.459999999998534,1.0,0.0,0.3298983316532651,0.0005994610042936432,-0.02284827347114688,0.4962771505512102,-0.038256793550895486,2.1843678951263428,0.018241729587316513,0
mujoco,flat_forward,1,1,1247,12.469999999998528,1.0,0.0,0.32987554873716723,0.0006305189728926752,-0.022777969721985175,0.4954730160661994,-0.048802977759036546,2.17899227142334,0.017933500930666924,0
mujoco,flat_forward,1,1,1248,12.479999999998522,1.0,0.0,0.32985137415121313,0.0006423512934807273,-0.022796068538591195,0.4958976585332526,-0.03729851105808613,2.1835484504699707,0.015715541318058968,0
mujoco,flat_forward,1,1,1249,12.489999999998517,1.0,0.0,0.32982840031217553,0.0006769182939812013,-0.02274599414398083,0.4952873761255447,-0.04996372545455215,2.1793482303619385,0.015783315524458885,0
mujoco,flat_forward,1,1,1250,12.499999999998511,1.0,0.0,0.3298038185895155,0.0006895830539356805,-0.022751263460047296,0.49551531505625124,-0.03665885044692487,2.1822080612182617,0.01513371616601944,0
mujoco,flat_forward,1,1,1251,12.509999999998506,1.0,0.0,0.3297796397177628,0.0007243740151891834,-0.022725174528296966,0.49508188447133145,-0.05147950243435333,2.178921699523926,0.015205488540232182,0
mujoco,flat_forward,1,1,1252,12.5199999999985,1.0,0.0,0.3297537797841428,0.0007374809317460981,-0.022722080530614763,0.49511831814252655,-0.03639606229025808,2.1804373264312744,0.01626100204885006,0
mujoco,flat_forward,1,1,1253,12.529999999998495,1.0,0.0,0.32972722952913813,0.0007693849171860396,-0.022715319499026162,0.49484358032247877,-0.05333466954328536,2.1777548789978027,0.015925804153084755,0
mujoco,flat_forward,1,1,1254,12.53999999999849,1.0,0.0,0.32969921279094005,0.0007830339038837716,-0.022713723434021327,0.49468975155307326,-0.036644381800750976,2.1782381534576416,0.018352927640080452,0
mujoco,flat_forward,1,1,1255,12.549999999998484,1.0,0.0,0.3296694618097177,0.0008130323262808851,-0.0227148424708256,0.4943818120113357,-0.05341287904126639,2.17570161819458,0.01737796515226364,0
mujoco,flat_forward,1,1,1256,12.559999999998478,1.0,0.0,0.32964245325106956,0.0008349690543060767,-0.022668130537596268,0.49409342812542156,-0.036419144102133115,2.177628755569458,0.016375286504626274,0
mujoco,flat_forward,1,1,1257,12.569999999998473,1.0,0.0,0.3296145680029274,0.0008681302737201987,-0.02264290338652638,0.4937588424167218,-0.051533657709644576,2.175816535949707,0.015737896785140038,0
mujoco,flat_forward,1,1,1258,12.579999999998467,1.0,0.0,0.32959221871422717,0.0008976092140300671,-0.022565711925372257,0.49350156299424697,-0.035394795883895304,2.179476737976074,0.0149654196575284,0
mujoco,flat_forward,1,1,1259,12.589999999998462,1.0,0.0,0.32956966948610766,0.0009347543240380008,-0.022527911810734418,0.4930884563343603,-0.04874971118307391,2.1768624782562256,0.01442660205066204,0
mujoco,flat_forward,1,1,1260,12.599999999998456,1.0,0.0,0.3295546584565075,0.0009698316154846148,-0.022440881513195673,0.49294117455831343,-0.03463224195965116,2.1816365718841553,0.0139921884983778,0
mujoco,flat_forward,1,1,1261,12.60999999999845,1.0,0.0,0.329539105749482,0.0010078765926218808,-0.022414331532690634,0.49268340813364697,-0.05016569640577605,2.1778194904327393,0.013717378489673138,0
mujoco,flat_forward,1,1,1262,12.619999999998445,1.0,0.0,0.32952829403455774,0.0010385166044018874,-0.022351375575287435,0.49268524710315775,-0.03717677281075389,2.1814475059509277,0.01406506635248661,0
mujoco,flat_forward,1,1,1263,12.62999999999844,1.0,0.0,0.32951474942621994,0.0010727177039037957,-0.022325127506612006,0.4922398167931152,-0.049263786722530165,2.1772091388702393,0.013580483384430408,0
mujoco,flat_forward,1,1,1264,12.639999999998434,1.0,0.0,0.32950758955749776,0.0011151381850420465,-0.02225001888560793,0.4923209380199084,-0.037399319620831935,2.1823952198028564,0.014325402677059174,0
mujoco,flat_forward,1,1,1265,12.649999999998428,1.0,0.0,0.32949905574643534,0.0011577066359911433,-0.022209392086633053,0.49164102870809373,-0.047534361401346564,2.176985502243042,0.014886211603879929,0
mujoco,flat_forward,1,1,1266,12.659999999998423,1.0,0.0,0.329498949611075,0.0012103606611783837,-0.022133194749700446,0.4918627430461567,-0.037871074338405086,2.18353533744812,0.017181087285280228,0
mujoco,flat_forward,1,1,1267,12.669999999998417,1.0,0.0,0.32949805968456347,0.0012549921268223388,-0.022088306607805103,0.4909453241530644,-0.04631739826948864,2.1764590740203857,0.017386699095368385,0
mujoco,flat_forward,1,1,1268,12.679999999998412,1.0,0.0,0.32950614008912615,0.0013096516259008292,-0.022020418897431632,0.49134966349166004,-0.03921043317865295,2.1841156482696533,0.020417897030711174,0
mujoco,flat_forward,1,1,1269,12.689999999998406,1.0,0.0,0.32951019387761266,0.0013569650422852707,-0.022036111670496305,0.4906579716342711,-0.046187105744219865,2.175448179244995,0.020677076652646065,0
mujoco,flat_forward,1,1,1270,12.6999999999984,1.0,0.0,0.32951857221724973,0.0014032581720177318,-0.021996285400232577,0.49113459081736144,-0.041424816805995704,2.181678533554077,0.01908418908715248,0
mujoco,flat_forward,1,1,1271,12.709999999998395,1.0,0.0,0.3295211715265754,0.0014399742544436672,-0.02198994276227598,0.490222819563027,-0.04610835453456002,2.1747095584869385,0.01840752363204956,0
mujoco,flat_forward,1,1,1272,12.71999999999839,1.0,0.0,0.32953022621599765,0.0014822944578692936,-0.021942600779374596,0.49089022806981225,-0.04347034279240272,2.183107376098633,0.023395152762532234,0
mujoco,flat_forward,1,1,1273,12.729999999998384,1.0,0.0,0.3295362095684393,0.0015155193292042059,-0.021907033270068814,0.4897132698140858,-0.04618247661359751,2.174391269683838,0.02244788222014904,0
mujoco,flat_forward,1,1,1274,12.739999999998378,1.0,0.0,0.3295500196035566,0.0015463647001101406,-0.021869958524511974,0.49059094260780933,-0.04613863423381933,2.1842596530914307,0.027719084173440933,0
mujoco,flat_forward,1,1,1275,12.749999999998373,1.0,0.0,0.3295589485613176,0.0015721866392340894,-0.021894982586274297,0.48961748535395205,-0.04721676232543877,2.172858715057373,0.027173755690455437,0
mujoco,flat_forward,1,1,1276,12.759999999998367,1.0,0.0,0.3295716141966829,0.0015930516609356181,-0.021884464707653716,0.4905140749988183,-0.04944488618559243,2.180861234664917,0.026090094819664955,0
mujoco,flat_forward,1,1,1277,12.769999999998362,1.0,0.0,0.3295783162423778,0.0016144785372770563,-0.02187937331474871,0.4893428617170682,-0.048704885106003376,2.1709930896759033,0.025342540815472603,0
mujoco,flat_forward,1,1,1278,12.779999999998356,1.0,0.0,0.329590261127484,0.0016322139828984978,-0.02185960252460611,0.4903444401391528,-0.052903505256319955,2.180868625640869,0.029249463230371475,0
mujoco,flat_forward,1,1,1279,12.78999999999835,1.0,0.0,0.3295986871288353,0.0016543802503407106,-0.02183104519313575,0.48900726180866305,-0.05021339179936103,2.1703898906707764,0.02843719907104969,0
mujoco,flat_forward,1,1,1280,12.799999999998345,1.0,0.0,0.329612977659695,0.0016701146625499276,-0.02181268465269944,0.48994311128192414,-0.05413933163883278,2.180328369140625,0.031453896313905716,0
mujoco,flat_forward,1,1,1281,12.80999999999834,1.0,0.0,0.329627221497071,0.0017190329474652865,-0.021791258804693153,0.4886718607194129,-0.04742016294588218,2.170593023300171,0.025541333481669426,0
mujoco,flat_forward,1,1,1282,12.819999999998334,1.0,0.0,0.32964650625477265,0.0017502615494703047,-0.02177431456826926,0.48959467891695474,-0.05465538493627069,2.1786768436431885,0.02656480483710766,0
mujoco,flat_forward,1,1,1283,12.829999999998329,1.0,0.0,0.329662966221754,0.0017829263422054847,-0.02175800648297556,0.48849630067401334,-0.05008869228680877,2.171067476272583,0.02374819479882717,0
mujoco,flat_forward,1,1,1284,12.839999999998323,1.0,0.0,0.32968342091750363,0.0017982283665402405,-0.021733539521059775,0.489282643685003,-0.05471357702069479,2.1796395778656006,0.0264467503875494,0
mujoco,flat_forward,1,1,1285,12.849999999998317,1.0,0.0,0.32970415355034677,0.0018454036111507338,-0.021724864874120228,0.4884283560841904,-0.047106811423518954,2.1744191646575928,0.018122633919119835,0
mujoco,flat_forward,1,1,1286,12.859999999998312,1.0,0.0,0.32972934427908035,0.0018702998372035077,-0.021698620051215384,0.4888661718618259,-0.051058514415461644,2.1796674728393555,0.019367268308997154,0
mujoco,flat_forward,1,1,1287,12.869999999998306,1.0,0.0,0.3297575687453274,0.0019217500290238606,-0.02167082995692934,0.4881813071290876,-0.04692330342609058,2.1788716316223145,0.011152965947985649,0
mujoco,flat_forward,1,1,1288,12.8799999999983,1.0,0.0,0.32979256758352593,0.0019423005041754814,-0.021641780148231964,0.48847757407023207,-0.050185780509794144,2.1822268962860107,0.013766731135547161,0
mujoco,flat_forward,1,1,1289,12.889999999998295,1.0,0.0,0.3298323143520508,0.0019901936689738936,-0.021635539452725238,0.4881386637661796,-0.04486636380661823,2.182154893875122,0.008349927142262459,0
mujoco,flat_forward,1,1,1290,12.89999999999829,1.0,0.0,0.3298756621602458,0.002007433805229355,-0.021645068978581733,0.4884552425239208,-0.05173963840332716,2.18229341506958,0.007865732535719872,0
mujoco,flat_forward,1,1,1291,12.909999999998284,1.0,0.0,0.3299199082219156,0.002033790259699275,-0.021653858151543415,0.4882867201518391,-0.04916831667766363,2.182952404022217,0.007059895899146795,0
mujoco,flat_forward,1,1,1292,12.919999999998279,1.0,0.0,0.32996602718131485,0.002029343215290794,-0.021659750571631282,0.488481035509048,-0.053617706905210595,2.183793544769287,0.007130189798772335,0
mujoco,flat_forward,1,1,1293,12.929999999998273,1.0,0.0,0.330014640326216,0.0020462519136784595,-0.02168942456931393,0.4885248769660551,-0.04839344605438095,2.1850154399871826,0.008019830100238323,0
mujoco,flat_forward,1,1,1294,12.939999999998268,1.0,0.0,0.33006351465408845,0.0020412365121621036,-0.02169891915719654,0.4884190159842858,-0.05201927435260139,2.1832728385925293,0.006861007772386074,0
mujoco,flat_forward,1,1,1295,12.949999999998262,1.0,0.0,0.3301151211106775,0.0020560080038643943,-0.021738883480936656,0.4885989511649429,-0.050480162233553644,2.1875646114349365,0.012135510332882404,0
mujoco,flat_forward,1,1,1296,12.959999999998256,1.0,0.0,0.3301683131945976,0.0020449265173346992,-0.02174069269348806,0.488329404091224,-0.05290850048867437,2.184519052505493,0.009021160192787647,0
mujoco,flat_forward,1,1,1297,12.969999999998251,1.0,0.0,0.33022429156643635,0.0020523979332954666,-0.02182137347050945,0.48889078834028576,-0.050351087661648586,2.1895594596862793,0.014784538187086582,0
mujoco,flat_forward,1,1,1298,12.979999999998245,1.0,0.0,0.33027727894110304,0.0020341092019693923,-0.021864878233563985,0.4885804351970303,-0.05544090160710928,2.182176351547241,0.015695873647928238,0
mujoco,flat_forward,1,1,1299,12.98999999999824,1.0,0.0,0.33032753189193825,0.002032284080173105,-0.02198983011903442,0.48951407969034477,-0.051875575324725594,2.189026117324829,0.018293069675564766,0
mujoco,flat_forward,1,1,1300,12.999999999998234,1.0,0.0,0.3303705988766026,0.002013262750842521,-0.022025798233356517,0.48879560773745456,-0.05501520975733956,2.1789064407348633,0.020899761468172073,0
mujoco,flat_forward,1,1,1301,13.009999999998229,1.0,0.0,0.3304104982013526,0.0020082162954168504,-0.022146775587557108,0.4899217278747491,-0.05475421312263259,2.1906466484069824,0.02658427320420742,0
mujoco,flat_forward,1,1,1302,13.019999999998223,1.0,0.0,0.33044626378761877,0.0019743222799791546,-0.022132134292722126,0.48904049518286286,-0.057137668069100846,2.1797749996185303,0.025592422112822533,0
mujoco,flat_forward,1,1,1303,13.029999999998218,1.0,0.0,0.3304807240413988,0.001951532136291928,-0.022256458669555355,0.49035703787437285,-0.059065278528096864,2.1924679279327393,0.030571503564715385,0
mujoco,flat_forward,1,1,1304,13.039999999998212,1.0,0.0,0.3305129471688625,0.001890571180507831,-0.02221680621200458,0.48932749987486246,-0.06002730040891851,2.17915940284729,0.03114417940378189,0
mujoco,flat_forward,1,1,1305,13.049999999998207,1.0,0.0,0.3305434196178413,0.0018456950535119265,-0.022355915426764003,0.4905344982935394,-0.05470165604917286,2.191258192062378,0.03305322676897049,0
mujoco,flat_forward,1,1,1306,13.059999999998201,1.0,0.0,0.3305760066125062,0.0018284549108782393,-0.022279717185398736,0.4891527691976095,-0.0564895033780279,2.178339958190918,0.028881829231977463,0
mujoco,flat_forward,1,1,1307,13.069999999998196,1.0,0.0,0.3306075874832387,0.0018079730835016696,-0.02239887798125968,0.490343808102478,-0.052654053698080676,2.1923959255218506,0.03084840439260006,0
mujoco,flat_forward,1,1,1308,13.07999999999819,1.0,0.0,0.3306418947149349,0.0017918155580019847,-0.02232473112716156,0.4891653980362561,-0.05749246200425578,2.1823859214782715,0.026187114417552948,0
mujoco,flat_forward,1,1,1309,13.089999999998184,1.0,0.0,0.33067433029832816,0.0017301278476564471,-0.022453700571642823,0.4903097542337871,-0.05244358587703511,2.1951091289520264,0.027477404102683067,0
mujoco,flat_forward,1,1,1310,13.099999999998179,1.0,0.0,0.33070960093865825,0.0016837223554102818,-0.022396608272289217,0.48937309132678947,-0.05944120806555685,2.1862552165985107,0.022983573377132416,0
mujoco,flat_forward,1,1,1311,13.109999999998173,1.0,0.0,0.33074158358939715,0.0015929046939831169,-0.02253920165199119,0.4904928039986326,-0.050330956345405534,2.196510076522827,0.023012515157461166,0
mujoco,flat_forward,1,1,1312,13.119999999998168,1.0,0.0,0.3307705867112158,0.001546039401797086,-0.02256976344322625,0.4896796794835327,-0.05801622963028173,2.187289237976074,0.023340798914432526,0
mujoco,flat_forward,1,1,1313,13.129999999998162,1.0,0.0,0.33079227050739696,0.0014488472966976745,-0.022735370424191385,0.4905326052890398,-0.047978210507044414,2.195796012878418,0.019664200022816658,0
mujoco,flat_forward,1,1,1314,13.139999999998157,1.0,0.0,0.330809834671809,0.0013937343466184518,-0.022798521902788603,0.4900189360718017,-0.05796820089925325,2.190145254135132,0.01820697821676731,0
mujoco,flat_forward,1,1,1315,13.149999999998151,1.0,0.0,0.33082147034016424,0.0012934648698979506,-0.022911134034209118,0.49040903295165306,-0.0429614751863331,2.1962172985076904,0.016812505200505257,0
mujoco,flat_forward,1,1,1316,13.159999999998146,1.0,0.0,0.3308308105297202,0.0012409275118507956,-0.022981291656734702,0.49028490285569115,-0.056536350316688265,2.1949164867401123,0.015750912949442863,0
mujoco,flat_forward,1,1,1317,13.16999999999814,1.0,0.0,0.3308351392197616,0.001128102636095346,-0.02308860006545696,0.49058933650162584,-0.041422419316766455,2.1971282958984375,0.01762503758072853,0
mujoco,flat_forward,1,1,1318,13.179999999998135,1.0,0.0,0.3308348361072806,0.0010598017652751035,-0.023180142610432275,0.49079795040657015,-0.05746584572713092,2.1960866451263428,0.016085712239146233,0
mujoco,flat_forward,1,1,1319,13.189999999998129,1.0,0.0,0.3308273497807991,0.0009360358511454607,-0.02328528321404479,0.4909923161142274,-0.04332462174829918,2.1960771083831787,0.020745711401104927,0
mujoco,flat_forward,1,1,1320,13.199999999998123,1.0,0.0,0.330817255007806,0.0008397448434168161,-0.023361290451418944,0.4910713170180623,-0.056608846400235446,2.1959195137023926,0.014754927717149258,0
mujoco,flat_forward,1,1,1321,13.209999999998118,1.0,0.0,0.3308099862873779,0.0007633670175526797,-0.023418703972605065,0.49121305627828815,-0.04206523793967413,2.198148488998413,0.013250698335468769,0
mujoco,flat_forward,1,1,1322,13.219999999998112,1.0,0.0,0.3308016385566238,0.000686664884115209,-0.023479641488949505,0.491123420411201,-0.054252173763659935,2.1945645809173584,0.01321332436054945,0
mujoco,flat_forward,1,1,1323,13.229999999998107,1.0,0.0,0.3307943971523066,0.0006157289095224845,-0.02353734374516386,0.49141592459084205,-0.04182753607307999,2.199035882949829,0.01246553286910057,0
mujoco,flat_forward,1,1,1324,13.239999999998101,1.0,0.0,0.33078246695465674,0.0005289391293952258,-0.023602508021665573,0.491243701238589,-0.052757786860793104,2.1937620639801025,0.014145201072096825,0
mujoco,flat_forward,1,1,1325,13.249999999998096,1.0,0.0,0.33077012968770914,0.00046170262636433673,-0.023653506961877648,0.49150598257419054,-0.04598277030497255,2.1992363929748535,0.012591931968927383,0
mujoco,flat_forward,1,1,1326,13.25999999999809,1.0,0.0,0.3307558137491227,0.00034576435282058306,-0.023675054991760147,0.49107524520726803,-0.051353283913999875,2.1960697174072266,0.010835106484591961,0
mujoco,flat_forward,1,1,1327,13.269999999998085,1.0,0.0,0.33074603340121234,0.00027100423776022246,-0.023713304682702923,0.4914755555814962,-0.04581013189528336,2.2012643814086914,0.012463797815144062,0
mujoco,flat_forward,1,1,1328,13.27999999999808,1.0,0.0,0.33073356032173307,0.00015897932787979285,-0.023731252987384786,0.49096057040143415,-0.050077069535381276,2.1949150562286377,0.018613575026392937,0
mujoco,flat_forward,1,1,1329,13.289999999998074,1.0,0.0,0.33072162773903646,9.051340421852019e-05,-0.023803620113030735,0.49160831920496073,-0.04690092580360672,2.2001116275787354,0.01575588993728161,0
mujoco,flat_forward,1,1,1330,13.299999999998068,1.0,0.0,0.3307031654227093,-1.9497380023954487e-05,-0.023823537549993005,0.49088683498610697,-0.049803140921832426,2.191009998321533,0.02400553971529007,0
mujoco,flat_forward,1,1,1331,13.309999999998062,1.0,0.0,0.33068211895568556,-9.045177899822147e-05,-0.023900429728794158,0.4915895271225258,-0.05295627226664612,2.198178291320801,0.020529279485344887,0
mujoco,flat_forward,1,1,1332,13.319999999998057,1.0,0.0,0.33065842725029104,-0.00020135015470274285,-0.023833120701517833,0.49059345449745184,-0.04975431287167019,2.190089464187622,0.026065800338983536,0
mujoco,flat_forward,1,1,1333,13.329999999998051,1.0,0.0,0.33063351400440966,-0.00027368554761503266,-0.023926026259262715,0.4913768753652181,-0.05211989671904796,2.197819232940674,0.024567488580942154,0
mujoco,flat_forward,1,1,1334,13.339999999998046,1.0,0.0,0.3306092970227022,-0.0003450668213102004,-0.023837838150303364,0.49030259686828215,-0.049432161915046784,2.1880486011505127,0.027818558737635612,0
mujoco,flat_forward,1,1,1335,13.34999999999804,1.0,0.0,0.33058134677585965,-0.0003935300795429575,-0.023945459618976078,0.491084956938424,-0.050438829508805176,2.195634365081787,0.022921733558177948,0
mujoco,flat_forward,1,1,1336,13.359999999998035,1.0,0.0,0.3305539862201262,-0.0004388985071772994,-0.023848857193015004,0.4900160445303485,-0.049235065280021556,2.1873533725738525,0.02426287718117237,0
mujoco,flat_forward,1,1,1337,13.36999999999803,1.0,0.0,0.3305220351218465,-0.0004741831318903312,-0.023936117838107715,0.49045931349984806,-0.045238087197170984,2.1942789554595947,0.019900791347026825,0
mujoco,flat_forward,1,1,1338,13.379999999998024,1.0,0.0,0.33049559069645335,-0.0004945906621036279,-0.023815621203005285,0.48944029774963066,-0.04708723483922105,2.1899890899658203,0.016859645023941994,0
mujoco,flat_forward,1,1,1339,13.389999999998018,1.0,0.0,0.3304668652121339,-0.0005159992024737945,-0.023874195843586573,0.4896683429076656,-0.04660497896409605,2.195315361022949,0.0128449946641922,0
mujoco,flat_forward,1,1,1340,13.399999999998013,1.0,0.0,0.3304466154822565,-0.000541021257021254,-0.0237618122610888,0.4890915283736221,-0.050804957794946565,2.1935060024261475,0.010545176453888416,0
mujoco,flat_forward,1,1,1341,13.409999999998007,1.0,0.0,0.3304235623886901,-0.0005718859952787921,-0.023823734675677215,0.48916296559348593,-0.04698955466027008,2.1938090324401855,0.006453808397054672,0
mujoco,flat_forward,1,1,1342,13.419999999998002,1.0,0.0,0.3304063082427902,-0.0006003663466157498,-0.023744216392918543,0.48879349964714874,-0.05262963140792234,2.1919519901275635,0.0063998643308877945,0
mujoco,flat_forward,1,1,1343,13.429999999997996,1.0,0.0,0.33038303155275495,-0.0006322796548346649,-0.023798683959796587,0.4886427881405114,-0.04667842431118712,2.190159559249878,0.006374265532940626,0
mujoco,flat_forward,1,1,1344,13.43999999999799,1.0,0.0,0.33036313193176853,-0.0006603656065298763,-0.023729116004242597,0.48846536033786575,-0.054463929538698504,2.190131664276123,0.005709223449230194,0
mujoco,flat_forward,1,1,1345,13.449999999997985,1.0,0.0,0.3303353423161914,-0.0006911882118420083,-0.023762707131488738,0.48817624920054625,-0.046690752133048616,2.187960386276245,0.009568512439727783,0
mujoco,flat_forward,1,1,1346,13.45999999999798,1.0,0.0,0.33030976617375896,-0.000720468473043929,-0.023702729081243858,0.4881954322546763,-0.05649542643826709,2.1893789768218994,0.009029397740960121,0
mujoco,flat_forward,1,1,1347,13.469999999997974,1.0,0.0,0.3302784555909949,-0.0007408018696617989,-0.02367663965448101,0.48743904604506205,-0.04349497678840246,2.186354637145996,0.013603379018604755,0
mujoco,flat_forward,1,1,1348,13.479999999997968,1.0,0.0,0.330250730945039,-0.0007638735677406278,-0.023624547066040332,0.48752289930876647,-0.05449938703455208,2.1896274089813232,0.015254425816237926,0
mujoco,flat_forward,1,1,1349,13.489999999997963,1.0,0.0,0.33022243135646817,-0.0007704942969237162,-0.023597491556854283,0.48669788821621507,-0.04319390911278274,2.186188220977783,0.01486965361982584,0
mujoco,flat_forward,1,1,1350,13.499999999997957,1.0,0.0,0.33019771366985623,-0.0007882536862157431,-0.02355661423888371,0.48679501225423394,-0.05280899718178868,2.1888082027435303,0.012786471284925938,0
mujoco,flat_forward,1,1,1351,13.509999999997952,1.0,0.0,0.3301739068959842,-0.0007877988003823786,-0.02351877169651011,0.48604819038288766,-0.042940126203399966,2.1873629093170166,0.011250810697674751,0
mujoco,flat_forward,1,1,1352,13.519999999997946,1.0,0.0,0.33015294646887533,-0.0008036371045307306,-0.02348377524854898,0.4861182602511673,-0.05094703210677559,2.188824415206909,0.009766846895217896,0
mujoco,flat_forward,1,1,1353,13.52999999999794,1.0,0.0,0.3301348010741385,-0.0008021162842263357,-0.023421042480360595,0.4853063737795282,-0.04688728272738912,2.1886467933654785,0.007945502176880836,0
mujoco,flat_forward,1,1,1354,13.539999999997935,1.0,0.0,0.3301218135491818,-0.0008263905908935821,-0.0233704254499408,0.48545425556626387,-0.051955336920475714,2.1909234523773193,0.0074482387863099575,0
mujoco,flat_forward,1,1,1355,13.54999999999793,1.0,0.0,0.33011330786902077,-0.0008281319724423565,-0.023325629734285758,0.48474791876411505,-0.04817536847057286,2.1891753673553467,0.006034025922417641,0
mujoco,flat_forward,1,1,1356,13.559999999997924,1.0,0.0,0.3301080369734479,-0.0008517561328685151,-0.02329462895251729,0.4847069115306124,-0.05055457043407918,2.188913583755493,0.004064528271555901,0
mujoco,flat_forward,1,1,1357,13.569999999997918,1.0,0.0,0.33010539719570753,-0.000847892084673349,-0.023274490416770807,0.48412543988011947,-0.04884513147363812,2.1879806518554688,0.00465792091563344,0
mujoco,flat_forward,1,1,1358,13.579999999997913,1.0,0.0,0.3301036833719395,-0.0008656598417926114,-0.02325816982461275,0.483883885724121,-0.049632833684612104,2.1867339611053467,0.004107525572180748,0
mujoco,flat_forward,1,1,1359,13.589999999997907,1.0,0.0,0.3301028373814981,-0.0008525149867770424,-0.023267501891349063,0.4835952360316098,-0.04646561163410702,2.1868553161621094,0.005724010989069939,0
mujoco,flat_forward,1,1,1360,13.599999999997902,1.0,0.0,0.3300986025927007,-0.0008563521745551464,-0.023251676664529663,0.4831043405129956,-0.046856877549702844,2.1839840412139893,0.008130449801683426,0
mujoco,flat_forward,1,1,1361,13.609999999997896,1.0,0.0,0.3300937210268399,-0.0008343165438397804,-0.023264073465377996,0.48303518132210077,-0.04745804951387652,2.187572717666626,0.010205751284956932,0
mujoco,flat_forward,1,1,1362,13.61999999999789,1.0,0.0,0.33008641539108824,-0.0008339725761310274,-0.023219846160663603,0.4824223651820304,-0.046709841349060595,2.1841862201690674,0.012252862565219402,0
mujoco,flat_forward,1,1,1363,13.629999999997885,1.0,0.0,0.3300794287433974,-0.0008142469800871515,-0.023232343108659254,0.4826268131102609,-0.04972410166897369,2.1887736320495605,0.014341096393764019,0
mujoco,flat_forward,1,1,1364,13.63999999999788,1.0,0.0,0.3300713389677172,-0.0008148565948678767,-0.023161329189682472,0.48186329412126583,-0.04701741516182461,2.1834328174591064,0.016694175079464912,0
mujoco,flat_forward,1,1,1365,13.649999999997874,1.0,0.0,0.33006353246303466,-0.0008006344550149428,-0.023193341092624133,0.482303418527706,-0.05219347944807047,2.18855881690979,0.018746018409729004,0
mujoco,flat_forward,1,1,1366,13.659999999997869,1.0,0.0,0.3300555835719855,-0.0008016515055749301,-0.02309713755562696,0.4813483808529872,-0.047607745737872326,2.1809732913970947,0.02194540575146675,0
mujoco,flat_forward,1,1,1367,13.669999999997863,1.0,0.0,0.33004674433718206,-0.000791569796804375,-0.02315842457922182,0.4818496238212712,-0.052634105620007844,2.1870174407958984,0.02291913889348507,0
mujoco,flat_forward,1,1,1368,13.679999999997857,1.0,0.0,0.3300419398877977,-0.0007842735621012622,-0.02302574501326562,0.4807007701052674,-0.04804637584143449,2.179729700088501,0.020665405318140984,0
mujoco,flat_forward,1,1,1369,13.689999999997852,1.0,0.0,0.33003669127276636,-0.0007696718524626287,-0.02309156712653218,0.48118850672109625,-0.051166863449138705,2.1870055198669434,0.022484345361590385,0
mujoco,flat_forward,1,1,1370,13.699999999997846,1.0,0.0,0.330037935954026,-0.0007553669905393245,-0.022950639885097185,0.48003929366023707,-0.04784643601289235,2.181243896484375,0.01813279278576374,0
mujoco,flat_forward,1,1,1371,13.70999999999784,1.0,0.0,0.33003855412472727,-0.0007397474109612937,-0.023033781332282184,0.4807001796248177,-0.05284267104468667,2.187781572341919,0.019630929455161095,0
mujoco,flat_forward,1,1,1372,13.719999999997835,1.0,0.0,0.3300433146765311,-0.0007281034170325856,-0.02290803772840796,0.47968159744554223,-0.050588343617239066,2.1810731887817383,0.019512761384248734,0
mujoco,flat_forward,1,1,1373,13.72999999999783,1.0,0.0,0.330044982438298,-0.0007162589517668417,-0.02299537586105587,0.4801925961620713,-0.052381936531353424,2.1875178813934326,0.020188309252262115,0
mujoco,flat_forward,1,1,1374,13.739999999997824,1.0,0.0,0.3300531367535069,-0.0007028041364858063,-0.02286082994274238,0.479184919637803,-0.0513781141386259,2.1821980476379395,0.014513488858938217,0
mujoco,flat_forward,1,1,1375,13.749999999997819,1.0,0.0,0.33005915275710374,-0.0006855469553066578,-0.02295206674132712,0.4796707223606572,-0.04755465577008771,2.1875500679016113,0.01615576632320881,0
mujoco,flat_forward,1,1,1376,13.759999999997813,1.0,0.0,0.3300704551451397,-0.0006600786319255562,-0.022830053798115185,0.47865390796323964,-0.04999521791119226,2.1818366050720215,0.013452062383294106,0
mujoco,flat_forward,1,1,1377,13.769999999997808,1.0,0.0,0.33007907330322395,-0.000633567224373978,-0.022903074930755794,0.47895716616508527,-0.045922649581071784,2.188123941421509,0.01517006941139698,0
mujoco,flat_forward,1,1,1378,13.779999999997802,1.0,0.0,0.3300951373128898,-0.0006017401940442963,-0.02277442304403728,0.4781415741940979,-0.05203966897081513,2.184446096420288,0.009661381132900715,0
mujoco,flat_forward,1,1,1379,13.789999999997796,1.0,0.0,0.33010887347922563,-0.0005769862307127316,-0.02286107391020494,0.47861699256759,-0.05015735861678725,2.189192056655884,0.011380862444639206,0
mujoco,flat_forward,1,1,1380,13.799999999997791,1.0,0.0,0.33012786628625224,-0.000554982009177129,-0.022755131838769174,0.4779631071359922,-0.05722363781276827,2.1843101978302,0.009153608232736588,0
mujoco,flat_forward,1,1,1381,13.809999999997785,1.0,0.0,0.33014296336015664,-0.0005334241579139382,-0.02283127826377625,0.4783905481984051,-0.048134137398205434,2.1881392002105713,0.010953370481729507,0
mujoco,flat_forward,1,1,1382,13.81999999999778,1.0,0.0,0.33016095213316804,-0.0004959097008817841,-0.02273716153650005,0.4777018910216627,-0.05731593069572668,2.182846784591675,0.011200236156582832,0
mujoco,flat_forward,1,1,1383,13.829999999997774,1.0,0.0,0.33017482250942815,-0.0004661181475136434,-0.02277871316658256,0.47792693258042085,-0.047724983110013205,2.1876943111419678,0.01167625468224287,0
mujoco,flat_forward,1,1,1384,13.839999999997769,1.0,0.0,0.3301933912423519,-0.00043013737262064894,-0.02268362965815653,0.4774181985275729,-0.05998886256008974,2.1850156784057617,0.009338847361505032,0
mujoco,flat_forward,1,1,1385,13.849999999997763,1.0,0.0,0.330210120353971,-0.00040311233907826363,-0.022697445402555368,0.4774948775693741,-0.04878289310816727,2.1881604194641113,0.010922244749963284,0
mujoco,flat_forward,1,1,1386,13.859999999997758,1.0,0.0,0.3302322468926456,-0.0003763438707866564,-0.022624927918416762,0.477197879106911,-0.06344514464935361,2.1865756511688232,0.010483444668352604,0
mujoco,flat_forward,1,1,1387,13.869999999997752,1.0,0.0,0.3302531318555189,-0.0003524259584833131,-0.022632415448480478,0.4772498417884711,-0.04695326298092706,2.1871604919433594,0.011800479143857956,0
mujoco,flat_forward,1,1,1388,13.879999999997747,1.0,0.0,0.3302740264688159,-0.00031776958430204807,-0.02262488996675564,0.47703393456716703,-0.06395457936337658,2.1839609146118164,0.014836480841040611,0
mujoco,flat_forward,1,1,1389,13.889999999997741,1.0,0.0,0.33029150995307893,-0.0002880621335836498,-0.022632226307679377,0.47692001435261494,-0.04749759351475978,2.184741973876953,0.015427256003022194,0
mujoco,flat_forward,1,1,1390,13.899999999997736,1.0,0.0,0.33030821302795493,-0.0002624606587377284,-0.022635188730998755,0.4767276020658938,-0.06539005268181858,2.1835811138153076,0.015562837943434715,0
mujoco,flat_forward,1,1,1391,13.90999999999773,1.0,0.0,0.33032657216295386,-0.0002321634074851918,-0.02263896948053784,0.47662438097631016,-0.04720141442449355,2.185922622680664,0.0140987578779459,0
mujoco,flat_forward,1,1,1392,13.919999999997724,1.0,0.0,0.33034086476830143,-0.00018890826322821445,-0.022665187615828288,0.4762580224963688,-0.061454634609247966,2.1828114986419678,0.017038235440850258,0
mujoco,flat_forward,1,1,1393,13.929999999997719,1.0,0.0,0.3303565000645581,-0.00014205263106093353,-0.022674309951122386,0.4762286915435753,-0.045449780390028637,2.1889572143554688,0.015542377717792988,0
mujoco,flat_forward,1,1,1394,13.939999999997713,1.0,0.0,0.3303688919835716,-9.818257100607904e-05,-0.022708951828154175,0.4758404788037419,-0.058372170557457775,2.18548321723938,0.013928995467722416,0
mujoco,flat_forward,1,1,1395,13.949999999997708,1.0,0.0,0.3303852197886312,-4.981389492695263e-05,-0.02272491423418853,0.47597159820722656,-0.04457036246094985,2.192620038986206,0.014870598912239075,0
mujoco,flat_forward,1,1,1396,13.959999999997702,1.0,0.0,0.33039863685928156,-8.396817910102135e-06,-0.022772544370379504,0.47554928563079263,-0.05557703774007063,2.1877074241638184,0.013938698917627335,0
mujoco,flat_forward,1,1,1397,13.969999999997697,1.0,0.0,0.3304168157385943,3.90923560061069e-05,-0.02280545700732713,0.47583033789130363,-0.043917959217762835,2.1948909759521484,0.0144227659329772,0
mujoco,flat_forward,1,1,1398,13.979999999997691,1.0,0.0,0.33043051578213967,7.39481538763872e-05,-0.022884410999679253,0.4756091572290716,-0.05699845135081439,2.1887919902801514,0.015676749870181084,0
mujoco,flat_forward,1,1,1399,13.989999999997686,1.0,0.0,0.33044465022623487,0.0001090068750105429,-0.02294869508710654,0.47608255461680815,-0.04599516126868855,2.194153308868408,0.01429666206240654,0
mujoco,flat_forward,1,1,1400,13.99999999999768,1.0,0.0,0.3304512497549318,0.0001324354967888609,-0.023039235212983095,0.4756658862404796,-0.055516526259092966,2.187619686126709,0.01663374714553356,0
mujoco,flat_forward,1,1,1401,14.009999999997675,1.0,0.0,0.3304591816017561,0.00016274067190329865,-0.02311102979892742,0.47616767661127246,-0.04599682491743699,2.194143056869507,0.015763919800519943,0
mujoco,flat_forward,1,1,1402,14.019999999997669,1.0,0.0,0.33045976964921864,0.00018404618666235917,-0.023196494504166457,0.47554951415218594,-0.053321926478141865,2.1867449283599854,0.019693853333592415,0
mujoco,flat_forward,1,1,1403,14.029999999997663,1.0,0.0,0.3304622309418059,0.00021308983435220039,-0.02327541969368074,0.47618033369125995,-0.04606043373873733,2.194739580154419,0.018714886158704758,0
mujoco,flat_forward,1,1,1404,14.039999999997658,1.0,0.0,0.3304569851835194,0.0002339644246197671,-0.023355744626117603,0.47536995783731756,-0.051343682324913466,2.1856799125671387,0.023535484448075294,0
mujoco,flat_forward,1,1,1405,14.049999999997652,1.0,0.0,0.33045307415506514,0.00026042536729078394,-0.023444430848874202,0.4761913817453785,-0.04666602727152536,2.1944966316223145,0.02128523215651512,0
mujoco,flat_forward,1,1,1406,14.059999999997647,1.0,0.0,0.33044066750855666,0.00027989297210404023,-0.023514442740586384,0.47519722048969604,-0.05003019983045582,2.1837961673736572,0.027902204543352127,0
mujoco,flat_forward,1,1,1407,14.069999999997641,1.0,0.0,0.33042828990911355,0.00030183936994799675,-0.02361767602585279,0.47623319414332854,-0.04777674597356743,2.193654775619507,0.02455328404903412,0
mujoco,flat_forward,1,1,1408,14.079999999997636,1.0,0.0,0.33040867874918234,0.00032390969998581187,-0.023628221171590892,0.4747761879439711,-0.04573507542432462,2.181232452392578,0.032835252583026886,0
mujoco,flat_forward,1,1,1409,14.08999999999763,1.0,0.0,0.33038916163633947,0.00034507358839154967,-0.023739867976795895,0.4758761096974149,-0.04476314527005775,2.1936113834381104,0.030706604942679405,0
mujoco,flat_forward,1,1,1410,14.099999999997625,1.0,0.0,0.330366550593919,0.0003746102127440459,-0.023704983785024874,0.4743441546794951,-0.044596746814320486,2.1806929111480713,0.03496026620268822,0
mujoco,flat_forward,1,1,1411,14.10999999999762,1.0,0.0,0.3303428071101968,0.00039779510830671483,-0.023811095971152954,0.47546560066719235,-0.042356087138808673,2.1931862831115723,0.03015849180519581,0
mujoco,flat_forward,1,1,1412,14.119999999997614,1.0,0.0,0.33031673500409503,0.0004298973484811783,-0.023752695149586618,0.4740066419475671,-0.043927672879462684,2.181959867477417,0.03242901340126991,0
mujoco,flat_forward,1,1,1413,14.129999999997608,1.0,0.0,0.33028884802351466,0.00045199796217398306,-0.023843322115219348,0.47504399470847275,-0.03968364270707117,2.1931991577148438,0.02767309360206127,0
mujoco,flat_forward,1,1,1414,14.139999999997602,1.0,0.0,0.33025967508718296,0.00048446581758504156,-0.023766068005540087,0.47371570735507273,-0.043343086768394545,2.1837708950042725,0.029252957552671432,0
mujoco,flat_forward,1,1,1415,14.149999999997597,1.0,0.0,0.33022862881127313,0.0005038703406160827,-0.023832825804383062,0.47454449865787657,-0.03919521976057093,2.193554639816284,0.024613462388515472,0
mujoco,flat_forward,1,1,1416,14.159999999997591,1.0,0.0,0.33020279349343384,0.0005201653635762996,-0.023688176014480915,0.47347795554295197,-0.04646401921396821,2.1872148513793945,0.021532952785491943,0
mujoco,flat_forward,1,1,1417,14.169999999997586,1.0,0.0,0.33017716373066414,0.0005175761063176646,-0.023740945028896936,0.4745192816384491,-0.04314844700902008,2.1939713954925537,0.019916243851184845,0
mujoco,flat_forward,1,1,1418,14.17999999999758,1.0,0.0,0.3301537128538452,0.0005164995358675914,-0.02360273737394287,0.47348821372581995,-0.050726178642246655,2.184291362762451,0.022718124091625214,0
mujoco,flat_forward,1,1,1419,14.189999999997575,1.0,0.0,0.3301277002585361,0.0005021734318180802,-0.023624923574531415,0.4743144547124437,-0.041777445111928255,2.190833806991577,0.02022634632885456,0
mujoco,flat_forward,1,1,1420,14.19999999999757,1.0,0.0,0.3300999977332936,0.0005329750744821184,-0.02351254690081504,0.47320753529709775,-0.04941646863332556,2.1814346313476562,0.023025326430797577,0
mujoco,flat_forward,1,1,1421,14.209999999997564,1.0,0.0,0.33006835726652944,0.0005424764999440985,-0.023511465012420584,0.47370189265425755,-0.03952376873098762,2.188835382461548,0.018765095621347427,0
mujoco,flat_forward,1,1,1422,14.219999999997558,1.0,0.0,0.3300368789518462,0.0005912382978441861,-0.0233989924692645,0.4727795194421783,-0.04993032472404192,2.183138608932495,0.017281724140048027,0
mujoco,flat_forward,1,1,1423,14.229999999997553,1.0,0.0,0.33000387692310756,0.0006088739713300073,-0.023374360616840274,0.473122417971119,-0.03846653152891026,2.18924880027771,0.01644076406955719,0
mujoco,flat_forward,1,1,1424,14.239999999997547,1.0,0.0,0.3299728502101515,0.0006610204205216866,-0.02328049523473413,0.47241871182881146,-0.05124031493494402,2.1847524642944336,0.015133630484342575,0
mujoco,flat_forward,1,1,1425,14.249999999997542,1.0,0.0,0.32994154211171856,0.0006805568023347284,-0.023249357067440555,0.4725969237295818,-0.037676427287498135,2.1881351470947266,0.015084470622241497,0
mujoco,flat_forward,1,1,1426,14.259999999997536,1.0,0.0,0.3299122569085371,0.000733221275458941,-0.023184031631743856,0.47209131479182553,-0.05269292230111854,2.184157609939575,0.015183660201728344,0
mujoco,flat_forward,1,1,1427,14.26999999999753,1.0,0.0,0.3298828197626857,0.0007540274447870425,-0.023149575902890643,0.4721069632657614,-0.03723330922634928,2.1856179237365723,0.016096828505396843,0
mujoco,flat_forward,1,1,1428,14.279999999997525,1.0,0.0,0.3298541688185097,0.000804684620314192,-0.023117065525053167,0.47178264246034585,-0.054366668048737854,2.182305097579956,0.016467630863189697,0
mujoco,flat_forward,1,1,1429,14.28999999999752,1.0,0.0,0.32982547593109923,0.0008267115471605171,-0.023093812855803,0.4715902482862575,-0.03761994122003459,2.1825835704803467,0.017986536026000977,0
mujoco,flat_forward,1,1,1430,14.299999999997514,1.0,0.0,0.3297962075733652,0.0008744658052362124,-0.023081881735508073,0.47125089091774935,-0.05473658274304884,2.180044174194336,0.01750955358147621,0
mujoco,flat_forward,1,1,1431,14.309999999997508,1.0,0.0,0.3297707916398859,0.0009047129195402172,-0.023019511260022177,0.4708692151947195,-0.037552741987402605,2.181835412979126,0.016320975497364998,0
mujoco,flat_forward,1,1,1432,14.319999999997503,1.0,0.0,0.3297452922159149,0.0009525116453486577,-0.02298343921735936,0.47051902218780906,-0.05281805715969247,2.180361032485962,0.01574024371802807,0
mujoco,flat_forward,1,1,1433,14.329999999997497,1.0,0.0,0.3297260159161076,0.0009890457149609106,-0.022896071894870734,0.4701818012313984,-0.03658613365864417,2.183924436569214,0.014852013438940048,0
mujoco,flat_forward,1,1,1434,14.339999999997492,1.0,0.0,0.3297069249541167,0.0010370149215331171,-0.022861282822050053,0.47001171561896593,-0.053822499086235126,2.1814558506011963,0.014371302910149097,0
mujoco,flat_forward,1,1,1435,14.349999999997486,1.0,0.0,0.3296916762920962,0.0010692902889930908,-0.022791852254930127,0.4698501287702535,-0.03875137516825562,2.184091567993164,0.015259001404047012,0
mujoco,flat_forward,1,1,1436,14.35999999999748,1.0,0.0,0.32967446836663616,0.0011122384956147823,-0.02276050412794651,0.4695244291455309,-0.05259729832975622,2.1810197830200195,0.01426775474101305,0
mujoco,flat_forward,1,1,1437,14.369999999997475,1.0,0.0,0.32966360296905306,0.0011551278928515244,-0.022672700219574442,0.46937453000754475,-0.038730382396389124,2.185014486312866,0.012909314595162868,0
mujoco,flat_forward,1,1,1438,14.37999999999747,1.0,0.0,0.3296503783622376,0.0012182974823119696,-0.022661749903540196,0.46898128095140185,-0.04697907099144391,2.1810142993927,0.013386482372879982,0
mujoco,flat_forward,1,1,1439,14.389999999997464,1.0,0.0,0.3296442947505585,0.0012810846910964215,-0.022569295829111293,0.46887125780861866,-0.03657360448696326,2.1858952045440674,0.012220136821269989,0
mujoco,flat_forward,1,1,1440,14.399999999997458,1.0,0.0,0.3296360391544458,0.0013408908999045514,-0.022564503902116843,0.46861304157705763,-0.0486705211701784,2.1821470260620117,0.01165736373513937,0
mujoco,flat_forward,1,1,1441,14.409999999997453,1.0,0.0,0.32963414764902427,0.0013857565989122452,-0.02248551684341681,0.46866756375915153,-0.04009593684516373,2.1861822605133057,0.012788255698978901,0
mujoco,flat_forward,1,1,1442,14.419999999997447,1.0,0.0,0.3296295838906573,0.0014276210148723755,-0.022474356215225817,0.4682316045155971,-0.04902161222932168,2.1820902824401855,0.011584604158997536,0
mujoco,flat_forward,1,1,1443,14.429999999997442,1.0,0.0,0.32963409620546824,0.001474117462375871,-0.02238591479715121,0.4683883795176333,-0.041857064852905634,2.187319040298462,0.014602068811655045,0
mujoco,flat_forward,1,1,1444,14.439999999997436,1.0,0.0,0.32963586470341,0.0015227164764581233,-0.022402341202121902,0.4678396869367266,-0.044865360959340086,2.181704521179199,0.014038920402526855,0
mujoco,flat_forward,1,1,1445,14.44999999999743,1.0,0.0,0.3296464472371302,0.0015757529433959153,-0.02232210628158393,0.46806829005969236,-0.041328115017823366,2.187227725982666,0.01575864851474762,0
mujoco,flat_forward,1,1,1446,14.459999999997425,1.0,0.0,0.3296532229571077,0.0016151401818252891,-0.022355584231188965,0.4676323298256243,-0.047757847893364604,2.1817805767059326,0.014404522255063057,0
mujoco,flat_forward,1,1,1447,14.46999999999742,1.0,0.0,0.32966717976048815,0.0016436212427097378,-0.02229416360260311,0.46800582928395296,-0.045986574502766886,2.1868817806243896,0.016049999743700027,0
mujoco,flat_forward,1,1,1448,14.479999999997414,1.0,0.0,0.3296769288160601,0.0016645905986663423,-0.022314710541613405,0.46735619647589727,-0.049068061780483355,2.181161403656006,0.014658522792160511,0
mujoco,flat_forward,1,1,1449,14.489999999997409,1.0,0.0,0.32969530164671956,0.0016849238184114027,-0.022257990375387535,0.46787218762818283,-0.04902640865228118,2.1876814365386963,0.01949547789990902,0
mujoco,flat_forward,1,1,1450,14.499999999997403,1.0,0.0,0.32970936970899817,0.0017098835069610616,-0.022290312608190206,0.4671031440666007,-0.04615981651969771,2.180075168609619,0.01882055029273033,0
mujoco,flat_forward,1,1,1451,14.509999999997397,1.0,0.0,0.32973017747972616,0.0017329899875006926,-0.022253670077193748,0.46767405915243565,-0.049596862909903554,2.1866893768310547,0.021416399627923965,0
mujoco,flat_forward,1,1,1452,14.519999999997392,1.0,0.0,0.3297467090511648,0.0017568157850044797,-0.022262037490381244,0.4667187154315816,-0.04631903673348752,2.1792476177215576,0.020172540098428726,0
mujoco,flat_forward,1,1,1453,14.529999999997386,1.0,0.0,0.3297702286248922,0.0017736446510689295,-0.022236399280044523,0.4674646338222902,-0.052841130171873495,2.187394857406616,0.02444126456975937,0
mujoco,flat_forward,1,1,1454,14.53999999999738,1.0,0.0,0.3297885967829361,0.0017882712420285894,-0.022269092733914864,0.46667153812089124,-0.05164234102730535,2.178556203842163,0.02413751557469368,0
mujoco,flat_forward,1,1,1455,14.549999999997375,1.0,0.0,0.3298112283570598,0.00179592125864134,-0.022267506399450476,0.46752464864870613,-0.058793147387237954,2.1854398250579834,0.024237757548689842,0
mujoco,flat_forward,1,1,1456,14.55999999999737,1.0,0.0,0.32982707780011267,0.0018087745703692538,-0.02230666019457192,0.4666627857970147,-0.050288668896882466,2.1762118339538574,0.0247727669775486,0
mujoco,flat_forward,1,1,1457,14.569999999997364,1.0,0.0,0.3298448382505856,0.001815016868070605,-0.022313181124427137,0.46725165291647186,-0.05780847112175215,2.1819586753845215,0.025254646316170692,0
mujoco,flat_forward,1,1,1458,14.579999999997359,1.0,0.0,0.32986039144170526,0.0018356186309139205,-0.022311990085564788,0.4662777345139311,-0.050602907481145196,2.176542282104492,0.019198425114154816,0
mujoco,flat_forward,1,1,1459,14.589999999997353,1.0,0.0,0.32988096865555017,0.001840261119107735,-0.02228859329049948,0.4667547259248772,-0.05701840556565865,2.183044910430908,0.02237648144364357,0
mujoco,flat_forward,1,1,1460,14.599999999997348,1.0,0.0,0.3299027224914067,0.0018688818317371266,-0.022290490294763612,0.4660353092954007,-0.04745516016792141,2.180103302001953,0.015027261339128017,0
mujoco,flat_forward,1,1,1461,14.609999999997342,1.0,0.0,0.32992858426869504,0.0018802570203022041,-0.022277132129711878,0.4662628675614886,-0.053647081816261835,2.183042287826538,0.015358998440206051,0
mujoco,flat_forward,1,1,1462,14.619999999997336,1.0,0.0,0.3299570755649778,0.0019102306360506839,-0.022266524340726863,0.4657192482581296,-0.04782991100022975,2.1838414669036865,0.009569126181304455,0
mujoco,flat_forward,1,1,1463,14.629999999997331,1.0,0.0,0.3299907273655995,0.0019152736021852874,-0.022254226595542864,0.46588353346100553,-0.0533437948741773,2.185476303100586,0.00965169072151184,0
mujoco,flat_forward,1,1,1464,14.639999999997325,1.0,0.0,0.33002838417131436,0.0019408135743364519,-0.022259838386513176,0.46564032129195204,-0.046420585712591576,2.1866660118103027,0.006543053314089775,0
mujoco,flat_forward,1,1,1465,14.64999999999732,1.0,0.0,0.3300672232001627,0.0019413240934321066,-0.02227191446508723,0.4658997310961115,-0.05519001921350956,2.1857151985168457,0.005959578324109316,0
mujoco,flat_forward,1,1,1466,14.659999999997314,1.0,0.0,0.33010570769382386,0.0019538824605207475,-0.02228917553996144,0.4658614885688861,-0.05061175553194664,2.1875381469726562,0.007011352106928825,0
mujoco,flat_forward,1,1,1467,14.669999999997309,1.0,0.0,0.3301439179851723,0.0019365004986910054,-0.02229613135780031,0.4659952660399383,-0.05719989302286444,2.186774253845215,0.0054735359735786915,0
mujoco,flat_forward,1,1,1468,14.679999999997303,1.0,0.0,0.33018401426331595,0.0019384288352440153,-0.022332448487515498,0.4661330006428195,-0.05027497458700395,2.189127206802368,0.008394206874072552,0
mujoco,flat_forward,1,1,1469,14.689999999997298,1.0,0.0,0.33022235388406673,0.001921553839235222,-0.02233979528386933,0.46590697690521604,-0.05548784285526527,2.185173749923706,0.008795090019702911,0
mujoco,flat_forward,1,1,1470,14.699999999997292,1.0,0.0,0.3302626442396435,0.0019238850328547588,-0.022377998153180065,0.46620900314503794,-0.05235466808679394,2.191385269165039,0.014513961970806122,0
mujoco,flat_forward,1,1,1471,14.709999999997287,1.0,0.0,0.3303026987111176,0.001902361675981849,-0.02237026743320911,0.4658347498103312,-0.05646123013528542,2.186142683029175,0.01197989284992218,0
mujoco,flat_forward,1,1,1472,14.719999999997281,1.0,0.0,0.33034518556641806,0.0018989809018912745,-0.022441493651735693,0.4665254181198392,-0.05242841704685508,2.1933209896087646,0.017634276300668716,0
mujoco,flat_forward,1,1,1473,14.729999999997275,1.0,0.0,0.330384417088837,0.0018805069524683296,-0.02244329409112763,0.4657767865610785,-0.055489195051424786,2.183211326599121,0.020487362518906593,0
mujoco,flat_forward,1,1,1474,14.73999999999727,1.0,0.0,0.33042344500357557,0.001876142294588429,-0.022539776667551494,0.46670295943773704,-0.05538899937379986,2.194260835647583,0.025185253471136093,0
mujoco,flat_forward,1,1,1475,14.749999999997264,1.0,0.0,0.3304597564059385,0.0018470999859842069,-0.02251680001379773,0.4658486270682339,-0.05789772806750931,2.1827492713928223,0.025791171938180923,0
mujoco,flat_forward,1,1,1476,14.759999999997259,1.0,0.0,0.3304950471559516,0.0018286585490784918,-0.02264571367611738,0.46713900241450196,-0.05665075609849817,2.1947312355041504,0.029108542948961258,0
mujoco,flat_forward,1,1,1477,14.769999999997253,1.0,0.0,0.330523919889186,0.001801938841601084,-0.022628391097044558,0.46596574134634205,-0.058502165720264544,2.17859148979187,0.0347990058362484,0
mujoco,flat_forward,1,1,1478,14.779999999997248,1.0,0.0,0.33054839257966007,0.001777014980633932,-0.022765237288133955,0.4672493398766632,-0.05829578407887368,2.1932992935180664,0.03568858280777931,0
mujoco,flat_forward,1,1,1479,14.789999999997242,1.0,0.0,0.33057046227480713,0.0017494724820854048,-0.022701736054376632,0.46598962569843316,-0.06047946581041512,2.1789324283599854,0.03324863687157631,0
mujoco,flat_forward,1,1,1480,14.799999999997237,1.0,0.0,0.33059009368447323,0.0017177469808506685,-0.02280443268906203,0.4670746233340744,-0.05289637756128623,2.1939775943756104,0.034836865961551666,0
mujoco,flat_forward,1,1,1481,14.809999999997231,1.0,0.0,0.3306097188658406,0.0017103896785823308,-0.022753654495836807,0.4656528199019858,-0.055311525977432295,2.1831908226013184,0.028693383559584618,0
mujoco,flat_forward,1,1,1482,14.819999999997226,1.0,0.0,0.3306276840151769,0.0016715808676269059,-0.022881144483923935,0.4666028318977547,-0.048348067977066485,2.196239709854126,0.027757123112678528,0
mujoco,flat_forward,1,1,1483,14.82999999999722,1.0,0.0,0.33064608029710024,0.0016523803513422762,-0.022869204599123016,0.46553686117019655,-0.05440549614748083,2.1877453327178955,0.025568189099431038,0
mujoco,flat_forward,1,1,1484,14.839999999997215,1.0,0.0,0.3306613747935785,0.0015862692203538497,-0.023026601051321163,0.46644394376728143,-0.04616537458859061,2.1980175971984863,0.02266068011522293,0
mujoco,flat_forward,1,1,1485,14.849999999997209,1.0,0.0,0.33067598575404544,0.0015505511966240023,-0.023055342792466064,0.4656961372159611,-0.05439107891433075,2.1907613277435303,0.02246915176510811,0
mujoco,flat_forward,1,1,1486,14.859999999997203,1.0,0.0,0.3306855046329729,0.0014659900985130685,-0.023220759287438806,0.4665001149132132,-0.044377628855856895,2.1980884075164795,0.0185430608689785,0
mujoco,flat_forward,1,1,1487,14.869999999997198,1.0,0.0,0.3306925255847848,0.0014206589565637245,-0.023281947886165204,0.466034425388709,-0.05430765391204847,2.192903518676758,0.018940364941954613,0
mujoco,flat_forward,1,1,1488,14.879999999997192,1.0,0.0,0.33069327720150865,0.0013230534979656334,-0.023434916033853108,0.4666834196118108,-0.04265165359786789,2.19769287109375,0.016248922795057297,0
mujoco,flat_forward,1,1,1489,14.889999999997187,1.0,0.0,0.3306902036093578,0.0012706233514663203,-0.023521356301006015,0.4664734535146759,-0.05422873016650833,2.1937010288238525,0.017048019915819168,0
mujoco,flat_forward,1,1,1490,14.899999999997181,1.0,0.0,0.33068169936478753,0.0011809377004808426,-0.023607806225208788,0.4665744297456188,-0.03998742865007794,2.1963565349578857,0.016356872394680977,0
mujoco,flat_forward,1,1,1491,14.909999999997176,1.0,0.0,0.3306747578225133,0.001120965009642872,-0.023647615038992036,0.466749870576211,-0.05655574071344207,2.1973488330841064,0.012965943664312363,0
mujoco,flat_forward,1,1,1492,14.91999999999717,1.0,0.0,0.3306649184718518,0.0010163174854820667,-0.023705823717537586,0.4668457932628254,-0.04081097826918883,2.195929527282715,0.018757831305265427,0
mujoco,flat_forward,1,1,1493,14.929999999997165,1.0,0.0,0.33065289409466764,0.0009438476308587922,-0.023759426973462314,0.46703214274181315,-0.056733412544027834,2.195223569869995,0.015301056206226349,0
mujoco,flat_forward,1,1,1494,14.939999999997159,1.0,0.0,0.3306384295196759,0.0008645993467871519,-0.023809622085202948,0.4670290356634175,-0.04123953622699994,2.1942217350006104,0.01631411351263523,0
mujoco,flat_forward,1,1,1495,14.949999999997154,1.0,0.0,0.3306201327204173,0.000803486455265928,-0.023841348796657745,0.4668158471128173,-0.05176176438818271,2.192420721054077,0.013725592754781246,0
mujoco,flat_forward,1,1,1496,14.959999999997148,1.0,0.0,0.3306047156364132,0.0007640333223553852,-0.02383567848367648,0.4665978206511582,-0.041603677528926686,2.1973202228546143,0.012049204669892788,0
mujoco,flat_forward,1,1,1497,14.969999999997142,1.0,0.0,0.3305912422516482,0.0006820953844514899,-0.023834701629686313,0.4664474599194877,-0.05185960678265745,2.1960458755493164,0.007697633933275938,0
mujoco,flat_forward,1,1,1498,14.979999999997137,1.0,0.0,0.3305825733035431,0.0006197328457154972,-0.023829934523066813,0.46642331631256434,-0.04288209080174899,2.1991982460021973,0.009113260544836521,0
mujoco,flat_forward,1,1,1499,14.989999999997131,1.0,0.0,0.33057257828699677,0.0005294792801177116,-0.023833608000220538,0.4662524718016129,-0.051114182181317296,2.1955132484436035,0.01032540388405323,0
mujoco,flat_forward,1,1,1500,14.999999999997126,1.0,0.0,0.3305644795443258,0.00047119378069212907,-0.023846577090752653,0.46633106987406925,-0.04417048771899625,2.1982574462890625,0.009087896905839443,0
mujoco,flat_forward,1,1,1501,15.00999999999712,1.0,0.0,0.3305519357176563,0.00038226521088983827,-0.023849041098771954,0.4660060421591511,-0.05067936948391448,2.193131446838379,0.013484691269695759,0
mujoco,flat_forward,1,1,1502,15.019999999997115,1.0,0.0,0.3305394839146627,0.00032791732681892213,-0.023870093798054295,0.4662463631546388,-0.04557780532501997,2.1971733570098877,0.012327507138252258,0
mujoco,flat_forward,1,1,1503,15.02999999999711,1.0,0.0,0.33052106934298486,0.0002413461038259886,-0.023855116255606084,0.4657272622356213,-0.05021052528724208,2.1909878253936768,0.017277564853429794,0
mujoco,flat_forward,1,1,1504,15.039999999997104,1.0,0.0,0.33050202573279397,0.00018925000796004754,-0.0238777035985562,0.46619893994754824,-0.0474283486215868,2.197155714035034,0.0168665312230587,0
mujoco,flat_forward,1,1,1505,15.049999999997098,1.0,0.0,0.330478628733153,0.00012284590889631843,-0.023796373174351983,0.46519522108170397,-0.046522333413958096,2.188838481903076,0.022304654121398926,0
mujoco,flat_forward,1,1,1506,15.059999999997093,1.0,0.0,0.3304566352995294,8.371106611673383e-05,-0.023808653782429228,0.46577916635191213,-0.05112646704984647,2.198737382888794,0.024433832615613937,0
mujoco,flat_forward,1,1,1507,15.069999999997087,1.0,0.0,0.3304353821796953,-2.999017219600396e-06,-0.02368918252772635,0.46482202804916134,-0.049148803787470496,2.189326047897339,0.027606472373008728,0
mujoco,flat_forward,1,1,1508,15.079999999997082,1.0,0.0,0.33041467202664176,-6.354835816446417e-05,-0.02374561641247659,0.4655117999275619,-0.05243815635876468,2.1969568729400635,0.025572126731276512,0
mujoco,flat_forward,1,1,1509,15.089999999997076,1.0,0.0,0.3303966860494943,-0.00011891596910036397,-0.023614167413569427,0.4644170398580609,-0.050071410856322024,2.1865224838256836,0.026952585205435753,0
mujoco,flat_forward,1,1,1510,15.09999999999707,1.0,0.0,0.33037691846220685,-0.00015956313704247819,-0.023687004694757614,0.46505365153613826,-0.05131791973634855,2.1940770149230957,0.024120628833770752,0
mujoco,flat_forward,1,1,1511,15.109999999997065,1.0,0.0,0.33036021405325244,-0.00019596441190591673,-0.02355023412237879,0.4639080287829159,-0.050144447411732684,2.1860029697418213,0.023230941966176033,0
mujoco,flat_forward,1,1,1512,15.11999999999706,1.0,0.0,0.3303407196869861,-0.0002278630750290972,-0.02362844110358526,0.4644893933716603,-0.04969868501435778,2.1934831142425537,0.021643128246068954,0
mujoco,flat_forward,1,1,1513,15.129999999997054,1.0,0.0,0.3303255309215735,-0.0002544659305188921,-0.023489778063019464,0.4633833150259193,-0.0506468332633277,2.1869828701019287,0.019752459600567818,0
mujoco,flat_forward,1,1,1514,15.139999999997048,1.0,0.0,0.33030745864852395,-0.00028191995001107463,-0.023562648394942078,0.46388326113332695,-0.04860762870451624,2.193941831588745,0.01856440305709839,0
mujoco,flat_forward,1,1,1515,15.149999999997043,1.0,0.0,0.33029493481909605,-0.00030305881307259237,-0.023429260167166344,0.4629139458031151,-0.052101640835195306,2.188204288482666,0.016068030148744583,0
mujoco,flat_forward,1,1,1516,15.159999999997037,1.0,0.0,0.3302795690475595,-0.0003273100759735793,-0.023492251479070175,0.46326616298700657,-0.04816221170406272,2.193568468093872,0.014239778742194176,0
mujoco,flat_forward,1,1,1517,15.169999999997032,1.0,0.0,0.33027001714592635,-0.0003452984315258998,-0.023366140508479346,0.4624856592161802,-0.05377088124524518,2.188847303390503,0.011673606000840664,0
mujoco,flat_forward,1,1,1518,15.179999999997026,1.0,0.0,0.33025736742982637,-0.00036780041428151485,-0.023414115263318366,0.4626462530531791,-0.04807542735646398,2.1922435760498047,0.009983418509364128,0
mujoco,flat_forward,1,1,1519,15.18999999999702,1.0,0.0,0.3302506179518635,-0.00038481121711589193,-0.023297428062730198,0.4620817631954637,-0.05615717652000512,2.189206123352051,0.007789358962327242,0
mujoco,flat_forward,1,1,1520,15.199999999997015,1.0,0.0,0.3302402446150576,-0.0004069337793024568,-0.023329424128844187,0.46206624797202805,-0.04857308895891763,2.1906118392944336,0.007286425214260817,0
mujoco,flat_forward,1,1,1521,15.20999999999701,1.0,0.0,0.33023521672611234,-0.00042492910278287726,-0.023226639903980804,0.46170626804766846,-0.058940194018534606,2.189166307449341,0.006696705706417561,0
mujoco,flat_forward,1,1,1522,15.219999999997004,1.0,0.0,0.33022754232311013,-0.00043818182614392605,-0.02321547957120535,0.46138946452938967,-0.04210966535137308,2.189060688018799,0.008365506306290627,0
mujoco,flat_forward,1,1,1523,15.229999999996998,1.0,0.0,0.33022289394070004,-0.0004432323206267993,-0.023150322175650863,0.46109556084942593,-0.05680021305082913,2.1881325244903564,0.013412096537649632,0
mujoco,flat_forward,1,1,1524,15.239999999996993,1.0,0.0,0.330214827863949,-0.0004438985440691143,-0.023132853913736675,0.46073104483875305,-0.041648509638896034,2.1883201599121094,0.014375987462699413,0
mujoco,flat_forward,1,1,1525,15.249999999996987,1.0,0.0,0.33020837124681734,-0.0004501388084870538,-0.023096952005037346,0.4606012056099031,-0.057880492422239596,2.188505172729492,0.013594270683825016,0
mujoco,flat_forward,1,1,1526,15.259999999996982,1.0,0.0,0.3302028172790746,-0.0004481409449604362,-0.02307915897847792,0.46019558498355245,-0.04357011712898622,2.189255714416504,0.012846105732023716,0
mujoco,flat_forward,1,1,1527,15.269999999996976,1.0,0.0,0.330199725335334,-0.0004568410597875549,-0.02305097489902257,0.4600446336745411,-0.057882677373490815,2.188750743865967,0.012126508168876171,0
mujoco,flat_forward,1,1,1528,15.27999999999697,1.0,0.0,0.3301998485809579,-0.0004541299974183692,-0.023021985481088036,0.4596713625863672,-0.04455342537099939,2.19113826751709,0.010667375288903713,0
mujoco,flat_forward,1,1,1529,15.289999999996965,1.0,0.0,0.3302020710370971,-0.0004655566464957998,-0.02300113283455041,0.4594805472132404,-0.05675558506650938,2.1895546913146973,0.010259248316287994,0
mujoco,flat_forward,1,1,1530,15.29999999999696,1.0,0.0,0.3302090850254858,-0.00046317669114967437,-0.02296819755343797,0.4591629604118512,-0.04521595002219475,2.1923956871032715,0.008248153142631054,0
mujoco,flat_forward,1,1,1531,15.309999999996954,1.0,0.0,0.33021766053597984,-0.000476796055285625,-0.02294533306249341,0.45889336120996055,-0.055544439680379455,2.190088987350464,0.008268531411886215,0
mujoco,flat_forward,1,1,1532,15.319999999996949,1.0,0.0,0.3302316167586679,-0.00047408637966712595,-0.022922820006637264,0.4586921136543483,-0.046229383487723714,2.1938557624816895,0.008170804008841515,0
mujoco,flat_forward,1,1,1533,15.329999999996943,1.0,0.0,0.3302464198492156,-0.0004890766852976154,-0.022902049003884126,0.45830895864554644,-0.0547779294408703,2.190195322036743,0.008087645284831524,0
mujoco,flat_forward,1,1,1534,15.339999999996937,1.0,0.0,0.33026625547529753,-0.0004862257651772595,-0.0228965403480618,0.4582612740570806,-0.047389686098441686,2.195056915283203,0.010842966847121716,0
mujoco,flat_forward,1,1,1535,15.349999999996932,1.0,0.0,0.3302859183774696,-0.0005022907903711935,-0.022877657981727376,0.4577340856474749,-0.05404378026999627,2.189893960952759,0.01091020181775093,0
mujoco,flat_forward,1,1,1536,15.359999999996926,1.0,0.0,0.3303096335214883,-0.0004991304627231711,-0.022897596395841744,0.45803174210760456,-0.045709628571994204,2.195728302001953,0.014282417483627796,0
mujoco,flat_forward,1,1,1537,15.36999999999692,1.0,0.0,0.3303268485031607,-0.0005098784160693705,-0.022930037779994767,0.4574250847156789,-0.054535249292257906,2.185889482498169,0.019940998405218124,0
mujoco,flat_forward,1,1,1538,15.379999999996915,1.0,0.0,0.33034217556322854,-0.0005061430464528135,-0.02297133290445465,0.4579107715478628,-0.04880602218284964,2.1941916942596436,0.019377287477254868,0
mujoco,flat_forward,1,1,1539,15.38999999999691,1.0,0.0,0.33035022283127735,-0.0005190410420479085,-0.022979229665034302,0.45711059572902846,-0.05512270708415469,2.1851160526275635,0.020235706120729446,0
mujoco,flat_forward,1,1,1540,15.399999999996904,1.0,0.0,0.3303586586691889,-0.0005178716082411006,-0.023010439832955445,0.4577843570089716,-0.05112984665468806,2.1953835487365723,0.02365310862660408,0
mujoco,flat_forward,1,1,1541,15.409999999996899,1.0,0.0,0.33036240092383046,-0.0005309212633069875,-0.022985659421919595,0.45678448237671737,-0.055256478774732366,2.184738874435425,0.0247682835906744,0
mujoco,flat_forward,1,1,1542,15.419999999996893,1.0,0.0,0.33036776934890677,-0.000531956237620729,-0.023030921300071908,0.45766697889482405,-0.05317501360240856,2.196107864379883,0.027981307357549667,0
mujoco,flat_forward,1,1,1543,15.429999999996888,1.0,0.0,0.3303698476255845,-0.0005442721461410881,-0.022980507729959476,0.45648328379904957,-0.05569462030551416,2.1827125549316406,0.0306285060942173,0
mujoco,flat_forward,1,1,1544,15.439999999996882,1.0,0.0,0.33037269541071346,-0.0005484520781927925,-0.023058057316432755,0.45756363548256507,-0.05602750510888406,2.194833993911743,0.03163934499025345,0
mujoco,flat_forward,1,1,1545,15.449999999996876,1.0,0.0,0.3303724214735248,-0.0005590625144179149,-0.022991398748839854,0.45622151319441867,-0.057223256487297744,2.1793832778930664,0.036290157586336136,0
mujoco,flat_forward,1,1,1546,15.459999999996871,1.0,0.0,0.3303714204636953,-0.0005648161444615087,-0.02308448988901293,0.4571155734935797,-0.05193833280078162,2.192357063293457,0.03500849008560181,0
mujoco,flat_forward,1,1,1547,15.469999999996865,1.0,0.0,0.3303701063643469,-0.0005466972452705307,-0.023015373385732174,0.4553929497200392,-0.05242155631696142,2.1792373657226562,0.03256835415959358,0
mujoco,flat_forward,1,1,1548,15.47999999999686,1.0,0.0,0.33036809760101904,-0.0005288686926355151,-0.023122573485673984,0.4562409993733465,-0.04732181395440187,2.193025827407837,0.03046831674873829,0
mujoco,flat_forward,1,1,1549,15.489999999996854,1.0,0.0,0.33036642208700057,-0.0004940358729583514,-0.02306849973211962,0.4547818619452975,-0.050893905882414686,2.1830554008483887,0.029441703110933304,0
mujoco,flat_forward,1,1,1550,15.499999999996849,1.0,0.0,0.330363174699519,-0.00047008501202355443,-0.023191135303727715,0.4556575143755505,-0.04441462699650628,2.195219039916992,0.02658647671341896,0
mujoco,flat_forward,1,1,1551,15.509999999996843,1.0,0.0,0.330360256416139,-0.00043312145126156996,-0.0231587316765205,0.4544829629748014,-0.05018978315798135,2.186418294906616,0.026433473452925682,0
mujoco,flat_forward,1,1,1552,15.519999999996838,1.0,0.0,0.3303546451363053,-0.00041148208883480167,-0.023283208357430536,0.4552116709314597,-0.04386373935810357,2.1958746910095215,0.02198895253241062,0
mujoco,flat_forward,1,1,1553,15.529999999996832,1.0,0.0,0.33035357276225646,-0.00039267355759587427,-0.023218801911505597,0.4544452815349119,-0.053107000996767705,2.1904497146606445,0.018398748710751534,0
mujoco,flat_forward,1,1,1554,15.539999999996827,1.0,0.0,0.33035138295016114,-0.00039008758086998396,-0.023314692549291506,0.4550770648581898,-0.04373296330528418,2.1959235668182373,0.016278402879834175,0
mujoco,flat_forward,1,1,1555,15.549999999996821,1.0,0.0,0.33035287003846386,-0.00038328939848178883,-0.023260108174662175,0.45440901995382815,-0.054173746558906985,2.190284013748169,0.015902889892458916,0
mujoco,flat_forward,1,1,1556,15.559999999996815,1.0,0.0,0.33035146296507234,-0.00038883029261515525,-0.02333722986531735,0.4547906266340155,-0.043009606766472926,2.193631410598755,0.012883377261459827,0
mujoco,flat_forward,1,1,1557,15.56999999999681,1.0,0.0,0.33035216411986257,-0.00038704710676886465,-0.023294858655300735,0.454229580652093,-0.055900893377320265,2.1894638538360596,0.013802370056509972,0
mujoco,flat_forward,1,1,1558,15.579999999996804,1.0,0.0,0.3303488236231759,-0.0003957899598760492,-0.023343425049715993,0.4544033275318897,-0.04302158101651453,2.1920173168182373,0.012688416987657547,0
mujoco,flat_forward,1,1,1559,15.589999999996799,1.0,0.0,0.33034627402614813,-0.00039795101880987544,-0.023315165968062424,0.4540122961807493,-0.057964349429199216,2.1892130374908447,0.01233068760484457,0
mujoco,flat_forward,1,1,1560,15.599999999996793,1.0,0.0,0.33033952204792943,-0.00040890817017310546,-0.02333900678418473,0.45399864299202786,-0.043408992749433536,2.1906232833862305,0.013671809807419777,0
mujoco,flat_forward,1,1,1561,15.609999999996788,1.0,0.0,0.33033267558919105,-0.0004165744446278176,-0.023326350632366828,0.4537816625407853,-0.06057223480239623,2.1886324882507324,0.01281809713691473,0
mujoco,flat_forward,1,1,1562,15.619999999996782,1.0,0.0,0.3303220283300039,-0.0004303078347544225,-0.02333398064072074,0.4535968964755961,-0.04439476708353742,2.188497304916382,0.01584809646010399,0
mujoco,flat_forward,1,1,1563,15.629999999996777,1.0,0.0,0.3303102728057585,-0.00044354005382741163,-0.023329278235161118,0.45334426344244877,-0.06144309637888117,2.1864030361175537,0.014868692494928837,0
mujoco,flat_forward,1,1,1564,15.639999999996771,1.0,0.0,0.33029909825980835,-0.0004488377831211415,-0.023322248135216793,0.45306258997237575,-0.0431844096710325,2.1871776580810547,0.01364424079656601,0
mujoco,flat_forward,1,1,1565,15.649999999996766,1.0,0.0,0.3302827681940035,-0.0004444468492661015,-0.023334596271709585,0.45257382879179836,-0.05713588087719549,2.1833853721618652,0.01720602437853813,0
mujoco,flat_forward,1,1,1566,15.65999999999676,1.0,0.0,0.33026684043549437,-0.0004290158278768252,-0.02331921915819926,0.4523134422567434,-0.0410692518384882,2.1885337829589844,0.01511677447706461,0
mujoco,flat_forward,1,1,1567,15.669999999996755,1.0,0.0,0.33024665231431016,-0.0004139244922474439,-0.023326586805153864,0.45184263663183405,-0.053870205343041544,2.185225248336792,0.014155343174934387,0
mujoco,flat_forward,1,1,1568,15.679999999996749,1.0,0.0,0.330230084187271,-0.0003909994169059189,-0.02330200216809386,0.45173665299950894,-0.03995079553270937,2.1917762756347656,0.015075046569108963,0
mujoco,flat_forward,1,1,1569,15.689999999996743,1.0,0.0,0.3302101710933345,-0.0003727907278703575,-0.023310324044820044,0.4512735221705802,-0.05085713150485882,2.1874101161956787,0.014052373357117176,0
mujoco,flat_forward,1,1,1570,15.699999999996738,1.0,0.0,0.3301956153783152,-0.00034601947855793854,-0.023294838567112956,0.4513217092131642,-0.03907793559242265,2.1940059661865234,0.01433444581925869,0
mujoco,flat_forward,1,1,1571,15.709999999996732,1.0,0.0,0.3301776696088028,-0.00032610737508247415,-0.023310797441693062,0.45079261344192745,-0.04815505123378695,2.1881611347198486,0.016006646677851677,0
mujoco,flat_forward,1,1,1572,15.719999999996727,1.0,0.0,0.330165242979264,-0.000296956833696032,-0.023314227337648666,0.450998992106037,-0.03842108854848671,2.1949942111968994,0.015621802769601345,0
mujoco,flat_forward,1,1,1573,15.729999999996721,1.0,0.0,0.3301485108016684,-0.0002757442693205009,-0.023338350131627897,0.45032675885076084,-0.04561279116625735,2.18768048286438,0.019236600026488304,0
mujoco,flat_forward,1,1,1574,15.739999999996716,1.0,0.0,0.33013682421048995,-0.00024647343612705736,-0.023354177469281562,0.45062292124007236,-0.04054626411160466,2.1953647136688232,0.018204161897301674,0
mujoco,flat_forward,1,1,1575,15.74999999999671,1.0,0.0,0.3301239370812034,-0.0002437870818002055,-0.023363458728376932,0.4502270842068422,-0.05125687880142775,2.1884896755218506,0.019177382811903954,0
mujoco,flat_forward,1,1,1576,15.759999999996705,1.0,0.0,0.3301149372854415,-0.0002369585731764385,-0.02337774249729252,0.45070840451285465,-0.045763496491631236,2.1938514709472656,0.017730338498950005,0
mujoco,flat_forward,1,1,1577,15.769999999996699,1.0,0.0,0.3301020966130145,-0.00024604816049359743,-0.023363245300992267,0.4499742240333529,-0.05204193589225179,2.1851000785827637,0.02079249732196331,0
mujoco,flat_forward,1,1,1578,15.779999999996694,1.0,0.0,0.3300924842930613,-0.00024362190435287502,-0.023372446115194463,0.4505822190992872,-0.045554736749650035,2.1920223236083984,0.021895699203014374,0
mujoco,flat_forward,1,1,1579,15.789999999996688,1.0,0.0,0.33007399019665096,-0.0002377585080505305,-0.02337166996696597,0.4493481945260986,-0.04822304933295061,2.180218458175659,0.028750212863087654,0
mujoco,flat_forward,1,1,1580,15.799999999996682,1.0,0.0,0.33005595054819475,-0.0002216523426671974,-0.02340141844286405,0.45009451671632045,-0.04539716312107116,2.1911873817443848,0.027563991025090218,0
mujoco,flat_forward,1,1,1581,15.809999999996677,1.0,0.0,0.3300298894295652,-0.00020679192609446647,-0.023371298893875445,0.4487004461127157,-0.04701095986676467,2.178936243057251,0.03255899250507355,0
mujoco,flat_forward,1,1,1582,15.819999999996671,1.0,0.0,0.3300047718536481,-0.00018906779012216446,-0.02341014617046047,0.4497040994497206,-0.04688748391088823,2.1920461654663086,0.031601931899785995,0
mujoco,flat_forward,1,1,1583,15.829999999996666,1.0,0.0,0.32997321611215147,-0.00017265174655423134,-0.023351208012735297,0.4482009843948045,-0.04702896175437888,2.178145170211792,0.037271589040756226,0
mujoco,flat_forward,1,1,1584,15.83999999999666,1.0,0.0,0.32994216337923665,-0.00015714521562728082,-0.02340198196326972,0.44924619504430674,-0.04674188564225283,2.191234827041626,0.034601759165525436,0
mujoco,flat_forward,1,1,1585,15.849999999996655,1.0,0.0,0.32990947132644766,-0.00013274625104601746,-0.023292338583848257,0.44762055731255435,-0.04689359246201644,2.1775224208831787,0.03585975989699364,0
mujoco,flat_forward,1,1,1586,15.85999999999665,1.0,0.0,0.32987827287009447,-0.00011244576334664543,-0.023327038120339073,0.44864717704845525,-0.04460313166269951,2.190491199493408,0.03393100947141647,0
mujoco,flat_forward,1,1,1587,15.869999999996644,1.0,0.0,0.3298482748443818,-6.340066871173637e-05,-0.023193619138665966,0.44706374837422425,-0.04635020163522445,2.178635597229004,0.03280090168118477,0
mujoco,flat_forward,1,1,1588,15.879999999996638,1.0,0.0,0.3298205347343611,-2.8963123594408962e-05,-0.023219686667091427,0.4479878096068163,-0.0422122333727933,2.1905949115753174,0.03085806407034397,0
mujoco,flat_forward,1,1,1589,15.889999999996633,1.0,0.0,0.3297959190604061,4.449138064031985e-05,-0.02307988720425792,0.4465482570102457,-0.046184700418253385,2.1807615756988525,0.029345102608203888,0
mujoco,flat_forward,1,1,1590,15.899999999996627,1.0,0.0,0.3297736426548265,9.212239456616201e-05,-0.023099034624572,0.447330671152465,-0.040031716686930736,2.1913766860961914,0.027083570137619972,0
mujoco,flat_forward,1,1,1591,15.909999999996622,1.0,0.0,0.3297555299423911,0.00018445668394927452,-0.02296467827920134,0.4460565065598083,-0.04609860686129997,2.182971954345703,0.025275176391005516,0
mujoco,flat_forward,1,1,1592,15.919999999996616,1.0,0.0,0.32973879852982646,0.00023834307360908196,-0.023004298469629293,0.44698338230793494,-0.04187471870705634,2.1918253898620605,0.02303350530564785,0
mujoco,flat_forward,1,1,1593,15.92999999999661,1.0,0.0,0.329723057216088,0.00032184664911591784,-0.02289629362691586,0.4458658665385554,-0.048753600982672805,2.182284355163574,0.024602096527814865,0
mujoco,flat_forward,1,1,1594,15.939999999996605,1.0,0.0,0.32970665565920615,0.0003671633741721838,-0.02292052897826347,0.4465654389144603,-0.04112515314533018,2.1908929347991943,0.02261669561266899,0
mujoco,flat_forward,1,1,1595,15.9499999999966,1.0,0.0,0.3296928220253016,0.00046483679512745367,-0.022809943102128808,0.44555201850695214,-0.049392854946345495,2.1832311153411865,0.020635519176721573,0
mujoco,flat_forward,1,1,1596,15.959999999996594,1.0,0.0,0.3296798622339619,0.0005196514872079685,-0.022806513195268645,0.4459758274705142,-0.03966129388399671,2.1900699138641357,0.01870284229516983,0
mujoco,flat_forward,1,1,1597,15.969999999996588,1.0,0.0,0.3296707914884108,0.0006246332360611296,-0.022707944773216818,0.44511213024663704,-0.04997251640309365,2.1846201419830322,0.017072981223464012,0
mujoco,flat_forward,1,1,1598,15.979999999996583,1.0,0.0,0.32966347075121755,0.000682078268062813,-0.02269307969528494,0.44530554278201195,-0.03836513778023241,2.188964605331421,0.01538094412535429,0
mujoco,flat_forward,1,1,1599,15.989999999996577,1.0,0.0,0.3296599950106872,0.0007850309005394529,-0.022620080393275004,0.44458870404334344,-0.05105145279963789,2.1847918033599854,0.015579486265778542,0
mujoco,flat_forward,1,1,1600,15.999999999996572,1.0,0.0,0.32965647018145794,0.0008344544151405898,-0.022630279295256482,0.4448935971991745,-0.04145101489213314,2.187225580215454,0.014489801600575447,0
mujoco,flat_forward,1,1,1601,16.009999999996584,1.0,0.0,0.3296516661509452,0.0009379964221942005,-0.022626942654538178,0.4444299738277045,-0.0512214766572829,2.1826729774475098,0.01469698827713728,0
mujoco,flat_forward,1,1,1602,16.019999999996596,1.0,0.0,0.32964439905655896,0.0009900602015895132,-0.022633036074101442,0.44441430623753003,-0.03962033550975163,2.183760166168213,0.0131441755220294,0
mujoco,flat_forward,1,1,1603,16.02999999999661,1.0,0.0,0.3296362937849171,0.0010875781364899585,-0.02262692844126705,0.44405260081875036,-0.05248175735361571,2.1820755004882812,0.01432599127292633,0
mujoco,flat_forward,1,1,1604,16.03999999999662,1.0,0.0,0.3296285561152258,0.001134738330939337,-0.02261738543110936,0.44385451737163106,-0.0396036505911062,2.1829030513763428,0.0148199163377285,0
mujoco,flat_forward,1,1,1605,16.049999999996633,1.0,0.0,0.3296216878214644,0.0012197952391743547,-0.02261350819097539,0.4436115393019339,-0.05488480506356244,2.1814491748809814,0.015561915002763271,0
mujoco,flat_forward,1,1,1606,16.059999999996645,1.0,0.0,0.32961468220609885,0.001253620112841209,-0.022609773757219707,0.44357394465737204,-0.04379632672771688,2.1810386180877686,0.016915809363126755,0
mujoco,flat_forward,1,1,1607,16.069999999996657,1.0,0.0,0.3296061617891797,0.0013185291344340396,-0.022614926546963322,0.44344137980240195,-0.05971514068064106,2.17866849899292,0.015802355483174324,0
mujoco,flat_forward,1,1,1608,16.07999999999667,1.0,0.0,0.3295974046109438,0.0013447490411591892,-0.022590807840864695,0.4431699401656463,-0.045350200387781196,2.177690029144287,0.017457403242588043,0
mujoco,flat_forward,1,1,1609,16.08999999999668,1.0,0.0,0.3295859536205807,0.001421412240726228,-0.022616632395017,0.44303587074553946,-0.05654692182953361,2.175875663757324,0.01802402175962925,0
mujoco,flat_forward,1,1,1610,16.099999999996694,1.0,0.0,0.3295780089910988,0.0014673006129537005,-0.022527906264986623,0.4424564616097932,-0.04323428884593699,2.1759088039398193,0.01421167328953743,0
mujoco,flat_forward,1,1,1611,16.109999999996706,1.0,0.0,0.32956908365707543,0.0015376898429112975,-0.02252734600495835,0.44231264579473806,-0.05415956327485192,2.177358627319336,0.015662282705307007,0
mujoco,flat_forward,1,1,1612,16.11999999999672,1.0,0.0,0.32956828670176164,0.0015817428963259604,-0.02239918266472282,0.4417760306210446,-0.042919109012802575,2.179032564163208,0.012238284572958946,0
mujoco,flat_forward,1,1,1613,16.12999999999673,1.0,0.0,0.32956726192589364,0.0016498322683595732,-0.022423608516675683,0.4417139764999112,-0.048948409952516446,2.179715871810913,0.012607710435986519,0
mujoco,flat_forward,1,1,1614,16.139999999996743,1.0,0.0,0.329575560361918,0.0016997872147258648,-0.022293746761283578,0.4411946627423379,-0.041341482678031345,2.180811882019043,0.008222101256251335,0
mujoco,flat_forward,1,1,1615,16.149999999996755,1.0,0.0,0.3295832569188543,0.0017558964230700643,-0.022328430155816474,0.441344940590718,-0.05109818585415536,2.1817808151245117,0.00937499850988388,0
mujoco,flat_forward,1,1,1616,16.159999999996767,1.0,0.0,0.329598960596497,0.0017912602895386739,-0.022210121692524204,0.44104186739093343,-0.045287701987647255,2.1820132732391357,0.008829100988805294,0
mujoco,flat_forward,1,1,1617,16.16999999999678,1.0,0.0,0.32961175595411296,0.0018335448132720089,-0.022281516033600627,0.44119127709304706,-0.04819110035815893,2.1823880672454834,0.009420928545296192,0
mujoco,flat_forward,1,1,1618,16.17999999999679,1.0,0.0,0.3296329886191925,0.0018668217330507523,-0.02216675147647543,0.44079247284842016,-0.04531198132386689,2.18198299407959,0.004089319612830877,0
mujoco,flat_forward,1,1,1619,16.189999999996804,1.0,0.0,0.32965263004972895,0.0018983381713237385,-0.022220085990674668,0.4407229144986212,-0.04758913817017269,2.183375358581543,0.007839327678084373,0
mujoco,flat_forward,1,1,1620,16.199999999996816,1.0,0.0,0.3296839639700044,0.0019230410195769257,-0.02209645850071956,0.44045641135621066,-0.047934145022127096,2.184797525405884,0.006107845809310675,0
mujoco,flat_forward,1,1,1621,16.20999999999683,1.0,0.0,0.32971348717764787,0.001943143906578717,-0.022196572337941558,0.4406638939669855,-0.048343657488247246,2.1844980716705322,0.006521760020405054,0
mujoco,flat_forward,1,1,1622,16.21999999999684,1.0,0.0,0.3297498343375629,0.001960167849142016,-0.02211871555486587,0.4403764176258355,-0.05130261233415211,2.182567834854126,0.004158258903771639,0
mujoco,flat_forward,1,1,1623,16.229999999996853,1.0,0.0,0.32978218426026024,0.0019758476569966084,-0.022203474212979753,0.4403440179987641,-0.0495738364651072,2.183955192565918,0.006897100247442722,0
mujoco,flat_forward,1,1,1624,16.239999999996865,1.0,0.0,0.32982346908017834,0.001989266223553762,-0.022113088107699578,0.4401455078472522,-0.054668558740552764,2.1842851638793945,0.006906300317496061,0
mujoco,flat_forward,1,1,1625,16.249999999996877,1.0,0.0,0.32986218976367243,0.002004939700032125,-0.022186033729912916,0.4400600887015548,-0.04693729406661772,2.1844446659088135,0.00762341171503067,0
mujoco,flat_forward,1,1,1626,16.25999999999689,1.0,0.0,0.3299080456378011,0.0020187800823468554,-0.022115468479531965,0.4398359175221349,-0.05513992796959069,2.1843416690826416,0.009993799962103367,0
mujoco,flat_forward,1,1,1627,16.2699999999969,1.0,0.0,0.32994930471799344,0.0020279075969627815,-0.022218454657434772,0.44006277792576204,-0.0474066997503759,2.1851444244384766,0.009354976005852222,0
mujoco,flat_forward,1,1,1628,16.279999999996914,1.0,0.0,0.3299927419289084,0.002034355980103703,-0.02218277153328731,0.4398319803547559,-0.05842048217415841,2.1823599338531494,0.009281490929424763,0
mujoco,flat_forward,1,1,1629,16.289999999996926,1.0,0.0,0.3300305644082588,0.0020374229613906916,-0.02224571987022309,0.4398797523504131,-0.049249496754693645,2.184856653213501,0.01084792148321867,0
mujoco,flat_forward,1,1,1630,16.29999999999694,1.0,0.0,0.3300728568324792,0.0020358295885721618,-0.022199279290457563,0.43980412937806146,-0.06257246637482092,2.1847779750823975,0.011751268059015274,0
mujoco,flat_forward,1,1,1631,16.30999999999695,1.0,0.0,0.33011254443487986,0.002033192409161524,-0.022229730826482514,0.4398297857855092,-0.04762117744772507,2.1856298446655273,0.012874633073806763,0
mujoco,flat_forward,1,1,1632,16.319999999996963,1.0,0.0,0.3301542020772825,0.002029770692669833,-0.02222618112953211,0.43980919150348613,-0.0637165714681032,2.184784173965454,0.015591037459671497,0
mujoco,flat_forward,1,1,1633,16.329999999996975,1.0,0.0,0.3301930438983448,0.0020286657801650665,-0.022247858421204688,0.4398129726461942,-0.04577263624348022,2.1847450733184814,0.015292196534574032,0
mujoco,flat_forward,1,1,1634,16.339999999996987,1.0,0.0,0.33022987331010667,0.002027208022334925,-0.02226453889876035,0.4396606257549654,-0.06293508928988746,2.182762622833252,0.017677070572972298,0
mujoco,flat_forward,1,1,1635,16.349999999997,1.0,0.0,0.33026711183742563,0.0020341401241435486,-0.022272577998801005,0.4395850540023339,-0.047044077740030533,2.186488151550293,0.014980572275817394,0
mujoco,flat_forward,1,1,1636,16.35999999999701,1.0,0.0,0.33030514916780196,0.0020321459672448614,-0.022280226234083815,0.43941823932223795,-0.06310286950519292,2.185297727584839,0.013883198611438274,0
mujoco,flat_forward,1,1,1637,16.369999999997024,1.0,0.0,0.3303475766016863,0.0020378017539054967,-0.022279838596103916,0.4394995166972867,-0.04628957636301061,2.1909375190734863,0.015194466337561607,0
mujoco,flat_forward,1,1,1638,16.379999999997036,1.0,0.0,0.33038691015556954,0.0020426993692660334,-0.0223147789255677,0.43916594720459723,-0.058644699517096534,2.186858892440796,0.016056343913078308,0
mujoco,flat_forward,1,1,1639,16.38999999999705,1.0,0.0,0.33042925001416634,0.0020553044582307107,-0.02233438908910194,0.4393593150728979,-0.04494721530270099,2.194871664047241,0.015790704637765884,0
mujoco,flat_forward,1,1,1640,16.39999999999706,1.0,0.0,0.3304680126266974,0.0020544219658019005,-0.02239954936954165,0.43927470340280245,-0.059984402047976955,2.190152883529663,0.013567419722676277,0
mujoco,flat_forward,1,1,1641,16.409999999997073,1.0,0.0,0.3305069812174418,0.0020536802122612737,-0.02245136409554431,0.43970666568672945,-0.047397739674501865,2.1966092586517334,0.014818309806287289,0
mujoco,flat_forward,1,1,1642,16.419999999997085,1.0,0.0,0.33053963388072705,0.002037266900128739,-0.022537587082380087,0.43951828796481757,-0.05902230585735811,2.1914761066436768,0.013821431435644627,0
mujoco,flat_forward,1,1,1643,16.429999999997097,1.0,0.0,0.3305738186327341,0.0020257037613823745,-0.022605858477239737,0.43995861811754494,-0.04726227806907342,2.198502540588379,0.014639395289123058,0
mujoco,flat_forward,1,1,1644,16.43999999999711,1.0,0.0,0.33060006073206827,0.002010458023907377,-0.022748266610352685,0.4396932387405082,-0.05309848604902075,2.1923646926879883,0.016306119039654732,0
mujoco,flat_forward,1,1,1645,16.44999999999712,1.0,0.0,0.33062711980524406,0.0020030302686208125,-0.022840218128674646,0.44014294387698066,-0.04488729639973199,2.1992268562316895,0.01411314494907856,0
mujoco,flat_forward,1,1,1646,16.459999999997134,1.0,0.0,0.33064540088432776,0.0019778217107288866,-0.022981921045763937,0.4397610465349851,-0.0502493984985068,2.1935033798217773,0.01649836078286171,0
mujoco,flat_forward,1,1,1647,16.469999999997146,1.0,0.0,0.33066525077792264,0.0019521659824731613,-0.023083621846326632,0.4404098067303887,-0.04523587421937733,2.2017273902893066,0.01675933040678501,0
mujoco,flat_forward,1,1,1648,16.47999999999716,1.0,0.0,0.33067646953091534,0.0019070713532099767,-0.023222731713927386,0.4399455805116613,-0.04889227627685288,2.194462299346924,0.020771587267518044,0
mujoco,flat_forward,1,1,1649,16.48999999999717,1.0,0.0,0.3306884306218146,0.001863704728651958,-0.023342020259564847,0.44081224045963857,-0.04625624963564452,2.203265905380249,0.019014567136764526,0
mujoco,flat_forward,1,1,1650,16.499999999997183,1.0,0.0,0.330694238602579,0.001803481621375938,-0.023402644390469324,0.43985039871973586,-0.04746736572015293,2.1940383911132812,0.025373687967658043,0
mujoco,flat_forward,1,1,1651,16.509999999997195,1.0,0.0,0.33070236967573374,0.0017478771171036728,-0.023541597594913526,0.4410208587665755,-0.04689595537131689,2.205698251724243,0.026036648079752922,0
mujoco,flat_forward,1,1,1652,16.519999999997207,1.0,0.0,0.33070386005909236,0.0016821791925507618,-0.02361765703023256,0.4399231483253492,-0.04653427515674457,2.19132924079895,0.036135267466306686,0
mujoco,flat_forward,1,1,1653,16.52999999999722,1.0,0.0,0.3307024552587277,0.0016132769480798254,-0.02379952756285576,0.4410896873121233,-0.0457499376014753,2.20243239402771,0.028602372854948044,0
mujoco,flat_forward,1,1,1654,16.53999999999723,1.0,0.0,0.33069399208889017,0.0015698025050607555,-0.02384855394833412,0.43993395147813663,-0.04560283035746645,2.1889896392822266,0.035333484411239624,0
mujoco,flat_forward,1,1,1655,16.549999999997244,1.0,0.0,0.3306798938991265,0.0014968270442357369,-0.024018615010674253,0.4409302743561721,-0.04525181686649227,2.200324535369873,0.02777930721640587,0
mujoco,flat_forward,1,1,1656,16.559999999997256,1.0,0.0,0.3306638044926134,0.001425055827514618,-0.023976221017978045,0.4400129085069349,-0.04767675930397821,2.191453695297241,0.029061755165457726,0
mujoco,flat_forward,1,1,1657,16.56999999999727,1.0,0.0,0.33064447372136824,0.0013404607631354365,-0.02408556076707004,0.4408312589844123,-0.04045861757264953,2.201322555541992,0.025026317685842514,0
mujoco,flat_forward,1,1,1658,16.57999999999728,1.0,0.0,0.3306283165913235,0.001292702920474036,-0.02399749447010077,0.43988506633547075,-0.04560590586660288,2.194425344467163,0.023004543036222458,0
mujoco,flat_forward,1,1,1659,16.589999999997293,1.0,0.0,0.33060999992946066,0.0012164597232943693,-0.024080284929625464,0.44054953194282825,-0.03800491870696757,2.201061248779297,0.018787812441587448,0
mujoco,flat_forward,1,1,1660,16.599999999997305,1.0,0.0,0.33059376286185543,0.0011690881947144995,-0.023993146291473928,0.4398020959959365,-0.04649224142378906,2.1946682929992676,0.020299941301345825,0
mujoco,flat_forward,1,1,1661,16.609999999997317,1.0,0.0,0.33057302565194097,0.001088735729668799,-0.024052438700200428,0.4403388371610286,-0.03769729554592912,2.1996970176696777,0.015897907316684723,0
mujoco,flat_forward,1,1,1662,16.61999999999733,1.0,0.0,0.33055279240582924,0.0010378545180210373,-0.023961920534079067,0.4398026489467273,-0.048522769897348335,2.194692373275757,0.016268979758024216,0
mujoco,flat_forward,1,1,1663,16.62999999999734,1.0,0.0,0.33052696385893954,0.0009536470169894897,-0.02398350003155377,0.4400927720325729,-0.04127691646243941,2.198660373687744,0.013959973119199276,0
mujoco,flat_forward,1,1,1664,16.639999999997354,1.0,0.0,0.3305053551213023,0.0008880023949931164,-0.02387011653068063,0.43991867974933685,-0.0539976297467826,2.197416067123413,0.00884714163839817,0
mujoco,flat_forward,1,1,1665,16.649999999997366,1.0,0.0,0.33048019646637194,0.0007943546313140718,-0.02386622829380732,0.4400635307847544,-0.04299884620856719,2.197251081466675,0.01131847407668829,0
mujoco,flat_forward,1,1,1666,16.65999999999738,1.0,0.0,0.3304581178310846,0.0007216963238535474,-0.023770358530029862,0.43993766143730617,-0.05678881783760771,2.194955587387085,0.01063822116702795,0
mujoco,flat_forward,1,1,1667,16.66999999999739,1.0,0.0,0.330431143873536,0.0006319967911371922,-0.023753195128291632,0.4398540772537775,-0.04385121130120538,2.1932244300842285,0.012441414408385754,0
mujoco,flat_forward,1,1,1668,16.679999999997403,1.0,0.0,0.3304054317602439,0.0005594996492038959,-0.023676507764200282,0.43980917610281295,-0.0600598628090491,2.191697120666504,0.012083454057574272,0
mujoco,flat_forward,1,1,1669,16.689999999997415,1.0,0.0,0.33037432157313656,0.00047742295816359,-0.023644335309557354,0.43955763475391,-0.0455459425542891,2.1896958351135254,0.016178278252482414,0
mujoco,flat_forward,1,1,1670,16.699999999997427,1.0,0.0,0.33034331289375785,0.00040705697905228026,-0.023574026413487836,0.43924102578839613,-0.05830641913805531,2.1890242099761963,0.01416363101452589,0
mujoco,flat_forward,1,1,1671,16.70999999999744,1.0,0.0,0.33031674107687325,0.00036453322141218633,-0.02349383270294604,0.43859215519443606,-0.04434161775323174,2.190765380859375,0.009696975350379944,0
mujoco,flat_forward,1,1,1672,16.71999999999745,1.0,0.0,0.3302942538464282,0.00031851769406379704,-0.023415741407545387,0.43826141244198197,-0.05685850947940382,2.1893508434295654,0.009168691001832485,0
mujoco,flat_forward,1,1,1673,16.729999999997464,1.0,0.0,0.3302774513890663,0.0002921465956233326,-0.023339434706100386,0.4379134877793069,-0.04226192004167698,2.1923534870147705,0.0099355923011899,0
mujoco,flat_forward,1,1,1674,16.739999999997476,1.0,0.0,0.3302585177914894,0.00026285421578347976,-0.023291082777248676,0.43743106660233366,-0.05355740274220518,2.1869211196899414,0.012271727435290813,0
mujoco,flat_forward,1,1,1675,16.74999999999749,1.0,0.0,0.3302429759586229,0.00025091906062567137,-0.023223692413435745,0.43730339861516493,-0.04321851287379351,2.1932318210601807,0.012982001528143883,0
mujoco,flat_forward,1,1,1676,16.7599999999975,1.0,0.0,0.3302250285680158,0.0002228773990722109,-0.023166302663696837,0.436834647819017,-0.05362847596419069,2.1876959800720215,0.011751441285014153,0
mujoco,flat_forward,1,1,1677,16.769999999997513,1.0,0.0,0.3302120473997585,0.00020914254265865908,-0.023104294861470278,0.43696102905251055,-0.045742854365041434,2.1955301761627197,0.015751857310533524,0
mujoco,flat_forward,1,1,1678,16.779999999997525,1.0,0.0,0.3301975091989958,0.0001755472909162769,-0.02303772611460203,0.43642132281938234,-0.05415775891883475,2.1881396770477295,0.015433534979820251,0
mujoco,flat_forward,1,1,1679,16.789999999997537,1.0,0.0,0.3301884873482442,0.0001571722744413404,-0.022990244833419386,0.43677161500828693,-0.04810914532523175,2.1965043544769287,0.019450712949037552,0
mujoco,flat_forward,1,1,1680,16.79999999999755,1.0,0.0,0.33017827192608,0.00011929232822919288,-0.022921386121648978,0.4360472613316471,-0.05476161514865433,2.1867880821228027,0.020169852301478386,0
mujoco,flat_forward,1,1,1681,16.80999999999756,1.0,0.0,0.3301732214124069,9.73037917087282e-05,-0.022898463086277406,0.43660837799557134,-0.05106698383415054,2.1958770751953125,0.023328416049480438,0
mujoco,flat_forward,1,1,1682,16.819999999997574,1.0,0.0,0.3301666920176376,5.861301687971229e-05,-0.02282220241672037,0.4356751372606383,-0.05587048407448281,2.184154748916626,0.025446321815252304,0
mujoco,flat_forward,1,1,1683,16.829999999997586,1.0,0.0,0.3301638814440853,3.3474432580479e-05,-0.022832952515383878,0.4364484641979239,-0.05429409341845678,2.1949188709259033,0.028149915859103203,0
mujoco,flat_forward,1,1,1684,16.839999999997598,1.0,0.0,0.33016116467674755,5.709126557967354e-06,-0.022702059141825597,0.43504029117553616,-0.05452035893135702,2.181375741958618,0.03094293922185898,0
mujoco,flat_forward,1,1,1685,16.84999999999761,1.0,0.0,0.33016186436461725,-1.4917515920615562e-05,-0.022743936611104017,0.43593146161646223,-0.05211445025362766,2.195007562637329,0.03503430262207985,0
mujoco,flat_forward,1,1,1686,16.859999999997623,1.0,0.0,0.33016132924649866,-1.8006789660524937e-05,-0.022661320889737338,0.43420125742631305,-0.052281415429275675,2.179189920425415,0.036146268248558044,0
mujoco,flat_forward,1,1,1687,16.869999999997635,1.0,0.0,0.33016053321539873,-1.856701502796802e-05,-0.02274303499089786,0.4350915341138483,-0.04950772685726825,2.194143772125244,0.03467659279704094,0
mujoco,flat_forward,1,1,1688,16.879999999997647,1.0,0.0,0.3301591457012164,-8.103411151619991e-06,-0.022670463650340925,0.43354508289930976,-0.05143441299091218,2.1816534996032715,0.032458577305078506,0
mujoco,flat_forward,1,1,1689,16.88999999999766,1.0,0.0,0.3301571847902407,-4.746974551496137e-06,-0.022770291015370127,0.4344652837483389,-0.046972816900221995,2.195451498031616,0.031201789155602455,0
mujoco,flat_forward,1,1,1690,16.89999999999767,1.0,0.0,0.3301559694510352,9.345966933831861e-06,-0.02271052162062374,0.4331211716594589,-0.05067628003992542,2.184915065765381,0.029098067432641983,0
mujoco,flat_forward,1,1,1691,16.909999999997684,1.0,0.0,0.33015395486103977,1.2613865130209407e-05,-0.022823579576444514,0.43396881043214885,-0.04396203161563511,2.1962802410125732,0.026768211275339127,0
mujoco,flat_forward,1,1,1692,16.919999999997696,1.0,0.0,0.33015325691581693,2.82285926924126e-05,-0.022782261030995413,0.43281019689130157,-0.04980751946357676,2.187483072280884,0.025483375415205956,0
mujoco,flat_forward,1,1,1693,16.929999999997708,1.0,0.0,0.33015110853035845,3.062087410633553e-05,-0.022902360499968567,0.43353276294247645,-0.041164579187627386,2.196197032928467,0.022046171128749847,0
mujoco,flat_forward,1,1,1694,16.93999999999772,1.0,0.0,0.33015010554559265,4.7326723809998625e-05,-0.0228834756755601,0.43254441888328515,-0.048961936490913696,2.188929796218872,0.022132396697998047,0
mujoco,flat_forward,1,1,1695,16.949999999997733,1.0,0.0,0.3301468446155408,4.705016689147617e-05,-0.022995087412090585,0.4330609339013525,-0.04095179588839714,2.195783853530884,0.01817934960126877,0
mujoco,flat_forward,1,1,1696,16.959999999997745,1.0,0.0,0.3301489099164664,4.84899849510551e-05,-0.022945038180390506,0.4324567295325206,-0.0524180447763839,2.1919944286346436,0.014281276613473892,0
mujoco,flat_forward,1,1,1697,16.969999999997757,1.0,0.0,0.33015024950828914,3.168720140317189e-05,-0.02302392005361156,0.43285321188388076,-0.04150039581232079,2.1957108974456787,0.013507641851902008,0
mujoco,flat_forward,1,1,1698,16.97999999999777,1.0,0.0,0.33015547301492515,2.275744634287601e-05,-0.022987429640496927,0.4323495629102808,-0.0542357291928212,2.191692590713501,0.013522395864129066,0
mujoco,flat_forward,1,1,1699,16.98999999999778,1.0,0.0,0.33015811641964826,1.3495904524733826e-06,-0.02304224060406342,0.432515217266153,-0.04130455129026082,2.1934449672698975,0.01193349901586771,0
mujoco,flat_forward,1,1,1700,16.999999999997794,1.0,0.0,0.33016234033622593,-1.1249955885922784e-05,-0.023021223133515414,0.43214176281987005,-0.0562464477367372,2.1905767917633057,0.012874897569417953,0
mujoco,flat_forward,1,1,1701,17.009999999997806,1.0,0.0,0.3301630679088162,-3.4647627934237324e-05,-0.02305229381315496,0.43210201882145727,-0.04171925643025874,2.1913745403289795,0.0133058475330472,0
mujoco,flat_forward,1,1,1702,17.019999999997818,1.0,0.0,0.3301639113221962,-5.126618868109495e-05,-0.023049372190167092,0.4318826625712398,-0.058888375438837,2.1892752647399902,0.013334139250218868,0
mujoco,flat_forward,1,1,1703,17.02999999999783,1.0,0.0,0.33016108149724943,-7.552743327794198e-05,-0.023064608168782533,0.4316669333256886,-0.042839466135140086,2.189134359359741,0.01581806316971779,0
mujoco,flat_forward,1,1,1704,17.039999999997843,1.0,0.0,0.33015743392752933,-9.672602170411562e-05,-0.02306746879878256,0.43142602169055577,-0.059998868446860254,2.187570333480835,0.014816343784332275,0
mujoco,flat_forward,1,1,1705,17.049999999997855,1.0,0.0,0.33015433201083055,-0.00010889746070601693,-0.02306695031453108,0.431108280309081,-0.041702692272531816,2.1884841918945312,0.013814164325594902,0
mujoco,flat_forward,1,1,1706,17.059999999997867,1.0,0.0,0.3301461418898756,-0.0001107444593045138,-0.023082845867252764,0.43060249271502776,-0.05560577746472157,2.184821128845215,0.01719754748046398,0
mujoco,flat_forward,1,1,1707,17.06999999999788,1.0,0.0,0.330138353812603,-0.00010106133807400584,-0.023072452105764626,0.4303136208707066,-0.03950083861083421,2.1900813579559326,0.015051172114908695,0
mujoco,flat_forward,1,1,1708,17.07999999999789,1.0,0.0,0.3301264616267689,-9.220099120010963e-05,-0.023084028132406287,0.4298431457426132,-0.05236048726279781,2.1867105960845947,0.014269915409386158,0
mujoco,flat_forward,1,1,1709,17.089999999997904,1.0,0.0,0.3301180563223866,-7.539476109896783e-05,-0.023064240381447398,0.42971060560881963,-0.038425743540889526,2.193302631378174,0.015011194162070751,0
mujoco,flat_forward,1,1,1710,17.099999999997916,1.0,0.0,0.33010631324835793,-6.421950850513896e-05,-0.023076212194029062,0.4292624415997997,-0.04935120949913932,2.188976764678955,0.013997795060276985,0
mujoco,flat_forward,1,1,1711,17.109999999997928,1.0,0.0,0.33009960981540803,-4.522312424186185e-05,-0.023060193761734616,0.4292203019236206,-0.039748494708621185,2.1956963539123535,0.014387277886271477,0
mujoco,flat_forward,1,1,1712,17.11999999999794,1.0,0.0,0.33009486916272474,-4.7587643401621095e-05,-0.023041363156709162,0.42889037358096976,-0.0502697914706473,2.1914918422698975,0.011097893118858337,0
mujoco,flat_forward,1,1,1713,17.129999999997953,1.0,0.0,0.3300981977363188,-4.0448508877551943e-05,-0.023023121004371632,0.4290160698775609,-0.04162390477538111,2.1966464519500732,0.013585801236331463,0
mujoco,flat_forward,1,1,1714,17.139999999997965,1.0,0.0,0.33010109295398615,-5.617464411583761e-05,-0.023026008597261283,0.42877724276288426,-0.053632757809087814,2.189410448074341,0.015757422894239426,0
mujoco,flat_forward,1,1,1715,17.149999999997977,1.0,0.0,0.3301068288202805,-6.041624531243541e-05,-0.023037870694336486,0.4290358468129788,-0.04354135847155361,2.1933677196502686,0.014545083045959473,0
mujoco,flat_forward,1,1,1716,17.15999999999799,1.0,0.0,0.3301033726902574,-6.31004323739209e-05,-0.023073229482182794,0.4283075208127838,-0.05075834410259908,2.1846275329589844,0.02078799158334732,0
mujoco,flat_forward,1,1,1717,17.169999999998,1.0,0.0,0.33010030311071575,-5.206815220291932e-05,-0.023095333726776104,0.4286117203283139,-0.04342823647616703,2.1929409503936768,0.019846951588988304,0
mujoco,flat_forward,1,1,1718,17.179999999998014,1.0,0.0,0.33008895603197025,-4.445270312317849e-05,-0.023113141252181904,0.42769937985677514,-0.04883047377823849,2.1845202445983887,0.022756168618798256,0
mujoco,flat_forward,1,1,1719,17.189999999998026,1.0,0.0,0.33007986908248754,-2.8529627271390267e-05,-0.023133263677517314,0.4282460349113893,-0.04400989061803656,2.1951379776000977,0.02376069501042366,0
mujoco,flat_forward,1,1,1720,17.199999999998038,1.0,0.0,0.33006404991612626,-1.7782654314610926e-05,-0.02313502354441775,0.4272056925026944,-0.04741049226381709,2.1849451065063477,0.02686896175146103,0
mujoco,flat_forward,1,1,1721,17.20999999999805,1.0,0.0,0.3300510254837591,-2.4873852951206482e-06,-0.023172178278926273,0.4279980069543432,-0.04487558885957213,2.195800304412842,0.026602471247315407,0
mujoco,flat_forward,1,1,1722,17.219999999998063,1.0,0.0,0.33003176130039114,8.899209861324894e-06,-0.02316000958855834,0.4268012678640817,-0.0464053482170131,2.1832239627838135,0.03194137290120125,0
mujoco,flat_forward,1,1,1723,17.229999999998075,1.0,0.0,0.3300142018306032,2.1262115760523997e-05,-0.02321878058765092,0.4277408088239277,-0.04832298700412569,2.1945793628692627,0.030036352574825287,0
mujoco,flat_forward,1,1,1724,17.239999999998087,1.0,0.0,0.3299955008129093,1.9638347405321657e-05,-0.023122260230372824,0.42659322894492685,-0.0498040648679576,2.181673765182495,0.03420654311776161,0
mujoco,flat_forward,1,1,1725,17.2499999999981,1.0,0.0,0.32997900624928195,1.6518610124352113e-05,-0.023182188221318047,0.42764613654851436,-0.048428672053647565,2.19292950630188,0.03370901569724083,0
mujoco,flat_forward,1,1,1726,17.25999999999811,1.0,0.0,0.32995962431836945,2.530664755531777e-05,-0.023100232113758938,0.42605516411289635,-0.048207678800357076,2.17761492729187,0.03728087618947029,0
mujoco,flat_forward,1,1,1727,17.269999999998124,1.0,0.0,0.3299391963636703,3.4607467079118725e-05,-0.02316451181363099,0.4269613830480447,-0.04569436162575646,2.1907262802124023,0.03403911739587784,0
mujoco,flat_forward,1,1,1728,17.279999999998136,1.0,0.0,0.3299175097230375,5.81490209719603e-05,-0.023056253534398392,0.42540587105289585,-0.04752582438122819,2.179217576980591,0.03304426744580269,0
mujoco,flat_forward,1,1,1729,17.289999999998148,1.0,0.0,0.32989572124444533,7.530799028750439e-05,-0.023103660251687943,0.42629181532586496,-0.04333587771065901,2.192378044128418,0.03142222389578819,0
mujoco,flat_forward,1,1,1730,17.29999999999816,1.0,0.0,0.32987514331670825,0.00010727333661419628,-0.022983314369703176,0.4248807439922058,-0.04720718086491938,2.1824474334716797,0.029417186975479126,0
mujoco,flat_forward,1,1,1731,17.309999999998173,1.0,0.0,0.32985530049303613,0.0001284158486003258,-0.02301936347405675,0.4256899232453901,-0.04101735803262562,2.1939735412597656,0.027591725811362267,0
mujoco,flat_forward,1,1,1732,17.319999999998185,1.0,0.0,0.3298383713155067,0.00017119245740469224,-0.022902381946929753,0.42447568937142444,-0.04721837847088447,2.185474157333374,0.025442546233534813,0
mujoco,flat_forward,1,1,1733,17.329999999998197,1.0,0.0,0.3298223273139027,0.00019573071187429464,-0.022933155574634274,0.42516612739797754,-0.03906298855844572,2.1943769454956055,0.02302190102636814,0
mujoco,flat_forward,1,1,1734,17.33999999999821,1.0,0.0,0.32980962081634796,0.0002503973849685102,-0.022832056369583388,0.42413013159588203,-0.04732323614207197,2.1868295669555664,0.021631130948662758,0
mujoco,flat_forward,1,1,1735,17.34999999999822,1.0,0.0,0.32979745899738033,0.00027920771359097864,-0.022854837269952428,0.4246557984614795,-0.03749761007310416,2.1937429904937744,0.019045531749725342,0
mujoco,flat_forward,1,1,1736,17.359999999998234,1.0,0.0,0.3297883814432753,0.0003409300756748129,-0.022779077498451736,0.4238284880299561,-0.048092603687575085,2.1880383491516113,0.018285807222127914,0
mujoco,flat_forward,1,1,1737,17.369999999998246,1.0,0.0,0.32977936536090946,0.00037228264876814867,-0.02279340808841326,0.42415954286494634,-0.036360585976036225,2.192995548248291,0.015985121950507164,0
mujoco,flat_forward,1,1,1738,17.379999999998258,1.0,0.0,0.32977256909034286,0.00043530883499521655,-0.022745685160560917,0.42353147424780263,-0.04896867285983254,2.1889171600341797,0.015822988003492355,0
mujoco,flat_forward,1,1,1739,17.38999999999827,1.0,0.0,0.3297638329116099,0.00046083783507053135,-0.02278625849084445,0.4240007758060878,-0.03920358505827215,2.191988468170166,0.01470999512821436,0
mujoco,flat_forward,1,1,1740,17.399999999998283,1.0,0.0,0.3297537698847291,0.0005104209387323048,-0.022769560921063078,0.42351985169271417,-0.052464266380699065,2.1873369216918945,0.014902757480740547,0
mujoco,flat_forward,1,1,1741,17.409999999998295,1.0,0.0,0.32974048201549366,0.0005284968464197482,-0.022792203832956506,0.4237282259293528,-0.039231566531843,2.1898353099823,0.014541047625243664,0
mujoco,flat_forward,1,1,1742,17.419999999998307,1.0,0.0,0.3297264112160897,0.0005786720559177314,-0.0227839886337316,0.423313283185515,-0.05397667819358863,2.186433792114258,0.015565934590995312,0
mujoco,flat_forward,1,1,1743,17.42999999999832,1.0,0.0,0.3297105558114844,0.0005997865526179665,-0.02278680591446247,0.4232893089424415,-0.03861434813462272,2.1877806186676025,0.01573220267891884,0
mujoco,flat_forward,1,1,1744,17.43999999999833,1.0,0.0,0.3296941110994412,0.0006490525372777851,-0.022783766503262883,0.42299787352413076,-0.05561316159780431,2.1853535175323486,0.01634937711060047,0
mujoco,flat_forward,1,1,1745,17.449999999998344,1.0,0.0,0.3296768531698761,0.0006727200715855024,-0.022782176800885404,0.422795392581432,-0.03872356484695224,2.1856114864349365,0.017884401604533195,0
mujoco,flat_forward,1,1,1746,17.459999999998356,1.0,0.0,0.32965845272903843,0.0007199580028832769,-0.022784485053980334,0.4224601311556345,-0.05571961003353916,2.1833202838897705,0.017635952681303024,0
mujoco,flat_forward,1,1,1747,17.469999999998368,1.0,0.0,0.32964341960262683,0.0007522603812054012,-0.022744765137541628,0.4220879438909045,-0.038615721667383446,2.1849851608276367,0.016179952770471573,0
mujoco,flat_forward,1,1,1748,17.47999999999838,1.0,0.0,0.3296280765267955,0.0008013158260300572,-0.0227267462050983,0.4217217479274913,-0.053908037636370414,2.1832199096679688,0.015713274478912354,0
mujoco,flat_forward,1,1,1749,17.489999999998393,1.0,0.0,0.3296184734224017,0.0008399079111618386,-0.022660343187288313,0.42137911604350314,-0.037719531538954174,2.1867992877960205,0.015074285678565502,0
mujoco,flat_forward,1,1,1750,17.499999999998405,1.0,0.0,0.3296087841938702,0.0008889302374075443,-0.022633256970508706,0.42097353056227976,-0.051258603287808485,2.1841471195220947,0.01440592110157013,0
mujoco,flat_forward,1,1,1751,17.509999999998417,1.0,0.0,0.32960626141117805,0.0009326820975985301,-0.022559707502435664,0.42073325575007203,-0.037311291367800606,2.1889376640319824,0.013930898159742355,0
mujoco,flat_forward,1,1,1752,17.51999999999843,1.0,0.0,0.3296030362537085,0.0009796073023181394,-0.022544870109388156,0.42051654618552115,-0.05314204330024299,2.184966564178467,0.013426060788333416,0
mujoco,flat_forward,1,1,1753,17.52999999999844,1.0,0.0,0.32960408209464703,0.0010153248504225652,-0.022494960514939166,0.4204578346220312,-0.04043186075398948,2.188603639602661,0.013987230136990547,0
mujoco,flat_forward,1,1,1754,17.539999999998454,1.0,0.0,0.3296002076041551,0.0010652814231802137,-0.02251642441897464,0.42015810172509815,-0.04912805715031301,2.1841390132904053,0.013290802016854286,0
mujoco,flat_forward,1,1,1755,17.549999999998466,1.0,0.0,0.32960115044433236,0.001115482684473084,-0.0224542011954964,0.4200737367618191,-0.03906773476067568,2.188673973083496,0.012136982753872871,0
mujoco,flat_forward,1,1,1756,17.559999999998478,1.0,0.0,0.3295985029205111,0.0011665601717812434,-0.02245289637749761,0.4196047822689336,-0.047270794917900816,2.1849329471588135,0.011662791483104229,0
mujoco,flat_forward,1,1,1757,17.56999999999849,1.0,0.0,0.32960416515386615,0.0012163007774466596,-0.022375695182704616,0.4196780008683517,-0.04004602502183015,2.191305637359619,0.015406048856675625,0
mujoco,flat_forward,1,1,1758,17.579999999998503,1.0,0.0,0.3296083286083024,0.001258981732243392,-0.022363441234884898,0.4190543642412669,-0.0467521971529318,2.18581223487854,0.014002201147377491,0
mujoco,flat_forward,1,1,1759,17.589999999998515,1.0,0.0,0.329622382772996,0.0013008339227626503,-0.022293592438370483,0.4193061780932082,-0.0420486305651681,2.1928586959838867,0.018143102526664734,0
mujoco,flat_forward,1,1,1760,17.599999999998527,1.0,0.0,0.3296338475023234,0.0013314186619843692,-0.022309026965137983,0.41881532106304253,-0.05069059093735289,2.185264825820923,0.01759837009012699,0
mujoco,flat_forward,1,1,1761,17.60999999999854,1.0,0.0,0.3296518873080511,0.0013575105542003964,-0.022273081585142816,0.4192062687367337,-0.04678363703215584,2.190997838973999,0.018365634605288506,0
mujoco,flat_forward,1,1,1762,17.61999999999855,1.0,0.0,0.329663981992163,0.0013802758760153625,-0.022322682328298843,0.4185402882857425,-0.04810926359470027,2.182898759841919,0.01838786154985428,0
mujoco,flat_forward,1,1,1763,17.629999999998564,1.0,0.0,0.329681461008756,0.0014052075380281777,-0.022296645542518097,0.41895019282199253,-0.047464215535453394,2.1895062923431396,0.020184075459837914,0
mujoco,flat_forward,1,1,1764,17.639999999998576,1.0,0.0,0.32969365903872017,0.0014274688319824197,-0.0223165710720628,0.4180740599820512,-0.04828606257180801,2.1821908950805664,0.019324088469147682,0
mujoco,flat_forward,1,1,1765,17.649999999998588,1.0,0.0,0.3297126598828277,0.0014465716089377865,-0.022292049615823005,0.41867781586575314,-0.050418661782881485,2.1910572052001953,0.02446102723479271,0
mujoco,flat_forward,1,1,1766,17.6599999999986,1.0,0.0,0.3297266503760161,0.0014729343698737063,-0.022319989397937303,0.41773974247249385,-0.04592874328415653,2.181649923324585,0.023747114464640617,0
mujoco,flat_forward,1,1,1767,17.669999999998613,1.0,0.0,0.32974545424559615,0.0014931279000790453,-0.022313664652412482,0.4183736484250353,-0.051752253841331246,2.189704656600952,0.02516208030283451,0
mujoco,flat_forward,1,1,1768,17.679999999998625,1.0,0.0,0.329757503681833,0.0015104104622716786,-0.022360119215168242,0.41765433461789375,-0.05030684765645968,2.1809768676757812,0.024695802479982376,0
mujoco,flat_forward,1,1,1769,17.689999999998637,1.0,0.0,0.32977264904611475,0.001519844889933211,-0.022367708991376578,0.4184465253956007,-0.05740159449877848,2.188013792037964,0.02445768006145954,0
mujoco,flat_forward,1,1,1770,17.69999999999865,1.0,0.0,0.32978157593788726,0.0015323031842463246,-0.02238409702351789,0.4175545979188754,-0.05286251220570614,2.179114818572998,0.025248991325497627,0
mujoco,flat_forward,1,1,1771,17.70999999999866,1.0,0.0,0.32979434568547095,0.0015373591612422809,-0.02238383017417394,0.41822791906576967,-0.059029407871641765,2.186660051345825,0.02738012745976448,0
mujoco,flat_forward,1,1,1772,17.719999999998674,1.0,0.0,0.32980517904015355,0.0015613748960839962,-0.022398222626266562,0.41723242398039434,-0.050393430313264216,2.1789090633392334,0.022190747782588005,0
mujoco,flat_forward,1,1,1773,17.729999999998686,1.0,0.0,0.32981973306363654,0.001573097077360548,-0.02238779987893789,0.41764152372101815,-0.05598864164854811,2.1848134994506836,0.022690441459417343,0
mujoco,flat_forward,1,1,1774,17.739999999998698,1.0,0.0,0.3298346772727352,0.0016040778240254104,-0.02237658024666663,0.4167305462342839,-0.049981430374795695,2.1816470623016357,0.01563330926001072,0
mujoco,flat_forward,1,1,1775,17.74999999999871,1.0,0.0,0.32985520649992334,0.0016129330403211234,-0.022354649628983786,0.4170944393365873,-0.054822228248747384,2.1866979598999023,0.01754838414490223,0
mujoco,flat_forward,1,1,1776,17.759999999998723,1.0,0.0,0.329878132595331,0.0016480725720755059,-0.022356138577408032,0.4164764185314381,-0.04748399675286654,2.1853437423706055,0.011226454749703407,0
mujoco,flat_forward,1,1,1777,17.769999999998735,1.0,0.0,0.3299044205316968,0.0016617905214751257,-0.022354316410030075,0.41663902985884615,-0.0520980344426893,2.1867432594299316,0.010095524601638317,0
mujoco,flat_forward,1,1,1778,17.779999999998747,1.0,0.0,0.32993350921170495,0.0016940242530782527,-0.022354219463283986,0.4161941745766051,-0.0486915188544547,2.1884450912475586,0.006997141987085342,0
mujoco,flat_forward,1,1,1779,17.78999999999876,1.0,0.0,0.3299663595966543,0.001697729766641124,-0.022352752179335533,0.41635320387920427,-0.05253029861577042,2.18886399269104,0.0060277534648776054,0
mujoco,flat_forward,1,1,1780,17.79999999999877,1.0,0.0,0.3300026584416042,0.0017228685728432793,-0.02237756621403007,0.4161469138807364,-0.04769589694618504,2.1905369758605957,0.0062645357102155685,0
mujoco,flat_forward,1,1,1781,17.809999999998784,1.0,0.0,0.3300393238652371,0.0017243012807869095,-0.02238377822155752,0.4161077453799374,-0.051108757248892515,2.188342332839966,0.005755039397627115,0
mujoco,flat_forward,1,1,1782,17.819999999998796,1.0,0.0,0.33007822129197667,0.0017437502755128693,-0.022420764822730067,0.41607634963456136,-0.049996444236542724,2.1923909187316895,0.010082746855914593,0
mujoco,flat_forward,1,1,1783,17.829999999998808,1.0,0.0,0.3301178004013061,0.0017348569697821848,-0.022419133165958463,0.41595617610070484,-0.05220592671157774,2.1893203258514404,0.008589178323745728,0
mujoco,flat_forward,1,1,1784,17.83999999999882,1.0,0.0,0.330159282330076,0.0017434205905786785,-0.02249315237650789,0.41623826675549164,-0.04975504815820355,2.1939632892608643,0.01320275291800499,0
mujoco,flat_forward,1,1,1785,17.849999999998833,1.0,0.0,0.33019818694225017,0.001732577141274442,-0.022495604776506098,0.4157821106529602,-0.05077402487989065,2.1868631839752197,0.015596305951476097,0
mujoco,flat_forward,1,1,1786,17.859999999998845,1.0,0.0,0.3302365822540241,0.0017355857229711372,-0.022590197366133193,0.41630891771442247,-0.052202874942718164,2.1953396797180176,0.0204278863966465,0
mujoco,flat_forward,1,1,1787,17.869999999998857,1.0,0.0,0.3302732197987962,0.0017170687678215338,-0.022572706884005672,0.4157510503495896,-0.05227201166436798,2.186685085296631,0.020860623568296432,0
mujoco,flat_forward,1,1,1788,17.87999999999887,1.0,0.0,0.33030903382947,0.0017081049157263411,-0.02269127808069327,0.4164588312899519,-0.055896709735840516,2.196049928665161,0.024337533861398697,0
mujoco,flat_forward,1,1,1789,17.88999999999888,1.0,0.0,0.33034367236876894,0.0016755743548016347,-0.022651871784655053,0.41578213515432094,-0.0544160011403028,2.1854796409606934,0.025950627401471138,0
mujoco,flat_forward,1,1,1790,17.899999999998894,1.0,0.0,0.3303757192493104,0.0016534397985465083,-0.02280930999577267,0.41657359613178596,-0.05403355965081294,2.1949105262756348,0.02788572572171688,0
mujoco,flat_forward,1,1,1791,17.909999999998906,1.0,0.0,0.3304064429465707,0.001633975620237954,-0.0227572343026028,0.4155222592558741,-0.05369322966853012,2.182062864303589,0.02843254618346691,0
mujoco,flat_forward,1,1,1792,17.919999999998918,1.0,0.0,0.33043297166988306,0.0016185205956869852,-0.022899511478342894,0.41629586467956053,-0.05288574911662535,2.1946589946746826,0.03027137741446495,0
mujoco,flat_forward,1,1,1793,17.92999999999893,1.0,0.0,0.3304610255925708,0.0016030964941855332,-0.022818838598824026,0.4152783142677956,-0.0544133595544283,2.185225248336792,0.024995392188429832,0
mujoco,flat_forward,1,1,1794,17.939999999998943,1.0,0.0,0.33048671393205,0.0015823200085692813,-0.02294147868973454,0.41607845748376787,-0.052175440912526794,2.196981430053711,0.027357274666428566,0
mujoco,flat_forward,1,1,1795,17.949999999998955,1.0,0.0,0.3305164709327693,0.0015609923105145338,-0.022852987592532625,0.4151753668504942,-0.05568051776685998,2.1891231536865234,0.02169155888259411,0
mujoco,flat_forward,1,1,1796,17.959999999998967,1.0,0.0,0.3305442968346311,0.001526808009418511,-0.02297999841267337,0.41599259333705124,-0.04812807904380456,2.1986608505249023,0.02313370630145073,0
mujoco,flat_forward,1,1,1797,17.96999999999898,1.0,0.0,0.3305732798978618,0.001506859929591125,-0.02291395897257661,0.4149967023300774,-0.05410284565312646,2.1888091564178467,0.022868933156132698,0
mujoco,flat_forward,1,1,1798,17.97999999999899,1.0,0.0,0.33059754642613043,0.0014549242791368888,-0.023036669130420618,0.41567133061819267,-0.046511762197362874,2.1992337703704834,0.022529780864715576,0
mujoco,flat_forward,1,1,1799,17.989999999999004,1.0,0.0,0.33062379477373005,0.0014204540595769111,-0.022972596792024593,0.41490862298284525,-0.055354109108980774,2.1923370361328125,0.01836446486413479,0
mujoco,flat_forward,1,1,1800,17.999999999999016,1.0,0.0,0.3306460120266751,0.001343191403352321,-0.023082231913223755,0.41550194729415646,-0.04644617144783173,2.201019525527954,0.01871936023235321,0
mujoco,flat_forward,1,1,1801,18.009999999999028,1.0,0.0,0.3306708295568157,0.0012918115044389664,-0.023036249488897223,0.4149796971651687,-0.05739727228978681,2.195692777633667,0.015053980052471161,0
mujoco,flat_forward,1,1,1802,18.01999999999904,1.0,0.0,0.3306915902262591,0.001193702103558692,-0.023134740134251375,0.41542656059497307,-0.04664077471074351,2.2016048431396484,0.015118363313376904,0
mujoco,flat_forward,1,1,1803,18.029999999999053,1.0,0.0,0.33071415179605695,0.0011286675422878555,-0.02311710481651096,0.41511805759953113,-0.05955303183101,2.1974000930786133,0.01308834832161665,0
mujoco,flat_forward,1,1,1804,18.039999999999065,1.0,0.0,0.3307318553501836,0.0010154781168583418,-0.02320174964712279,0.41540699630913375,-0.04710428533125834,2.200611114501953,0.013310152105987072,0
mujoco,flat_forward,1,1,1805,18.049999999999077,1.0,0.0,0.33074943508303273,0.0009395810569676788,-0.023215474664373868,0.41530090204014103,-0.06195328919769644,2.197918176651001,0.012686526402831078,0
mujoco,flat_forward,1,1,1806,18.05999999999909,1.0,0.0,0.3307613953154732,0.0008154723341009979,-0.023282383006770872,0.4154373347599446,-0.04803612719982747,2.199183464050293,0.01458685752004385,0
mujoco,flat_forward,1,1,1807,18.0699999999991,1.0,0.0,0.33077111716561103,0.000729896659773443,-0.02331462431480187,0.4153681311201311,-0.06257607612875388,2.19787859916687,0.013618024997413158,0
mujoco,flat_forward,1,1,1808,18.079999999999114,1.0,0.0,0.33078069131451543,0.0006483297013395422,-0.023337324401316608,0.41509164573430596,-0.04526849906544296,2.199791669845581,0.013338725082576275,0
mujoco,flat_forward,1,1,1809,18.089999999999126,1.0,0.0,0.3307900711518764,0.0005781475427395882,-0.02336093133788649,0.41488020275060883,-0.0593107456823603,2.1989963054656982,0.01334364339709282,0
mujoco,flat_forward,1,1,1810,18.099999999999138,1.0,0.0,0.3308010681832819,0.0005017822426335685,-0.023383909641221265,0.4147503966123991,-0.04456141732208743,2.203065872192383,0.012986432760953903,0
mujoco,flat_forward,1,1,1811,18.10999999999915,1.0,0.0,0.33081014064281405,0.0004180245241313517,-0.023415253061613402,0.41456482246162707,-0.057648282609261824,2.200244903564453,0.011864788830280304,0
mujoco,flat_forward,1,1,1812,18.119999999999163,1.0,0.0,0.33082028718380957,0.00034366988848555407,-0.023447537749678022,0.414633664675474,-0.045191703971926775,2.2055134773254395,0.012282177805900574,0
mujoco,flat_forward,1,1,1813,18.129999999999175,1.0,0.0,0.33082728112820614,0.00025651833751075937,-0.023470774518474697,0.4141482901805989,-0.05306917750497489,2.200878858566284,0.012567175552248955,0
mujoco,flat_forward,1,1,1814,18.139999999999187,1.0,0.0,0.3308385659138994,0.00020122123428047365,-0.023498041017623848,0.41430740574591535,-0.04389430291184449,2.2090115547180176,0.014501089230179787,0
mujoco,flat_forward,1,1,1815,18.1499999999992,1.0,0.0,0.330846748708327,0.00011000399687019565,-0.023527843647327375,0.4137831176774831,-0.05138076433781917,2.2019124031066895,0.017531827092170715,0
mujoco,flat_forward,1,1,1816,18.15999999999921,1.0,0.0,0.3308566999625474,4.79215075990211e-05,-0.023587784865591786,0.4142495602559469,-0.045083043099423244,2.2101986408233643,0.017039788886904716,0
mujoco,flat_forward,1,1,1817,18.169999999999224,1.0,0.0,0.33086076524989877,-5.594790156145069e-05,-0.023633242091464522,0.41364453685846664,-0.05101271723809058,2.200930595397949,0.022407641634345055,0
mujoco,flat_forward,1,1,1818,18.179999999999236,1.0,0.0,0.33086425923028073,-0.00012646172959156912,-0.02371281391000934,0.4142496211488413,-0.05038392673026014,2.2100648880004883,0.020775917917490005,0
mujoco,flat_forward,1,1,1819,18.189999999999248,1.0,0.0,0.3308638348726693,-0.0002676836620158867,-0.023735301007954967,0.41371352884794216,-0.05424384167117797,2.201807975769043,0.02374039776623249,0
mujoco,flat_forward,1,1,1820,18.19999999999926,1.0,0.0,0.3308629213121005,-0.00036533645676729344,-0.023847796222920915,0.41452657539233984,-0.053565826001848255,2.209493637084961,0.02259346842765808,0
mujoco,flat_forward,1,1,1821,18.209999999999273,1.0,0.0,0.3308584459335991,-0.0004801423779219156,-0.02382225060628792,0.4135458050474757,-0.051116194954362974,2.1978626251220703,0.030172614380717278,0
mujoco,flat_forward,1,1,1822,18.219999999999285,1.0,0.0,0.3308518648647458,-0.0005536379660657651,-0.023963033534287623,0.4142905361976184,-0.05137254107033108,2.207780122756958,0.028547726571559906,0
mujoco,flat_forward,1,1,1823,18.229999999999297,1.0,0.0,0.3308439316180739,-0.0006311470723634444,-0.0239165024368658,0.41315615662168664,-0.05044789682702023,2.195566177368164,0.032012175768613815,0
mujoco,flat_forward,1,1,1824,18.23999999999931,1.0,0.0,0.33083140316844334,-0.0006884377629778882,-0.024066591494317863,0.41395764302653926,-0.04979102044185416,2.2064223289489746,0.027436930686235428,0
mujoco,flat_forward,1,1,1825,18.24999999999932,1.0,0.0,0.3308173884525179,-0.0007466657335178734,-0.024009368131582585,0.4128550667002351,-0.05023143801084418,2.196131467819214,0.029196888208389282,0
mujoco,flat_forward,1,1,1826,18.259999999999334,1.0,0.0,0.33079847644994176,-0.0008054737129159188,-0.024118483275285072,0.41325707283524404,-0.047856655681882646,2.2066853046417236,0.02498401701450348,0
mujoco,flat_forward,1,1,1827,18.269999999999346,1.0,0.0,0.3307867854037468,-0.0008502058098047296,-0.024020921969293303,0.41243741270486767,-0.05063523975726792,2.2029309272766113,0.01782953180372715,0
mujoco,flat_forward,1,1,1828,18.279999999999358,1.0,0.0,0.33077377536062835,-0.0009066748668829837,-0.024125748026320754,0.41277233797701957,-0.04629411267976139,2.207646131515503,0.013402896001935005,0
mujoco,flat_forward,1,1,1829,18.28999999999937,1.0,0.0,0.33076587928563306,-0.000945422026108712,-0.024067698022947615,0.4121769915600058,-0.0512337758352223,2.203252077102661,0.014207690954208374,0
mujoco,flat_forward,1,1,1830,18.299999999999383,1.0,0.0,0.3307528565167538,-0.0010023286505622077,-0.024179443807057728,0.412352610988523,-0.04528896937598121,2.2048838138580322,0.008788934908807278,0
mujoco,flat_forward,1,1,1831,18.309999999999395,1.0,0.0,0.33074206346753193,-0.0010380505034263607,-0.02414513268422804,0.4119683030986594,-0.05269546422906387,2.201894760131836,0.010514414869248867,0
mujoco,flat_forward,1,1,1832,18.319999999999407,1.0,0.0,0.3307232704353755,-0.001092249979972248,-0.0242391352928241,0.41199120024806346,-0.04502870904115137,2.202317714691162,0.008086873218417168,0
mujoco,flat_forward,1,1,1833,18.32999999999942,1.0,0.0,0.33070464364670804,-0.001126318669463972,-0.024205584360301027,0.41181291484701377,-0.05438463732343779,2.2014451026916504,0.007620473857969046,0
mujoco,flat_forward,1,1,1834,18.33999999999943,1.0,0.0,0.3306790668037211,-0.0011686284854255879,-0.024213515314918246,0.4113281050163721,-0.044898231876330345,2.2013587951660156,0.009927981533110142,0
mujoco,flat_forward,1,1,1835,18.349999999999444,1.0,0.0,0.33065849359523164,-0.0012056574401088978,-0.024164557022705476,0.4115415016103712,-0.056667779099734486,2.2050437927246094,0.01119017880409956,0
mujoco,flat_forward,1,1,1836,18.359999999999456,1.0,0.0,0.3306333279204335,-0.0012491801213592292,-0.024166846674745283,0.41096986578468286,-0.04523595706874545,2.199885845184326,0.017441626638174057,0
mujoco,flat_forward,1,1,1837,18.369999999999468,1.0,0.0,0.3306095969716221,-0.0012887850666034972,-0.024162594840888337,0.41120338067803675,-0.05641879596694528,2.2021024227142334,0.014099781401455402,0
mujoco,flat_forward,1,1,1838,18.37999999999948,1.0,0.0,0.3305823437059063,-0.0013112074491533074,-0.024173868991355138,0.41045298195131075,-0.04525213226441639,2.1969165802001953,0.016276206821203232,0
mujoco,flat_forward,1,1,1839,18.389999999999493,1.0,0.0,0.3305550141249986,-0.001341454039304415,-0.024175496930287,0.41062931669769304,-0.0546051355001098,2.199148178100586,0.012497540563344955,0
mujoco,flat_forward,1,1,1840,18.399999999999505,1.0,0.0,0.3305249434203974,-0.0013528603053524406,-0.02417672012003516,0.40988770152502146,-0.04467090599709816,2.197319507598877,0.012652556411921978,0
mujoco,flat_forward,1,1,1841,18.409999999999517,1.0,0.0,0.33049428403383135,-0.0013788171971870023,-0.024174318417882687,0.41002626615565485,-0.05218097053545702,2.1988818645477295,0.009368767030537128,0
mujoco,flat_forward,1,1,1842,18.41999999999953,1.0,0.0,0.3304632522823813,-0.001387108323749453,-0.024139986041637577,0.4092573568631257,-0.04806004020374317,2.1989471912384033,0.008871285244822502,0
mujoco,flat_forward,1,1,1843,18.42999999999954,1.0,0.0,0.33043527262846967,-0.0014192772595316462,-0.02409939289682582,0.40924914730310546,-0.04901892088371685,2.2011115550994873,0.0070184217765927315,0
mujoco,flat_forward,1,1,1844,18.439999999999554,1.0,0.0,0.33041305348710176,-0.0014211504941419877,-0.024059483921168582,0.4084723601597877,-0.04686360689721572,2.200974941253662,0.005482695065438747,0
mujoco,flat_forward,1,1,1845,18.449999999999566,1.0,0.0,0.33039397675308907,-0.0014426251935577984,-0.024033330001931325,0.40837075309238013,-0.04675202945043104,2.199732542037964,0.005402923561632633,0
mujoco,flat_forward,1,1,1846,18.459999999999578,1.0,0.0,0.3303775291574566,-0.0014351910527911126,-0.024029014714469638,0.40781539220652063,-0.047313813760862126,2.1995811462402344,0.00552805420011282,0
mujoco,flat_forward,1,1,1847,18.46999999999959,1.0,0.0,0.3303601996398315,-0.001452959108633665,-0.02402070568321791,0.4076437120737484,-0.04599681708455723,2.19735050201416,0.008814971894025803,0
mujoco,flat_forward,1,1,1848,18.479999999999603,1.0,0.0,0.33034247009655054,-0.0014443498812077974,-0.02403900495546872,0.40728152317538974,-0.0489001765473875,2.197887420654297,0.007774611935019493,0
mujoco,flat_forward,1,1,1849,18.489999999999615,1.0,0.0,0.3303215195556608,-0.0014605384297115736,-0.024025539011624308,0.4070128051940516,-0.04589090041204818,2.1954541206359863,0.012327141128480434,0
mujoco,flat_forward,1,1,1850,18.499999999999627,1.0,0.0,0.33029847515959143,-0.0014531816747868779,-0.024054666907187997,0.4068443894154271,-0.05065228524227815,2.1971728801727295,0.010935797356069088,0
mujoco,flat_forward,1,1,1851,18.50999999999964,1.0,0.0,0.33027166145603687,-0.0014670289005813796,-0.02401856039137611,0.40646177705946124,-0.04572332205178271,2.1936120986938477,0.015983853489160538,0
mujoco,flat_forward,1,1,1852,18.51999999999965,1.0,0.0,0.33024169055902697,-0.0014625037796583671,-0.024060768339237433,0.4064883277432423,-0.05257528722010426,2.196197271347046,0.01488122995942831,0
mujoco,flat_forward,1,1,1853,18.529999999999664,1.0,0.0,0.33020854696031915,-0.0014735351138857962,-0.02399390914437102,0.4059466854202889,-0.045870554206822435,2.191063404083252,0.020146982744336128,0
mujoco,flat_forward,1,1,1854,18.539999999999676,1.0,0.0,0.33017238662172416,-0.0014739643228036453,-0.02401971406913178,0.4059171824041204,-0.05637993262181086,2.194453716278076,0.018572764471173286,0
mujoco,flat_forward,1,1,1855,18.549999999999688,1.0,0.0,0.3301409108707272,-0.0014816687194979545,-0.023894421785032677,0.4052647007640266,-0.0483548328387015,2.1916286945343018,0.017112981528043747,0
mujoco,flat_forward,1,1,1856,18.5599999999997,1.0,0.0,0.33010834370723324,-0.0014794050463209198,-0.023927343181024532,0.4052160765704686,-0.055389305530696056,2.1934525966644287,0.015783563256263733,0
mujoco,flat_forward,1,1,1857,18.569999999999713,1.0,0.0,0.3300823817830082,-0.001475198519448603,-0.02379476539134411,0.40444684402005415,-0.04774966622326504,2.1909828186035156,0.013859910890460014,0
mujoco,flat_forward,1,1,1858,18.579999999999725,1.0,0.0,0.330054282930718,-0.0014640124888687432,-0.023843347518355963,0.4043277488010799,-0.05291771162614347,2.192182779312134,0.012855835258960724,0
mujoco,flat_forward,1,1,1859,18.589999999999737,1.0,0.0,0.33003366808120826,-0.0014494806876492433,-0.023715484720170484,0.4035989287819308,-0.04747605763590233,2.190674304962158,0.010819055140018463,0
mujoco,flat_forward,1,1,1860,18.59999999999975,1.0,0.0,0.3300100374658097,-0.0014310331985636102,-0.023769121163350688,0.403402678777584,-0.05113696551723334,2.191398859024048,0.008767081424593925,0
mujoco,flat_forward,1,1,1861,18.60999999999976,1.0,0.0,0.32999448486901284,-0.0014100389562911703,-0.023648438282067894,0.4027965398790338,-0.04798988571817808,2.191347599029541,0.0069534657523036,0
mujoco,flat_forward,1,1,1862,18.619999999999774,1.0,0.0,0.32997546112630405,-0.0013867622902886344,-0.023696584960348915,0.4025076236531255,-0.05008103889525036,2.191056489944458,0.004986826796084642,0
mujoco,flat_forward,1,1,1863,18.629999999999786,1.0,0.0,0.32996460706106173,-0.0013613769910919315,-0.023582411276976967,0.40207022029952605,-0.04914555951298704,2.1920852661132812,0.004300775937736034,0
mujoco,flat_forward,1,1,1864,18.639999999999798,1.0,0.0,0.329948913063771,-0.0013253780988828911,-0.023647615968068494,0.4017807054074909,-0.04574649595003742,2.1902525424957275,0.0047431751154363155,0
mujoco,flat_forward,1,1,1865,18.64999999999981,1.0,0.0,0.329938812101637,-0.0012747223441917231,-0.02355314689526081,0.40138494594661844,-0.049246007974927564,2.190124988555908,0.004110034089535475,0
mujoco,flat_forward,1,1,1866,18.659999999999823,1.0,0.0,0.329922837538201,-0.0012251333510821438,-0.023589933296293168,0.4009844656146919,-0.04538998031350166,2.189216136932373,0.005455576349049807,0
mujoco,flat_forward,1,1,1867,18.669999999999835,1.0,0.0,0.32991356468860183,-0.0011722237928542478,-0.02348694351785479,0.4008385894571611,-0.052100334519655525,2.1912174224853516,0.007892630062997341,0
mujoco,flat_forward,1,1,1868,18.679999999999847,1.0,0.0,0.32989985506387437,-0.0011204510479447787,-0.023493320849558498,0.40036896334305816,-0.0463722477161511,2.1890954971313477,0.009440185502171516,0
mujoco,flat_forward,1,1,1869,18.68999999999986,1.0,0.0,0.3298933524924002,-0.001068497925830083,-0.023400933944039682,0.400428948536248,-0.05506488817100469,2.191797971725464,0.011782411485910416,0
mujoco,flat_forward,1,1,1870,18.69999999999987,1.0,0.0,0.3298833754851596,-0.0010151040741544774,-0.023386079130583153,0.39980886456013615,-0.047326693473570616,2.1877036094665527,0.013481264002621174,0
mujoco,flat_forward,1,1,1871,18.709999999999884,1.0,0.0,0.32988003630973123,-0.0009664504328927863,-0.023318803067134214,0.4000367958438735,-0.05798457683765388,2.190770387649536,0.015614881180226803,0
mujoco,flat_forward,1,1,1872,18.719999999999896,1.0,0.0,0.3298736377200406,-0.0009122003433958415,-0.023295169478694613,0.39921827773942115,-0.048480472406089464,2.184636354446411,0.01803443767130375,0
mujoco,flat_forward,1,1,1873,18.729999999999908,1.0,0.0,0.3298726308551522,-0.0008673004545959937,-0.02325046494757505,0.39939673986653085,-0.05893333024489902,2.188485860824585,0.019233891740441322,0
mujoco,flat_forward,1,1,1874,18.73999999999992,1.0,0.0,0.32987177968645437,-0.0007857617395509918,-0.023241255915228406,0.3985296695686085,-0.045683319846346944,2.183351516723633,0.015812767669558525,0
mujoco,flat_forward,1,1,1875,18.749999999999932,1.0,0.0,0.32987389561176655,-0.0007173095538985422,-0.02321779383009673,0.3986176616640004,-0.058994750667506084,2.1851494312286377,0.015705836936831474,0
mujoco,flat_forward,1,1,1876,18.759999999999945,1.0,0.0,0.32987275938473287,-0.0006495131490945061,-0.023205289469213443,0.39790649632934244,-0.04806101476370299,2.182901382446289,0.015625325962901115,0
mujoco,flat_forward,1,1,1877,18.769999999999957,1.0,0.0,0.3298735222078985,-0.0006018046573283362,-0.023168963800716137,0.39800633821005194,-0.05890594141235075,2.1857988834381104,0.016220422461628914,0
mujoco,flat_forward,1,1,1878,18.77999999999997,1.0,0.0,0.3298753668638657,-0.0005170217006028848,-0.023138893191893124,0.3974004958833295,-0.044979581076630054,2.1854946613311768,0.010346533730626106,0
mujoco,flat_forward,1,1,1879,18.78999999999998,1.0,0.0,0.3298790859827801,-0.0004486249027348502,-0.023102394608997066,0.39717300572113023,-0.055459200131108055,2.184795618057251,0.012041524052619934,0
mujoco,flat_forward,1,1,1880,18.799999999999994,1.0,0.0,0.32988699199707006,-0.00035009808649188773,-0.0230495312142452,0.39658682015916463,-0.044980839162326106,2.187814474105835,0.008816384710371494,0
mujoco,flat_forward,1,1,1881,18.810000000000006,1.0,0.0,0.3298992867627825,-0.0002822168129475609,-0.022997134594279774,0.3963123762547355,-0.0546151127435288,2.1864330768585205,0.0078555503860116,0
mujoco,flat_forward,1,1,1882,18.820000000000018,1.0,0.0,0.32991862475577755,-0.0001843965694444644,-0.022949043656054397,0.3959673519840066,-0.043027146785290266,2.189896583557129,0.008704038336873055,0
mujoco,flat_forward,1,1,1883,18.83000000000003,1.0,0.0,0.3299387950212717,-0.00011509993527962431,-0.022922493771985016,0.39575077938827413,-0.05574784721706599,2.1852669715881348,0.010103798471391201,0
mujoco,flat_forward,1,1,1884,18.840000000000042,1.0,0.0,0.3299617131455748,-4.2144557113510206e-05,-0.02289762190135014,0.3955803290625513,-0.04683177001172329,2.1898159980773926,0.011819779872894287,0
mujoco,flat_forward,1,1,1885,18.850000000000055,1.0,0.0,0.32998465552179485,1.020822898885408e-06,-0.02286162910491467,0.39527211304257964,-0.05662034871523665,2.1858527660369873,0.008226348087191582,0
mujoco,flat_forward,1,1,1886,18.860000000000067,1.0,0.0,0.33001301855325665,6.708464690201704e-05,-0.022834564828987,0.39532267593486814,-0.04583245368682768,2.191749095916748,0.014455793425440788,0
mujoco,flat_forward,1,1,1887,18.87000000000008,1.0,0.0,0.33003935899082243,0.00011649322548439973,-0.022797403444479506,0.39461124977617923,-0.053693302602367515,2.183445930480957,0.016439953818917274,0
mujoco,flat_forward,1,1,1888,18.88000000000009,1.0,0.0,0.33007075560415594,0.00017510078230762284,-0.022766680431838132,0.39480271837389885,-0.04684982848786675,2.1938295364379883,0.022667553275823593,0
mujoco,flat_forward,1,1,1889,18.890000000000104,1.0,0.0,0.33010070110178746,0.0002086243976445572,-0.02275081488409981,0.39429331274120355,-0.057568487470748185,2.1845574378967285,0.019161345437169075,0
mujoco,flat_forward,1,1,1890,18.900000000000116,1.0,0.0,0.33013432781515367,0.0002400106140061563,-0.022746437621747335,0.3947329034639157,-0.049824862804865866,2.1936843395233154,0.022397657856345177,0
mujoco,flat_forward,1,1,1891,18.910000000000128,1.0,0.0,0.3301607169754506,0.00026548728696907645,-0.022766178287780863,0.3938290745771007,-0.05540370318736016,2.1825385093688965,0.023436570540070534,0
mujoco,flat_forward,1,1,1892,18.92000000000014,1.0,0.0,0.3301892170285342,0.00030079177611645844,-0.022795143485116468,0.39432825838813196,-0.050220045266909284,2.193920612335205,0.026071256026625633,0
mujoco,flat_forward,1,1,1893,18.930000000000152,1.0,0.0,0.33021196237341394,0.0003300185337317402,-0.022809435656768726,0.39330046797550355,-0.054069288667982364,2.1827871799468994,0.026482582092285156,0
mujoco,flat_forward,1,1,1894,18.940000000000165,1.0,0.0,0.3302377419402275,0.00036361936942069193,-0.02286885899532957,0.3940434362177264,-0.05118760160399853,2.1955504417419434,0.029362257570028305,0
mujoco,flat_forward,1,1,1895,18.950000000000177,1.0,0.0,0.33025869663502,0.0003915735584055878,-0.02288377652950108,0.39288662077247183,-0.053238637634856506,2.1823389530181885,0.031427789479494095,0
mujoco,flat_forward,1,1,1896,18.96000000000019,1.0,0.0,0.33028166292623007,0.00041878092327936236,-0.022984237270614577,0.3938337409705363,-0.052906460539829475,2.195255994796753,0.03193569928407669,0
mujoco,flat_forward,1,1,1897,18.9700000000002,1.0,0.0,0.33029755531743954,0.0004494206212881497,-0.0230366433736341,0.39260329368072916,-0.05047949161989143,2.1804118156433105,0.03626583144068718,0
mujoco,flat_forward,1,1,1898,18.980000000000214,1.0,0.0,0.33031164183880335,0.00047517201488559894,-0.023173474889828044,0.39361541727650984,-0.053119312976743716,2.1927926540374756,0.03265651315450668,0
mujoco,flat_forward,1,1,1899,18.990000000000226,1.0,0.0,0.3303154552223307,0.0004986399422686473,-0.023247347675193913,0.39262147527241703,-0.05329448121405428,2.178710699081421,0.03806878253817558,0
mujoco,flat_forward,1,1,1900,19.000000000000238,1.0,0.0,0.330315194627896,0.0005137413617401143,-0.02339186226876241,0.3936052916354099,-0.05458543078291182,2.190561056137085,0.033018674701452255,0
mujoco,flat_forward,1,1,1901,19.01000000000025,1.0,0.0,0.33030885736999605,0.0005378908028902379,-0.023402285842319667,0.3924201587150742,-0.053561911521132904,2.1787822246551514,0.033458758145570755,0
mujoco,flat_forward,1,1,1902,19.020000000000262,1.0,0.0,0.33030106948157373,0.0005533834947950464,-0.02351018825016172,0.3933235053284075,-0.05235559649765528,2.1913182735443115,0.03176863119006157,0
mujoco,flat_forward,1,1,1903,19.030000000000275,1.0,0.0,0.3302912067968657,0.0005838142699069061,-0.023479485982337383,0.39209220033792547,-0.05214371709828266,2.1812117099761963,0.030332200229167938,0
mujoco,flat_forward,1,1,1904,19.040000000000287,1.0,0.0,0.33028156222661775,0.0006024727972720197,-0.023564972485679764,0.3929322327807133,-0.04920978895925597,2.1925835609436035,0.02820505201816559,0
mujoco,flat_forward,1,1,1905,19.0500000000003,1.0,0.0,0.33027200917232674,0.0006392460235854855,-0.023522867675871542,0.39177267608274197,-0.05108364179972953,2.1835172176361084,0.027154898270964622,0
mujoco,flat_forward,1,1,1906,19.06000000000031,1.0,0.0,0.3302628144321783,0.0006603990064606349,-0.023595810825364848,0.3925260387881544,-0.046652453213023214,2.1932573318481445,0.023561593145132065,0
mujoco,flat_forward,1,1,1907,19.070000000000324,1.0,0.0,0.3302543437592322,0.0007029185123487239,-0.023557992607216537,0.3915163219534743,-0.050915733729546025,2.1858088970184326,0.023012930527329445,0
mujoco,flat_forward,1,1,1908,19.080000000000336,1.0,0.0,0.3302455310700733,0.0007246075479703071,-0.02362046843085067,0.39216665732851297,-0.04475792566703392,2.1934878826141357,0.018876036629080772,0
mujoco,flat_forward,1,1,1909,19.090000000000348,1.0,0.0,0.3302371371650746,0.0007727143759542774,-0.023595074546628656,0.391350534701595,-0.05102538489170205,2.187896251678467,0.018247412517666817,0
mujoco,flat_forward,1,1,1910,19.10000000000036,1.0,0.0,0.33022757278535053,0.0007938746331933708,-0.02364273745389058,0.39185794673474195,-0.04321312168100084,2.19319224357605,0.014983467757701874,0
mujoco,flat_forward,1,1,1911,19.110000000000372,1.0,0.0,0.3302178761172057,0.0008421833283417713,-0.02363306590602713,0.3912232333796831,-0.05175538439855787,2.189182758331299,0.014633189886808395,0
mujoco,flat_forward,1,1,1912,19.120000000000385,1.0,0.0,0.3302063306330435,0.0008606794144488747,-0.023667951665306518,0.39157158970782385,-0.04225471019558586,2.192197561264038,0.012911112047731876,0
mujoco,flat_forward,1,1,1913,19.130000000000397,1.0,0.0,0.33019387340878426,0.0009047592058331596,-0.02367400341468494,0.39109531589189506,-0.05301761569089105,2.189347982406616,0.012842823751270771,0
mujoco,flat_forward,1,1,1914,19.14000000000041,1.0,0.0,0.3301789841124118,0.0009189796407400074,-0.023696744832110796,0.3912906472858151,-0.04181694035490515,2.190704107284546,0.013607379049062729,0
mujoco,flat_forward,1,1,1915,19.15000000000042,1.0,0.0,0.3301620776901071,0.0009551185190164059,-0.023705300323696304,0.3909730920652403,-0.0549187173452921,2.188595771789551,0.012964317575097084,0
mujoco,flat_forward,1,1,1916,19.160000000000434,1.0,0.0,0.33014225092468763,0.0009651140266191933,-0.023712254414446507,0.3910338359192077,-0.04186854379770282,2.189058303833008,0.015671079978346825,0
mujoco,flat_forward,1,1,1917,19.170000000000446,1.0,0.0,0.33011939416999353,0.000994333705846338,-0.023725830041396116,0.3908355566163283,-0.056914640510583474,2.187235116958618,0.014325255528092384,0
mujoco,flat_forward,1,1,1918,19.180000000000458,1.0,0.0,0.33009380147469103,0.0010016755897630492,-0.02372609817843333,0.39075893901681724,-0.04236042860172814,2.1869077682495117,0.018186263740062714,0
mujoco,flat_forward,1,1,1919,19.19000000000047,1.0,0.0,0.33006430658077546,0.0010255922175378578,-0.02374850808151234,0.3905015348656349,-0.05711162547476272,2.1850080490112305,0.01614050194621086,0
mujoco,flat_forward,1,1,1920,19.200000000000482,1.0,0.0,0.3300364977427663,0.0010389869561353547,-0.023701506366181874,0.3901921627309002,-0.04230550807652646,2.185945987701416,0.015836212784051895,0
mujoco,flat_forward,1,1,1921,19.210000000000495,1.0,0.0,0.33000570445103566,0.0010623489928930814,-0.023701219947354513,0.38993369904065356,-0.05534402458876879,2.184662342071533,0.014179414138197899,0
mujoco,flat_forward,1,1,1922,19.220000000000507,1.0,0.0,0.3299794500153672,0.0010806421113740074,-0.0236215523497811,0.3895948821191577,-0.04155226474812188,2.187264919281006,0.013822687789797783,0
mujoco,flat_forward,1,1,1923,19.23000000000052,1.0,0.0,0.32995089557216445,0.001103966982804761,-0.02361011743922867,0.38931572697867634,-0.05293534589293283,2.1852729320526123,0.012379460968077183,0
mujoco,flat_forward,1,1,1924,19.24000000000053,1.0,0.0,0.3299290045489015,0.0011254144170916376,-0.023517619096541605,0.3890377062532478,-0.04123788439377845,2.1888766288757324,0.012066681869328022,0
mujoco,flat_forward,1,1,1925,19.250000000000544,1.0,0.0,0.329903275944602,0.00115634955805694,-0.023539075264494433,0.38876540903576495,-0.047330223400464805,2.1857352256774902,0.011192107573151588,0
mujoco,flat_forward,1,1,1926,19.260000000000556,1.0,0.0,0.3298838124720471,0.001185399727706209,-0.023451563610107577,0.388515617174009,-0.03939756142324882,2.1892306804656982,0.009292098693549633,0
mujoco,flat_forward,1,1,1927,19.270000000000568,1.0,0.0,0.32986025724192286,0.001214087659839578,-0.0234620381110492,0.3882071203305328,-0.04531490954461247,2.1866509914398193,0.008926646783947945,0
mujoco,flat_forward,1,1,1928,19.28000000000058,1.0,0.0,0.3298450332415624,0.0012413113989947358,-0.023368148226194464,0.38816668095481827,-0.04021262951322997,2.1917057037353516,0.011203373782336712,0
mujoco,flat_forward,1,1,1929,19.290000000000592,1.0,0.0,0.3298268321268566,0.0012635293776642623,-0.023369254730128554,0.38777749947061696,-0.04469718312464266,2.1876559257507324,0.011095687747001648,0
mujoco,flat_forward,1,1,1930,19.300000000000605,1.0,0.0,0.3298179619353375,0.0012867463881268274,-0.02327971231241399,0.3879158166162758,-0.04189931452548373,2.19311785697937,0.013479035347700119,0
mujoco,flat_forward,1,1,1931,19.310000000000617,1.0,0.0,0.3298062605035967,0.0013051379543840662,-0.02327485474796915,0.3873632262592109,-0.044429865084604094,2.187268018722534,0.014545784331858158,0
mujoco,flat_forward,1,1,1932,19.32000000000063,1.0,0.0,0.3298037829266479,0.00132380464359033,-0.023201765983689122,0.387675447662743,-0.044000067742324685,2.1933069229125977,0.016822097823023796,0
mujoco,flat_forward,1,1,1933,19.33000000000064,1.0,0.0,0.3297965355293876,0.0013378715303795342,-0.02322205011065637,0.38721805274512316,-0.04823950403877298,2.185453176498413,0.01894589141011238,0
mujoco,flat_forward,1,1,1934,19.340000000000654,1.0,0.0,0.3297949620569095,0.0013518389521941239,-0.02317694924696738,0.38765783214537924,-0.048564673654030256,2.1908788681030273,0.017920034006237984,0
mujoco,flat_forward,1,1,1935,19.350000000000666,1.0,0.0,0.3297872421756486,0.0013647822886224592,-0.023176522422948882,0.38690899056527617,-0.04940774587407694,2.182648181915283,0.019985564053058624,0
mujoco,flat_forward,1,1,1936,19.360000000000678,1.0,0.0,0.3297854096478255,0.0013777556174645407,-0.0231362094473717,0.3874171432654496,-0.05118610877842561,2.1900386810302734,0.02263784222304821,0
mujoco,flat_forward,1,1,1937,19.37000000000069,1.0,0.0,0.3297774856802807,0.0013952660143117343,-0.023133686552667163,0.38645090430156154,-0.04657143097657613,2.1801671981811523,0.024569237604737282,0
mujoco,flat_forward,1,1,1938,19.380000000000702,1.0,0.0,0.3297734982703965,0.0014094611949992905,-0.023104428370687925,0.3869709035171474,-0.05152508342308652,2.188021183013916,0.025019168853759766,0
mujoco,flat_forward,1,1,1939,19.390000000000715,1.0,0.0,0.32976407190422774,0.0014286995747840956,-0.023084339998695035,0.38586166027188185,-0.046603271145176386,2.1786890029907227,0.02617637626826763,0
mujoco,flat_forward,1,1,1940,19.400000000000727,1.0,0.0,0.32975935958816,0.0014407977969608766,-0.023053524007679873,0.3863782843578298,-0.052226995704900574,2.1873435974121094,0.027339784428477287,0
mujoco,flat_forward,1,1,1941,19.41000000000074,1.0,0.0,0.32975484454362297,0.0014723384861318038,-0.0229886136939094,0.3851519979410612,-0.04747376912492561,2.179089307785034,0.023634620010852814,0
mujoco,flat_forward,1,1,1942,19.42000000000075,1.0,0.0,0.3297564350538183,0.0014899902915734694,-0.02294350376663412,0.38587439220804104,-0.05490354551339916,2.187903881072998,0.025687631219625473,0
mujoco,flat_forward,1,1,1943,19.430000000000764,1.0,0.0,0.32975538248109554,0.0015195740552975863,-0.022919370240710907,0.38488854826479557,-0.04676767182757334,2.1790223121643066,0.02504945732653141,0
mujoco,flat_forward,1,1,1944,19.440000000000776,1.0,0.0,0.32975648619065767,0.0015355047105835868,-0.02287853513965604,0.3853736172135161,-0.05229569639254858,2.1855990886688232,0.02403348498046398,0
mujoco,flat_forward,1,1,1945,19.450000000000788,1.0,0.0,0.329757530710614,0.0015766772016761945,-0.0228196263670156,0.3843998376722911,-0.046219036476325,2.181349515914917,0.01644028164446354,0
mujoco,flat_forward,1,1,1946,19.4600000000008,1.0,0.0,0.32976382824253925,0.0015915384474313335,-0.02275646935163086,0.38472675526093114,-0.050607770627375724,2.1872575283050537,0.019140101969242096,0
mujoco,flat_forward,1,1,1947,19.470000000000812,1.0,0.0,0.3297743242758629,0.0016391645260352473,-0.022686270447007394,0.38386288857091216,-0.04670297064878323,2.1853766441345215,0.011379769071936607,0
mujoco,flat_forward,1,1,1948,19.480000000000825,1.0,0.0,0.3297922674596427,0.0016535398589149397,-0.02262477156977633,0.38408093734464877,-0.04957214816313265,2.1889755725860596,0.013676842674612999,0
mujoco,flat_forward,1,1,1949,19.490000000000837,1.0,0.0,0.3298156502260832,0.0017085788837997594,-0.022594874082747563,0.3833934075061135,-0.0438184683026541,2.1877269744873047,0.008298485539853573,0
mujoco,flat_forward,1,1,1950,19.50000000000085,1.0,0.0,0.329843023063492,0.0017283731203655342,-0.02258159252577643,0.3836157251683871,-0.05031209966333122,2.187296152114868,0.007462992332875729,0
mujoco,flat_forward,1,1,1951,19.51000000000086,1.0,0.0,0.3298714951586764,0.0017596334296846564,-0.022573598329639146,0.3830960462173858,-0.047298219751046075,2.187113046646118,0.006345618981868029,0
mujoco,flat_forward,1,1,1952,19.520000000000874,1.0,0.0,0.3299021661114173,0.0017578152041479095,-0.022563277427706554,0.3832437112078308,-0.05144585026040873,2.1877963542938232,0.006189415231347084,0
mujoco,flat_forward,1,1,1953,19.530000000000886,1.0,0.0,0.3299357383524746,0.001785610275129876,-0.022570006839260116,0.3828498370461986,-0.046224360235970686,2.1886069774627686,0.006675722077488899,0
mujoco,flat_forward,1,1,1954,19.540000000000898,1.0,0.0,0.3299698473270243,0.0017884253019295267,-0.022554592608300936,0.3826984002276813,-0.04948905838086693,2.187055826187134,0.006145237945020199,0
mujoco,flat_forward,1,1,1955,19.55000000000091,1.0,0.0,0.33000721757671225,0.0018087595832386267,-0.022557808833037693,0.3824067409461555,-0.04773772124683837,2.1909971237182617,0.011307580396533012,0
mujoco,flat_forward,1,1,1956,19.560000000000922,1.0,0.0,0.330045467738563,0.0017961096134015437,-0.022552744908165553,0.3824950171662774,-0.05375465420898202,2.1883134841918945,0.008069845847785473,0
mujoco,flat_forward,1,1,1957,19.570000000000935,1.0,0.0,0.3300847425543479,0.0017984680834421643,-0.022590336153551913,0.38248364186491546,-0.049489634610749345,2.190798759460449,0.01092257909476757,0
mujoco,flat_forward,1,1,1958,19.580000000000947,1.0,0.0,0.330120690277411,0.001783326240318375,-0.02258003445936004,0.38218579433044414,-0.05271962407566339,2.185422420501709,0.011342170648276806,0
mujoco,flat_forward,1,1,1959,19.59000000000096,1.0,0.0,0.3301573476634923,0.0017855917010414968,-0.02261125137341972,0.38231020913935926,-0.05168760232609741,2.192098379135132,0.017563283443450928,0
mujoco,flat_forward,1,1,1960,19.60000000000097,1.0,0.0,0.3301931095737723,0.001766473889608303,-0.02256827014892391,0.3818648666266118,-0.053341019263631696,2.1859147548675537,0.015430896542966366,0
mujoco,flat_forward,1,1,1961,19.610000000000984,1.0,0.0,0.3302306931064196,0.0017637913245017406,-0.022628379717682997,0.3823192202356745,-0.051115367188426804,2.1941118240356445,0.021799616515636444,0
mujoco,flat_forward,1,1,1962,19.620000000000996,1.0,0.0,0.3302656111970434,0.0017504726295654292,-0.02258024748797433,0.3814749558233326,-0.05204008316212585,2.182800054550171,0.024098895490169525,0
mujoco,flat_forward,1,1,1963,19.630000000001008,1.0,0.0,0.33030026494581594,0.0017481937499773358,-0.022663857584637626,0.3821561455979606,-0.05394778028064974,2.1949479579925537,0.029365766793489456,0
mujoco,flat_forward,1,1,1964,19.64000000000102,1.0,0.0,0.33033355181677165,0.0017331141024922126,-0.022586335861830457,0.3812817684411759,-0.05469267871839374,2.1820783615112305,0.02957913465797901,0
mujoco,flat_forward,1,1,1965,19.650000000001032,1.0,0.0,0.33036602414346267,0.001722473285948148,-0.022693975840767308,0.3820788192613514,-0.053264776445142124,2.19488525390625,0.03271496295928955,0
mujoco,flat_forward,1,1,1966,19.660000000001045,1.0,0.0,0.3303973192993386,0.001717958649552677,-0.022604996254656444,0.38081351575238015,-0.054325969669274984,2.1797990798950195,0.032383956015110016,0
mujoco,flat_forward,1,1,1967,19.670000000001057,1.0,0.0,0.3304266765226956,0.0017129764153887468,-0.02269266463432187,0.3816334954231866,-0.052545387466395206,2.195600748062134,0.03592643141746521,0
mujoco,flat_forward,1,1,1968,19.68000000000107,1.0,0.0,0.3304580123891564,0.001711139196783124,-0.022573821254783154,0.3804565160034525,-0.05538184377109719,2.1836366653442383,0.028966445475816727,0
mujoco,flat_forward,1,1,1969,19.69000000000108,1.0,0.0,0.3304887926403655,0.0016996189770363528,-0.022671141093149504,0.38161087730126686,-0.05342043358291554,2.198086738586426,0.032740652561187744,0
mujoco,flat_forward,1,1,1970,19.700000000001094,1.0,0.0,0.33051486047398526,0.001696599586581623,-0.022631064297941914,0.38040023578949267,-0.0557212582702474,2.1833949089050293,0.03381483629345894,0
mujoco,flat_forward,1,1,1971,19.710000000001106,1.0,0.0,0.3305358220515101,0.0016793608600568636,-0.022754168693026114,0.38137338960009365,-0.051037798030041465,2.197995662689209,0.03293242305517197,0
mujoco,flat_forward,1,1,1972,19.720000000001118,1.0,0.0,0.33055454735614104,0.0016738915792501687,-0.02271473154190731,0.3802484653031954,-0.0550455365315022,2.1870193481445312,0.028652282431721687,0
mujoco,flat_forward,1,1,1973,19.73000000000113,1.0,0.0,0.3305704493010847,0.0016399439220400863,-0.022838806263363674,0.3810671864534316,-0.048176635701403674,2.199754238128662,0.027669060975313187,0
mujoco,flat_forward,1,1,1974,19.740000000001142,1.0,0.0,0.33058665744007976,0.0016250831856774836,-0.022815431289394197,0.3801107075635405,-0.05389562488749173,2.1912741661071777,0.024314772337675095,0
mujoco,flat_forward,1,1,1975,19.750000000001155,1.0,0.0,0.33060079075079757,0.001573929692937744,-0.022949655571387374,0.3807778522822861,-0.045351770442482064,2.2008931636810303,0.022365324199199677,0
mujoco,flat_forward,1,1,1976,19.760000000001167,1.0,0.0,0.33061572469241624,0.0015507333545542114,-0.02295801914305518,0.3800258583363008,-0.05349832327237138,2.1941404342651367,0.021182438358664513,0
mujoco,flat_forward,1,1,1977,19.77000000000118,1.0,0.0,0.3306275217155695,0.001486662165610272,-0.023099181772297868,0.3805549472777387,-0.04341702545655325,2.2007415294647217,0.017755817621946335,0
mujoco,flat_forward,1,1,1978,19.78000000000119,1.0,0.0,0.3306386613974619,0.0014583814939587172,-0.023139878091491838,0.3799995980151791,-0.05356841679520816,2.195629596710205,0.018340960144996643,0
mujoco,flat_forward,1,1,1979,19.790000000001204,1.0,0.0,0.3306450048205037,0.0013840407313242264,-0.023272216994012034,0.3804236225302593,-0.04190241307746459,2.2003533840179443,0.015865067020058632,0
mujoco,flat_forward,1,1,1980,19.800000000001216,1.0,0.0,0.33064857694662003,0.0013504370465836273,-0.023341505427299295,0.3801141204074297,-0.05395429380781413,2.1971588134765625,0.016201088204979897,0
mujoco,flat_forward,1,1,1981,19.810000000001228,1.0,0.0,0.33064801625447904,0.0012854539211078942,-0.02341832363463946,0.3801276438005411,-0.0371853281302812,2.200002670288086,0.016086874529719353,0
mujoco,flat_forward,1,1,1982,19.82000000000124,1.0,0.0,0.3306451715021498,0.0012597607199180193,-0.02347531795315095,0.38006103490070187,-0.05279327127536747,2.199605703353882,0.016353454440832138,0
mujoco,flat_forward,1,1,1983,19.830000000001252,1.0,0.0,0.3306377476866568,0.001190194604862257,-0.023542017917294582,0.38003637869953133,-0.03823692957052601,2.20013165473938,0.01961894892156124,0
mujoco,flat_forward,1,1,1984,19.840000000001265,1.0,0.0,0.3306299754612905,0.0011378325173376986,-0.02358919913547596,0.38026432109046077,-0.05540588938937135,2.2006893157958984,0.013725342229008675,0
mujoco,flat_forward,1,1,1985,19.850000000001277,1.0,0.0,0.3306222753103027,0.0010740215566417471,-0.02363157112240675,0.3802512690980843,-0.04015500710920025,2.199913740158081,0.016340913251042366,0
mujoco,flat_forward,1,1,1986,19.86000000000129,1.0,0.0,0.33061267172030134,0.0010210136459185809,-0.023666945824246697,0.3803265732166139,-0.05475192730372969,2.198090076446533,0.01350750308483839,0
mujoco,flat_forward,1,1,1987,19.8700000000013,1.0,0.0,0.33060292537075797,0.0009693835826488334,-0.02369095226592396,0.3802668407611657,-0.040303714316077995,2.2001421451568604,0.012914477847516537,0
mujoco,flat_forward,1,1,1988,19.880000000001314,1.0,0.0,0.3305898112987212,0.0009146454104753338,-0.023714248221935,0.3802097323275201,-0.053245751415790285,2.196779251098633,0.012554425746202469,0
mujoco,flat_forward,1,1,1989,19.890000000001326,1.0,0.0,0.3305773194866876,0.0008695190246634451,-0.02371459669365207,0.3801439632001206,-0.04076847922179025,2.2009453773498535,0.01193784736096859,0
mujoco,flat_forward,1,1,1990,19.900000000001338,1.0,0.0,0.33056068696220176,0.000809245326462339,-0.023721385572162745,0.38001340851149007,-0.0524089326866872,2.1966512203216553,0.011922884732484818,0
mujoco,flat_forward,1,1,1991,19.91000000000135,1.0,0.0,0.33054577867500856,0.0007634678386142709,-0.023709082395228627,0.37997538120004054,-0.042064636886055336,2.201801061630249,0.011848694644868374,0
mujoco,flat_forward,1,1,1992,19.920000000001362,1.0,0.0,0.3305273631036768,0.0007080748590693478,-0.023672268252887034,0.37949158321108817,-0.04809079435487315,2.196406841278076,0.013318692333996296,0
mujoco,flat_forward,1,1,1993,19.930000000001375,1.0,0.0,0.33051429187786635,0.000677784294952997,-0.0236428412045625,0.37958629876787814,-0.04105443037046772,2.204528331756592,0.016414906829595566,0
mujoco,flat_forward,1,1,1994,19.940000000001387,1.0,0.0,0.3304988708694688,0.0006231544099086676,-0.023595955135650583,0.37901395602575555,-0.04679026071888433,2.1959359645843506,0.020193859934806824,0
mujoco,flat_forward,1,1,1995,19.9500000000014,1.0,0.0,0.3304873785326372,0.000588503686929352,-0.023580893090953802,0.37933611006284246,-0.04639213100790779,2.2048161029815674,0.02041005715727806,0
mujoco,flat_forward,1,1,1996,19.96000000000141,1.0,0.0,0.33047582462355163,0.0004935912721197646,-0.02350834090737129,0.37888325641290177,-0.050632378515768295,2.1965842247009277,0.02150115557014942,0
mujoco,flat_forward,1,1,1997,19.970000000001424,1.0,0.0,0.33046789606412696,0.0004279973765226952,-0.023527237789467585,0.37942631280738676,-0.05055698442818739,2.203927755355835,0.022071709856390953,0
mujoco,flat_forward,1,1,1998,19.980000000001436,1.0,0.0,0.3304578742632844,0.00033502428108778413,-0.023452566138976772,0.37881123424524044,-0.052153354577531785,2.192425012588501,0.02773045375943184,0
mujoco,flat_forward,1,1,1999,19.990000000001448,1.0,0.0,0.330447526339854,0.0002720439591276187,-0.02351355400422373,0.37944122378881295,-0.053746676694735575,2.20080304145813,0.02666538581252098,0
mujoco,flat_forward,1,1,2000,20.00000000000146,1.0,0.0,0.33043332548473375,0.00018742191544303315,-0.023421369053640506,0.37861847020909833,-0.05372050677831728,2.187814712524414,0.03234691545367241,0
