engine,scenario_id,repeat_id,seed,step,time_s,cmd_vx,cmd_yaw,base_z,base_roll,base_pitch,base_lin_vx,base_ang_yaw,action_l2,action_delta_l2,fallen_flag
mujoco,slope_forward,1,1,1,0.010000000000000002,1.0,0.0,0.4995167221821693,0.0003110123909224357,0.0027843159379297953,-0.007295795890549383,-0.12197189440466875,1.0941307544708252,0.0,0
mujoco,slope_forward,1,1,2,0.02000000000000001,1.0,0.0,0.49818042670342116,0.0005786582202209809,0.004676625332829508,-0.0010039917751844213,-0.08765169387339267,1.0989881753921509,0.3585314452648163,0
mujoco,slope_forward,1,1,3,0.03000000000000002,1.0,0.0,0.49600311772157035,0.0005038322542635492,0.007462080745839872,-0.006244728125498571,-0.07400276356566672,1.0641260147094727,0.22130781412124634,0
mujoco,slope_forward,1,1,4,0.04000000000000003,1.0,0.0,0.4928875130481587,0.0004944592164073378,0.009089522200063562,-0.002424665687428322,-0.06347306550924972,0.8679240942001343,0.23584604263305664,0
mujoco,slope_forward,1,1,5,0.05000000000000004,1.0,0.0,0.4888068897077379,0.00024879011137737416,0.011134802093686802,-0.006399156771104658,-0.05479097443523676,0.7365401983261108,0.21016070246696472,0
mujoco,slope_forward,1,1,6,0.060000000000000046,1.0,0.0,0.48370242222031207,9.676169022380989e-05,0.012425476507124878,-0.004940156642414911,-0.051238923305849185,0.6482086181640625,0.12559150159358978,0
mujoco,slope_forward,1,1,7,0.07000000000000005,1.0,0.0,0.4775745924560174,-0.00019185902824114,0.013708545500971317,-0.00729010698235155,-0.04894403130593093,0.6269771456718445,0.08798239380121231,0
mujoco,slope_forward,1,1,8,0.08000000000000006,1.0,0.0,0.470419742218009,-0.00010728013379966434,0.01447615540738232,-0.006508658415232366,-0.035204798353698954,0.6452094912528992,0.10737089067697525,0
mujoco,slope_forward,1,1,9,0.09000000000000007,1.0,0.0,0.46226138894545044,-0.00011049794693811667,0.015331853274316569,-0.00827252195640187,-0.03903588330398137,0.6774731278419495,0.08974076062440872,0
mujoco,slope_forward,1,1,10,0.10000000000000007,1.0,0.0,0.4530976289410704,-0.0002005174814846432,0.015838518466249604,-0.007723396958995439,-0.03917618448982512,0.718201756477356,0.05916992202401161,0
mujoco,slope_forward,1,1,11,0.11000000000000008,1.0,0.0,0.4429470449676619,-0.00027866051467504826,0.016271898985583493,-0.008427249230246145,-0.03472334530534532,0.7383524775505066,0.0571291483938694,0
mujoco,slope_forward,1,1,12,0.12000000000000009,1.0,0.0,0.43181277833497106,-0.00042963563588986777,0.016516474827066405,-0.00847669713246825,-0.029721085696196786,0.7473136782646179,0.02973833866417408,0
mujoco,slope_forward,1,1,13,0.1300000000000001,1.0,0.0,0.41969887885553264,-0.0005409848090976484,0.016632593939448246,-0.008647419870578585,-0.020596190058050863,0.7337192296981812,0.024744806811213493,0
mujoco,slope_forward,1,1,14,0.1400000000000001,1.0,0.0,0.4066096946674984,-0.0006429347585819751,0.016711691079598186,-0.00890866458149804,-0.016747192852627234,0.7433543801307678,0.030739707872271538,0
mujoco,slope_forward,1,1,15,0.1500000000000001,1.0,0.0,0.3925450408902033,-0.0007030050194147983,0.01666164782967359,-0.008583010264544687,-0.008031033716552735,0.7410949468612671,0.022001322358846664,0
mujoco,slope_forward,1,1,16,0.16000000000000011,1.0,0.0,0.3779716866109121,0.001520968050307476,0.02361697921182573,-0.02052103765765849,0.07492271004893504,0.7582219243049622,0.025361791253089905,0
mujoco,slope_forward,1,1,17,0.17000000000000012,1.0,0.0,0.365068940124899,0.006734343784881684,0.04620118644742497,-0.033635076119273,0.1564210713402341,1.0776002407073975,0.9171010851860046,0
mujoco,slope_forward,1,1,18,0.18000000000000013,1.0,0.0,0.35512131668481567,0.010442852533645025,0.0681259210866363,-0.023039627720317996,0.06074417336684687,2.1290411949157715,1.122463583946228,0
mujoco,slope_forward,1,1,19,0.19000000000000014,1.0,0.0,0.34826724683787835,0.014313097008480597,0.08187946730299345,-0.0059424882159063355,-0.01811224605849996,2.5622050762176514,0.537972092628479,0
mujoco,slope_forward,1,1,20,0.20000000000000015,1.0,0.0,0.34403171801517834,0.0172273964690295,0.08526564146632666,0.01792792473726348,-0.16210897146750763,2.6907424926757812,0.3347318172454834,0
mujoco,slope_forward,1,1,21,0.21000000000000016,1.0,0.0,0.3418131172861729,0.020934899482585402,0.08386109581602388,0.029770417386751218,-0.1467340983205668,2.0997259616851807,0.7673031687736511,0
mujoco,slope_forward,1,1,22,0.22000000000000017,1.0,0.0,0.3408577935662186,0.024304893330147424,0.08013899852567416,0.04011410960078869,-0.20101905893278027,1.531105399131775,0.859214186668396,0
mujoco,slope_forward,1,1,23,0.23000000000000018,1.0,0.0,0.34057478370369054,0.026914506634261877,0.07626537889371592,0.0462215912983532,-0.17810080262903524,1.3787099123001099,0.5458996295928955,0
mujoco,slope_forward,1,1,24,0.24000000000000019,1.0,0.0,0.34056944094723335,0.029004430730720412,0.07235481952414298,0.052628033616306906,-0.13899947121610712,1.4179240465164185,0.2563292980194092,0
mujoco,slope_forward,1,1,25,0.25000000000000017,1.0,0.0,0.340657678438811,0.030665082425214818,0.06920386072966102,0.056546170977039206,-0.08105782448779925,1.475777506828308,0.1426950991153717,0
mujoco,slope_forward,1,1,26,0.2600000000000002,1.0,0.0,0.34075791687111895,0.03205762809712605,0.06601050155090661,0.06257096052164447,-0.04205445398462745,1.4936611652374268,0.13866889476776123,0
mujoco,slope_forward,1,1,27,0.2700000000000002,1.0,0.0,0.3408623176478997,0.033173543920652006,0.06354938104839088,0.06478490712369955,-0.013317649078099701,1.4776487350463867,0.08397198468446732,0
mujoco,slope_forward,1,1,28,0.2800000000000002,1.0,0.0,0.34095923419194213,0.034290994401751575,0.061199665231939045,0.06920413628125414,0.005299397399467215,1.4652249813079834,0.11768746376037598,0
mujoco,slope_forward,1,1,29,0.2900000000000002,1.0,0.0,0.34106098162207005,0.03554452633028072,0.05909949551718304,0.07270856603950542,0.004797403048881774,1.4470438957214355,0.08525673300027847,0
mujoco,slope_forward,1,1,30,0.3000000000000002,1.0,0.0,0.34115766737116204,0.03692988664655975,0.05727065742970988,0.07653768359067835,0.012988385546497342,1.4442483186721802,0.06626863777637482,0
mujoco,slope_forward,1,1,31,0.3100000000000002,1.0,0.0,0.34123724809294975,0.03846464259539888,0.05566794896774169,0.08041208650637181,0.023389482023310842,1.4686614274978638,0.06763067096471786,0
mujoco,slope_forward,1,1,32,0.32000000000000023,1.0,0.0,0.3412948358629016,0.039993598608900525,0.05419235476059148,0.08455148419628096,0.03555586629914561,1.4782648086547852,0.0538966991007328,0
mujoco,slope_forward,1,1,33,0.33000000000000024,1.0,0.0,0.3413320899967359,0.04147328519204407,0.05273028551487526,0.08909082520270903,0.046605242324679934,1.485520839691162,0.041502777487039566,0
mujoco,slope_forward,1,1,34,0.34000000000000025,1.0,0.0,0.34135305600054455,0.042848260292148596,0.051301252959366425,0.0927631182340648,0.03914260831153402,1.4781535863876343,0.026179371401667595,0
mujoco,slope_forward,1,1,35,0.35000000000000026,1.0,0.0,0.3413634217591467,0.04414544312080841,0.05001550968519648,0.09598921188821204,0.021198730911389702,1.4759503602981567,0.028375839814543724,0
mujoco,slope_forward,1,1,36,0.36000000000000026,1.0,0.0,0.3413706267249932,0.04537078183182852,0.048811654146052534,0.09951970588594619,0.007001595386079195,1.4736264944076538,0.015404057689011097,0
mujoco,slope_forward,1,1,37,0.3700000000000003,1.0,0.0,0.34137544233860806,0.046581924323723475,0.047586476478462196,0.10356639130207793,0.0012076286096653326,1.4723094701766968,0.01968318410217762,0
mujoco,slope_forward,1,1,38,0.3800000000000003,1.0,0.0,0.34137705822327324,0.047757896474851826,0.04643151725074684,0.10763692569122121,-0.002395130417938409,1.4695086479187012,0.010178382508456707,0
mujoco,slope_forward,1,1,39,0.3900000000000003,1.0,0.0,0.34137059349929866,0.04887944591622931,0.04525724599090898,0.11231730466886396,-0.0026863239486354428,1.4717333316802979,0.009411603212356567,0
mujoco,slope_forward,1,1,40,0.4000000000000003,1.0,0.0,0.34135292895815117,0.04992898362729856,0.04417777036761769,0.11572181952987887,0.005915719760492816,1.4702763557434082,0.0096942950040102,0
mujoco,slope_forward,1,1,41,0.4100000000000003,1.0,0.0,0.3413283086318969,0.050990929191807435,0.043213396643004685,0.11942874220936447,0.018899265227036124,1.4766356945037842,0.013313029892742634,0
mujoco,slope_forward,1,1,42,0.4200000000000003,1.0,0.0,0.3413023228611368,0.052048242112915505,0.04228451591943658,0.12344078445106482,0.027479378264743018,1.4804502725601196,0.009398157708346844,0
mujoco,slope_forward,1,1,43,0.4300000000000003,1.0,0.0,0.3412739803926559,0.05307051487185984,0.04138264692919974,0.12704248340220683,0.02567968260375708,1.4875154495239258,0.013561228290200233,0
mujoco,slope_forward,1,1,44,0.44000000000000034,1.0,0.0,0.34124421351898176,0.05400771831692602,0.04065398726701058,0.12993565520944433,0.011512894982400487,1.4958384037017822,0.016885092481970787,0
mujoco,slope_forward,1,1,45,0.45000000000000034,1.0,0.0,0.3412167315456878,0.05485484394016899,0.03992604636742494,0.13352496057140797,0.004348667932510122,1.5080097913742065,0.022012852132320404,0
mujoco,slope_forward,1,1,46,0.46000000000000035,1.0,0.0,0.34119314813878476,0.055636493960349594,0.03918733104830949,0.13735389548472732,0.0012270262547386009,1.51397705078125,0.012122578918933868,0
mujoco,slope_forward,1,1,47,0.47000000000000036,1.0,0.0,0.34116893693807965,0.056355343440084193,0.03839384010323009,0.14173723509723934,-0.00012314951999853877,1.5188292264938354,0.008078960701823235,0
mujoco,slope_forward,1,1,48,0.48000000000000037,1.0,0.0,0.3411400656771872,0.0570215731074286,0.0376668078728108,0.14478839414643477,0.01048939070115533,1.5213361978530884,0.008803862147033215,0
mujoco,slope_forward,1,1,49,0.4900000000000004,1.0,0.0,0.34111125231335726,0.057736116293713495,0.037000911923218645,0.14844022814560157,0.02385437369994226,1.5297058820724487,0.01603289134800434,0
mujoco,slope_forward,1,1,50,0.5000000000000003,1.0,0.0,0.3410865282413772,0.058457802849466445,0.03631255545883605,0.15250070136091215,0.0321296946726502,1.531708002090454,0.00914862658828497,0
mujoco,slope_forward,1,1,51,0.5100000000000003,1.0,0.0,0.3410611280652997,0.05914637632814186,0.035713865409637384,0.15517600154779562,0.01889467327320114,1.5359915494918823,0.010473199188709259,0
mujoco,slope_forward,1,1,52,0.5200000000000004,1.0,0.0,0.3410366208066528,0.05969995579634148,0.035162793590441714,0.15845908530866087,0.007215154041150728,1.5466290712356567,0.022502146661281586,0
mujoco,slope_forward,1,1,53,0.5300000000000004,1.0,0.0,0.34101566142821,0.06015552968385145,0.03456030666295519,0.16227289832237915,0.0024115000044837385,1.5549066066741943,0.01579444482922554,0
mujoco,slope_forward,1,1,54,0.5400000000000004,1.0,0.0,0.3409933738747743,0.060543769516052386,0.03390572832997146,0.1661142369049767,0.0030767986612463454,1.5571950674057007,0.007917314767837524,0
mujoco,slope_forward,1,1,55,0.5500000000000004,1.0,0.0,0.34097064742625866,0.06095434789753376,0.03338069043540473,0.16904243723057874,0.020577175856914546,1.5616806745529175,0.008026352152228355,0
mujoco,slope_forward,1,1,56,0.5600000000000004,1.0,0.0,0.34095257050604966,0.06140722220951014,0.032857175915802256,0.17281873371569584,0.0324697387078078,1.567176103591919,0.016928819939494133,0
mujoco,slope_forward,1,1,57,0.5700000000000004,1.0,0.0,0.3409382120925976,0.06185508865492014,0.032315954765083976,0.17599880525693165,0.02956446422466501,1.568994402885437,0.00934717245399952,0
mujoco,slope_forward,1,1,58,0.5800000000000004,1.0,0.0,0.340926616736954,0.062185048146650025,0.031902872389112616,0.17890342612001994,0.013513317662949317,1.5742112398147583,0.012508987449109554,0
mujoco,slope_forward,1,1,59,0.5900000000000004,1.0,0.0,0.34091919968956247,0.06240003707887482,0.031436978964631046,0.1825939197924961,0.00487987855529286,1.5850602388381958,0.019081085920333862,0
mujoco,slope_forward,1,1,60,0.6000000000000004,1.0,0.0,0.34091219693119085,0.06255092162762003,0.030900066365851325,0.1861268864233598,0.00542384271785623,1.587453007698059,0.009177559055387974,0
mujoco,slope_forward,1,1,61,0.6100000000000004,1.0,0.0,0.34090712275102436,0.06275246358303975,0.030464276235698015,0.18907467192806732,0.022421918596134696,1.591171145439148,0.00822022557258606,0
mujoco,slope_forward,1,1,62,0.6200000000000004,1.0,0.0,0.34090719531673214,0.06300250050283608,0.030004006755086292,0.19286988899454452,0.03492126005127737,1.593640923500061,0.01459802407771349,0
mujoco,slope_forward,1,1,63,0.6300000000000004,1.0,0.0,0.34090906167878504,0.0632408686436519,0.029548251620611487,0.19586047757070554,0.028313876800649684,1.594255805015564,0.01047159731388092,0
mujoco,slope_forward,1,1,64,0.6400000000000005,1.0,0.0,0.34091152513133827,0.06336473318270011,0.029196996709142505,0.1989261295368168,0.01226484441074564,1.5999308824539185,0.015736419707536697,0
mujoco,slope_forward,1,1,65,0.6500000000000005,1.0,0.0,0.3409149921009218,0.0633979457921222,0.028769784505032737,0.20279741558234138,0.004001513892703684,1.6074497699737549,0.01496786531060934,0
mujoco,slope_forward,1,1,66,0.6600000000000005,1.0,0.0,0.34091654738128296,0.06340937782965006,0.02835387875408763,0.20541571319405477,0.01674356894828977,1.6084778308868408,0.009792578406631947,0
mujoco,slope_forward,1,1,67,0.6700000000000005,1.0,0.0,0.3409217351951598,0.06346933833934944,0.027944303773778545,0.2089164454794415,0.030805429952323875,1.6139090061187744,0.017721839249134064,0
mujoco,slope_forward,1,1,68,0.6800000000000005,1.0,0.0,0.340931068258568,0.06354973212980723,0.027482075997828558,0.21237494983865052,0.0321687316722039,1.6131409406661987,0.011966343969106674,0
mujoco,slope_forward,1,1,69,0.6900000000000005,1.0,0.0,0.34094012404058655,0.06355920974224046,0.027160745798161773,0.21515673163037172,0.013290040576184506,1.616164207458496,0.011141062714159489,0
mujoco,slope_forward,1,1,70,0.7000000000000005,1.0,0.0,0.34094869388255816,0.06344748102821812,0.026797207167179524,0.21890420351172155,0.003682752743471206,1.623787760734558,0.018578650429844856,0
mujoco,slope_forward,1,1,71,0.7100000000000005,1.0,0.0,0.340954343471892,0.06330783050507176,0.026398938220843028,0.22168997364840645,0.014342920420077107,1.6253793239593506,0.010011241771280766,0
mujoco,slope_forward,1,1,72,0.7200000000000005,1.0,0.0,0.34096377064071787,0.06324998638055146,0.026040198432852886,0.22512041857040224,0.028904663342989873,1.6305276155471802,0.016585789620876312,0
mujoco,slope_forward,1,1,73,0.7300000000000005,1.0,0.0,0.34097665053542353,0.06323454438317641,0.02563567133153782,0.2284195282383174,0.027286561057539065,1.6304893493652344,0.011485538445413113,0
mujoco,slope_forward,1,1,74,0.7400000000000005,1.0,0.0,0.34098887351270535,0.06315166470505343,0.02534272164090144,0.23135292263624638,0.009723461991202527,1.633476972579956,0.012448426336050034,0
mujoco,slope_forward,1,1,75,0.7500000000000006,1.0,0.0,0.3409994774168339,0.06295895865678136,0.024983817678238027,0.23482437075583834,0.00484395135903228,1.6398473978042603,0.01718784309923649,0
mujoco,slope_forward,1,1,76,0.7600000000000006,1.0,0.0,0.34101299192223844,0.06277707782278479,0.024708635472526143,0.2375186699714581,0.02140512492952097,1.6416161060333252,0.008350523188710213,0
mujoco,slope_forward,1,1,77,0.7700000000000006,1.0,0.0,0.34103245899518714,0.06266645171497374,0.024361784569051585,0.2413819277050414,0.03467567658951435,1.6467816829681396,0.02006996050477028,0
mujoco,slope_forward,1,1,78,0.7800000000000006,1.0,0.0,0.34105123190321324,0.06256990007504876,0.024065494687901617,0.2438187776866167,0.016991848780465925,1.6438153982162476,0.012842352502048016,0
mujoco,slope_forward,1,1,79,0.7900000000000006,1.0,0.0,0.34106751445912925,0.06233980532411682,0.023758190838635024,0.24735025440827915,0.00598891828595625,1.6513755321502686,0.021880902349948883,0
mujoco,slope_forward,1,1,80,0.8000000000000006,1.0,0.0,0.34108060303270976,0.06203319482147644,0.02338086525154231,0.2501850068731386,0.014794540391709748,1.6533278226852417,0.011480330489575863,0
mujoco,slope_forward,1,1,81,0.8100000000000006,1.0,0.0,0.3410970106499991,0.061841662303098434,0.02306489530901255,0.25353900319063183,0.03033641829419484,1.6554712057113647,0.0163715947419405,0
mujoco,slope_forward,1,1,82,0.8200000000000006,1.0,0.0,0.3411143095258913,0.061697732496566,0.022746450229638407,0.25641412943037734,0.02224835866704989,1.654952049255371,0.01694520376622677,0
mujoco,slope_forward,1,1,83,0.8300000000000006,1.0,0.0,0.34112923591881644,0.0614149531083987,0.02245468457896269,0.2596980083451864,0.008676269688344618,1.6602684259414673,0.014187253080308437,0
mujoco,slope_forward,1,1,84,0.8400000000000006,1.0,0.0,0.3411405111136933,0.06102449701594486,0.022070781664529075,0.2627631995074265,0.01155783519718062,1.6648093461990356,0.013655099086463451,0
mujoco,slope_forward,1,1,85,0.8500000000000006,1.0,0.0,0.34115462991167506,0.06074960533233921,0.02178919752432466,0.26587478937022496,0.02823780555047233,1.6658135652542114,0.011825833469629288,0
mujoco,slope_forward,1,1,86,0.8600000000000007,1.0,0.0,0.3411692363289919,0.06054365910700827,0.02147204521722936,0.2689322233371518,0.02441654880884614,1.6656615734100342,0.01965397782623768,0
mujoco,slope_forward,1,1,87,0.8700000000000007,1.0,0.0,0.3411812969474542,0.06020310959416152,0.021181827858838265,0.2721435916225681,0.009914469795806412,1.6704684495925903,0.011767384596168995,0
mujoco,slope_forward,1,1,88,0.8800000000000007,1.0,0.0,0.34118961673636367,0.05975374042780179,0.020809810350177434,0.2751683771495905,0.011875831675622063,1.6757959127426147,0.013470393605530262,0
mujoco,slope_forward,1,1,89,0.8900000000000007,1.0,0.0,0.3412006389529348,0.05942319129784279,0.020542023888197643,0.2783011491588315,0.02873419862337421,1.677592396736145,0.011120320297777653,0
mujoco,slope_forward,1,1,90,0.9000000000000007,1.0,0.0,0.3412111894727642,0.05915743859172722,0.020274648023571568,0.28101961613563986,0.02038020585965809,1.6762633323669434,0.02033144049346447,0
mujoco,slope_forward,1,1,91,0.9100000000000007,1.0,0.0,0.34121946322917496,0.0587470673464397,0.019965356175817423,0.2844549175543666,0.00806223282959195,1.682810664176941,0.01387509424239397,0
mujoco,slope_forward,1,1,92,0.9200000000000007,1.0,0.0,0.3412245478421164,0.05825586513447992,0.01961908472612735,0.28712234540811066,0.015230424087535289,1.6852651834487915,0.012559212744235992,0
mujoco,slope_forward,1,1,93,0.9300000000000007,1.0,0.0,0.34123015103640963,0.05791427319908206,0.019303410731910074,0.29054304709660916,0.0312938869421554,1.6874569654464722,0.015157223679125309,0
mujoco,slope_forward,1,1,94,0.9400000000000007,1.0,0.0,0.3412340271534311,0.05756986248787383,0.019045924935597237,0.2930239131928134,0.014951052739928413,1.6833300590515137,0.019321179017424583,0
mujoco,slope_forward,1,1,95,0.9500000000000007,1.0,0.0,0.34123419683275796,0.05708341120120257,0.018690974497801608,0.29670031217257675,0.005097393423443877,1.6931208372116089,0.01839848794043064,0
mujoco,slope_forward,1,1,96,0.9600000000000007,1.0,0.0,0.341234146220431,0.05660332856726307,0.01842847079226488,0.2989825318486801,0.019827535732183866,1.6933906078338623,0.010949850082397461,0
mujoco,slope_forward,1,1,97,0.9700000000000008,1.0,0.0,0.3412332682181888,0.056261300327755906,0.018165725983502048,0.30186064303499144,0.022214831169126918,1.6965886354446411,0.02251538820564747,0
mujoco,slope_forward,1,1,98,0.9800000000000008,1.0,0.0,0.3412329364013192,0.055851390934075866,0.017896045014191564,0.3049238074072308,0.009641294735891438,1.6989601850509644,0.014879083260893822,0
mujoco,slope_forward,1,1,99,0.9900000000000008,1.0,0.0,0.3412298836023233,0.05534540534005932,0.017540455246086235,0.3078137270646049,0.012145399214629751,1.7019938230514526,0.009683727286756039,0
mujoco,slope_forward,1,1,100,1.0000000000000007,1.0,0.0,0.3412278219376782,0.05493465758237425,0.017266566357860287,0.31073888449087317,0.025788746571517248,1.7045420408248901,0.008741781115531921,0
mujoco,slope_forward,1,1,101,1.0099999999999996,1.0,0.0,0.3412262653669917,0.054536968034211,0.01704838766161741,0.3132376976816608,0.012492061947154982,1.7023773193359375,0.017592372372746468,0
mujoco,slope_forward,1,1,102,1.0199999999999985,1.0,0.0,0.3412214942373446,0.05404761757358731,0.016678766160848218,0.3169053606018602,0.004377890627907069,1.7089736461639404,0.014001195318996906,0
mujoco,slope_forward,1,1,103,1.0299999999999974,1.0,0.0,0.34121394597796334,0.05355457571830731,0.01639687118985841,0.3191633350859884,0.020311581078186543,1.705973505973816,0.011989500373601913,0
mujoco,slope_forward,1,1,104,1.0399999999999963,1.0,0.0,0.3412034768079481,0.05315333623298376,0.016197347388975936,0.3215349460399014,0.015761175982049073,1.7104755640029907,0.021943513303995132,0
mujoco,slope_forward,1,1,105,1.0499999999999952,1.0,0.0,0.34119230215415247,0.052683784550368526,0.01588455930162792,0.3249235082180375,0.006440171625373625,1.7156989574432373,0.01711176708340645,0
mujoco,slope_forward,1,1,106,1.059999999999994,1.0,0.0,0.34117587519450937,0.05216420042560475,0.015525421172214372,0.32750949250251776,0.01632000943942595,1.7128050327301025,0.013218587264418602,0
mujoco,slope_forward,1,1,107,1.069999999999993,1.0,0.0,0.34115579220678927,0.05173588788275886,0.01526349488330554,0.32985029228061763,0.016741183981199004,1.7156908512115479,0.01474207453429699,0
mujoco,slope_forward,1,1,108,1.0799999999999919,1.0,0.0,0.34113656108750395,0.051277524194321286,0.01495184818256894,0.3329645436052804,0.0072753591399494855,1.7192813158035278,0.014679767191410065,0
mujoco,slope_forward,1,1,109,1.0899999999999908,1.0,0.0,0.3411123108734435,0.05074486826695842,0.014557327189760966,0.3357186630924806,0.012114972249514555,1.7174633741378784,0.011875951662659645,0
mujoco,slope_forward,1,1,110,1.0999999999999897,1.0,0.0,0.34108354213971176,0.05029916936178127,0.014278278345943725,0.33796784126816337,0.016372625678159065,1.7190717458724976,0.008641968481242657,0
mujoco,slope_forward,1,1,111,1.1099999999999886,1.0,0.0,0.34105581835489507,0.049840021221183785,0.013983906230118238,0.3408677612088263,0.007139135965502725,1.7233763933181763,0.015513533726334572,0
mujoco,slope_forward,1,1,112,1.1199999999999875,1.0,0.0,0.3410234772122831,0.049298725860626565,0.013584545361840134,0.3436796435381467,0.010306752906817783,1.723408818244934,0.012066109105944633,0
mujoco,slope_forward,1,1,113,1.1299999999999863,1.0,0.0,0.3409863554817753,0.04884378681763925,0.013309973543025556,0.34573211079676186,0.015321394367547977,1.7232648134231567,0.007320456672459841,0
mujoco,slope_forward,1,1,114,1.1399999999999852,1.0,0.0,0.34095116122362623,0.04837679581871822,0.013023901684119104,0.34852703402219576,0.006407801215570808,1.7287052869796753,0.017072269693017006,0
mujoco,slope_forward,1,1,115,1.1499999999999841,1.0,0.0,0.34091206864358037,0.047835971448897875,0.012624661194972518,0.3512492071204849,0.010369078574870676,1.7281376123428345,0.012932595796883106,0
mujoco,slope_forward,1,1,116,1.159999999999983,1.0,0.0,0.34086854495157143,0.04738966590373986,0.01236813390938605,0.353033452235888,0.012903407243196203,1.727630615234375,0.008047609589993954,0
mujoco,slope_forward,1,1,117,1.169999999999982,1.0,0.0,0.34082753864089455,0.046912976026618716,0.012069099945684869,0.3558338978491444,0.005178439624058049,1.7331064939498901,0.016669616103172302,0
mujoco,slope_forward,1,1,118,1.1799999999999808,1.0,0.0,0.3407817415017363,0.04636780912729778,0.011645330017856285,0.35851896794008253,0.010211041876399258,1.7310209274291992,0.01417569536715746,0
mujoco,slope_forward,1,1,119,1.1899999999999797,1.0,0.0,0.34072926844828866,0.045930456021195096,0.011385549219662953,0.3601126884555488,0.010593597879161766,1.729533314704895,0.008893469348549843,0
mujoco,slope_forward,1,1,120,1.1999999999999786,1.0,0.0,0.34067752749659125,0.04544657854119971,0.011055677707557726,0.36297318549320523,0.00401639963265375,1.735175609588623,0.0169256329536438,0
mujoco,slope_forward,1,1,121,1.2099999999999775,1.0,0.0,0.3406202852513289,0.044913262933652824,0.010671547219213533,0.3651823556264658,0.014556573964247057,1.7320469617843628,0.016159866005182266,0
mujoco,slope_forward,1,1,122,1.2199999999999764,1.0,0.0,0.3405569909405237,0.044508701970819214,0.010417883493083993,0.36683640161206277,0.010978741684633284,1.7326165437698364,0.01299442257732153,0
mujoco,slope_forward,1,1,123,1.2299999999999753,1.0,0.0,0.34049350860117494,0.04401716446780073,0.010033445758118481,0.3697881293761564,0.0037752030541227657,1.7363148927688599,0.013213654048740864,0
mujoco,slope_forward,1,1,124,1.2399999999999742,1.0,0.0,0.3404215754990744,0.04348305791585911,0.009641530062599985,0.37156634585515247,0.01293010195824249,1.7317373752593994,0.019318241626024246,0
mujoco,slope_forward,1,1,125,1.2499999999999731,1.0,0.0,0.34034746285070233,0.04302337850661744,0.009423920547514588,0.3731936238868004,0.004971219793281384,1.734993815422058,0.015480277128517628,0
mujoco,slope_forward,1,1,126,1.259999999999972,1.0,0.0,0.34027424963707065,0.042506167457936395,0.009018288646979863,0.37617776825340066,0.0015135026760518787,1.7379682064056396,0.008195740170776844,0
mujoco,slope_forward,1,1,127,1.269999999999971,1.0,0.0,0.34019552576792594,0.042037392561170485,0.00870856491082892,0.3772281416560365,0.01199187379563247,1.7312074899673462,0.018755661323666573,0
mujoco,slope_forward,1,1,128,1.2799999999999698,1.0,0.0,0.34011841667696513,0.04158871770875019,0.008483801481971814,0.37919408415846545,0.004402214969607381,1.7379943132400513,0.022062888368964195,0
mujoco,slope_forward,1,1,129,1.2899999999999687,1.0,0.0,0.3400398063847146,0.041074705454195615,0.008065079482514002,0.3818167485760562,0.0051280938827186,1.7379298210144043,0.008498809300363064,0
mujoco,slope_forward,1,1,130,1.2999999999999676,1.0,0.0,0.3399549608862263,0.040652199630357475,0.007803631810962401,0.3827392822126224,0.007870229034201249,1.7334262132644653,0.012082754634320736,0
mujoco,slope_forward,1,1,131,1.3099999999999665,1.0,0.0,0.339872476717416,0.04019007986276755,0.007518771760146905,0.3851016449177096,0.0024255855666469937,1.7392327785491943,0.01963990181684494,0
mujoco,slope_forward,1,1,132,1.3199999999999654,1.0,0.0,0.3397852050176333,0.0396888336307908,0.0071180723744195965,0.3871177388780156,0.010836361296790456,1.735784888267517,0.016363730654120445,0
mujoco,slope_forward,1,1,133,1.3299999999999643,1.0,0.0,0.33969212988659536,0.03930781252967135,0.006901748531187409,0.3880946547711145,0.004583958341386935,1.7350651025772095,0.0098901791498065,0
mujoco,slope_forward,1,1,134,1.3399999999999632,1.0,0.0,0.3395991816026406,0.038848268281215494,0.006513222408476622,0.3908435504279739,0.0009747140161632422,1.738405466079712,0.01489148661494255,0
mujoco,slope_forward,1,1,135,1.3499999999999621,1.0,0.0,0.33949887746084534,0.038387660386970016,0.006176399555964597,0.39146970959327043,0.008868202260709527,1.7308439016342163,0.024831106886267662,0
mujoco,slope_forward,1,1,136,1.359999999999961,1.0,0.0,0.3394006710053773,0.037973669595786415,0.005959306818936082,0.3930244365001679,0.0025469995910956823,1.7376341819763184,0.02123771235346794,0
mujoco,slope_forward,1,1,137,1.36999999999996,1.0,0.0,0.33930206393598444,0.03750773960443687,0.0055368413812741475,0.39517345993679753,0.00571753418348946,1.7352967262268066,0.010223050601780415,0
mujoco,slope_forward,1,1,138,1.3799999999999588,1.0,0.0,0.3391996250178608,0.03714899438567813,0.005285421912637243,0.3956740684169487,0.004548911985631323,1.7311313152313232,0.012235971167683601,0
mujoco,slope_forward,1,1,139,1.3899999999999577,1.0,0.0,0.3391010832615556,0.03673181211376801,0.004980359316517112,0.39783530819319596,0.0001220937936458089,1.7372124195098877,0.01919454336166382,0
mujoco,slope_forward,1,1,140,1.3999999999999566,1.0,0.0,0.33899628735082593,0.036296082469138465,0.004613175190852278,0.39893852361381466,0.00897361967985991,1.7299444675445557,0.02223026007413864,0
mujoco,slope_forward,1,1,141,1.4099999999999555,1.0,0.0,0.3388911533117305,0.03594250531619418,0.004441358401056827,0.3997749313840357,0.0018392809935041934,1.7337732315063477,0.013053113594651222,0
mujoco,slope_forward,1,1,142,1.4199999999999544,1.0,0.0,0.33878619649538005,0.03551525636052302,0.00404456960117828,0.4020807174958941,4.6760851599314144e-05,1.7346450090408325,0.009633688256144524,0
mujoco,slope_forward,1,1,143,1.4299999999999533,1.0,0.0,0.3386756444317675,0.03516205464042342,0.003756699124909969,0.4022291598747165,0.003938962390505173,1.7277703285217285,0.021227329969406128,0
mujoco,slope_forward,1,1,144,1.4399999999999522,1.0,0.0,0.33856936483850325,0.034800896910860094,0.0035377461370060307,0.4037763575141953,-0.0012171991404335096,1.7358170747756958,0.021342683583498,0
mujoco,slope_forward,1,1,145,1.449999999999951,1.0,0.0,0.3384592250649033,0.03441411660136127,0.0031796650349173333,0.4051229349664543,0.009747403742951513,1.7303420305252075,0.01698898710310459,0
mujoco,slope_forward,1,1,146,1.45999999999995,1.0,0.0,0.33834611454027574,0.03414368809063449,0.0029982826193686737,0.4054641154321572,0.0026058624988198062,1.7299338579177856,0.012229450978338718,0
mujoco,slope_forward,1,1,147,1.469999999999949,1.0,0.0,0.3382339626640562,0.03377931730975846,0.0026432772845209054,0.4076316285602244,-0.0026593072426023758,1.733298420906067,0.016123225912451744,0
mujoco,slope_forward,1,1,148,1.4799999999999478,1.0,0.0,0.33811656535917006,0.033451927799898806,0.002349777073157935,0.4075613889445421,0.004086499929613422,1.7249675989151,0.026157500222325325,0
mujoco,slope_forward,1,1,149,1.4899999999999467,1.0,0.0,0.3380040283539072,0.0331494576512111,0.0021720553202162667,0.4086913950354062,-0.001751375493487985,1.7330654859542847,0.021343568339943886,0
mujoco,slope_forward,1,1,150,1.4999999999999456,1.0,0.0,0.33788983981078163,0.032811982258951274,0.0018254286154044885,0.40961207876338357,0.000939870824828104,1.7282084226608276,0.015517119318246841,0
mujoco,slope_forward,1,1,151,1.5099999999999445,1.0,0.0,0.3377807465699318,0.032608773300472335,0.003304464694670199,0.3914568995557685,-0.21820238620921217,1.7259372472763062,0.01449208427220583,0
mujoco,slope_forward,1,1,152,1.5199999999999434,1.0,0.0,0.3377801147627221,0.031681410457667876,0.006156994220184458,0.37594565774226807,-0.4107197194797351,1.8381294012069702,0.25587958097457886,0
mujoco,slope_forward,1,1,153,1.5299999999999423,1.0,0.0,0.3379588990407833,0.030611398811507616,0.00913463977285844,0.3607278350786207,-0.5053196215244511,1.9065743684768677,0.1736944615840912,0
mujoco,slope_forward,1,1,154,1.5399999999999412,1.0,0.0,0.33831740172718955,0.029702699905956653,0.011652054322657384,0.34936431155587544,-0.5632212362785405,1.9561834335327148,0.15022693574428558,0
mujoco,slope_forward,1,1,155,1.54999999999994,1.0,0.0,0.33876442985847904,0.028935923338335046,0.013508632856614607,0.33967389371640727,-0.5572979257774251,1.9895298480987549,0.10758780688047409,0
mujoco,slope_forward,1,1,156,1.559999999999939,1.0,0.0,0.339261391100001,0.028049473145148145,0.01760126851751473,0.31420742966847387,-0.25434266375524284,2.0732975006103516,0.17015375196933746,0
mujoco,slope_forward,1,1,157,1.569999999999938,1.0,0.0,0.33972505743692755,0.02969379537411964,0.020688056970473944,0.30203304294785815,-0.004426963413066142,2.266498327255249,0.37629765272140503,0
mujoco,slope_forward,1,1,158,1.5799999999999368,1.0,0.0,0.3400295675962254,0.03203367237232248,0.026795112643306807,0.2715104964693639,-0.05058439922894758,2.3976306915283203,0.31455716490745544,0
mujoco,slope_forward,1,1,159,1.5899999999999357,1.0,0.0,0.340341184425558,0.03339929778259803,0.030901399929822833,0.25979507777509664,0.09487384713811048,3.0025527477264404,0.7301146388053894,0
mujoco,slope_forward,1,1,160,1.5999999999999346,1.0,0.0,0.3409022438911575,0.03315531847117306,0.030708786496172178,0.2648166005438987,-0.039698386115167815,3.4095892906188965,0.4767809808254242,0
mujoco,slope_forward,1,1,161,1.6099999999999335,1.0,0.0,0.3417312909210508,0.03016036854223859,0.030188245625173107,0.24331780707200296,0.10992160602301682,3.4463677406311035,0.355180025100708,0
mujoco,slope_forward,1,1,162,1.6199999999999324,1.0,0.0,0.3431437833387846,0.02863601977329562,0.02726577766388419,0.23872818577401586,0.20035225681905777,3.949958324432373,0.7964618802070618,0
mujoco,slope_forward,1,1,163,1.6299999999999313,1.0,0.0,0.34565968795476315,0.029491565769444575,0.02312098593956944,0.2295274697503543,0.1604501614582709,4.4459428787231445,0.8223254084587097,0
mujoco,slope_forward,1,1,164,1.6399999999999302,1.0,0.0,0.34951685829898754,0.03134438838899021,0.01476502675324857,0.23509329200057508,0.14178139047997732,5.000517845153809,0.8453669548034668,0
mujoco,slope_forward,1,1,165,1.649999999999929,1.0,0.0,0.35473511787184475,0.032990950076176404,0.002322753766366632,0.24172619185094332,0.09976082596999257,5.3460893630981445,0.78326815366745,0
mujoco,slope_forward,1,1,166,1.659999999999928,1.0,0.0,0.3610947020724162,0.033924814575429306,-0.012626936696346265,0.24877206542969071,0.022314492755491497,5.596157550811768,0.7576987147331238,0
mujoco,slope_forward,1,1,167,1.6699999999999269,1.0,0.0,0.36807182028964386,0.033526182683666084,-0.028706330038806724,0.253957107080122,-0.07530558958830107,5.400521278381348,0.791143000125885,0
mujoco,slope_forward,1,1,168,1.6799999999999258,1.0,0.0,0.374767834772255,0.031358256953631064,-0.03583566332074919,0.2297484031789728,-0.11811158162568815,4.423574447631836,2.5165932178497314,0
mujoco,slope_forward,1,1,169,1.6899999999999247,1.0,0.0,0.3808474917942115,0.028079382514876752,-0.0304106721325426,0.21005646275222792,0.05084683045242329,3.548896074295044,1.463886022567749,0
mujoco,slope_forward,1,1,170,1.6999999999999236,1.0,0.0,0.3861312262169211,0.026954060664223237,-0.021939333239047478,0.20980906029839066,0.11173761441109537,2.8480300903320312,1.1809227466583252,0
mujoco,slope_forward,1,1,171,1.7099999999999225,1.0,0.0,0.39037467507574064,0.02817327976973359,-0.0142085487624698,0.203378814138109,0.1525033314190387,2.7367913722991943,0.8668217062950134,0
mujoco,slope_forward,1,1,172,1.7199999999999214,1.0,0.0,0.39341555573958786,0.030195222466476577,-0.007291466617312973,0.19749481149494738,0.223115889624549,2.5774450302124023,0.6200133562088013,0
mujoco,slope_forward,1,1,173,1.7299999999999203,1.0,0.0,0.39514142324878204,0.031079670600058548,0.0010476622705616837,0.18400758720385538,0.2613629809482327,2.4323112964630127,0.8433368802070618,0
mujoco,slope_forward,1,1,174,1.7399999999999192,1.0,0.0,0.39555259949773985,0.033063593324558,0.010704619141161798,0.17360322034339462,0.17702643506110305,2.57360577583313,0.44525057077407837,0
mujoco,slope_forward,1,1,175,1.749999999999918,1.0,0.0,0.39489200599417795,0.03471241296619418,0.02173005360787915,0.16132140466614137,0.12965027941679488,2.6496829986572266,0.5053746104240417,0
mujoco,slope_forward,1,1,176,1.759999999999917,1.0,0.0,0.3935782789741451,0.0340539214395796,0.03600937672245952,0.1449454516457302,0.09256042207047159,2.757943630218506,0.6082241535186768,0
mujoco,slope_forward,1,1,177,1.7699999999999159,1.0,0.0,0.39186009194791344,0.03133173102401835,0.04929424167537959,0.14275928615580233,0.0016422075804955402,3.1939384937286377,0.679355263710022,0
mujoco,slope_forward,1,1,178,1.7799999999999148,1.0,0.0,0.3894712027297603,0.026270390292733925,0.05960636852973789,0.13436676767676725,-0.24864971555716456,3.4976377487182617,0.5534143447875977,0
mujoco,slope_forward,1,1,179,1.7899999999999137,1.0,0.0,0.3864474837557404,0.021086142627403097,0.07044046208009076,0.12747823435691516,-0.4264905659701358,3.796949625015259,0.5013159513473511,0
mujoco,slope_forward,1,1,180,1.7999999999999126,1.0,0.0,0.38286067147701514,0.01593528775049854,0.08053108212562222,0.11740000153072626,-0.5158108685298128,4.431157112121582,0.7438346743583679,0
mujoco,slope_forward,1,1,181,1.8099999999999115,1.0,0.0,0.3793412034756563,0.015665030976853532,0.09187218565873982,0.11545337614463794,-0.5276404228310517,5.1707587242126465,0.9499180316925049,0
mujoco,slope_forward,1,1,182,1.8199999999999104,1.0,0.0,0.37657149179788946,0.020649877519814553,0.10314888258580855,0.12728772804660554,-0.722304356215645,6.002277374267578,1.098317265510559,0
mujoco,slope_forward,1,1,183,1.8299999999999093,1.0,0.0,0.3749100615070316,0.02855603551902901,0.1128454485481307,0.14779190975914824,-0.9747512684661659,6.567960262298584,0.6995140910148621,0
mujoco,slope_forward,1,1,184,1.8399999999999082,1.0,0.0,0.37439899135162663,0.03911181536812911,0.11964560970914753,0.16750811092605733,-1.2616672684612544,6.7523956298828125,0.3275577425956726,0
mujoco,slope_forward,1,1,185,1.849999999999907,1.0,0.0,0.374778656237832,0.05062257843667424,0.12486245280176918,0.18604190906044138,-1.556899546077336,6.6791534423828125,0.2591567635536194,0
mujoco,slope_forward,1,1,186,1.859999999999906,1.0,0.0,0.37565482385306714,0.06084457974632575,0.12823455774259288,0.1976380079226237,-1.8446737402502171,6.465669631958008,0.3607996106147766,0
mujoco,slope_forward,1,1,187,1.8699999999999048,1.0,0.0,0.3760332982376272,0.06555604791408423,0.1288592757437125,0.18913390321213971,-2.1981200026473697,6.127351760864258,1.0223362445831299,0
mujoco,slope_forward,1,1,188,1.8799999999999037,1.0,0.0,0.375889721070176,0.07061877557923525,0.1326504457165902,0.1870371623337973,-2.2748767340213405,5.679483413696289,0.6954546570777893,0
mujoco,slope_forward,1,1,189,1.8899999999999026,1.0,0.0,0.3751008915103721,0.07413163783798339,0.1372821342448367,0.17630334094570232,-2.3200718057073986,5.303163528442383,0.6774286031723022,0
mujoco,slope_forward,1,1,190,1.8999999999999015,1.0,0.0,0.37370447176022425,0.07819384158673903,0.14582577340253544,0.16619051526047146,-2.168747418403182,4.69863748550415,0.9537362456321716,0
mujoco,slope_forward,1,1,191,1.9099999999999004,1.0,0.0,0.37176302726996185,0.08271446769103562,0.16079705283227416,0.1460688461972487,-1.966391851782662,3.7604427337646484,1.5925205945968628,0
mujoco,slope_forward,1,1,192,1.9199999999998993,1.0,0.0,0.36948480928544924,0.08906242648428774,0.1815456279990247,0.13563891859708324,-1.7443437926280625,3.1216280460357666,1.3553591966629028,0
mujoco,slope_forward,1,1,193,1.9299999999998982,1.0,0.0,0.3667662772846905,0.09543228793113223,0.20039451429926453,0.12494430357972523,-1.489550257978698,3.1926965713500977,1.6566593647003174,0
mujoco,slope_forward,1,1,194,1.9399999999998971,1.0,0.0,0.3636466305065117,0.10177421551559974,0.21206913688473275,0.13500123426260233,-1.28259679541206,4.271798610687256,1.9153611660003662,0
mujoco,slope_forward,1,1,195,1.949999999999896,1.0,0.0,0.36040584286652133,0.09930143848098565,0.21698581866674874,0.15027491769979884,-0.9072425176531653,5.04170036315918,1.76069974899292,0
mujoco,slope_forward,1,1,196,1.959999999999895,1.0,0.0,0.35824792024091434,0.09136356580776132,0.22331701976068907,0.20014685717543904,-0.5017245897227581,5.461687088012695,0.6991509199142456,0
mujoco,slope_forward,1,1,197,1.9699999999998938,1.0,0.0,0.357887563315413,0.08208363465031557,0.22854315214778614,0.2676061303887573,-0.2515704008601808,5.852569103240967,0.6200498342514038,0
mujoco,slope_forward,1,1,198,1.9799999999998927,1.0,0.0,0.3594830469501453,0.0696417327076925,0.23009913508824203,0.33856640212590505,-0.01325506406254531,5.963406562805176,0.4652629792690277,0
mujoco,slope_forward,1,1,199,1.9899999999998916,1.0,0.0,0.3627761116977559,0.05595641949879942,0.22757048568846727,0.3837048378913277,0.015234591693019583,5.925644397735596,0.2938682436943054,0
mujoco,slope_forward,1,1,200,1.9999999999998905,1.0,0.0,0.3674705471163951,0.03958016899966602,0.22276647995031792,0.4222538604626394,0.08697319330346816,5.97515344619751,0.6529824137687683,0
mujoco,slope_forward,1,1,201,2.0099999999998897,1.0,0.0,0.3735768393478293,0.02600417765353417,0.21567408476467842,0.47921496873238506,0.2563513021240172,6.581966876983643,1.1994556188583374,0
mujoco,slope_forward,1,1,202,2.0199999999998886,1.0,0.0,0.38090237238856706,0.012783417166305761,0.20481358877460246,0.5220145402445843,0.6141312420446241,6.848951816558838,1.2102129459381104,0
mujoco,slope_forward,1,1,203,2.0299999999998875,1.0,0.0,0.38913745261685884,0.0023115824231863193,0.19100928919918808,0.5579965188015126,1.1553189754507842,7.166894912719727,1.2347376346588135,0
mujoco,slope_forward,1,1,204,2.0399999999998863,1.0,0.0,0.3975896707893655,-0.002699234371551042,0.17582907866132844,0.5840569076177674,1.868395008586471,7.017740249633789,1.0629104375839233,0
mujoco,slope_forward,1,1,205,2.0499999999998852,1.0,0.0,0.4052393571080549,-0.005370676232572764,0.16790738900036764,0.5616060816775957,2.029775916406439,5.442464828491211,2.4062294960021973,0
mujoco,slope_forward,1,1,206,2.059999999999884,1.0,0.0,0.41160073161669314,-0.011943030732152226,0.16683100441494572,0.534258242659196,1.5680923464927294,2.98673677444458,3.309065103530884,0
mujoco,slope_forward,1,1,207,2.069999999999883,1.0,0.0,0.4164748198674042,-0.020496773451136388,0.1666332217387157,0.5170982678161912,0.5105812473752065,2.6050541400909424,2.373154401779175,0
mujoco,slope_forward,1,1,208,2.079999999999882,1.0,0.0,0.42035110336706794,-0.028359509876470367,0.16862491802121762,0.5048492213020855,-0.32039562275204925,3.236830472946167,1.1186693906784058,0
mujoco,slope_forward,1,1,209,2.089999999999881,1.0,0.0,0.4236177456707532,-0.03490642711271082,0.1634765707601861,0.5034457197712343,-0.7530881146497607,3.321043014526367,0.5139037370681763,0
mujoco,slope_forward,1,1,210,2.0999999999998797,1.0,0.0,0.42675109900977987,-0.03955392008877171,0.159106200004454,0.49005834407220983,-0.5861552781710688,3.320556879043579,0.9888444542884827,0
mujoco,slope_forward,1,1,211,2.1099999999998786,1.0,0.0,0.4297938235761462,-0.04367735186866303,0.15115493743858383,0.49166689807430075,-0.4835471253627639,3.641963481903076,0.7578536868095398,0
mujoco,slope_forward,1,1,212,2.1199999999998775,1.0,0.0,0.4327731274692215,-0.045216819367877206,0.14352088182659659,0.487669523875006,-0.36251843435152026,3.4680581092834473,0.45698750019073486,0
mujoco,slope_forward,1,1,213,2.1299999999998764,1.0,0.0,0.4354983250298645,-0.04467118403992305,0.13459098386117735,0.4887683655823408,-0.3264046299401593,3.314836025238037,0.33295202255249023,0
mujoco,slope_forward,1,1,214,2.1399999999998753,1.0,0.0,0.43779013495244046,-0.04382346740866562,0.12549053754799144,0.4877524526987832,-0.29161185230620396,3.1898446083068848,0.43656784296035767,0
mujoco,slope_forward,1,1,215,2.1499999999998742,1.0,0.0,0.43956130284839223,-0.043818293388074976,0.11758025752983314,0.4869923224261898,-0.16311539178888648,3.0514039993286133,0.6888719797134399,0
mujoco,slope_forward,1,1,216,2.159999999999873,1.0,0.0,0.4407340780346841,-0.04440899807424387,0.11126790690658453,0.48289004017916193,-0.050273456463911056,2.963106155395508,0.6568465232849121,0
mujoco,slope_forward,1,1,217,2.169999999999872,1.0,0.0,0.4412452539755764,-0.04557569353733275,0.10737827515388881,0.47723304188196375,0.010555319568737905,2.8411550521850586,0.6945520639419556,0
mujoco,slope_forward,1,1,218,2.179999999999871,1.0,0.0,0.4410271708543322,-0.04670263474201516,0.10509393146530743,0.4711384016963854,0.11394258096578835,2.733386516571045,0.6361681222915649,0
mujoco,slope_forward,1,1,219,2.18999999999987,1.0,0.0,0.44008892928788423,-0.04796678149304962,0.10384829601912451,0.4635568214718727,0.1686339143851453,2.637722969055176,0.31566691398620605,0
mujoco,slope_forward,1,1,220,2.1999999999998687,1.0,0.0,0.4385123910051124,-0.04845814221638049,0.10276381700952021,0.4564578421037096,0.22715698191907707,2.436674118041992,0.4519156217575073,0
mujoco,slope_forward,1,1,221,2.2099999999998676,1.0,0.0,0.43644399809527923,-0.04778037715130087,0.1014289328832123,0.4487856276719834,0.24892493926161813,2.4481635093688965,0.5130221247673035,0
mujoco,slope_forward,1,1,222,2.2199999999998665,1.0,0.0,0.4339801279239894,-0.045665476092033405,0.09865435247673443,0.44190099955298473,0.28973088186193346,2.545344352722168,0.4666103720664978,0
mujoco,slope_forward,1,1,223,2.2299999999998654,1.0,0.0,0.4312472463892968,-0.04187031041631926,0.095366421831949,0.4339487898292067,0.27326162364205625,2.623147487640381,0.22288404405117035,0
mujoco,slope_forward,1,1,224,2.2399999999998643,1.0,0.0,0.4282861269267135,-0.036718959241915865,0.09111294814757917,0.4255005788094853,0.28726865972512583,2.6057398319244385,0.14272716641426086,0
mujoco,slope_forward,1,1,225,2.249999999999863,1.0,0.0,0.42514407741525284,-0.03029056131937372,0.08634627096710125,0.4155222678996111,0.2900331414183682,2.553075075149536,0.18061158061027527,0
mujoco,slope_forward,1,1,226,2.259999999999862,1.0,0.0,0.42218590240176146,-0.025732504931614702,0.08495276195920391,0.4028526856703416,0.16206293781611258,2.5280134677886963,0.32647034525871277,0
mujoco,slope_forward,1,1,227,2.269999999999861,1.0,0.0,0.42001203700552314,-0.02495106398766884,0.08519855141061557,0.40041724292121306,0.048219949324836316,2.740449905395508,0.6576823592185974,0
mujoco,slope_forward,1,1,228,2.27999999999986,1.0,0.0,0.4188706233138118,-0.025498163587457212,0.08411753079768557,0.4007972476387185,-0.046999293350281045,2.90327787399292,0.395153284072876,0
mujoco,slope_forward,1,1,229,2.289999999999859,1.0,0.0,0.4186617205663394,-0.026156339096398182,0.08061430005529535,0.4028038986600261,-0.062378254222778894,2.8755881786346436,0.3467783033847809,0
mujoco,slope_forward,1,1,230,2.2999999999998577,1.0,0.0,0.41915391857603895,-0.026430721152247618,0.07509551360006396,0.40463372498456657,-0.06473161134717378,2.6767513751983643,0.3624855875968933,0
mujoco,slope_forward,1,1,231,2.3099999999998566,1.0,0.0,0.420060593916815,-0.02582526336259612,0.06855692499068426,0.4048710832184827,-0.04090409792693706,2.3072566986083984,0.4892592430114746,0
mujoco,slope_forward,1,1,232,2.3199999999998555,1.0,0.0,0.4211298488532622,-0.02457373969874636,0.06171414750082036,0.4058753356748972,-0.04854845441303237,1.9781444072723389,0.41321149468421936,0
mujoco,slope_forward,1,1,233,2.3299999999998544,1.0,0.0,0.42217978526273175,-0.02297285959560725,0.05532840046399275,0.4041774031703751,-0.04179243963328011,1.709804892539978,0.33496037125587463,0
mujoco,slope_forward,1,1,234,2.3399999999998533,1.0,0.0,0.4231130559302849,-0.021152910248778148,0.049506176709144256,0.4022916923898459,-0.0252562628036602,1.554042935371399,0.2182377427816391,0
mujoco,slope_forward,1,1,235,2.349999999999852,1.0,0.0,0.42388623696739,-0.019392553033859956,0.044371010794212136,0.3996573530693547,-0.00999212583351312,1.4852973222732544,0.14041900634765625,0
mujoco,slope_forward,1,1,236,2.359999999999851,1.0,0.0,0.4244887001191762,-0.017461366805909193,0.039798809290142845,0.39640779342315174,0.010121773310221951,1.453122615814209,0.15567681193351746,0
mujoco,slope_forward,1,1,237,2.36999999999985,1.0,0.0,0.4249445523897654,-0.015503338622563364,0.03568227715821253,0.39348353478067677,0.01457739234443458,1.465808391571045,0.12640222907066345,0
mujoco,slope_forward,1,1,238,2.379999999999849,1.0,0.0,0.42527937445618064,-0.01332790318667692,0.032053697627839675,0.38902931165480026,0.03278074428465712,1.4658058881759644,0.1153300479054451,0
mujoco,slope_forward,1,1,239,2.389999999999848,1.0,0.0,0.42552666172647446,-0.010848137000790122,0.028580588342574903,0.38504739196825916,0.044021789229882834,1.4559931755065918,0.08339911699295044,0
mujoco,slope_forward,1,1,240,2.3999999999998467,1.0,0.0,0.4257118109791955,-0.008214149913582535,0.02541782558306106,0.38017581965924263,0.05266919244428381,1.4238097667694092,0.07275350391864777,0
mujoco,slope_forward,1,1,241,2.4099999999998456,1.0,0.0,0.4258353193795871,-0.005430134351146402,0.022455912577386418,0.3740303145301928,0.07408665658200723,1.3946293592453003,0.07001674920320511,0
mujoco,slope_forward,1,1,242,2.4199999999998445,1.0,0.0,0.4259128615170105,-0.0026442986898872205,0.019817310823763066,0.36772426350904236,0.08862127422188788,1.3719712495803833,0.057131245732307434,0
mujoco,slope_forward,1,1,243,2.4299999999998434,1.0,0.0,0.4259399074356426,0.00010529768866213152,0.01721337291289804,0.36154717039182505,0.09493445795347001,1.3559274673461914,0.06174951791763306,0
mujoco,slope_forward,1,1,244,2.4399999999998423,1.0,0.0,0.42592071824179895,0.002617788061881045,0.01480627445989113,0.35450216106365917,0.09967377105130765,1.3416235446929932,0.04514354467391968,0
mujoco,slope_forward,1,1,245,2.449999999999841,1.0,0.0,0.425863202897614,0.005188633212417149,0.012508100144778826,0.34702337465268895,0.11147933265898391,1.3310168981552124,0.05725351721048355,0
mujoco,slope_forward,1,1,246,2.45999999999984,1.0,0.0,0.4257844135520832,0.0076134204354075625,0.010353307115382007,0.3396932160675092,0.11037575672113843,1.3174378871917725,0.045478127896785736,0
mujoco,slope_forward,1,1,247,2.469999999999839,1.0,0.0,0.42567817142996234,0.009937252659932422,0.0080835855454106,0.332593109031237,0.10789221369325878,1.3057717084884644,0.06021542102098465,0
mujoco,slope_forward,1,1,248,2.479999999999838,1.0,0.0,0.42554907727040797,0.012073694771716359,0.006066756125253184,0.3238780865235451,0.11399021258187592,1.2872048616409302,0.05952208489179611,0
mujoco,slope_forward,1,1,249,2.489999999999837,1.0,0.0,0.4254005176573717,0.014250060019759994,0.004009523112541336,0.31572706558613445,0.1252587742627921,1.2805920839309692,0.058643095195293427,0
mujoco,slope_forward,1,1,250,2.4999999999998357,1.0,0.0,0.4252421299626668,0.016299668714666322,0.002147445283500879,0.3069188372173579,0.12233689798326244,1.2669392824172974,0.06579183787107468,0
mujoco,slope_forward,1,1,251,2.5099999999998346,1.0,0.0,0.42506662806228646,0.018202176696573178,8.677536305749071e-05,0.2995508608426352,0.12196909311186846,1.2648515701293945,0.061141327023506165,0
mujoco,slope_forward,1,1,252,2.5199999999998335,1.0,0.0,0.42487140358442255,0.019994774999758658,-0.001612069819804815,0.2891979721733103,0.1250288721135484,1.2563104629516602,0.07542947679758072,0
mujoco,slope_forward,1,1,253,2.5299999999998324,1.0,0.0,0.42466477747565695,0.021719752457376687,-0.003354693220313416,0.2806921251132025,0.13383326849075458,1.2597302198410034,0.05748095363378525,0
mujoco,slope_forward,1,1,254,2.5399999999998313,1.0,0.0,0.4244522525562267,0.02344804436893549,-0.004991394540474378,0.27081886679569117,0.13403051948984504,1.25861656665802,0.08194068819284439,0
mujoco,slope_forward,1,1,255,2.54999999999983,1.0,0.0,0.4242335787806046,0.02499549009003323,-0.006641284624184224,0.26207628489134005,0.12657173792178725,1.2638163566589355,0.06455708295106888,0
mujoco,slope_forward,1,1,256,2.559999999999829,1.0,0.0,0.42401034031651597,0.026430675086519057,-0.008345471074414497,0.2532845077534451,0.13145114227561325,1.2693147659301758,0.08132973313331604,0
mujoco,slope_forward,1,1,257,2.569999999999828,1.0,0.0,0.4237776511643618,0.027880444873868045,-0.009751780837222652,0.24237599901766801,0.13546400352476,1.2768988609313965,0.07376842200756073,0
mujoco,slope_forward,1,1,258,2.579999999999827,1.0,0.0,0.4235481850776373,0.029241023093017807,-0.011077632249169436,0.23236207506630832,0.13674906987386354,1.2901231050491333,0.06925814598798752,0
mujoco,slope_forward,1,1,259,2.5899999999998258,1.0,0.0,0.423330355779521,0.03055530135842957,-0.012440505659653005,0.22298936144143974,0.1421896389186405,1.3075103759765625,0.07559583336114883,0
mujoco,slope_forward,1,1,260,2.5999999999998247,1.0,0.0,0.4231154576391558,0.031862500801707806,-0.013767988870096906,0.21292185295138466,0.13635887003415456,1.3229786157608032,0.07377167046070099,0
mujoco,slope_forward,1,1,261,2.6099999999998236,1.0,0.0,0.4229044947977231,0.033021137388544494,-0.01500614154298868,0.20326967322646408,0.1240819494410723,1.3430715799331665,0.06905995309352875,0
mujoco,slope_forward,1,1,262,2.6199999999998225,1.0,0.0,0.4227009780993168,0.03409158410640454,-0.016189220699941092,0.19303828527895506,0.12904947226958016,1.3663525581359863,0.07468444108963013,0
mujoco,slope_forward,1,1,263,2.6299999999998214,1.0,0.0,0.42250639425090264,0.03519537155824063,-0.017254400070805823,0.18292212697372154,0.14135703865292923,1.3890337944030762,0.06685278564691544,0
mujoco,slope_forward,1,1,264,2.6399999999998203,1.0,0.0,0.42232012706538385,0.036331945095411745,-0.018214636498919367,0.17199516983930135,0.14151495144897736,1.4113610982894897,0.0649956539273262,0
mujoco,slope_forward,1,1,265,2.649999999999819,1.0,0.0,0.422145264009403,0.03736445872770327,-0.018970776026343367,0.1610325385038829,0.1331468827249816,1.4339513778686523,0.05774132162332535,0
mujoco,slope_forward,1,1,266,2.659999999999818,1.0,0.0,0.42198561371695414,0.038319476557932074,-0.01966939286948999,0.15080277951068238,0.1289978635478531,1.4576772451400757,0.057543251663446426,0
mujoco,slope_forward,1,1,267,2.669999999999817,1.0,0.0,0.42184025442743617,0.0392569449721464,-0.020292798187001,0.1408934287592515,0.12664261879652236,1.4777817726135254,0.05514077469706535,0
mujoco,slope_forward,1,1,268,2.679999999999816,1.0,0.0,0.42170541895946745,0.0401759818692187,-0.020855708498118446,0.13146713855192502,0.1260744049240005,1.4953031539916992,0.0480295866727829,0
mujoco,slope_forward,1,1,269,2.6899999999998148,1.0,0.0,0.4215789899411985,0.041078509045248804,-0.021323468782062004,0.12231832377237427,0.1262917827107533,1.512998342514038,0.04724826663732529,0
mujoco,slope_forward,1,1,270,2.6999999999998137,1.0,0.0,0.4214590616950453,0.04196847084728773,-0.021696613364906008,0.11348781540118862,0.12832330927243807,1.5303317308425903,0.0437387079000473,0
mujoco,slope_forward,1,1,271,2.7099999999998126,1.0,0.0,0.4213412132045514,0.04287776261226934,-0.021872974058312542,0.10298638705858133,0.11618113711111044,1.5459551811218262,0.04281356558203697,0
mujoco,slope_forward,1,1,272,2.7199999999998115,1.0,0.0,0.4212265408652606,0.043761221305289304,-0.02186021085221179,0.09258607212786059,0.10608550268913912,1.561680555343628,0.04221659526228905,0
mujoco,slope_forward,1,1,273,2.7299999999998104,1.0,0.0,0.42111990843572294,0.04464091673773833,-0.02168368478229627,0.08214833377905838,0.1015228453348846,1.5771708488464355,0.039532072842121124,0
mujoco,slope_forward,1,1,274,2.7399999999998093,1.0,0.0,0.42101561958409817,0.045483696640591424,-0.021280726250268445,0.07047505089663396,0.11204746402974201,1.5920143127441406,0.03372277319431305,0
mujoco,slope_forward,1,1,275,2.749999999999808,1.0,0.0,0.4209081406882665,0.04630620447628846,-0.02073948198711842,0.05921452850709246,0.12100544437218183,1.605683445930481,0.02802828699350357,0
mujoco,slope_forward,1,1,276,2.759999999999807,1.0,0.0,0.42080348784815313,0.04717994660915959,-0.020108518320328925,0.049317913356292105,0.11521808501741003,1.6172975301742554,0.025606853887438774,0
mujoco,slope_forward,1,1,277,2.769999999999806,1.0,0.0,0.42070642855749507,0.04810732346073812,-0.019357450482440815,0.03948767045543497,0.11104991952982206,1.6274704933166504,0.02603173442184925,0
mujoco,slope_forward,1,1,278,2.779999999999805,1.0,0.0,0.4206139937945158,0.049055476574069015,-0.01849850543169617,0.02974316925896105,0.10788770952028942,1.6377216577529907,0.02396184206008911,0
mujoco,slope_forward,1,1,279,2.7899999999998037,1.0,0.0,0.4205227180726703,0.050022390591659194,-0.017525549732360833,0.020034060904384622,0.10532566077304441,1.6476235389709473,0.022619003430008888,0
mujoco,slope_forward,1,1,280,2.7999999999998026,1.0,0.0,0.4204284680260995,0.05100676849809208,-0.016432934351444956,0.01034421326406131,0.1028217619874352,1.656051516532898,0.019553514197468758,0
mujoco,slope_forward,1,1,281,2.8099999999998015,1.0,0.0,0.42032701691230606,0.0520035007646674,-0.01521792752493549,0.000732931712481425,0.09985189008001148,1.6633436679840088,0.017736760899424553,0
mujoco,slope_forward,1,1,282,2.8199999999998004,1.0,0.0,0.42022335174116165,0.0529215774768626,-0.01395948879160477,-0.00731205335345938,0.10948430968733106,1.670033574104309,0.016068944707512856,0
mujoco,slope_forward,1,1,283,2.8299999999997993,1.0,0.0,0.4201258507488388,0.05376106730566044,-0.012578456865162273,-0.015529807846001449,0.1146413635335678,1.6799356937408447,0.02117813006043434,0
mujoco,slope_forward,1,1,284,2.8399999999997982,1.0,0.0,0.420029845818113,0.05457643399605589,-0.011136800682466894,-0.02361738058617101,0.11812581658227907,1.6872425079345703,0.01716550998389721,0
mujoco,slope_forward,1,1,285,2.849999999999797,1.0,0.0,0.4199298653769413,0.05537994018501063,-0.009600530188289524,-0.0319050702460337,0.12061385663539104,1.692339539527893,0.01399519294500351,0
mujoco,slope_forward,1,1,286,2.859999999999796,1.0,0.0,0.4198183673286506,0.05616605548294404,-0.007998878764243211,-0.040183685245977485,0.12267599496738969,1.695587158203125,0.015101154334843159,0
mujoco,slope_forward,1,1,287,2.869999999999795,1.0,0.0,0.419689191838035,0.05692570235794227,-0.006298862601774848,-0.048686064120387805,0.12405856884135226,1.697452187538147,0.01449676789343357,0
mujoco,slope_forward,1,1,288,2.879999999999794,1.0,0.0,0.41953824635138703,0.05768239805522319,-0.004528969208761726,-0.056508948371634546,0.11976046650366452,1.6976722478866577,0.018469780683517456,0
mujoco,slope_forward,1,1,289,2.8899999999997927,1.0,0.0,0.41937633278775727,0.05855600223451463,-0.002609143856689835,-0.06417400260401941,0.11322413702703822,1.6954419612884521,0.016145989298820496,0
mujoco,slope_forward,1,1,290,2.8999999999997916,1.0,0.0,0.41920280812917077,0.05949281552505413,-0.0006013386433008892,-0.07196049224395819,0.10935096900504152,1.6903973817825317,0.01871936209499836,0
mujoco,slope_forward,1,1,291,2.9099999999997905,1.0,0.0,0.4190163616128451,0.060384025484310995,0.0014771497965272154,-0.0790742966385042,0.11207088761000715,1.6854596138000488,0.019886644557118416,0
mujoco,slope_forward,1,1,292,2.9199999999997894,1.0,0.0,0.41882600607551357,0.061115059073375465,0.0036010596691553784,-0.0857902116246739,0.11405566853866754,1.6859177350997925,0.029063811525702477,0
mujoco,slope_forward,1,1,293,2.9299999999997883,1.0,0.0,0.4186277741235037,0.06175853797055376,0.005744028568189511,-0.09264087983555504,0.11489701091653459,1.6863987445831299,0.02818351984024048,0
mujoco,slope_forward,1,1,294,2.9399999999997872,1.0,0.0,0.4184198010670821,0.062421675708953975,0.007904620936342798,-0.09856672713637589,0.10784726001542536,1.6832172870635986,0.02655564248561859,0
mujoco,slope_forward,1,1,295,2.949999999999786,1.0,0.0,0.41820926162788113,0.06321415982104935,0.010155623352073657,-0.10476026531693693,0.10529148969323196,1.6764706373214722,0.023758601397275925,0
mujoco,slope_forward,1,1,296,2.959999999999785,1.0,0.0,0.41798933827453416,0.06404299552315772,0.012416637394525545,-0.11119502413585004,0.10295018330681593,1.6672935485839844,0.024405131116509438,0
mujoco,slope_forward,1,1,297,2.969999999999784,1.0,0.0,0.4177501092588696,0.06482306720708535,0.014659443912799565,-0.11724644848972417,0.10434059549657497,1.660086989402771,0.025773873552680016,0
mujoco,slope_forward,1,1,298,2.979999999999783,1.0,0.0,0.41749684099035433,0.06541953839602319,0.016904454182849766,-0.12259068757213935,0.10645202291661823,1.6580464839935303,0.0309649258852005,0
mujoco,slope_forward,1,1,299,2.9899999999997817,1.0,0.0,0.41724118311330194,0.06601916667282211,0.019165793341566935,-0.12703421923720526,0.09791320878525728,1.657918095588684,0.03220038488507271,0
mujoco,slope_forward,1,1,300,2.9999999999997806,1.0,0.0,0.4169900205673656,0.0667074663838238,0.021461809923298557,-0.13187997806513044,0.09522457174846723,1.6505064964294434,0.0275422316044569,0
mujoco,slope_forward,1,1,301,3.0099999999997795,1.0,0.0,0.41673362771232186,0.06739402468638986,0.023702014620459653,-0.13700309410831754,0.09312980033771658,1.6419469118118286,0.028781644999980927,0
mujoco,slope_forward,1,1,302,3.0199999999997784,1.0,0.0,0.4164572883033964,0.06803114313362858,0.025867557677417892,-0.14226079515244017,0.09144354128266166,1.6353567838668823,0.028118621557950974,0
mujoco,slope_forward,1,1,303,3.0299999999997773,1.0,0.0,0.41616733650715726,0.06858815714276147,0.02800863290918969,-0.14548267347246582,0.09032444231409864,1.6316524744033813,0.028940482065081596,0
mujoco,slope_forward,1,1,304,3.039999999999776,1.0,0.0,0.41588676705030236,0.06915829246352914,0.03025161248067311,-0.14894626795219226,0.08834257239682528,1.6320880651474,0.03345826268196106,0
mujoco,slope_forward,1,1,305,3.049999999999775,1.0,0.0,0.41561278735559337,0.06971321254602174,0.03243102627864722,-0.15264381546926734,0.08735115041337674,1.628088355064392,0.028442298993468285,0
mujoco,slope_forward,1,1,306,3.059999999999774,1.0,0.0,0.41533234883653475,0.0702147871598033,0.0345051998917348,-0.156724637312784,0.0863025043829884,1.6232863664627075,0.027363508939743042,0
mujoco,slope_forward,1,1,307,3.069999999999773,1.0,0.0,0.41503537537197116,0.07071059754879505,0.03648871550448963,-0.16007377614556723,0.07840334476579357,1.6184159517288208,0.02805911749601364,0
mujoco,slope_forward,1,1,308,3.079999999999772,1.0,0.0,0.41473878167315437,0.07125193394028047,0.038506164117352276,-0.16233006194827695,0.082669868654863,1.611908197402954,0.026632949709892273,0
mujoco,slope_forward,1,1,309,3.0899999999997707,1.0,0.0,0.4144543603853079,0.07167350009664247,0.04053398042364643,-0.16482677604708063,0.08105493500416022,1.6122443675994873,0.03182872757315636,0
mujoco,slope_forward,1,1,310,3.0999999999997696,1.0,0.0,0.4141754968684391,0.07199889197942738,0.04243960777872653,-0.16758440199909894,0.08068203950440402,1.6138882637023926,0.02707625925540924,0
mujoco,slope_forward,1,1,311,3.1099999999997685,1.0,0.0,0.41389201043751855,0.07230052481357777,0.04423697397542183,-0.1698969173892009,0.0748125012980364,1.6109908819198608,0.023093637079000473,0
mujoco,slope_forward,1,1,312,3.1199999999997674,1.0,0.0,0.41360920436599374,0.07273171633618909,0.04603317148274113,-0.1721060293087291,0.07196768651422948,1.6045905351638794,0.024422263726592064,0
mujoco,slope_forward,1,1,313,3.1299999999997663,1.0,0.0,0.41333184169189385,0.07309660344190867,0.047774841518379366,-0.17348595701963318,0.07709703617436649,1.5983428955078125,0.023547085002064705,0
mujoco,slope_forward,1,1,314,3.139999999999765,1.0,0.0,0.41306561690977994,0.07328680941936275,0.049467362694518784,-0.1751379338177034,0.07700380489272277,1.604241967201233,0.0307944156229496,0
mujoco,slope_forward,1,1,315,3.149999999999764,1.0,0.0,0.41280416658738106,0.07340486094891033,0.05103063156445518,-0.17633293034324352,0.0729004346430749,1.6067298650741577,0.02305642142891884,0
mujoco,slope_forward,1,1,316,3.159999999999763,1.0,0.0,0.4125531873384585,0.07364022865588325,0.05256517073730141,-0.1775105527961299,0.0708327119587923,1.6028637886047363,0.019643258303403854,0
mujoco,slope_forward,1,1,317,3.169999999999762,1.0,0.0,0.4123062515414587,0.07392830790372502,0.05402493010348513,-0.17897067706377262,0.07046465278507287,1.595017910003662,0.022427156567573547,0
mujoco,slope_forward,1,1,318,3.179999999999761,1.0,0.0,0.41206242110227387,0.07410005624584537,0.055419737918736306,-0.17966473608981298,0.0757390583795925,1.5935312509536743,0.01857316680252552,0
mujoco,slope_forward,1,1,319,3.1899999999997597,1.0,0.0,0.41182635638948323,0.0741111103523355,0.05674748358769343,-0.17989994593758327,0.07198231407608732,1.6002343893051147,0.029915209859609604,0
mujoco,slope_forward,1,1,320,3.1999999999997586,1.0,0.0,0.4116080996145701,0.07415730428477968,0.05800606130342559,-0.17983623076352984,0.07080154031758379,1.6022193431854248,0.02026275172829628,0
mujoco,slope_forward,1,1,321,3.2099999999997575,1.0,0.0,0.41140501733753737,0.07426322670340467,0.05918693627009799,-0.1802960697327654,0.07263483380967652,1.597098708152771,0.01830754242837429,0
mujoco,slope_forward,1,1,322,3.2199999999997564,1.0,0.0,0.4112041348630278,0.07435255334916549,0.06027028183184406,-0.18122864991685683,0.07190287327798195,1.5933741331100464,0.01723170280456543,0
mujoco,slope_forward,1,1,323,3.2299999999997553,1.0,0.0,0.4110002605316514,0.07432295901858504,0.061311974473209734,-0.18092232731935232,0.0747543655710762,1.5929337739944458,0.016726382076740265,0
mujoco,slope_forward,1,1,324,3.239999999999754,1.0,0.0,0.41081122665741143,0.07424465178397516,0.062324816472346306,-0.17969876973020238,0.07020924490329879,1.5995937585830688,0.028261568397283554,0
mujoco,slope_forward,1,1,325,3.249999999999753,1.0,0.0,0.4106455639851897,0.074220921797565,0.06330820645502475,-0.1790751856691357,0.07110084013746452,1.5991826057434082,0.01741708815097809,0
mujoco,slope_forward,1,1,326,3.259999999999752,1.0,0.0,0.41049364840224734,0.07418429852072006,0.06419312105398724,-0.17884532873907494,0.07200055648968433,1.596540927886963,0.016623299568891525,0
mujoco,slope_forward,1,1,327,3.269999999999751,1.0,0.0,0.41033990505657725,0.07408121397926624,0.0649851039169807,-0.17917092098490664,0.07147773874142872,1.595469355583191,0.015208054333925247,0
mujoco,slope_forward,1,1,328,3.27999999999975,1.0,0.0,0.41017878409355596,0.07394697223419767,0.06573503151124531,-0.1777407836489904,0.0694080601114687,1.5955499410629272,0.015075262635946274,0
mujoco,slope_forward,1,1,329,3.2899999999997487,1.0,0.0,0.41003638225942324,0.07380084723112523,0.06658956265586928,-0.17614616314482287,0.0707057743652671,1.5990642309188843,0.027180824428796768,0
mujoco,slope_forward,1,1,330,3.2999999999997476,1.0,0.0,0.4099170542727561,0.07361624919427212,0.06737394583947261,-0.17475617960296183,0.07245453054402975,1.6021273136138916,0.02181136980652809,0
mujoco,slope_forward,1,1,331,3.3099999999997465,1.0,0.0,0.4098110509760173,0.07338090865747147,0.0680631057507128,-0.17394860450936325,0.07347178597893557,1.6027480363845825,0.014450468122959137,0
mujoco,slope_forward,1,1,332,3.3199999999997454,1.0,0.0,0.4097037237680657,0.07308714106815645,0.06863591148702922,-0.17302701641171886,0.07106756584097666,1.602541208267212,0.016032110899686813,0
mujoco,slope_forward,1,1,333,3.3299999999997443,1.0,0.0,0.40959696739409174,0.07289670126850575,0.06920689947975016,-0.17179715194801912,0.0644318090550508,1.600088119506836,0.01325313001871109,0
mujoco,slope_forward,1,1,334,3.339999999999743,1.0,0.0,0.40949719988527394,0.07273913155312252,0.06979791667031157,-0.1696784410875126,0.06959155731947908,1.59518301486969,0.019552018493413925,0
mujoco,slope_forward,1,1,335,3.349999999999742,1.0,0.0,0.4094140540446852,0.07245504590893787,0.07039608931291531,-0.16777149599577637,0.07016763618234417,1.6007176637649536,0.02359033189713955,0
mujoco,slope_forward,1,1,336,3.359999999999741,1.0,0.0,0.40934209171098024,0.07208055143390035,0.07089323172284911,-0.16614268545776786,0.07121114562209097,1.6063121557235718,0.01845417357981205,0
mujoco,slope_forward,1,1,337,3.36999999999974,1.0,0.0,0.40927358998072166,0.07166816067816503,0.07131517465581141,-0.16408678167401108,0.06703611001828291,1.607116937637329,0.014249933883547783,0
mujoco,slope_forward,1,1,338,3.3799999999997388,1.0,0.0,0.409215713028999,0.07136340573407558,0.07174916159068234,-0.16199948498737127,0.06416582125704154,1.604732871055603,0.020248839631676674,0
mujoco,slope_forward,1,1,339,3.3899999999997377,1.0,0.0,0.40916582595631873,0.0711183143475128,0.0721527379770049,-0.160356477452643,0.06217519485679216,1.5985819101333618,0.017711231485009193,0
mujoco,slope_forward,1,1,340,3.3999999999997366,1.0,0.0,0.40911412548923365,0.07085823652039439,0.07251141596752056,-0.15880008662765693,0.0626478177579213,1.5967676639556885,0.01437243353575468,0
mujoco,slope_forward,1,1,341,3.4099999999997355,1.0,0.0,0.40906080847575127,0.07048898653263817,0.0728110287756819,-0.15652212139217636,0.06869496223762252,1.5980247259140015,0.016644595190882683,0
mujoco,slope_forward,1,1,342,3.4199999999997344,1.0,0.0,0.40901271181002924,0.07002613303049568,0.07310997171769149,-0.15347547675922085,0.06482667752550358,1.6034680604934692,0.020019862800836563,0
mujoco,slope_forward,1,1,343,3.4299999999997333,1.0,0.0,0.40898338893543484,0.06964985200343958,0.07343287380731872,-0.15044527188291235,0.06411178924138716,1.6042373180389404,0.02175254188477993,0
mujoco,slope_forward,1,1,344,3.439999999999732,1.0,0.0,0.40897108004153243,0.06932546030631964,0.07370378426388811,-0.14779748984528496,0.06324194804935553,1.5990636348724365,0.019174380227923393,0
mujoco,slope_forward,1,1,345,3.449999999999731,1.0,0.0,0.40896505146533285,0.06897730052333564,0.07390952318138251,-0.14561322441286625,0.062046266270640596,1.5944253206253052,0.014290017075836658,0
mujoco,slope_forward,1,1,346,3.45999999999973,1.0,0.0,0.4089531725768206,0.06857836115216967,0.07406535750486436,-0.14385661687490459,0.060992472906583266,1.592690348625183,0.014024723321199417,0
mujoco,slope_forward,1,1,347,3.469999999999729,1.0,0.0,0.40892825017790957,0.06817420569968052,0.07419963787631573,-0.14150900603231914,0.054545999637386634,1.5917633771896362,0.016005555167794228,0
mujoco,slope_forward,1,1,348,3.4799999999997278,1.0,0.0,0.4089023012430244,0.06789446782259526,0.07440595975811928,-0.1384364119012916,0.053387441224049294,1.5893722772598267,0.01979816146194935,0
mujoco,slope_forward,1,1,349,3.4899999999997267,1.0,0.0,0.4088894342233649,0.06756073623773068,0.07461860840112443,-0.13481518934427428,0.056811339408955976,1.5885510444641113,0.022672301158308983,0
mujoco,slope_forward,1,1,350,3.4999999999997256,1.0,0.0,0.4088918534064289,0.06713970673313574,0.07479049625333194,-0.13147230863556958,0.05833677698166571,1.5933564901351929,0.020911552011966705,0
mujoco,slope_forward,1,1,351,3.5099999999997245,1.0,0.0,0.40890283645687175,0.06666138629280446,0.07488469569486758,-0.1284578510725538,0.059267372484486595,1.5941849946975708,0.016314897686243057,0
mujoco,slope_forward,1,1,352,3.5199999999997234,1.0,0.0,0.4089133120890279,0.06614818155471829,0.0749237493607312,-0.1256585513816705,0.060358894300690934,1.592393159866333,0.01671426370739937,0
mujoco,slope_forward,1,1,353,3.5299999999997222,1.0,0.0,0.4089243558769436,0.06570480942541776,0.07494555730611491,-0.1218180237654862,0.050904252203289965,1.5888516902923584,0.017253531143069267,0
mujoco,slope_forward,1,1,354,3.539999999999721,1.0,0.0,0.4089431490308118,0.06537488790644641,0.07501506374540903,-0.11839698364589436,0.04652980123140725,1.583542823791504,0.01811939850449562,0
mujoco,slope_forward,1,1,355,3.54999999999972,1.0,0.0,0.40896557562689684,0.06506236736401312,0.07506601165029866,-0.11523294380222955,0.04327291081707141,1.5793375968933105,0.018805736675858498,0
mujoco,slope_forward,1,1,356,3.559999999999719,1.0,0.0,0.4089848080156307,0.06472925484643247,0.07509998085388818,-0.11245263652000662,0.0409185278911466,1.5780678987503052,0.015680359676480293,0
mujoco,slope_forward,1,1,357,3.569999999999718,1.0,0.0,0.40899442025423605,0.06437294657270025,0.07511974865755736,-0.10997759718712727,0.03942754321408008,1.578597903251648,0.01853914000093937,0
mujoco,slope_forward,1,1,358,3.5799999999997167,1.0,0.0,0.4089906577455664,0.06398886484413814,0.07514058274831417,-0.10781133474557134,0.0383973323255978,1.5812668800354004,0.021711133420467377,0
mujoco,slope_forward,1,1,359,3.5899999999997156,1.0,0.0,0.408982482416562,0.06361728123376478,0.07515713567942027,-0.10297213249133395,0.03596236312166728,1.5830763578414917,0.020931951701641083,0
mujoco,slope_forward,1,1,360,3.5999999999997145,1.0,0.0,0.40899324175536644,0.06328069966584525,0.07522644240503666,-0.09828176036745506,0.03492707961543221,1.5870347023010254,0.024860335513949394,0
mujoco,slope_forward,1,1,361,3.6099999999997134,1.0,0.0,0.40902572390437436,0.06295142380487569,0.07527557748791612,-0.09366619272967477,0.03459241348074847,1.5882126092910767,0.021154994145035744,0
mujoco,slope_forward,1,1,362,3.6199999999997123,1.0,0.0,0.4090734352107287,0.06261238293796881,0.07527782394900623,-0.08930989056275623,0.034638988737900674,1.586984395980835,0.017666997388005257,0
mujoco,slope_forward,1,1,363,3.6299999999997112,1.0,0.0,0.4091279682479742,0.06225587470900969,0.07525489773384414,-0.0851479612853736,0.03499911687293283,1.5852434635162354,0.018164148554205894,0
mujoco,slope_forward,1,1,364,3.63999999999971,1.0,0.0,0.40918121911020217,0.06188025952986462,0.07519942915861251,-0.0811911917423807,0.035851994663910945,1.583985447883606,0.01826021634042263,0
mujoco,slope_forward,1,1,365,3.649999999999709,1.0,0.0,0.4092276864786821,0.06148229820149827,0.07513705490789535,-0.07752960336993663,0.036497290240106325,1.583425521850586,0.018961120396852493,0
mujoco,slope_forward,1,1,366,3.659999999999708,1.0,0.0,0.4092684372839283,0.06112182936889503,0.07507420449036216,-0.07261992693019383,0.028985694224182745,1.584505558013916,0.02186913602054119,0
mujoco,slope_forward,1,1,367,3.669999999999707,1.0,0.0,0.4093148954296369,0.06087690973704403,0.07504141149224211,-0.06779102478061458,0.02364054452947406,1.5839498043060303,0.025477569550275803,0
mujoco,slope_forward,1,1,368,3.6799999999997057,1.0,0.0,0.40936896376401555,0.060675401794395546,0.07502054691062938,-0.063149993938447,0.019926532117018298,1.581925868988037,0.024811897426843643,0
mujoco,slope_forward,1,1,369,3.6899999999997046,1.0,0.0,0.4094277353308196,0.06047781350136326,0.07500180308236348,-0.0586337899030289,0.017254241373601563,1.5832916498184204,0.02422679401934147,0
mujoco,slope_forward,1,1,370,3.6999999999997035,1.0,0.0,0.409487710974944,0.06027842632544511,0.07497660863571481,-0.05425993838397126,0.015437495026568845,1.5857480764389038,0.0236431322991848,0
mujoco,slope_forward,1,1,371,3.7099999999997024,1.0,0.0,0.409546201333692,0.06007732897857384,0.07494863958933728,-0.05004559536878359,0.014955204183029812,1.5891231298446655,0.02474476769566536,0
mujoco,slope_forward,1,1,372,3.7199999999997013,1.0,0.0,0.4096014230804633,0.05987437271595454,0.07492069164785473,-0.045971724617056405,0.014934375988591398,1.5937374830245972,0.025563152506947517,0
mujoco,slope_forward,1,1,373,3.7299999999997,1.0,0.0,0.40965258509292896,0.059676664841863354,0.0748968028255775,-0.04203013560415493,0.015301969028137867,1.5996043682098389,0.02671418897807598,0
mujoco,slope_forward,1,1,374,3.739999999999699,1.0,0.0,0.4096997558108765,0.05948905429928447,0.07487837609320368,-0.03820802902391401,0.015733596288868442,1.6061242818832397,0.02844422496855259,0
mujoco,slope_forward,1,1,375,3.749999999999698,1.0,0.0,0.4097435588738827,0.059311445690292494,0.07486282860421506,-0.034483836345363186,0.01646021177900492,1.6134529113769531,0.02969871647655964,0
mujoco,slope_forward,1,1,376,3.759999999999697,1.0,0.0,0.40979049442181686,0.05917795557734542,0.07483544896785095,-0.02918564462728564,0.007373263008973226,1.6218639612197876,0.031006138771772385,0
mujoco,slope_forward,1,1,377,3.769999999999696,1.0,0.0,0.40985057650523216,0.059115782025050724,0.0748195870670487,-0.02398063225250673,0.0030107774937806787,1.6287710666656494,0.031220532953739166,0
mujoco,slope_forward,1,1,378,3.7799999999996947,1.0,0.0,0.40992438019455274,0.05908832486608712,0.07480116380948727,-0.018817811747851836,0.0008940126051316432,1.6336463689804077,0.02871081791818142,0
mujoco,slope_forward,1,1,379,3.7899999999996936,1.0,0.0,0.41000974702100346,0.05907683308401044,0.07477642740188659,-0.01371838710778202,-0.0014555531585311568,1.6397919654846191,0.027088116854429245,0
mujoco,slope_forward,1,1,380,3.7999999999996925,1.0,0.0,0.4101047474290012,0.05907542437612909,0.07475214207839638,-0.008685439593325385,-0.0045160345101525464,1.647287368774414,0.02645043469965458,0
mujoco,slope_forward,1,1,381,3.8099999999996914,1.0,0.0,0.4102076280474952,0.059075676159051536,0.07472859994089213,-0.0036898752364050618,-0.007587820828145592,1.6561479568481445,0.026881694793701172,0
mujoco,slope_forward,1,1,382,3.8199999999996903,1.0,0.0,0.4103167579478941,0.05907533980308575,0.07469415483302073,0.0012932727007213315,-0.00947068304566041,1.6663612127304077,0.027091141790151596,0
mujoco,slope_forward,1,1,383,3.829999999999689,1.0,0.0,0.41043137701216176,0.05907485901726431,0.07463993242217651,0.0063110869085796295,-0.010851925718236784,1.6776646375656128,0.027569806203246117,0
mujoco,slope_forward,1,1,384,3.839999999999688,1.0,0.0,0.4105517461347074,0.05907542983943156,0.07456278464244503,0.01137314611661651,-0.012161826899518481,1.6894042491912842,0.027897479012608528,0
mujoco,slope_forward,1,1,385,3.849999999999687,1.0,0.0,0.41067834422110655,0.059078318768099346,0.07445330943930073,0.016517271773800638,-0.013787462559629024,1.701473593711853,0.027864012867212296,0
mujoco,slope_forward,1,1,386,3.859999999999686,1.0,0.0,0.41081187686536136,0.05908456396558456,0.07430836898879503,0.021734814898621904,-0.015805458711954788,1.7139898538589478,0.028398873284459114,0
mujoco,slope_forward,1,1,387,3.869999999999685,1.0,0.0,0.4109532351656341,0.05909493938600616,0.07412862509784032,0.027042602148097047,-0.01816852365807205,1.7266572713851929,0.02829902619123459,0
mujoco,slope_forward,1,1,388,3.8799999999996837,1.0,0.0,0.4111035200941911,0.05911288780660148,0.07392233683234488,0.03247025632942159,-0.020836198965066607,1.739363670349121,0.02803475223481655,0
mujoco,slope_forward,1,1,389,3.8899999999996826,1.0,0.0,0.41126365845467955,0.059137230991652724,0.0736894907231169,0.03802585930234739,-0.022899353770283567,1.7528376579284668,0.028792042285203934,0
mujoco,slope_forward,1,1,390,3.8999999999996815,1.0,0.0,0.41143484554968635,0.059166703232630256,0.07343845578728803,0.04370657553400697,-0.024693390915385235,1.766958236694336,0.028615042567253113,0
mujoco,slope_forward,1,1,391,3.9099999999996804,1.0,0.0,0.41161768426392753,0.0591991420695863,0.07316604850204014,0.049567388902379425,-0.027041918340638207,1.7816511392593384,0.02875610813498497,0
mujoco,slope_forward,1,1,392,3.9199999999996793,1.0,0.0,0.41181305606449337,0.059231219772103445,0.07287247506828151,0.0555948835109187,-0.02935802380873042,1.7966951131820679,0.028861600905656815,0
mujoco,slope_forward,1,1,393,3.929999999999678,1.0,0.0,0.41202173328257746,0.05925804320194611,0.07254851155039835,0.06181524289054319,-0.03199738265866059,1.811553716659546,0.028353199362754822,0
mujoco,slope_forward,1,1,394,3.939999999999677,1.0,0.0,0.4122438033711906,0.05927650755540368,0.0721912965284304,0.06822671825998415,-0.034971809797854816,1.8255565166473389,0.027350472286343575,0
mujoco,slope_forward,1,1,395,3.949999999999676,1.0,0.0,0.4124785373959273,0.05928229634629285,0.07181149778061761,0.07440846302038578,-0.03608070958649737,1.8386727571487427,0.026409868150949478,0
mujoco,slope_forward,1,1,396,3.959999999999675,1.0,0.0,0.4127246974676175,0.05927845408239938,0.07150833441934308,0.0794756583971132,-0.02589423296799364,1.8563627004623413,0.030807599425315857,0
mujoco,slope_forward,1,1,397,3.969999999999674,1.0,0.0,0.41298705090845816,0.059278003927875106,0.07117992872711669,0.08507550643528547,-0.018869702952226,1.8817976713180542,0.03705719858407974,0
mujoco,slope_forward,1,1,398,3.9799999999996727,1.0,0.0,0.4132717461479107,0.05928087614350408,0.07082429560148687,0.09085615458467229,-0.016101395292887333,1.9017572402954102,0.03077569045126438,0
mujoco,slope_forward,1,1,399,3.9899999999996716,1.0,0.0,0.4135790621060018,0.05927893987527045,0.07039736898326213,0.09702374464378635,-0.01543149575268902,1.9201608896255493,0.029944607987999916,0
mujoco,slope_forward,1,1,400,3.9999999999996705,1.0,0.0,0.4139077077833952,0.059269731276146154,0.06990871655097054,0.10341895845334437,-0.01679218813393931,1.9340044260025024,0.025071099400520325,0
mujoco,slope_forward,1,1,401,4.009999999999674,1.0,0.0,0.4142541885857462,0.05925128715496308,0.06935300977184651,0.11013416066763908,-0.019045662253766117,1.9452593326568604,0.02348865382373333,0
mujoco,slope_forward,1,1,402,4.019999999999677,1.0,0.0,0.41461404985893235,0.05920371218183018,0.06874182357590966,0.11710853246211467,-0.0218790391798096,1.9536902904510498,0.02082999236881733,0
mujoco,slope_forward,1,1,403,4.0299999999996805,1.0,0.0,0.41498206427738904,0.05911831673810833,0.06808124480276515,0.12440399833519972,-0.024248410345268052,1.961305022239685,0.02028782106935978,0
mujoco,slope_forward,1,1,404,4.039999999999684,1.0,0.0,0.4153527142915209,0.05898744276575827,0.067383270087206,0.13199469346518763,-0.0265262118814965,1.9674099683761597,0.02107055112719536,0
mujoco,slope_forward,1,1,405,4.049999999999687,1.0,0.0,0.41571935974780694,0.058794021409310296,0.06672468713660734,0.13851542049324955,-0.01881075333577339,1.9717587232589722,0.02080460451543331,0
mujoco,slope_forward,1,1,406,4.0599999999996905,1.0,0.0,0.4160843347424705,0.05864003967962624,0.06617300830530312,0.14470322048672846,-0.012142204443253018,1.9898276329040527,0.02738923765718937,0
mujoco,slope_forward,1,1,407,4.069999999999694,1.0,0.0,0.4164570052691348,0.058490750457907525,0.06578736598882454,0.15030168796811572,-0.02175506225765541,2.011836290359497,0.0346117727458477,0
mujoco,slope_forward,1,1,408,4.079999999999697,1.0,0.0,0.4168452444688789,0.05826684914196233,0.06537420760804472,0.15670515857607134,-0.02957761530165378,2.0378239154815674,0.037013642489910126,0
mujoco,slope_forward,1,1,409,4.0899999999997005,1.0,0.0,0.41725183067508703,0.05798592304549997,0.06489400099908435,0.16349289848216483,-0.03626450051470694,2.053044557571411,0.026115523651242256,0
mujoco,slope_forward,1,1,410,4.099999999999704,1.0,0.0,0.4176704448869443,0.057654184893333564,0.06430804157292111,0.17079363138980333,-0.041557438427791894,2.061703681945801,0.02322583645582199,0
mujoco,slope_forward,1,1,411,4.109999999999707,1.0,0.0,0.41809133199208265,0.05725905024211821,0.06372604280738198,0.17699405544071772,-0.03593612281510882,2.0647470951080322,0.02041914127767086,0
mujoco,slope_forward,1,1,412,4.119999999999711,1.0,0.0,0.4185152504227101,0.05692664116864407,0.06320541017129921,0.1836238907758401,-0.024866764215293498,2.082882881164551,0.025864312425255775,0
mujoco,slope_forward,1,1,413,4.129999999999714,1.0,0.0,0.4189462840323974,0.0566202553473347,0.06262800064434879,0.19088409613840632,-0.018831843296772913,2.0983147621154785,0.028232822194695473,0
mujoco,slope_forward,1,1,414,4.139999999999717,1.0,0.0,0.41937985142331,0.05628365174739867,0.0619994019933134,0.19769467128603252,-0.02272486604046395,2.1101996898651123,0.02341529168188572,0
mujoco,slope_forward,1,1,415,4.149999999999721,1.0,0.0,0.4198144096267764,0.055799435097318516,0.06145724055182028,0.2043417175782078,-0.038836745750418136,2.124724864959717,0.029551154002547264,0
mujoco,slope_forward,1,1,416,4.159999999999724,1.0,0.0,0.4202517400176182,0.05517455682679785,0.060967029210635446,0.21006865832860647,-0.0371878692729309,2.1404733657836914,0.02606889046728611,0
mujoco,slope_forward,1,1,417,4.169999999999727,1.0,0.0,0.4207039094309395,0.05463351030256753,0.060496588190938394,0.21674477050377003,-0.03179919702149828,2.166839122772217,0.03450775891542435,0
mujoco,slope_forward,1,1,418,4.179999999999731,1.0,0.0,0.421174665443545,0.054114895788317095,0.05989704979467216,0.22414061645117442,-0.02966454158146269,2.183779001235962,0.030947841703891754,0
mujoco,slope_forward,1,1,419,4.189999999999734,1.0,0.0,0.42165448596115634,0.05354231407376661,0.05913232570625561,0.23211187743406,-0.028315215661146843,2.1940486431121826,0.02402390167117119,0
mujoco,slope_forward,1,1,420,4.199999999999737,1.0,0.0,0.4221277488055355,0.05290036569081818,0.05840711168574454,0.2376114292802981,-0.031654399943322434,2.196927785873413,0.022732699289917946,0
mujoco,slope_forward,1,1,421,4.209999999999741,1.0,0.0,0.42260854784240587,0.05220826306929687,0.05790514735513681,0.24372367253455327,-0.03368177848648054,2.2260353565216064,0.04078830033540726,0
mujoco,slope_forward,1,1,422,4.219999999999744,1.0,0.0,0.4231120416523401,0.051482015251579534,0.05727150237652731,0.2510578245492129,-0.036535529305818056,2.256312608718872,0.03701664134860039,0
mujoco,slope_forward,1,1,423,4.229999999999747,1.0,0.0,0.42363353296305967,0.05071104463082468,0.056444058905009295,0.25887211266879057,-0.039062054014577,2.266380548477173,0.024235278367996216,0
mujoco,slope_forward,1,1,424,4.239999999999751,1.0,0.0,0.424159605841936,0.049910594922544335,0.055610486555792364,0.2651789691643843,-0.026369719536853437,2.272189140319824,0.023839358240365982,0
mujoco,slope_forward,1,1,425,4.249999999999754,1.0,0.0,0.4246980269936067,0.049146503371950506,0.05496802475284203,0.2712329346095112,-0.03109195617092258,2.302974224090576,0.0422176718711853,0
mujoco,slope_forward,1,1,426,4.259999999999757,1.0,0.0,0.4252612801404311,0.048257964593650476,0.05417136245039006,0.2787256191935881,-0.03974111638395423,2.3373281955718994,0.043999720364809036,0
mujoco,slope_forward,1,1,427,4.269999999999761,1.0,0.0,0.425845948917816,0.04728136884637535,0.053231355668851024,0.28557570240944197,-0.036214989127826905,2.3477988243103027,0.022271305322647095,0
mujoco,slope_forward,1,1,428,4.279999999999764,1.0,0.0,0.42644830918876964,0.04641701123774932,0.05223200880020296,0.2925899922505497,-0.026179224112244208,2.368673086166382,0.030585473403334618,0
mujoco,slope_forward,1,1,429,4.289999999999767,1.0,0.0,0.42707375719299123,0.0455364542786652,0.0513167742332316,0.2990208315185441,-0.03827143932343844,2.3908541202545166,0.03774174302816391,0
mujoco,slope_forward,1,1,430,4.299999999999771,1.0,0.0,0.4277221463290055,0.04445309720180762,0.050254107129861766,0.30590458214990696,-0.040649479056645794,2.417313814163208,0.03619295358657837,0
mujoco,slope_forward,1,1,431,4.309999999999774,1.0,0.0,0.4283982136755583,0.0434510268578481,0.04912742386127653,0.31303708060470964,-0.029147899304207924,2.438535213470459,0.027503246441483498,0
mujoco,slope_forward,1,1,432,4.319999999999777,1.0,0.0,0.42909752525259026,0.04253686777388149,0.04783482163594015,0.31999818076014475,-0.03403787699739256,2.4553213119506836,0.03640802949666977,0
mujoco,slope_forward,1,1,433,4.329999999999781,1.0,0.0,0.4298178276669587,0.0413992160378597,0.046626355310584844,0.3260362749395006,-0.039604923990203746,2.4719691276550293,0.033899351954460144,0
mujoco,slope_forward,1,1,434,4.339999999999784,1.0,0.0,0.4305669703065727,0.04028638428628876,0.0453471017611748,0.3332383724066768,-0.03127935439934351,2.5035412311553955,0.03825331851840019,0
mujoco,slope_forward,1,1,435,4.349999999999787,1.0,0.0,0.4313416361767929,0.039263981193343116,0.043805257648828554,0.340553648190281,-0.034461849411779315,2.5170724391937256,0.03318927809596062,0
mujoco,slope_forward,1,1,436,4.359999999999791,1.0,0.0,0.4321335758942728,0.038058026234186505,0.04240595208307545,0.3460838302059199,-0.03724306971701391,2.523655891418457,0.03200386464595795,0
mujoco,slope_forward,1,1,437,4.369999999999794,1.0,0.0,0.4329521473592607,0.036877331327725936,0.040933187136039516,0.35338712004624007,-0.031447855878609786,2.558208703994751,0.04216785356402397,0
mujoco,slope_forward,1,1,438,4.379999999999797,1.0,0.0,0.43379172096303065,0.0357527788514901,0.03921947180357374,0.3601987537169724,-0.034105236201209053,2.565763235092163,0.030895370990037918,0
mujoco,slope_forward,1,1,439,4.389999999999801,1.0,0.0,0.4346489272996238,0.03453809977160215,0.03772705506701818,0.36578929216671224,-0.032624598255912525,2.5771141052246094,0.03106096386909485,0
mujoco,slope_forward,1,1,440,4.399999999999804,1.0,0.0,0.4355301573800484,0.03330564558925548,0.03604593180156039,0.37338512472585406,-0.030174966115481473,2.6080007553100586,0.03919515013694763,0
mujoco,slope_forward,1,1,441,4.409999999999807,1.0,0.0,0.4364224413628741,0.03207661889894337,0.03431730057317921,0.37870827639921595,-0.030089669752109065,2.6036806106567383,0.03125813230872154,0
mujoco,slope_forward,1,1,442,4.419999999999811,1.0,0.0,0.4373295555476486,0.03080892840085215,0.03270164672832814,0.38511797567263045,-0.031267285070181304,2.6272029876708984,0.03860442712903023,0
mujoco,slope_forward,1,1,443,4.429999999999814,1.0,0.0,0.43825083804124937,0.029503372095989338,0.030886322240218176,0.39193343942275966,-0.026027977608776322,2.6380279064178467,0.026299582794308662,0
mujoco,slope_forward,1,1,444,4.439999999999817,1.0,0.0,0.4391795065520895,0.02827127283998246,0.029291659776271455,0.3968287083878055,-0.026918070494570866,2.6411855220794678,0.024299627169966698,0
mujoco,slope_forward,1,1,445,4.449999999999821,1.0,0.0,0.44011892562334193,0.02691468620079744,0.027559762378212293,0.40381240450433564,-0.03253435153935496,2.667814016342163,0.042463574558496475,0
mujoco,slope_forward,1,1,446,4.459999999999824,1.0,0.0,0.4410607623952942,0.025587540280913375,0.025897900038390792,0.4085400062879659,-0.024144257463574424,2.660520315170288,0.02914968878030777,0
mujoco,slope_forward,1,1,447,4.4699999999998274,1.0,0.0,0.44200761363009244,0.02424490308602886,0.024293617426845333,0.4147020760981426,-0.03018877171160707,2.685854196548462,0.044019803404808044,0
mujoco,slope_forward,1,1,448,4.479999999999831,1.0,0.0,0.44295317747194785,0.022837833669445622,0.022603100624543692,0.42000783029018773,-0.019446672706647114,2.6834046840667725,0.025691593065857887,0
mujoco,slope_forward,1,1,449,4.489999999999834,1.0,0.0,0.4438973931509686,0.021548057990766672,0.021103922228325817,0.4250231007103373,-0.024440690097738815,2.693476438522339,0.02762082777917385,0
mujoco,slope_forward,1,1,450,4.4999999999998375,1.0,0.0,0.4448360881725371,0.02009744882657343,0.019520062771407908,0.4305468366551563,-0.021146928922878658,2.7028648853302,0.029729923233389854,0
mujoco,slope_forward,1,1,451,4.509999999999841,1.0,0.0,0.44576415972979994,0.01881612409727367,0.0180557928338478,0.43506465904374275,-0.021246622786633817,2.700050115585327,0.018843764439225197,0
mujoco,slope_forward,1,1,452,4.519999999999844,1.0,0.0,0.44668034191395845,0.0173536499555482,0.016635130447659675,0.4399708417655836,-0.023372433083096493,2.7100164890289307,0.04426427558064461,0
mujoco,slope_forward,1,1,453,4.5299999999998475,1.0,0.0,0.4475807875754414,0.01602403832916196,0.015277418091691487,0.44443643139918704,-0.01831538621216633,2.7051937580108643,0.01968252845108509,0
mujoco,slope_forward,1,1,454,4.539999999999851,1.0,0.0,0.4484636594211445,0.014565603872816928,0.014003470324922268,0.4489312808666865,-0.023023974163000515,2.711980104446411,0.04666649177670479,0
mujoco,slope_forward,1,1,455,4.549999999999854,1.0,0.0,0.4493252723106736,0.013196861717782591,0.012797489827044274,0.4531121030764362,-0.01675221981611654,2.706371545791626,0.019080406054854393,0
mujoco,slope_forward,1,1,456,4.5599999999998575,1.0,0.0,0.4501639889482143,0.011741489722482339,0.011701194189816933,0.45711618721147684,-0.020303472031667998,2.707925319671631,0.03993827477097511,0
mujoco,slope_forward,1,1,457,4.569999999999861,1.0,0.0,0.45097812323485414,0.010380354270311025,0.010666486041029814,0.46107824359559846,-0.014256412177779544,2.708787679672241,0.01476839929819107,0
mujoco,slope_forward,1,1,458,4.579999999999864,1.0,0.0,0.4517645834813438,0.0089575886170987,0.00972254671162093,0.4646810804356042,-0.01720061414670816,2.7033839225769043,0.03542972356081009,0
mujoco,slope_forward,1,1,459,4.5899999999998675,1.0,0.0,0.4525223119695296,0.0076250118927161745,0.008832091306313922,0.4684534165031857,-0.011847702012012452,2.705127239227295,0.014052275568246841,0
mujoco,slope_forward,1,1,460,4.599999999999871,1.0,0.0,0.4532474380363705,0.006240252241879797,0.008029905354989193,0.4716697034482337,-0.0151715950114667,2.6957437992095947,0.03354744240641594,0
mujoco,slope_forward,1,1,461,4.609999999999874,1.0,0.0,0.453940132403889,0.004936870077674191,0.0073111667935013445,0.47495235525832774,-0.013490585253232613,2.6953859329223633,0.013670994900166988,0
mujoco,slope_forward,1,1,462,4.6199999999998775,1.0,0.0,0.45460226169075013,0.003551842565506894,0.006718145855369589,0.4776941195196423,-0.016098458598845553,2.6880240440368652,0.030527623370289803,0
mujoco,slope_forward,1,1,463,4.629999999999881,1.0,0.0,0.4552340256875586,0.0023155455386221027,0.006119335639361557,0.48092043409638263,-0.013446308667256636,2.687804937362671,0.01559435110539198,0
mujoco,slope_forward,1,1,464,4.639999999999884,1.0,0.0,0.4558337067651006,0.0009936176763410856,0.00561827625190771,0.4833433624327114,-0.01710732030301022,2.6766695976257324,0.03816232457756996,0
mujoco,slope_forward,1,1,465,4.649999999999888,1.0,0.0,0.45639919005185,-0.0001892626258657986,0.005105331444005303,0.4862524717480139,-0.015995679808517727,2.6723039150238037,0.018489092588424683,0
mujoco,slope_forward,1,1,466,4.659999999999891,1.0,0.0,0.45693251460331064,-0.001453127305376288,0.004723896791754048,0.48824989262093443,-0.017594123123280677,2.658935308456421,0.04036116227507591,0
mujoco,slope_forward,1,1,467,4.669999999999894,1.0,0.0,0.4574320184504756,-0.0025461970393450524,0.00430024295372781,0.49092511462879035,-0.017744864337183183,2.6526217460632324,0.022855671122670174,0
mujoco,slope_forward,1,1,468,4.679999999999898,1.0,0.0,0.45788274761540654,-0.0037991812096169002,0.0039685931978351635,0.492693716156554,-0.018317873897846466,2.635005474090576,0.04539480432868004,0
mujoco,slope_forward,1,1,469,4.689999999999901,1.0,0.0,0.4582965868664749,-0.004773811915044446,0.0037244525247940416,0.49470996147274265,-0.01964797478971994,2.629542589187622,0.02039846032857895,0
mujoco,slope_forward,1,1,470,4.699999999999904,1.0,0.0,0.45868109215758746,-0.005847386088655413,0.0035502870794882416,0.4960124493972852,-0.01230416369922598,2.61907696723938,0.04218564182519913,0
mujoco,slope_forward,1,1,471,4.709999999999908,1.0,0.0,0.45904462965910586,-0.006768333298191899,0.0033679629390497064,0.497821919710902,-0.018111697359433146,2.611938714981079,0.031828057020902634,0
mujoco,slope_forward,1,1,472,4.719999999999911,1.0,0.0,0.4593901359707845,-0.0077288720676902895,0.0032235080514897356,0.49880942274569084,-0.014070226598414844,2.59586238861084,0.0405094176530838,0
mujoco,slope_forward,1,1,473,4.729999999999914,1.0,0.0,0.45971901632651735,-0.00861212201690711,0.0030570529718056405,0.5001583071017982,-0.018239593848966028,2.588196277618408,0.02201654389500618,0
mujoco,slope_forward,1,1,474,4.739999999999918,1.0,0.0,0.46003305306641373,-0.009402362887337742,0.0029125524710621716,0.5009965979327984,-0.014386579418617589,2.5675039291381836,0.03454659506678581,0
mujoco,slope_forward,1,1,475,4.749999999999921,1.0,0.0,0.4603309026936708,-0.010190045757770834,0.0027474649025133234,0.5018087490004413,-0.01582784882664619,2.552151679992676,0.022718297317624092,0
mujoco,slope_forward,1,1,476,4.759999999999924,1.0,0.0,0.46061091047398683,-0.010814593777112715,0.002576765916600816,0.5025115015280365,-0.013637396297686587,2.528402090072632,0.03168352320790291,0
mujoco,slope_forward,1,1,477,4.769999999999928,1.0,0.0,0.4608706489344206,-0.01149998722641567,0.002366617610579069,0.5030477048813076,-0.013324724668288167,2.507114887237549,0.033089157193899155,0
mujoco,slope_forward,1,1,478,4.779999999999931,1.0,0.0,0.46110596687763644,-0.01201557630433422,0.0021831574967575923,0.5032794293873032,-0.015267482933573454,2.476780414581299,0.03903817757964134,0
mujoco,slope_forward,1,1,479,4.789999999999934,1.0,0.0,0.4613178375830594,-0.012604227293297044,0.0019933914228519047,0.5031885373476058,-0.010730839229058936,2.453916072845459,0.037764351814985275,0
mujoco,slope_forward,1,1,480,4.799999999999938,1.0,0.0,0.46151021463383307,-0.01303833447381745,0.0018246946396212743,0.5034749210929323,-0.013358110712024708,2.4285759925842285,0.03316699340939522,0
mujoco,slope_forward,1,1,481,4.809999999999941,1.0,0.0,0.4616789543783718,-0.013463392317896058,0.0016639523941323555,0.5025301022325126,-0.007999793941892309,2.3979578018188477,0.045395009219646454,0
mujoco,slope_forward,1,1,482,4.819999999999944,1.0,0.0,0.46183333887846223,-0.013813633894634369,0.0014806885232166956,0.5027727451980741,-0.011551647197250827,2.380723476409912,0.023980438709259033,0
mujoco,slope_forward,1,1,483,4.829999999999948,1.0,0.0,0.46196861546257445,-0.014070462288822014,0.001309506649847552,0.5012643815908231,-0.007143045547864138,2.343404531478882,0.05043072998523712,0
mujoco,slope_forward,1,1,484,4.839999999999951,1.0,0.0,0.46209149310779246,-0.014300726566398043,0.001050794217501543,0.5012092855793826,-0.006505484484291772,2.3280763626098633,0.022120436653494835,0
mujoco,slope_forward,1,1,485,4.849999999999954,1.0,0.0,0.46219911971712985,-0.01443209075561564,0.0008534814204777787,0.4993330420211338,-0.002554826768184454,2.2880771160125732,0.054455600678920746,0
mujoco,slope_forward,1,1,486,4.859999999999958,1.0,0.0,0.4622933417357224,-0.01452217156404185,0.0004801903577316885,0.4987590814890332,-0.002724171097883444,2.2720143795013428,0.02399945631623268,0
mujoco,slope_forward,1,1,487,4.869999999999961,1.0,0.0,0.4623828678308757,-0.014569572201935272,0.00027342681695070035,0.4967294167210312,-0.0010877031525146853,2.237515687942505,0.04568083956837654,0
mujoco,slope_forward,1,1,488,4.879999999999964,1.0,0.0,0.46246329793926566,-0.014556332415192011,-0.00014211065778663195,0.4953230493469464,0.0002843315288832387,2.2193832397460938,0.028417378664016724,0
mujoco,slope_forward,1,1,489,4.889999999999968,1.0,0.0,0.4625498373811829,-0.014466251807835909,-0.0004285845907119818,0.4935248909983492,0.00047111960258498125,2.1938047409057617,0.0348050519824028,0
mujoco,slope_forward,1,1,490,4.899999999999971,1.0,0.0,0.462629962200345,-0.014262136047658571,-0.0009543337170223281,0.4914928387520463,0.0019992517834959466,2.1663713455200195,0.041038092225790024,0
mujoco,slope_forward,1,1,491,4.909999999999974,1.0,0.0,0.46271480944543847,-0.013991527645524823,-0.0014109751870292225,0.489805160329229,0.0013705111020538752,2.1445705890655518,0.033007778227329254,0
mujoco,slope_forward,1,1,492,4.919999999999978,1.0,0.0,0.46279564661092587,-0.013666501482073014,-0.0019202307465777113,0.4867766136217602,0.0013613488486665113,2.1104865074157715,0.05098767578601837,0
mujoco,slope_forward,1,1,493,4.929999999999981,1.0,0.0,0.4628812885909692,-0.013251424002131224,-0.002500781624258729,0.4850569441054648,0.0004936664368882368,2.0941755771636963,0.032220810651779175,0
mujoco,slope_forward,1,1,494,4.939999999999984,1.0,0.0,0.4629674896747556,-0.012825742032560174,-0.0030471505510606136,0.4814893157431346,0.002620721007398883,2.057985305786133,0.056914493441581726,0
mujoco,slope_forward,1,1,495,4.949999999999988,1.0,0.0,0.4630563904152503,-0.012289427661320296,-0.0037747429619312354,0.4795530515188489,0.0008017234220049423,2.0409555435180664,0.03763376548886299,0
mujoco,slope_forward,1,1,496,4.959999999999991,1.0,0.0,0.4631464185330192,-0.011789455800109724,-0.004409645604613086,0.47569541795383724,0.002335352946124695,2.0050363540649414,0.06032857671380043,0
mujoco,slope_forward,1,1,497,4.969999999999994,1.0,0.0,0.4632352610813479,-0.011134252419452666,-0.005225523919723711,0.4733365599541345,-0.0009057482656438494,1.9844677448272705,0.04441634193062782,0
mujoco,slope_forward,1,1,498,4.979999999999998,1.0,0.0,0.46332547082657005,-0.010544236299117089,-0.005884384929900414,0.4690086347723001,0.0038280440354940726,1.9496604204177856,0.06225797161459923,0
mujoco,slope_forward,1,1,499,4.990000000000001,1.0,0.0,0.4634131469532052,-0.009757725187117013,-0.006757099794770286,0.4663472635670177,0.0003029291737586923,1.9294476509094238,0.0494217723608017,0
mujoco,slope_forward,1,1,500,5.000000000000004,1.0,0.0,0.4634997204288405,-0.009062637382666217,-0.007480763062035701,0.46176162027030904,0.005255881561204925,1.8954039812088013,0.06755142658948898,0
mujoco,slope_forward,1,1,501,5.010000000000008,1.0,0.0,0.46358078831743554,-0.008178310415240284,-0.008362829855823355,0.45858600562961654,0.0006927507266225382,1.8764495849609375,0.05228507146239281,0
mujoco,slope_forward,1,1,502,5.020000000000011,1.0,0.0,0.4636591337963223,-0.007396194879714477,-0.00911606877349431,0.45377207500796973,0.006911635883449267,1.8450571298599243,0.06829895824193954,0
mujoco,slope_forward,1,1,503,5.0300000000000145,1.0,0.0,0.4637313874396297,-0.006422696069890093,-0.00999780704383307,0.45015702091445553,0.0029557722670136683,1.827609896659851,0.05359197035431862,0
mujoco,slope_forward,1,1,504,5.040000000000018,1.0,0.0,0.4638001323796163,-0.005550776835026636,-0.010738247149774142,0.4450061488006356,0.010165158383510172,1.7979259490966797,0.06996636092662811,0
mujoco,slope_forward,1,1,505,5.050000000000021,1.0,0.0,0.4638634377148444,-0.004506178400023003,-0.011564886327556251,0.4408777441234274,0.005622408701005742,1.7818365097045898,0.055225200951099396,0
mujoco,slope_forward,1,1,506,5.0600000000000245,1.0,0.0,0.4639229375917598,-0.0035795349132889094,-0.012288986236508008,0.43553797176631404,0.01080914703206518,1.754360556602478,0.07096722722053528,0
mujoco,slope_forward,1,1,507,5.070000000000028,1.0,0.0,0.463977318510003,-0.0024853305780929086,-0.013046251638130705,0.43099783520016416,0.008583808596463047,1.7396188974380493,0.056621816009283066,0
mujoco,slope_forward,1,1,508,5.080000000000031,1.0,0.0,0.46402692245539917,-0.0015078726727940654,-0.01371882434328177,0.425557623381984,0.0079521714225606,1.715825080871582,0.06841500103473663,0
mujoco,slope_forward,1,1,509,5.0900000000000345,1.0,0.0,0.46407082701294816,-0.00038315592011879424,-0.01437385090903684,0.4206740665369827,0.011440982136479939,1.7028024196624756,0.05759776011109352,0
mujoco,slope_forward,1,1,510,5.100000000000038,1.0,0.0,0.46410979873085323,0.0006639929054854003,-0.014905335203155538,0.41495799221656615,0.005175447300288304,1.6830166578292847,0.06426512449979782,0
mujoco,slope_forward,1,1,511,5.110000000000041,1.0,0.0,0.46414476119399817,0.0018023858758109965,-0.015381424473558012,0.40984402886857485,0.016046906476988095,1.673581600189209,0.056303609162569046,0
mujoco,slope_forward,1,1,512,5.1200000000000445,1.0,0.0,0.46417478638955534,0.002943793123931465,-0.015750964030166265,0.40392348730029926,0.0014285064659695676,1.6565706729888916,0.05959595739841461,0
mujoco,slope_forward,1,1,513,5.130000000000048,1.0,0.0,0.4642006845529317,0.0040573278007371245,-0.015982914411114584,0.39821341466648763,0.014496707665728966,1.650489330291748,0.05450738966464996,0
mujoco,slope_forward,1,1,514,5.140000000000051,1.0,0.0,0.4642203876589025,0.005309624507884448,-0.016244766897515313,0.3924392949044251,0.004566049364671587,1.6396793127059937,0.050133947283029556,0
mujoco,slope_forward,1,1,515,5.1500000000000545,1.0,0.0,0.46423624857282014,0.006428769538824547,-0.01639033244357197,0.38575876175917695,0.004127183014204085,1.6323014497756958,0.054044898599386215,0
mujoco,slope_forward,1,1,516,5.160000000000058,1.0,0.0,0.46425474112232984,0.007672359161596853,-0.016484955159505373,0.38021375057724166,0.01214882578447197,1.6282051801681519,0.04783683270215988,0
mujoco,slope_forward,1,1,517,5.170000000000061,1.0,0.0,0.46427123756480043,0.008913503593910679,-0.016537144721835862,0.37352922025873786,-0.002166897577508105,1.6191564798355103,0.050807103514671326,0
mujoco,slope_forward,1,1,518,5.1800000000000646,1.0,0.0,0.46429022673892084,0.010115318844558139,-0.016407638363701786,0.3668446821526956,0.008429018273649669,1.6181291341781616,0.04735605791211128,0
mujoco,slope_forward,1,1,519,5.190000000000068,1.0,0.0,0.4643140759718961,0.011426078446260852,-0.016331459171370983,0.3612312580982366,0.007202811305960054,1.616658329963684,0.03981113061308861,0
mujoco,slope_forward,1,1,520,5.200000000000071,1.0,0.0,0.4643346012197327,0.012661820971259822,-0.016200728618924506,0.3541949434498808,-0.002399953234495022,1.6106468439102173,0.044708557426929474,0
mujoco,slope_forward,1,1,521,5.210000000000075,1.0,0.0,0.4643616726256239,0.013893498666419408,-0.015862999412194614,0.3475370200681759,0.003921836407439821,1.6155896186828613,0.04029427096247673,0
mujoco,slope_forward,1,1,522,5.220000000000078,1.0,0.0,0.46439809782423774,0.015214688163663153,-0.015652628946264735,0.34225269121832286,0.00546987803228396,1.6135036945343018,0.03400909900665283,0
mujoco,slope_forward,1,1,523,5.230000000000081,1.0,0.0,0.4644337176650863,0.016483180495888764,-0.015311706523154493,0.33463475025944367,-0.00421076737988431,1.607444167137146,0.04025330767035484,0
mujoco,slope_forward,1,1,524,5.240000000000085,1.0,0.0,0.4644780461282969,0.017734063602598334,-0.01477841707664416,0.3279575220405746,-0.001183561805377628,1.6159894466400146,0.03827447071671486,0
mujoco,slope_forward,1,1,525,5.250000000000088,1.0,0.0,0.4645406346026046,0.019038259367586775,-0.01431538345871822,0.3223456707455715,-7.533874993775478e-05,1.6137863397598267,0.02886894717812538,0
mujoco,slope_forward,1,1,526,5.260000000000091,1.0,0.0,0.4646085595252799,0.020331995526335547,-0.013931028666364588,0.3159510167209904,-0.0029818594354340537,1.6104230880737305,0.031147237867116928,0
mujoco,slope_forward,1,1,527,5.270000000000095,1.0,0.0,0.46468315516558056,0.021598850366499615,-0.01322522555455321,0.3083102644723234,-0.002437690131525086,1.6123206615447998,0.029292995110154152,0
mujoco,slope_forward,1,1,528,5.280000000000098,1.0,0.0,0.4647774846761943,0.022869762397822686,-0.012538596691046016,0.3024103493787009,-0.0039014205128476242,1.6163030862808228,0.025660773739218712,0
mujoco,slope_forward,1,1,529,5.290000000000101,1.0,0.0,0.46489048972162544,0.024119863888433686,-0.011955494086514291,0.2972290822488517,-0.007248372976869717,1.6138367652893066,0.026403410360217094,0
mujoco,slope_forward,1,1,530,5.300000000000105,1.0,0.0,0.4650052397830796,0.025329632321200803,-0.011415123953979953,0.2909368870970657,0.00048181653457089063,1.6103686094284058,0.02538670413196087,0
mujoco,slope_forward,1,1,531,5.310000000000108,1.0,0.0,0.4651287618742316,0.026602583678831292,-0.010542041019035159,0.2835797296325858,-0.005206977740736961,1.611776351928711,0.02543863095343113,0
mujoco,slope_forward,1,1,532,5.320000000000111,1.0,0.0,0.46527337346715214,0.027834150196143475,-0.00970572552286999,0.27794667438083487,-0.014048556775926407,1.616572618484497,0.025529908016324043,0
mujoco,slope_forward,1,1,533,5.330000000000115,1.0,0.0,0.465438659031689,0.029026925101510222,-0.008955633123725482,0.27291609414783624,-0.019593053916458925,1.6136040687561035,0.023183956742286682,0
mujoco,slope_forward,1,1,534,5.340000000000118,1.0,0.0,0.4656100661240488,0.030189550953013764,-0.008231029900678507,0.2672627026285415,-0.007167627633866866,1.611168384552002,0.01739545166492462,0
mujoco,slope_forward,1,1,535,5.350000000000121,1.0,0.0,0.46579003471260316,0.03144551952484185,-0.007415250043325805,0.2614800631308313,0.0003105175779917047,1.6112700700759888,0.02428412437438965,0
mujoco,slope_forward,1,1,536,5.360000000000125,1.0,0.0,0.4659882041602082,0.03267548539498965,-0.006455606487380416,0.2552678961576203,-0.014545162063413632,1.6109730005264282,0.02029419131577015,0
mujoco,slope_forward,1,1,537,5.370000000000128,1.0,0.0,0.46620648196246517,0.0338249499214516,-0.005556748461610542,0.25030733221818985,-0.025430599364758295,1.614200472831726,0.029800044372677803,0
mujoco,slope_forward,1,1,538,5.380000000000131,1.0,0.0,0.4664413358875792,0.034929126023732646,-0.004721114093574308,0.2459142198872186,-0.03324575322500273,1.6122357845306396,0.020785005763173103,0
mujoco,slope_forward,1,1,539,5.390000000000135,1.0,0.0,0.46669021975618913,0.036026950618050585,-0.0038076662873429445,0.24040497749786,-0.014539657404564445,1.6104587316513062,0.022360024973750114,0
mujoco,slope_forward,1,1,540,5.400000000000138,1.0,0.0,0.4669578756536368,0.03717009705333634,-0.002942410163952237,0.23605433563267952,-0.0032162264419606365,1.6109720468521118,0.03246282413601875,0
mujoco,slope_forward,1,1,541,5.410000000000141,1.0,0.0,0.46724711780782857,0.03832010618600824,-0.002126014353365482,0.23178710584100456,-0.00242631402059857,1.6078050136566162,0.019882554188370705,0
mujoco,slope_forward,1,1,542,5.420000000000145,1.0,0.0,0.4675533937592258,0.039430143203414245,-0.0012151433211586024,0.2267977303448635,-0.020108269376421344,1.60736882686615,0.023899560794234276,0
mujoco,slope_forward,1,1,543,5.430000000000148,1.0,0.0,0.4678784964992108,0.04045732465485535,-0.0003524084312903934,0.22289695218524966,-0.033689290525648334,1.610744595527649,0.033446453511714935,0
mujoco,slope_forward,1,1,544,5.440000000000151,1.0,0.0,0.46822457034555576,0.04144999538085146,0.0004565924678557518,0.21950349095625232,-0.04227014338004054,1.6090701818466187,0.02300298772752285,0
mujoco,slope_forward,1,1,545,5.450000000000155,1.0,0.0,0.46858701003818354,0.04241288827758519,0.0013446051549071574,0.2149137233601476,-0.025282578694742527,1.6088347434997559,0.021835295483469963,0
mujoco,slope_forward,1,1,546,5.460000000000158,1.0,0.0,0.46896804601060627,0.04341637943212811,0.002206941945243319,0.21135377860097396,-0.010645316205305963,1.6125679016113281,0.035557299852371216,0
mujoco,slope_forward,1,1,547,5.470000000000161,1.0,0.0,0.46937279691917855,0.044419367500315485,0.0030410481040875547,0.2082340451556276,-0.0042925205526906105,1.6121927499771118,0.02536434307694435,0
mujoco,slope_forward,1,1,548,5.480000000000165,1.0,0.0,0.4697964600349091,0.04538633376925795,0.003763010365190403,0.2060462216770079,-0.0011809933216575532,1.6128838062286377,0.02308710664510727,0
mujoco,slope_forward,1,1,549,5.490000000000168,1.0,0.0,0.47023250863038774,0.04634488841592926,0.004479668158256404,0.20303506631156287,-0.011641518835233157,1.6131092309951782,0.018644550815224648,0
mujoco,slope_forward,1,1,550,5.500000000000171,1.0,0.0,0.47067815506141414,0.047246750314592294,0.005298578031997816,0.20011692809778353,-0.028342857407605386,1.6189444065093994,0.028816064819693565,0
mujoco,slope_forward,1,1,551,5.510000000000175,1.0,0.0,0.47113637786748447,0.048095975442379015,0.006094085236514827,0.19803700945734304,-0.03736977341833961,1.625910758972168,0.030870435759425163,0
mujoco,slope_forward,1,1,552,5.520000000000178,1.0,0.0,0.47160679682539786,0.04892386592894609,0.006866860271612061,0.19628151054569803,-0.04021223590498015,1.6276652812957764,0.02421349659562111,0
mujoco,slope_forward,1,1,553,5.530000000000181,1.0,0.0,0.4720857788583501,0.04971780319311967,0.007758015636250748,0.19335364751965925,-0.02016226207748588,1.6315357685089111,0.029840346425771713,0
mujoco,slope_forward,1,1,554,5.540000000000185,1.0,0.0,0.4725753649444467,0.050522009643049155,0.008613456890395414,0.19146841062987377,-0.006927529482099103,1.6403398513793945,0.04199887439608574,0
mujoco,slope_forward,1,1,555,5.550000000000188,1.0,0.0,0.4730809454870837,0.05132589372433731,0.009455060134447862,0.18990481882787713,-0.000916745352960613,1.6442573070526123,0.02777697518467903,0
mujoco,slope_forward,1,1,556,5.5600000000001915,1.0,0.0,0.4735992840584822,0.052110996793999866,0.010216207096493441,0.18916279838439842,0.0036250918527158224,1.6498420238494873,0.02654235251247883,0
mujoco,slope_forward,1,1,557,5.570000000000195,1.0,0.0,0.4741261981962502,0.0528863278880566,0.010918165819613058,0.18844092583995134,0.003998700061407729,1.6544686555862427,0.023882247507572174,0
mujoco,slope_forward,1,1,558,5.580000000000198,1.0,0.0,0.47465881400741633,0.053633466908602455,0.011768465927088953,0.18677114735853628,-0.01160405765029567,1.6617774963378906,0.029259800910949707,0
mujoco,slope_forward,1,1,559,5.5900000000002015,1.0,0.0,0.475199295300419,0.0543165360554063,0.012606598606127936,0.1860886802451767,-0.020998552627572567,1.675472378730774,0.0396452322602272,0
mujoco,slope_forward,1,1,560,5.600000000000205,1.0,0.0,0.47575169848524035,0.05497590517357371,0.01343351763727046,0.18578393266578727,-0.02497122357442895,1.6829630136489868,0.031889233738183975,0
mujoco,slope_forward,1,1,561,5.610000000000208,1.0,0.0,0.4763137610913819,0.055609064623641034,0.014199693601527693,0.1861899905775559,-0.02646843071512627,1.6909675598144531,0.03397985175251961,0
mujoco,slope_forward,1,1,562,5.6200000000002115,1.0,0.0,0.47688217531792026,0.05621974189960633,0.014901696241489872,0.18708901612317014,-0.026098989161448944,1.697190284729004,0.030146855860948563,0
mujoco,slope_forward,1,1,563,5.630000000000215,1.0,0.0,0.47745169770334867,0.056805763747260075,0.015548936498783514,0.18777492630794945,-0.017252656702992163,1.704309105873108,0.02772287093102932,0
mujoco,slope_forward,1,1,564,5.640000000000218,1.0,0.0,0.47801906774709063,0.0573946687970941,0.016252737666556827,0.18801501329235334,0.0008848850121395463,1.7166612148284912,0.033503755927085876,0
mujoco,slope_forward,1,1,565,5.6500000000002215,1.0,0.0,0.47858878667681065,0.05800523980676961,0.016927948492584468,0.18902695891142335,0.013721530351006815,1.7332109212875366,0.04129694774746895,0
mujoco,slope_forward,1,1,566,5.660000000000225,1.0,0.0,0.47916382814824865,0.05862360829675673,0.01771569703555794,0.18858984981323546,0.003069040051192666,1.7487159967422485,0.037914350628852844,0
mujoco,slope_forward,1,1,567,5.670000000000228,1.0,0.0,0.47974905770669707,0.05915968464263933,0.018511869066552483,0.18917037341366122,-0.005354271374404373,1.770746111869812,0.047317903488874435,0
mujoco,slope_forward,1,1,568,5.6800000000002315,1.0,0.0,0.4803506706415702,0.05966463633316801,0.019233478075667956,0.190334104329608,-0.007734734126795128,1.7872198820114136,0.040113091468811035,0
mujoco,slope_forward,1,1,569,5.690000000000235,1.0,0.0,0.4809669431514079,0.06015422889540939,0.019850531651504376,0.19212423006132517,-0.008404096219224689,1.798414707183838,0.03575301170349121,0
mujoco,slope_forward,1,1,570,5.700000000000238,1.0,0.0,0.4815931080208252,0.06062809978906749,0.020368422643299484,0.1944662471052862,-0.007321287500155584,1.8091809749603271,0.033078547567129135,0
mujoco,slope_forward,1,1,571,5.7100000000002415,1.0,0.0,0.4822232505040275,0.061087100537125356,0.020787182237314475,0.1973887535286668,-0.005979565479986213,1.8199543952941895,0.031432922929525375,0
mujoco,slope_forward,1,1,572,5.720000000000245,1.0,0.0,0.4828513261455881,0.06152635957532225,0.021116645238381394,0.2008692886252168,-0.004278709852041892,1.8302415609359741,0.02900056540966034,0
mujoco,slope_forward,1,1,573,5.730000000000248,1.0,0.0,0.4834717072965316,0.06194502033152869,0.021464892928072705,0.2036519840123357,-0.016665365533541854,1.839248776435852,0.026857955381274223,0
mujoco,slope_forward,1,1,574,5.740000000000252,1.0,0.0,0.48408479370310165,0.06231332284522138,0.0220910453311124,0.20465156017934327,-0.015104927581541515,1.8612360954284668,0.04210490360856056,0
mujoco,slope_forward,1,1,575,5.750000000000255,1.0,0.0,0.48470376035894225,0.06266780377438064,0.02277883567362753,0.20674305567525988,-0.012500458521208268,1.8951328992843628,0.05516090244054794,0
mujoco,slope_forward,1,1,576,5.760000000000258,1.0,0.0,0.4853386651637384,0.06304523526098268,0.023375849654042973,0.20957015554446368,-0.009119520416909221,1.9180151224136353,0.044410910457372665,0
mujoco,slope_forward,1,1,577,5.770000000000262,1.0,0.0,0.48598823616572345,0.06343847570067253,0.023847529410617026,0.2130400959540553,-0.005246799235144702,1.9342036247253418,0.03961271047592163,0
mujoco,slope_forward,1,1,578,5.780000000000265,1.0,0.0,0.4866460688310798,0.0638044031787629,0.024181965769969362,0.21715440326643984,-0.0023815160823854086,1.9482327699661255,0.03433483839035034,0
mujoco,slope_forward,1,1,579,5.790000000000268,1.0,0.0,0.4873038881933381,0.06414461684804726,0.024400295238132256,0.22159480029883658,-0.00395543021779525,1.9593322277069092,0.029331177473068237,0
mujoco,slope_forward,1,1,580,5.800000000000272,1.0,0.0,0.48795574548803616,0.06440755127196632,0.024739974889842066,0.22492196498646527,-0.029231248374028313,1.9712998867034912,0.027061285451054573,0
mujoco,slope_forward,1,1,581,5.810000000000275,1.0,0.0,0.4886033584188402,0.064567250970367,0.02511964477089047,0.22864330628352514,-0.037878127824371485,1.9966280460357666,0.042154256254434586,0
mujoco,slope_forward,1,1,582,5.820000000000278,1.0,0.0,0.4892536076155444,0.06473430613843666,0.025619980383355608,0.23189161450218504,-0.024810127670024208,2.0228729248046875,0.042940426617860794,0
mujoco,slope_forward,1,1,583,5.830000000000282,1.0,0.0,0.48991322380707775,0.06492915447382157,0.026069277960294245,0.23622831005560155,-0.014658339168091894,2.0518829822540283,0.04946042224764824,0
mujoco,slope_forward,1,1,584,5.840000000000285,1.0,0.0,0.49058227503065654,0.06511095459092771,0.02635675547953347,0.24130100800497947,-0.008668336788009053,2.073625326156616,0.041782304644584656,0
mujoco,slope_forward,1,1,585,5.850000000000288,1.0,0.0,0.4912539310235076,0.06527743908950881,0.02652376493855299,0.24618569120711783,-0.014069815377521286,2.089982748031616,0.034656822681427,0
mujoco,slope_forward,1,1,586,5.860000000000292,1.0,0.0,0.49192653179660906,0.06538774537124493,0.02681243392390097,0.25068150899229347,-0.03452720170106218,2.106753349304199,0.03244933485984802,0
mujoco,slope_forward,1,1,587,5.870000000000295,1.0,0.0,0.4926008328895586,0.06542070826920815,0.02708654535715781,0.2554049443808689,-0.0390405995312444,2.1291165351867676,0.037378545850515366,0
mujoco,slope_forward,1,1,588,5.880000000000298,1.0,0.0,0.49328022245011754,0.06543936180784683,0.027410376960600304,0.26007746643479007,-0.027619131994796355,2.1538422107696533,0.03735733777284622,0
mujoco,slope_forward,1,1,589,5.890000000000302,1.0,0.0,0.49396932544554223,0.06549177313925536,0.027637625020490345,0.2657844465630144,-0.017020909175581106,2.1808900833129883,0.04118699952960014,0
mujoco,slope_forward,1,1,590,5.900000000000305,1.0,0.0,0.49466410089916474,0.06554369854997479,0.027748008805167455,0.2713655814171996,-0.018265586177621303,2.2003934383392334,0.03768911585211754,0
mujoco,slope_forward,1,1,591,5.910000000000308,1.0,0.0,0.4953636677391473,0.06550209032258651,0.027939465850980175,0.2766971639402942,-0.03662867343804869,2.2238101959228516,0.040008001029491425,0
mujoco,slope_forward,1,1,592,5.920000000000312,1.0,0.0,0.4960694379286384,0.06531095485917987,0.028112963390638426,0.2818199077623591,-0.036240361519028784,2.2501754760742188,0.039263539016246796,0
mujoco,slope_forward,1,1,593,5.930000000000315,1.0,0.0,0.4967911024272089,0.06517216076363878,0.028276355656764954,0.28759728860910744,-0.027135861280282003,2.2857024669647217,0.04585890471935272,0
mujoco,slope_forward,1,1,594,5.940000000000318,1.0,0.0,0.4975327975338423,0.06509784964880908,0.02832342739728441,0.29454078300010367,-0.02140553175753806,2.3165249824523926,0.044816210865974426,0
mujoco,slope_forward,1,1,595,5.950000000000322,1.0,0.0,0.49828430126092754,0.06499200365211003,0.028284186392167565,0.30058667018538876,-0.03978729900313465,2.3404722213745117,0.03823261335492134,0
mujoco,slope_forward,1,1,596,5.960000000000325,1.0,0.0,0.4990478635138135,0.06465779677995752,0.028267340899868095,0.3061687379998633,-0.04441850644080518,2.372835159301758,0.04743937402963638,0
mujoco,slope_forward,1,1,597,5.970000000000328,1.0,0.0,0.49983997740152847,0.06436672989968217,0.028231065114340363,0.3128748398629057,-0.03711071763571507,2.420983076095581,0.05696553364396095,0
mujoco,slope_forward,1,1,598,5.980000000000332,1.0,0.0,0.5006655967484951,0.06412360289525053,0.027919806895923587,0.32087000097625346,-0.03501468132142468,2.4593400955200195,0.05363475903868675,0
mujoco,slope_forward,1,1,599,5.990000000000335,1.0,0.0,0.5015148415639751,0.06383066253861319,0.027513032059637312,0.32695098833027614,-0.0506931841795515,2.482624053955078,0.03609909117221832,0
mujoco,slope_forward,1,1,600,6.000000000000338,1.0,0.0,0.5023981021010417,0.06340299908217323,0.02721872089868838,0.3332950116993065,-0.05191069163032628,2.5329480171203613,0.06435864418745041,0
mujoco,slope_forward,1,1,601,6.010000000000342,1.0,0.0,0.5033337731586832,0.06300406826899527,0.02664432439265919,0.341633136106705,-0.05004428689561234,2.5958359241485596,0.07276912778615952,0
mujoco,slope_forward,1,1,602,6.020000000000345,1.0,0.0,0.5043197576201098,0.06260691652246321,0.02568286802085024,0.3498864036738807,-0.05580920001718771,2.6288204193115234,0.05053340643644333,0
mujoco,slope_forward,1,1,603,6.030000000000348,1.0,0.0,0.5053598021842509,0.0621103219805151,0.02487902835548109,0.35610144206673794,-0.061774313233554076,2.6713595390319824,0.0614837184548378,0
mujoco,slope_forward,1,1,604,6.040000000000352,1.0,0.0,0.5064763862783817,0.06161620105668114,0.023784561156028443,0.3651741248973545,-0.06517694060353015,2.751732110977173,0.09825724363327026,0
mujoco,slope_forward,1,1,605,6.050000000000355,1.0,0.0,0.5076782394264645,0.06114194624687986,0.02221561448417728,0.37438136105960673,-0.061409628153537586,2.7969911098480225,0.07125388085842133,0
mujoco,slope_forward,1,1,606,6.060000000000358,1.0,0.0,0.5089714063225287,0.06070540037222014,0.020699198154948004,0.38144864466927636,-0.06950796721608539,2.8448164463043213,0.08287888765335083,0
mujoco,slope_forward,1,1,607,6.070000000000362,1.0,0.0,0.5103813112937086,0.06023180782348183,0.018836819276405372,0.3914082326606151,-0.08217814787853205,2.936749219894409,0.1254427134990692,0
mujoco,slope_forward,1,1,608,6.080000000000365,1.0,0.0,0.5119199768788394,0.059776747054394806,0.01642560205852386,0.4011679438603723,-0.07119554639686798,2.9977052211761475,0.11604174971580505,0
mujoco,slope_forward,1,1,609,6.0900000000003685,1.0,0.0,0.5136005801040557,0.05951723906843071,0.013927281194874363,0.40966613443397787,-0.08442107870471421,3.0585525035858154,0.1291549801826477,0
mujoco,slope_forward,1,1,610,6.100000000000372,1.0,0.0,0.515443595053648,0.059150412503292095,0.01096852099845731,0.4205256955292414,-0.09780926160835202,3.1591415405273438,0.1766158938407898,0
mujoco,slope_forward,1,1,611,6.110000000000375,1.0,0.0,0.517473396816648,0.05887081926446345,0.007683216357837188,0.4310752990641874,-0.08286875529386488,3.2660906314849854,0.2144060730934143,0
mujoco,slope_forward,1,1,612,6.1200000000003785,1.0,0.0,0.5197101411937799,0.058758752237334795,0.003989604961869943,0.44211617787652474,-0.10406072153352061,3.3947322368621826,0.2560647130012512,0
mujoco,slope_forward,1,1,613,6.130000000000382,1.0,0.0,0.5221828127496326,0.058575184437962134,-4.9333952897573324e-05,0.45319568245863945,-0.0997512484818975,3.572751760482788,0.31992393732070923,0
mujoco,slope_forward,1,1,614,6.140000000000385,1.0,0.0,0.524927833853333,0.058662090460629236,-0.004604115930474656,0.4659771631128327,-0.10318174752069771,3.797795534133911,0.358946830034256,0
mujoco,slope_forward,1,1,615,6.1500000000003885,1.0,0.0,0.5279585806028523,0.058716655434571635,-0.009599860376952915,0.4778935857167157,-0.09957204138313967,4.052379131317139,0.4223152995109558,0
mujoco,slope_forward,1,1,616,6.160000000000392,1.0,0.0,0.5312651986738112,0.05873440652590958,-0.014945385292372432,0.4912059364311234,-0.06901460716276607,4.340099811553955,0.45922085642814636,0
mujoco,slope_forward,1,1,617,6.170000000000395,1.0,0.0,0.5347195406257365,0.058355534782779626,-0.020595329716398648,0.5015077524388267,-0.03543345272200717,4.603732585906982,0.5421811938285828,0
mujoco,slope_forward,1,1,618,6.1800000000003985,1.0,0.0,0.5381303578011313,0.057247789393447074,-0.024915555582642898,0.5081302293581372,0.030184226954915398,4.825136661529541,0.6053831577301025,0
mujoco,slope_forward,1,1,619,6.190000000000402,1.0,0.0,0.5412917330869358,0.05611548116702487,-0.025283534663392917,0.5053384053074713,0.17406608844240057,4.864566326141357,1.0400409698486328,0
mujoco,slope_forward,1,1,620,6.200000000000405,1.0,0.0,0.5441798223624025,0.05364291232822516,-0.022548181323001914,0.504632731782298,0.4362614130508273,4.402517318725586,0.7283764481544495,0
mujoco,slope_forward,1,1,621,6.2100000000004085,1.0,0.0,0.5466627780110538,0.047224230103162956,-0.019849833318390568,0.5070879646298808,0.6235067517410057,3.6859099864959717,1.1651742458343506,0
mujoco,slope_forward,1,1,622,6.220000000000412,1.0,0.0,0.5486548365255399,0.041684088362121514,-0.015502309408252432,0.509547267911529,0.6972618813083088,3.6332879066467285,0.8395810723304749,0
mujoco,slope_forward,1,1,623,6.230000000000415,1.0,0.0,0.5504571410673569,0.03802240592679733,-0.011440450846281711,0.5195167285363039,0.6992400840187334,3.721391201019287,0.46987196803092957,0
mujoco,slope_forward,1,1,624,6.2400000000004185,1.0,0.0,0.5519450054433384,0.031516389281551954,-0.007701241015046968,0.5214591470853509,0.8010714136369425,3.3421523571014404,0.4947761297225952,0
mujoco,slope_forward,1,1,625,6.250000000000422,1.0,0.0,0.5529188287228471,0.026040804646846903,-0.0024919317550746107,0.5226577113770958,0.7509023427747887,3.435256004333496,0.47228100895881653,0
mujoco,slope_forward,1,1,626,6.260000000000425,1.0,0.0,0.5534208492099988,0.020894019777404522,0.0030297241383378986,0.5244383076141161,0.6753645849028418,3.2567012310028076,0.44907712936401367,0
mujoco,slope_forward,1,1,627,6.270000000000429,1.0,0.0,0.5535779320131377,0.015538937876280651,0.009574622025208795,0.525227334226978,0.54352108819259,3.1431515216827393,0.9345257878303528,0
mujoco,slope_forward,1,1,628,6.280000000000432,1.0,0.0,0.5537178281092109,0.010850364169733544,0.014444871322390872,0.5353192941500106,0.22907187172494423,3.4522740840911865,0.844190776348114,0
mujoco,slope_forward,1,1,629,6.290000000000435,1.0,0.0,0.553925787180695,0.006211856704908479,0.01820447611699854,0.5400951878013062,-0.018383835612064206,3.3412413597106934,0.34860318899154663,0
mujoco,slope_forward,1,1,630,6.300000000000439,1.0,0.0,0.5542125447865239,0.0021433268727615246,0.02290071271120398,0.5434358538554392,-0.10490352157528955,3.444492816925049,0.3195157051086426,0
mujoco,slope_forward,1,1,631,6.310000000000442,1.0,0.0,0.5545913329572338,-0.0018702319849036016,0.026792847636476547,0.5499677022435652,-0.13559909748664387,3.6169745922088623,0.21827124059200287,0
mujoco,slope_forward,1,1,632,6.320000000000445,1.0,0.0,0.5551022248457184,-0.005479617939231983,0.030223709776200567,0.5559269349965025,-0.13819494773908664,3.69329833984375,0.15181198716163635,0
mujoco,slope_forward,1,1,633,6.330000000000449,1.0,0.0,0.5556037287502671,-0.008631364178401869,0.033215052312372526,0.5588873623256239,-0.1444441995534797,3.6800029277801514,0.5762845277786255,0
mujoco,slope_forward,1,1,634,6.340000000000452,1.0,0.0,0.5559496902804419,-0.011473748782269186,0.03780518797272,0.5567858560042582,-0.2135125390580383,3.6055808067321777,0.6340595483779907,0
mujoco,slope_forward,1,1,635,6.350000000000455,1.0,0.0,0.5561453017290757,-0.014092062568463305,0.042635304293678664,0.5597779831610901,-0.2793935197278523,3.6777184009552,0.4833861291408539,0
mujoco,slope_forward,1,1,636,6.360000000000459,1.0,0.0,0.5561715091340772,-0.013846972768688435,0.0465137065789271,0.5629464883071719,-0.3678528287745383,3.869227647781372,0.390112966299057,0
mujoco,slope_forward,1,1,637,6.370000000000462,1.0,0.0,0.5559555296401684,-0.01233889850971356,0.05040221290787462,0.5631990385773761,-0.4707098462766881,4.126317501068115,0.5285336971282959,0
mujoco,slope_forward,1,1,638,6.380000000000465,1.0,0.0,0.555659748676548,-0.010678500352093254,0.05401009193582372,0.5672505129405374,-0.5382611171457738,4.377832412719727,0.47612589597702026,0
mujoco,slope_forward,1,1,639,6.390000000000469,1.0,0.0,0.5552870224764443,-0.00566608113286751,0.05651959115253288,0.5692604163407813,-0.6450962169239294,4.349476337432861,0.5592145323753357,0
mujoco,slope_forward,1,1,640,6.400000000000472,1.0,0.0,0.5548303829192401,0.001383993806143561,0.0595187974236312,0.5701140911154498,-0.8059469194712434,4.385653018951416,0.5432970523834229,0
mujoco,slope_forward,1,1,641,6.410000000000475,1.0,0.0,0.5543247379948261,0.008402343127453936,0.061218876261438494,0.5749082120740568,-0.9666992998675286,4.470024108886719,0.23868054151535034,0
mujoco,slope_forward,1,1,642,6.420000000000479,1.0,0.0,0.5537496707946784,0.014946642448352858,0.06341950975858356,0.5753602258417823,-1.1314188472733664,4.459394931793213,0.39000824093818665,0
mujoco,slope_forward,1,1,643,6.430000000000482,1.0,0.0,0.553043701324337,0.021391171450409783,0.06508984039668744,0.5781285433938937,-1.21717535923975,4.484634876251221,0.21740472316741943,0
mujoco,slope_forward,1,1,644,6.440000000000485,1.0,0.0,0.5521525466240393,0.02796969002597691,0.06818379346362922,0.5768623742244926,-1.32463199625422,4.4239182472229,0.25174659490585327,0
mujoco,slope_forward,1,1,645,6.450000000000489,1.0,0.0,0.5511095598000242,0.03440401367514057,0.07217367437197253,0.5768244578638202,-1.3962264385642655,4.538498401641846,0.22041890025138855,0
mujoco,slope_forward,1,1,646,6.460000000000492,1.0,0.0,0.5498554799577264,0.04186645081715929,0.07601505716761853,0.5776268855768311,-1.4586537569794769,4.4667205810546875,0.23224541544914246,0
mujoco,slope_forward,1,1,647,6.470000000000495,1.0,0.0,0.5483740996911578,0.0488216291937698,0.08106644098522149,0.5755504887703626,-1.5035798245881133,4.318124771118164,0.33996909856796265,0
mujoco,slope_forward,1,1,648,6.480000000000499,1.0,0.0,0.5466568118446036,0.05541494710290169,0.08695360994300373,0.5743744302625009,-1.5137085936720498,4.245048999786377,0.42697539925575256,0
mujoco,slope_forward,1,1,649,6.490000000000502,1.0,0.0,0.5446818208356251,0.062077348869956396,0.09333270837333486,0.5729544548194593,-1.5038981090301957,4.1522955894470215,0.5020290613174438,0
mujoco,slope_forward,1,1,650,6.500000000000505,1.0,0.0,0.5424056685319043,0.06856451229221448,0.1004612885911675,0.5716195551301898,-1.4663813795624099,4.086697101593018,0.7072753310203552,0
mujoco,slope_forward,1,1,651,6.510000000000509,1.0,0.0,0.5396739138922043,0.07407281060795445,0.1081816543510511,0.5686392417737703,-1.374237212393127,4.097965240478516,0.8394177556037903,0
mujoco,slope_forward,1,1,652,6.520000000000512,1.0,0.0,0.5364048193589714,0.07980807537115486,0.11748661138055173,0.5648067543456116,-1.2060361354913791,3.993088722229004,0.8864612579345703,0
mujoco,slope_forward,1,1,653,6.530000000000515,1.0,0.0,0.5330358354460303,0.08758261902631374,0.1320844259816237,0.5609469702900791,-0.9296049627446072,3.7363407611846924,1.2359098196029663,0
mujoco,slope_forward,1,1,654,6.540000000000519,1.0,0.0,0.5300561505185767,0.09586750115777369,0.14495585788583953,0.5717167999850239,-0.7392411133468423,3.6599748134613037,1.1292040348052979,0
mujoco,slope_forward,1,1,655,6.550000000000522,1.0,0.0,0.5281021990432913,0.10542259847908463,0.15056899919717245,0.5968615168968466,-0.47877171819002945,3.60982346534729,1.6454379558563232,0
mujoco,slope_forward,1,1,656,6.560000000000525,1.0,0.0,0.5273766916688296,0.1127542409021231,0.1493081567402094,0.6140388527778557,-0.16972167552844936,3.484333038330078,1.6258511543273926,0
mujoco,slope_forward,1,1,657,6.570000000000529,1.0,0.0,0.5276687008305226,0.1154759854957165,0.14280552911622602,0.6292788671022207,0.07198305851933506,3.598119020462036,1.5049504041671753,0
mujoco,slope_forward,1,1,658,6.580000000000532,1.0,0.0,0.5286778512091763,0.11440185591448324,0.13257559138091443,0.6416941113816278,0.15416014399399944,3.645080804824829,0.5114789009094238,0
mujoco,slope_forward,1,1,659,6.590000000000535,1.0,0.0,0.5301746596639269,0.11171277881689941,0.12116259644414616,0.6528488769448977,0.143754765517429,3.5883655548095703,0.55029296875,0
mujoco,slope_forward,1,1,660,6.600000000000539,1.0,0.0,0.5318825918439013,0.1078273383720127,0.11004192781829464,0.659931518780446,0.0657615734558642,3.3299949169158936,0.6403924822807312,0
mujoco,slope_forward,1,1,661,6.610000000000542,1.0,0.0,0.5334779275812995,0.10294765870429524,0.09933574551376433,0.6671635681716968,-0.05900406410406844,2.9174482822418213,0.7791175246238708,0
mujoco,slope_forward,1,1,662,6.6200000000005454,1.0,0.0,0.5347325686627772,0.09730312839390155,0.08868172359750343,0.6735776419788144,-0.18776970912399502,2.7063026428222656,0.4381254017353058,0
mujoco,slope_forward,1,1,663,6.630000000000549,1.0,0.0,0.5355019592923056,0.09162170985176768,0.08112776447979898,0.6691793081947202,-0.05890015825702053,2.6503162384033203,0.30324143171310425,0
mujoco,slope_forward,1,1,664,6.640000000000552,1.0,0.0,0.5363231996666163,0.09012523736776551,0.07770894530647701,0.6586758213589974,0.07586839846353625,2.9415831565856934,1.1822974681854248,0
mujoco,slope_forward,1,1,665,6.6500000000005555,1.0,0.0,0.5375980633287255,0.09052921815576398,0.07368418428039004,0.6462450521747723,0.07897853779119157,3.0228984355926514,0.5719212293624878,0
mujoco,slope_forward,1,1,666,6.660000000000559,1.0,0.0,0.539319231041809,0.09059982182400314,0.06908904831505307,0.6348069277478208,0.11731291484768104,2.6987721920013428,0.5193141102790833,0
mujoco,slope_forward,1,1,667,6.670000000000562,1.0,0.0,0.5412892994795995,0.09022012213853031,0.06347238123680705,0.6300548782813209,0.17671778626741416,2.3617143630981445,0.6020066142082214,0
mujoco,slope_forward,1,1,668,6.6800000000005655,1.0,0.0,0.5433641727249382,0.08955941254260807,0.05771116077731314,0.6271117613088124,0.2551394533189708,2.0492680072784424,0.42689216136932373,0
mujoco,slope_forward,1,1,669,6.690000000000569,1.0,0.0,0.5454458471560681,0.08840912085790253,0.05166288123139115,0.6268294185538537,0.2898807465972924,1.8893333673477173,0.20962116122245789,0
mujoco,slope_forward,1,1,670,6.700000000000572,1.0,0.0,0.5474882685164796,0.08686590820162983,0.0454205921693247,0.62657968065705,0.30278652052422145,1.7626922130584717,0.16848210990428925,0
mujoco,slope_forward,1,1,671,6.7100000000005755,1.0,0.0,0.549452323406443,0.08485294081948268,0.039493069703903275,0.624983225427254,0.29610609338636384,1.7291386127471924,0.0937921479344368,0
mujoco,slope_forward,1,1,672,6.720000000000579,1.0,0.0,0.5512981775383228,0.08243276441791314,0.03405215209075011,0.6233537878790523,0.2895502926091168,1.7679661512374878,0.0926562249660492,0
mujoco,slope_forward,1,1,673,6.730000000000582,1.0,0.0,0.5530079648415094,0.08014133990010641,0.029010721766107958,0.621337349305103,0.29194438782692156,1.7638003826141357,0.09244758635759354,0
mujoco,slope_forward,1,1,674,6.7400000000005855,1.0,0.0,0.5545785643008532,0.07799793105185494,0.02447855954359558,0.6167770108608668,0.2513027731320203,1.7718559503555298,0.14691536128520966,0
mujoco,slope_forward,1,1,675,6.750000000000589,1.0,0.0,0.5560220037720109,0.07577667662536285,0.020099973265060796,0.612066627078192,0.20076205550170986,1.7265896797180176,0.1099018082022667,0
mujoco,slope_forward,1,1,676,6.760000000000592,1.0,0.0,0.5573662896545573,0.07369521968575687,0.015827823397878665,0.6069718209230858,0.1668842601359702,1.6463985443115234,0.14571134746074677,0
mujoco,slope_forward,1,1,677,6.7700000000005955,1.0,0.0,0.5586212151647525,0.07185955878609346,0.011773890024070678,0.6009773344600701,0.15027502135497298,1.5902541875839233,0.12887200713157654,0
mujoco,slope_forward,1,1,678,6.780000000000599,1.0,0.0,0.559784999258383,0.07005063983435766,0.007963632797560535,0.5946170989632757,0.14529677249434794,1.5468531847000122,0.10562144964933395,0
mujoco,slope_forward,1,1,679,6.790000000000602,1.0,0.0,0.5608647113761338,0.0683551942494112,0.004542685685757715,0.5875094353383546,0.14323558118741456,1.5145856142044067,0.06712958216667175,0
mujoco,slope_forward,1,1,680,6.800000000000606,1.0,0.0,0.561865608006574,0.06683156953144226,0.0013694939501921767,0.5804637696567834,0.14004441945788057,1.4873359203338623,0.05280625447630882,0
mujoco,slope_forward,1,1,681,6.810000000000609,1.0,0.0,0.5627840695885444,0.06524290520293534,-0.001518881810601651,0.5730829344946945,0.13884601102029295,1.454572081565857,0.07180509716272354,0
mujoco,slope_forward,1,1,682,6.820000000000612,1.0,0.0,0.5636222115509244,0.06386829247170589,-0.004160049699321094,0.5650303024118029,0.13823490434018698,1.4335036277770996,0.05527564883232117,0
mujoco,slope_forward,1,1,683,6.830000000000616,1.0,0.0,0.5643923765193645,0.06255745892170507,-0.00652682916623855,0.557458363571809,0.13610411556813112,1.4139630794525146,0.05844194069504738,0
mujoco,slope_forward,1,1,684,6.840000000000619,1.0,0.0,0.5650912498496774,0.0613441580358123,-0.008609277797272373,0.5484443894668687,0.13117858390275855,1.3942556381225586,0.06753452867269516,0
mujoco,slope_forward,1,1,685,6.850000000000622,1.0,0.0,0.5657269835059686,0.06023953473016611,-0.01052549614647347,0.5407572290799473,0.1281482613982068,1.384666919708252,0.04662448912858963,0
mujoco,slope_forward,1,1,686,6.860000000000626,1.0,0.0,0.5662973614866607,0.05919887205762803,-0.012064315323609562,0.5308555789018474,0.12424502391651689,1.3711925745010376,0.06147721782326698,0
mujoco,slope_forward,1,1,687,6.870000000000629,1.0,0.0,0.5668118412858623,0.05829064141498821,-0.013571795963690849,0.5227002739600026,0.12201522493310879,1.3693593740463257,0.043609458953142166,0
mujoco,slope_forward,1,1,688,6.880000000000632,1.0,0.0,0.5672823186420886,0.0574682767817196,-0.014627085107755266,0.5121636633503547,0.11755866944122387,1.359032392501831,0.05642101168632507,0
mujoco,slope_forward,1,1,689,6.890000000000636,1.0,0.0,0.5677122741182351,0.05672901166417245,-0.015822881413981926,0.5041493794271843,0.1150090974378522,1.3609614372253418,0.041563015431165695,0
mujoco,slope_forward,1,1,690,6.900000000000639,1.0,0.0,0.5681055328458502,0.05607818260880966,-0.016639849660117122,0.4931221571584255,0.10954438396705037,1.3514763116836548,0.061478663235902786,0
mujoco,slope_forward,1,1,691,6.910000000000642,1.0,0.0,0.5684672685966871,0.05549047466512157,-0.017534504190434657,0.4848814883746962,0.10654993740161875,1.3544564247131348,0.04191626235842705,0
mujoco,slope_forward,1,1,692,6.920000000000646,1.0,0.0,0.568797603097786,0.055046960518539,-0.01816517441914843,0.4735846462288962,0.1045320648431388,1.347745418548584,0.059875890612602234,0
mujoco,slope_forward,1,1,693,6.930000000000649,1.0,0.0,0.5691064190309386,0.05462540269764351,-0.018770056181758324,0.4646058408956857,0.09691005339144912,1.3501651287078857,0.04216325655579567,0
mujoco,slope_forward,1,1,694,6.940000000000652,1.0,0.0,0.5693944234489324,0.0542669109442477,-0.019232862625345445,0.4535101033374813,0.10052841860834551,1.3477818965911865,0.05547047033905983,0
mujoco,slope_forward,1,1,695,6.950000000000656,1.0,0.0,0.5696696207355058,0.053976150436303244,-0.019577682004291233,0.44379576323943115,0.09198074003543123,1.349739909172058,0.03901166841387749,0
mujoco,slope_forward,1,1,696,6.960000000000659,1.0,0.0,0.5699298569866756,0.053668710623219915,-0.019941898026273122,0.4337689335648206,0.09549780107062718,1.34955632686615,0.045747313648462296,0
mujoco,slope_forward,1,1,697,6.970000000000662,1.0,0.0,0.5701766448532306,0.05348623982579527,-0.02014840368986628,0.42311866815966076,0.08803030636655104,1.349671483039856,0.04027314484119415,0
mujoco,slope_forward,1,1,698,6.980000000000666,1.0,0.0,0.5704150702182957,0.05328012874577686,-0.02035992031463569,0.4135415887697789,0.07768034566985695,1.3510069847106934,0.039046645164489746,0
mujoco,slope_forward,1,1,699,6.990000000000669,1.0,0.0,0.5706405041469743,0.05311414235257395,-0.02049554941171153,0.4027882957909464,0.08059672194997602,1.353737235069275,0.04402242600917816,0
mujoco,slope_forward,1,1,700,7.000000000000672,1.0,0.0,0.5708615221614499,0.053032342384540736,-0.020512403456370037,0.39248336891100344,0.07001665228336175,1.3565208911895752,0.03945568576455116,0
mujoco,slope_forward,1,1,701,7.010000000000676,1.0,0.0,0.5710765497398137,0.05291216911483844,-0.02056687083240079,0.38245028380500184,0.06761314435910172,1.3601332902908325,0.036160387098789215,0
mujoco,slope_forward,1,1,702,7.020000000000679,1.0,0.0,0.5712836621974238,0.05290609904986372,-0.020547044539629973,0.3714943990938174,0.06989976756685556,1.3650097846984863,0.043968167155981064,0
mujoco,slope_forward,1,1,703,7.030000000000682,1.0,0.0,0.5714913598689597,0.052926469603638865,-0.02042905181504697,0.3611882498234144,0.05655209152697075,1.3689296245574951,0.03345999866724014,0
mujoco,slope_forward,1,1,704,7.040000000000686,1.0,0.0,0.5716961167858509,0.05290423287985995,-0.02035702086993773,0.3511512045510361,0.05490353152667926,1.3747788667678833,0.039610981941223145,0
mujoco,slope_forward,1,1,705,7.050000000000689,1.0,0.0,0.571897719169143,0.05300094127261748,-0.02019719777581213,0.34070118042371894,0.060402740129594436,1.3814325332641602,0.03736521676182747,0
mujoco,slope_forward,1,1,706,7.060000000000692,1.0,0.0,0.572099839503442,0.05313721270845423,-0.01991327103579757,0.33020341248968266,0.046932817880807776,1.386048436164856,0.034457143396139145,0
mujoco,slope_forward,1,1,707,7.070000000000696,1.0,0.0,0.5723022134104528,0.05321478735334768,-0.01965906700755242,0.3206842689503283,0.03626877732547962,1.3947957754135132,0.03297487646341324,0
mujoco,slope_forward,1,1,708,7.080000000000699,1.0,0.0,0.572502903198882,0.053349582524309574,-0.019284608513625328,0.31053370705583944,0.04550878471771765,1.4029572010040283,0.03551264852285385,0
mujoco,slope_forward,1,1,709,7.090000000000702,1.0,0.0,0.5727009176260716,0.053633918938373944,-0.018915647274135097,0.30056879311581547,0.045946760026981746,1.4102728366851807,0.03135452792048454,0
mujoco,slope_forward,1,1,710,7.100000000000706,1.0,0.0,0.5729008834093956,0.053899116532378326,-0.018370767803746225,0.2903914947447355,0.030253950878039088,1.4169347286224365,0.027742652222514153,0
mujoco,slope_forward,1,1,711,7.110000000000709,1.0,0.0,0.5731011134644751,0.05410739330408709,-0.01788399196361559,0.28134775549470253,0.021951592201363446,1.4279485940933228,0.03056633286178112,0
mujoco,slope_forward,1,1,712,7.120000000000712,1.0,0.0,0.5733019285602498,0.05437878849295314,-0.017221866299337214,0.27128640616480276,0.031591526434818086,1.4366917610168457,0.03316239267587662,0
mujoco,slope_forward,1,1,713,7.130000000000716,1.0,0.0,0.5735021215500717,0.05477031642660246,-0.016593178319401408,0.26248083593271665,0.041002509275055735,1.4447369575500488,0.022819044068455696,0
mujoco,slope_forward,1,1,714,7.140000000000719,1.0,0.0,0.5737014840314283,0.05521682411692844,-0.01576640578225254,0.25211995203155635,0.026963767013712607,1.4509642124176025,0.027408387511968613,0
mujoco,slope_forward,1,1,715,7.1500000000007224,1.0,0.0,0.5738996886247402,0.055596475250004704,-0.014928896494264189,0.2433670013822948,0.01208648544840442,1.4622575044631958,0.02664664387702942,0
mujoco,slope_forward,1,1,716,7.160000000000726,1.0,0.0,0.5741008956319018,0.05596468279196535,-0.014061258743149773,0.23476249145192912,0.005232754273102167,1.4707220792770386,0.02551514096558094,0
mujoco,slope_forward,1,1,717,7.170000000000729,1.0,0.0,0.5742996404502329,0.05636082967948733,-0.01307677373177203,0.2254468797367126,0.016387782140472196,1.478480339050293,0.017954865470528603,0
mujoco,slope_forward,1,1,718,7.1800000000007325,1.0,0.0,0.5744968304743658,0.056849460557190375,-0.012049412220190334,0.2167958030193881,0.027547617527910562,1.4877184629440308,0.02213464304804802,0
mujoco,slope_forward,1,1,719,7.190000000000736,1.0,0.0,0.5746939246442243,0.057392044171970684,-0.011001574972192516,0.2082977369178406,0.031182941006039536,1.4952731132507324,0.01857583224773407,0
mujoco,slope_forward,1,1,720,7.200000000000739,1.0,0.0,0.5748874841632833,0.05794382646187191,-0.009780550824663482,0.1990487317040912,0.018665371775496205,1.5021228790283203,0.016645561903715134,0
mujoco,slope_forward,1,1,721,7.2100000000007425,1.0,0.0,0.5750793644451971,0.05845573415775756,-0.008516300539290601,0.19073379333704132,0.009126182551894072,1.5101743936538696,0.020153261721134186,0
mujoco,slope_forward,1,1,722,7.220000000000746,1.0,0.0,0.5752722172885317,0.058970428099638116,-0.007213426391243619,0.18288064064595516,0.004175301752911227,1.5171681642532349,0.016061754897236824,0
mujoco,slope_forward,1,1,723,7.230000000000749,1.0,0.0,0.5754635060013266,0.05949763933898763,-0.005927663108726605,0.17571394223794914,0.002100935648105873,1.5226621627807617,0.013703757897019386,0
mujoco,slope_forward,1,1,724,7.2400000000007525,1.0,0.0,0.5756518356334847,0.06004446934913677,-0.004635307381600794,0.16895188897788088,0.0019442699097988786,1.5271482467651367,0.012422994710505009,0
mujoco,slope_forward,1,1,725,7.250000000000756,1.0,0.0,0.5758357217171611,0.06060660369163392,-0.003342582743881145,0.16270775338726692,0.0024395893902329894,1.5306848287582397,0.01274763885885477,0
mujoco,slope_forward,1,1,726,7.260000000000759,1.0,0.0,0.576011812656539,0.06115214423440946,-0.001980550455734225,0.15520557788796044,0.017745647612332154,1.534400463104248,0.012296422384679317,0
mujoco,slope_forward,1,1,727,7.2700000000007625,1.0,0.0,0.5761803648000333,0.061711693982427984,-0.0005699829679800619,0.1482641587750268,0.031716146700490146,1.5412849187850952,0.022050799801945686,0
mujoco,slope_forward,1,1,728,7.280000000000766,1.0,0.0,0.5763450310265426,0.06227320601738224,0.0008775184944678765,0.14169924711154422,0.04221602394991878,1.5467944145202637,0.020002666860818863,0
mujoco,slope_forward,1,1,729,7.290000000000769,1.0,0.0,0.5765042132346689,0.06284709124530512,0.0023717360468831264,0.1343106511961855,0.03991075616836284,1.5520520210266113,0.021473191678524017,0
mujoco,slope_forward,1,1,730,7.3000000000007725,1.0,0.0,0.5766589464406757,0.06340067278360335,0.003970252867541248,0.12692071350017103,0.03366792203498294,1.5556977987289429,0.0253341943025589,0
mujoco,slope_forward,1,1,731,7.310000000000776,1.0,0.0,0.576815817340941,0.06393326820836646,0.0055797757527980265,0.12004760631522879,0.03208825896768361,1.559600591659546,0.029191480949521065,0
mujoco,slope_forward,1,1,732,7.320000000000779,1.0,0.0,0.5769788064904926,0.06446026356319091,0.007176842397787598,0.11349113714338897,0.03213158064319285,1.5614299774169922,0.025196624919772148,0
mujoco,slope_forward,1,1,733,7.330000000000783,1.0,0.0,0.5771491318516807,0.064976930130086,0.008740917614657442,0.1073008033299487,0.03356558757535558,1.5627855062484741,0.026200726628303528,0
mujoco,slope_forward,1,1,734,7.340000000000786,1.0,0.0,0.5773271178786913,0.06547906899842885,0.010270980077081958,0.10140846749378261,0.035299691607866265,1.5641433000564575,0.025035452097654343,0
mujoco,slope_forward,1,1,735,7.350000000000789,1.0,0.0,0.5775122691267781,0.06596089472914377,0.0117586055138027,0.09583874858055433,0.0373728265051053,1.5658783912658691,0.02472757175564766,0
mujoco,slope_forward,1,1,736,7.360000000000793,1.0,0.0,0.5777038660405213,0.06641931846707193,0.01320476962614721,0.09052839733195399,0.03938881081516824,1.568005919456482,0.02294238656759262,0
mujoco,slope_forward,1,1,737,7.370000000000796,1.0,0.0,0.5779010947475806,0.06685321355969322,0.014606418682132267,0.08549557797646742,0.04179025328654751,1.5709125995635986,0.02395745739340782,0
mujoco,slope_forward,1,1,738,7.380000000000799,1.0,0.0,0.5781032537791077,0.06725785179179654,0.015958902589441337,0.08073515139632077,0.04509624244814495,1.573712944984436,0.0235296618193388,0
mujoco,slope_forward,1,1,739,7.390000000000803,1.0,0.0,0.5783095510623527,0.06763032786802518,0.01725941708583115,0.07622342801080408,0.04944356366802246,1.5762447118759155,0.023131689056754112,0
mujoco,slope_forward,1,1,740,7.400000000000806,1.0,0.0,0.5785190766987015,0.06796778774891458,0.018506575800933896,0.0719344200689917,0.054798261784035275,1.5782768726348877,0.0229880902916193,0
mujoco,slope_forward,1,1,741,7.410000000000809,1.0,0.0,0.5787304591412534,0.06826773410099118,0.019691508895495913,0.06792388264906206,0.06074904570417521,1.5806884765625,0.02330682799220085,0
mujoco,slope_forward,1,1,742,7.420000000000813,1.0,0.0,0.5789482908431739,0.06857759090989539,0.020768945429418855,0.06567921571161883,0.05095782135327658,1.582503080368042,0.021284565329551697,0
mujoco,slope_forward,1,1,743,7.430000000000816,1.0,0.0,0.5791793417139827,0.06891623938823166,0.021846954933000682,0.06331076147769281,0.0454503921002675,1.5819604396820068,0.0159444697201252,0
mujoco,slope_forward,1,1,744,7.440000000000819,1.0,0.0,0.5794206731130717,0.06924194268013859,0.022867520561962326,0.061273982407090734,0.043181002654691,1.5824801921844482,0.01905127614736557,0
mujoco,slope_forward,1,1,745,7.450000000000823,1.0,0.0,0.5796701940427226,0.06954009561138044,0.023868034610171347,0.059272075622366006,0.04217874064311935,1.5830670595169067,0.01619512401521206,0
mujoco,slope_forward,1,1,746,7.460000000000826,1.0,0.0,0.5799247135013568,0.06980449032108643,0.02482810425672548,0.05750462771983144,0.042837208772238046,1.5846879482269287,0.018694115802645683,0
mujoco,slope_forward,1,1,747,7.470000000000829,1.0,0.0,0.5801825970451217,0.07003374109537648,0.025771906743856522,0.055817207011977156,0.04402287964668501,1.5863258838653564,0.017833290621638298,0
mujoco,slope_forward,1,1,748,7.480000000000833,1.0,0.0,0.5804421172290347,0.07023052698810422,0.026691427294807373,0.05431503107102315,0.04568630521463202,1.5884039402008057,0.019338613376021385,0
mujoco,slope_forward,1,1,749,7.490000000000836,1.0,0.0,0.5807024975817053,0.07039850514448234,0.027599032709072505,0.052981769268269,0.04702723057272182,1.5903757810592651,0.019393306225538254,0
mujoco,slope_forward,1,1,750,7.500000000000839,1.0,0.0,0.5809631305235785,0.07054069468187478,0.02848861946820524,0.051862623003711444,0.04839460649940893,1.5924323797225952,0.020639440044760704,0
mujoco,slope_forward,1,1,751,7.510000000000843,1.0,0.0,0.5812239541691896,0.07065927560164793,0.029365910599962686,0.05089877141824345,0.049960143431935576,1.5941487550735474,0.020797183737158775,0
mujoco,slope_forward,1,1,752,7.520000000000846,1.0,0.0,0.5814848844522245,0.07075354528094394,0.030221673741370133,0.050125873668909325,0.05183751413396026,1.5953369140625,0.022261513397097588,0
mujoco,slope_forward,1,1,753,7.530000000000849,1.0,0.0,0.5817460567960918,0.07082394193513315,0.031054894106790274,0.049510077137893606,0.05392778957880744,1.5961490869522095,0.021789738908410072,0
mujoco,slope_forward,1,1,754,7.540000000000853,1.0,0.0,0.5820074801646125,0.07087217126898206,0.03186610542525422,0.04906245559476653,0.05597898013284438,1.5969963073730469,0.021926363930106163,0
mujoco,slope_forward,1,1,755,7.550000000000856,1.0,0.0,0.5822689003167955,0.07090656862739587,0.032649447783403104,0.04878798712091659,0.05829024233433228,1.5976725816726685,0.021434230729937553,0
mujoco,slope_forward,1,1,756,7.560000000000859,1.0,0.0,0.5825300697059159,0.07093244905823179,0.03340968562859962,0.048659541280055105,0.06059308725665807,1.5980019569396973,0.021199647337198257,0
mujoco,slope_forward,1,1,757,7.570000000000863,1.0,0.0,0.582788630246967,0.07095185480682238,0.03418471960535059,0.04755326701252663,0.053024900884917105,1.598191499710083,0.021329203620553017,0
mujoco,slope_forward,1,1,758,7.580000000000866,1.0,0.0,0.5830412781537694,0.07096704857226376,0.035020658315688465,0.04608197125043119,0.043117740878894334,1.5996150970458984,0.025761105120182037,0
mujoco,slope_forward,1,1,759,7.590000000000869,1.0,0.0,0.583291784522893,0.07097603426359153,0.035859631971580326,0.04480884487234077,0.03738492310421658,1.601287841796875,0.027829566970467567,0
mujoco,slope_forward,1,1,760,7.600000000000873,1.0,0.0,0.583543127437417,0.07098248585296582,0.03669166643027234,0.04365539453945952,0.03396489028677811,1.60179603099823,0.02672189474105835,0
mujoco,slope_forward,1,1,761,7.610000000000876,1.0,0.0,0.583796289718239,0.07099126994095355,0.0375012055150178,0.04267224803496424,0.032100368078867514,1.602372407913208,0.02718402072787285,0
mujoco,slope_forward,1,1,762,7.620000000000879,1.0,0.0,0.5840518370730423,0.07099845235807228,0.03829323852144221,0.0417772423864963,0.03100578016006609,1.603111743927002,0.02596074901521206,0
mujoco,slope_forward,1,1,763,7.630000000000883,1.0,0.0,0.5843094990243098,0.07098651497206575,0.03905908539700907,0.0410143822713774,0.030580534945203602,1.6042208671569824,0.02470550686120987,0
mujoco,slope_forward,1,1,764,7.640000000000886,1.0,0.0,0.5845698093575524,0.07095752759714254,0.03978820958186787,0.04110737848125413,0.025430121873051152,1.6057227849960327,0.02293838933110237,0
mujoco,slope_forward,1,1,765,7.650000000000889,1.0,0.0,0.5848398981116743,0.07095103859970123,0.0404686936130799,0.04212552858651719,0.01418136643198226,1.6063905954360962,0.019737083464860916,0
mujoco,slope_forward,1,1,766,7.660000000000893,1.0,0.0,0.5851207933188701,0.07095829550510392,0.04113010625041718,0.04321847322721367,0.007749255997227733,1.6058045625686646,0.018943484872579575,0
mujoco,slope_forward,1,1,767,7.670000000000896,1.0,0.0,0.5854092334543962,0.07097086463453052,0.041756410496075494,0.04448284745270579,0.00416592617811924,1.6049230098724365,0.018442615866661072,0
mujoco,slope_forward,1,1,768,7.680000000000899,1.0,0.0,0.5857019487931635,0.07098345237788949,0.04236680530554862,0.0458646894817005,0.002307724970116842,1.60456383228302,0.01800759881734848,0
mujoco,slope_forward,1,1,769,7.690000000000903,1.0,0.0,0.5859959920425479,0.07099334899342298,0.04296324826721509,0.047478704960343183,0.0015318649708000603,1.6059670448303223,0.019578227773308754,0
mujoco,slope_forward,1,1,770,7.700000000000906,1.0,0.0,0.5862896167005267,0.07099940527277467,0.04355648581040863,0.049216054425702385,0.001185684256525139,1.608420491218567,0.020007973536849022,0
mujoco,slope_forward,1,1,771,7.7100000000009095,1.0,0.0,0.5865816821992578,0.0710001813448676,0.04414411837771526,0.05111750893273897,0.0010111191760668098,1.6118420362472534,0.021020805463194847,0
mujoco,slope_forward,1,1,772,7.720000000000913,1.0,0.0,0.5868716853477081,0.0709953554045253,0.04472652433324323,0.05316936833795009,0.0008143115614617978,1.6160166263580322,0.021647043526172638,0
mujoco,slope_forward,1,1,773,7.730000000000916,1.0,0.0,0.5871595687405748,0.07098575902558518,0.0453003913147362,0.05539725121568979,0.0006483024295895433,1.621103286743164,0.0226945411413908,0
mujoco,slope_forward,1,1,774,7.7400000000009195,1.0,0.0,0.587445619810171,0.0709689603283037,0.04586658755013612,0.05779050400848545,0.0005113020927585977,1.6267181634902954,0.02356055937707424,0
mujoco,slope_forward,1,1,775,7.750000000000923,1.0,0.0,0.5877302059695887,0.07094431367823871,0.046419929758688756,0.06037931419082003,0.0004479253068505442,1.632822871208191,0.024606853723526,0
mujoco,slope_forward,1,1,776,7.760000000000926,1.0,0.0,0.5880137824291773,0.07091121291049376,0.046957990933842474,0.0631530937396943,0.00038943092931077446,1.6392210721969604,0.02460164949297905,0
mujoco,slope_forward,1,1,777,7.7700000000009295,1.0,0.0,0.588296695599672,0.0708686502237239,0.047474600634972226,0.06613857573176836,0.00032441424480387853,1.6461529731750488,0.024820422753691673,0
mujoco,slope_forward,1,1,778,7.780000000000933,1.0,0.0,0.5885793256314515,0.0708173130312644,0.04796786703567904,0.0693358660877269,0.00021266947242899406,1.6533552408218384,0.024814287200570107,0
mujoco,slope_forward,1,1,779,7.790000000000936,1.0,0.0,0.588861973645942,0.07075726464111105,0.04843561969324876,0.07275592188084469,0.00013209023689272724,1.6609467267990112,0.02514583431184292,0
mujoco,slope_forward,1,1,780,7.8000000000009395,1.0,0.0,0.5891448923963333,0.07068928861902822,0.04887438007937573,0.07641850931721786,7.666134300182565e-05,1.668983817100525,0.025601672008633614,0
mujoco,slope_forward,1,1,781,7.810000000000943,1.0,0.0,0.5894283833895299,0.07061354462150869,0.049286025795176165,0.0803367521339013,3.3152979850081787e-05,1.6774170398712158,0.026079483330249786,0
mujoco,slope_forward,1,1,782,7.820000000000946,1.0,0.0,0.5897126774742959,0.07052947883620748,0.04967060123258368,0.08450733091281823,0.00011215830714684364,1.6863324642181396,0.026736263185739517,0
mujoco,slope_forward,1,1,783,7.8300000000009495,1.0,0.0,0.589997680149839,0.07043584475097998,0.0500221880442595,0.08894727991733334,0.0002202726555706905,1.695427656173706,0.02694634348154068,0
mujoco,slope_forward,1,1,784,7.840000000000953,1.0,0.0,0.5902821905728192,0.07032091603501618,0.050353074248854816,0.09287395645047408,0.005562052572928976,1.7044460773468018,0.026860954239964485,0
mujoco,slope_forward,1,1,785,7.850000000000956,1.0,0.0,0.5905648926120707,0.07018609004430515,0.050761881233157564,0.09610194926371192,0.01868724919932535,1.7181282043457031,0.032693229615688324,0
mujoco,slope_forward,1,1,786,7.8600000000009596,1.0,0.0,0.5908489093942116,0.07006548259369319,0.051310968892426416,0.0981176027159706,0.010575318047417813,1.73580801486969,0.03842950984835625,0
mujoco,slope_forward,1,1,787,7.870000000000963,1.0,0.0,0.5911413634050056,0.06991246486389943,0.05188339973742745,0.10071790695770143,0.004027957742986589,1.7602500915527344,0.047157127410173416,0
mujoco,slope_forward,1,1,788,7.880000000000966,1.0,0.0,0.5914509856903449,0.06975156757373024,0.05240024312230774,0.10368668400368866,0.001485365339745929,1.7807116508483887,0.042298391461372375,0
mujoco,slope_forward,1,1,789,7.89000000000097,1.0,0.0,0.5917808361793321,0.06958867677099764,0.052836721413731184,0.1069843277761224,0.0003545797390767479,1.7971194982528687,0.04028753191232681,0
mujoco,slope_forward,1,1,790,7.900000000000973,1.0,0.0,0.592131033249742,0.0694227501135993,0.05318387426525469,0.11059563551458094,6.418334032456908e-05,1.812377691268921,0.03911442682147026,0
mujoco,slope_forward,1,1,791,7.910000000000976,1.0,0.0,0.592500025304816,0.06925142141133561,0.05343993771858839,0.11455983453267093,-0.00015710770813209842,1.8264824151992798,0.0361039936542511,0
mujoco,slope_forward,1,1,792,7.92000000000098,1.0,0.0,0.592885257081391,0.06907914104312478,0.05360545491358425,0.11886205575740748,-0.00018332324193660274,1.8385369777679443,0.03246946260333061,0
mujoco,slope_forward,1,1,793,7.930000000000983,1.0,0.0,0.5932839356828145,0.06891724820295077,0.053695365416122916,0.12351502853494623,-0.000107652387296278,1.8503973484039307,0.03209059685468674,0
mujoco,slope_forward,1,1,794,7.940000000000986,1.0,0.0,0.5936929210530327,0.06877031854683414,0.05372293589450782,0.1285728345440218,4.0947420664703097e-05,1.8622068166732788,0.03158967196941376,0
mujoco,slope_forward,1,1,795,7.95000000000099,1.0,0.0,0.5941081613254122,0.06861579869354596,0.05369607372229056,0.13407130731030048,0.00026946961279698724,1.8720015287399292,0.029442084953188896,0
mujoco,slope_forward,1,1,796,7.960000000000993,1.0,0.0,0.5945252635611827,0.0684410327699723,0.05360623552406421,0.14000948930110543,0.0004815300030729465,1.8824776411056519,0.029893890023231506,0
mujoco,slope_forward,1,1,797,7.970000000000996,1.0,0.0,0.594938779934294,0.06825565141181958,0.05350120274157126,0.1450870710182163,-0.01100064486421559,1.8918044567108154,0.02888423204421997,0
mujoco,slope_forward,1,1,798,7.980000000001,1.0,0.0,0.5953511852937411,0.06799509143448493,0.05347361236181753,0.15014338660301935,-0.025607291735920135,1.9069072008132935,0.03409302234649658,0
mujoco,slope_forward,1,1,799,7.990000000001003,1.0,0.0,0.5957697889537528,0.06769460363897846,0.05356436501723045,0.15394854370804872,-0.01667349310580691,1.926917552947998,0.03722808137536049,0
mujoco,slope_forward,1,1,800,8.000000000001005,1.0,0.0,0.5962022082654698,0.06744269578392252,0.05365927289339894,0.15861834846290165,-0.008755240528392454,1.9554063081741333,0.04505246505141258,0
mujoco,slope_forward,1,1,801,8.010000000001,1.0,0.0,0.5966526921726866,0.06720590481273052,0.05367543871104158,0.16385233395174642,-0.005968901311320043,1.9767675399780273,0.03769863396883011,0
mujoco,slope_forward,1,1,802,8.020000000000994,1.0,0.0,0.5971184582642343,0.06696191668933364,0.05358572537167097,0.16965653086241192,-0.003944270111059534,1.995460867881775,0.03401622176170349,0
mujoco,slope_forward,1,1,803,8.030000000000989,1.0,0.0,0.5975940495784995,0.06670482879524946,0.05338230608214324,0.1759196351027997,-0.0033903392234070767,2.0088374614715576,0.027678171172738075,0
mujoco,slope_forward,1,1,804,8.040000000000983,1.0,0.0,0.5980712748911593,0.06643430856471766,0.05307448558461569,0.18247313568333576,-0.004760479976308615,2.0175387859344482,0.023218950256705284,0
mujoco,slope_forward,1,1,805,8.050000000000978,1.0,0.0,0.5985444145822562,0.06612244161450491,0.052881572993612944,0.18788257322694046,-0.02386448945006271,2.0274250507354736,0.02289993315935135,0
mujoco,slope_forward,1,1,806,8.060000000000972,1.0,0.0,0.5990145460310325,0.06569452652010985,0.05281471141733525,0.1927100751309681,-0.024615994785456827,2.048555612564087,0.03477642685174942,0
mujoco,slope_forward,1,1,807,8.070000000000967,1.0,0.0,0.5994941623761398,0.06531842408877632,0.05276700233117586,0.19827861751290524,-0.019625592208518297,2.0802536010742188,0.042054757475852966,0
mujoco,slope_forward,1,1,808,8.080000000000961,1.0,0.0,0.5999917698132998,0.06498542389746122,0.052620082360711105,0.20447792578869,-0.016395609977010644,2.1034255027770996,0.03986261412501335,0
mujoco,slope_forward,1,1,809,8.090000000000956,1.0,0.0,0.6005041793395133,0.06463683632558873,0.05232761082184414,0.2112658630619111,-0.014180835303048497,2.1203458309173584,0.031752169132232666,0
mujoco,slope_forward,1,1,810,8.10000000000095,1.0,0.0,0.6010215431892534,0.06425257192458661,0.05188354207512056,0.21843170033126025,-0.01570109165298978,2.1309316158294678,0.025248277932405472,0
mujoco,slope_forward,1,1,811,8.110000000000944,1.0,0.0,0.6015348305102493,0.0637956912325984,0.05158388132152344,0.22329034168304046,-0.026030044687212983,2.1361379623413086,0.02047758176922798,0
mujoco,slope_forward,1,1,812,8.120000000000939,1.0,0.0,0.6020554965553616,0.06330208279171728,0.05144025282055043,0.2289336598907865,-0.0271909145343704,2.17047119140625,0.045162707567214966,0
mujoco,slope_forward,1,1,813,8.130000000000933,1.0,0.0,0.6025973731090883,0.06283917904622512,0.05118633632880964,0.23562121014907603,-0.027316764896723612,2.2010953426361084,0.03832263499498367,0
mujoco,slope_forward,1,1,814,8.140000000000928,1.0,0.0,0.6031576045300778,0.062358548544373046,0.05075416710897947,0.2428920765790425,-0.027233992000109248,2.217104434967041,0.030708370730280876,0
mujoco,slope_forward,1,1,815,8.150000000000922,1.0,0.0,0.6037225976694982,0.061814783914139616,0.05015405194824495,0.24996282640461354,-0.022809067245061043,2.227959156036377,0.028266947716474533,0
mujoco,slope_forward,1,1,816,8.160000000000917,1.0,0.0,0.6042925318736899,0.06127048910373603,0.04981948258508177,0.25493192094955186,-0.025342248614504796,2.2484021186828613,0.0323072224855423,0
mujoco,slope_forward,1,1,817,8.170000000000911,1.0,0.0,0.6048848553412427,0.060664429472669035,0.04943998438182293,0.26174289619706287,-0.03108624597861476,2.295281410217285,0.05935157835483551,0
mujoco,slope_forward,1,1,818,8.180000000000906,1.0,0.0,0.6055084390599588,0.06002988371140627,0.04886014882845245,0.2692884886163431,-0.03540339783201254,2.3217546939849854,0.035238638520240784,0
mujoco,slope_forward,1,1,819,8.1900000000009,1.0,0.0,0.6061508169718184,0.05933365654522304,0.048087359749716875,0.276389576840986,-0.028727358515348474,2.336510419845581,0.032113444060087204,0
mujoco,slope_forward,1,1,820,8.200000000000895,1.0,0.0,0.6068089216267629,0.05874154831071768,0.0473951815699436,0.2822287841706585,-0.027498439327221805,2.3604180812835693,0.033036671578884125,0
mujoco,slope_forward,1,1,821,8.210000000000889,1.0,0.0,0.6074972717061384,0.0580445491718401,0.046690475489659856,0.28924998903160576,-0.03739001404042468,2.400953531265259,0.05799414590001106,0
mujoco,slope_forward,1,1,822,8.220000000000883,1.0,0.0,0.60821951362625,0.05723459665119641,0.04574974185067969,0.29678613438814644,-0.038439264782616014,2.428720474243164,0.03733192756772041,0
mujoco,slope_forward,1,1,823,8.230000000000878,1.0,0.0,0.6089727305456117,0.056480121855266414,0.04474160875923082,0.3039614537380456,-0.024970703742163577,2.451575756072998,0.03554503619670868,0
mujoco,slope_forward,1,1,824,8.240000000000872,1.0,0.0,0.6097560875058392,0.05580814229743334,0.04366681534876351,0.3105710982045481,-0.03302723992930252,2.4837071895599365,0.045857738703489304,0
mujoco,slope_forward,1,1,825,8.250000000000867,1.0,0.0,0.6105759513085742,0.05492372297599367,0.04247459017934883,0.31798439875446444,-0.04260241313838869,2.516937255859375,0.05102924630045891,0
mujoco,slope_forward,1,1,826,8.260000000000861,1.0,0.0,0.6114366822929689,0.0540178876455054,0.04119115364191633,0.32536399075732964,-0.030726832194863458,2.5491952896118164,0.044994380325078964,0
mujoco,slope_forward,1,1,827,8.270000000000856,1.0,0.0,0.6123391085429533,0.05325560124546328,0.039670597909754655,0.3330071494682314,-0.03104241481508767,2.5817458629608154,0.05114113911986351,0
mujoco,slope_forward,1,1,828,8.28000000000085,1.0,0.0,0.6132874822672025,0.05232718516691896,0.03814731183005982,0.3399291849160237,-0.04014989069583723,2.613412380218506,0.05665171891450882,0
mujoco,slope_forward,1,1,829,8.290000000000845,1.0,0.0,0.614290482589523,0.051376769919342036,0.03650116790613721,0.3478682098779671,-0.030857925846554675,2.6583781242370605,0.06337475031614304,0
mujoco,slope_forward,1,1,830,8.30000000000084,1.0,0.0,0.615350020462292,0.05055000668046969,0.03450416017722895,0.3561352186023112,-0.03191863267158519,2.6932876110076904,0.06109075993299484,0
mujoco,slope_forward,1,1,831,8.310000000000834,1.0,0.0,0.6164647524169891,0.04954130984773253,0.032546050815368176,0.3628036030548002,-0.03711322862017359,2.7209012508392334,0.06998918205499649,0
mujoco,slope_forward,1,1,832,8.320000000000828,1.0,0.0,0.61764805946142,0.04856493136102987,0.030419323701211365,0.37145892896981164,-0.0303543183391867,2.7788448333740234,0.08415964245796204,0
mujoco,slope_forward,1,1,833,8.330000000000823,1.0,0.0,0.6188998737615985,0.04767320287150395,0.027915042691468932,0.37937813349771227,-0.030523177946322925,2.8166253566741943,0.08734747767448425,0
mujoco,slope_forward,1,1,834,8.340000000000817,1.0,0.0,0.6202295548452592,0.04671346901420274,0.02552383369066782,0.38659511169052674,-0.02780151810346648,2.864607810974121,0.09684630483388901,0
mujoco,slope_forward,1,1,835,8.350000000000811,1.0,0.0,0.6216483812000089,0.04574134603475363,0.02273692650934644,0.3962017012544537,-0.025447953526975486,2.931943416595459,0.10995776206254959,0
mujoco,slope_forward,1,1,836,8.360000000000806,1.0,0.0,0.6231509247259814,0.04477167083892617,0.01986009310203137,0.40277479988622866,-0.02441702009524859,2.972229480743408,0.12048029899597168,0
mujoco,slope_forward,1,1,837,8.3700000000008,1.0,0.0,0.6247532361182802,0.0437764461424856,0.01681176073524479,0.41187508290792485,-0.027143211311243323,3.0479912757873535,0.12908297777175903,0
mujoco,slope_forward,1,1,838,8.380000000000795,1.0,0.0,0.6264602255179678,0.0427644030949932,0.013450914557951185,0.4199826462597253,-0.02230839239892215,3.107481002807617,0.1421607881784439,0
mujoco,slope_forward,1,1,839,8.39000000000079,1.0,0.0,0.6282853697511376,0.04182930265144562,0.010148966256197513,0.4281734848426096,-0.026471059007725097,3.1908483505249023,0.15882816910743713,0
mujoco,slope_forward,1,1,840,8.400000000000784,1.0,0.0,0.6302383174790976,0.0408257354372891,0.006458961071155623,0.4374096538917522,-0.0194950204565678,3.28167724609375,0.17677533626556396,0
mujoco,slope_forward,1,1,841,8.410000000000778,1.0,0.0,0.6323293392581089,0.04005636709153751,0.0027368208266516257,0.44518395819522516,-0.019484621259409196,3.377382516860962,0.1996140033006668,0
mujoco,slope_forward,1,1,842,8.420000000000773,1.0,0.0,0.6345718810376036,0.03914491830907689,-0.0012446614949532628,0.45437143242546296,-0.022674754073430975,3.4988157749176025,0.21959176659584045,0
mujoco,slope_forward,1,1,843,8.430000000000767,1.0,0.0,0.6369770302093328,0.038409667921280914,-0.005339601458104616,0.462934504795869,-0.016974195269663386,3.6270177364349365,0.24642205238342285,0
mujoco,slope_forward,1,1,844,8.440000000000762,1.0,0.0,0.6395486107614274,0.03761095253502919,-0.009632426438095202,0.4722156597180617,-0.020323536871110118,3.7877228260040283,0.27353131771087646,0
mujoco,slope_forward,1,1,845,8.450000000000756,1.0,0.0,0.6422837437289695,0.0368544998517962,-0.014037138740099257,0.4814770943225824,-0.003985824568067888,3.9669387340545654,0.30706343054771423,0
mujoco,slope_forward,1,1,846,8.46000000000075,1.0,0.0,0.6451508293642599,0.03596190768362886,-0.01856658883644399,0.49101474340403556,0.0017385691322605581,4.171243190765381,0.341608464717865,0
mujoco,slope_forward,1,1,847,8.470000000000745,1.0,0.0,0.6480767049565647,0.03475579834444346,-0.02297288742371343,0.5004929158425782,0.04491477725237978,4.386568069458008,0.39312657713890076,0
mujoco,slope_forward,1,1,848,8.48000000000074,1.0,0.0,0.6509465144607443,0.033264916487735316,-0.02666305394603238,0.5088095037913708,0.08805301767145311,4.580772876739502,0.4305455684661865,0
mujoco,slope_forward,1,1,849,8.490000000000734,1.0,0.0,0.6536434558135097,0.03167785572157632,-0.027818799160836804,0.5143746202334732,0.20383650163857756,4.664214611053467,0.6303951740264893,0
mujoco,slope_forward,1,1,850,8.500000000000728,1.0,0.0,0.6561479335182493,0.03043853430350607,-0.02556332333082117,0.51531585425852,0.38321825062772286,4.652166843414307,0.7338565587997437,0
mujoco,slope_forward,1,1,851,8.510000000000723,1.0,0.0,0.6583474425692295,0.025868743236476123,-0.02291844609248167,0.518356391726539,0.611490204011595,3.816405773162842,1.1588126420974731,0
mujoco,slope_forward,1,1,852,8.520000000000717,1.0,0.0,0.6600106427697011,0.019558063916810284,-0.019055153180296512,0.5200008006343874,0.7535614647391762,3.3768792152404785,1.00856614112854,0
mujoco,slope_forward,1,1,853,8.530000000000712,1.0,0.0,0.6613386969779702,0.016114045057350694,-0.01468798319453298,0.5316200257661432,0.7108516573150002,3.449211835861206,0.5036390423774719,0
mujoco,slope_forward,1,1,854,8.540000000000706,1.0,0.0,0.662243111511031,0.01086818199709797,-0.01097773240489821,0.5323622207234526,0.7472188699690108,2.8570189476013184,0.7860482335090637,0
mujoco,slope_forward,1,1,855,8.5500000000007,1.0,0.0,0.6623545721893291,0.00536858919809325,-0.005229726213542815,0.5271504920405877,0.6465107485775109,2.575821876525879,0.7681849598884583,0
mujoco,slope_forward,1,1,856,8.560000000000695,1.0,0.0,0.6618300833420306,0.002317264355023189,0.002318557148540213,0.5245475571871748,0.44075896517228313,2.436215400695801,0.799691915512085,0
mujoco,slope_forward,1,1,857,8.57000000000069,1.0,0.0,0.6611671136744329,-4.360708803463321e-06,0.010252959444806722,0.5233276851944707,0.21431501848337176,2.7911324501037598,0.8262494206428528,0
mujoco,slope_forward,1,1,858,8.580000000000684,1.0,0.0,0.6605507645514003,-0.003319582935261947,0.01593926362278483,0.5279446469924981,-0.005662874322142974,3.0368175506591797,0.4187494218349457,0
mujoco,slope_forward,1,1,859,8.590000000000678,1.0,0.0,0.6600552455037281,-0.006488938226485697,0.021437315313517745,0.5281222221603483,-0.08752400275742568,3.147639751434326,0.3267216682434082,0
mujoco,slope_forward,1,1,860,8.600000000000673,1.0,0.0,0.6597657694424285,-0.00947774863258931,0.025885992442899068,0.5332350895715507,-0.14914666001284138,3.5964014530181885,0.4685656726360321,0
mujoco,slope_forward,1,1,861,8.610000000000667,1.0,0.0,0.6597734905579652,-0.012341379872706464,0.029803998043040535,0.5368489811291337,-0.1779678946000846,3.741628885269165,0.2377501279115677,0
mujoco,slope_forward,1,1,862,8.620000000000662,1.0,0.0,0.6600673457915643,-0.014893727419067417,0.032341742514178096,0.5432849962651737,-0.1787414728534908,3.729560375213623,0.17240387201309204,0
mujoco,slope_forward,1,1,863,8.630000000000656,1.0,0.0,0.6606246667686752,-0.017408885121049274,0.03458598980119683,0.5478580476595928,-0.18859199561095388,3.8143746852874756,0.18957863748073578,0
mujoco,slope_forward,1,1,864,8.64000000000065,1.0,0.0,0.6614379212500011,-0.0193358419116706,0.03608681235890435,0.5558348703302342,-0.14362063289296384,3.9019882678985596,0.2981888949871063,0
mujoco,slope_forward,1,1,865,8.650000000000645,1.0,0.0,0.6626037409731265,-0.020595251652568335,0.0365628776419015,0.5670835245168301,-0.09247710768349046,4.18126916885376,0.4517548680305481,0
mujoco,slope_forward,1,1,866,8.66000000000064,1.0,0.0,0.664254742620991,-0.02112241625426443,0.035805488633859205,0.5812949966078387,-0.056307008025966145,4.541337490081787,0.5219466686248779,0
mujoco,slope_forward,1,1,867,8.670000000000634,1.0,0.0,0.6664915191092482,-0.02135758653278603,0.03334410607257612,0.5978267355503328,-0.034868484379801154,4.860742092132568,0.472880095243454,0
mujoco,slope_forward,1,1,868,8.680000000000629,1.0,0.0,0.6693097219236918,-0.021150276840602514,0.029663093802258508,0.6135018471224813,-0.001325072975001158,5.054563522338867,0.5004177093505859,0
mujoco,slope_forward,1,1,869,8.690000000000623,1.0,0.0,0.6724295277196465,-0.020725553129035432,0.024543180265529676,0.6230089094258081,0.027577668329078316,5.017107963562012,0.6854142546653748,0
mujoco,slope_forward,1,1,870,8.700000000000617,1.0,0.0,0.6754009672406912,-0.02099201033414488,0.020677737551687735,0.6223077099703089,0.0011330744392477306,4.75105094909668,1.0186783075332642,0
mujoco,slope_forward,1,1,871,8.710000000000612,1.0,0.0,0.6779317471408572,-0.022875170919970832,0.020591571238360792,0.6161318373348935,-0.0921778007201286,4.31953763961792,0.9470028877258301,0
mujoco,slope_forward,1,1,872,8.720000000000606,1.0,0.0,0.6799554714236442,-0.02331934321691372,0.02202946642116668,0.6175684362062206,-0.23253554965933546,3.738612413406372,0.8464484214782715,0
mujoco,slope_forward,1,1,873,8.7300000000006,1.0,0.0,0.6813053504093635,-0.020468538643618892,0.023856520291882906,0.6150380990390719,-0.23317648712644376,3.075144052505493,1.1685678958892822,0
mujoco,slope_forward,1,1,874,8.740000000000595,1.0,0.0,0.6818025047596612,-0.01593771370735143,0.027222372211419595,0.6112782756236766,-0.21344219206861664,2.62026047706604,1.4174543619155884,0
mujoco,slope_forward,1,1,875,8.75000000000059,1.0,0.0,0.6814241774281821,-0.014478440529994878,0.03329958188419951,0.6038740493875364,-0.22015385447294222,2.8345208168029785,1.3471351861953735,0
mujoco,slope_forward,1,1,876,8.760000000000584,1.0,0.0,0.6803661464706716,-0.01315016754261171,0.04058763104951551,0.6023374065284868,-0.14598419884890196,3.003593921661377,0.5486174821853638,0
mujoco,slope_forward,1,1,877,8.770000000000579,1.0,0.0,0.6789250059403071,-0.013642543492958698,0.0478028213650811,0.6029815289960014,-0.15517610057983283,3.2486941814422607,0.6255918145179749,0
mujoco,slope_forward,1,1,878,8.780000000000573,1.0,0.0,0.6774857862681131,-0.014453571378044573,0.0538845525881802,0.6113959760127026,-0.11660636205072891,3.3910109996795654,0.6720940470695496,0
mujoco,slope_forward,1,1,879,8.790000000000568,1.0,0.0,0.6763408519367604,-0.014357441660687906,0.059092502429795656,0.618889066789395,-0.03901541134624316,3.4703686237335205,0.714001476764679,0
mujoco,slope_forward,1,1,880,8.800000000000562,1.0,0.0,0.675570949233502,-0.014518245348752009,0.0622539206370266,0.6288093726499507,-0.10566884512331837,3.578122854232788,0.5067917108535767,0
mujoco,slope_forward,1,1,881,8.810000000000556,1.0,0.0,0.675205501458855,-0.014224904196188869,0.0643326151747572,0.6375955784564097,-0.15255983543649404,3.647684097290039,0.43498945236206055,0
mujoco,slope_forward,1,1,882,8.820000000000551,1.0,0.0,0.6752423945340026,-0.012978234441505632,0.06497319567231351,0.6477354924651457,-0.1985982055430361,3.7808308601379395,0.3353540301322937,0
mujoco,slope_forward,1,1,883,8.830000000000545,1.0,0.0,0.6756499287913478,-0.01113989178382647,0.0643625874476921,0.6581307947632841,-0.20907322999762293,3.806919813156128,0.18461042642593384,0
mujoco,slope_forward,1,1,884,8.84000000000054,1.0,0.0,0.6763601567465036,-0.009639189632074056,0.06306819414268944,0.6665767141741045,-0.2130719141388755,3.842440128326416,0.18202795088291168,0
mujoco,slope_forward,1,1,885,8.850000000000534,1.0,0.0,0.6773143194306411,-0.008453537387727167,0.06100654113777429,0.675105927262138,-0.19125899855420742,3.8652985095977783,0.13327038288116455,0
mujoco,slope_forward,1,1,886,8.860000000000529,1.0,0.0,0.6785615836463756,-0.007462223749053496,0.058377467431864845,0.6850812854301446,-0.16924004999217482,4.034444332122803,0.288332998752594,0
mujoco,slope_forward,1,1,887,8.870000000000523,1.0,0.0,0.6801481177574921,-0.006742042326884608,0.0547575960795339,0.6964707947077531,-0.1629151566139269,4.206711292266846,0.2615112364292145,0
mujoco,slope_forward,1,1,888,8.880000000000518,1.0,0.0,0.682078739501325,-0.005808058255369575,0.05030907798676236,0.7066182567040307,-0.13958794441679054,4.290112495422363,0.284569650888443,0
mujoco,slope_forward,1,1,889,8.890000000000512,1.0,0.0,0.6843800599274867,-0.004591189500978547,0.04519850510907759,0.7181815949793513,-0.14723360960748427,4.4738993644714355,0.3675585687160492,0
mujoco,slope_forward,1,1,890,8.900000000000507,1.0,0.0,0.6870673259427932,-0.0027770629595819667,0.03946291956804294,0.7301494727962198,-0.13885359087319485,4.616836071014404,0.38759833574295044,0
mujoco,slope_forward,1,1,891,8.910000000000501,1.0,0.0,0.6901236570558943,-0.0005868093873011476,0.033519567109187194,0.7398597265884747,-0.13362288562787944,4.726792812347412,0.42443349957466125,0
mujoco,slope_forward,1,1,892,8.920000000000496,1.0,0.0,0.6934768318503534,0.0015313628203261719,0.027305625363505136,0.748756119810717,-0.13505695603865403,4.833967208862305,0.3837365508079529,0
mujoco,slope_forward,1,1,893,8.93000000000049,1.0,0.0,0.696988695481754,0.0030742657586513315,0.021203882282134583,0.7549838134040477,-0.12811039705771948,4.866261005401611,0.36913764476776123,0
mujoco,slope_forward,1,1,894,8.940000000000484,1.0,0.0,0.7004789492951049,0.003934977304770015,0.015700917124344876,0.7591965872370094,-0.10861718124843962,4.866384506225586,0.294031023979187,0
mujoco,slope_forward,1,1,895,8.950000000000479,1.0,0.0,0.7037615773952237,0.004274531305427843,0.010975031522545866,0.7624691490556252,-0.07481871083934225,4.869290351867676,0.2674255073070526,0
mujoco,slope_forward,1,1,896,8.960000000000473,1.0,0.0,0.7067387686417186,0.003996451408800304,0.007656010380555338,0.7652851574060119,-0.02538669697335077,4.90811824798584,0.23712323606014252,0
mujoco,slope_forward,1,1,897,8.970000000000468,1.0,0.0,0.7094128071582227,0.0033783817538973002,0.006003950549415766,0.7696520058099908,0.048247553552550226,4.92289924621582,0.33878862857818604,0
mujoco,slope_forward,1,1,898,8.980000000000462,1.0,0.0,0.7118206799780248,0.002884180035939439,0.006487170735039547,0.7746498815320876,0.1584781168028435,4.856045722961426,0.6062737703323364,0
mujoco,slope_forward,1,1,899,8.990000000000457,1.0,0.0,0.7140367045243391,0.0017520847739814682,0.00844540772880287,0.7803734967417417,0.3378062021843245,4.621072769165039,0.9948302507400513,0
mujoco,slope_forward,1,1,900,9.000000000000451,1.0,0.0,0.7160657215437661,-0.002099445302594873,0.009717323667203901,0.7888481789591133,0.5574708258202602,4.13041877746582,1.3327934741973877,0
mujoco,slope_forward,1,1,901,9.010000000000446,1.0,0.0,0.7178155022860225,-0.007907126828525528,0.010307760391238588,0.7952417776572581,0.6753805629424514,3.721540689468384,0.984132707118988,0
mujoco,slope_forward,1,1,902,9.02000000000044,1.0,0.0,0.7189504205349883,-0.015064013344378723,0.010788661248076994,0.7954658055520012,0.7092489514848811,2.968524694442749,1.246559739112854,0
mujoco,slope_forward,1,1,903,9.030000000000435,1.0,0.0,0.7192316622803674,-0.021007318371440695,0.014970201097658545,0.7896474012386884,0.6241218090126969,2.533994197845459,0.8540122509002686,0
mujoco,slope_forward,1,1,904,9.040000000000429,1.0,0.0,0.7186229656839399,-0.02464075330948727,0.021412627404686718,0.7851065225455994,0.4196102565764894,2.364490032196045,0.5318610668182373,0
mujoco,slope_forward,1,1,905,9.050000000000423,1.0,0.0,0.7176130849309329,-0.025062640908847095,0.028696780419890894,0.7774174237651688,0.21247399311383952,2.6818246841430664,1.365547776222229,0
mujoco,slope_forward,1,1,906,9.060000000000418,1.0,0.0,0.7164636653361957,-0.026700455935623348,0.03276321345078369,0.7728774114417027,-0.06193961854620941,3.301832437515259,0.9486730694770813,0
mujoco,slope_forward,1,1,907,9.070000000000412,1.0,0.0,0.7154240430883915,-0.0287398949665952,0.03776646814636435,0.7637027309608857,-0.2096866648104073,3.4121437072753906,0.43058541417121887,0
mujoco,slope_forward,1,1,908,9.080000000000407,1.0,0.0,0.7144884153047675,-0.02944911839812482,0.04193124815955361,0.757506248671107,-0.38079750021112724,3.649298667907715,0.4270651936531067,0
mujoco,slope_forward,1,1,909,9.090000000000401,1.0,0.0,0.7136194328739425,-0.028978279206564702,0.04758999900318975,0.7437342221180143,-0.5405055589545827,3.7258646488189697,0.6950989365577698,0
mujoco,slope_forward,1,1,910,9.100000000000396,1.0,0.0,0.7127961004043057,-0.027396704477790967,0.05318430679636459,0.7341108266053464,-0.6457930443475811,3.719930410385132,0.3714209198951721,0
mujoco,slope_forward,1,1,911,9.11000000000039,1.0,0.0,0.711945455504028,-0.023531743586177878,0.057305211728533145,0.7239463399878782,-0.6031269510396446,3.623887300491333,0.4682779610157013,0
mujoco,slope_forward,1,1,912,9.120000000000385,1.0,0.0,0.7110147217669368,-0.019279552543434584,0.061089819726764756,0.7128751284092362,-0.5858650972743085,3.597276449203491,0.4720616936683655,0
mujoco,slope_forward,1,1,913,9.13000000000038,1.0,0.0,0.7099238039566096,-0.014166659322073137,0.06441999189393799,0.70306709610503,-0.5190672766188824,3.5329749584198,0.27508336305618286,0
mujoco,slope_forward,1,1,914,9.140000000000374,1.0,0.0,0.7085967699198333,-0.008278384433943856,0.06770731092960587,0.6914769422297231,-0.5055451241941875,3.643141508102417,0.4217836260795593,0
mujoco,slope_forward,1,1,915,9.150000000000368,1.0,0.0,0.7069735788095961,-0.0033896424140684067,0.07195644928506206,0.6812285370554587,-0.5353844574544036,3.5614004135131836,0.41672566533088684,0
mujoco,slope_forward,1,1,916,9.160000000000363,1.0,0.0,0.7051444675491692,-0.000911557989788367,0.07963319749867193,0.6722893111890711,-0.5585515502324192,3.3740344047546387,0.517203152179718,0
mujoco,slope_forward,1,1,917,9.170000000000357,1.0,0.0,0.703162427264261,0.000612698017132814,0.0898152629543375,0.6674164770909722,-0.5576926919872957,3.355264663696289,0.43226784467697144,0
mujoco,slope_forward,1,1,918,9.180000000000351,1.0,0.0,0.7010782506075242,0.001331657671084815,0.10171925204873976,0.6641804519950139,-0.5322654474372036,3.3230478763580322,0.6455652713775635,0
mujoco,slope_forward,1,1,919,9.190000000000346,1.0,0.0,0.6990466502583192,0.002662636033229076,0.11280762385654504,0.6729439678172242,-0.41119081478749303,3.3774144649505615,1.1799631118774414,0
mujoco,slope_forward,1,1,920,9.20000000000034,1.0,0.0,0.6971890070278459,0.006182753927665957,0.12094205556176178,0.6911108617850811,-0.21687003089384044,3.564452648162842,1.202657699584961,0
mujoco,slope_forward,1,1,921,9.210000000000335,1.0,0.0,0.6956968211302973,0.01256803155285588,0.1252154687244836,0.7130027795854205,-0.009811083941591789,3.5418944358825684,0.6895350813865662,0
mujoco,slope_forward,1,1,922,9.22000000000033,1.0,0.0,0.6946448676148967,0.01810143508143637,0.12545516792384057,0.7318750981622222,0.044892343705441734,3.2424497604370117,0.9508543610572815,0
mujoco,slope_forward,1,1,923,9.230000000000324,1.0,0.0,0.6940393654789349,0.021844187233037434,0.12301771812286905,0.7511298876709852,0.03966231213727977,3.337973117828369,0.8578008413314819,0
mujoco,slope_forward,1,1,924,9.240000000000318,1.0,0.0,0.6938058224106084,0.023869062647584892,0.11916776112618867,0.7637422393774791,0.042770955024117825,3.373798131942749,0.5523251891136169,0
mujoco,slope_forward,1,1,925,9.250000000000313,1.0,0.0,0.6940525392353335,0.026315348760499475,0.1165919628526346,0.7663899124510578,0.07322752297648545,3.3853228092193604,0.8459722995758057,0
mujoco,slope_forward,1,1,926,9.260000000000307,1.0,0.0,0.6948454751310849,0.02910027578109494,0.11265211650142655,0.7654557245589113,-0.01877836075431169,3.446032762527466,0.8756048679351807,0
mujoco,slope_forward,1,1,927,9.270000000000302,1.0,0.0,0.6960889585058424,0.03204901245003809,0.10828967344149827,0.7588071985024094,-0.10333721297462388,3.199423313140869,0.538560688495636,0
mujoco,slope_forward,1,1,928,9.280000000000296,1.0,0.0,0.6975680531802307,0.03483560075798086,0.10364939668352945,0.7531110465529867,-0.17495203037593277,2.9482622146606445,0.32271015644073486,0
mujoco,slope_forward,1,1,929,9.29000000000029,1.0,0.0,0.699128700870032,0.03708881280157663,0.09906091782172514,0.7477243330986678,-0.17610144512773868,2.766737222671509,0.33244022727012634,0
mujoco,slope_forward,1,1,930,9.300000000000285,1.0,0.0,0.7006866720084565,0.03865136596963813,0.09481755400286584,0.7449706658360088,-0.1114681451349246,2.716409683227539,0.40220990777015686,0
mujoco,slope_forward,1,1,931,9.31000000000028,1.0,0.0,0.702211866813081,0.03916562408476018,0.09061906085141247,0.7447844186747806,-0.04215704603840609,2.822205066680908,0.3150359094142914,0
mujoco,slope_forward,1,1,932,9.320000000000274,1.0,0.0,0.7037395696289588,0.03880411364209725,0.08627936047887821,0.7461848353141851,0.02290100902332965,2.943378448486328,0.2245597541332245,0
mujoco,slope_forward,1,1,933,9.330000000000268,1.0,0.0,0.7053240173321959,0.0379883824037061,0.08152644580638166,0.7486176533509041,0.06876243350337546,3.015779733657837,0.15410998463630676,0
mujoco,slope_forward,1,1,934,9.340000000000263,1.0,0.0,0.7069841654054245,0.03697165565892306,0.0761871117558615,0.7513297252379284,0.09534962812543607,2.9852335453033447,0.06686597317457199,0
mujoco,slope_forward,1,1,935,9.350000000000257,1.0,0.0,0.7086941594895857,0.03589221352515815,0.07059965907510707,0.7533438551978643,0.0980225154485276,2.884977102279663,0.11814457178115845,0
mujoco,slope_forward,1,1,936,9.360000000000252,1.0,0.0,0.7104144392538423,0.03487798288157011,0.06520856948874343,0.7547065479171216,0.09791135611805024,2.778350353240967,0.1199074536561966,0
mujoco,slope_forward,1,1,937,9.370000000000246,1.0,0.0,0.7120995526085109,0.03383127583895191,0.05996403837018522,0.7556233146446844,0.10332189006683168,2.6977810859680176,0.09875897318124771,0
mujoco,slope_forward,1,1,938,9.38000000000024,1.0,0.0,0.7137162002780587,0.03261840834927061,0.05497424853478187,0.7550395835502542,0.10170011200021958,2.630997657775879,0.098795585334301,0
mujoco,slope_forward,1,1,939,9.390000000000235,1.0,0.0,0.7152482990528972,0.031196653301939242,0.05012422701220031,0.7539446961001409,0.09242064837830467,2.588712215423584,0.08693023025989532,0
mujoco,slope_forward,1,1,940,9.40000000000023,1.0,0.0,0.7166948774294751,0.029560391626136554,0.04556822603661266,0.7516734908688737,0.07438874194523075,2.5680742263793945,0.06827501952648163,0
mujoco,slope_forward,1,1,941,9.410000000000224,1.0,0.0,0.7180614626329926,0.027783652654054997,0.04137280653316801,0.7460966947455908,0.0942406086001053,2.5550475120544434,0.026828331872820854,0
mujoco,slope_forward,1,1,942,9.420000000000218,1.0,0.0,0.7194354868160274,0.02647807189317713,0.041857219021137836,0.7075705779479862,0.46512746005052064,2.5507025718688965,0.07301058620214462,0
mujoco,slope_forward,1,1,943,9.430000000000213,1.0,0.0,0.7210579144521952,0.026889930757722894,0.045152967531362005,0.6682740203051775,0.8237720516277088,2.966273784637451,0.6793280243873596,0
mujoco,slope_forward,1,1,944,9.440000000000207,1.0,0.0,0.7231387971782864,0.02802181660249792,0.049334065463293615,0.6296309963812826,1.0913142645409237,3.5095207691192627,0.6974210143089294,0
mujoco,slope_forward,1,1,945,9.450000000000202,1.0,0.0,0.725634239752129,0.029082263845374944,0.05100315644037461,0.6223078589787739,1.072873782863521,3.9880921840667725,0.626221776008606,0
mujoco,slope_forward,1,1,946,9.460000000000196,1.0,0.0,0.7282870247292731,0.027630707901325265,0.04933711847841149,0.6282660643303172,0.8282439467048316,3.9321916103363037,0.6904743909835815,0
mujoco,slope_forward,1,1,947,9.47000000000019,1.0,0.0,0.7310967093483891,0.02406276856154344,0.04749045747257429,0.6337569165863924,0.7423513543008421,4.058008193969727,0.471660315990448,0
mujoco,slope_forward,1,1,948,9.480000000000185,1.0,0.0,0.7340993043103319,0.0192467602408646,0.04402692310772148,0.6410564218943863,0.6586983402994969,4.3747735023498535,0.8072366118431091,0
mujoco,slope_forward,1,1,949,9.49000000000018,1.0,0.0,0.7372687564693352,0.013165991713557985,0.03872416602462021,0.6429743681424882,0.623997496997436,5.0796895027160645,1.4193499088287354,0
mujoco,slope_forward,1,1,950,9.500000000000174,1.0,0.0,0.740376414779653,0.008559021500595976,0.032711032860978165,0.6378938129781612,0.6460655814652594,5.9226837158203125,1.4583401679992676,0
mujoco,slope_forward,1,1,951,9.510000000000169,1.0,0.0,0.743650865558912,0.0095716048206379,0.027011974236526598,0.6381569204029616,0.284884896349187,6.397136688232422,1.046690821647644,0
mujoco,slope_forward,1,1,952,9.520000000000163,1.0,0.0,0.7473310364133813,0.012468123772736537,0.02189891373734651,0.6397681225162326,-0.15125890938051348,6.767656326293945,0.7462926506996155,0
mujoco,slope_forward,1,1,953,9.530000000000157,1.0,0.0,0.7514155566981894,0.01807005234749585,0.015448167028483145,0.6470023262519561,-0.3816401785830467,6.398666858673096,0.4872695803642273,0
mujoco,slope_forward,1,1,954,9.540000000000152,1.0,0.0,0.7553304814056474,0.026463951562875544,0.011945546586360474,0.6226661520192541,-0.41675484437986976,4.92498779296875,1.6663093566894531,0
mujoco,slope_forward,1,1,955,9.550000000000146,1.0,0.0,0.7586784296526569,0.033501100347975696,0.019448443011697007,0.5840663913049849,-0.7126388230409132,3.532019853591919,1.9326642751693726,0
mujoco,slope_forward,1,1,956,9.56000000000014,1.0,0.0,0.7611563258258336,0.03622007205892269,0.03375597832270822,0.5568166807130088,-0.790434301047241,2.7403793334960938,2.6785850524902344,0
mujoco,slope_forward,1,1,957,9.570000000000135,1.0,0.0,0.7629266525474548,0.03769126912025989,0.05944540337475194,0.5036150675622347,-0.7543274671574713,3.721796989440918,2.8033952713012695,0
mujoco,slope_forward,1,1,958,9.58000000000013,1.0,0.0,0.7643253492696681,0.03910021805182019,0.0788221397106058,0.5016449988248927,-0.4963090997268995,5.783594608306885,3.408442974090576,0
mujoco,slope_forward,1,1,959,9.590000000000124,1.0,0.0,0.7651216524916107,0.030350299996019313,0.08593902774208188,0.4938390954624048,0.22484818665776296,5.446779251098633,3.7307422161102295,0
mujoco,slope_forward,1,1,960,9.600000000000119,1.0,0.0,0.7654382115049181,0.02141687133868379,0.09442500588676367,0.4825036953426379,0.4451766723493678,5.542699337005615,0.9652820825576782,0
mujoco,slope_forward,1,1,961,9.610000000000113,1.0,0.0,0.7660415137819205,0.00755297531539338,0.09869200303008088,0.4972440286045937,0.4867840902354675,6.194639682769775,0.8770751953125,0
mujoco,slope_forward,1,1,962,9.620000000000108,1.0,0.0,0.767661861545988,-0.008967095194157384,0.09904815378445571,0.5246013525904353,0.7197114658717614,6.244857311248779,0.7851280570030212,0
mujoco,slope_forward,1,1,963,9.630000000000102,1.0,0.0,0.7701810657637744,-0.023839323481880066,0.0955897071198853,0.5504223552975337,1.3307476300662817,5.994383811950684,0.6889294981956482,0
mujoco,slope_forward,1,1,964,9.640000000000096,1.0,0.0,0.7736743376190748,-0.03223016742577725,0.0952199249222593,0.5720995168838396,1.9632833537465886,6.675303936004639,1.1672767400741577,0
mujoco,slope_forward,1,1,965,9.650000000000091,1.0,0.0,0.7781996019423059,-0.037877487644687104,0.09307723821769429,0.5992721083744935,2.5211434617071387,7.0547027587890625,0.8884674906730652,0
mujoco,slope_forward,1,1,966,9.660000000000085,1.0,0.0,0.7835029864172146,-0.04490677961836961,0.0862942462435805,0.6173656727458803,2.975661011046458,6.917264461517334,0.7148950695991516,0
mujoco,slope_forward,1,1,967,9.67000000000008,1.0,0.0,0.7886632345614535,-0.051488838850466706,0.07935595273962619,0.6068973031952133,3.120375723525106,5.897947788238525,1.2598998546600342,0
mujoco,slope_forward,1,1,968,9.680000000000074,1.0,0.0,0.7929977817370747,-0.05843737060057472,0.0791082524709632,0.5914275215218353,2.916324670737739,4.124338626861572,2.535158634185791,0
mujoco,slope_forward,1,1,969,9.690000000000069,1.0,0.0,0.7962285138802708,-0.06813770709000756,0.0857563475498101,0.5757498283232878,2.038553378322952,2.6217215061187744,3.0616085529327393,0
mujoco,slope_forward,1,1,970,9.700000000000063,1.0,0.0,0.7990012976281818,-0.07605737073758895,0.09375215828415122,0.5734524626412498,0.9010376753837173,3.6424930095672607,2.0631825923919678,0
mujoco,slope_forward,1,1,971,9.710000000000058,1.0,0.0,0.8017297987602242,-0.08348727653570799,0.096126621303169,0.5772379951754504,-0.09716598912674894,3.7217516899108887,0.7854734063148499,0
mujoco,slope_forward,1,1,972,9.720000000000052,1.0,0.0,0.804445413971181,-0.08935210324367207,0.09501705928829991,0.5770905292343474,-0.5966357168277374,3.445486545562744,0.5127848386764526,0
mujoco,slope_forward,1,1,973,9.730000000000047,1.0,0.0,0.8071601242038772,-0.09281518076350075,0.09072868744548977,0.5817221416477781,-0.7560735990934908,3.4695746898651123,0.6826708912849426,0
mujoco,slope_forward,1,1,974,9.740000000000041,1.0,0.0,0.8099390069755046,-0.09253069208092334,0.08624439405548871,0.5820037089641833,-0.5812344831813987,3.3069398403167725,0.6354061961174011,0
mujoco,slope_forward,1,1,975,9.750000000000036,1.0,0.0,0.812624142294476,-0.08955155970604675,0.08136892392686505,0.5844933061881511,-0.45195656893974284,3.047048807144165,0.43031027913093567,0
mujoco,slope_forward,1,1,976,9.76000000000003,1.0,0.0,0.8149927819560803,-0.08541134658016096,0.07631264173362227,0.5853469901423337,-0.31275270317245807,2.9529240131378174,0.23212358355522156,0
mujoco,slope_forward,1,1,977,9.770000000000024,1.0,0.0,0.8168105379597087,-0.0832505625182457,0.06877738424945416,0.5900606343689326,-0.3116220173872571,3.049173593521118,0.7340169548988342,0
mujoco,slope_forward,1,1,978,9.780000000000019,1.0,0.0,0.8180705620401592,-0.08355738676792487,0.06399489520676205,0.5856021990052419,-0.23589574493538945,2.634901523590088,1.0293927192687988,0
mujoco,slope_forward,1,1,979,9.790000000000013,1.0,0.0,0.8186019841054982,-0.08433026684630389,0.06007861146017669,0.5857442406562021,-0.0004289297267980677,2.5033206939697266,0.8061777949333191,0
mujoco,slope_forward,1,1,980,9.800000000000008,1.0,0.0,0.8183401183053848,-0.08593387033665001,0.05905781341630105,0.5789223546953046,0.11757964310011243,2.5413663387298584,0.9383558630943298,0
mujoco,slope_forward,1,1,981,9.810000000000002,1.0,0.0,0.8172722961837392,-0.08768697519353591,0.05798204181993033,0.577336957155419,0.1829016484684634,2.4184131622314453,0.3860720992088318,0
mujoco,slope_forward,1,1,982,9.819999999999997,1.0,0.0,0.8153459512185403,-0.08912811834797423,0.05585118311020274,0.576285957409851,0.1705573899858793,2.1010794639587402,0.46067336201667786,0
mujoco,slope_forward,1,1,983,9.829999999999991,1.0,0.0,0.8128323517296587,-0.08827492277805353,0.05405676090919052,0.5748723682769552,0.20701899160334103,1.8377050161361694,0.6160765290260315,0
mujoco,slope_forward,1,1,984,9.839999999999986,1.0,0.0,0.8099328256859915,-0.08633568586310743,0.05164294362208343,0.5739511891124663,0.2444636128374765,1.8113054037094116,0.3965797424316406,0
mujoco,slope_forward,1,1,985,9.84999999999998,1.0,0.0,0.8068372388582272,-0.08362532783911941,0.04954691635336199,0.5701367847797627,0.26388244330497296,1.8924156427383423,0.29217469692230225,0
mujoco,slope_forward,1,1,986,9.859999999999975,1.0,0.0,0.8036372927831579,-0.07976052270913203,0.046993150646611095,0.5673314660823211,0.27468335236055985,1.8874146938323975,0.2265995889902115,0
mujoco,slope_forward,1,1,987,9.869999999999969,1.0,0.0,0.8003667348378212,-0.07481879843405821,0.04430149361484243,0.5625281231236601,0.2602003881001536,1.802466630935669,0.302231103181839,0
mujoco,slope_forward,1,1,988,9.879999999999963,1.0,0.0,0.7970490947415624,-0.06888353251266367,0.04190995974844888,0.5583729871220089,0.24254183255824202,1.6952794790267944,0.38194143772125244,0
mujoco,slope_forward,1,1,989,9.889999999999958,1.0,0.0,0.7941154872334005,-0.06552184862139623,0.04343171237000262,0.5473789020437801,0.10379968948199862,1.7234283685684204,0.3491847813129425,0
mujoco,slope_forward,1,1,990,9.899999999999952,1.0,0.0,0.7918262444331773,-0.06394758095865401,0.04456741495070637,0.5410534093387532,-8.666541637984172e-05,1.8214077949523926,0.3622928261756897,0
mujoco,slope_forward,1,1,991,9.909999999999947,1.0,0.0,0.7902163447101903,-0.06246452241913449,0.04477405379197486,0.5329766958933494,-0.07444915808799649,1.8278968334197998,0.22682514786720276,0
mujoco,slope_forward,1,1,992,9.919999999999941,1.0,0.0,0.7891184906339153,-0.06040283533171235,0.04304432104759382,0.5282207533759198,-0.08685819846892924,1.7301290035247803,0.1802547723054886,0
mujoco,slope_forward,1,1,993,9.929999999999936,1.0,0.0,0.7883765715410145,-0.05745706967540035,0.04039837377994695,0.5224464651320014,-0.07371922418827852,1.5654484033584595,0.23743239045143127,0
mujoco,slope_forward,1,1,994,9.93999999999993,1.0,0.0,0.7878417385542271,-0.05407429776475757,0.037063023016545654,0.5176611708991359,-0.04955649360455439,1.4179201126098633,0.20194189250469208,0
mujoco,slope_forward,1,1,995,9.949999999999925,1.0,0.0,0.7874106346728791,-0.05025160344171773,0.033642398216895915,0.5128344482913465,-0.034363505477021446,1.301242470741272,0.20734357833862305,0
mujoco,slope_forward,1,1,996,9.95999999999992,1.0,0.0,0.7870000254819447,-0.04624944015274142,0.030231482539321904,0.5076916887138864,-0.023727226249650447,1.2259275913238525,0.1510341465473175,0
mujoco,slope_forward,1,1,997,9.969999999999914,1.0,0.0,0.7865888528408305,-0.04212541720328146,0.027198012220649263,0.50278910660702,-0.010827375862273983,1.1840306520462036,0.0966130793094635,0
mujoco,slope_forward,1,1,998,9.979999999999908,1.0,0.0,0.786145201183279,-0.037976714545534404,0.024148253824370955,0.49761240425287023,-0.0081906505652336,1.170358419418335,0.11688417196273804,0
mujoco,slope_forward,1,1,999,9.989999999999903,1.0,0.0,0.7856755768172822,-0.03384210230071056,0.021425154494077014,0.49212053906185954,0.0012056544377203357,1.1504489183425903,0.09719966351985931,0
mujoco,slope_forward,1,1,1000,9.999999999999897,1.0,0.0,0.7851856519272356,-0.029664746935795863,0.018996729447953112,0.486637109759219,0.0026267235312090126,1.1527206897735596,0.10272648185491562,0
mujoco,slope_forward,1,1,1001,10.009999999999891,1.0,0.0,0.7846707344333889,-0.025400167228594086,0.016916566984699587,0.48016559572453593,0.028786147375209115,1.1497535705566406,0.08688947558403015,0
mujoco,slope_forward,1,1,1002,10.019999999999886,1.0,0.0,0.7841371130983724,-0.021164952519890888,0.014980807165536823,0.47433538580627527,0.03298643552728113,1.1581153869628906,0.08554845303297043,0
mujoco,slope_forward,1,1,1003,10.02999999999988,1.0,0.0,0.7835805643141004,-0.017034591057227946,0.012982040441259137,0.468111653892755,0.03990733235365112,1.1636182069778442,0.06737484782934189,0
mujoco,slope_forward,1,1,1004,10.039999999999875,1.0,0.0,0.783016635553822,-0.0129924123039245,0.011331726544483448,0.4613197595492143,0.046928515989122226,1.1703232526779175,0.05592961236834526,0
mujoco,slope_forward,1,1,1005,10.04999999999987,1.0,0.0,0.7824453454878528,-0.00906683700142677,0.009542327130103152,0.45550655043400506,0.04819382298389217,1.183841586112976,0.05330822616815567,0
mujoco,slope_forward,1,1,1006,10.059999999999864,1.0,0.0,0.7818725927812451,-0.005468073238656162,0.007950579261156453,0.44832549080849987,0.051340011566847255,1.1900449991226196,0.04175591841340065,0
mujoco,slope_forward,1,1,1007,10.069999999999858,1.0,0.0,0.7813012121219013,-0.002000503070742668,0.006296783869773532,0.4417659479405948,0.059521781518610976,1.2057667970657349,0.04930684342980385,0
mujoco,slope_forward,1,1,1008,10.079999999999853,1.0,0.0,0.7807431205149853,0.0012422780417820386,0.004717072471245207,0.4353078652111453,0.05648054348057619,1.2130755186080933,0.03801104426383972,0
mujoco,slope_forward,1,1,1009,10.089999999999847,1.0,0.0,0.7801910071953161,0.004270954625206497,0.0030775153834069597,0.4279468824887952,0.06704697837932966,1.225691318511963,0.04059373214840889,0
mujoco,slope_forward,1,1,1010,10.099999999999842,1.0,0.0,0.7796561455946437,0.007125275719568225,0.0015449070180731234,0.42096457074485777,0.07230514543534602,1.2340401411056519,0.042578086256980896,0
mujoco,slope_forward,1,1,1011,10.109999999999836,1.0,0.0,0.7791330893168682,0.009779839705673855,-0.00020082370836816757,0.4148027415417861,0.07450601200477543,1.2453426122665405,0.0397583469748497,0
mujoco,slope_forward,1,1,1012,10.11999999999983,1.0,0.0,0.7786214125810677,0.012222642600088185,-0.0016848463099095002,0.4067497612596452,0.0816284835253134,1.2515544891357422,0.04293891414999962,0
mujoco,slope_forward,1,1,1013,10.129999999999825,1.0,0.0,0.7781231593759393,0.014510209606323777,-0.0033623489361760397,0.40080265245620755,0.09311892405299003,1.2630231380462646,0.03754416108131409,0
mujoco,slope_forward,1,1,1014,10.13999999999982,1.0,0.0,0.7776342392425994,0.016610862729863816,-0.004856880380383545,0.39335489093982257,0.08606143128825564,1.268385648727417,0.050884511321783066,0
mujoco,slope_forward,1,1,1015,10.149999999999814,1.0,0.0,0.7771491791734497,0.018475272997095445,-0.006428540224977244,0.3866134551976366,0.09602456301069673,1.2802989482879639,0.037046998739242554,0
mujoco,slope_forward,1,1,1016,10.159999999999808,1.0,0.0,0.7766769487645361,0.020302199017914514,-0.007859715175338748,0.3789501791110739,0.10190057693229383,1.2896308898925781,0.04836514964699745,0
mujoco,slope_forward,1,1,1017,10.169999999999803,1.0,0.0,0.7762174655038485,0.021922255651982712,-0.009340055735649437,0.3725258177653176,0.09457456794739383,1.30024254322052,0.03424925357103348,0
mujoco,slope_forward,1,1,1018,10.179999999999797,1.0,0.0,0.7757702070335367,0.023342268355718582,-0.010726746409881598,0.3650142904180514,0.10819337028715263,1.3123801946640015,0.049246273934841156,0
mujoco,slope_forward,1,1,1019,10.189999999999792,1.0,0.0,0.7753358783584321,0.02475806736910653,-0.011993661955824953,0.35736341316951736,0.10812736498840123,1.32309889793396,0.03824716806411743,0
mujoco,slope_forward,1,1,1020,10.199999999999786,1.0,0.0,0.7749220108542583,0.025979111034029057,-0.0132638014284629,0.350723264089092,0.10167588425449804,1.3330641984939575,0.0373094417154789,0
mujoco,slope_forward,1,1,1021,10.20999999999978,1.0,0.0,0.7745163845520395,0.02704738022622711,-0.014590004166646468,0.3433359835687861,0.1083459423610339,1.345547080039978,0.04328308254480362,0
mujoco,slope_forward,1,1,1022,10.219999999999775,1.0,0.0,0.7741258800388932,0.028123955599519284,-0.015640166799579722,0.3352079351356401,0.10630428540060535,1.3558628559112549,0.041024595499038696,0
mujoco,slope_forward,1,1,1023,10.22999999999977,1.0,0.0,0.773758909196889,0.029072383127793543,-0.01674466401115848,0.3285738606651213,0.10052047621021515,1.3668177127838135,0.033999357372522354,0
mujoco,slope_forward,1,1,1024,10.239999999999764,1.0,0.0,0.7734063267560524,0.02990990218632105,-0.017922564724879842,0.32187816188695784,0.10277038143911031,1.3783658742904663,0.044533900916576385,0
mujoco,slope_forward,1,1,1025,10.249999999999758,1.0,0.0,0.7730639824251432,0.03076009822155512,-0.018794110344584974,0.313411261186151,0.10041224316959065,1.387641191482544,0.04003901779651642,0
mujoco,slope_forward,1,1,1026,10.259999999999753,1.0,0.0,0.7727431362751519,0.03153354289467288,-0.01963483766457398,0.30632998799891903,0.09513717286666871,1.3981139659881592,0.035225991159677505,0
mujoco,slope_forward,1,1,1027,10.269999999999747,1.0,0.0,0.7724463718173783,0.032214358888565275,-0.02050018801666119,0.29997831202723707,0.09098346822208095,1.4083870649337769,0.038218408823013306,0
mujoco,slope_forward,1,1,1028,10.279999999999742,1.0,0.0,0.7721576157729861,0.032843796958038546,-0.02139186060689502,0.29260011976558037,0.09498105453253956,1.417024850845337,0.03860894590616226,0
mujoco,slope_forward,1,1,1029,10.289999999999736,1.0,0.0,0.7718851186357394,0.03350061032245119,-0.021947427493126573,0.2844036948493243,0.09045038886093368,1.4259445667266846,0.03878365084528923,0
mujoco,slope_forward,1,1,1030,10.29999999999973,1.0,0.0,0.7716393417279174,0.034099423737272046,-0.02250261997504601,0.2775318912165474,0.08489190109362627,1.4355133771896362,0.03355742245912552,0
mujoco,slope_forward,1,1,1031,10.309999999999725,1.0,0.0,0.771418279989238,0.034638441868012876,-0.02309970343293725,0.27140280801048833,0.07958558852577076,1.4452391862869263,0.04016149044036865,0
mujoco,slope_forward,1,1,1032,10.31999999999972,1.0,0.0,0.7712096540597054,0.03513957805915526,-0.023656406091915643,0.26445518573364885,0.09019608101620566,1.4529868364334106,0.0387021079659462,0
mujoco,slope_forward,1,1,1033,10.329999999999714,1.0,0.0,0.7710165428908148,0.03574752189355597,-0.023976728263241303,0.2562942295856521,0.0866212725886489,1.4609711170196533,0.039162877947092056,0
mujoco,slope_forward,1,1,1034,10.339999999999709,1.0,0.0,0.7708519195560046,0.0363052488385837,-0.02417222851950928,0.2489139703953847,0.076594928581163,1.4708921909332275,0.038081955164670944,0
mujoco,slope_forward,1,1,1035,10.349999999999703,1.0,0.0,0.7707174675140646,0.03681795345057373,-0.024361248012496284,0.24251410203208984,0.06981739740287683,1.4833545684814453,0.04201135039329529,0
mujoco,slope_forward,1,1,1036,10.359999999999697,1.0,0.0,0.7706030359487652,0.037323441269146794,-0.02456891694054376,0.23634535557050282,0.06850722868218627,1.491894245147705,0.03775875270366669,0
mujoco,slope_forward,1,1,1037,10.369999999999692,1.0,0.0,0.7705039330893805,0.037891045763604136,-0.024648774176378188,0.22946224851923336,0.08154596596952207,1.5020973682403564,0.03765423595905304,0
mujoco,slope_forward,1,1,1038,10.379999999999686,1.0,0.0,0.7704240717095583,0.038551012134627784,-0.024629042184266838,0.22255830123844703,0.08471816537864461,1.5125917196273804,0.03350679203867912,0
mujoco,slope_forward,1,1,1039,10.38999999999968,1.0,0.0,0.7703674478923036,0.039194315061126944,-0.024404611511965737,0.21516156756605861,0.0735602626717593,1.5248401165008545,0.035136088728904724,0
mujoco,slope_forward,1,1,1040,10.399999999999675,1.0,0.0,0.7703335929978766,0.03980482936763289,-0.024132575589871755,0.20864892810874447,0.06538090633408992,1.537768840789795,0.03407812863588333,0
mujoco,slope_forward,1,1,1041,10.40999999999967,1.0,0.0,0.7703185122367728,0.04041047243632503,-0.023802122602828598,0.20260426383745045,0.060234187176515956,1.5487333536148071,0.0313534252345562,0
mujoco,slope_forward,1,1,1042,10.419999999999664,1.0,0.0,0.7703158004879789,0.04102188517343999,-0.023430264028053246,0.19668580069168054,0.06193538770746755,1.5588631629943848,0.02851213701069355,0
mujoco,slope_forward,1,1,1043,10.429999999999659,1.0,0.0,0.7703264913809932,0.04169849414139344,-0.02284633765737367,0.18994300455833538,0.07646795079872021,1.5708600282669067,0.026133816689252853,0
mujoco,slope_forward,1,1,1044,10.439999999999653,1.0,0.0,0.7703514861075582,0.04243901755240453,-0.02217884772765288,0.18404641206022815,0.08862647644127057,1.580854892730713,0.02139364182949066,0
mujoco,slope_forward,1,1,1045,10.449999999999648,1.0,0.0,0.7703904516492757,0.04319679433546975,-0.02142504645350114,0.1784646471043011,0.09712208671098341,1.5906257629394531,0.019985942170023918,0
mujoco,slope_forward,1,1,1046,10.459999999999642,1.0,0.0,0.7704374549146877,0.043977859526699144,-0.020602219742010687,0.1725922398400451,0.09634183602198594,1.6001704931259155,0.01987282745540142,0
mujoco,slope_forward,1,1,1047,10.469999999999636,1.0,0.0,0.7704896694441636,0.044753869998758224,-0.019554549056941,0.1662089659547302,0.0856995887085843,1.6095905303955078,0.02000434510409832,0
mujoco,slope_forward,1,1,1048,10.479999999999631,1.0,0.0,0.7705494810083715,0.04551225974575206,-0.01841911604706235,0.16048732226918136,0.07913048493536542,1.6186009645462036,0.02221372164785862,0
mujoco,slope_forward,1,1,1049,10.489999999999625,1.0,0.0,0.7706190122506199,0.04628273891760562,-0.017185631680120123,0.15503975553239735,0.07535162449148172,1.6244354248046875,0.015231190249323845,0
mujoco,slope_forward,1,1,1050,10.49999999999962,1.0,0.0,0.7706961029184962,0.04706418296970206,-0.015902183815339803,0.15014516849067658,0.07380698135596654,1.6273905038833618,0.015848683193325996,0
mujoco,slope_forward,1,1,1051,10.509999999999614,1.0,0.0,0.7707789708240976,0.04785415448553961,-0.014548775640786852,0.14556575555363377,0.07315169921765734,1.6293206214904785,0.014414459466934204,0
mujoco,slope_forward,1,1,1052,10.519999999999609,1.0,0.0,0.7708649979596764,0.048648382729994354,-0.013150411501450285,0.14145643773813824,0.07290451457150114,1.6308097839355469,0.015779053792357445,0
mujoco,slope_forward,1,1,1053,10.529999999999603,1.0,0.0,0.7709525426592545,0.049446988316728446,-0.011694751240559863,0.13767215017927564,0.07295791018192525,1.6324694156646729,0.015072913840413094,0
mujoco,slope_forward,1,1,1054,10.539999999999598,1.0,0.0,0.7710396657245464,0.05024509072567307,-0.01019775197030906,0.1342895120345448,0.07325420527793876,1.632997751235962,0.017276989296078682,0
mujoco,slope_forward,1,1,1055,10.549999999999592,1.0,0.0,0.7711249057016138,0.05103805783412326,-0.008662780597403656,0.13123044153256594,0.07377840742756599,1.632765293121338,0.01769833452999592,0
mujoco,slope_forward,1,1,1056,10.559999999999587,1.0,0.0,0.7712067511866553,0.05181970784157197,-0.007104905358679273,0.12855005639146208,0.07394625421890635,1.6314843893051147,0.019137369468808174,0
mujoco,slope_forward,1,1,1057,10.569999999999581,1.0,0.0,0.7712841818258018,0.05259081001014689,-0.005524278205011978,0.12620612380731805,0.07433052484928963,1.6294987201690674,0.019406650215387344,0
mujoco,slope_forward,1,1,1058,10.579999999999576,1.0,0.0,0.7713543377652005,0.05332564275149664,-0.0038918114300868106,0.1230711983522675,0.08253548285751311,1.626788854598999,0.021034901961684227,0
mujoco,slope_forward,1,1,1059,10.58999999999957,1.0,0.0,0.7714118057499748,0.0540206075708207,-0.0021684965566994077,0.11973271376040528,0.0956354184637409,1.6262892484664917,0.02624277025461197,0
mujoco,slope_forward,1,1,1060,10.599999999999564,1.0,0.0,0.771454526290966,0.054731370918247625,-0.00032726182966200595,0.11519852452403753,0.09306072700049671,1.6242311000823975,0.029203372076153755,0
mujoco,slope_forward,1,1,1061,10.609999999999559,1.0,0.0,0.7714833783241956,0.05541060146459513,0.001639034007230441,0.1107912194110879,0.08817416041864816,1.6210932731628418,0.03241012990474701,0
mujoco,slope_forward,1,1,1062,10.619999999999553,1.0,0.0,0.7715056548937929,0.056072006646124564,0.0036541275262766343,0.10753390178115735,0.08010292728481042,1.6181049346923828,0.035002704709768295,0
mujoco,slope_forward,1,1,1063,10.629999999999548,1.0,0.0,0.7715303197359907,0.05676378827109183,0.005620429942984919,0.10539162510190836,0.06651075719621187,1.6110873222351074,0.03267926350235939,0
mujoco,slope_forward,1,1,1064,10.639999999999542,1.0,0.0,0.7715594305916963,0.057455121987738784,0.007571823524491868,0.10349901189051736,0.05722121013574696,1.6030445098876953,0.03300092741847038,0
mujoco,slope_forward,1,1,1065,10.649999999999537,1.0,0.0,0.7715915066329129,0.05813064430053588,0.009478797628456511,0.10197656282984924,0.050429114059414935,1.5959539413452148,0.03409293666481972,0
mujoco,slope_forward,1,1,1066,10.659999999999531,1.0,0.0,0.7716255934099228,0.05878295969786584,0.011348644588659227,0.10070778375598988,0.04513318046754195,1.589572787284851,0.03358573094010353,0
mujoco,slope_forward,1,1,1067,10.669999999999526,1.0,0.0,0.7716604363514104,0.059405708864013085,0.013165693337233782,0.09977095301517394,0.04089707867703577,1.5838619470596313,0.035139065235853195,0
mujoco,slope_forward,1,1,1068,10.67999999999952,1.0,0.0,0.7716955529936523,0.05999708994265679,0.014930713978015276,0.09910609323445815,0.03708831843813114,1.5789501667022705,0.03459136188030243,0
mujoco,slope_forward,1,1,1069,10.689999999999515,1.0,0.0,0.7717306625761416,0.060553639408380044,0.01663514584641844,0.09875070881598591,0.033546369329442355,1.5747125148773193,0.035047534853219986,0
mujoco,slope_forward,1,1,1070,10.699999999999509,1.0,0.0,0.7717658267945668,0.061076021326049314,0.018273038053835046,0.09869294104728736,0.030595841798022223,1.5708184242248535,0.034767936915159225,0
mujoco,slope_forward,1,1,1071,10.709999999999503,1.0,0.0,0.7718008027335301,0.06155529293494265,0.019850614827422532,0.09835655772600232,0.03150373106238367,1.5670148134231567,0.03504940867424011,0
mujoco,slope_forward,1,1,1072,10.719999999999498,1.0,0.0,0.771832001975146,0.06196508605978207,0.021452704552876584,0.09713493419236269,0.042992567828956246,1.5655969381332397,0.03861887753009796,0
mujoco,slope_forward,1,1,1073,10.729999999999492,1.0,0.0,0.7718602576142741,0.06233279331781713,0.022986012116422233,0.09636005710359206,0.05194312597660561,1.5655251741409302,0.043689534068107605,0
mujoco,slope_forward,1,1,1074,10.739999999999487,1.0,0.0,0.771890241897429,0.06266508732834661,0.024455587099911674,0.09577178781115864,0.05838179668875063,1.5643320083618164,0.04049800708889961,0
mujoco,slope_forward,1,1,1075,10.749999999999481,1.0,0.0,0.7719247878473523,0.0629570832956695,0.02582282937416564,0.09559225815038182,0.06385343389533266,1.5635340213775635,0.04181547835469246,0
mujoco,slope_forward,1,1,1076,10.759999999999476,1.0,0.0,0.7719664992962542,0.06321293039756855,0.02707774950199522,0.09571362755681426,0.06899152894873306,1.5623388290405273,0.03869340196251869,0
mujoco,slope_forward,1,1,1077,10.76999999999947,1.0,0.0,0.7720167423270011,0.06343527894792067,0.02819584451997241,0.09621410822906566,0.07449558016858211,1.5607995986938477,0.03780344873666763,0
mujoco,slope_forward,1,1,1078,10.779999999999465,1.0,0.0,0.7720763180341449,0.06362340180297177,0.029172506479412667,0.09704021217167182,0.08025208839582791,1.5589240789413452,0.035040754824876785,0
mujoco,slope_forward,1,1,1079,10.78999999999946,1.0,0.0,0.7721458826447422,0.06377322934688329,0.03006287126080726,0.09765813235001453,0.08124822502586199,1.5568817853927612,0.03320006653666496,0
mujoco,slope_forward,1,1,1080,10.799999999999454,1.0,0.0,0.7722243177761038,0.0638841433555826,0.030980781208740607,0.09733035015840016,0.06952858078548221,1.5555236339569092,0.037104036659002304,0
mujoco,slope_forward,1,1,1081,10.809999999999448,1.0,0.0,0.7723172903137259,0.06394319866747646,0.03183124536424528,0.0974378212691497,0.06183803170450763,1.555859923362732,0.04035882651805878,0
mujoco,slope_forward,1,1,1082,10.819999999999443,1.0,0.0,0.7724312473127222,0.06397681329934177,0.03258093100964581,0.09787343823586328,0.0575105490633485,1.553889274597168,0.034581780433654785,0
mujoco,slope_forward,1,1,1083,10.829999999999437,1.0,0.0,0.7725671867157392,0.06399678481114292,0.03321338366537188,0.09868659644401125,0.05539889051161218,1.5499838590621948,0.03344601392745972,0
mujoco,slope_forward,1,1,1084,10.839999999999431,1.0,0.0,0.7727234626370668,0.06399354651477325,0.03373190079334667,0.09983847045748576,0.054766359899291,1.5452470779418945,0.030222201719880104,0
mujoco,slope_forward,1,1,1085,10.849999999999426,1.0,0.0,0.7728965816253908,0.06398019281551101,0.03414274451285727,0.10133166833999095,0.05549400113581341,1.541272759437561,0.026249345391988754,0
mujoco,slope_forward,1,1,1086,10.85999999999942,1.0,0.0,0.7730818964022117,0.0639651510364572,0.034458809388532165,0.10314525461178735,0.057341845818601904,1.537235140800476,0.02227596938610077,0
mujoco,slope_forward,1,1,1087,10.869999999999415,1.0,0.0,0.7732747476940127,0.06392415996121308,0.03469709822287474,0.1052967495970386,0.05986781754731893,1.5341609716415405,0.021059509366750717,0
mujoco,slope_forward,1,1,1088,10.87999999999941,1.0,0.0,0.7734710696366924,0.06385337721765257,0.034868678391994895,0.10779158731818637,0.06347115468143487,1.5325032472610474,0.020812761038541794,0
mujoco,slope_forward,1,1,1089,10.889999999999404,1.0,0.0,0.7736669190623313,0.06375966349742253,0.03497959904343069,0.11061960717423883,0.06827087265006769,1.530283808708191,0.019501833245158195,0
mujoco,slope_forward,1,1,1090,10.899999999999398,1.0,0.0,0.7738579370601889,0.06365438298474714,0.03507876256309603,0.11296372119123534,0.06718878887500442,1.527658462524414,0.01994599960744381,0
mujoco,slope_forward,1,1,1091,10.909999999999393,1.0,0.0,0.7740432455443755,0.06350197379317064,0.035287166255192494,0.1147028079206662,0.05685881595519848,1.527587890625,0.023951435461640358,0
mujoco,slope_forward,1,1,1092,10.919999999999387,1.0,0.0,0.7742293435203323,0.06329085500605834,0.03547489551989903,0.11699113377050933,0.051965176267532116,1.531861424446106,0.02758597768843174,0
mujoco,slope_forward,1,1,1093,10.929999999999382,1.0,0.0,0.7744198331567166,0.06306344146818299,0.0356198479536872,0.11956435024988334,0.05012004811649647,1.5313891172409058,0.02090482786297798,0
mujoco,slope_forward,1,1,1094,10.939999999999376,1.0,0.0,0.7746118190073634,0.06283094333078967,0.03569325714788916,0.12259251015158072,0.05091290191347209,1.529306411743164,0.020977217704057693,0
mujoco,slope_forward,1,1,1095,10.94999999999937,1.0,0.0,0.7748005358409553,0.06259520653876381,0.03570608522286557,0.12594883276101734,0.05260920437953859,1.526313304901123,0.017972612753510475,0
mujoco,slope_forward,1,1,1096,10.959999999999365,1.0,0.0,0.7749800923229786,0.062358119119315006,0.03568280392850454,0.1297155747949609,0.054983545398825814,1.5239487886428833,0.015431934967637062,0
mujoco,slope_forward,1,1,1097,10.96999999999936,1.0,0.0,0.7751437710040567,0.06211816273453332,0.03563985932458347,0.13392907285623684,0.05813579639641775,1.5217673778533936,0.013547377660870552,0
mujoco,slope_forward,1,1,1098,10.979999999999354,1.0,0.0,0.7752841519604392,0.06189118868296795,0.035608824587542935,0.1372577749342088,0.050167598808936564,1.5209099054336548,0.013773995451629162,0
mujoco,slope_forward,1,1,1099,10.989999999999348,1.0,0.0,0.7754055330356432,0.06159651619544635,0.035645985278250816,0.14043154719779652,0.038171584173020294,1.5247434377670288,0.019704461097717285,0
mujoco,slope_forward,1,1,1100,10.999999999999343,1.0,0.0,0.7755161154568893,0.061255529643849144,0.03567609481983272,0.14426148755316348,0.03263556737752165,1.5312845706939697,0.02062348835170269,0
mujoco,slope_forward,1,1,1101,11.009999999999337,1.0,0.0,0.7756154032640106,0.060903345243676854,0.035671620612583756,0.1479391311458342,0.03349815249455001,1.5311847925186157,0.017537837848067284,0
mujoco,slope_forward,1,1,1102,11.019999999999332,1.0,0.0,0.7757025433196137,0.06058065856067394,0.03570240825617869,0.15083990242711573,0.04762155567629395,1.5326019525527954,0.02122184820473194,0
mujoco,slope_forward,1,1,1103,11.029999999999326,1.0,0.0,0.7757816284344478,0.06031691287636507,0.03571388766548751,0.15441373665498154,0.058277563521027,1.5338969230651855,0.022558819502592087,0
mujoco,slope_forward,1,1,1104,11.03999999999932,1.0,0.0,0.7758516659157935,0.06007908189811592,0.03569624757853285,0.15802939534775567,0.06216617447636975,1.533820390701294,0.015976445749402046,0
mujoco,slope_forward,1,1,1105,11.049999999999315,1.0,0.0,0.7759107341442021,0.05981612936761189,0.03574182301474233,0.16078237993180966,0.0506727551790333,1.5364558696746826,0.01406707614660263,0
mujoco,slope_forward,1,1,1106,11.05999999999931,1.0,0.0,0.7759661442686054,0.05948306444678846,0.03577829725768817,0.1641487425127693,0.04202254506600164,1.5454740524291992,0.020830398425459862,0
mujoco,slope_forward,1,1,1107,11.069999999999304,1.0,0.0,0.7760205929947455,0.05912685387141775,0.03576130204887412,0.16808502312525886,0.037339671489970076,1.5500664710998535,0.015005811117589474,0
mujoco,slope_forward,1,1,1108,11.079999999999298,1.0,0.0,0.7760680320749177,0.05876890083912816,0.03562964432913235,0.17270691356861195,0.03604330468827489,1.5511053800582886,0.015422645956277847,0
mujoco,slope_forward,1,1,1109,11.089999999999293,1.0,0.0,0.7760999576074501,0.058402517221150835,0.035390547454509334,0.1771466339989052,0.039433112919369434,1.5487202405929565,0.014934931881725788,0
mujoco,slope_forward,1,1,1110,11.099999999999287,1.0,0.0,0.7761156321278821,0.05810167537060368,0.0352779134265158,0.1800341859354409,0.04784508589340152,1.5497217178344727,0.01380702294409275,0
mujoco,slope_forward,1,1,1111,11.109999999999282,1.0,0.0,0.776124825170417,0.05781051538100646,0.035261255297917064,0.18285058110796162,0.04282134764949644,1.5562857389450073,0.023929880931973457,0
mujoco,slope_forward,1,1,1112,11.119999999999276,1.0,0.0,0.7761384155936688,0.057469593330166865,0.03522713056223729,0.1863336011340408,0.03712397682142503,1.5648853778839111,0.016636012122035027,0
mujoco,slope_forward,1,1,1113,11.12999999999927,1.0,0.0,0.7761557490662873,0.05711569635424268,0.0350699204239023,0.19049954599170246,0.03474830758562319,1.569393515586853,0.01291657891124487,0
mujoco,slope_forward,1,1,1114,11.139999999999265,1.0,0.0,0.7761679009368749,0.05675311407766061,0.03474702398423757,0.195257574409325,0.033819872723848766,1.5670182704925537,0.01188028696924448,0
mujoco,slope_forward,1,1,1115,11.14999999999926,1.0,0.0,0.7761640342772038,0.05638304060927871,0.03433106474439424,0.1995233004386174,0.035867005609201676,1.562735676765442,0.013612463138997555,0
mujoco,slope_forward,1,1,1116,11.159999999999254,1.0,0.0,0.776149604616842,0.05604706308111287,0.03416012170072628,0.20169810541515096,0.03402737321123668,1.5645087957382202,0.010898057371377945,0
mujoco,slope_forward,1,1,1117,11.169999999999249,1.0,0.0,0.7761385399510422,0.05570336546822707,0.034043632736391306,0.2049900815762538,0.03215850996290019,1.5767667293548584,0.026437385007739067,0
mujoco,slope_forward,1,1,1118,11.179999999999243,1.0,0.0,0.776133861999081,0.055331928451087926,0.03380836178932495,0.20902941697897412,0.031681109484875986,1.5830533504486084,0.013398394919931889,0
mujoco,slope_forward,1,1,1119,11.189999999999237,1.0,0.0,0.7761270646752136,0.05494380297359255,0.033408041307903445,0.21369803842331067,0.03154216147053967,1.5825233459472656,0.011091835796833038,0
mujoco,slope_forward,1,1,1120,11.199999999999232,1.0,0.0,0.7761060353280915,0.054548850668634644,0.03292029192435425,0.21769334031253235,0.028228769554098025,1.5785647630691528,0.011990388855338097,0
mujoco,slope_forward,1,1,1121,11.209999999999226,1.0,0.0,0.7760763938853011,0.054155247128132133,0.03269571833412036,0.22000249918525577,0.026683737434069033,1.5814522504806519,0.01215844601392746,0
mujoco,slope_forward,1,1,1122,11.21999999999922,1.0,0.0,0.7760520188202749,0.05378275613388634,0.03247778353668167,0.2234575680386295,0.026147078390224746,1.5937789678573608,0.024381613358855247,0
mujoco,slope_forward,1,1,1123,11.229999999999215,1.0,0.0,0.7760338211233706,0.053408907134141134,0.03210951710617806,0.22763404481524258,0.027148403946476364,1.5956755876541138,0.010619770735502243,0
mujoco,slope_forward,1,1,1124,11.23999999999921,1.0,0.0,0.7760091050544807,0.05301860331893991,0.03159300093527845,0.2324065445727965,0.028751282315862818,1.594139575958252,0.012321697548031807,0
mujoco,slope_forward,1,1,1125,11.249999999999204,1.0,0.0,0.7759660235666871,0.05260643727267313,0.03117105252312022,0.23484439442061095,0.02265991084309495,1.5893880128860474,0.012874430045485497,0
mujoco,slope_forward,1,1,1126,11.259999999999199,1.0,0.0,0.775919607357436,0.05219644479936785,0.03088940024449735,0.23778811935508729,0.02148370133453661,1.6012333631515503,0.028508802875876427,0
mujoco,slope_forward,1,1,1127,11.269999999999193,1.0,0.0,0.7758811584101687,0.05182253637104328,0.03049172157499849,0.24164288549740479,0.02249044489088456,1.6062712669372559,0.009347005747258663,0
mujoco,slope_forward,1,1,1128,11.279999999999188,1.0,0.0,0.7758405464337313,0.05144064806709471,0.029933600892901646,0.246169765520244,0.02464252947414823,1.6032929420471191,0.012990475632250309,0
mujoco,slope_forward,1,1,1129,11.289999999999182,1.0,0.0,0.7757827599687694,0.05103569015618018,0.02940083382609706,0.24889732969890768,0.02064753772190633,1.5997090339660645,0.014508689753711224,0
mujoco,slope_forward,1,1,1130,11.299999999999176,1.0,0.0,0.7757211087025897,0.050621141928029155,0.02907005825363095,0.25151490223946354,0.019555052220263394,1.6089811325073242,0.023438187316060066,0
mujoco,slope_forward,1,1,1131,11.309999999999171,1.0,0.0,0.775667439853774,0.05024219172464123,0.028633857435832764,0.2552019381215136,0.019826729798711643,1.6154365539550781,0.01062511932104826,0
mujoco,slope_forward,1,1,1132,11.319999999999165,1.0,0.0,0.7756116579592361,0.04985539133786286,0.028016341186473667,0.25960952389073744,0.02136733450377313,1.6110910177230835,0.014748970046639442,0
mujoco,slope_forward,1,1,1133,11.32999999999916,1.0,0.0,0.7755382946407013,0.04945430363301352,0.027468756455860555,0.26187451392706795,0.019645199394656577,1.6064209938049316,0.016632666811347008,0
mujoco,slope_forward,1,1,1134,11.339999999999154,1.0,0.0,0.7754621796380966,0.04904787729822464,0.027098893791411536,0.2644860520894327,0.017510046965048674,1.6178038120269775,0.026825133711099625,0
mujoco,slope_forward,1,1,1135,11.349999999999149,1.0,0.0,0.7753934055389973,0.048668239467370075,0.026582236109021294,0.26816872760536326,0.017166377072924316,1.6221779584884644,0.007252032868564129,0
mujoco,slope_forward,1,1,1136,11.359999999999143,1.0,0.0,0.7753178772819573,0.048275006866884906,0.025878421811806652,0.2724504261685065,0.018201529036252866,1.6156560182571411,0.018416753038764,0
mujoco,slope_forward,1,1,1137,11.369999999999138,1.0,0.0,0.7752257997365769,0.04789050043124849,0.02540371893191301,0.27374419258503613,0.01767480924942012,1.6103299856185913,0.015235201455652714,0
mujoco,slope_forward,1,1,1138,11.379999999999132,1.0,0.0,0.7751353910922688,0.04750568074066066,0.02498879094591275,0.2766320807525985,0.016162350032513494,1.6250921487808228,0.033921778202056885,0
mujoco,slope_forward,1,1,1139,11.389999999999127,1.0,0.0,0.7750501420771481,0.047128860188323775,0.024368306848656096,0.2804182269040256,0.0168376928880855,1.6247332096099854,0.012323993258178234,0
mujoco,slope_forward,1,1,1140,11.399999999999121,1.0,0.0,0.774951303024835,0.04674268870124061,0.02368666973340723,0.2830002977737266,0.01852094136027085,1.6155372858047485,0.022483807057142258,0
mujoco,slope_forward,1,1,1141,11.409999999999116,1.0,0.0,0.774847574944172,0.046369860491779595,0.02327374252992327,0.28483407520234744,0.015936087550161855,1.6213488578796387,0.014685760252177715,0
mujoco,slope_forward,1,1,1142,11.41999999999911,1.0,0.0,0.7747510966890421,0.046002505424363814,0.022751718867217927,0.2880182272892087,0.013829343901084338,1.6288272142410278,0.012670811265707016,0
mujoco,slope_forward,1,1,1143,11.429999999999104,1.0,0.0,0.7746493765507289,0.0456191980320082,0.02203934837278169,0.29141571928196314,0.017013231153395245,1.6227545738220215,0.01985691860318184,0
mujoco,slope_forward,1,1,1144,11.439999999999099,1.0,0.0,0.7745351386652991,0.045302117905158035,0.02154547096097319,0.2926238002193035,0.01741886279910146,1.6166750192642212,0.01356417965143919,0
mujoco,slope_forward,1,1,1145,11.449999999999093,1.0,0.0,0.7744239999947091,0.04497029308254068,0.02108035157992212,0.29519923827364164,0.013617292257471969,1.627443552017212,0.02495667338371277,0
mujoco,slope_forward,1,1,1146,11.459999999999088,1.0,0.0,0.7743141741785395,0.04459748767586884,0.020404586260656884,0.29864856764415704,0.012608219401507078,1.6268596649169922,0.01522696390748024,0
mujoco,slope_forward,1,1,1147,11.469999999999082,1.0,0.0,0.7741874557492278,0.044241054536252766,0.019769939344693687,0.30000610983803283,0.018820494329698585,1.6168454885482788,0.025768067687749863,0
mujoco,slope_forward,1,1,1148,11.479999999999077,1.0,0.0,0.774058426489236,0.04391833356950736,0.019322384176001902,0.30186249250662756,0.013967649896422825,1.623356819152832,0.021417608484625816,0
mujoco,slope_forward,1,1,1149,11.489999999999071,1.0,0.0,0.7739341429916735,0.04356606468578772,0.018688821794032518,0.30494223443970914,0.01045219697047232,1.6268707513809204,0.009157306514680386,0
mujoco,slope_forward,1,1,1150,11.499999999999066,1.0,0.0,0.7737970608899445,0.043204743968759604,0.018020239831834935,0.3065986170155805,0.01620678549772814,1.6187294721603394,0.026328541338443756,0
mujoco,slope_forward,1,1,1151,11.50999999999906,1.0,0.0,0.7736561802599551,0.04290347253607983,0.017594032120966534,0.30787242853162866,0.010938945539702202,1.6203819513320923,0.013700888492166996,0
mujoco,slope_forward,1,1,1152,11.519999999999055,1.0,0.0,0.7735212012510739,0.04257161798621325,0.017017720720335743,0.31054909392222446,0.006695912971526986,1.6255992650985718,0.009900745004415512,0
mujoco,slope_forward,1,1,1153,11.529999999999049,1.0,0.0,0.7733770889723895,0.042221152078341706,0.016348332151651285,0.31249161695629185,0.015616223689578003,1.6198872327804565,0.025387663394212723,0
mujoco,slope_forward,1,1,1154,11.539999999999043,1.0,0.0,0.7732245274148752,0.04198603873843164,0.01589574976661113,0.3133080456979917,0.011181498951644145,1.6170192956924438,0.013832420110702515,0
mujoco,slope_forward,1,1,1155,11.549999999999038,1.0,0.0,0.7730756238782309,0.04170688202087652,0.015352273178073054,0.3156122249488585,0.005364996901687806,1.6223363876342773,0.015540413558483124,0
mujoco,slope_forward,1,1,1156,11.559999999999032,1.0,0.0,0.7729208582313103,0.041376371030230445,0.014714421114639333,0.31728128733543204,0.015090101219493224,1.6197497844696045,0.02494693361222744,0
mujoco,slope_forward,1,1,1157,11.569999999999027,1.0,0.0,0.7727575411646721,0.04118236722477741,0.014224990702377403,0.31797571759366844,0.013386899604843324,1.6171287298202515,0.01529317069798708,0
mujoco,slope_forward,1,1,1158,11.579999999999021,1.0,0.0,0.7725982492301497,0.04093848790428365,0.013688603389296955,0.3199209953018702,0.0064472724066440956,1.6195448637008667,0.013916678726673126,0
mujoco,slope_forward,1,1,1159,11.589999999999016,1.0,0.0,0.7724346969402913,0.04062318167797284,0.013068824664532536,0.3212713042876533,0.01547366985756952,1.6178796291351318,0.02403678186237812,0
mujoco,slope_forward,1,1,1160,11.59999999999901,1.0,0.0,0.7722629113453283,0.0404445307357908,0.01256332409822601,0.3218745255775267,0.015777716582209864,1.6160613298416138,0.015639619901776314,0
mujoco,slope_forward,1,1,1161,11.609999999999005,1.0,0.0,0.7720948231745959,0.040219779663342746,0.012039226065657369,0.3234968016083901,0.007627329585047983,1.6164826154708862,0.013209561817348003,0
mujoco,slope_forward,1,1,1162,11.619999999999,1.0,0.0,0.7719229677385075,0.03991901760721038,0.011442169099051656,0.3245557807480809,0.016006496538135646,1.6156346797943115,0.023347152397036552,0
mujoco,slope_forward,1,1,1163,11.629999999998994,1.0,0.0,0.771743662024069,0.03975256499824598,0.010963343987281795,0.32488812286477514,0.015835403849644738,1.6146636009216309,0.016213389113545418,0
mujoco,slope_forward,1,1,1164,11.639999999998988,1.0,0.0,0.7715685799942001,0.03953895323783809,0.010460333041193278,0.32625040061224375,0.0072139144272498085,1.6151806116104126,0.013557301834225655,0
mujoco,slope_forward,1,1,1165,11.649999999998983,1.0,0.0,0.7713903330990821,0.039260261294918844,0.009886608246323068,0.327039910974772,0.01587283679624906,1.613961935043335,0.024294082075357437,0
mujoco,slope_forward,1,1,1166,11.659999999998977,1.0,0.0,0.7712039563135177,0.039116945192190423,0.009404332968693077,0.3273465161075211,0.01813361502208262,1.612723708152771,0.01708478108048439,0
mujoco,slope_forward,1,1,1167,11.669999999998971,1.0,0.0,0.7710206946371054,0.03893625811931616,0.008934011884860094,0.32840866113455164,0.008392058239962025,1.6128374338150024,0.013801338151097298,0
mujoco,slope_forward,1,1,1168,11.679999999998966,1.0,0.0,0.7708351107355179,0.0386939778777519,0.008427154386500274,0.3287716708918409,0.01834303482421908,1.612228274345398,0.023654524236917496,0
mujoco,slope_forward,1,1,1169,11.68999999999896,1.0,0.0,0.7706439911171512,0.03857904878964156,0.007990724781790267,0.32887136452576476,0.019483615366592568,1.6117054224014282,0.017728734761476517,0
mujoco,slope_forward,1,1,1170,11.699999999998955,1.0,0.0,0.7704577684008079,0.03842515412432371,0.007558561534033578,0.3296887379603856,0.008574673436482685,1.6118427515029907,0.01411912590265274,0
mujoco,slope_forward,1,1,1171,11.70999999999895,1.0,0.0,0.7702694559907652,0.03821053288200605,0.007085007775104324,0.32981533451148937,0.018411379078338164,1.6109399795532227,0.02470533736050129,0
mujoco,slope_forward,1,1,1172,11.719999999998944,1.0,0.0,0.7700757436249077,0.03812187312625196,0.006684421622379063,0.32968973028740667,0.019372199579232197,1.6103627681732178,0.018212957307696342,0
mujoco,slope_forward,1,1,1173,11.729999999998938,1.0,0.0,0.7698871160887499,0.03799742356201494,0.006293807391699753,0.33026663214626995,0.008358057946182574,1.6105637550354004,0.01425094809383154,0
mujoco,slope_forward,1,1,1174,11.739999999998933,1.0,0.0,0.7696969351335572,0.037816448109615236,0.0058660782857044335,0.33016249359315514,0.01842984089461223,1.6097537279129028,0.024553554132580757,0
mujoco,slope_forward,1,1,1175,11.749999999998927,1.0,0.0,0.7695020827425733,0.03776057124496794,0.0055140097770352385,0.3298178570128301,0.019323803382035532,1.6096673011779785,0.01842569001019001,0
mujoco,slope_forward,1,1,1176,11.759999999998922,1.0,0.0,0.7693131761049126,0.03766953638249036,0.005178864247776588,0.33014924020328523,0.008101797124167446,1.6101781129837036,0.014569230377674103,0
mujoco,slope_forward,1,1,1177,11.769999999998916,1.0,0.0,0.7691239863557413,0.03752590574252309,0.004805925806886278,0.32982500117511726,0.01844839701716314,1.6096328496932983,0.02385016530752182,0
mujoco,slope_forward,1,1,1178,11.77999999999891,1.0,0.0,0.7689315164591137,0.03750446600583036,0.0045107930022089925,0.3292506009085856,0.019138307059325683,1.6098647117614746,0.018592791631817818,0
mujoco,slope_forward,1,1,1179,11.789999999998905,1.0,0.0,0.7687462355628242,0.03745006694031208,0.0042410349037490915,0.32932321089607913,0.007743009875010627,1.6106593608856201,0.014589117839932442,0
mujoco,slope_forward,1,1,1180,11.7999999999989,1.0,0.0,0.7685613541962669,0.03733760656682754,0.0039030128335654037,0.32897556925696003,0.0161588398385768,1.6106091737747192,0.022883683443069458,0
mujoco,slope_forward,1,1,1181,11.809999999998894,1.0,0.0,0.7683734797926528,0.037341034112427555,0.003672903781075154,0.328108917687592,0.017317238153695604,1.610878348350525,0.01824215054512024,0
mujoco,slope_forward,1,1,1182,11.819999999998888,1.0,0.0,0.7681938404756672,0.03732626532364799,0.0034916410595555976,0.32789395422088724,0.006630237626628762,1.6124321222305298,0.01401139609515667,0
mujoco,slope_forward,1,1,1183,11.829999999998883,1.0,0.0,0.7680172484951698,0.037257204404812526,0.0032435626395688677,0.3273072129779524,0.015512518772383174,1.6129413843154907,0.020734665915369987,0
mujoco,slope_forward,1,1,1184,11.839999999998877,1.0,0.0,0.7678395498491881,0.03730720778662097,0.003064709273469554,0.32641155027534524,0.01959114657846538,1.613727331161499,0.017552776262164116,0
mujoco,slope_forward,1,1,1185,11.849999999998872,1.0,0.0,0.7676709341305598,0.0373429151995842,0.0029538487833062686,0.3257915654679612,0.00757921376432056,1.614509105682373,0.014216149225831032,0
mujoco,slope_forward,1,1,1186,11.859999999998866,1.0,0.0,0.7675061046115547,0.03730047775439643,0.0027443876024382504,0.32539906854732403,0.011138869123646068,1.6164299249649048,0.017738528549671173,0
mujoco,slope_forward,1,1,1187,11.86999999999886,1.0,0.0,0.7673394965014653,0.037363663040951976,0.0026075089881479035,0.32448502363676934,0.021008111653341745,1.6168750524520874,0.01766807958483696,0
mujoco,slope_forward,1,1,1188,11.879999999998855,1.0,0.0,0.7671801726327185,0.03743114741424263,0.00256625017640153,0.323367104764272,0.008231874667456065,1.6174260377883911,0.0140520129352808,0
mujoco,slope_forward,1,1,1189,11.88999999999885,1.0,0.0,0.7670278108580202,0.03742606285360392,0.0024571560669322152,0.3230766444689863,0.006588803124163581,1.621313214302063,0.014628288336098194,0
mujoco,slope_forward,1,1,1190,11.899999999998844,1.0,0.0,0.7668758994653532,0.03749334493376793,0.00238124215443121,0.32204322503513066,0.022450607047086835,1.6218812465667725,0.016855396330356598,0
mujoco,slope_forward,1,1,1191,11.909999999998838,1.0,0.0,0.7667309875436902,0.037592677876008326,0.002425106130531576,0.32047983711944195,0.009311850578108377,1.6218998432159424,0.014457340352237225,0
mujoco,slope_forward,1,1,1192,11.919999999998833,1.0,0.0,0.7665972564377389,0.037623111095922195,0.0024217780342934685,0.3202153533769568,0.001880214590552522,1.6267210245132446,0.01333098765462637,0
mujoco,slope_forward,1,1,1193,11.929999999998827,1.0,0.0,0.7664629744514729,0.03765675052386589,0.0023835547795321974,0.3190700851112187,0.018628500265709447,1.626265287399292,0.017499243840575218,0
mujoco,slope_forward,1,1,1194,11.939999999998822,1.0,0.0,0.7663297184132045,0.037805793515010094,0.002412074567738285,0.3174676705248437,0.011737930129020942,1.6265779733657837,0.01620444655418396,0
mujoco,slope_forward,1,1,1195,11.949999999998816,1.0,0.0,0.7662088691780375,0.03790058080258959,0.0024536947641297805,0.316678623289597,0.0020376830300338237,1.629338026046753,0.01107934769243002,0
mujoco,slope_forward,1,1,1196,11.95999999999881,1.0,0.0,0.7660918120463637,0.03793838473769223,0.0024448137066410574,0.3158102771374508,0.011162280159019053,1.6317063570022583,0.015177351422607899,0
mujoco,slope_forward,1,1,1197,11.969999999998805,1.0,0.0,0.7659762576392815,0.038090247282781584,0.002465886537868157,0.31454050850051263,0.017138472716277504,1.6326625347137451,0.012989995069801807,0
mujoco,slope_forward,1,1,1198,11.9799999999988,1.0,0.0,0.7658720510470334,0.03822342041491363,0.0025873515103585127,0.3132136721137246,0.004640149798437206,1.632919430732727,0.0079502547159791,0
mujoco,slope_forward,1,1,1199,11.989999999998794,1.0,0.0,0.7657757139611886,0.0382737473801727,0.00263684178853989,0.3126601527452667,0.002342716921619474,1.6375774145126343,0.012137564830482006,0
mujoco,slope_forward,1,1,1200,11.999999999998789,1.0,0.0,0.7656815926592064,0.03840340708834693,0.0027037342227402275,0.3116735261051974,0.021814031292715825,1.6390210390090942,0.010957468301057816,0
mujoco,slope_forward,1,1,1201,12.009999999998783,1.0,0.0,0.765591519860469,0.03861924819972227,0.0028587908308978383,0.3099301924242294,0.010403332417013049,1.6372318267822266,0.013582906685769558,0
mujoco,slope_forward,1,1,1202,12.019999999998777,1.0,0.0,0.7655108412609736,0.038741164931660986,0.003000117282487989,0.30929431398457513,0.0008800125557388331,1.6430792808532715,0.01495353877544403,0
mujoco,slope_forward,1,1,1203,12.029999999998772,1.0,0.0,0.7654327539646414,0.03882965460642191,0.003080147658600035,0.3082207360678514,0.012067003843463181,1.6454336643218994,0.014009276404976845,0
mujoco,slope_forward,1,1,1204,12.039999999998766,1.0,0.0,0.7653578692588701,0.039026502394576064,0.003189630000652104,0.3069546676253007,0.017760375782085624,1.6457386016845703,0.010117165744304657,0
mujoco,slope_forward,1,1,1205,12.04999999999876,1.0,0.0,0.7652945250763185,0.03919033165455434,0.0034257175327984265,0.3056432530308435,0.00531133168167439,1.6473251581192017,0.0074411481618881226,0
mujoco,slope_forward,1,1,1206,12.059999999998755,1.0,0.0,0.7652393823254291,0.03928475842966748,0.0035575288961182745,0.30533630887953,0.0004110434334656818,1.6520299911499023,0.011617429554462433,0
mujoco,slope_forward,1,1,1207,12.06999999999875,1.0,0.0,0.7651869008862862,0.039437334916941985,0.0037098640222066707,0.30426363671864304,0.02007243585874032,1.6519304513931274,0.007439533714205027,0
mujoco,slope_forward,1,1,1208,12.079999999998744,1.0,0.0,0.7651384875590128,0.03966813943048665,0.003958190933191778,0.30263580619325653,0.013610429428513086,1.6506931781768799,0.012891449965536594,0
mujoco,slope_forward,1,1,1209,12.089999999998739,1.0,0.0,0.765101207947819,0.03982302303239692,0.004230861274998643,0.30189638497575855,0.004093477334476158,1.656097650527954,0.015030634589493275,0
mujoco,slope_forward,1,1,1210,12.099999999998733,1.0,0.0,0.7650692068871835,0.03993582732506891,0.0043672638803852045,0.3014289699402202,0.007251673577479115,1.658821702003479,0.01030952762812376,0
mujoco,slope_forward,1,1,1211,12.109999999998728,1.0,0.0,0.7650402131053845,0.04012820594598815,0.0045234866639677854,0.3003379856057472,0.020512404338338442,1.6572751998901367,0.004793386906385422,0
mujoco,slope_forward,1,1,1212,12.119999999998722,1.0,0.0,0.7650214610975203,0.040333055179293954,0.004876676856152669,0.2987935992016948,0.008592740636341118,1.657859206199646,0.012057763524353504,0
mujoco,slope_forward,1,1,1213,12.129999999998716,1.0,0.0,0.7650137302781455,0.04048066308885892,0.005124691700612613,0.29862067470286097,0.002087712569477117,1.6635973453521729,0.016342001035809517,0
mujoco,slope_forward,1,1,1214,12.139999999998711,1.0,0.0,0.7650080605708681,0.04059576504958206,0.005229923927498645,0.29831676224749337,0.008739791478526424,1.6616452932357788,0.00983824860304594,0
mujoco,slope_forward,1,1,1215,12.149999999998705,1.0,0.0,0.7650030459719652,0.040783110310627736,0.005426227954978936,0.2969232004572237,0.014366709187657138,1.6593929529190063,0.00768152205273509,0
mujoco,slope_forward,1,1,1216,12.1599999999987,1.0,0.0,0.7650083513159408,0.040963254477354154,0.005762678078090896,0.295943616496851,0.005376189300323364,1.663581371307373,0.019985424354672432,0
mujoco,slope_forward,1,1,1217,12.169999999998694,1.0,0.0,0.7650246577567295,0.04110593905659868,0.00596670943002696,0.2961152106041407,0.0009219778061397485,1.6668219566345215,0.010155792348086834,0
mujoco,slope_forward,1,1,1218,12.179999999998689,1.0,0.0,0.7650407447848604,0.041229180153492896,0.006046925739824218,0.295826979138863,0.013557051259838014,1.663105845451355,0.009750587865710258,0
mujoco,slope_forward,1,1,1219,12.189999999998683,1.0,0.0,0.765056976719847,0.04142427348530749,0.006264733124267436,0.2943539082706691,0.012784302989934465,1.6613649129867554,0.012087827548384666,0
mujoco,slope_forward,1,1,1220,12.199999999998678,1.0,0.0,0.7650834937217083,0.04159109098802837,0.006539863092328652,0.29388821051730313,0.004467239856562924,1.6673014163970947,0.02327428199350834,0
mujoco,slope_forward,1,1,1221,12.209999999998672,1.0,0.0,0.7651206328253537,0.04171555525133109,0.006677371127883048,0.2944190173670871,0.0012498425742605344,1.6687371730804443,0.008188938722014427,0
mujoco,slope_forward,1,1,1222,12.219999999998667,1.0,0.0,0.7651536307220895,0.041827122756938874,0.006688477398261418,0.2945765560309892,0.01546556081827444,1.664107084274292,0.009817801415920258,0
mujoco,slope_forward,1,1,1223,12.229999999998661,1.0,0.0,0.7651852101173439,0.04200795679807617,0.006928364165794869,0.29297296144897317,0.009852496866226431,1.66309654712677,0.014325021766126156,0
mujoco,slope_forward,1,1,1224,12.239999999998656,1.0,0.0,0.7652264942623356,0.04214770904503072,0.007151578183510964,0.29300088713674105,0.003395901154101771,1.6705231666564941,0.027371976524591446,0
mujoco,slope_forward,1,1,1225,12.24999999999865,1.0,0.0,0.7652776946858472,0.04225968715203484,0.007209026209346374,0.2939504160943499,0.0017326100139992535,1.6705622673034668,0.009177428670227528,0
mujoco,slope_forward,1,1,1226,12.259999999998644,1.0,0.0,0.7653231120803026,0.04236385146937688,0.0071861850229625905,0.2938495146419914,0.015260563996756142,1.66510808467865,0.011019140481948853,0
mujoco,slope_forward,1,1,1227,12.269999999998639,1.0,0.0,0.7653703898888179,0.04251184008559978,0.0074415126926532,0.2925969574794548,0.008433216078322335,1.6665059328079224,0.019464844837784767,0
mujoco,slope_forward,1,1,1228,12.279999999998633,1.0,0.0,0.7654298282154952,0.04261817992778626,0.007647947832135429,0.2929772208374919,0.0028506426405834895,1.6735872030258179,0.02507428266108036,0
mujoco,slope_forward,1,1,1229,12.289999999998628,1.0,0.0,0.765497430499994,0.042707882016334076,0.007666234621832708,0.29437491801236143,0.001776726702945824,1.6721683740615845,0.009332513436675072,0
mujoco,slope_forward,1,1,1230,12.299999999998622,1.0,0.0,0.7655567236802403,0.04278591086228195,0.007625957965464285,0.2941015135318735,0.010085312652656268,1.6661338806152344,0.012496097013354301,0
mujoco,slope_forward,1,1,1231,12.309999999998617,1.0,0.0,0.765618073607284,0.04289531364929489,0.007841472289635353,0.2933228161373944,0.004980637752907736,1.6702675819396973,0.025663023814558983,0
mujoco,slope_forward,1,1,1232,12.319999999998611,1.0,0.0,0.7656926213962314,0.04297848494615393,0.007989294261953264,0.2940498339106797,0.0018736158789973024,1.6755952835083008,0.018877530470490456,0
mujoco,slope_forward,1,1,1233,12.329999999998606,1.0,0.0,0.7657723929065551,0.04305265397967473,0.0079240932087165,0.29585433403975236,0.0023371394726969716,1.6725552082061768,0.009312647394835949,0
mujoco,slope_forward,1,1,1234,12.3399999999986,1.0,0.0,0.7658421533412649,0.04311174286706445,0.007921034780023956,0.2949327846248909,0.005195496019405766,1.6665233373641968,0.014069912023842335,0
mujoco,slope_forward,1,1,1235,12.349999999998595,1.0,0.0,0.7659146387484386,0.043185536669873154,0.008072437172433784,0.2947596749916475,0.002329903363315148,1.674811840057373,0.03540671989321709,0
mujoco,slope_forward,1,1,1236,12.359999999998589,1.0,0.0,0.7659999617894929,0.043258871994373685,0.008119584457281816,0.2958747588040137,0.0016702487828470771,1.676897406578064,0.009388856589794159,0
mujoco,slope_forward,1,1,1237,12.369999999998583,1.0,0.0,0.7660851240019004,0.043318317749206726,0.00796055407914355,0.297973887916116,0.0032602465483882632,1.6720750331878662,0.009882713668048382,0
mujoco,slope_forward,1,1,1238,12.379999999998578,1.0,0.0,0.7661584903746278,0.0433751239187034,0.007982736047106724,0.29686375434942486,0.005311170913311951,1.6680713891983032,0.009638926014304161,0
mujoco,slope_forward,1,1,1239,12.389999999998572,1.0,0.0,0.7662347874022016,0.04343616510525514,0.008109051945405761,0.2971972030357899,0.004602101958843981,1.679042100906372,0.03869924321770668,0
mujoco,slope_forward,1,1,1240,12.399999999998567,1.0,0.0,0.7663228209926191,0.043498495539868204,0.008118060105273456,0.29862329421838674,0.005726236155909531,1.680343747138977,0.007765455637127161,0
mujoco,slope_forward,1,1,1241,12.409999999998561,1.0,0.0,0.7664070454510753,0.043547840736429866,0.007944875905243606,0.3001379933980293,0.005939987845035701,1.675087571144104,0.009943698532879353,0
mujoco,slope_forward,1,1,1242,12.419999999998556,1.0,0.0,0.766485887051456,0.04357917399254877,0.00804819018923343,0.2992515146092008,0.005940355011209061,1.6755902767181396,0.009331236593425274,0
mujoco,slope_forward,1,1,1243,12.42999999999855,1.0,0.0,0.766573290165043,0.04362041351283628,0.008167995064107984,0.3000920200615308,0.007095694573650909,1.685070514678955,0.03171546757221222,0
mujoco,slope_forward,1,1,1244,12.439999999998545,1.0,0.0,0.7666695787455501,0.04366908016583418,0.008119439201481683,0.301985042506812,0.008845717649344493,1.6827869415283203,0.009463142603635788,0
mujoco,slope_forward,1,1,1245,12.44999999999854,1.0,0.0,0.7667563003431285,0.04370129831088957,0.007936726211665532,0.3029475251878472,0.0034979484165369246,1.676111102104187,0.012714259326457977,0
mujoco,slope_forward,1,1,1246,12.459999999998534,1.0,0.0,0.7668375819353317,0.04371746536564855,0.008010874029335521,0.3026489970950347,0.005534939022533227,1.6805346012115479,0.017129309475421906,0
mujoco,slope_forward,1,1,1247,12.469999999998528,1.0,0.0,0.7669268916821185,0.0437484285641836,0.008072249841404403,0.30391372387634125,0.009228007464676264,1.687442660331726,0.021577728912234306,0
mujoco,slope_forward,1,1,1248,12.479999999998522,1.0,0.0,0.767018819530275,0.04378682341522519,0.00794827062623248,0.3062072167748895,0.010920118068797495,1.6835168600082397,0.010354061610996723,0
mujoco,slope_forward,1,1,1249,12.489999999998517,1.0,0.0,0.7670999930753072,0.04379139043866591,0.00788973686857127,0.30609113463651966,0.00031051778377063656,1.6773931980133057,0.012453886680305004,0
mujoco,slope_forward,1,1,1250,12.499999999998511,1.0,0.0,0.7671800182886912,0.04378768263443288,0.00796403045286688,0.30652625828622143,0.004372431256049637,1.6874773502349854,0.031267471611499786,0
mujoco,slope_forward,1,1,1251,12.509999999998506,1.0,0.0,0.7672689878710665,0.04380455874082376,0.007964297964211558,0.30819256696200226,0.009452287502706479,1.688818335533142,0.010988336987793446,0
mujoco,slope_forward,1,1,1252,12.5199999999985,1.0,0.0,0.7673529297669677,0.04382670352067419,0.00779792615662713,0.3102165008279042,0.0026378722628160696,1.682713508605957,0.012492956593632698,0
mujoco,slope_forward,1,1,1253,12.529999999998495,1.0,0.0,0.7674253944604248,0.04378521492048232,0.00778136889463035,0.3099842468875138,0.0012881295097690862,1.6816322803497314,0.009622093290090561,0
mujoco,slope_forward,1,1,1254,12.53999999999849,1.0,0.0,0.7674991815568037,0.043766132191395066,0.007827578371735333,0.31110584521466167,0.007934199854770684,1.6912873983383179,0.027626369148492813,0
mujoco,slope_forward,1,1,1255,12.549999999998484,1.0,0.0,0.7675763079199676,0.04377765174289733,0.007741095352781136,0.3134707185612735,0.012608899271200081,1.6894336938858032,0.011465232819318771,0
mujoco,slope_forward,1,1,1256,12.559999999998478,1.0,0.0,0.7676417043905066,0.04377350540818878,0.007631550172385143,0.3142880930619072,-0.002296903960841206,1.6819859743118286,0.01464732177555561,0
mujoco,slope_forward,1,1,1257,12.569999999998473,1.0,0.0,0.767701262816687,0.04374993236497266,0.007664514525347082,0.3146419763947372,0.0043577993806393255,1.690293788909912,0.023436972871422768,0
mujoco,slope_forward,1,1,1258,12.579999999998467,1.0,0.0,0.7677661787665273,0.04374724636236546,0.007672572113137951,0.31642968988467035,0.012586689960464633,1.6948435306549072,0.013671292923390865,0
mujoco,slope_forward,1,1,1259,12.589999999998462,1.0,0.0,0.7678265202713929,0.04375140225296534,0.007534007899975353,0.3183425024536833,0.004660334055593798,1.6900622844696045,0.013023857958614826,0
mujoco,slope_forward,1,1,1260,12.599999999998456,1.0,0.0,0.7678780465677193,0.043679373678111234,0.007482694579109572,0.3188129996300179,0.0006627774667959413,1.6891299486160278,0.008537763729691505,0
mujoco,slope_forward,1,1,1261,12.60999999999845,1.0,0.0,0.7679304874172728,0.04362894257889856,0.00749064990758003,0.3199762821514258,0.010026875362870391,1.6973170042037964,0.020444944500923157,0
mujoco,slope_forward,1,1,1262,12.619999999998445,1.0,0.0,0.7679841730335094,0.0436213196454071,0.007405124709578583,0.32204791912425046,0.01060610431310823,1.6963233947753906,0.01182201411575079,0
mujoco,slope_forward,1,1,1263,12.62999999999844,1.0,0.0,0.7680322579991825,0.04355580865435771,0.0073453549547833515,0.3232345126163339,-0.005622844220863881,1.6917418241500854,0.0076951924711465836,0
mujoco,slope_forward,1,1,1264,12.639999999998434,1.0,0.0,0.7680770925536345,0.04348500191492224,0.0073703821992985264,0.3238640722670373,0.004772044579643919,1.6979765892028809,0.018039852380752563,0
mujoco,slope_forward,1,1,1265,12.649999999998428,1.0,0.0,0.7681244264479967,0.04346585123478775,0.007361035518766226,0.32596802411125436,0.014987908357817763,1.7009912729263306,0.01498480886220932,0
mujoco,slope_forward,1,1,1266,12.659999999998423,1.0,0.0,0.7681661762832752,0.04344627982628468,0.007316776615137817,0.3272917948808115,-0.0021935120772553886,1.6957850456237793,0.014684943482279778,0
mujoco,slope_forward,1,1,1267,12.669999999998417,1.0,0.0,0.7682006019845778,0.04335122779763259,0.0072940626874915876,0.3281493507427599,0.0004124661098608998,1.6985950469970703,0.015134880319237709,0
mujoco,slope_forward,1,1,1268,12.679999999998412,1.0,0.0,0.7682364464390206,0.043292499601414416,0.007276033885874487,0.329808639341828,0.012153702697853208,1.7041417360305786,0.013807183131575584,0
mujoco,slope_forward,1,1,1269,12.689999999998406,1.0,0.0,0.7682686242844138,0.04327423525771052,0.00717958384976334,0.33152856886827337,0.004091474439404065,1.7005780935287476,0.013757845386862755,0
mujoco,slope_forward,1,1,1270,12.6999999999984,1.0,0.0,0.7682951991502618,0.04318854015497239,0.007118554295249793,0.33284109788320787,-0.0036496121934424357,1.7001194953918457,0.00967756099998951,0
mujoco,slope_forward,1,1,1271,12.709999999998395,1.0,0.0,0.7683207000683174,0.043119497637817056,0.007098035073944201,0.3340890111423728,0.009193737823443451,1.7050843238830566,0.012501605786383152,0
mujoco,slope_forward,1,1,1272,12.71999999999839,1.0,0.0,0.7683442910946453,0.043094169341857606,0.007024469422360842,0.33592865651759635,0.007663956084898858,1.7045608758926392,0.012885523028671741,0
mujoco,slope_forward,1,1,1273,12.729999999998384,1.0,0.0,0.768365479559371,0.04300935349296296,0.006980402313775726,0.3373755154698804,-0.005498334040086891,1.7032231092453003,0.008299984969198704,0
mujoco,slope_forward,1,1,1274,12.739999999998378,1.0,0.0,0.7683860352255564,0.04290978615212764,0.006974021361507674,0.3383830218168377,0.007694325304340515,1.707329511642456,0.013243362307548523,0
mujoco,slope_forward,1,1,1275,12.749999999998373,1.0,0.0,0.7684069799266938,0.04286575538400373,0.006922540337687361,0.3403873846921585,0.011593906178580485,1.7095189094543457,0.01439468190073967,0
mujoco,slope_forward,1,1,1276,12.759999999998367,1.0,0.0,0.7684268096493334,0.0427826205738045,0.006885164582620246,0.34188448260575044,-0.005818301024771208,1.7072746753692627,0.00873564649373293,0
mujoco,slope_forward,1,1,1277,12.769999999998362,1.0,0.0,0.7684412931583441,0.04264431675882813,0.006857816026810007,0.34297218296732235,0.0019960666219092024,1.7092326879501343,0.014078986831009388,0
mujoco,slope_forward,1,1,1278,12.779999999998356,1.0,0.0,0.7684542525400194,0.042562426464884735,0.006808114136907929,0.34500199419489297,0.010112387295996304,1.7128946781158447,0.014852404594421387,0
mujoco,slope_forward,1,1,1279,12.78999999999835,1.0,0.0,0.7684666145670154,0.04246736907112567,0.006769946666205385,0.3463286901030797,-0.007462698676646609,1.7097556591033936,0.011628134176135063,0
mujoco,slope_forward,1,1,1280,12.799999999998345,1.0,0.0,0.7684759709157596,0.042311191813024694,0.006742771812264086,0.3474675236646024,-0.002070791914137498,1.7120412588119507,0.0160444974899292,0
mujoco,slope_forward,1,1,1281,12.80999999999834,1.0,0.0,0.768485448651815,0.042217947037268416,0.0066892778894914835,0.34968748314401515,0.010504730404784715,1.7161259651184082,0.013262997381389141,0
mujoco,slope_forward,1,1,1282,12.819999999998334,1.0,0.0,0.7684900804422958,0.04213845373283627,0.006615671044415477,0.35105491629766,-0.005278508123918696,1.710568904876709,0.01676883175969124,0
mujoco,slope_forward,1,1,1283,12.829999999998329,1.0,0.0,0.7684894882522456,0.04196784090988907,0.006558296622569444,0.35235752913546625,-0.0033302460429866054,1.7137792110443115,0.017258286476135254,0
mujoco,slope_forward,1,1,1284,12.839999999998323,1.0,0.0,0.768489025832163,0.04185374858376211,0.0064921219505146765,0.35451759184316245,0.009574172965120382,1.7192500829696655,0.012285812757909298,0
mujoco,slope_forward,1,1,1285,12.849999999998317,1.0,0.0,0.7684846375621235,0.04176155113577863,0.0064117154780458825,0.35584629248490945,-0.005880103919321865,1.7144373655319214,0.016244754195213318,0
mujoco,slope_forward,1,1,1286,12.859999999998312,1.0,0.0,0.7684762499474939,0.041570539990452,0.006343078512705638,0.3571529969714623,-0.00343356412085796,1.7178966999053955,0.017642773687839508,0
mujoco,slope_forward,1,1,1287,12.869999999998306,1.0,0.0,0.7684692136688626,0.041440869428536885,0.006255520574901653,0.35936171938631256,0.010111107163225165,1.7230409383773804,0.012872912921011448,0
mujoco,slope_forward,1,1,1288,12.8799999999983,1.0,0.0,0.7684586217960951,0.041340269646315535,0.006152638516651248,0.360678718682537,-0.005616236212282698,1.7179476022720337,0.017738034948706627,0
mujoco,slope_forward,1,1,1289,12.889999999998295,1.0,0.0,0.7684432758651483,0.04112884219519208,0.006056874538149569,0.3620469553121499,-0.003258086252937821,1.7205498218536377,0.017415335401892662,0
mujoco,slope_forward,1,1,1290,12.89999999999829,1.0,0.0,0.7684283258706477,0.04098185951005115,0.005941635338405169,0.36422146920550696,0.008947697332188422,1.7257483005523682,0.0129140205681324,0
mujoco,slope_forward,1,1,1291,12.909999999998284,1.0,0.0,0.7684126341393606,0.0408521465124637,0.005840020866865451,0.36543872266870653,-0.008463295345193538,1.721025824546814,0.015651965513825417,0
mujoco,slope_forward,1,1,1292,12.919999999998279,1.0,0.0,0.7683940137795209,0.04062122457916689,0.005765336093860679,0.3666524219903155,-0.0031733206872269332,1.7241617441177368,0.017543679103255272,0
mujoco,slope_forward,1,1,1293,12.929999999998273,1.0,0.0,0.7683757482325415,0.040465675850535336,0.005627747244563726,0.36902995256592563,0.008458203157443122,1.7291053533554077,0.014157256111502647,0
mujoco,slope_forward,1,1,1294,12.939999999998268,1.0,0.0,0.7683500664539132,0.04035277760273026,0.005412610972000019,0.371344073296868,0.001519500116016721,1.7226533889770508,0.01884027011692524,0
mujoco,slope_forward,1,1,1295,12.949999999998262,1.0,0.0,0.7683070014716462,0.040193609497721015,0.005216843865773805,0.3730470016142708,0.014061679422488628,1.7208203077316284,0.012685680761933327,0
mujoco,slope_forward,1,1,1296,12.959999999998256,1.0,0.0,0.7682506049844159,0.040105595361937356,0.004952425029769304,0.3763061882273283,0.030019135398587592,1.7269368171691895,0.016178011894226074,0
mujoco,slope_forward,1,1,1297,12.969999999998251,1.0,0.0,0.7681670938945411,0.040076391170926935,0.004431897295076212,0.3804312826542005,0.03729825199711967,1.7209867238998413,0.024255767464637756,0
mujoco,slope_forward,1,1,1298,12.979999999998245,1.0,0.0,0.7680383226529416,0.040125316907742015,0.00400004765797817,0.38331064891475225,0.06858754244090788,1.7132488489151,0.02463608980178833,0
mujoco,slope_forward,1,1,1299,12.98999999999824,1.0,0.0,0.7678508089961552,0.0403472510458401,0.003419026078824293,0.388380568938143,0.09740343570523788,1.721193552017212,0.026927737519145012,0
mujoco,slope_forward,1,1,1300,12.999999999998234,1.0,0.0,0.767584779205551,0.040683956632657156,0.002687279612358356,0.39335268736692564,0.11391366484861118,1.717422604560852,0.04158933460712433,0
mujoco,slope_forward,1,1,1301,13.009999999998229,1.0,0.0,0.7672216476323397,0.0412094261706875,0.002140301388447817,0.3978646353062484,0.1480164333730504,1.7210330963134766,0.02748134732246399,0
mujoco,slope_forward,1,1,1302,13.019999999998223,1.0,0.0,0.7667446467057583,0.04199872317125602,0.0015423137614337763,0.4039894890400427,0.17458558784880887,1.732126235961914,0.0384298712015152,0
mujoco,slope_forward,1,1,1303,13.029999999998218,1.0,0.0,0.7661252250011806,0.042986577411514786,0.0008945985197652798,0.4098812892349372,0.19625682212810205,1.7359898090362549,0.0481710284948349,0
mujoco,slope_forward,1,1,1304,13.039999999998212,1.0,0.0,0.7653381869457345,0.04427684166741749,0.0004770201842323635,0.41541441456665174,0.2311438658706711,1.7470202445983887,0.04151873290538788,0
mujoco,slope_forward,1,1,1305,13.049999999998207,1.0,0.0,0.7643645839108462,0.045911975361234814,0.00016839781993908864,0.4221980638250812,0.2563299022487069,1.75966215133667,0.052735261619091034,0
mujoco,slope_forward,1,1,1306,13.059999999998201,1.0,0.0,0.7631742350009126,0.04778717596953314,-1.3738532452587586e-05,0.4282359691288053,0.2802390941272637,1.7668447494506836,0.060134317725896835,0
mujoco,slope_forward,1,1,1307,13.069999999998196,1.0,0.0,0.7617410166721522,0.05012305266503458,0.00013669383131711084,0.4335693193658535,0.30479513223078475,1.7742981910705566,0.05544551461935043,0
mujoco,slope_forward,1,1,1308,13.07999999999819,1.0,0.0,0.7599977378505574,0.053201507890195475,0.00028831485177967155,0.4396427276408547,0.3283003141772874,1.7570768594741821,0.1056724563241005,0
mujoco,slope_forward,1,1,1309,13.089999999998184,1.0,0.0,0.7578855770815439,0.056959110246501236,0.0005890445079911,0.4443639678815576,0.34497911392124914,1.7302603721618652,0.11721185594797134,0
mujoco,slope_forward,1,1,1310,13.099999999998179,1.0,0.0,0.755380798722746,0.06173668602592028,0.0014663950269346256,0.44797714643596115,0.36443875803473286,1.6760742664337158,0.15231472253799438,0
mujoco,slope_forward,1,1,1311,13.109999999998173,1.0,0.0,0.752455938555645,0.0676129357492505,0.0025796706442915355,0.45256788278073057,0.3759791074076586,1.6348358392715454,0.1802891194820404,0
mujoco,slope_forward,1,1,1312,13.119999999998168,1.0,0.0,0.7490777791634116,0.07422747778636087,0.003843436695217765,0.45664414243758455,0.3765868004056201,1.610676646232605,0.241475909948349,0
mujoco,slope_forward,1,1,1313,13.129999999998162,1.0,0.0,0.7451874910715941,0.0814274414852779,0.005163199777431983,0.4610275096973148,0.3814027222510173,1.6062865257263184,0.3265046775341034,0
mujoco,slope_forward,1,1,1314,13.139999999998157,1.0,0.0,0.7406201571201205,0.08839917797324388,0.005028274701073009,0.4651788996289142,0.3873858520050506,1.6594070196151733,0.33431336283683777,0
mujoco,slope_forward,1,1,1315,13.149999999998151,1.0,0.0,0.7352023856236003,0.0952777738060185,0.002794435477798023,0.46885771070403404,0.2790053033835644,1.7073253393173218,0.3009161353111267,0
mujoco,slope_forward,1,1,1316,13.159999999998146,1.0,0.0,0.7289392826170823,0.1028362042466676,0.0004478914344665995,0.47331705870307683,0.2053917819443876,1.6987884044647217,0.2033711075782776,0
mujoco,slope_forward,1,1,1317,13.16999999999814,1.0,0.0,0.7220214731838763,0.11136476370212833,-0.00024521101951022943,0.47838832935047476,0.2690950180954038,1.8078962564468384,0.2528280019760132,0
mujoco,slope_forward,1,1,1318,13.179999999998135,1.0,0.0,0.7152617416571098,0.1121504765976083,0.0033056648159370027,0.5526879471359013,0.788733493652967,1.9995418787002563,0.2619345188140869,0
mujoco,slope_forward,1,1,1319,13.189999999998129,1.0,0.0,0.7102401209547673,0.1035760034319851,0.01367190629447176,0.6449639100950052,0.7843775392634609,2.155550241470337,1.2561297416687012,0
mujoco,slope_forward,1,1,1320,13.199999999998123,1.0,0.0,0.7071270701484763,0.09539592730945921,0.02493267969284347,0.7252738514878236,0.7031018357373793,2.6204121112823486,0.7332460284233093,0
mujoco,slope_forward,1,1,1321,13.209999999998118,1.0,0.0,0.705287040310332,0.08901328099374038,0.03339310477265635,0.7920547657933323,0.5907694504230354,3.4160215854644775,1.0172556638717651,0
mujoco,slope_forward,1,1,1322,13.219999999998112,1.0,0.0,0.7042531674250225,0.08279527752831971,0.04005485194694531,0.8487410172100958,0.4905145044882759,4.097020149230957,0.791444718837738,0
mujoco,slope_forward,1,1,1323,13.229999999998107,1.0,0.0,0.70401163491205,0.07544037238850629,0.04495814312936362,0.9173842910274391,0.5122423229438198,5.330029010772705,1.5330690145492554,0
mujoco,slope_forward,1,1,1324,13.239999999998101,1.0,0.0,0.704761529923867,0.07050502857766049,0.05271784747610345,0.9747272834986069,0.9544124810096528,7.2481303215026855,2.84399676322937,0
mujoco,slope_forward,1,1,1325,13.249999999998096,1.0,0.0,0.7056932192358873,0.06961667835701026,0.058283707549330155,0.9952379692615033,1.6524329038479926,7.035947322845459,0.9572958946228027,0
mujoco,slope_forward,1,1,1326,13.25999999999809,1.0,0.0,0.7053562606899649,0.0672176963445297,0.067952383217494,0.97701457147155,1.6995667337902445,4.1864423751831055,3.617669105529785,0
mujoco,slope_forward,1,1,1327,13.269999999998085,1.0,0.0,0.7033134142637562,0.06165264011485444,0.08155859131842981,0.9645127355441113,0.9149139857340303,2.1291470527648926,3.461815357208252,0
mujoco,slope_forward,1,1,1328,13.27999999999808,1.0,0.0,0.6997188688797651,0.05999190424247796,0.09709952489606363,0.9410516271589898,0.27808918550028194,2.197665214538574,1.8383017778396606,0
mujoco,slope_forward,1,1,1329,13.289999999998074,1.0,0.0,0.6946696883374911,0.06421430596285566,0.11390416672858429,0.915639732792321,-0.08375928386070343,2.280353546142578,0.739767849445343,0
mujoco,slope_forward,1,1,1330,13.299999999998068,1.0,0.0,0.6883295618258964,0.06849487751265317,0.12907219008050747,0.9066830890761097,-0.24644057461513555,2.3918616771698,1.371840476989746,0
mujoco,slope_forward,1,1,1331,13.309999999998062,1.0,0.0,0.6809315087518438,0.06995675529260964,0.14246401796625363,0.9011543015157548,-0.41203605870047627,3.1184792518615723,1.3898024559020996,0
mujoco,slope_forward,1,1,1332,13.319999999998057,1.0,0.0,0.6727085795893972,0.06955099550178949,0.15229715784325926,0.9077474813517019,-0.5677630059794989,3.6271016597747803,1.3224889039993286,0
mujoco,slope_forward,1,1,1333,13.329999999998051,1.0,0.0,0.6638839623411167,0.06829223574848244,0.16081405106018393,0.9132868561681166,-0.6294041376897614,3.9931247234344482,0.936508059501648,0
mujoco,slope_forward,1,1,1334,13.339999999998046,1.0,0.0,0.6544957561604051,0.06495128696356296,0.16777002679530575,0.9237068960467639,-0.653666852393947,4.446334362030029,0.6465688943862915,0
mujoco,slope_forward,1,1,1335,13.34999999999804,1.0,0.0,0.6444379996301756,0.05903173668310588,0.17263602646852572,0.9318360466078797,-0.6665725716082925,5.003983974456787,0.7529512047767639,0
mujoco,slope_forward,1,1,1336,13.359999999998035,1.0,0.0,0.6336581327225664,0.051479734713632146,0.17553390686344966,0.9387493069663823,-0.7145277943950122,5.116329669952393,0.302052766084671,0
mujoco,slope_forward,1,1,1337,13.36999999999803,1.0,0.0,0.622026187470668,0.043035925190316536,0.17660988123825477,0.93997474514107,-0.7619781732654017,5.1087446212768555,0.42129701375961304,0
mujoco,slope_forward,1,1,1338,13.379999999998024,1.0,0.0,0.6094447688022842,0.034360853089001664,0.17670432244102635,0.9387036131114314,-0.8327948088567918,5.380919933319092,0.4748461842536926,0
mujoco,slope_forward,1,1,1339,13.389999999998018,1.0,0.0,0.5958562792957068,0.02522277742345944,0.1753250192034152,0.9366370090280595,-0.9771751997820426,5.715462684631348,0.5552100539207458,0
mujoco,slope_forward,1,1,1340,13.399999999998013,1.0,0.0,0.5812114534348044,0.016585909424359363,0.17277809343591466,0.9302658486060816,-1.0767675062408457,5.848111629486084,0.2954762578010559,0
mujoco,slope_forward,1,1,1341,13.409999999998007,1.0,0.0,0.5654590505912673,0.008895141810317338,0.17000894372001601,0.9211668827234636,-1.0577531575832586,5.720947742462158,0.21398410201072693,0
mujoco,slope_forward,1,1,1342,13.419999999998002,1.0,0.0,0.5485601019673043,0.0016808483202158642,0.16758226496600453,0.9117171352469442,-0.9474219898883618,5.56932258605957,0.3091934025287628,0
mujoco,slope_forward,1,1,1343,13.429999999997996,1.0,0.0,0.5304689528865545,-0.005830901501667261,0.16572023577227366,0.9006870006403511,-0.7819085494234533,5.419657230377197,0.38425400853157043,0
mujoco,slope_forward,1,1,1344,13.43999999999799,1.0,0.0,0.5111672719921077,-0.01343646677516773,0.16444476577044348,0.890205717852267,-0.5565530510896899,5.220211029052734,0.43778085708618164,0
mujoco,slope_forward,1,1,1345,13.449999999997985,1.0,0.0,0.4906245736701797,-0.02100278150636367,0.16424376941908903,0.8767283694644085,-0.2833340738235953,4.993912220001221,0.6955668330192566,0
mujoco,slope_forward,1,1,1346,13.45999999999798,1.0,0.0,0.4687810514030273,-0.02804764684948749,0.16614940422311877,0.8578249587465231,0.08559723653082,4.558033466339111,1.144871473312378,0
mujoco,slope_forward,1,1,1347,13.469999999997974,1.0,0.0,0.4455925393342435,-0.032512769177492414,0.172352948306112,0.8288909835922065,0.5848102796186957,3.964113712310791,1.714963674545288,0
mujoco,slope_forward,1,1,1348,13.479999999997968,1.0,0.0,0.42109310731895294,-0.0316440329675099,0.18367841260294895,0.7911219955033528,1.132203457266608,3.577435255050659,2.279463052749634,0
mujoco,slope_forward,1,1,1349,13.489999999997963,1.0,0.0,0.39542909958028344,-0.02532946295078484,0.19169241862908132,0.7705221594277258,1.4787597466158728,4.14955997467041,2.240367889404297,0
mujoco,slope_forward,1,1,1350,13.499999999997957,1.0,0.0,0.3690207692129654,-0.02171795672437317,0.1931204576053428,0.7834097432164865,1.7018906893304846,4.3609538078308105,2.0344648361206055,0
mujoco,slope_forward,1,1,1351,13.509999999997952,1.0,0.0,0.342675609601585,-0.0215453152446676,0.19846921200048862,0.8316840893761227,1.8372492423739004,4.658282279968262,1.4829344749450684,0
mujoco,slope_forward,1,1,1352,13.519999999997946,1.0,0.0,0.3200339661588053,-0.02694654017966295,0.23867745470862106,0.8699901561008669,1.9712712623859892,5.940709114074707,1.8861204385757446,0
mujoco,slope_forward,1,1,1353,13.52999999999794,1.0,0.0,0.3022270081112473,-0.03460177687093589,0.2892199179122611,0.8799968916970933,2.155824299007275,7.841766357421875,2.5758731365203857,0
mujoco,slope_forward,1,1,1354,13.539999999997935,1.0,0.0,0.28874056556083477,-0.04157320106841248,0.33994752921917665,0.8665871078860186,2.185941121230637,8.258644104003906,0.7216074466705322,0
mujoco,slope_forward,1,1,1355,13.54999999999793,1.0,0.0,0.2789166116909107,-0.05034767513386763,0.38699880469702475,0.8507979173948234,2.155581773042196,8.24420166015625,0.6745064854621887,0
mujoco,slope_forward,1,1,1356,13.559999999997924,1.0,0.0,0.27209880269614545,-0.062244085142622634,0.42655060310330306,0.8409526569370501,2.151547252071873,8.126829147338867,0.26040032505989075,0
mujoco,slope_forward,1,1,1357,13.569999999997918,1.0,0.0,0.2678385845008857,-0.07777468993483655,0.45950625010039375,0.8385251675673145,2.1510815866117317,8.301473617553711,0.526321291923523,0
mujoco,slope_forward,1,1,1358,13.579999999997913,1.0,0.0,0.26584478714597226,-0.09528168533390764,0.4846704492529044,0.8584517969839568,2.20519801512931,8.621914863586426,1.0767937898635864,0
mujoco,slope_forward,1,1,1359,13.589999999997907,1.0,0.0,0.26609863353363317,-0.11382312540978697,0.502407282511151,0.9087229692665182,2.2230055381157108,8.731733322143555,1.2280170917510986,0
mujoco,slope_forward,1,1,1360,13.599999999997902,1.0,0.0,0.2686906157200843,-0.13118381158181,0.5112503609057291,0.9926471092944854,2.277344851859109,8.67992877960205,1.470381259918213,0
mujoco,slope_forward,1,1,1361,13.609999999997896,1.0,0.0,0.2736248726654017,-0.14734508064725718,0.509289825216565,1.0948008178327946,2.270469092853897,8.082959175109863,1.4520834684371948,0
mujoco,slope_forward,1,1,1362,13.61999999999789,1.0,0.0,0.28032435170986514,-0.1568571307265336,0.498055247160343,1.1999780631085504,2.3607287031619997,7.536345958709717,1.5226972103118896,0
mujoco,slope_forward,1,1,1363,13.629999999997885,1.0,0.0,0.2879839204717468,-0.16071192546142857,0.48229593168344687,1.3079127227389262,2.2694194148674574,6.866244792938232,1.5017292499542236,0
mujoco,slope_forward,1,1,1364,13.63999999999788,1.0,0.0,0.29607980383095306,-0.16108336021830608,0.4674817952900697,1.3866156159109682,1.9827915519584005,6.517666816711426,1.320435643196106,0
mujoco,slope_forward,1,1,1365,13.649999999997874,1.0,0.0,0.30431210554440935,-0.15680968412208587,0.45700766787996105,1.4461814232630075,1.4728114036250481,6.595585823059082,1.8940538167953491,0
mujoco,slope_forward,1,1,1366,13.659999999997869,1.0,0.0,0.3126517054970008,-0.15010676108960783,0.44845619692601885,1.5135761640587297,0.7842724402226968,7.0588178634643555,1.877571702003479,0
mujoco,slope_forward,1,1,1367,13.669999999997863,1.0,0.0,0.3211814705653925,-0.14124013199087604,0.4388549116515303,1.576483195195173,-0.02607141682089413,7.456369400024414,1.0057498216629028,0
mujoco,slope_forward,1,1,1368,13.679999999997857,1.0,0.0,0.3297079368385146,-0.12854551434024714,0.4232556797223842,1.621001568811471,-0.8357899952002374,6.834083080291748,1.3359204530715942,0
mujoco,slope_forward,1,1,1369,13.689999999997852,1.0,0.0,0.3377196362044448,-0.11392388029497227,0.4022726024613268,1.6495487444671477,-1.1707494837941579,5.775155544281006,1.5553946495056152,0
mujoco,slope_forward,1,1,1370,13.699999999997846,1.0,0.0,0.3444851682871062,-0.10212255305073187,0.3808825793067168,1.6370326938409776,-1.237352482764391,5.188186168670654,1.6929131746292114,0
mujoco,slope_forward,1,1,1371,13.70999999999784,1.0,0.0,0.34961378627091605,-0.09130727884300482,0.3602288405770533,1.6092546170019557,-0.9515685923728516,4.913881778717041,0.6433310508728027,0
mujoco,slope_forward,1,1,1372,13.719999999997835,1.0,0.0,0.353114618418228,-0.0781260033942592,0.34056828174845133,1.5844215292560728,-0.40780155359854975,4.581716537475586,0.745116651058197,0
mujoco,slope_forward,1,1,1373,13.72999999999783,1.0,0.0,0.3550619463713005,-0.06358601980294669,0.3265262305303051,1.5531391603977707,0.14260440441858865,4.60329008102417,1.2156548500061035,0
mujoco,slope_forward,1,1,1374,13.739999999997824,1.0,0.0,0.3554124986304251,-0.04764556081704155,0.31662102312778045,1.5026682106069278,0.5900842266954289,4.5342631340026855,1.5513935089111328,0
mujoco,slope_forward,1,1,1375,13.749999999997819,1.0,0.0,0.3543118512597414,-0.028071585727788867,0.31260144961690595,1.4378762044158544,1.1126434883908989,4.489223480224609,2.294302463531494,0
mujoco,slope_forward,1,1,1376,13.759999999997813,1.0,0.0,0.35202176941248897,-0.006071061175702698,0.3044743469408601,1.4191509911231097,1.2846361705417049,4.227562427520752,1.8756991624832153,0
mujoco,slope_forward,1,1,1377,13.769999999997808,1.0,0.0,0.34906366202182326,0.0077639497655024045,0.291453220933071,1.4490652791940597,1.2023660104424319,3.981837034225464,2.0070433616638184,0
mujoco,slope_forward,1,1,1378,13.779999999997802,1.0,0.0,0.3460631664992267,0.015152307369208083,0.27832034665205835,1.4679205026093374,0.9354235903507759,4.006562232971191,1.3170193433761597,0
mujoco,slope_forward,1,1,1379,13.789999999997796,1.0,0.0,0.34432665863041906,0.010291599671052589,0.2739113792764562,1.4226909745639873,0.15676223879025775,5.02537727355957,1.2025492191314697,0
mujoco,slope_forward,1,1,1380,13.799999999997791,1.0,0.0,0.34438377763396993,-0.004639160882135783,0.27114036960184656,1.3837136321585997,-0.1597595311634266,5.431604862213135,0.6827914118766785,0
mujoco,slope_forward,1,1,1381,13.809999999997785,1.0,0.0,0.3459545926314826,-0.02363217038474196,0.2642896056026036,1.3439821096213818,-0.1458682030165784,5.639710426330566,0.6139745116233826,0
mujoco,slope_forward,1,1,1382,13.81999999999778,1.0,0.0,0.34854065947583535,-0.04453005334152265,0.2518281648966755,1.3194779719706737,0.015945235274038808,5.407092571258545,0.6193749308586121,0
mujoco,slope_forward,1,1,1383,13.829999999997774,1.0,0.0,0.35161649871704403,-0.06619415545708264,0.234200883890054,1.3110474807753016,0.15386234928652762,4.928413391113281,1.2137129306793213,0
mujoco,slope_forward,1,1,1384,13.839999999997769,1.0,0.0,0.3545108649156577,-0.08476662228503182,0.2108959410014297,1.3166527374921846,0.2918134762555136,4.669195652008057,1.2779020071029663,0
mujoco,slope_forward,1,1,1385,13.849999999997763,1.0,0.0,0.35662710934694697,-0.09763513029328978,0.1858188040764496,1.3335667538734952,0.4559082762279854,4.2617292404174805,1.7035088539123535,0
mujoco,slope_forward,1,1,1386,13.859999999997758,1.0,0.0,0.3578276174505196,-0.10943085054223707,0.16830658453031727,1.330470753282134,0.1339017892812338,4.041560173034668,1.0292644500732422,0
mujoco,slope_forward,1,1,1387,13.869999999997752,1.0,0.0,0.3581852279905981,-0.12055922996375155,0.1582061379871099,1.3356297511996098,0.08627162178149163,4.498443126678467,0.909308671951294,0
mujoco,slope_forward,1,1,1388,13.879999999997747,1.0,0.0,0.3594078290289973,-0.1192155478163665,0.16089164389881258,1.3766828740616153,0.64667758774353,5.864074230194092,2.484189033508301,0
mujoco,slope_forward,1,1,1389,13.889999999997741,1.0,0.0,0.36255917880882144,-0.10729058469931936,0.166123276176405,1.4582555107178072,0.8000179067684415,6.28690242767334,1.7435264587402344,0
mujoco,slope_forward,1,1,1390,13.899999999997736,1.0,0.0,0.36728954819243304,-0.09615259607217298,0.17446418442630438,1.528938260746795,0.25593922544323455,6.082511901855469,2.394211530685425,0
mujoco,slope_forward,1,1,1391,13.90999999999773,1.0,0.0,0.37278511878987064,-0.08771434827052767,0.18258057927440913,1.5994248337061725,-0.24583921274768072,6.506922245025635,2.0089497566223145,0
mujoco,slope_forward,1,1,1392,13.919999999997724,1.0,0.0,0.3788906356487274,-0.07914360901767013,0.18544558705905528,1.6523598326208828,-0.7724928158708719,6.34469747543335,1.4265861511230469,0
mujoco,slope_forward,1,1,1393,13.929999999997719,1.0,0.0,0.3852540395390769,-0.07192242356245963,0.18075627675706757,1.7017232629075258,-1.1293915586625283,6.044234275817871,0.9470700621604919,0
mujoco,slope_forward,1,1,1394,13.939999999997713,1.0,0.0,0.3913288775251842,-0.06670382104822893,0.1725526571725441,1.7309471314231164,-1.0582529148523658,4.913205623626709,1.4739961624145508,0
mujoco,slope_forward,1,1,1395,13.949999999997708,1.0,0.0,0.39693489590997877,-0.061070618178996554,0.16755094331841736,1.748823010123454,-0.7703229949005561,4.492947101593018,0.6925729513168335,0
mujoco,slope_forward,1,1,1396,13.959999999997702,1.0,0.0,0.40174772383870966,-0.058083250473318054,0.16406614768857108,1.7658534863974196,-0.5453372707969422,4.575778484344482,0.40809911489486694,0
mujoco,slope_forward,1,1,1397,13.969999999997697,1.0,0.0,0.4050724877443665,-0.05840994485184223,0.15990667553994944,1.7444678382005159,-0.4681941491792945,4.430316925048828,0.5437362194061279,0
mujoco,slope_forward,1,1,1398,13.979999999997691,1.0,0.0,0.4069232340362193,-0.05661471456895889,0.15704106264156736,1.7209229413100686,-0.27369655359353606,4.113049030303955,0.8059813976287842,0
mujoco,slope_forward,1,1,1399,13.989999999997686,1.0,0.0,0.4072391538227983,-0.05284923026266973,0.1561302237635262,1.685175149914177,0.04412979280298414,4.159577369689941,1.745237112045288,0
mujoco,slope_forward,1,1,1400,13.99999999999768,1.0,0.0,0.4060913721935169,-0.044688519383322224,0.16064633473726903,1.629096188448317,0.4894638172861396,4.28313684463501,2.3729336261749268,0
mujoco,slope_forward,1,1,1401,14.009999999997675,1.0,0.0,0.4037061485729125,-0.033893443717398296,0.1580379794625351,1.62750397414893,0.8417811321484723,3.6678197383880615,1.9252232313156128,0
mujoco,slope_forward,1,1,1402,14.019999999997669,1.0,0.0,0.4007873360486962,-0.02746887065424629,0.15705295719559131,1.6402539675644336,0.9754879897718245,3.1235125064849854,1.8621783256530762,0
mujoco,slope_forward,1,1,1403,14.029999999997663,1.0,0.0,0.3975222717634484,-0.022827217483789814,0.1480903502517843,1.6827877813591392,0.9994988231640273,3.094731569290161,1.836090087890625,0
mujoco,slope_forward,1,1,1404,14.039999999997658,1.0,0.0,0.394202952133999,-0.020640097804001042,0.14486002760552924,1.691320606749448,0.8553093360783596,3.2969861030578613,0.9726895093917847,0
mujoco,slope_forward,1,1,1405,14.049999999997652,1.0,0.0,0.3904734736933343,-0.01728616964672049,0.13769537320769282,1.7143779209099264,0.8507153728875873,3.294034004211426,0.5773787498474121,0
mujoco,slope_forward,1,1,1406,14.059999999997647,1.0,0.0,0.38629885765045147,-0.014371880960395317,0.13466448114686536,1.7168164445861263,0.7354210322316233,3.0393624305725098,0.6316186189651489,0
mujoco,slope_forward,1,1,1407,14.069999999997641,1.0,0.0,0.38137829943860413,-0.009623660221816982,0.12842970825543568,1.7278988433924174,0.7727785753317891,3.053316831588745,0.615792453289032,0
mujoco,slope_forward,1,1,1408,14.079999999997636,1.0,0.0,0.37564498502893806,-0.006570842631669161,0.12344511621328616,1.7301580096389475,0.5820066105855951,2.788522720336914,0.6832693815231323,0
mujoco,slope_forward,1,1,1409,14.08999999999763,1.0,0.0,0.3691483236118545,-0.005153207522143802,0.121630283214605,1.7076175021700735,0.28923341748690956,2.90152907371521,0.5912840366363525,0
mujoco,slope_forward,1,1,1410,14.099999999997625,1.0,0.0,0.3631258056705541,-0.015279430511527551,0.12798999074374354,1.6593595942542896,-0.37268795513982755,3.7485082149505615,1.250690221786499,0
mujoco,slope_forward,1,1,1411,14.10999999999762,1.0,0.0,0.35832378906348944,-0.03231662596323014,0.13282048859279763,1.614673123280201,-0.6482032407468652,4.844489097595215,1.4984548091888428,0
mujoco,slope_forward,1,1,1412,14.119999999997614,1.0,0.0,0.35587831273514037,-0.03922511818957738,0.14649667200588326,1.5850036345194831,-0.3902659264354697,5.5509867668151855,1.0067540407180786,0
mujoco,slope_forward,1,1,1413,14.129999999997608,1.0,0.0,0.35639387874444106,-0.03892562082051236,0.15772282530641613,1.617087395208575,-0.32012754169933694,6.4889421463012695,1.5384870767593384,0
mujoco,slope_forward,1,1,1414,14.139999999997602,1.0,0.0,0.3600131475605863,-0.03699474478489006,0.16739662405083103,1.6408818731098453,-0.23491653244212957,6.883928298950195,0.7271338701248169,0
mujoco,slope_forward,1,1,1415,14.149999999997597,1.0,0.0,0.3662029700886596,-0.03356306109131695,0.1706130877038734,1.6685571099844054,0.07961605234750994,7.608540058135986,1.2698179483413696,0
mujoco,slope_forward,1,1,1416,14.159999999997591,1.0,0.0,0.3734901795826312,-0.030438221196301154,0.1647607338022687,1.696508195387726,0.4587501197574051,6.853625774383545,1.866260051727295,0
mujoco,slope_forward,1,1,1417,14.169999999997586,1.0,0.0,0.38020107734864345,-0.0322888712285925,0.1653520169731278,1.697795747590457,0.6436913949610019,4.533839225769043,4.186408519744873,0
mujoco,slope_forward,1,1,1418,14.17999999999758,1.0,0.0,0.38590860920092235,-0.03728343831754066,0.18239501359331398,1.663783572393252,0.3394827463741725,2.8311197757720947,4.006324768066406,0
mujoco,slope_forward,1,1,1419,14.189999999997575,1.0,0.0,0.3901520817227549,-0.03645359556344746,0.1969269145207075,1.6401201746673597,0.3025957850849453,3.5048272609710693,1.8924280405044556,0
mujoco,slope_forward,1,1,1420,14.19999999999757,1.0,0.0,0.3929103419156131,-0.02991976864102818,0.21261309693820069,1.5994623975812958,0.198542020968179,4.529125690460205,1.2187267541885376,0
mujoco,slope_forward,1,1,1421,14.209999999997564,1.0,0.0,0.39419995397993374,-0.017787214109599665,0.21783839229686963,1.5865874849438437,0.38909157821490203,4.977373123168945,1.818877100944519,0
mujoco,slope_forward,1,1,1422,14.219999999997558,1.0,0.0,0.39468850161438285,-0.010041553109196667,0.2207132589967469,1.5622249383115347,0.7286198230788812,6.789949893951416,3.5914762020111084,0
mujoco,slope_forward,1,1,1423,14.229999999997553,1.0,0.0,0.3944820025905862,-0.013821259533021353,0.2107420039380806,1.6528294483521346,1.6773041800750668,6.054202556610107,3.9290809631347656,0
mujoco,slope_forward,1,1,1424,14.239999999997547,1.0,0.0,0.3939611982143037,-0.017708187081306646,0.20592360865460269,1.6236932929253243,1.5282983555174527,6.8184661865234375,2.171027660369873,0
mujoco,slope_forward,1,1,1425,14.249999999997542,1.0,0.0,0.3930179235439527,-0.02205275400244735,0.20521842379149738,1.6572245352609312,1.7621042288357445,5.919482707977295,1.4855464696884155,0
mujoco,slope_forward,1,1,1426,14.259999999997536,1.0,0.0,0.3914893921947952,-0.027868314800478605,0.2077312304941662,1.64096831881947,1.4523729673320211,5.72007417678833,0.711681067943573,0
mujoco,slope_forward,1,1,1427,14.26999999999753,1.0,0.0,0.38980852091341034,-0.04002747539467857,0.2122813916437204,1.640192449367041,1.3017970350673873,5.3386735916137695,0.6495429277420044,0
mujoco,slope_forward,1,1,1428,14.279999999997525,1.0,0.0,0.38797468886816716,-0.0535014361126687,0.2147282769520772,1.6294013656920325,1.1565518573475126,5.202085971832275,1.1689153909683228,0
mujoco,slope_forward,1,1,1429,14.28999999999752,1.0,0.0,0.3855313229837596,-0.06525202914734288,0.21589988124305626,1.6331449625482026,1.0455644925890006,4.91494607925415,1.215558648109436,0
mujoco,slope_forward,1,1,1430,14.299999999997514,1.0,0.0,0.3822017746356299,-0.07740741013189217,0.21733132187960097,1.6503608148874496,0.7042235031914696,4.110683441162109,2.211280584335327,0
mujoco,slope_forward,1,1,1431,14.309999999997508,1.0,0.0,0.3779591069679342,-0.08975691270033728,0.2242999988458571,1.6450633686408433,-0.16431805126848048,3.9817497730255127,2.124549388885498,0
mujoco,slope_forward,1,1,1432,14.319999999997503,1.0,0.0,0.3727757359170879,-0.10529918593626013,0.23417462630850153,1.6512712768903652,-0.6738534512481157,3.996607542037964,1.1472872495651245,0
mujoco,slope_forward,1,1,1433,14.329999999997497,1.0,0.0,0.368327071840997,-0.11099873062477017,0.2532832569635398,1.6759913523459455,-0.4254382813799378,5.333293437957764,2.127216339111328,0
mujoco,slope_forward,1,1,1434,14.339999999997492,1.0,0.0,0.36562518205425937,-0.1032339228799901,0.2724546492107153,1.7433696682230837,-0.21644824731533777,5.6628947257995605,1.1182724237442017,0
mujoco,slope_forward,1,1,1435,14.349999999997486,1.0,0.0,0.36501693314815886,-0.08808011534876856,0.29605418696891816,1.8186289186432243,-0.15249026492639725,5.957970142364502,1.3748822212219238,0
mujoco,slope_forward,1,1,1436,14.35999999999748,1.0,0.0,0.36615760186843993,-0.06917879102201452,0.3137980798334039,1.9097783613620989,-0.08980548091081679,5.919792175292969,0.7404161095619202,0
mujoco,slope_forward,1,1,1437,14.369999999997475,1.0,0.0,0.3685093452231265,-0.04933139097680411,0.3233113209771198,1.992319611215209,-0.09798382122192881,5.689645290374756,0.6575194001197815,0
mujoco,slope_forward,1,1,1438,14.37999999999747,1.0,0.0,0.37142442326289554,-0.03151826754341516,0.3244581756067806,2.061070139420626,-0.2160482755762775,5.371488571166992,1.0888093709945679,0
mujoco,slope_forward,1,1,1439,14.389999999997464,1.0,0.0,0.3743764213173824,-0.01743910652028174,0.3200671968514435,2.1081166169568064,-0.4715198383988188,5.267509460449219,0.9449202418327332,0
mujoco,slope_forward,1,1,1440,14.399999999997458,1.0,0.0,0.37692035717998595,-0.007077409693195095,0.30946471337748704,2.1437848421389374,-0.6981514774642665,5.306424140930176,0.6377761960029602,0
mujoco,slope_forward,1,1,1441,14.409999999997453,1.0,0.0,0.3788587156937844,0.0022381260517798118,0.29757116846962817,2.159992683149961,-0.8122731311207718,5.198660850524902,0.500953733921051,0
mujoco,slope_forward,1,1,1442,14.419999999997447,1.0,0.0,0.37995984133183675,0.011346366155040283,0.28725930013205264,2.165321159746217,-0.7475858765836503,4.960087776184082,0.8824180960655212,0
mujoco,slope_forward,1,1,1443,14.429999999997442,1.0,0.0,0.3796868613654884,0.018607958832737474,0.2782588992135744,2.143525923991632,-0.5399904344870119,4.738178253173828,0.9216287136077881,0
mujoco,slope_forward,1,1,1444,14.439999999997436,1.0,0.0,0.3779219673175697,0.027874358875812744,0.27120534017428866,2.1090911972716726,-0.24069829675860402,4.472803592681885,0.7401762008666992,0
mujoco,slope_forward,1,1,1445,14.44999999999743,1.0,0.0,0.37475058906925274,0.03982974903835223,0.26618147925590196,2.074893492693121,0.05778516226965554,4.203401565551758,0.7558923959732056,0
mujoco,slope_forward,1,1,1446,14.459999999997425,1.0,0.0,0.3702751314354888,0.054916535849676,0.26355503046960016,2.0337268259254517,0.3985945140433252,3.851630210876465,1.2993967533111572,0
mujoco,slope_forward,1,1,1447,14.46999999999742,1.0,0.0,0.36463088829193624,0.07283096423576314,0.26206516941946445,1.988980421814143,0.7241281587101656,3.904404401779175,1.8323155641555786,0
mujoco,slope_forward,1,1,1448,14.479999999997414,1.0,0.0,0.35813637556890304,0.0895312864248704,0.2541863519249472,1.9955145155509055,0.9470405193603512,3.487818956375122,1.727489948272705,0
mujoco,slope_forward,1,1,1449,14.489999999997409,1.0,0.0,0.3516469883440651,0.09823296965882056,0.249541737538556,2.004761449263142,0.936976672613025,3.7029006481170654,1.6449007987976074,0
mujoco,slope_forward,1,1,1450,14.499999999997403,1.0,0.0,0.3469538323014152,0.09664980918781335,0.25251460350600247,1.9327283160889044,0.26972181844506093,4.286637783050537,1.3871839046478271,0
mujoco,slope_forward,1,1,1451,14.509999999997397,1.0,0.0,0.34486750725902965,0.08567705988325837,0.259823135062593,1.83206234138712,-0.21039388297629125,5.012563705444336,0.9407991766929626,0
mujoco,slope_forward,1,1,1452,14.519999999997392,1.0,0.0,0.3451647553502891,0.06802382724925522,0.26283463059919826,1.7438922042254128,-0.3034040522454605,5.365082263946533,0.5376610159873962,0
mujoco,slope_forward,1,1,1453,14.529999999997386,1.0,0.0,0.3473949622784737,0.04702906538421108,0.26178963530271393,1.6616210771869961,-0.2414637414373872,5.283494472503662,0.5446721911430359,0
mujoco,slope_forward,1,1,1454,14.53999999999738,1.0,0.0,0.35098642497336796,0.023564354656392877,0.2548826863307203,1.6021464889790833,-0.13847837146569353,5.016989707946777,0.6933680176734924,0
mujoco,slope_forward,1,1,1455,14.549999999997375,1.0,0.0,0.3553994987611926,-0.0004057080756339973,0.24356705978780868,1.56149735700378,0.0030892954595390845,4.668785572052002,1.1693451404571533,0
mujoco,slope_forward,1,1,1456,14.55999999999737,1.0,0.0,0.35991692254039165,-0.02035050186552842,0.22498627549326045,1.5392159657858406,0.15152731661039334,4.884771823883057,1.4831352233886719,0
mujoco,slope_forward,1,1,1457,14.569999999997364,1.0,0.0,0.36378354365989196,-0.03233249259373269,0.20238239190242088,1.545309910534128,0.2601913073748552,4.467540740966797,2.3202357292175293,0
mujoco,slope_forward,1,1,1458,14.579999999997359,1.0,0.0,0.3664467073501717,-0.04340038378857336,0.18774581832764306,1.541091726932295,-0.2848450694396112,3.9507217407226562,1.5689008235931396,0
mujoco,slope_forward,1,1,1459,14.589999999997353,1.0,0.0,0.3681631854067134,-0.053594746688156954,0.18126687463966076,1.549692640866609,-0.3049766863872328,4.174640655517578,1.1532740592956543,0
mujoco,slope_forward,1,1,1460,14.599999999997348,1.0,0.0,0.37034635209137856,-0.05227481587509396,0.1802913370163882,1.5881704445313483,0.09285360308877809,5.06043815612793,1.944457769393921,0
mujoco,slope_forward,1,1,1461,14.609999999997342,1.0,0.0,0.37376338845096274,-0.04469961141526596,0.18142546419286065,1.659403591382453,0.11588182603170608,5.461874008178711,1.4520384073257446,0
mujoco,slope_forward,1,1,1462,14.619999999997336,1.0,0.0,0.3780583614462879,-0.039350696257354975,0.18444521255823915,1.7313724359021134,-0.2664795344410705,5.786040306091309,2.092219352722168,0
mujoco,slope_forward,1,1,1463,14.629999999997331,1.0,0.0,0.3827188046537534,-0.034359980545995254,0.1851817352399807,1.783061175720646,-0.6040412459593376,5.831081390380859,1.0507876873016357,0
mujoco,slope_forward,1,1,1464,14.639999999997325,1.0,0.0,0.3875494586642686,-0.02839920412031556,0.1812240501097566,1.825592805377329,-0.9411619561133535,5.827752113342285,1.0575741529464722,0
mujoco,slope_forward,1,1,1465,14.64999999999732,1.0,0.0,0.3922769439485775,-0.02313401080332454,0.17394248990719544,1.8593803550829195,-1.091983279036015,5.323317527770996,0.7889891862869263,0
mujoco,slope_forward,1,1,1466,14.659999999997314,1.0,0.0,0.3965373695756309,-0.018479193305356374,0.16633808822581442,1.8773467245706588,-0.9591456842667607,4.4925055503845215,1.0926510095596313,0
mujoco,slope_forward,1,1,1467,14.669999999997309,1.0,0.0,0.39989296578802414,-0.014972478380550519,0.16271338528154317,1.8802550291181765,-0.610370166793302,4.320329666137695,1.2953097820281982,0
mujoco,slope_forward,1,1,1468,14.679999999997303,1.0,0.0,0.40168224258296864,-0.014607022339704083,0.16152652017675892,1.8587614013520795,-0.2896761704805555,4.43290901184082,1.006403923034668,0
mujoco,slope_forward,1,1,1469,14.689999999997298,1.0,0.0,0.4018547931035991,-0.011502267393226694,0.16318416273811973,1.8185503892332262,0.04418812596046303,4.283499717712402,1.1812576055526733,0
mujoco,slope_forward,1,1,1470,14.699999999997292,1.0,0.0,0.4004798814415123,-0.0037916402366372183,0.16713960047867063,1.7690375271727474,0.3596113603462803,4.255383491516113,1.850579023361206,0
mujoco,slope_forward,1,1,1471,14.709999999997287,1.0,0.0,0.39786644448899555,0.0070125508740888675,0.1670589469706587,1.7388222410944376,0.5807694938552749,3.865762233734131,2.2529304027557373,0
mujoco,slope_forward,1,1,1472,14.719999999997281,1.0,0.0,0.3946530136802851,0.013343761680309766,0.16501196111428093,1.7692200906744582,0.8304628310260176,2.8087151050567627,2.214580535888672,0
mujoco,slope_forward,1,1,1473,14.729999999997275,1.0,0.0,0.39113121965694264,0.018611078913616047,0.15832178545437706,1.7867515409077188,0.8349522451713458,3.137568235397339,1.3806754350662231,0
mujoco,slope_forward,1,1,1474,14.73999999999727,1.0,0.0,0.3874806862577723,0.021381501541495845,0.1524987675622364,1.8196828884919634,0.841028612811775,3.2781527042388916,1.284665822982788,0
mujoco,slope_forward,1,1,1475,14.749999999997264,1.0,0.0,0.38350266976541164,0.024486752683901658,0.14553027499511778,1.8342185652630052,0.7864730186138569,3.286559581756592,0.49048927426338196,0
mujoco,slope_forward,1,1,1476,14.759999999997259,1.0,0.0,0.3790509510041334,0.027077471308087856,0.1404399820889076,1.8449287340207874,0.6586966221095603,2.9077067375183105,0.6326249837875366,0
mujoco,slope_forward,1,1,1477,14.769999999997253,1.0,0.0,0.3738883506053897,0.0312952137141617,0.13464934455318112,1.84431560938661,0.621572970937257,2.828655958175659,0.456432044506073,0
mujoco,slope_forward,1,1,1478,14.779999999997248,1.0,0.0,0.3684566199396144,0.029463643384838974,0.13548159350479594,1.8102592589761195,0.14395565176665912,2.7592403888702393,0.4641037881374359,0
mujoco,slope_forward,1,1,1479,14.789999999997242,1.0,0.0,0.3639270458969514,0.019582799958499902,0.14232986974518125,1.7423766908836855,-0.22714667829418908,3.9451100826263428,1.7304140329360962,0
mujoco,slope_forward,1,1,1480,14.799999999997237,1.0,0.0,0.36075870172994,0.0031419378129321036,0.14416987242339224,1.683225485051497,-0.6143673052711764,5.05786657333374,1.342203140258789,0
mujoco,slope_forward,1,1,1481,14.809999999997231,1.0,0.0,0.3588223456054353,-0.016109904780133372,0.14421881078792853,1.619893582187408,-0.6245765152693743,5.546240329742432,0.9285751581192017,0
mujoco,slope_forward,1,1,1482,14.819999999997226,1.0,0.0,0.35878813729729925,-0.023784147533025185,0.1523334728752133,1.5801995083519473,-0.24993793982200876,6.3505706787109375,1.2866026163101196,0
mujoco,slope_forward,1,1,1483,14.82999999999722,1.0,0.0,0.3613811193824463,-0.02276494106209,0.1592714490909199,1.5910630427229349,-0.16187493499054362,6.903690338134766,1.231408715248108,0
mujoco,slope_forward,1,1,1484,14.839999999997215,1.0,0.0,0.3667262504107731,-0.020440851488354145,0.1647028781526988,1.6002317587256427,-0.07826526886820045,7.51677131652832,0.8968310952186584,0
mujoco,slope_forward,1,1,1485,14.849999999997209,1.0,0.0,0.3740328817051814,-0.015769133190568833,0.16270733239055926,1.6198038434152608,0.22991204033223678,7.906444549560547,1.0452959537506104,0
mujoco,slope_forward,1,1,1486,14.859999999997203,1.0,0.0,0.38165418865583417,-0.014307294875693901,0.155498247523252,1.6461954916372736,0.45193792117322873,6.2812676429748535,3.014085292816162,0
mujoco,slope_forward,1,1,1487,14.869999999997198,1.0,0.0,0.38844246834962387,-0.017824473296883192,0.1638356522522429,1.6267397499909402,0.27467616224608066,3.715101718902588,4.093637466430664,0
mujoco,slope_forward,1,1,1488,14.879999999997192,1.0,0.0,0.39410252532501155,-0.020334377597909164,0.18194962006489254,1.595800121305998,0.037054212210513415,2.6508002281188965,3.5764901638031006,0
mujoco,slope_forward,1,1,1489,14.889999999997187,1.0,0.0,0.39824250974443953,-0.017822190603340005,0.19826210035760725,1.5588951135118938,0.05663333625295075,3.7771754264831543,1.7619696855545044,0
mujoco,slope_forward,1,1,1490,14.899999999997181,1.0,0.0,0.4006918319570799,-0.009939695156370214,0.21135407742259166,1.5244576534466738,0.18676312122660663,4.661413669586182,1.2812062501907349,0
mujoco,slope_forward,1,1,1491,14.909999999997176,1.0,0.0,0.4017395097716678,0.0009349481461440174,0.21818006302684084,1.5009813929287044,0.42491964605925725,5.030933856964111,1.8363028764724731,0
mujoco,slope_forward,1,1,1492,14.91999999999717,1.0,0.0,0.40193711875907157,0.004717138039901938,0.2181453604218005,1.4996634823224133,0.8181510273035759,6.181561470031738,3.5467758178710938,0
mujoco,slope_forward,1,1,1493,14.929999999997165,1.0,0.0,0.401527131334221,8.28175127679969e-06,0.20944398232042058,1.579523846947323,1.5341712001748862,5.196963787078857,3.52055025100708,0
mujoco,slope_forward,1,1,1494,14.939999999997159,1.0,0.0,0.4008272871421444,-0.003353175313629323,0.20384638984917694,1.5558724064434517,1.3676741524081717,6.345116138458252,2.0918047428131104,0
mujoco,slope_forward,1,1,1495,14.949999999997154,1.0,0.0,0.39982117327650035,-0.007802835636751034,0.2025249077242299,1.596133403413358,1.602878906174905,5.398850440979004,1.5690070390701294,0
mujoco,slope_forward,1,1,1496,14.959999999997148,1.0,0.0,0.3982877590741369,-0.013517098356539926,0.2043957596095649,1.5702525673324206,1.3044977668834816,5.4803147315979,0.7429145574569702,0
mujoco,slope_forward,1,1,1497,14.969999999997142,1.0,0.0,0.3967082743827044,-0.025999770878126358,0.20971776087563965,1.5650355840669463,1.2069510916293298,5.118775367736816,0.7517297863960266,0
mujoco,slope_forward,1,1,1498,14.979999999997137,1.0,0.0,0.3953223372449813,-0.04190055292684831,0.21269298011485402,1.539896811888414,1.1047171709813228,5.489002704620361,1.2262020111083984,0
mujoco,slope_forward,1,1,1499,14.989999999997131,1.0,0.0,0.3938147819290079,-0.057700279089169214,0.21308319220673372,1.531245290316556,1.056240968418666,5.380017280578613,0.8357047438621521,0
mujoco,slope_forward,1,1,1500,14.999999999997126,1.0,0.0,0.39161271957438293,-0.07135711854138518,0.20986800260552618,1.5405170783032747,0.941651446326182,4.7363104820251465,1.803858757019043,0
mujoco,slope_forward,1,1,1501,15.00999999999712,1.0,0.0,0.38837706113537246,-0.08305355370333761,0.21443666866255826,1.542088178202774,0.1864643059774322,3.6842939853668213,3.1052308082580566,0
mujoco,slope_forward,1,1,1502,15.019999999997115,1.0,0.0,0.38402819457478105,-0.09962162029970395,0.21975077374808602,1.5513849974043261,-0.5945873498862668,3.7696688175201416,1.3263338804244995,0
mujoco,slope_forward,1,1,1503,15.02999999999711,1.0,0.0,0.37935279910315517,-0.11484516529073473,0.23143118913821248,1.5641218714328073,-0.6834514482412357,4.7542724609375,1.4467434883117676,0
mujoco,slope_forward,1,1,1504,15.039999999997104,1.0,0.0,0.3759772084208624,-0.11535049706881058,0.24659527596328867,1.613271289246058,-0.24249952609962416,5.861141681671143,1.6093854904174805,0
mujoco,slope_forward,1,1,1505,15.049999999997098,1.0,0.0,0.37452391242241256,-0.1051006084526863,0.26635282519885745,1.6847023374006074,-0.1833035492280687,5.797432899475098,1.686888337135315,0
mujoco,slope_forward,1,1,1506,15.059999999997093,1.0,0.0,0.3749165075772879,-0.08874798966418011,0.2858385714443702,1.7714020873910106,-0.09454271704059004,6.178628444671631,1.4878028631210327,0
mujoco,slope_forward,1,1,1507,15.069999999997087,1.0,0.0,0.37680603563531334,-0.0704851266410173,0.2990532653096924,1.8607704992229743,-0.15386134787177366,6.043458938598633,0.7021292448043823,0
mujoco,slope_forward,1,1,1508,15.079999999997082,1.0,0.0,0.3794743493911666,-0.05384888196267305,0.30191157357760307,1.9428924094592899,-0.2461508804378762,5.725912094116211,1.1471096277236938,0
mujoco,slope_forward,1,1,1509,15.089999999997076,1.0,0.0,0.38237350817647037,-0.039925520278085096,0.29851967151297476,1.994163464696518,-0.4849396259484776,5.485565662384033,0.9651921391487122,0
mujoco,slope_forward,1,1,1510,15.09999999999707,1.0,0.0,0.38497862220299406,-0.029293043309506956,0.28885569829322216,2.0326417720507695,-0.7105388308139569,5.300442218780518,0.7513102889060974,0
mujoco,slope_forward,1,1,1511,15.109999999997065,1.0,0.0,0.38701498048235194,-0.02009695858918219,0.27814278559918726,2.0522508919045346,-0.8084296143787293,5.135863304138184,0.6582800149917603,0
mujoco,slope_forward,1,1,1512,15.11999999999706,1.0,0.0,0.3882849278363523,-0.011371234372104154,0.2697058804312747,2.062792410626256,-0.7615384431399502,4.9805779457092285,0.8377871513366699,0
mujoco,slope_forward,1,1,1513,15.129999999997054,1.0,0.0,0.3883993703753309,-0.004181813823759799,0.26302437921022254,2.056066248835531,-0.5077246581652267,4.8426008224487305,0.9371246695518494,0
mujoco,slope_forward,1,1,1514,15.139999999997048,1.0,0.0,0.386899337925977,0.002870328124341482,0.2566161392699288,2.0157660962078685,-0.24595574933641803,4.578088283538818,0.9022371768951416,0
mujoco,slope_forward,1,1,1515,15.149999999997043,1.0,0.0,0.3839449883358172,0.013739977057134053,0.25329615384541954,1.9740733298558681,0.14921298359143015,4.122513771057129,1.1379554271697998,0
mujoco,slope_forward,1,1,1516,15.159999999997037,1.0,0.0,0.3796233268180527,0.02844671281230155,0.252733910267776,1.9240321292589178,0.540382670546145,3.9608540534973145,1.6178590059280396,0
mujoco,slope_forward,1,1,1517,15.169999999997032,1.0,0.0,0.3740985510706586,0.04599675316420924,0.25032833230466095,1.8885645643459803,0.8552205141821736,3.992318630218506,1.7249248027801514,0
mujoco,slope_forward,1,1,1518,15.179999999997026,1.0,0.0,0.36791155222557265,0.060120053925631745,0.2447501010941615,1.8962198135953163,0.9913874587268556,3.7314295768737793,1.986572265625,0
mujoco,slope_forward,1,1,1519,15.18999999999702,1.0,0.0,0.361388743324852,0.069441222263101,0.2338955722586058,1.927891285662391,1.0564000437550802,3.877089023590088,1.6019577980041504,0
mujoco,slope_forward,1,1,1520,15.199999999997015,1.0,0.0,0.3551594670176448,0.07178779310608968,0.22554307658006953,1.9388828763816688,0.8451896102332277,4.2243146896362305,1.3589527606964111,0
mujoco,slope_forward,1,1,1521,15.20999999999701,1.0,0.0,0.3508410272099067,0.06238224302160845,0.23245482040506293,1.8444968246234639,0.09754791052698827,4.748005390167236,1.0381213426589966,0
mujoco,slope_forward,1,1,1522,15.219999999997004,1.0,0.0,0.34892536046198475,0.045748388702072276,0.23943796346170496,1.739175724726297,-0.18485824062602924,5.566289901733398,1.280646800994873,0
mujoco,slope_forward,1,1,1523,15.229999999996998,1.0,0.0,0.34931347114707356,0.02322000311708759,0.24391114390380653,1.6374964739605529,-0.264356639777861,5.786889553070068,0.5399975180625916,0
mujoco,slope_forward,1,1,1524,15.239999999996993,1.0,0.0,0.35143946652871344,-0.0018709217650338477,0.2401077930232072,1.5583963312598095,-0.12009611488994593,5.590407848358154,0.8748922348022461,0
mujoco,slope_forward,1,1,1525,15.249999999996987,1.0,0.0,0.3546637613427926,-0.0280984425322838,0.23025982670174833,1.4961345789818266,-0.026504401052996868,5.299294471740723,1.0426198244094849,0
mujoco,slope_forward,1,1,1526,15.259999999996982,1.0,0.0,0.3580858949194769,-0.05083100598471777,0.21197008414918403,1.4604903950509158,0.19214845747527612,5.193702220916748,1.411994457244873,0
mujoco,slope_forward,1,1,1527,15.269999999996976,1.0,0.0,0.36071388213885225,-0.0675516974553454,0.194445014171098,1.4707571209499528,0.49407415774498936,4.332200050354004,2.586057186126709,0
mujoco,slope_forward,1,1,1528,15.27999999999697,1.0,0.0,0.36325858858781274,-0.07079065583325408,0.19585458402608946,1.4866576811014696,0.7429145898749987,4.841381072998047,1.730690360069275,0
mujoco,slope_forward,1,1,1529,15.289999999996965,1.0,0.0,0.36678539008340516,-0.06436008905129896,0.19571402099786747,1.5653051578039678,0.9091537175026798,6.058696269989014,2.118537187576294,0
mujoco,slope_forward,1,1,1530,15.29999999999696,1.0,0.0,0.37136673275970983,-0.0547564935306106,0.19395930007046425,1.6280143820030755,0.6141020126741854,5.805871486663818,1.3190134763717651,0
mujoco,slope_forward,1,1,1531,15.309999999996954,1.0,0.0,0.37614214150227543,-0.04435427785926376,0.19665832057353366,1.6798567297694138,0.02360026249972779,5.743231296539307,2.6188137531280518,0
mujoco,slope_forward,1,1,1532,15.319999999996949,1.0,0.0,0.38088194307376216,-0.03503779311655262,0.20558294326214904,1.7372118755626766,-0.6795720618994637,6.648805618286133,2.3126423358917236,0
mujoco,slope_forward,1,1,1533,15.329999999996943,1.0,0.0,0.3856955715652209,-0.02895337145150616,0.20901025925124575,1.7752771524098347,-1.3677839327933405,6.378859519958496,1.6480770111083984,0
mujoco,slope_forward,1,1,1534,15.339999999996937,1.0,0.0,0.3899814059028445,-0.02377184629650825,0.20105635842166256,1.8083371752435706,-1.330897362022464,5.425836563110352,1.454307198524475,0
mujoco,slope_forward,1,1,1535,15.349999999996932,1.0,0.0,0.3937140000872489,-0.01776918280757416,0.19481690314721956,1.8192247749080819,-1.1433998342545892,4.781259059906006,1.0879076719284058,0
mujoco,slope_forward,1,1,1536,15.359999999996926,1.0,0.0,0.3963731614595537,-0.014470935378046682,0.1846090193663566,1.8207679454951702,-1.023895979671533,4.523509502410889,1.2670722007751465,0
mujoco,slope_forward,1,1,1537,15.36999999999692,1.0,0.0,0.39781313197288104,-0.011299355557022137,0.17872126193887836,1.7970889302267985,-0.72112225531793,4.148070335388184,0.8262616395950317,0
mujoco,slope_forward,1,1,1538,15.379999999996915,1.0,0.0,0.3979534220461971,-0.007682014538519638,0.17700482831071962,1.7853525962136163,-0.4498463029623908,4.3196306228637695,0.9638794660568237,0
mujoco,slope_forward,1,1,1539,15.38999999999691,1.0,0.0,0.39667225139284307,-0.002772862307818222,0.17710689603847718,1.7477848650462489,-0.2562569137716727,4.18863582611084,1.4254186153411865,0
mujoco,slope_forward,1,1,1540,15.399999999996904,1.0,0.0,0.3939760447144708,0.006494872561597603,0.17966965718964834,1.6884253378841785,0.1614469870944628,3.900960922241211,2.3324170112609863,0
mujoco,slope_forward,1,1,1541,15.409999999996899,1.0,0.0,0.39003835441789875,0.01722762388120825,0.17915281329837493,1.6698197206257872,0.5416833963905783,3.4413952827453613,1.52492356300354,0
mujoco,slope_forward,1,1,1542,15.419999999996893,1.0,0.0,0.38535489007918183,0.0256304136766434,0.17614357070680248,1.6830457626890114,0.729846395828283,2.6499714851379395,1.6243585348129272,0
mujoco,slope_forward,1,1,1543,15.429999999996888,1.0,0.0,0.38027366674357327,0.03152986019796657,0.1697546009612528,1.707777021779954,0.7292449710638249,2.808182954788208,1.6558873653411865,0
mujoco,slope_forward,1,1,1544,15.439999999996882,1.0,0.0,0.3750076360638308,0.03562596120293827,0.1622731198932761,1.7455826872944824,0.7626863203729563,3.1192259788513184,1.3500449657440186,0
mujoco,slope_forward,1,1,1545,15.449999999996876,1.0,0.0,0.3694523120369903,0.038996553541934785,0.15425455254429118,1.7593783056874046,0.6103714973845046,3.2872068881988525,0.3673402667045593,0
mujoco,slope_forward,1,1,1546,15.459999999996871,1.0,0.0,0.3634517220952462,0.04214423017461217,0.14813129567952169,1.7624347950714263,0.4829466287806593,2.842022180557251,0.603259801864624,0
mujoco,slope_forward,1,1,1547,15.469999999996865,1.0,0.0,0.35779704612573837,0.03884561207290116,0.1526626326751611,1.7024144724221422,-0.009242656484588802,2.960869073867798,0.8016972541809082,0
mujoco,slope_forward,1,1,1548,15.47999999999686,1.0,0.0,0.35336716046838673,0.02997887060361688,0.15813662331204445,1.6236876789120467,-0.3593542714562381,3.9042952060699463,1.4833507537841797,0
mujoco,slope_forward,1,1,1549,15.489999999996854,1.0,0.0,0.35051118284739635,0.014451330742172105,0.16138200216321516,1.5476928308898321,-0.6632270434228914,4.845621109008789,1.1741584539413452,0
mujoco,slope_forward,1,1,1550,15.499999999996849,1.0,0.0,0.3488654265396264,-0.004131473000217548,0.1577025667966368,1.4873268965424624,-0.5362440026184205,5.76252555847168,1.2435556650161743,0
mujoco,slope_forward,1,1,1551,15.509999999996843,1.0,0.0,0.3489246636317994,-0.012320760809340973,0.16193595924812232,1.447874249961716,-0.011542498301155425,6.5094194412231445,1.2648553848266602,0
mujoco,slope_forward,1,1,1552,15.519999999996838,1.0,0.0,0.35151235712967244,-0.010685900721206043,0.16731852316499088,1.4674651180166625,0.17496855770683792,7.199341773986816,1.458842396736145,0
mujoco,slope_forward,1,1,1553,15.529999999996832,1.0,0.0,0.35679252747645984,-0.008475950390278965,0.1705610392046348,1.4916993771829745,0.0970181276044501,7.5540971755981445,0.7184779644012451,0
mujoco,slope_forward,1,1,1554,15.539999999996827,1.0,0.0,0.36432852148130457,-0.005073848553246611,0.16837168376813252,1.5089112394288773,0.22926435970001777,8.316718101501465,1.0974009037017822,0
mujoco,slope_forward,1,1,1555,15.549999999996821,1.0,0.0,0.37276579372741725,-0.0015070894516911462,0.15840021472718782,1.5370326944875188,0.41900085201105125,7.544393539428711,1.9529997110366821,0
mujoco,slope_forward,1,1,1556,15.559999999996815,1.0,0.0,0.3807105878687348,-0.0028680505774997624,0.15513679473974512,1.5489907913623517,0.4349310308586813,5.571526527404785,3.7781872749328613,0
mujoco,slope_forward,1,1,1557,15.56999999999681,1.0,0.0,0.3878835971050123,-0.007531609936890435,0.17207103543758356,1.521013309297771,0.03192368197945189,2.8999385833740234,4.222833156585693,0
mujoco,slope_forward,1,1,1558,15.579999999996804,1.0,0.0,0.39364741986376545,-0.0073652060940255165,0.18849962160235428,1.4855159255752228,-0.013777165935845551,2.9803483486175537,2.720038890838623,0
mujoco,slope_forward,1,1,1559,15.589999999996799,1.0,0.0,0.39772100814500805,-0.002267632813250097,0.20539732266464972,1.4391423130615764,0.07164241168494927,4.47093391418457,1.9293678998947144,0
mujoco,slope_forward,1,1,1560,15.599999999996793,1.0,0.0,0.40002802772377516,0.00875593451867948,0.21485863543625736,1.4173066646145824,0.3350839352831394,4.607692241668701,1.1667912006378174,0
mujoco,slope_forward,1,1,1561,15.609999999996788,1.0,0.0,0.40113341324253954,0.019111834894425493,0.22278680087770691,1.3763556577689926,0.43593216190292283,5.510085582733154,2.4650473594665527,0
mujoco,slope_forward,1,1,1562,15.619999999996782,1.0,0.0,0.40135722000420726,0.01883548136716003,0.215809339511282,1.436058654818581,1.0884110943278706,5.4221086502075195,4.030972480773926,0
mujoco,slope_forward,1,1,1563,15.629999999996777,1.0,0.0,0.40124226866979795,0.014862473854332642,0.20879624977824454,1.4625170942725296,1.4154171259272177,5.312702178955078,2.152998208999634,0
mujoco,slope_forward,1,1,1564,15.639999999996771,1.0,0.0,0.4008696828265209,0.011724379244016144,0.2032999045187443,1.4729047707663434,1.4246334595022616,5.904548168182373,0.8862914443016052,0
mujoco,slope_forward,1,1,1565,15.649999999996766,1.0,0.0,0.4001505306386331,0.007285933421963764,0.20279744177697467,1.491219904908792,1.4729303913458878,5.10067892074585,1.0954917669296265,0
mujoco,slope_forward,1,1,1566,15.65999999999676,1.0,0.0,0.3990339392827785,-0.00040101876082544534,0.20631765147237413,1.4638528521418406,1.201798628707546,5.224369049072266,0.674930989742279,0
mujoco,slope_forward,1,1,1567,15.669999999996755,1.0,0.0,0.3981710604265353,-0.014823932620329053,0.2116875338809508,1.441969454733016,1.1168319312320856,5.152195930480957,0.6484677195549011,0
mujoco,slope_forward,1,1,1568,15.679999999996749,1.0,0.0,0.3977382320786187,-0.03253149895793743,0.21423172388086031,1.4060383181071516,1.0464663912723617,5.650866985321045,1.1162588596343994,0
mujoco,slope_forward,1,1,1569,15.689999999996743,1.0,0.0,0.39732364330924325,-0.049914621507364414,0.21341353862607174,1.3882786980305368,1.066652454626404,5.508577823638916,0.84154212474823,0
mujoco,slope_forward,1,1,1570,15.699999999996738,1.0,0.0,0.3961991506181456,-0.06406260569983567,0.2093059483291145,1.3944372616391252,1.0082143877566927,4.7250189781188965,1.9182173013687134,0
mujoco,slope_forward,1,1,1571,15.709999999996732,1.0,0.0,0.3939624217448279,-0.07603564423007937,0.21331039085019235,1.402108037979678,0.28815449635343443,3.5060393810272217,3.370267629623413,0
mujoco,slope_forward,1,1,1572,15.719999999996727,1.0,0.0,0.39056864005866115,-0.0923126722203595,0.21708803058450793,1.4074664551888107,-0.5724483220988891,3.6304266452789307,1.3404613733291626,0
mujoco,slope_forward,1,1,1573,15.729999999996721,1.0,0.0,0.386159978651578,-0.11246201324103203,0.22123758586374365,1.4179665987645804,-0.9105962893275336,4.295355319976807,1.1589306592941284,0
mujoco,slope_forward,1,1,1574,15.739999999996716,1.0,0.0,0.38234776502161766,-0.11977990361198163,0.23147082537369892,1.4415595708453472,-0.3347048413231095,5.655764102935791,2.1446750164031982,0
mujoco,slope_forward,1,1,1575,15.74999999999671,1.0,0.0,0.3802763685422259,-0.11222285039133216,0.24798444586058,1.5100642334891932,-0.061944589496529215,5.838371753692627,1.343171238899231,0
mujoco,slope_forward,1,1,1576,15.759999999996705,1.0,0.0,0.38017119756574225,-0.09664726181280046,0.2676158264017405,1.597876319443262,0.0023499759799463565,6.256521701812744,1.683298945426941,0
mujoco,slope_forward,1,1,1577,15.769999999996699,1.0,0.0,0.3818054924488192,-0.07767875450215354,0.2819111544503574,1.6971832074114341,-0.12097858769777534,6.488609790802002,0.9501214027404785,0
mujoco,slope_forward,1,1,1578,15.779999999996694,1.0,0.0,0.38453090531521966,-0.05937550169439563,0.28516802200432123,1.7881312106876424,-0.3075146880637825,6.185588359832764,0.9317482709884644,0
mujoco,slope_forward,1,1,1579,15.789999999996688,1.0,0.0,0.3876220769655067,-0.043929197339057334,0.27996746657375976,1.8494448491480795,-0.5806577431079181,5.796192646026611,1.0921319723129272,0
mujoco,slope_forward,1,1,1580,15.799999999996682,1.0,0.0,0.3904030794934202,-0.03209503398728403,0.2689627913255369,1.888242835289508,-0.7903921025307411,5.373915195465088,0.9248963594436646,0
mujoco,slope_forward,1,1,1581,15.809999999996677,1.0,0.0,0.3924723300665565,-0.021800284467078577,0.2582503376016422,1.9037573389260576,-0.7921875365975535,5.051170825958252,1.0656312704086304,0
mujoco,slope_forward,1,1,1582,15.819999999996671,1.0,0.0,0.39362243525228185,-0.011764789551283246,0.2517132358579742,1.911333457420355,-0.5844568401882196,4.959251880645752,0.911042332649231,0
mujoco,slope_forward,1,1,1583,15.829999999996666,1.0,0.0,0.39334826589695004,-0.0034386214120995687,0.2462960987714258,1.8920947226369855,-0.27814178646886895,4.946354866027832,0.8859796524047852,0
mujoco,slope_forward,1,1,1584,15.83999999999666,1.0,0.0,0.3914440895461916,0.006153017845649863,0.24205877607319137,1.8461321749652229,0.04405486621082467,4.571848392486572,0.9150177240371704,0
mujoco,slope_forward,1,1,1585,15.849999999996655,1.0,0.0,0.38807090213410733,0.019533801705407756,0.24096442107665628,1.7944028075937881,0.4554196634378918,4.094235897064209,1.4696863889694214,0
mujoco,slope_forward,1,1,1586,15.85999999999665,1.0,0.0,0.3833915779195507,0.037039449451773294,0.24166020521297255,1.735403531590051,0.8302040368806591,4.101149559020996,2.022157907485962,0
mujoco,slope_forward,1,1,1587,15.869999999996644,1.0,0.0,0.37772328567493835,0.0547395772884799,0.23559219487323096,1.726570628762225,1.0952646543519442,3.9061429500579834,1.784203052520752,0
mujoco,slope_forward,1,1,1588,15.879999999996638,1.0,0.0,0.3716830446935909,0.06562455294016623,0.23012201490652484,1.7474315946631223,1.1533542625618687,3.8604507446289062,1.8667230606079102,0
mujoco,slope_forward,1,1,1589,15.889999999996633,1.0,0.0,0.3653784304554645,0.07354393861694507,0.2164521222402026,1.779983108751959,1.1826176888823627,4.091027736663818,1.523331880569458,0
mujoco,slope_forward,1,1,1590,15.899999999996627,1.0,0.0,0.3600775360333908,0.07041525340883453,0.21528224398380338,1.7437785957358218,0.608353670265475,4.377774238586426,1.1534442901611328,0
mujoco,slope_forward,1,1,1591,15.909999999996622,1.0,0.0,0.35684446399642444,0.05820496565528534,0.22146273113187212,1.6295690519852748,0.09059094304419985,5.049200534820557,1.7221375703811646,0
mujoco,slope_forward,1,1,1592,15.919999999996616,1.0,0.0,0.35599791999987823,0.03900009214168481,0.22846410073358178,1.519682027402209,-0.11576624151101991,5.558809757232666,0.8062646985054016,0
mujoco,slope_forward,1,1,1593,15.92999999999661,1.0,0.0,0.35713974847915586,0.015853178687359724,0.22868981462619498,1.4187063221417098,-0.05919884777086121,5.63742208480835,0.6462726593017578,0
mujoco,slope_forward,1,1,1594,15.939999999996605,1.0,0.0,0.3597165436002399,-0.009837039734431929,0.2223716853027903,1.3508999850431944,0.055420294055320556,5.114931583404541,1.1268514394760132,0
mujoco,slope_forward,1,1,1595,15.9499999999966,1.0,0.0,0.3629661432857363,-0.033636534507900696,0.20825738425288012,1.288624637664389,0.15136635835561335,5.251311779022217,1.3639633655548096,0
mujoco,slope_forward,1,1,1596,15.959999999996594,1.0,0.0,0.36592875950669945,-0.05035209264824809,0.18579800028797108,1.2763462080785775,0.3355168665024757,4.773643493652344,1.9964667558670044,0
mujoco,slope_forward,1,1,1597,15.969999999996588,1.0,0.0,0.3677202145850755,-0.06464634602206769,0.172068939395014,1.289241977369989,0.1843769379490219,4.083750247955322,2.5941638946533203,0
mujoco,slope_forward,1,1,1598,15.979999999996583,1.0,0.0,0.3695103627403863,-0.06961256731805257,0.1762565702952372,1.3142224484909872,0.3449620781914542,5.131431579589844,2.63030743598938,0
mujoco,slope_forward,1,1,1599,15.989999999996577,1.0,0.0,0.372562746614375,-0.06118826425076268,0.17434268284390878,1.3964576196547196,0.5689630816021233,6.156045913696289,1.8465999364852905,0
mujoco,slope_forward,1,1,1600,15.999999999996572,1.0,0.0,0.377003950763163,-0.04974622215526147,0.17356160495075856,1.4730143415137353,0.30110002501022054,5.795659065246582,1.3648313283920288,0
mujoco,slope_forward,1,1,1601,16.009999999996584,1.0,0.0,0.3817998669992081,-0.039280359352144974,0.1751636051933336,1.5397474120195414,-0.1823628186888766,5.680074214935303,2.298851251602173,0
mujoco,slope_forward,1,1,1602,16.019999999996596,1.0,0.0,0.3865590034253651,-0.030887546364257664,0.17956894780356805,1.5969633857301235,-0.8700198328517962,6.326906204223633,2.0939598083496094,0
mujoco,slope_forward,1,1,1603,16.02999999999661,1.0,0.0,0.3912488532499864,-0.023818920838057797,0.17723489734760373,1.6429350858385976,-1.3519333792601123,6.363263130187988,1.4899846315383911,0
mujoco,slope_forward,1,1,1604,16.03999999999662,1.0,0.0,0.3955174382026033,-0.017080173762242922,0.16759372490655872,1.6789167485429761,-1.3192244375193096,5.493142127990723,1.207289218902588,0
mujoco,slope_forward,1,1,1605,16.049999999996633,1.0,0.0,0.39919220337675054,-0.010432269131406345,0.16085363256598173,1.6924566595782256,-1.044999916326271,4.698218822479248,1.1123296022415161,0
mujoco,slope_forward,1,1,1606,16.059999999996645,1.0,0.0,0.4016631033566209,-0.006494582562200296,0.15418925792923216,1.6873641177534249,-0.6901015459673769,4.294665813446045,0.9526118636131287,0
mujoco,slope_forward,1,1,1607,16.069999999996657,1.0,0.0,0.4026162296886263,-0.0036875088892276255,0.1524162021435623,1.65335449691322,-0.28485773173907936,4.212641716003418,1.1165366172790527,0
mujoco,slope_forward,1,1,1608,16.07999999999667,1.0,0.0,0.4020430964924457,0.0015947520371813403,0.1543846413763383,1.6156236493587002,0.08337667969315923,4.040287494659424,1.056370496749878,0
mujoco,slope_forward,1,1,1609,16.08999999999668,1.0,0.0,0.40003957261074086,0.011669554853172996,0.1589670215859209,1.5559511367026881,0.4134214434050787,4.098570346832275,1.9940367937088013,0
mujoco,slope_forward,1,1,1610,16.099999999996694,1.0,0.0,0.3968316097995231,0.023399104889939078,0.15714220848704616,1.5351752188420942,0.6009326246533788,3.46468448638916,1.8558310270309448,0
mujoco,slope_forward,1,1,1611,16.109999999996706,1.0,0.0,0.3930414506544502,0.030805729856061566,0.15506374476619253,1.5650103284727344,0.8074652509555181,2.4636471271514893,2.219376802444458,0
mujoco,slope_forward,1,1,1612,16.11999999999672,1.0,0.0,0.3888967625727061,0.03791865177355111,0.14717743061158722,1.5796821637203877,0.7294344415725326,2.8128671646118164,1.4481183290481567,0
mujoco,slope_forward,1,1,1613,16.12999999999673,1.0,0.0,0.384583273275013,0.042569981894879996,0.14000970033478208,1.6177862401142713,0.6825222558008663,3.114621162414551,1.2557674646377563,0
mujoco,slope_forward,1,1,1614,16.139999999996743,1.0,0.0,0.3799106452564607,0.047741732150729306,0.13159987973219953,1.627513569444884,0.5676301760899336,3.073935031890869,0.4018319845199585,0
mujoco,slope_forward,1,1,1615,16.149999999996755,1.0,0.0,0.37472498065186377,0.051593283291398506,0.12442947438822922,1.6432527849138903,0.41339471603102146,2.6576614379882812,0.8314328193664551,0
mujoco,slope_forward,1,1,1616,16.159999999996767,1.0,0.0,0.3692325319056142,0.05304732251126732,0.12315708498040256,1.6042387319022025,0.14408736751198312,2.4375243186950684,0.5828069448471069,0
mujoco,slope_forward,1,1,1617,16.16999999999678,1.0,0.0,0.36462445125977383,0.04720758844382218,0.1314980930662174,1.5247879208817323,-0.3488764290028444,2.8834726810455322,1.1151061058044434,0
mujoco,slope_forward,1,1,1618,16.17999999999679,1.0,0.0,0.3614155256213689,0.03555270695520339,0.13816511923766442,1.4400791126590713,-0.6457657387488482,4.093111991882324,1.3172260522842407,0
mujoco,slope_forward,1,1,1619,16.189999999996804,1.0,0.0,0.3595246985772994,0.020005606230722835,0.13881669772453284,1.3684001356354074,-0.8120734745293599,4.931399345397949,1.0226138830184937,0
mujoco,slope_forward,1,1,1620,16.199999999996816,1.0,0.0,0.35857403410537114,0.0019868995091291246,0.1362505359245712,1.3057911306248615,-0.77384251587663,5.363643169403076,0.770139217376709,0
mujoco,slope_forward,1,1,1621,16.20999999999683,1.0,0.0,0.35895935523882294,-0.006144645698123001,0.14151224134123608,1.2669059274125838,-0.2624582412789777,6.082114219665527,1.2147607803344727,0
mujoco,slope_forward,1,1,1622,16.21999999999684,1.0,0.0,0.3615378315040098,-0.003966580758701659,0.14771515456046855,1.287664489757571,-0.07788881492272322,6.653686046600342,1.344726800918579,0
mujoco,slope_forward,1,1,1623,16.229999999996853,1.0,0.0,0.3666638019210552,0.0005631199888444273,0.15295997727453106,1.315191030937295,0.03478852785106987,7.575238227844238,1.073272466659546,0
mujoco,slope_forward,1,1,1624,16.239999999996865,1.0,0.0,0.37394225014630317,0.005976525091628954,0.1518102362073959,1.3480767414971133,0.22398939889278102,8.309090614318848,0.9438842535018921,0
mujoco,slope_forward,1,1,1625,16.249999999996877,1.0,0.0,0.382131758307313,0.010248042668544356,0.14399991990317595,1.3859718518809259,0.42431713193003306,7.755875110626221,1.8666640520095825,0
mujoco,slope_forward,1,1,1626,16.25999999999689,1.0,0.0,0.3898917492882229,0.009191353753831382,0.14124378890340436,1.4069089175980907,0.29378422428466205,5.896265506744385,3.5728917121887207,0
mujoco,slope_forward,1,1,1627,16.2699999999969,1.0,0.0,0.3968839768232109,0.0043483183277006135,0.15740758919007858,1.3841115754219413,-0.1567884750110025,3.338265895843506,3.8864243030548096,0
mujoco,slope_forward,1,1,1628,16.279999999996914,1.0,0.0,0.40249518517268806,0.0030663663618972345,0.1741430815400292,1.3474869342769673,-0.2624608853036677,2.7865540981292725,2.819852352142334,0
mujoco,slope_forward,1,1,1629,16.289999999996926,1.0,0.0,0.4063828902874487,0.006560060207557348,0.19034664913989857,1.2967129183943524,-0.043260638511775196,4.302632808685303,2.5539968013763428,0
mujoco,slope_forward,1,1,1630,16.29999999999694,1.0,0.0,0.4084685900173467,0.015691566748183998,0.20176173468351946,1.2651070941526579,0.35113533351350085,4.735655307769775,1.1247056722640991,0
mujoco,slope_forward,1,1,1631,16.30999999999695,1.0,0.0,0.4092298885702299,0.025326614150363705,0.20921232139466756,1.2235104380641912,0.5385458469520187,5.337772846221924,2.534822702407837,0
mujoco,slope_forward,1,1,1632,16.319999999996963,1.0,0.0,0.40912168283408434,0.024400274659371297,0.20408399522483928,1.2889490636914054,1.1537928101230421,4.963554382324219,4.072483062744141,0
mujoco,slope_forward,1,1,1633,16.329999999996975,1.0,0.0,0.4086144224062539,0.021507699583519776,0.19727723321900492,1.302367684279963,1.4112649499164873,5.200300693511963,2.0452797412872314,0
mujoco,slope_forward,1,1,1634,16.339999999996987,1.0,0.0,0.40783116817525344,0.018554781358605457,0.19209917449628894,1.3235257294653122,1.4055282202533101,5.577803134918213,0.835839033126831,0
mujoco,slope_forward,1,1,1635,16.349999999997,1.0,0.0,0.40668505417134765,0.01487423798875873,0.19136015834397543,1.3248998934810763,1.3473223261561302,5.209283828735352,0.6943928003311157,0
mujoco,slope_forward,1,1,1636,16.35999999999701,1.0,0.0,0.4054618774905724,0.004966811917303529,0.19535519572053886,1.300731771836386,1.1479481114601753,5.2186598777771,0.8419129252433777,0
mujoco,slope_forward,1,1,1637,16.369999999997024,1.0,0.0,0.40479970673314386,-0.0102773461090565,0.20028177810332615,1.259064644610322,1.098998386490566,5.3500542640686035,0.7950577139854431,0
mujoco,slope_forward,1,1,1638,16.379999999997036,1.0,0.0,0.40480043981591807,-0.028680354873530836,0.20276743452798138,1.2178370480605962,1.0565714209586692,5.680088520050049,0.9171761274337769,0
mujoco,slope_forward,1,1,1639,16.38999999999705,1.0,0.0,0.40505351726340877,-0.047266360874597214,0.20180190825943795,1.186626069722575,1.1082951775834673,5.651732921600342,0.7958962321281433,0
mujoco,slope_forward,1,1,1640,16.39999999999706,1.0,0.0,0.4047407139748977,-0.0619159356281408,0.19676484988918844,1.1855889924995222,1.1479074182802738,5.02009916305542,1.678558111190796,0
mujoco,slope_forward,1,1,1641,16.409999999997073,1.0,0.0,0.40320607587202073,-0.07287410592693332,0.19763329551248518,1.2060564204250246,0.570089862819307,3.5822155475616455,3.795341730117798,0
mujoco,slope_forward,1,1,1642,16.419999999997085,1.0,0.0,0.4006142646705834,-0.08784220712629803,0.20186594364383115,1.2031757557057394,-0.37902110335070127,3.4977612495422363,1.6234490871429443,0
mujoco,slope_forward,1,1,1643,16.429999999997097,1.0,0.0,0.39677755796471337,-0.10657009076128646,0.20280187092502538,1.2150246410223675,-0.9980205751201917,4.094646453857422,1.0776928663253784,0
mujoco,slope_forward,1,1,1644,16.43999999999711,1.0,0.0,0.392331493829434,-0.12389505880584305,0.20577849900425246,1.2104163543114341,-0.7730530694270473,4.714304447174072,1.985202431678772,0
mujoco,slope_forward,1,1,1645,16.44999999999712,1.0,0.0,0.3887956502716371,-0.12269266536016864,0.21522831958032695,1.2443851547597786,-0.046166954781277865,6.00421142578125,1.4781795740127563,0
mujoco,slope_forward,1,1,1646,16.459999999997134,1.0,0.0,0.38720970192942755,-0.1102784200382595,0.23251163694684487,1.326036867296267,0.04111848455299129,6.311140060424805,1.8467422723770142,0
mujoco,slope_forward,1,1,1647,16.469999999997146,1.0,0.0,0.3875842088666412,-0.0919431979798012,0.24788804321405855,1.4238884137602763,-0.023205797713769155,6.7533698081970215,1.5257877111434937,0
mujoco,slope_forward,1,1,1648,16.47999999999716,1.0,0.0,0.3895556302816552,-0.0718111486417065,0.2544410133265852,1.5232281132592018,-0.33223045682826247,6.761198043823242,0.6991863250732422,0
mujoco,slope_forward,1,1,1649,16.48999999999717,1.0,0.0,0.3923250011493337,-0.053800851333080414,0.25065899942168735,1.6014863644256132,-0.672151106501194,6.236806869506836,1.068347692489624,0
mujoco,slope_forward,1,1,1650,16.499999999997183,1.0,0.0,0.39501478998503947,-0.038903668447969934,0.23977039586336407,1.6491322770727537,-0.8365875551262812,5.357424736022949,1.3706971406936646,0
mujoco,slope_forward,1,1,1651,16.509999999997195,1.0,0.0,0.39697952625937044,-0.02585986897302044,0.22983461520516907,1.6636727690497815,-0.7452217471326933,4.724809646606445,1.8028340339660645,0
mujoco,slope_forward,1,1,1652,16.519999999997207,1.0,0.0,0.3978291742506643,-0.014495425913625303,0.22639102941160225,1.6678813736227602,-0.37282712667343826,4.766984939575195,1.3609331846237183,0
mujoco,slope_forward,1,1,1653,16.52999999999722,1.0,0.0,0.39700991281026277,-0.003233004804178408,0.22505250735567378,1.6268616426997118,0.08579733952077487,4.738729476928711,1.2523163557052612,0
mujoco,slope_forward,1,1,1654,16.53999999999723,1.0,0.0,0.3945119480751854,0.011336582191703496,0.22743396797311236,1.567543788747355,0.5750536309836398,4.334862232208252,1.464516043663025,0
mujoco,slope_forward,1,1,1655,16.549999999997244,1.0,0.0,0.39055312869644127,0.03025120515501112,0.22846621749758608,1.5059923913324036,0.9096423463090397,4.211575031280518,1.9666026830673218,0
mujoco,slope_forward,1,1,1656,16.559999999997256,1.0,0.0,0.38556308884237417,0.04914052487579624,0.22298196268806417,1.493187203923818,1.1694688593294709,3.951200485229492,1.8839726448059082,0
mujoco,slope_forward,1,1,1657,16.56999999999727,1.0,0.0,0.38011184591369473,0.06167527805551577,0.21524523688682723,1.5143250771137315,1.2373571329228623,3.9856224060058594,1.9390581846237183,0
mujoco,slope_forward,1,1,1658,16.57999999999728,1.0,0.0,0.37455533406906527,0.06970721107446994,0.20280279829477701,1.5324102317364132,1.1875226503644272,4.323178291320801,1.5569370985031128,0
mujoco,slope_forward,1,1,1659,16.589999999997293,1.0,0.0,0.37048284960978806,0.06556177385802642,0.20508954278692648,1.472703799563392,0.4965405596026226,4.696077823638916,0.7990533709526062,0
mujoco,slope_forward,1,1,1660,16.599999999997305,1.0,0.0,0.36849442444187214,0.054426165226573446,0.2093874489098702,1.3675545346627995,0.16604296775413713,5.229011058807373,1.5340043306350708,0
mujoco,slope_forward,1,1,1661,16.609999999997317,1.0,0.0,0.36866956282898555,0.036767094236921226,0.21434418400852528,1.2648241721864575,-0.003500836670867166,5.596163272857666,0.6316018104553223,0
mujoco,slope_forward,1,1,1662,16.61999999999733,1.0,0.0,0.3705496718148807,0.016407033940895845,0.21296308281829376,1.1733762696190075,0.11302197776537913,5.583852291107178,0.7371568083763123,0
mujoco,slope_forward,1,1,1663,16.62999999999734,1.0,0.0,0.37352773099554243,-0.00576382052654748,0.20545030644186923,1.1172558129914645,0.21665036371141344,4.962521076202393,1.1674033403396606,0
mujoco,slope_forward,1,1,1664,16.639999999997354,1.0,0.0,0.37691060398336373,-0.02597799603467147,0.19132873444195053,1.062776630567086,0.29953558098626554,5.233819961547852,1.3240107297897339,0
mujoco,slope_forward,1,1,1665,16.649999999997366,1.0,0.0,0.3798654769982361,-0.0396721914547422,0.17044605214318112,1.0575694704780378,0.43384154128807734,4.8459014892578125,1.9030754566192627,0
mujoco,slope_forward,1,1,1666,16.65999999999738,1.0,0.0,0.3816492273995407,-0.05180480533877417,0.1568947936909196,1.0647810237784776,-0.003981268543969893,3.9986000061035156,2.377351760864258,0
mujoco,slope_forward,1,1,1667,16.66999999999739,1.0,0.0,0.3822963794570432,-0.0665822332569742,0.15067842061068326,1.079059492670346,-0.4980894606457483,4.111600875854492,1.2615900039672852,0
mujoco,slope_forward,1,1,1668,16.679999999997403,1.0,0.0,0.38268156674779163,-0.07529805816356527,0.1500181090125669,1.1079015437399704,-0.4803734637126611,4.808452129364014,1.335741400718689,0
mujoco,slope_forward,1,1,1669,16.689999999997415,1.0,0.0,0.3842585922680466,-0.07401146116683688,0.15491052717700315,1.1776418239464193,-0.37535121800845156,5.847184658050537,1.5538452863693237,0
mujoco,slope_forward,1,1,1670,16.699999999997427,1.0,0.0,0.3871526901524212,-0.06853738736036452,0.15910665831500775,1.2692473300625997,-0.4571831161113382,6.059185981750488,1.3447513580322266,0
mujoco,slope_forward,1,1,1671,16.70999999999744,1.0,0.0,0.39101809980818225,-0.0617633022934511,0.162945708969973,1.338933224981777,-0.6510743308107114,5.831543922424316,1.2109969854354858,0
mujoco,slope_forward,1,1,1672,16.71999999999745,1.0,0.0,0.39543505655754096,-0.053412105089111137,0.16284828877328764,1.4020868142679475,-0.8796257813318826,5.892942428588867,1.2588059902191162,0
mujoco,slope_forward,1,1,1673,16.729999999997464,1.0,0.0,0.3999877703742418,-0.04539779453493278,0.15750844344130638,1.453743481559725,-1.061445729627607,5.4777984619140625,0.6410955786705017,0
mujoco,slope_forward,1,1,1674,16.739999999997476,1.0,0.0,0.4042578169333587,-0.038872338893923414,0.14994487923666613,1.4822443370023666,-1.024333353471473,4.575238227844238,1.1361888647079468,0
mujoco,slope_forward,1,1,1675,16.74999999999749,1.0,0.0,0.40766378052093444,-0.03426202500004323,0.1445458850635016,1.4935060093220438,-0.724153299862685,4.184391975402832,1.4855334758758545,0
mujoco,slope_forward,1,1,1676,16.7599999999975,1.0,0.0,0.40974631221594093,-0.03206027627590347,0.14527175820301222,1.4868683185588558,-0.2568105012613544,4.499492168426514,1.6386326551437378,0
mujoco,slope_forward,1,1,1677,16.769999999997513,1.0,0.0,0.41005281552506656,-0.02876019638311675,0.14773554488724344,1.4369308032892478,0.1463412793040072,4.511364459991455,1.4952845573425293,0
mujoco,slope_forward,1,1,1678,16.779999999997525,1.0,0.0,0.4087409012945743,-0.020705682905742307,0.1549286590745906,1.374129981094926,0.5578714436669304,4.53668737411499,2.0302398204803467,0
mujoco,slope_forward,1,1,1679,16.789999999997537,1.0,0.0,0.4061251611196579,-0.009365516510597178,0.15251048197304798,1.3521692612792917,0.8071330754403436,3.826319932937622,2.380436658859253,0
mujoco,slope_forward,1,1,1680,16.79999999999755,1.0,0.0,0.4029993402310807,-0.0033532445777225395,0.15279763908617197,1.3820249814384393,0.9911500895536499,3.1061666011810303,2.4096691608428955,0
mujoco,slope_forward,1,1,1681,16.80999999999756,1.0,0.0,0.3994751276083945,0.0025756595982143154,0.14270796316619577,1.4041063771799247,1.0116668486193015,3.314095973968506,1.7130959033966064,0
mujoco,slope_forward,1,1,1682,16.819999999997574,1.0,0.0,0.3959032175761404,0.005296355627172672,0.13929390081724052,1.426862105350054,0.887403490053562,3.53782320022583,1.2997305393218994,0
mujoco,slope_forward,1,1,1683,16.829999999997586,1.0,0.0,0.3919134111445671,0.009603241168581892,0.13147501057660874,1.4384600558545395,0.8928436613031235,3.5212759971618652,0.7798607349395752,0
mujoco,slope_forward,1,1,1684,16.839999999997598,1.0,0.0,0.3874667980758291,0.012088694552967022,0.12805446201746154,1.451707752261741,0.6595291798051929,3.034558057785034,1.0965397357940674,0
mujoco,slope_forward,1,1,1685,16.84999999999761,1.0,0.0,0.38226075962462164,0.017280417096786137,0.12305692583556223,1.4410608977016732,0.6760822516427415,2.9711780548095703,0.8942061066627502,0
mujoco,slope_forward,1,1,1686,16.859999999997623,1.0,0.0,0.37695240968598054,0.014637310190183935,0.12590891522514958,1.4100184431047793,0.11992317396232563,2.8360583782196045,0.8132060766220093,0
mujoco,slope_forward,1,1,1687,16.869999999997635,1.0,0.0,0.3725752122368395,0.005105285943578549,0.1327905900120802,1.3253642100188658,-0.20015819249431793,4.153367042541504,1.9419118165969849,0
mujoco,slope_forward,1,1,1688,16.879999999997647,1.0,0.0,0.36951928559859903,-0.010452488598509281,0.13537774256183407,1.2555131740102257,-0.6040702667285807,5.076484203338623,1.2613710165023804,0
mujoco,slope_forward,1,1,1689,16.88999999999766,1.0,0.0,0.36761990985288073,-0.029417195443217404,0.1350501598708916,1.1809184626889826,-0.7308548511125876,5.546586513519287,0.9176110029220581,0
mujoco,slope_forward,1,1,1690,16.89999999999767,1.0,0.0,0.36730161584360227,-0.03840830674433724,0.14285637737141776,1.1287715713455035,-0.40054815456788123,6.143465042114258,0.9507487416267395,0
mujoco,slope_forward,1,1,1691,16.909999999997684,1.0,0.0,0.36944527325682736,-0.03639866256780698,0.15145402497942015,1.1374053559289083,-0.22015730243683,6.903347969055176,1.3649210929870605,0
mujoco,slope_forward,1,1,1692,16.919999999997696,1.0,0.0,0.37431557365861745,-0.032754142934805774,0.15856619278680875,1.155785289365372,-0.13395357402801691,7.451099872589111,0.8896964192390442,0
mujoco,slope_forward,1,1,1693,16.929999999997708,1.0,0.0,0.3810380298780632,-0.02678255415584732,0.15903787756708124,1.1745766108254405,0.22324977954501737,7.664707183837891,1.198334813117981,0
mujoco,slope_forward,1,1,1694,16.93999999999772,1.0,0.0,0.3878445771788888,-0.024838656013270146,0.15482468548592138,1.2052184356191455,0.438057282239079,5.917293071746826,3.2289950847625732,0
mujoco,slope_forward,1,1,1695,16.949999999997733,1.0,0.0,0.39372187992289154,-0.027820025619495176,0.16733995671186674,1.1800215433470236,0.2376062889590002,3.246706008911133,4.1772379875183105,0
mujoco,slope_forward,1,1,1696,16.959999999997745,1.0,0.0,0.39833174920335496,-0.02785957382148676,0.1863262588447381,1.1492514931451716,0.10857463948496146,2.9719133377075195,3.401959180831909,0
mujoco,slope_forward,1,1,1697,16.969999999997757,1.0,0.0,0.4013500569991354,-0.023186678587795377,0.20371825732756715,1.1089106435542198,0.08343776344978864,4.251510143280029,1.6121928691864014,0
mujoco,slope_forward,1,1,1698,16.97999999999777,1.0,0.0,0.40272213312036026,-0.012957865348237535,0.21474309223663782,1.0776197449802039,0.26079751143982766,4.876611709594727,1.4268571138381958,0
mujoco,slope_forward,1,1,1699,16.98999999999778,1.0,0.0,0.40291970728182774,-0.0030043604564582104,0.21960208478558707,1.0467560880280913,0.5596100489445246,5.926192760467529,2.867638111114502,0
mujoco,slope_forward,1,1,1700,16.999999999997794,1.0,0.0,0.40231685371656706,-0.00408195365353587,0.21377974908276465,1.1164783711452273,1.2677667918214381,5.756081581115723,4.025386810302734,0
mujoco,slope_forward,1,1,1701,17.009999999997806,1.0,0.0,0.40130364601760155,-0.007438993298749689,0.2077647154040551,1.1261838976835183,1.542246644350138,5.861940383911133,1.8817397356033325,0
mujoco,slope_forward,1,1,1702,17.019999999997818,1.0,0.0,0.3999871246152387,-0.01067136198312903,0.20412959622780855,1.1291360893840534,1.584026419950227,6.569404125213623,0.8007968068122864,0
mujoco,slope_forward,1,1,1703,17.02999999999783,1.0,0.0,0.3982850678412153,-0.015089846785190514,0.20506071768560008,1.1416384310769285,1.5580409264465103,5.723452568054199,1.0218528509140015,0
mujoco,slope_forward,1,1,1704,17.039999999997843,1.0,0.0,0.3966728411379127,-0.026652233104743468,0.20893929696934793,1.1089702566911541,1.3139323924764228,5.751425743103027,0.4980194866657257,0
mujoco,slope_forward,1,1,1705,17.049999999997855,1.0,0.0,0.3955694964648516,-0.042433821694163834,0.21414350473465546,1.0651935371008647,1.2339126617076528,5.659470081329346,0.8423473238945007,0
mujoco,slope_forward,1,1,1706,17.059999999997867,1.0,0.0,0.39451956241762365,-0.05871088937587014,0.21613613042941993,1.039340610749173,1.1776578882666118,5.509936332702637,0.7685487270355225,0
mujoco,slope_forward,1,1,1707,17.06999999999788,1.0,0.0,0.3928223719966003,-0.07293858811559725,0.21553728490100502,1.041770635084132,1.1706714873324937,5.034121036529541,1.3295570611953735,0
mujoco,slope_forward,1,1,1708,17.07999999999789,1.0,0.0,0.39010944842570083,-0.08590481075896161,0.21692918891692792,1.0710318837207964,0.7412798640520808,3.8248486518859863,2.976027011871338,0
mujoco,slope_forward,1,1,1709,17.089999999997904,1.0,0.0,0.38635199970899886,-0.09918695949039487,0.2242255593466753,1.0636948682226715,-0.25498069255560085,3.848741292953491,1.7666518688201904,0
mujoco,slope_forward,1,1,1710,17.099999999997916,1.0,0.0,0.3815872438325103,-0.11650779261345014,0.23192244905614126,1.0841228687757274,-0.7295324377774488,4.175200939178467,1.121663212776184,0
mujoco,slope_forward,1,1,1711,17.109999999997928,1.0,0.0,0.377356671931945,-0.12473853083271563,0.24747364717681994,1.112472968147888,-0.4442127438665764,5.577111721038818,1.8406378030776978,0
mujoco,slope_forward,1,1,1712,17.11999999999794,1.0,0.0,0.37477299818478144,-0.11804267326356974,0.26545083971181477,1.1814860679906312,-0.14794272435850084,5.822441101074219,0.8745943903923035,0
mujoco,slope_forward,1,1,1713,17.129999999997953,1.0,0.0,0.374168464575412,-0.10309267616544424,0.2887045056734594,1.2700840108970841,-0.06735390272863746,5.955882549285889,1.6594361066818237,0
mujoco,slope_forward,1,1,1714,17.139999999997965,1.0,0.0,0.37527999741014095,-0.08394031766699114,0.307375044536774,1.3742221154005203,0.0036970458210764303,6.134183883666992,0.8946766257286072,0
mujoco,slope_forward,1,1,1715,17.149999999997977,1.0,0.0,0.3776330020535487,-0.06437867366925584,0.31752595882699436,1.4754855586712958,-0.059613364496047434,6.0289812088012695,0.7286424040794373,0
mujoco,slope_forward,1,1,1716,17.15999999999799,1.0,0.0,0.38057797577757685,-0.04719951818842105,0.31877153346967707,1.5552615563313674,-0.23914769613174713,5.808280944824219,1.1058509349822998,0
mujoco,slope_forward,1,1,1717,17.169999999998,1.0,0.0,0.3835409459888781,-0.03364647230294209,0.3131017375879326,1.6085976026549755,-0.515379489273856,5.623928546905518,0.9077492952346802,0
mujoco,slope_forward,1,1,1718,17.179999999998014,1.0,0.0,0.3860605661629808,-0.023466263331725346,0.30178251669560624,1.6468963512495745,-0.736704059686458,5.563481330871582,0.5459212064743042,0
mujoco,slope_forward,1,1,1719,17.189999999998026,1.0,0.0,0.3879359644935108,-0.01460951402964898,0.2898778528720659,1.6644242146669777,-0.845323757964612,5.393467903137207,0.5881505608558655,0
mujoco,slope_forward,1,1,1720,17.199999999998038,1.0,0.0,0.3889302568880483,-0.006716119607768272,0.2793492195285895,1.6746008526897005,-0.7474338028425827,5.108713626861572,0.8202617168426514,0
mujoco,slope_forward,1,1,1721,17.20999999999805,1.0,0.0,0.3886105723251121,-0.0006470327645139027,0.2705409188963667,1.6622351369106136,-0.46274956069611883,4.877114772796631,0.9183892607688904,0
mujoco,slope_forward,1,1,1722,17.219999999998063,1.0,0.0,0.3867111448774648,0.006485341926998879,0.2634648521464009,1.6195760964792958,-0.1503471503366307,4.5947089195251465,0.8963557481765747,0
mujoco,slope_forward,1,1,1723,17.229999999998075,1.0,0.0,0.3833561925247633,0.01723615924688091,0.2599213022333001,1.5726220119728198,0.2518069727268768,4.130943775177002,1.2278691530227661,0
mujoco,slope_forward,1,1,1724,17.239999999998087,1.0,0.0,0.378682329987633,0.03221115614986001,0.25927874256481365,1.5183706283729286,0.6681323926373967,3.9336585998535156,1.687304139137268,0
mujoco,slope_forward,1,1,1725,17.2499999999981,1.0,0.0,0.3728435212728525,0.04998650618570839,0.25580556633635515,1.4769943932332812,0.9832576929249993,4.127738952636719,1.8034392595291138,0
mujoco,slope_forward,1,1,1726,17.25999999999811,1.0,0.0,0.36637974252640076,0.0629660111430403,0.24921711637606753,1.4956677633016926,1.0967939595352574,3.77237606048584,2.0808138847351074,0
mujoco,slope_forward,1,1,1727,17.269999999998124,1.0,0.0,0.3596042593509586,0.07156133567584234,0.23763707814884732,1.5187546918050967,1.1448730069818573,3.9788618087768555,1.4154764413833618,0
mujoco,slope_forward,1,1,1728,17.279999999998136,1.0,0.0,0.35365823740259145,0.06985796138011817,0.23418484491444558,1.4898917000816518,0.6950249131732761,4.226814270019531,1.1952322721481323,0
mujoco,slope_forward,1,1,1729,17.289999999998148,1.0,0.0,0.3499150925848398,0.058278526820894606,0.2416160244921844,1.352721035589524,0.09062025345355948,4.9002275466918945,1.4425928592681885,0
mujoco,slope_forward,1,1,1730,17.29999999999816,1.0,0.0,0.3486804331068453,0.03922001828010353,0.24932823444385147,1.2098363112713875,-0.19454519927266584,5.59539794921875,0.9228771328926086,0
mujoco,slope_forward,1,1,1731,17.309999999998173,1.0,0.0,0.34964258268668696,0.015649054936621287,0.2523490408621818,1.077532602677501,-0.18581318428591875,5.671853065490723,0.5554772615432739,0
mujoco,slope_forward,1,1,1732,17.319999999998185,1.0,0.0,0.35222919225734717,-0.010167326221601176,0.24832880003960567,0.9760971519333814,-0.09165698235318225,5.263152599334717,0.9030510187149048,0
mujoco,slope_forward,1,1,1733,17.329999999998197,1.0,0.0,0.3558152359177455,-0.03665378496708635,0.2387589437744967,0.8980418889507272,-0.007308013013480827,5.115769386291504,1.147740125656128,0
mujoco,slope_forward,1,1,1734,17.33999999999821,1.0,0.0,0.35957087307283564,-0.05827908607052157,0.21986548634307201,0.852279354234927,0.20342647323781904,5.227123737335205,1.6448709964752197,0
mujoco,slope_forward,1,1,1735,17.34999999999822,1.0,0.0,0.36257573693043027,-0.07324650400705592,0.19880743640202697,0.8643454214907972,0.3134180507600566,4.51519250869751,2.6122617721557617,0
mujoco,slope_forward,1,1,1736,17.359999999998234,1.0,0.0,0.36474866587051596,-0.08092157423426455,0.19664220820386374,0.8748683864125807,0.30411077693255306,4.423120498657227,1.1065632104873657,0
mujoco,slope_forward,1,1,1737,17.369999999998246,1.0,0.0,0.36772429185687455,-0.07664152328781343,0.19937461526685343,0.9383052125022927,0.6950764640841298,6.137661457061768,3.4690213203430176,0
mujoco,slope_forward,1,1,1738,17.379999999998258,1.0,0.0,0.3720749225492407,-0.06469913291314777,0.19676527587398593,1.0288334748075143,0.7011836532425892,6.025691509246826,1.2594094276428223,0
mujoco,slope_forward,1,1,1739,17.38999999999827,1.0,0.0,0.3769145528571053,-0.05369551586145197,0.1983914264561399,1.1021184576725742,0.14730764170823235,5.274555683135986,2.87526273727417,0
mujoco,slope_forward,1,1,1740,17.399999999998283,1.0,0.0,0.38160481247955397,-0.04403186114301924,0.20701425101411558,1.1847866900344224,-0.4324991031849392,6.478540897369385,3.1430797576904297,0
mujoco,slope_forward,1,1,1741,17.409999999998295,1.0,0.0,0.3864660499480259,-0.03880917250621734,0.21328777534596155,1.2438124936735548,-1.1744233559778663,6.704687595367432,1.7128980159759521,0
mujoco,slope_forward,1,1,1742,17.419999999998307,1.0,0.0,0.39104176969253085,-0.034665238787109524,0.20625614182031177,1.295517842056657,-1.2534916902716582,5.959011077880859,1.2212833166122437,0
mujoco,slope_forward,1,1,1743,17.42999999999832,1.0,0.0,0.395203271603381,-0.031202923892883636,0.19977353162400846,1.315195109150549,-1.1931098631597532,4.948599338531494,1.410352110862732,0
mujoco,slope_forward,1,1,1744,17.43999999999833,1.0,0.0,0.3986934645656248,-0.02798019219550037,0.19130776135058913,1.3332839274086499,-0.9758754440828786,4.533937931060791,1.1496707201004028,0
mujoco,slope_forward,1,1,1745,17.449999999998344,1.0,0.0,0.401208567070838,-0.027009923253053948,0.1852165831947709,1.338091295183363,-0.7549000288249559,4.2734832763671875,0.8383451104164124,0
mujoco,slope_forward,1,1,1746,17.459999999998356,1.0,0.0,0.40237058615956955,-0.027164354636128697,0.18099807747154945,1.3220451443585064,-0.6050904926694124,4.388574123382568,0.5125829577445984,0
mujoco,slope_forward,1,1,1747,17.469999999998368,1.0,0.0,0.40218005104232596,-0.025465721213327887,0.17903131705521666,1.2954208728699375,-0.4278759602291846,4.163788318634033,1.00802743434906,0
mujoco,slope_forward,1,1,1748,17.47999999999838,1.0,0.0,0.4005215053651306,-0.021493573860903354,0.1777804220034479,1.2524496082276284,-0.06469738257492517,3.929840326309204,1.8948166370391846,0
mujoco,slope_forward,1,1,1749,17.489999999998393,1.0,0.0,0.3974895800529333,-0.013292475229174282,0.1822405412274535,1.1857832340503631,0.41457439085326137,4.153954029083252,2.4840424060821533,0
mujoco,slope_forward,1,1,1750,17.499999999998405,1.0,0.0,0.39328516038571193,-0.0036305905086579135,0.17659746987884586,1.1983096443652737,0.7553709894807105,3.1248128414154053,1.8303093910217285,0
mujoco,slope_forward,1,1,1751,17.509999999998417,1.0,0.0,0.3886384537201233,0.0009472936749924401,0.17717513381426914,1.2052592773257067,0.7897698873693249,3.1375362873077393,1.7263591289520264,0
mujoco,slope_forward,1,1,1752,17.51999999999843,1.0,0.0,0.3835474453003245,0.004729485788894658,0.16560331217744323,1.25218322825436,0.926553546646777,2.857126235961914,2.0708844661712646,0
mujoco,slope_forward,1,1,1753,17.52999999999844,1.0,0.0,0.3784103357865896,0.005080881429256434,0.16239320971120585,1.2641597253799832,0.7591933389595428,3.2740893363952637,1.237650752067566,0
mujoco,slope_forward,1,1,1754,17.539999999998454,1.0,0.0,0.37279243442904997,0.00794991596180289,0.1533093517451283,1.2785999013871399,0.8564009580478487,3.1718475818634033,0.8806197047233582,0
mujoco,slope_forward,1,1,1755,17.549999999998466,1.0,0.0,0.36673806722877195,0.009756830221337281,0.15010223675619158,1.288119367773947,0.6676903617097301,2.953425884246826,0.8665393590927124,0
mujoco,slope_forward,1,1,1756,17.559999999998478,1.0,0.0,0.3600366588794571,0.012818320704640283,0.14569882775954696,1.2633093442182395,0.6003471938158798,3.017047882080078,0.9069541096687317,0
mujoco,slope_forward,1,1,1757,17.56999999999849,1.0,0.0,0.3540628914577132,0.004604747677124751,0.15391812039684483,1.1878206819165718,-0.11210927724736712,3.4408442974090576,0.964512288570404,0
mujoco,slope_forward,1,1,1758,17.579999999998503,1.0,0.0,0.3496233125031309,-0.012527519401779626,0.1578816041779656,1.098034234568584,-0.3642968681779333,5.597412586212158,2.5148699283599854,0
mujoco,slope_forward,1,1,1759,17.589999999998515,1.0,0.0,0.34739048449955523,-0.025247141847299284,0.16749482834031276,1.0158544322881116,-0.16390957464530556,6.3855977058410645,1.1227115392684937,0
mujoco,slope_forward,1,1,1760,17.599999999998527,1.0,0.0,0.3482353718375652,-0.028056408101327073,0.17879944884821294,1.0019383040520935,0.07167647373222524,7.561025142669678,1.8140552043914795,0
mujoco,slope_forward,1,1,1761,17.60999999999854,1.0,0.0,0.3523296922693965,-0.02857400222509297,0.18562348453858066,1.002454278330579,-0.09736514295173661,7.718930721282959,0.8040567636489868,0
mujoco,slope_forward,1,1,1762,17.61999999999855,1.0,0.0,0.35921702057932225,-0.029295518107969775,0.18999972179939748,0.9685922160513969,-0.11342336570798486,7.931282997131348,1.2055566310882568,0
mujoco,slope_forward,1,1,1763,17.629999999998564,1.0,0.0,0.36737221218555605,-0.028693479944875807,0.18487520088979287,0.9270213969776936,0.15309968607409252,7.1168599128723145,1.938612699508667,0
mujoco,slope_forward,1,1,1764,17.639999999998576,1.0,0.0,0.3749888386813528,-0.029650926461246438,0.18424578276688838,0.8913374510469327,0.7158942517020214,4.660580635070801,4.652105331420898,0
mujoco,slope_forward,1,1,1765,17.649999999998588,1.0,0.0,0.3816052908369135,-0.032466394593987195,0.19708296147630913,0.8719144471974979,0.8398233205309331,4.254220485687256,4.478822231292725,0
mujoco,slope_forward,1,1,1766,17.6599999999986,1.0,0.0,0.3867612350560602,-0.03160665061618822,0.20306309573071293,0.8449289547852746,0.9930405205889585,5.509970188140869,1.9689412117004395,0
mujoco,slope_forward,1,1,1767,17.669999999998613,1.0,0.0,0.39042527897604173,-0.028600427318941572,0.20350191591625513,0.8199673381268614,1.0816634356023147,6.584502220153809,1.8114522695541382,0
mujoco,slope_forward,1,1,1768,17.679999999998625,1.0,0.0,0.3929739978092872,-0.029838755438055437,0.19473151005129885,0.8546096104247868,1.4228161018131362,6.471616268157959,3.2488858699798584,0
mujoco,slope_forward,1,1,1769,17.689999999998637,1.0,0.0,0.3954378404722059,-0.03619067457841429,0.1886402071693339,0.8338853544460633,1.4706456490843909,7.169841289520264,2.900881767272949,0
mujoco,slope_forward,1,1,1770,17.69999999999865,1.0,0.0,0.3985136872629892,-0.045740146734346995,0.18450036106242634,0.7986147493403284,1.5872582733222966,7.355053901672363,0.8693015575408936,0
mujoco,slope_forward,1,1,1771,17.70999999999866,1.0,0.0,0.4018994934597816,-0.0551203355334858,0.1780750111234511,0.7705955031871522,1.7687369346411437,6.832130432128906,1.0626566410064697,0
mujoco,slope_forward,1,1,1772,17.719999999998674,1.0,0.0,0.40487003215186645,-0.06478206142492603,0.17227032306540419,0.7972044964742855,1.9348960203028893,5.243536472320557,1.7873477935791016,0
mujoco,slope_forward,1,1,1773,17.729999999998686,1.0,0.0,0.40683080838026353,-0.07201290252946585,0.17129042943277786,0.8073040963501235,1.590076043357179,4.033409118652344,2.0742692947387695,0
mujoco,slope_forward,1,1,1774,17.739999999998698,1.0,0.0,0.40767749712320744,-0.07727906319668931,0.17452634904244843,0.8220671320150112,1.003655053489164,2.728691339492798,2.400284767150879,0
mujoco,slope_forward,1,1,1775,17.74999999999871,1.0,0.0,0.4075148951179989,-0.07936963676029157,0.1808333252993218,0.804836009129713,0.3168317370701009,2.8829727172851562,1.1599204540252686,0
mujoco,slope_forward,1,1,1776,17.759999999998723,1.0,0.0,0.4062481028102619,-0.08250550678252878,0.18851478726542686,0.8115844980079655,-0.24079467078410957,2.9597272872924805,0.7227779626846313,0
mujoco,slope_forward,1,1,1777,17.769999999998735,1.0,0.0,0.4038823693816709,-0.08918621564144132,0.19306698050416235,0.8254682304877904,-0.511958974632645,3.1889710426330566,0.8207244277000427,0
mujoco,slope_forward,1,1,1778,17.779999999998747,1.0,0.0,0.4005129353598915,-0.09911112546466043,0.1943722401884563,0.8292575107545577,-0.6625642720108106,3.6399002075195312,0.7708073854446411,0
mujoco,slope_forward,1,1,1779,17.78999999999876,1.0,0.0,0.39624450529479455,-0.10762657791064655,0.1916663735192535,0.8167532831600758,-0.5984623064194707,3.8004119396209717,0.7900720834732056,0
mujoco,slope_forward,1,1,1780,17.79999999999877,1.0,0.0,0.39114269661685963,-0.11441064051852114,0.19069090228271102,0.8161600605350541,-0.49944867227597733,3.8713295459747314,0.44490310549736023,0
mujoco,slope_forward,1,1,1781,17.809999999998784,1.0,0.0,0.38641554836984293,-0.10948464530268569,0.20026888485695601,0.8337004851952843,0.035178411255486076,4.812661170959473,1.455043077468872,0
mujoco,slope_forward,1,1,1782,17.819999999998796,1.0,0.0,0.3832423868533018,-0.09230104451912992,0.21311855817380096,0.9362987287139074,0.2966161204912999,5.845969200134277,2.1480777263641357,0
mujoco,slope_forward,1,1,1783,17.829999999998808,1.0,0.0,0.3821980625967702,-0.07219441701953304,0.2225825541948176,1.0552172407709575,0.2055851899974729,6.385470390319824,1.3697144985198975,0
mujoco,slope_forward,1,1,1784,17.83999999999882,1.0,0.0,0.38277184746007614,-0.0511110666089674,0.22348423908087817,1.1600588939264451,0.031424972721666666,5.745666027069092,1.1846750974655151,0
mujoco,slope_forward,1,1,1785,17.849999999998833,1.0,0.0,0.3838943092688223,-0.029785550932010615,0.2186124021509554,1.2291281217795536,-0.11730061901856385,4.782539367675781,1.7829368114471436,0
mujoco,slope_forward,1,1,1786,17.859999999998845,1.0,0.0,0.3845526140951419,-0.014310372567982335,0.21986441581573735,1.2449028591365245,-0.2669103506914779,4.391206741333008,2.5675580501556396,0
mujoco,slope_forward,1,1,1787,17.869999999998857,1.0,0.0,0.38430145397662535,-0.0035366394098326746,0.2332818899137997,1.2438906631902573,-0.37139235165485707,5.38733434677124,1.8436726331710815,0
mujoco,slope_forward,1,1,1788,17.87999999999887,1.0,0.0,0.38255396944600556,0.008500719721087947,0.2445511503942555,1.223090485982433,-0.27020703655919115,5.020115852355957,0.8867421746253967,0
mujoco,slope_forward,1,1,1789,17.88999999999888,1.0,0.0,0.3792391909461107,0.02337167011371166,0.253160770931405,1.1679013564815268,-0.2919499621587673,4.412572383880615,1.4815365076065063,0
mujoco,slope_forward,1,1,1790,17.899999999998894,1.0,0.0,0.37466777373235993,0.041489141338408,0.26043185398345015,1.1232484737512307,-0.09392982211102778,3.9245693683624268,1.8748176097869873,0
mujoco,slope_forward,1,1,1791,17.909999999998906,1.0,0.0,0.36912269400173664,0.0611319507358912,0.26406884948758563,1.0787653878645347,0.30200011450957126,4.666277885437012,2.1302196979522705,0
mujoco,slope_forward,1,1,1792,17.919999999998918,1.0,0.0,0.3632544180769771,0.07256583714909694,0.25935944150099954,1.0835617961593322,0.8085304161991245,5.126260757446289,2.4770824909210205,0
mujoco,slope_forward,1,1,1793,17.92999999999893,1.0,0.0,0.3591670844814035,0.06876012636298987,0.268375584332458,0.9791109470787337,0.5602098075666033,5.3034348487854,1.206860899925232,0
mujoco,slope_forward,1,1,1794,17.939999999998943,1.0,0.0,0.35737835071373814,0.05746856896896165,0.27651696037264467,0.8190063501160015,0.373737368698437,6.151432037353516,1.1219780445098877,0
mujoco,slope_forward,1,1,1795,17.949999999998955,1.0,0.0,0.35787330327302536,0.03977531412900623,0.2854829583965287,0.6857742116363922,0.28613096303884833,6.119531631469727,0.72760409116745,0
mujoco,slope_forward,1,1,1796,17.959999999998967,1.0,0.0,0.36003274553853626,0.019911833989693182,0.2868911281193176,0.560682526793869,0.41815697329029117,6.192568302154541,0.6894312500953674,0
mujoco,slope_forward,1,1,1797,17.96999999999898,1.0,0.0,0.3634895452981432,-0.0029135698548847,0.2838731110381217,0.47310339837559806,0.4185485020092249,5.832113265991211,1.2915209531784058,0
mujoco,slope_forward,1,1,1798,17.97999999999899,1.0,0.0,0.36778898159011375,-0.02665519308791313,0.275271196815792,0.390683290534486,0.44820017659545436,5.913649082183838,1.2118349075317383,0
mujoco,slope_forward,1,1,1799,17.989999999999004,1.0,0.0,0.37240584620647815,-0.050697125892589096,0.2628878292570675,0.3502028785480121,0.5703618827765717,5.728451251983643,0.8493210077285767,0
mujoco,slope_forward,1,1,1800,17.999999999999016,1.0,0.0,0.37653095132506653,-0.06973215822603251,0.2450221051347257,0.3375299207007097,0.8995024056831907,5.6790056228637695,1.5511152744293213,0
mujoco,slope_forward,1,1,1801,18.009999999999028,1.0,0.0,0.37948433446194296,-0.0834176475832827,0.22841379799138184,0.3811678451202219,0.7858431865173059,4.082736015319824,3.404196262359619,0
mujoco,slope_forward,1,1,1802,18.01999999999904,1.0,0.0,0.38129591465955276,-0.09883295105366155,0.22365707817857805,0.37666954903854777,-0.19042255356790078,3.8141582012176514,1.4965273141860962,0
mujoco,slope_forward,1,1,1803,18.029999999999053,1.0,0.0,0.3819360883333788,-0.11764156709182061,0.21842598900833302,0.3923313378451326,-0.7214787236752566,3.89396333694458,1.1105825901031494,0
mujoco,slope_forward,1,1,1804,18.039999999999065,1.0,0.0,0.3821309987488131,-0.13397677888714274,0.22156981375237467,0.39965000961926506,-0.7176452993708444,4.579001426696777,1.0753159523010254,0
mujoco,slope_forward,1,1,1805,18.049999999999077,1.0,0.0,0.3831275313867638,-0.13741343809692258,0.22797419949591669,0.45609286907591223,-0.14142596733255508,5.587730884552002,1.69246506690979,0
mujoco,slope_forward,1,1,1806,18.05999999999909,1.0,0.0,0.3855945025980231,-0.1335153240114627,0.23719899385010357,0.5382697872071299,-0.08362994145999973,5.9691877365112305,1.203048586845398,0
mujoco,slope_forward,1,1,1807,18.0699999999991,1.0,0.0,0.38946163356684627,-0.1252871313535523,0.24558429045161703,0.6104493056593769,-0.20255940605437833,6.185169219970703,1.1185944080352783,0
mujoco,slope_forward,1,1,1808,18.079999999999114,1.0,0.0,0.39431644305664926,-0.11464321604308503,0.24566153594625317,0.6846277353653628,-0.534590860227899,6.264804840087891,0.6463574171066284,0
mujoco,slope_forward,1,1,1809,18.089999999999126,1.0,0.0,0.3996531811392639,-0.10368812501034866,0.2372970224272145,0.7379323470059453,-0.827463709264961,5.868305206298828,0.8342614769935608,0
mujoco,slope_forward,1,1,1810,18.099999999999138,1.0,0.0,0.4048451684770196,-0.09368886158779496,0.22363672125083625,0.776481270795418,-0.9176884355907863,5.044243812561035,1.1392086744308472,0
mujoco,slope_forward,1,1,1811,18.10999999999915,1.0,0.0,0.4093101040470482,-0.0850862880893593,0.21057067616355846,0.7961577703186259,-0.8247334887230956,4.433606147766113,1.6480168104171753,0
mujoco,slope_forward,1,1,1812,18.119999999999163,1.0,0.0,0.41262647096780164,-0.07921137127092398,0.20360690648711263,0.8056215768004095,-0.5236458418973012,4.4202752113342285,1.8103352785110474,0
mujoco,slope_forward,1,1,1813,18.129999999999175,1.0,0.0,0.414321456449881,-0.07538634658323974,0.20221653552065155,0.7872086351753964,0.009591957654004966,4.698422908782959,1.7358295917510986,0
mujoco,slope_forward,1,1,1814,18.139999999999187,1.0,0.0,0.4141519640667164,-0.06856998210722196,0.20482141860765277,0.7273447621822736,0.5806952905155277,4.676918983459473,1.9737647771835327,0
mujoco,slope_forward,1,1,1815,18.1499999999992,1.0,0.0,0.41237018211915166,-0.0563110781846415,0.20585353010987523,0.6818457484180631,0.9868709188864228,4.545997142791748,1.8263498544692993,0
mujoco,slope_forward,1,1,1816,18.15999999999921,1.0,0.0,0.40953491684951854,-0.04396501395070356,0.201169786380037,0.6688228948190712,1.164818624114182,4.251708030700684,2.155763626098633,0
mujoco,slope_forward,1,1,1817,18.169999999999224,1.0,0.0,0.4061866044002829,-0.036446462317539355,0.19230991570807204,0.6973462952325783,1.2484459085009612,3.8466811180114746,1.9075343608856201,0
mujoco,slope_forward,1,1,1818,18.179999999999236,1.0,0.0,0.4025690923116603,-0.03145804469060988,0.17998335128523232,0.7121195947916731,1.2101974207190078,4.151602745056152,1.6057549715042114,0
mujoco,slope_forward,1,1,1819,18.189999999999248,1.0,0.0,0.3988148092532984,-0.028860442803427467,0.16907440588043154,0.740523364575735,1.1392456201623324,4.106359481811523,1.064260482788086,0
mujoco,slope_forward,1,1,1820,18.19999999999926,1.0,0.0,0.39467634600896606,-0.026899123052833568,0.15942645307327835,0.7421325320147136,1.0006802004728992,3.8693912029266357,0.5148069858551025,0
mujoco,slope_forward,1,1,1821,18.209999999999273,1.0,0.0,0.38994437116688024,-0.02446744860663736,0.1526006222520847,0.7498225900921691,0.9427317834057627,3.562674045562744,0.5282402038574219,0
mujoco,slope_forward,1,1,1822,18.219999999999285,1.0,0.0,0.38451780437403704,-0.022161933465376264,0.14763555439788753,0.7357080301269685,0.7129582567463574,3.519502639770508,0.38185644149780273,0
mujoco,slope_forward,1,1,1823,18.229999999999297,1.0,0.0,0.37955073752685564,-0.028227644773372768,0.1523167034042471,0.6740298658025573,0.14748116409494702,4.209392070770264,1.2970737218856812,0
mujoco,slope_forward,1,1,1824,18.23999999999931,1.0,0.0,0.3757853936548398,-0.04137030409479763,0.1548590273331615,0.5892646890341094,-0.2686373281954001,5.5641913414001465,1.8359616994857788,0
mujoco,slope_forward,1,1,1825,18.24999999999932,1.0,0.0,0.37319752984587357,-0.05845417762304855,0.1537009020801547,0.5061638543637427,-0.6419062710519827,5.777264595031738,0.8271865844726562,0
mujoco,slope_forward,1,1,1826,18.259999999999334,1.0,0.0,0.3712856778616589,-0.07751542812420398,0.15397310215096613,0.4504207287765419,-0.6059110792800596,5.460474014282227,0.6528398990631104,0
mujoco,slope_forward,1,1,1827,18.269999999999346,1.0,0.0,0.3709763039663831,-0.08380106234078406,0.16615662226813963,0.43182486051933167,-0.047405246454064784,6.361489295959473,1.7750617265701294,0
mujoco,slope_forward,1,1,1828,18.279999999999358,1.0,0.0,0.3732208593208406,-0.0810793382127551,0.17653765817831038,0.4836038317880297,0.10115081831435531,7.035970687866211,1.610669732093811,0
mujoco,slope_forward,1,1,1829,18.28999999999937,1.0,0.0,0.37791578356716715,-0.07642526913451032,0.18514111484502982,0.5514657540463671,0.2676835747592132,7.272205829620361,0.7564891576766968,0
mujoco,slope_forward,1,1,1830,18.299999999999383,1.0,0.0,0.38386939232265116,-0.07042350502994602,0.19052742059888034,0.644898983227935,0.5056004530211625,7.0784525871276855,2.2584152221679688,0
mujoco,slope_forward,1,1,1831,18.309999999999395,1.0,0.0,0.38994284035656,-0.07178713286751699,0.20041874802915333,0.7123895065325038,-0.10873707135951514,5.873132705688477,3.358241319656372,0
mujoco,slope_forward,1,1,1832,18.319999999999407,1.0,0.0,0.39573382774139143,-0.07373785337208898,0.21221310663390874,0.7351509281034074,-0.8922640712226465,5.946280479431152,2.0989058017730713,0
mujoco,slope_forward,1,1,1833,18.32999999999942,1.0,0.0,0.4017000130442199,-0.06719000186141814,0.21728843079649635,0.7792083115399709,-1.6093946685876406,7.400545120239258,2.5942203998565674,0
mujoco,slope_forward,1,1,1834,18.33999999999943,1.0,0.0,0.40764154722741863,-0.061126183347114775,0.21456154134591868,0.8283316173075509,-2.134254003443888,6.4212422370910645,1.895505428314209,0
mujoco,slope_forward,1,1,1835,18.349999999999444,1.0,0.0,0.4126982420254768,-0.05625514985668833,0.20635830277280157,0.8425656130925653,-1.9907162373196505,5.37148380279541,1.4912253618240356,0
mujoco,slope_forward,1,1,1836,18.359999999999456,1.0,0.0,0.4165195462233616,-0.0521656407465597,0.2002734437997473,0.8324932258390944,-1.6975129534230027,5.030639171600342,0.755840003490448,0
mujoco,slope_forward,1,1,1837,18.369999999999468,1.0,0.0,0.4188843767645389,-0.049823469826214876,0.1939760370715987,0.8118005172051758,-1.3408163194103333,4.4815754890441895,1.5481505393981934,0
mujoco,slope_forward,1,1,1838,18.37999999999948,1.0,0.0,0.4198956781961123,-0.046767438440285754,0.19326452118361057,0.7907873291558855,-0.6390920055053657,3.8974099159240723,1.3763242959976196,0
mujoco,slope_forward,1,1,1839,18.389999999999493,1.0,0.0,0.41948484167853617,-0.0417151787543912,0.19798905785500207,0.7469038024543269,-0.02489909229057346,3.8043079376220703,2.2265191078186035,0
mujoco,slope_forward,1,1,1840,18.399999999999505,1.0,0.0,0.41768205451953294,-0.03159652519992955,0.2040975872289152,0.687669389261142,0.5976033101035723,4.030940055847168,2.2676639556884766,0
mujoco,slope_forward,1,1,1841,18.409999999999517,1.0,0.0,0.4146420646136748,-0.018462795444053555,0.20331958361167946,0.6622126975639845,1.001739124605902,3.805135488510132,1.5991158485412598,0
mujoco,slope_forward,1,1,1842,18.41999999999953,1.0,0.0,0.41091258612656656,-0.010501754877036114,0.20058425994983686,0.6883475694597784,1.0870422128238757,3.2573344707489014,2.077009677886963,0
mujoco,slope_forward,1,1,1843,18.42999999999954,1.0,0.0,0.40673026076924695,-0.004939875061273834,0.19023476073346843,0.7022396111139956,0.9648775348584601,3.5312697887420654,1.6839121580123901,0
mujoco,slope_forward,1,1,1844,18.439999999999554,1.0,0.0,0.40230611577760816,-0.0010364844685015404,0.18013111198686482,0.7253408447897406,0.9435609884245867,4.166218280792236,1.1721938848495483,0
mujoco,slope_forward,1,1,1845,18.449999999999566,1.0,0.0,0.39754056351290007,0.0016958525797397346,0.16926577787705072,0.7483777437112296,0.9547440853482838,4.3501200675964355,0.48392415046691895,0
mujoco,slope_forward,1,1,1846,18.459999999999578,1.0,0.0,0.39231957999129,0.0035509367433820276,0.1613872382729226,0.7443371535261492,0.7813697424230599,4.25037956237793,0.4223133623600006,0
mujoco,slope_forward,1,1,1847,18.46999999999959,1.0,0.0,0.38747029705220815,-0.0043796665442839364,0.1648990984606648,0.6987703111303464,0.26146994052941414,4.460555076599121,0.5029209852218628,0
mujoco,slope_forward,1,1,1848,18.479999999999603,1.0,0.0,0.3840382049597567,-0.02010827849282677,0.17241764035702858,0.6045513680599429,-0.0679602195499421,5.112269401550293,1.5227159261703491,0
mujoco,slope_forward,1,1,1849,18.489999999999615,1.0,0.0,0.38230702974187486,-0.042020029286499845,0.1767031815265962,0.5168899788678033,-0.24320325337435025,5.820890426635742,0.9436144232749939,0
mujoco,slope_forward,1,1,1850,18.499999999999627,1.0,0.0,0.38181319110067347,-0.06492073362289388,0.17152433670677888,0.43637346373055347,-0.20857041726304634,6.370408535003662,1.426371693611145,0
mujoco,slope_forward,1,1,1851,18.50999999999964,1.0,0.0,0.3816447396148131,-0.08445282956539495,0.1586715461479846,0.3907096765956509,-0.20353663764797636,5.8152313232421875,1.5756831169128418,0
mujoco,slope_forward,1,1,1852,18.51999999999965,1.0,0.0,0.38065171510095275,-0.10154170537682197,0.15591659718862017,0.4176080898942754,-0.03955859910323247,4.4350104331970215,2.96055269241333,0
mujoco,slope_forward,1,1,1853,18.529999999999664,1.0,0.0,0.38022417756482385,-0.10750793739776843,0.17542566556994815,0.48896047091863876,0.20275057848641698,5.636010646820068,3.647124767303467,0
mujoco,slope_forward,1,1,1854,18.539999999999676,1.0,0.0,0.38149599031128184,-0.10333923722073221,0.19138615763856476,0.6169325700773964,0.14547940973977402,6.878856182098389,1.7696164846420288,0
mujoco,slope_forward,1,1,1855,18.549999999999688,1.0,0.0,0.38450504547570563,-0.09544217910271043,0.20881498929957223,0.7386374027032062,-0.29160124072562615,7.3452253341674805,1.5540169477462769,0
mujoco,slope_forward,1,1,1856,18.5599999999997,1.0,0.0,0.3887137169654202,-0.08394338784348279,0.22417692393193633,0.836805775951928,-0.7586170897452544,7.342737197875977,1.2614846229553223,0
mujoco,slope_forward,1,1,1857,18.569999999999713,1.0,0.0,0.3936078888668428,-0.0719683020687675,0.23423190567268615,0.9060631522849565,-1.3080928392428572,6.7303361892700195,1.8535441160202026,0
mujoco,slope_forward,1,1,1858,18.579999999999725,1.0,0.0,0.39831753528400105,-0.06142236967388984,0.23369337610450272,0.9595380766004306,-1.4478111742418,5.9434494972229,1.0998506546020508,0
mujoco,slope_forward,1,1,1859,18.589999999999737,1.0,0.0,0.4025784469048837,-0.052680258099301415,0.22927169255608593,0.9835765096353307,-1.5363911448369925,5.384251594543457,1.145013689994812,0
mujoco,slope_forward,1,1,1860,18.59999999999975,1.0,0.0,0.4061134084425794,-0.04679207605059227,0.222211063117598,1.0008320149725014,-1.4330421691464608,4.907515048980713,1.3093043565750122,0
mujoco,slope_forward,1,1,1861,18.60999999999976,1.0,0.0,0.408550312793916,-0.042837417938442646,0.21555516262750427,1.0071195491638762,-1.131775114335915,4.69858455657959,0.8148436546325684,0
mujoco,slope_forward,1,1,1862,18.619999999999774,1.0,0.0,0.40961477424040466,-0.04021110696371386,0.21296527995455225,0.9865415217369823,-0.8926979319250404,4.6113810539245605,1.339558720588684,0
mujoco,slope_forward,1,1,1863,18.629999999999786,1.0,0.0,0.40910298870786993,-0.03729845143395775,0.21462692133475783,0.9451080167031836,-0.487600323512412,4.454185962677002,1.789971947669983,0
mujoco,slope_forward,1,1,1864,18.639999999999798,1.0,0.0,0.4070285110698663,-0.030408350833018145,0.22082041001641203,0.8817068473895316,0.11127517679987664,4.108280658721924,2.210325241088867,0
mujoco,slope_forward,1,1,1865,18.64999999999981,1.0,0.0,0.40352113515938026,-0.01801740661655757,0.2241478009954115,0.829605256371117,0.6119868995246847,4.230299949645996,2.1200387477874756,0
mujoco,slope_forward,1,1,1866,18.659999999999823,1.0,0.0,0.3990696957806207,-0.007895198100118917,0.22237541927917379,0.8328867837148167,0.857993560998817,3.951481580734253,2.0500922203063965,0
mujoco,slope_forward,1,1,1867,18.669999999999835,1.0,0.0,0.39411534461286307,-0.0024476656896379877,0.21704236531759327,0.8623378114585316,1.0134058909631676,3.7374215126037598,1.7656161785125732,0
mujoco,slope_forward,1,1,1868,18.679999999999847,1.0,0.0,0.38883519801092403,0.0008777081163737,0.2075309172173396,0.8790544543741423,0.9832681422281675,4.276186943054199,1.3344664573669434,0
mujoco,slope_forward,1,1,1869,18.68999999999986,1.0,0.0,0.3833398416065906,0.0023033508615050526,0.19746115032832742,0.9130191525320587,1.0841441740305093,4.600913047790527,1.0652068853378296,0
mujoco,slope_forward,1,1,1870,18.69999999999987,1.0,0.0,0.37763164240651415,0.0007216700908719753,0.19089003560686635,0.9102364225583199,0.9720574454480505,4.691041469573975,0.421352356672287,0
mujoco,slope_forward,1,1,1871,18.709999999999884,1.0,0.0,0.3729335999704928,-0.013229580473598759,0.19892251489882265,0.8183533020059317,0.38537361816188975,5.221375942230225,1.1942188739776611,0
mujoco,slope_forward,1,1,1872,18.719999999999896,1.0,0.0,0.370231010515677,-0.035640638243610905,0.2088543160906011,0.6893294756942099,0.11486463832882042,6.116602420806885,1.546242594718933,0
mujoco,slope_forward,1,1,1873,18.729999999999908,1.0,0.0,0.36961409932983663,-0.06345781730721893,0.21257146016915748,0.5778565509871083,0.018069575633857717,6.253023147583008,1.1069775819778442,0
mujoco,slope_forward,1,1,1874,18.73999999999992,1.0,0.0,0.37051095615634366,-0.0924241272664835,0.2081867993960234,0.46740068515786115,0.03361649734579554,6.5721259117126465,1.320496916770935,0
mujoco,slope_forward,1,1,1875,18.749999999999932,1.0,0.0,0.3717987641548622,-0.11796195531704588,0.19398349264448678,0.42193529216137043,0.3045566094679661,5.950152397155762,1.6789734363555908,0
mujoco,slope_forward,1,1,1876,18.759999999999945,1.0,0.0,0.37218624311405535,-0.13786221051826333,0.1867691611479246,0.4650723697996292,0.6025486150780452,4.287289142608643,3.8461124897003174,0
mujoco,slope_forward,1,1,1877,18.769999999999957,1.0,0.0,0.37319155784117947,-0.14605342248165246,0.20592316992287826,0.5189272997524504,0.7046105012731457,5.702043533325195,3.514788866043091,0
mujoco,slope_forward,1,1,1878,18.77999999999997,1.0,0.0,0.3757984562719646,-0.142818326330893,0.21826685727927708,0.6306421209866971,0.7238178508838973,7.105628967285156,1.8815449476242065,0
mujoco,slope_forward,1,1,1879,18.78999999999998,1.0,0.0,0.3800450509219006,-0.13456659061480616,0.23223006690541687,0.7163044656220234,0.2828656117146699,6.750621318817139,1.4939913749694824,0
mujoco,slope_forward,1,1,1880,18.799999999999994,1.0,0.0,0.385125504070536,-0.12395508708568248,0.24540499746631012,0.7998402756331976,-0.2306620303487137,6.662095546722412,1.832870364189148,0
mujoco,slope_forward,1,1,1881,18.810000000000006,1.0,0.0,0.3907255676060268,-0.11369884936620939,0.2574928652728787,0.8547137594447309,-0.781761681918952,6.377408981323242,1.3975940942764282,0
mujoco,slope_forward,1,1,1882,18.820000000000018,1.0,0.0,0.3961963221505298,-0.10446169202778083,0.259608283278982,0.9032009752777733,-1.0846368992434408,5.830526351928711,0.8249577283859253,0
mujoco,slope_forward,1,1,1883,18.83000000000003,1.0,0.0,0.40128732689217084,-0.09695615759098639,0.2544601915201885,0.9327933436540033,-1.2796807156102645,5.372129917144775,1.183035969734192,0
mujoco,slope_forward,1,1,1884,18.840000000000042,1.0,0.0,0.4058072956117788,-0.09121204110382669,0.24514945525232795,0.950547060064422,-1.2646088442565189,4.979086875915527,1.4777036905288696,0
mujoco,slope_forward,1,1,1885,18.850000000000055,1.0,0.0,0.40944604281891717,-0.08724710992517193,0.23504552051629515,0.9697158437567024,-1.1015138652375378,4.935465335845947,0.8320906758308411,0
mujoco,slope_forward,1,1,1886,18.860000000000067,1.0,0.0,0.41206281036626674,-0.08411758588256814,0.2275632056114836,0.973179395526379,-0.9262871282295857,4.7532782554626465,0.9979045987129211,0
mujoco,slope_forward,1,1,1887,18.87000000000008,1.0,0.0,0.4132654145591944,-0.08274864469696021,0.22140625987817994,0.9575580355286764,-0.7615483858126003,4.675716876983643,0.9988989233970642,0
mujoco,slope_forward,1,1,1888,18.88000000000009,1.0,0.0,0.4128929523797211,-0.08057986664832817,0.21862556782882456,0.9177597677235767,-0.2897877180384872,4.231905937194824,1.882223129272461,0
mujoco,slope_forward,1,1,1889,18.890000000000104,1.0,0.0,0.4108925182203231,-0.0755690916447362,0.22177985681570037,0.8619162942152138,0.40232439548705096,4.247713565826416,2.373314380645752,0
mujoco,slope_forward,1,1,1890,18.900000000000116,1.0,0.0,0.4074259731932445,-0.06508421924747235,0.22364185357874358,0.816938234325517,0.8985916542775699,4.278805732727051,1.975412368774414,0
mujoco,slope_forward,1,1,1891,18.910000000000128,1.0,0.0,0.40296171524750746,-0.05492140226885279,0.22130728252870774,0.8081119651995012,1.0950001605662496,4.34275484085083,1.8245790004730225,0
mujoco,slope_forward,1,1,1892,18.92000000000014,1.0,0.0,0.3979556981083369,-0.04943085472904666,0.21466631447608767,0.8408078272927698,1.208614138191115,3.876298189163208,1.7973960638046265,0
mujoco,slope_forward,1,1,1893,18.930000000000152,1.0,0.0,0.3926542813427921,-0.046870464031822066,0.20411238259251954,0.85802515966016,1.150776463116705,4.310627460479736,1.7035974264144897,0
mujoco,slope_forward,1,1,1894,18.940000000000165,1.0,0.0,0.38717052477863345,-0.04606743276401712,0.19326300406533592,0.8839281622692693,1.196514120415311,4.509671211242676,0.7957150340080261,0
mujoco,slope_forward,1,1,1895,18.950000000000177,1.0,0.0,0.38133552402163895,-0.04664876309174832,0.18391909168128473,0.8948203122117634,1.2426139099073168,4.609055995941162,0.4040798544883728,0
mujoco,slope_forward,1,1,1896,18.96000000000019,1.0,0.0,0.37495922903098655,-0.048927180282146994,0.17812606646120718,0.8880628252232823,1.2126475759284412,4.615941524505615,0.6800726056098938,0
mujoco,slope_forward,1,1,1897,18.9700000000002,1.0,0.0,0.3690980000040212,-0.06208865257452563,0.18375062000672826,0.8076139106576444,0.6408878535924595,4.931380748748779,0.6088845729827881,0
mujoco,slope_forward,1,1,1898,18.980000000000214,1.0,0.0,0.36498367647452185,-0.084224167656944,0.1933503965294818,0.6750512835334059,0.2217436293633831,6.0037970542907715,1.969442367553711,0
mujoco,slope_forward,1,1,1899,18.990000000000226,1.0,0.0,0.362772683037402,-0.11118074873992527,0.1961754400521541,0.5530527542648181,0.010145194068296691,6.773441791534424,1.3845689296722412,0
mujoco,slope_forward,1,1,1900,19.000000000000238,1.0,0.0,0.36172928833158674,-0.1381859937001503,0.18932395912729266,0.4753361413103462,0.24467693658217574,6.948891639709473,1.5423043966293335,0
mujoco,slope_forward,1,1,1901,19.01000000000025,1.0,0.0,0.36162921974854195,-0.15207862757469895,0.1931512105860817,0.44654835457085384,0.9851321275117577,6.34186315536499,1.8040920495986938,0
mujoco,slope_forward,1,1,1902,19.020000000000262,1.0,0.0,0.3631253124488741,-0.15123073177856636,0.20424517697704536,0.4996833797083318,1.4070963141016197,6.519872188568115,2.379321575164795,0
mujoco,slope_forward,1,1,1903,19.030000000000275,1.0,0.0,0.3661541205491343,-0.14694270230797052,0.21362081252853105,0.5882544053720948,1.3519551896873103,6.450776100158691,1.408478856086731,0
mujoco,slope_forward,1,1,1904,19.040000000000287,1.0,0.0,0.37019563605290134,-0.14269411903492002,0.22356407885367346,0.6769633401681492,1.1252905533193978,6.20510721206665,1.3223466873168945,0
mujoco,slope_forward,1,1,1905,19.0500000000003,1.0,0.0,0.3747827150954683,-0.13793865218776602,0.23935577040760492,0.7695365313708766,0.6129702098260391,6.498740196228027,2.617396354675293,0
mujoco,slope_forward,1,1,1906,19.06000000000031,1.0,0.0,0.38025341391065304,-0.12937912852264108,0.2593532329676908,0.8484048541370616,-0.12947875053870286,7.486366271972656,2.081861972808838,0
mujoco,slope_forward,1,1,1907,19.070000000000324,1.0,0.0,0.386684845742834,-0.11912050833591534,0.27304951131811833,0.8950109391945685,-1.0532487491763065,7.032062530517578,1.2727994918823242,0
mujoco,slope_forward,1,1,1908,19.080000000000336,1.0,0.0,0.39308466705680173,-0.11053667794498735,0.2753990704310569,0.9391637185360878,-1.6468242359347163,6.066159725189209,1.591576337814331,0
mujoco,slope_forward,1,1,1909,19.090000000000348,1.0,0.0,0.3988807409615301,-0.10169217928571461,0.2720352226598792,0.9495471991342895,-1.7938284377092149,5.388539791107178,0.8674200773239136,0
mujoco,slope_forward,1,1,1910,19.10000000000036,1.0,0.0,0.4038599937161341,-0.09312058576662864,0.26431672007213597,0.9620660819320546,-1.7951257750032157,5.173408031463623,0.6832917928695679,0
mujoco,slope_forward,1,1,1911,19.110000000000372,1.0,0.0,0.40762426827856396,-0.0873520282070818,0.25314337438458007,0.95799919265624,-1.6555739172004844,4.960978031158447,1.1505171060562134,0
mujoco,slope_forward,1,1,1912,19.120000000000385,1.0,0.0,0.41009650021002764,-0.0812784869649104,0.24515871802417788,0.9451881940429464,-1.2493703529836695,4.627614498138428,0.781550407409668,0
mujoco,slope_forward,1,1,1913,19.130000000000397,1.0,0.0,0.41117578277823036,-0.07465318703120463,0.24198346576102403,0.926747076186406,-0.7693970683598397,4.348584175109863,1.6818101406097412,0
mujoco,slope_forward,1,1,1914,19.14000000000041,1.0,0.0,0.41065103581352225,-0.06694893539516177,0.24278502491780593,0.8821768461975587,-0.16609907936002266,4.185471534729004,1.9483771324157715,0
mujoco,slope_forward,1,1,1915,19.15000000000042,1.0,0.0,0.4085796030042724,-0.055259663122266975,0.2470672357428506,0.8210312121595708,0.4969644607646776,4.190586090087891,2.1162290573120117,0
mujoco,slope_forward,1,1,1916,19.160000000000434,1.0,0.0,0.405069900346559,-0.03885650023423712,0.24536205034148287,0.7792490245382755,0.9337593086433472,4.143883228302002,1.6926870346069336,0
mujoco,slope_forward,1,1,1917,19.170000000000446,1.0,0.0,0.4006775396600743,-0.0271824904230271,0.24053685428096536,0.7912480647372702,1.0327207859274672,3.700986385345459,2.0160470008850098,0
mujoco,slope_forward,1,1,1918,19.180000000000458,1.0,0.0,0.39574081372256575,-0.018164442842365867,0.22896999896483758,0.8104690104718245,1.0557138148997147,3.437424421310425,1.811881184577942,0
mujoco,slope_forward,1,1,1919,19.19000000000047,1.0,0.0,0.39056215192896404,-0.012094181066717499,0.21586166364232584,0.8316894495481665,0.9255706906080167,4.301881790161133,1.6612775325775146,0
mujoco,slope_forward,1,1,1920,19.200000000000482,1.0,0.0,0.38517492675421955,-0.007379342065086879,0.20220659946536548,0.8640870533453581,1.0136116287354437,4.474417209625244,0.868523359298706,0
mujoco,slope_forward,1,1,1921,19.210000000000495,1.0,0.0,0.37970314617300455,-0.006425040540788397,0.19534567771739766,0.8437493674575341,0.6762969734344126,4.4746270179748535,0.423052579164505,0
mujoco,slope_forward,1,1,1922,19.220000000000507,1.0,0.0,0.37545432670134826,-0.017901272108468997,0.2041346965820362,0.7492701926481998,0.060635827430950244,5.073114395141602,1.398206353187561,0
mujoco,slope_forward,1,1,1923,19.23000000000052,1.0,0.0,0.3731765991751008,-0.03701169521286971,0.21282961450299068,0.6355777150094212,-0.15650074017265503,5.982895851135254,1.4982197284698486,0
mujoco,slope_forward,1,1,1924,19.24000000000053,1.0,0.0,0.3728177811193198,-0.06190748493107941,0.21510815310504702,0.5334187929119882,-0.2511050744681222,6.249288558959961,0.933056652545929,0
mujoco,slope_forward,1,1,1925,19.250000000000544,1.0,0.0,0.3737720653448646,-0.0878620525607421,0.20945229226745696,0.4343431142949591,-0.1961667754241179,6.493640899658203,1.2324570417404175,0
mujoco,slope_forward,1,1,1926,19.260000000000556,1.0,0.0,0.37491583243601573,-0.1104441469840821,0.19512531748623566,0.3928643930006891,-0.007337442570274622,5.774388313293457,1.6690393686294556,0
mujoco,slope_forward,1,1,1927,19.270000000000568,1.0,0.0,0.37500340171592816,-0.12952600176508555,0.1909149996811207,0.43720381706899414,0.22263678205481505,4.165712833404541,3.7210330963134766,0
mujoco,slope_forward,1,1,1928,19.28000000000058,1.0,0.0,0.375637364143812,-0.13857776644456157,0.21136596162690519,0.496702684591505,0.33840497320555496,5.5705742835998535,3.7820847034454346,0
mujoco,slope_forward,1,1,1929,19.290000000000592,1.0,0.0,0.37787158794715997,-0.13535168597088137,0.2256155552090855,0.615261462818411,0.4079551036726363,7.0164361000061035,1.742323398590088,0
mujoco,slope_forward,1,1,1930,19.300000000000605,1.0,0.0,0.38182084753918,-0.12721942547984588,0.24204033540107853,0.7177713535184039,-0.014274613934133637,7.041820049285889,1.3940447568893433,0
mujoco,slope_forward,1,1,1931,19.310000000000617,1.0,0.0,0.38678720085508805,-0.11658755595896125,0.2565104835701191,0.8076458874751611,-0.47771626955927515,7.046560287475586,1.4278846979141235,0
mujoco,slope_forward,1,1,1932,19.32000000000063,1.0,0.0,0.39228186669451304,-0.1056023486790703,0.26728492793494274,0.8667316345605557,-0.9864889673097526,6.554333209991455,1.7664237022399902,0
mujoco,slope_forward,1,1,1933,19.33000000000064,1.0,0.0,0.3975854254789484,-0.09591369429904935,0.2679775151413056,0.9145534606020831,-1.2239630040052591,5.891770362854004,0.8478565216064453,0
mujoco,slope_forward,1,1,1934,19.340000000000654,1.0,0.0,0.4024310889339709,-0.0881320624832492,0.2626515144324624,0.9402492674861649,-1.3630213636208954,5.412376403808594,1.2554786205291748,0
mujoco,slope_forward,1,1,1935,19.350000000000666,1.0,0.0,0.4066341543242012,-0.08252432185895812,0.25434433878146917,0.9564587086656868,-1.3325290247206456,5.075851917266846,1.354913592338562,0
mujoco,slope_forward,1,1,1936,19.360000000000678,1.0,0.0,0.40984996773515514,-0.07871435062406129,0.24531629525224943,0.9710316972927426,-1.1138002246336436,4.982323169708252,0.8223148584365845,0
mujoco,slope_forward,1,1,1937,19.37000000000069,1.0,0.0,0.41180544969873306,-0.0761581183718617,0.23908767960226715,0.9596922339727522,-0.9478366236355446,4.8604865074157715,1.2068569660186768,0
mujoco,slope_forward,1,1,1938,19.380000000000702,1.0,0.0,0.41229519252233976,-0.0741551336527998,0.23595459501090038,0.934087895347776,-0.682425500754325,4.63234281539917,1.145704984664917,0
mujoco,slope_forward,1,1,1939,19.390000000000715,1.0,0.0,0.4111943147672389,-0.070729884173817,0.23748822078635692,0.8873143613761102,-0.11644998644978535,4.245199203491211,2.0767593383789062,0
mujoco,slope_forward,1,1,1940,19.400000000000727,1.0,0.0,0.40856198440215047,-0.06273217657519918,0.2430811409445314,0.8253763519228539,0.5269976075014358,4.205855846405029,2.3317224979400635,0
mujoco,slope_forward,1,1,1941,19.41000000000074,1.0,0.0,0.4045753380975919,-0.04972880494440241,0.24284395225705305,0.7836913373441836,0.9445815319100592,4.508421897888184,2.131255865097046,0
mujoco,slope_forward,1,1,1942,19.42000000000075,1.0,0.0,0.3998183943722214,-0.04146292922387375,0.24075516759827506,0.8050680138366337,1.1351347987516627,4.216668605804443,1.9178173542022705,0
mujoco,slope_forward,1,1,1943,19.430000000000764,1.0,0.0,0.3945746330189964,-0.03657210194507305,0.23141562130585716,0.8264227119614996,1.2082526043745216,4.133742809295654,1.699487328529358,0
mujoco,slope_forward,1,1,1944,19.440000000000776,1.0,0.0,0.38911723163038137,-0.03516878016058287,0.22074676085943654,0.8498540797125994,1.1655628411505035,4.745436668395996,1.559714674949646,0
mujoco,slope_forward,1,1,1945,19.450000000000788,1.0,0.0,0.38340779463012764,-0.034917684818939455,0.2094273322917049,0.8718746437570003,1.3284911712356702,4.955245018005371,0.5552961826324463,0
mujoco,slope_forward,1,1,1946,19.4600000000008,1.0,0.0,0.37733833926806604,-0.036538390227998166,0.20171595029465364,0.868319938886217,1.299653561908537,5.083306789398193,0.5509414076805115,0
mujoco,slope_forward,1,1,1947,19.470000000000812,1.0,0.0,0.37201603780467735,-0.04970604515489813,0.20692078978885906,0.7814263031015415,0.7192180254630731,5.601283550262451,0.7467060685157776,0
mujoco,slope_forward,1,1,1948,19.480000000000825,1.0,0.0,0.3687294970622307,-0.07332964950604673,0.21752206898141788,0.6370533244378823,0.21762015484494068,6.354868412017822,1.5709270238876343,0
mujoco,slope_forward,1,1,1949,19.490000000000837,1.0,0.0,0.3676412380901442,-0.10227311949605569,0.223145020401997,0.5015873581800994,0.005483767704951785,6.788622856140137,1.3021129369735718,0
mujoco,slope_forward,1,1,1950,19.50000000000085,1.0,0.0,0.3680954944225932,-0.13226988135877701,0.21973824755484903,0.38362750535565815,0.005372131656601144,7.086071491241455,1.2126215696334839,0
mujoco,slope_forward,1,1,1951,19.51000000000086,1.0,0.0,0.36856359284150036,-0.15844245918561323,0.20624928071332888,0.36946172969982727,0.4730247775576688,5.756547451019287,2.288972854614258,0
mujoco,slope_forward,1,1,1952,19.520000000000874,1.0,0.0,0.36841047194859095,-0.17270636941169568,0.2147259369314645,0.4161319627786574,0.9430929135701485,4.438902378082275,3.7862212657928467,0
mujoco,slope_forward,1,1,1953,19.530000000000886,1.0,0.0,0.36944897951202627,-0.17558523046831392,0.24010982043261792,0.48639107637396706,0.924606717695596,5.73084831237793,3.6447527408599854,0
mujoco,slope_forward,1,1,1954,19.540000000000898,1.0,0.0,0.37212360836353975,-0.17040388049987576,0.25868526725695423,0.6045302843094621,0.7440979057073165,6.9919939041137695,2.2037689685821533,0
mujoco,slope_forward,1,1,1955,19.55000000000091,1.0,0.0,0.3762918381543802,-0.16273622021268458,0.2791458523283352,0.689999949506801,0.18489548309421935,6.569484710693359,1.2504987716674805,0
mujoco,slope_forward,1,1,1956,19.560000000000922,1.0,0.0,0.38139358575039056,-0.1527229585209991,0.296997067238193,0.7693610548083882,-0.24018816738583473,6.6255059242248535,1.1648367643356323,0
mujoco,slope_forward,1,1,1957,19.570000000000935,1.0,0.0,0.3870320469863895,-0.14276955880442505,0.3112165371134652,0.8242113554585911,-0.6523487522999888,6.144462585449219,1.098975419998169,0
mujoco,slope_forward,1,1,1958,19.580000000000947,1.0,0.0,0.39258662265470495,-0.13344640620073592,0.3157394259462474,0.8711122144114365,-0.8499324207024512,5.558430194854736,0.8307493925094604,0
mujoco,slope_forward,1,1,1959,19.59000000000096,1.0,0.0,0.3978537719459425,-0.1260185489664601,0.31345977843809175,0.8975110964644428,-1.0874126438297722,5.256662368774414,1.5678346157073975,0
mujoco,slope_forward,1,1,1960,19.60000000000097,1.0,0.0,0.4026457582763499,-0.12059953310327473,0.3060485626612421,0.919525272455972,-1.2075333705071194,5.396743297576904,1.2941317558288574,0
mujoco,slope_forward,1,1,1961,19.610000000000984,1.0,0.0,0.40672935485537975,-0.11565295799301242,0.29497967683192,0.9446084647323747,-1.2133796629857485,5.642702579498291,0.8023380637168884,0
mujoco,slope_forward,1,1,1962,19.620000000000996,1.0,0.0,0.4100065866587965,-0.11051597557362444,0.2834271721464031,0.9527648033471368,-1.2589716240937006,5.448801040649414,0.8310325741767883,0
mujoco,slope_forward,1,1,1963,19.630000000001008,1.0,0.0,0.4120863819062881,-0.10747702684247666,0.2714840729272369,0.9475691733972107,-1.1861330145528068,5.10013484954834,0.8170111179351807,0
mujoco,slope_forward,1,1,1964,19.64000000000102,1.0,0.0,0.41271426986298915,-0.10466115572757437,0.26301211179893913,0.9218057227101589,-0.7271384877628139,4.40147590637207,1.524266242980957,0
mujoco,slope_forward,1,1,1965,19.650000000001032,1.0,0.0,0.4116874052750693,-0.10075029086372644,0.2616116439167796,0.8782321903351388,-0.04776283943703773,4.28563117980957,2.3720405101776123,0
mujoco,slope_forward,1,1,1966,19.660000000001045,1.0,0.0,0.4090974462263354,-0.0928219546171381,0.2670679357564373,0.8208466652075584,0.6018727715417099,4.284610748291016,2.0890071392059326,0
mujoco,slope_forward,1,1,1967,19.670000000001057,1.0,0.0,0.4050261227277258,-0.07904840712660206,0.2669220402676001,0.78077804421781,1.0226753297132742,4.409976959228516,1.8849462270736694,0
mujoco,slope_forward,1,1,1968,19.68000000000107,1.0,0.0,0.40008199691921636,-0.068066676406508,0.26533737331546514,0.7738235263680107,1.1260840612257954,4.764688968658447,2.011498212814331,0
mujoco,slope_forward,1,1,1969,19.69000000000108,1.0,0.0,0.3946059686101037,-0.06218829263630457,0.25463974136794937,0.8089054159021759,1.2654927623624503,4.292619705200195,2.1221556663513184,0
mujoco,slope_forward,1,1,1970,19.700000000001094,1.0,0.0,0.3889522376803867,-0.060259110597869314,0.24323085950457243,0.8221063153590924,1.2316754855344554,4.93156623840332,1.5644056797027588,0
mujoco,slope_forward,1,1,1971,19.710000000001106,1.0,0.0,0.38304854059552607,-0.059046596101336044,0.2301509332537598,0.84017785530552,1.4220171809654507,5.259945392608643,0.59931880235672,0
mujoco,slope_forward,1,1,1972,19.720000000001118,1.0,0.0,0.3767656548698392,-0.05906587061017599,0.2192351276667893,0.8567332381109356,1.5265655177308584,5.343602180480957,0.49453005194664,0
mujoco,slope_forward,1,1,1973,19.73000000000113,1.0,0.0,0.3703331837300664,-0.06357269508516886,0.2162430147945928,0.8133032258712312,1.2067350297770996,5.432254791259766,0.28398773074150085,0
mujoco,slope_forward,1,1,1974,19.740000000001142,1.0,0.0,0.36554303534240373,-0.08278832114007668,0.22665231105725414,0.6736223835806321,0.35350422394399916,6.249416828155518,1.560828447341919,0
mujoco,slope_forward,1,1,1975,19.750000000001155,1.0,0.0,0.36318095660065225,-0.11069257646046565,0.23621122217886273,0.5091353767459356,-0.06382745399561163,7.102662086486816,1.6307246685028076,0
mujoco,slope_forward,1,1,1976,19.760000000001167,1.0,0.0,0.36277947552940515,-0.1418704464420134,0.23735217918805243,0.3714074009104542,-0.1771092151277588,7.390541076660156,1.0364922285079956,0
mujoco,slope_forward,1,1,1977,19.77000000000118,1.0,0.0,0.3629448598309917,-0.17126508050052047,0.22836575649756488,0.3185471531521313,0.32656001589895955,6.589295387268066,1.643731713294983,0
mujoco,slope_forward,1,1,1978,19.78000000000119,1.0,0.0,0.36296428168996214,-0.18610241593399976,0.23626667890450315,0.345789293124406,1.2505501461940793,5.159296989440918,3.1206588745117188,0
mujoco,slope_forward,1,1,1979,19.790000000001204,1.0,0.0,0.3638818955277464,-0.18494986085518667,0.2599701944699188,0.42180857274262823,1.3787992672077212,5.453243255615234,3.9069318771362305,0
mujoco,slope_forward,1,1,1980,19.800000000001216,1.0,0.0,0.3662130358711422,-0.1789557139979852,0.2835217474005068,0.5411832896873007,1.0256772172971522,6.761041641235352,2.4096975326538086,0
mujoco,slope_forward,1,1,1981,19.810000000001228,1.0,0.0,0.3699812105437491,-0.17181232688558576,0.30916396501492893,0.6393981013586648,0.40641701573152544,6.884310722351074,1.2837374210357666,0
mujoco,slope_forward,1,1,1982,19.82000000000124,1.0,0.0,0.3749182269724915,-0.16172761517732473,0.33309151996041986,0.7205947384604083,-0.08954164452072283,6.858202934265137,0.6522592902183533,0
mujoco,slope_forward,1,1,1983,19.830000000001252,1.0,0.0,0.3805924591803821,-0.1511950160467811,0.35113932007188775,0.781308142201209,-0.5449357577866882,6.240324974060059,0.804243803024292,0
mujoco,slope_forward,1,1,1984,19.840000000001265,1.0,0.0,0.3863256659266708,-0.1414589044694756,0.36005400921733166,0.8281462737426676,-0.8156826161122798,5.675327777862549,0.89638352394104,0
mujoco,slope_forward,1,1,1985,19.850000000001277,1.0,0.0,0.3918107915162417,-0.13319499522880582,0.36172566524424143,0.8536031891285096,-1.0555861471957007,5.349068641662598,1.3476166725158691,0
mujoco,slope_forward,1,1,1986,19.86000000000129,1.0,0.0,0.39685091264604655,-0.12750201749007908,0.3571357924947774,0.8772656825798101,-1.2636072550312871,5.58552360534668,1.339453101158142,0
mujoco,slope_forward,1,1,1987,19.8700000000013,1.0,0.0,0.40123441165537266,-0.12343959332447808,0.3477665964079098,0.9043379080082179,-1.3723768937281857,6.114624977111816,0.9312765002250671,0
mujoco,slope_forward,1,1,1988,19.880000000001314,1.0,0.0,0.40472614784980465,-0.11882374690324975,0.33496639560369224,0.905324638300259,-1.5164700089862968,6.060538291931152,0.7967621088027954,0
mujoco,slope_forward,1,1,1989,19.890000000001326,1.0,0.0,0.4070623482672246,-0.11488345002629022,0.32178055412787754,0.8977689682585198,-1.498666986319531,5.687173843383789,0.7661063075065613,0
mujoco,slope_forward,1,1,1990,19.900000000001338,1.0,0.0,0.4080180564363308,-0.11067175230392685,0.31037096385670293,0.8781981301635858,-1.136474821942047,5.050429821014404,1.1424003839492798,0
mujoco,slope_forward,1,1,1991,19.91000000000135,1.0,0.0,0.40745416577021176,-0.10611309618317886,0.3052105264910523,0.8489713787171648,-0.5311838560171923,4.548654079437256,1.844175100326538,0
mujoco,slope_forward,1,1,1992,19.920000000001362,1.0,0.0,0.40529267642515693,-0.09943622566908553,0.30793334536481454,0.796507769869152,0.15831272418013198,4.215826034545898,2.08951473236084,0
mujoco,slope_forward,1,1,1993,19.930000000001375,1.0,0.0,0.4016744462697847,-0.08699261296167655,0.3125558105156061,0.7391177922675903,0.7091199720918067,3.9437029361724854,2.0724544525146484,0
mujoco,slope_forward,1,1,1994,19.940000000001387,1.0,0.0,0.39676126621861846,-0.06948218330219715,0.31235076614133434,0.6955403889515807,1.1032359398945826,4.705185890197754,1.962106704711914,0
mujoco,slope_forward,1,1,1995,19.9500000000014,1.0,0.0,0.3910651834452198,-0.05722783335487839,0.3072735156234233,0.710407061021292,1.1986362859153734,4.772078990936279,2.18947172164917,0
mujoco,slope_forward,1,1,1996,19.96000000000141,1.0,0.0,0.38496791487732296,-0.05087115859268632,0.2967135159373754,0.735236499325134,1.3015154259723825,4.823073387145996,1.7967643737792969,0
mujoco,slope_forward,1,1,1997,19.970000000001424,1.0,0.0,0.3785972974652811,-0.04706104141132953,0.282936720070571,0.7521148225419341,1.4097220480812647,5.384552001953125,1.2920268774032593,0
mujoco,slope_forward,1,1,1998,19.980000000001436,1.0,0.0,0.371957832826286,-0.0442404280513147,0.26997582031188755,0.76375505037749,1.5493845352530646,5.800945281982422,0.7005731463432312,0
mujoco,slope_forward,1,1,1999,19.990000000001448,1.0,0.0,0.36595461694706255,-0.052248726831677035,0.2696868098665736,0.6993866589206288,0.9762765787477065,6.022093296051025,0.3877156376838684,0
mujoco,slope_forward,1,1,2000,20.00000000000146,1.0,0.0,0.36212452762338143,-0.07341571697935384,0.2814834147673072,0.5306752609782496,0.2163620870375088,6.8116960525512695,1.6029669046401978,0
